EntityID,volume,Custom cell groups,model
2505318700508100001,6791.412598,4,Model_1
2505318700509100001,3518.543457,4,Model_1
2505318700509100002,4447.753906,4,Model_1
2505318700514100001,3944.55127,8,Model_1
2505318700518100002,6590.808105,14,Model_1
2505318700518100003,10348.71484,14,Model_1
2505318700518100004,3642.339844,14,Model_1
2505318700518100005,3750.979004,14,Model_1
2505318700518100006,4591.236816,14,Model_1
2505318700518100007,3800.298828,14,Model_1
2505318700518100008,7021.958008,14,Model_1
2505318700518100009,12404.45313,14,Model_1
2505318700518100010,6199.401855,14,Model_1
2505318700518100011,1813.731445,14,Model_1
2505318700519100001,5885.996094,14,Model_1
2505318700519100002,4954.726563,14,Model_1
2505318700519100005,37616.80078,14,Model_1
2505318700519100006,4231.990723,14,Model_1
2505318700519100007,3479.543945,14,Model_1
2505318700519100008,8640.012695,14,Model_1
2505318700519100009,2741.337402,14,Model_1
2505318700519100010,4442.710938,14,Model_1
2505318700519100011,4339.742188,14,Model_1
2505318700519100012,5957.208496,14,Model_1
2505318700519100013,8915.555664,14,Model_1
2505318700519100014,3967.893555,14,Model_1
2505318700519100015,5328.216797,14,Model_1
2505318700519100016,3048.922363,14,Model_1
2505318700519100017,4930.15625,14,Model_1
2505318700519100018,4484.961914,14,Model_1
2505318700519100019,7602.708984,14,Model_1
2505318700519100020,7424.896973,14,Model_1
2505318700519100021,7605.645996,14,Model_1
2505318700519100022,4356.654785,14,Model_1
2505318700520100002,2631.570801,14,Model_1
2505318700520100004,2221.196533203125,14,Model_1
2505318700520100005,7938.937012,14,Model_1
2505318700520100006,2630.656494140625,14,Model_1
2505318700520100007,3547.781982421875,14,Model_1
2505318700523100001,5241.398438,29,Model_1
2505318700523100002,2173.775391,29,Model_1
2505318700523100003,2749.449462890625,29,Model_1
2505318700523100004,5730.950684,29,Model_1
2505318700523100005,4608.206055,29,Model_1
2505318700523100006,4205.703125,29,Model_1
2505318700523100007,3290.685059,29,Model_1
2505318700523100008,3734.714599609375,29,Model_1
2505318700523100009,3482.912109,29,Model_1
2505318700523100010,4236.894043,29,Model_1
2505318700523100011,1783.616211,29,Model_1
2505318700523100013,2746.626465,29,Model_1
2505318700523100014,1921.2684326171875,29,Model_1
2505318700523100015,2897.023438,29,Model_1
2505318700523100016,3271.078613,29,Model_1
2505318700523100017,2406.458008,29,Model_1
2505318700523100018,2139.952637,29,Model_1
2505318700523100019,2739.469970703125,29,Model_1
2505318700524100002,3362.931152,29,Model_1
2505318700524100003,1924.3201904296875,29,Model_1
2505318700524100004,3775.105224609375,29,Model_1
2505318700524100005,3368.660888671875,29,Model_1
2505318700524100007,3308.563720703125,29,Model_1
2505318700536100001,6622.63623,4,Model_1
2505318700536100002,6371.894531,4,Model_1
2505318700536100003,4835.276367,4,Model_1
2505318700536100004,10347.65234,4,Model_1
2505318700536100005,6917.426758,4,Model_1
2505318700536100006,5135.02002,4,Model_1
2505318700536100007,5388.416504,4,Model_1
2505318700536100008,2229.900391,4,Model_1
2505318700536100009,5853.928223,4,Model_1
2505318700536100010,7939.935547,4,Model_1
2505318700536100011,7543.711914,4,Model_1
2505318700536100012,4848.51416,4,Model_1
2505318700536100013,5812.384766,4,Model_1
2505318700536100014,6645.277832,4,Model_1
2505318700536100015,10373.15039,4,Model_1
2505318700536100016,6162.079102,4,Model_1
2505318700536100017,12601.35156,4,Model_1
2505318700536100018,7545.404785,4,Model_1
2505318700536100019,4231.300781,4,Model_1
2505318700536100021,4937.430176,4,Model_1
2505318700536100022,3994.894287109375,4,Model_1
2505318700536100023,3312.713623046875,4,Model_1
2505318700536100024,6500.890137,4,Model_1
2505318700536100025,4518.374512,4,Model_1
2505318700536100026,3565.566895,4,Model_1
2505318700537100001,11399.6543,4,Model_1
2505318700537100002,5066.086914,4,Model_1
2505318700537100003,22585.82227,4,Model_1
2505318700537100004,13812.97949,4,Model_1
2505318700537100005,39936.80078,4,Model_1
2505318700537100006,17191.54102,4,Model_1
2505318700537100008,7618.691406,4,Model_1
2505318700537100009,20191.71484,4,Model_1
2505318700537100010,13484.85547,4,Model_1
2505318700537100012,11817.29004,4,Model_1
2505318700537100013,3181.786376953125,4,Model_1
2505318700537100015,9695.483398,4,Model_1
2505318700538100001,3981.771240234375,4,Model_1
2505318700538100002,3837.70166,4,Model_1
2505318700538100003,2245.42334,4,Model_1
2505318700541100001,3873.126953,8,Model_1
2505318700541100003,8527.608398,8,Model_1
2505318700541100004,8026.244141,8,Model_1
2505318700541100005,2298.560791015625,8,Model_1
2505318700541100007,2610.67627,8,Model_1
2505318700541100008,2445.358398,8,Model_1
2505318700542100001,4197.253906,8,Model_1
2505318700542100002,3069.249755859375,8,Model_1
2505318700542100003,2634.682129,8,Model_1
2505318700542100004,6558.873047,8,Model_1
2505318700542100006,5802.742188,8,Model_1
2505318700542100007,2574.194091796875,8,Model_1
2505318700542100008,3498.385009765625,8,Model_1
2505318700542100009,5359.407227,8,Model_1
2505318700542100010,2180.950927734375,8,Model_1
2505318700542100011,4204.330566,8,Model_1
2505318700542100012,1258.4937744140625,8,Model_1
2505318700542100013,3255.499267578125,8,Model_1
2505318700542100014,1339.802246,8,Model_1
2505318700542100015,3341.084228515625,8,Model_1
2505318700542100016,3236.381103515625,8,Model_1
2505318700542100017,2715.720703,8,Model_1
2505318700542100018,3101.854248046875,8,Model_1
2505318700542100019,2267.204833984375,8,Model_1
2505318700542100020,1095.6700439453125,8,Model_1
2505318700542100021,8663.225586,8,Model_1
2505318700542100022,3649.195801,8,Model_1
2505318700542100023,1566.5670166015625,8,Model_1
2505318700542100024,2210.362793,8,Model_1
2505318700542100025,5744.819336,8,Model_1
2505318700542100026,1856.4708251953125,8,Model_1
2505318700542100027,2067.545898,8,Model_1
2505318700542100028,1664.456298828125,8,Model_1
2505318700542100029,2884.569091796875,8,Model_1
2505318700542100030,3086.761719,8,Model_1
2505318700542100031,4294.121094,8,Model_1
2505318700542100032,843.8189086914062,8,Model_1
2505318700542100033,2703.922607421875,8,Model_1
2505318700542100034,4269.563965,8,Model_1
2505318700542100035,2565.898681640625,8,Model_1
2505318700542100036,3721.339355,8,Model_1
2505318700542100037,2932.675537109375,8,Model_1
2505318700542100038,4081.507080078125,8,Model_1
2505318700542100039,2999.892333984375,8,Model_1
2505318700542100040,2534.874023,8,Model_1
2505318700542100041,3721.50293,8,Model_1
2505318700542100042,6903.103516,8,Model_1
2505318700542100043,2364.929199,8,Model_1
2505318700542100044,2428.804199,8,Model_1
2505318700542100045,4794.826172,8,Model_1
2505318700542100046,2786.275391,8,Model_1
2505318700542100047,1229.020751953125,8,Model_1
2505318700542100048,6117.481445,8,Model_1
2505318700542100049,1723.6663818359375,8,Model_1
2505318700542100050,2074.146240234375,8,Model_1
2505318700542100051,1970.765625,8,Model_1
2505318700542100052,1924.199219,8,Model_1
2505318700542100053,3720.111816,8,Model_1
2505318700542100054,4525.139648,8,Model_1
2505318700542100055,5112.425293,8,Model_1
2505318700542100056,4332.437988,8,Model_1
2505318700542100057,8106.949219,8,Model_1
2505318700542100058,2994.623779296875,8,Model_1
2505318700542100059,1314.0333251953125,8,Model_1
2505318700542100060,2495.771973,8,Model_1
2505318700542100061,5214.722656,8,Model_1
2505318700542100062,5596.188965,8,Model_1
2505318700542100063,4689.65625,8,Model_1
2505318700542100064,3297.92041,8,Model_1
2505318700542100065,5947.123047,8,Model_1
2505318700542100066,9281.84375,8,Model_1
2505318700542100067,2339.034423828125,8,Model_1
2505318700542100068,1706.6138916015625,8,Model_1
2505318700542100069,2129.116699,8,Model_1
2505318700542100070,2443.005859,8,Model_1
2505318700542100071,2999.21582,8,Model_1
2505318700542100072,2407.462891,8,Model_1
2505318700542100073,2922.345947265625,8,Model_1
2505318700542100074,3007.130615234375,8,Model_1
2505318700542100075,1897.750732421875,8,Model_1
2505318700542100076,5370.552246,8,Model_1
2505318700542100077,4357.91748,8,Model_1
2505318700542100078,954.859375,8,Model_1
2505318700542100079,1600.945313,8,Model_1
2505318700542100080,1983.9840087890625,8,Model_1
2505318700542100081,3757.429688,8,Model_1
2505318700542100082,4071.552978515625,8,Model_1
2505318700542100083,3842.723145,8,Model_1
2505318700542100084,4179.097656,8,Model_1
2505318700542100085,3200.172607421875,8,Model_1
2505318700542100086,2234.006836,8,Model_1
2505318700542100087,5312.773926,8,Model_1
2505318700542100088,3013.140625,8,Model_1
2505318700542100089,5308.473145,8,Model_1
2505318700542100090,4002.784912109375,8,Model_1
2505318700542100091,3362.584473,8,Model_1
2505318700542100092,6020.162598,8,Model_1
2505318700542100093,4828.069824,8,Model_1
2505318700542100094,10674.43457,8,Model_1
2505318700542100095,5479.120605,8,Model_1
2505318700542100096,4093.415283203125,8,Model_1
2505318700542100097,8805.548828,8,Model_1
2505318700542100098,6933.705566,8,Model_1
2505318700542100099,8807.806641,8,Model_1
2505318700542100100,2779.20166,8,Model_1
2505318700542100101,4887.604492,8,Model_1
2505318700542100102,2731.254395,8,Model_1
2505318700542100103,2140.144043,8,Model_1
2505318700542100104,8639.283203,8,Model_1
2505318700542100105,5402.865234,8,Model_1
2505318700542100107,3940.226563,8,Model_1
2505318700543100004,8272.994141,8,Model_1
2505318700543100006,5901.849609,8,Model_1
2505318700543100008,4120.177734,8,Model_1
2505318700543100009,2196.408691,8,Model_1
2505318700545100001,3370.275634765625,14,Model_1
2505318700545100002,4124.949219,14,Model_1
2505318700545100003,9939.330078,14,Model_1
2505318700545100004,5980.536621,14,Model_1
2505318700545100005,7481.713379,14,Model_1
2505318700545100006,1853.402344,14,Model_1
2505318700545100007,5238.5625,14,Model_1
2505318700545100008,4407.147949,14,Model_1
2505318700545100009,7823.135254,14,Model_1
2505318700545100010,11756.61426,14,Model_1
2505318700545100012,9676.201172,14,Model_1
2505318700545100013,3025.75293,14,Model_1
2505318700545100014,4927.144043,14,Model_1
2505318700545100016,5448.060547,14,Model_1
2505318700546100002,18429.64258,14,Model_1
2505318700546100004,2810.064208984375,14,Model_1
2505318700546100005,9405.938477,14,Model_1
2505318700546100006,3075.307617,14,Model_1
2505318700546100007,4380.373047,14,Model_1
2505318700546100008,3117.888427734375,14,Model_1
2505318700546100009,9120.855469,14,Model_1
2505318700546100011,7980.26416,14,Model_1
2505318700546100012,5424.992676,14,Model_1
2505318700546100013,12596.19629,14,Model_1
2505318700546100014,20113.42969,14,Model_1
2505318700546100015,4107.150391,14,Model_1
2505318700546100016,8625.625977,14,Model_1
2505318700546100019,3025.253418,14,Model_1
2505318700547100004,9698.891602,14,Model_1
2505318700547100005,8705.541016,14,Model_1
2505318700547100006,7232.498047,14,Model_1
2505318700547100007,6434.745117,14,Model_1
2505318700547100008,10321.18066,14,Model_1
2505318700547100009,11301.0332,14,Model_1
2505318700547100011,12235.88867,14,Model_1
2505318700547100012,4103.17334,14,Model_1
2505318700547100014,3425.197509765625,14,Model_1
2505318700547100016,15921.09766,14,Model_1
2505318700547100017,16072.13965,14,Model_1
2505318700547100018,4573.404785,14,Model_1
2505318700548100003,8168.749512,14,Model_1
2505318700548100004,3140.53125,14,Model_1
2505318700548100005,6628.782715,14,Model_1
2505318700548100006,4392.604004,14,Model_1
2505318700548100007,5590.913574,14,Model_1
2505318700548100008,3186.183349609375,14,Model_1
2505318700548100009,6340.80127,14,Model_1
2505318700548100010,3940.118896484375,14,Model_1
2505318700548100011,2324.84668,14,Model_1
2505318700548100012,5887.196777,14,Model_1
2505318700548100013,5473.70166,14,Model_1
2505318700548100014,11431.13379,14,Model_1
2505318700548100015,4457.417969,14,Model_1
2505318700548100016,10813.22266,14,Model_1
2505318700550100001,5514.347168,29,Model_1
2505318700550100003,5568.318359,29,Model_1
2505318700550100004,3599.989990234375,29,Model_1
2505318700550100005,3531.210693359375,29,Model_1
2505318700550100006,4259.769043,29,Model_1
2505318700550100007,3683.489501953125,29,Model_1
2505318700550100008,4669.859375,29,Model_1
2505318700550100009,4718.325195,29,Model_1
2505318700550100010,3835.337158203125,29,Model_1
2505318700550100011,3637.740966796875,29,Model_1
2505318700550100012,4563.868652,29,Model_1
2505318700550100013,3941.781005859375,29,Model_1
2505318700550100014,7125.621094,29,Model_1
2505318700550100015,4493.769531,29,Model_1
2505318700550100016,2942.536133,29,Model_1
2505318700550100017,5116.641602,29,Model_1
2505318700550100018,3361.241211,29,Model_1
2505318700550100019,4679.479492,29,Model_1
2505318700550100021,4079.527832,29,Model_1
2505318700550100022,4161.229004,29,Model_1
2505318700550100023,7632.712891,29,Model_1
2505318700550100024,3959.224365234375,29,Model_1
2505318700550100025,2530.240234,29,Model_1
2505318700550100026,4834.716797,29,Model_1
2505318700550100027,3580.553711,29,Model_1
2505318700550100028,4889.182129,29,Model_1
2505318700550100030,2811.282958984375,29,Model_1
2505318700551100010,3770.475341796875,29,Model_1
2505318700551100011,3240.805419921875,29,Model_1
2505318700551100012,4999.368164,29,Model_1
2505318700551100013,3850.02002,29,Model_1
2505318700551100014,3659.486816,29,Model_1
2505318700551100015,4407.973145,29,Model_1
2505318700551100016,4115.477051,29,Model_1
2505318700551100018,2170.796142578125,29,Model_1
2505318700551100019,7479.029785,29,Model_1
2505318700551100020,3014.461914,29,Model_1
2505318700551100021,6160.442383,29,Model_1
2505318700551100022,3742.834228515625,29,Model_1
2505318700551100023,4356.40625,29,Model_1
2505318700551100024,5678.34375,29,Model_1
2505318700551100026,4686.162598,29,Model_1
2505318700551100027,7861.078125,29,Model_1
2505318700551100028,3450.271484,29,Model_1
2505318700551100030,8074.256348,29,Model_1
2505318700551100031,3629.351563,29,Model_1
2505318700551100032,4900.864746,29,Model_1
2505318700551100033,3893.243896484375,29,Model_1
2505318700551100034,7682.464355,29,Model_1
2505318700551100035,8743.629883,29,Model_1
2505318700551100036,11718.46289,29,Model_1
2505318700551100037,5769.479492,29,Model_1
2505318700551100038,8418.844727,29,Model_1
2505318700551100039,6156.616699,29,Model_1
2505318700551100040,5540.113281,29,Model_1
2505318700551100041,9181.290039,29,Model_1
2505318700551100042,6026.295898,29,Model_1
2505318700551100043,4375.638184,29,Model_1
2505318700551100045,5717.143066,29,Model_1
2505318700551100046,13583.09766,29,Model_1
2505318700551100047,7142.165039,29,Model_1
2505318700552100005,2097.433349609375,29,Model_1
2505318700552100006,4587.805664,29,Model_1
2505318700552100007,3617.488037109375,29,Model_1
2505318700552100008,7377.60791,29,Model_1
2505318700552100009,4773.95459,29,Model_1
2505318700552100010,3314.688477,29,Model_1
2505318700552100011,4619.743652,29,Model_1
2505318700552100012,3937.860352,29,Model_1
2505318700552100013,4738.572266,29,Model_1
2505318700552100014,3761.79248,29,Model_1
2505318700552100015,5377.852539,29,Model_1
2505318700552100016,4526.372559,29,Model_1
2505318700552100017,4621.708008,29,Model_1
2505318700552100018,5050.479004,29,Model_1
2505318700552100019,3919.729736328125,29,Model_1
2505318700552100020,5980.613281,29,Model_1
2505318700552100021,2215.866943359375,29,Model_1
2505318700552100022,5584.511719,29,Model_1
2505318700552100023,3400.456055,29,Model_1
2505318700552100024,2301.641845703125,29,Model_1
2505318700552100025,2118.667969,29,Model_1
2505318700552100026,2907.393798828125,29,Model_1
2505318700552100027,4800.295898,29,Model_1
2505318700552100028,4875.572754,29,Model_1
2505318700552100029,7186.299805,29,Model_1
2505318700552100030,4183.416504,29,Model_1
2505318700552100031,6051.82959,29,Model_1
2505318700552100032,4143.244629,29,Model_1
2505318700552100033,2490.969727,29,Model_1
2505318700552100035,4242.35498,29,Model_1
2505318700552100036,2781.886962890625,29,Model_1
2505318700552100037,3407.40918,29,Model_1
2505318700552100038,3076.626220703125,29,Model_1
2505318700552100039,2777.82373,29,Model_1
2505318700552100040,4042.620361328125,29,Model_1
2505318700552100041,3954.262207,29,Model_1
2505318700552100042,2519.905273,29,Model_1
2505318700552100043,3318.466552734375,29,Model_1
2505318700552100044,5376.285645,29,Model_1
2505318700552100045,2130.677490234375,29,Model_1
2505318700552100046,4612.211426,29,Model_1
2505318700552100047,2192.525391,29,Model_1
2505318700552100048,3497.060302734375,29,Model_1
2505318700552100049,1709.0184326171875,29,Model_1
2505318700552100050,5604.916504,29,Model_1
2505318700552100051,3271.268310546875,29,Model_1
2505318700552100052,1638.240966796875,29,Model_1
2505318700552100053,2507.657715,29,Model_1
2505318700552100054,2119.351318359375,29,Model_1
2505318700552100055,3801.705322265625,29,Model_1
2505318700552100056,2854.325439453125,29,Model_1
2505318700552100057,2394.927001953125,29,Model_1
2505318700552100058,5640.179688,29,Model_1
2505318700552100059,4265.522949,29,Model_1
2505318700552100060,5038.869141,29,Model_1
2505318700552100061,2840.41748,29,Model_1
2505318700552100062,907.4935913085938,29,Model_1
2505318700552100063,4649.885254,29,Model_1
2505318700552100064,2064.187744140625,29,Model_1
2505318700552100065,5415.6875,29,Model_1
2505318700552100066,3481.279052734375,29,Model_1
2505318700552100067,2872.339599609375,29,Model_1
2505318700552100068,5090.595703,29,Model_1
2505318700552100069,1753.4281005859375,29,Model_1
2505318700552100070,1338.152099609375,29,Model_1
2505318700552100071,2519.175048828125,29,Model_1
2505318700552100072,1821.0736083984375,29,Model_1
2505318700552100073,6044.415039,29,Model_1
2505318700552100074,1781.539306640625,29,Model_1
2505318700552100075,3245.000977,29,Model_1
2505318700552100076,4082.114501953125,29,Model_1
2505318700552100077,5064.615723,29,Model_1
2505318700552100078,3021.218017578125,29,Model_1
2505318700552100079,5421.917969,29,Model_1
2505318700552100080,2274.563232421875,29,Model_1
2505318700552100081,3923.306884765625,29,Model_1
2505318700552100082,2754.280029296875,29,Model_1
2505318700552100083,2947.776123046875,29,Model_1
2505318700552100084,3738.17041,29,Model_1
2505318700552100085,3614.313477,29,Model_1
2505318700552100086,6259.82959,29,Model_1
2505318700552100087,1089.6253662109375,29,Model_1
2505318700552100088,939.5926513671876,29,Model_1
2505318700552100089,4623.75293,29,Model_1
2505318700552100090,2297.296142578125,29,Model_1
2505318700552100091,2781.548583984375,29,Model_1
2505318700552100092,1719.395996,29,Model_1
2505318700552100093,7911.796875,29,Model_1
2505318700552100094,4809.543457,29,Model_1
2505318700552100095,2321.352294921875,29,Model_1
2505318700552100096,2486.934326171875,29,Model_1
2505318700552100098,2065.833496,29,Model_1
2505318700552100099,4115.811035,29,Model_1
2505318700552100100,4343.240723,29,Model_1
2505318700552100101,6229.029297,29,Model_1
2505318700552100102,2198.856445,29,Model_1
2505318700552100103,1999.7176513671875,29,Model_1
2505318700552100104,1990.604004,29,Model_1
2505318700552100105,3755.821044921875,29,Model_1
2505318700552100106,2149.315918,29,Model_1
2505318700552100107,5075.866211,29,Model_1
2505318700552100108,3421.295654296875,29,Model_1
2505318700552100109,2601.969970703125,29,Model_1
2505318700552100110,4265.01416,29,Model_1
2505318700552100111,4228.224609,29,Model_1
2505318700552100112,1538.7999267578125,29,Model_1
2505318700552100113,4720.790039,29,Model_1
2505318700552100114,2507.381103515625,29,Model_1
2505318700552100115,917.5736083984376,29,Model_1
2505318700552100116,3885.759033203125,29,Model_1
2505318700552100117,2486.708984,29,Model_1
2505318700552100123,862.541748,29,Model_1
2505318700553100004,2704.974121,29,Model_1
2505318700553100006,3235.498047,29,Model_1
2505318700553100008,1923.374023,29,Model_1
2505318700555100002,4892.297852,32,Model_1
2505318700555100004,3360.156494140625,32,Model_1
2505318700555100006,4034.877197265625,32,Model_1
2505318700555100007,1965.786865234375,32,Model_1
2505318700555100009,3746.623535,32,Model_1
2505318700555100010,2930.721923828125,32,Model_1
2505318700555100011,600.8353881835938,32,Model_1
2505318700555100013,1188.881836,32,Model_1
2505318700555100014,2052.700684,32,Model_1
2505318700555100015,2894.61084,32,Model_1
2505318700555100016,2165.242188,32,Model_1
2505318700555100017,3597.321533203125,32,Model_1
2505318700555100019,1846.2884521484375,32,Model_1
2505318700555100020,801.5852661132812,32,Model_1
2505318700556100001,4668.779785,32,Model_1
2505318700556100002,1942.5184326171875,32,Model_1
2505318700556100003,2090.197754,32,Model_1
2505318700556100004,4660.353027,32,Model_1
2505318700556100005,2933.035888671875,32,Model_1
2505318700556100006,2653.113037109375,32,Model_1
2505318700556100007,2810.621826171875,32,Model_1
2505318700556100008,2477.36377,32,Model_1
2505318700556100009,2266.652832,32,Model_1
2505318700556100010,1496.3228759765625,32,Model_1
2505318700556100012,4209.919922,32,Model_1
2505318700556100013,1872.6031494140625,32,Model_1
2505318700556100014,1616.979248046875,32,Model_1
2505318700556100015,1591.147461,32,Model_1
2505318700556100016,2529.344727,32,Model_1
2505318700556100017,2599.916748046875,32,Model_1
2505318700556100018,1395.4400634765625,32,Model_1
2505318700556100019,1882.4593505859375,32,Model_1
2505318700556100020,3685.495117,32,Model_1
2505318700556100021,1420.956543,32,Model_1
2505318700556100022,2779.442871,32,Model_1
2505318700556100023,2417.532958984375,32,Model_1
2505318700556100024,3532.591309,32,Model_1
2505318700556100025,2572.276367,32,Model_1
2505318700556100026,1648.3643798828125,32,Model_1
2505318700556100027,2389.247559,32,Model_1
2505318700556100028,2422.045166015625,32,Model_1
2505318700556100029,2197.814941,32,Model_1
2505318700556100030,1936.8089599609375,32,Model_1
2505318700556100031,3628.968017578125,32,Model_1
2505318700556100032,1557.4852294921875,32,Model_1
2505318700556100033,1311.3763427734375,32,Model_1
2505318700556100034,3592.881836,32,Model_1
2505318700556100035,1317.013916015625,32,Model_1
2505318700556100036,1689.9713134765625,32,Model_1
2505318700556100037,1689.718505859375,32,Model_1
2505318700556100038,1608.4769287109375,32,Model_1
2505318700556100039,2431.276123046875,32,Model_1
2505318700556100040,1608.393066,32,Model_1
2505318700556100041,2197.85791,32,Model_1
2505318700556100042,594.8945922851562,32,Model_1
2505318700556100043,2492.318603515625,32,Model_1
2505318700556100044,2316.856201171875,32,Model_1
2505318700556100045,1286.7435302734375,32,Model_1
2505318700556100046,2799.358887,32,Model_1
2505318700556100048,3025.450927734375,32,Model_1
2505318700556100049,2624.536621,32,Model_1
2505318700556100050,1199.405273,32,Model_1
2505318700556100051,3145.667724609375,32,Model_1
2505318700556100052,2841.595947265625,32,Model_1
2505318700556100053,850.7554321289062,32,Model_1
2505318700556100054,2282.606445,32,Model_1
2505318700556100055,4573.982422,32,Model_1
2505318700556100056,1824.016845703125,32,Model_1
2505318700556100057,4019.741455078125,32,Model_1
2505318700556100058,2720.895996,32,Model_1
2505318700556100059,4074.371094,32,Model_1
2505318700556100060,1278.1304931640625,32,Model_1
2505318700556100061,3771.487793,32,Model_1
2505318700556100062,2253.881836,32,Model_1
2505318700556100063,2629.693115234375,32,Model_1
2505318700556100064,3712.649169921875,32,Model_1
2505318700556100065,2084.845458984375,32,Model_1
2505318700556100066,3281.48584,32,Model_1
2505318700556100067,3581.101806640625,32,Model_1
2505318700556100068,2643.797607421875,32,Model_1
2505318700556100069,1208.240723,32,Model_1
2505318700556100070,5086.663574,32,Model_1
2505318700556100071,2942.138184,32,Model_1
2505318700556100072,1863.072021484375,32,Model_1
2505318700556100074,1635.2322998046875,32,Model_1
2505318700556100075,4172.467285,32,Model_1
2505318700556100076,3239.740723,32,Model_1
2505318700556100077,1237.077148,32,Model_1
2505318700556100078,3257.359619140625,32,Model_1
2505318700556100079,4885.8125,32,Model_1
2505318700556100080,3413.991455078125,32,Model_1
2505318700556100081,5343.67627,32,Model_1
2505318700556100082,2030.3458251953125,32,Model_1
2505318700556100083,1885.286133,32,Model_1
2505318700556100084,2190.438720703125,32,Model_1
2505318700556100085,2538.30127,32,Model_1
2505318700556100087,1960.603759765625,32,Model_1
2505318700556100088,2840.689941,32,Model_1
2505318700556100089,2204.396973,32,Model_1
2505318700556100090,1750.9530029296875,32,Model_1
2505318700556100091,2069.458984,32,Model_1
2505318700556100092,2764.741455078125,32,Model_1
2505318700556100093,1426.594238,32,Model_1
2505318700556100095,1129.420166015625,32,Model_1
2505318700556100096,1484.0819091796875,32,Model_1
2505318700556100097,2378.068603515625,32,Model_1
2505318700556100098,3132.255371,32,Model_1
2505318700556100100,1311.168945,32,Model_1
2505318700556100101,1486.3890380859375,32,Model_1
2505318700556100102,4368.494629,32,Model_1
2505318700556100103,2028.5665283203125,32,Model_1
2505318700556100104,6706.605469,32,Model_1
2505318700556100105,2614.463134765625,32,Model_1
2505318700556100106,943.0529785,32,Model_1
2505318700556100107,2735.559326171875,32,Model_1
2505318700556100109,5067.632813,32,Model_1
2505318700556100110,1266.465576171875,32,Model_1
2505318700556100112,2790.188477,32,Model_1
2505318700557100002,3115.069824,32,Model_1
2505318700557100003,4086.017822265625,32,Model_1
2505318700557100004,2412.36377,32,Model_1
2505318700557100005,2662.071044921875,32,Model_1
2505318700557100007,2003.8687744140625,32,Model_1
2505318700557100008,4582.206543,32,Model_1
2505318700557100009,3455.571289,32,Model_1
2505318700557100010,2241.817626953125,32,Model_1
2505318700557100012,2347.496094,32,Model_1
2505318700557100013,2025.247314453125,32,Model_1
2505318700557100014,1500.061279296875,32,Model_1
2505318700557100015,3548.030029296875,32,Model_1
2505318700557100016,2405.493408203125,32,Model_1
2505318700557100017,6495.69873,32,Model_1
2505318700557100018,2558.935547,32,Model_1
2505318700557100019,2870.609619140625,32,Model_1
2505318700557100020,3536.961914,32,Model_1
2505318700557100022,2146.125244140625,32,Model_1
2505318700557100023,3083.225586,32,Model_1
2505318700557100024,5225.057129,32,Model_1
2505318700557100025,3214.074707,32,Model_1
2505318700557100026,4976.257324,32,Model_1
2505318700557100027,4534.547852,32,Model_1
2505318700557100028,2362.850341796875,32,Model_1
2505318700557100029,2239.248535,32,Model_1
2505318700557100030,1605.7855224609375,32,Model_1
2505318700557100031,10073.89844,32,Model_1
2505318700557100032,4816.367188,32,Model_1
2505318700557100033,4016.418945,32,Model_1
2505318700557100034,2258.927001953125,32,Model_1
2505318700557100035,3632.590332,32,Model_1
2505318700557100036,1972.268555,32,Model_1
2505318700557100037,5134.428711,32,Model_1
2505318700557100038,1794.269775390625,32,Model_1
2505318700557100039,3825.84082,32,Model_1
2505318700557100040,2919.763916015625,32,Model_1
2505318700557100041,1845.328369140625,32,Model_1
2505318700557100042,2815.924560546875,32,Model_1
2505318700557100043,5141.723633,32,Model_1
2505318700557100044,4837.00293,32,Model_1
2505318700557100045,3325.880859,32,Model_1
2505318700557100046,1565.966797,32,Model_1
2505318700557100047,954.3972778320312,32,Model_1
2505318700557100048,1479.141113,32,Model_1
2505318700557100049,4545.509277,32,Model_1
2505318700557100050,1425.5384521484375,32,Model_1
2505318700557100051,2899.4375,32,Model_1
2505318700557100052,2648.491211,32,Model_1
2505318700557100053,4612.852051,32,Model_1
2505318700557100054,1453.264404296875,32,Model_1
2505318700557100055,3453.995605,32,Model_1
2505318700557100056,1046.812988,32,Model_1
2505318700557100057,2977.758789,32,Model_1
2505318700557100058,3096.237793,32,Model_1
2505318700557100059,2927.549805,32,Model_1
2505318700557100060,1868.7833251953125,32,Model_1
2505318700557100061,1634.4527587890625,32,Model_1
2505318700557100062,1646.1837158203125,32,Model_1
2505318700557100063,4053.699951171875,32,Model_1
2505318700557100064,880.6701049804688,32,Model_1
2505318700557100065,1489.1495361328125,32,Model_1
2505318700557100066,3198.353516,32,Model_1
2505318700557100067,2592.208251953125,32,Model_1
2505318700557100068,1903.3438720703125,32,Model_1
2505318700557100069,2134.651123046875,32,Model_1
2505318700557100070,2362.537841796875,32,Model_1
2505318700557100071,2344.706298828125,32,Model_1
2505318700557100072,2574.479248046875,32,Model_1
2505318700557100073,3352.434814453125,32,Model_1
2505318700557100074,1733.9039306640625,32,Model_1
2505318700557100075,2310.118652,32,Model_1
2505318700557100076,5020.615723,32,Model_1
2505318700557100077,2513.29248,32,Model_1
2505318700557100078,2454.740723,32,Model_1
2505318700557100079,2034.1026611328125,32,Model_1
2505318700557100080,1644.3531494140625,32,Model_1
2505318700557100081,2827.054443359375,32,Model_1
2505318700557100082,5298.998047,32,Model_1
2505318700557100083,831.9114379882812,32,Model_1
2505318700557100084,1722.0675048828125,32,Model_1
2505318700557100085,3996.246582,32,Model_1
2505318700557100087,2612.548095703125,32,Model_1
2505318700557100088,1726.516113,32,Model_1
2505318700557100089,981.5900879,32,Model_1
2505318700557100090,1363.4219970703125,32,Model_1
2505318700557100091,2495.406738,32,Model_1
2505318700557100092,4585.90918,32,Model_1
2505318700557100093,1549.511719,32,Model_1
2505318700557100094,3794.001953,32,Model_1
2505318700557100095,2517.080322265625,32,Model_1
2505318700557100096,1881.3758544921875,32,Model_1
2505318700557100097,1009.0726318359376,32,Model_1
2505318700557100098,1564.7366943359375,32,Model_1
2505318700557100099,2422.335938,32,Model_1
2505318700557100100,2106.052490234375,32,Model_1
2505318700557100101,3885.822021484375,32,Model_1
2505318700557100102,2499.208496,32,Model_1
2505318700557100103,792.2051391601562,32,Model_1
2505318700557100104,3631.856445,32,Model_1
2505318700557100105,1283.4505615234375,32,Model_1
2505318700557100107,2921.158935546875,32,Model_1
2505318700557100108,1443.3260498046875,32,Model_1
2505318700557100109,1613.3443603515625,32,Model_1
2505318700557100110,1572.5828857421875,32,Model_1
2505318700557100112,1823.789551,32,Model_1
2505318700557100114,1889.6163330078125,32,Model_1
2505318700557100117,1020.3734741210938,32,Model_1
2505318700557100119,1492.390869140625,32,Model_1
2505318700557100121,1698.601563,32,Model_1
2505318700564100008,7889.063965,4,Model_1
2505318700564100009,3215.096191,4,Model_1
2505318700564100010,10259.62109,4,Model_1
2505318700564100011,8762.107422,4,Model_1
2505318700564100012,12992.43848,4,Model_1
2505318700564100013,12458.24316,4,Model_1
2505318700564100015,9589.080078,4,Model_1
2505318700564100016,7326.87207,4,Model_1
2505318700564100017,13762.77734,4,Model_1
2505318700564100018,8893.830078,4,Model_1
2505318700564100019,8723.161133,4,Model_1
2505318700564100020,17979.87891,4,Model_1
2505318700564100021,3113.341064453125,4,Model_1
2505318700564100022,15040.16992,4,Model_1
2505318700564100023,3763.455810546875,4,Model_1
2505318700564100024,4997.529297,4,Model_1
2505318700564100025,15597.29297,4,Model_1
2505318700564100026,6034.90625,4,Model_1
2505318700564100027,12582.16602,4,Model_1
2505318700564100028,13359.37109,4,Model_1
2505318700564100029,4542.140625,4,Model_1
2505318700564100030,3722.429443359375,4,Model_1
2505318700564100031,4953.84668,4,Model_1
2505318700564100032,12639.82617,4,Model_1
2505318700564100033,10566.78223,4,Model_1
2505318700564100034,12615.40234,4,Model_1
2505318700564100035,7935.101563,4,Model_1
2505318700564100036,2965.907958984375,4,Model_1
2505318700564100038,5591.15332,4,Model_1
2505318700564100039,2132.335205078125,4,Model_1
2505318700564100041,12531.55273,4,Model_1
2505318700564100042,5199.769531,4,Model_1
2505318700564100043,2521.937744140625,4,Model_1
2505318700564100044,7207.629395,4,Model_1
2505318700564100045,6056.912598,4,Model_1
2505318700564100046,7669.257813,4,Model_1
2505318700564100047,5631.34082,4,Model_1
2505318700564100048,4912.658203,4,Model_1
2505318700564100049,2907.986083984375,4,Model_1
2505318700564100050,23470.34961,4,Model_1
2505318700564100051,7621.81543,4,Model_1
2505318700564100052,1382.7457275390625,4,Model_1
2505318700564100053,9486.65918,4,Model_1
2505318700564100054,12249.80078,4,Model_1
2505318700564100055,9491.287109,4,Model_1
2505318700564100056,4607.572266,4,Model_1
2505318700564100057,3198.664063,4,Model_1
2505318700564100059,5357.800781,4,Model_1
2505318700564100060,6578.52002,4,Model_1
2505318700564100061,7615.757324,4,Model_1
2505318700564100062,2226.942383,4,Model_1
2505318700564100063,1939.1876220703125,4,Model_1
2505318700564100064,8837.751953,4,Model_1
2505318700564100065,4133.055176,4,Model_1
2505318700564100066,6552.416016,4,Model_1
2505318700564100067,6313.578125,4,Model_1
2505318700564100068,5015.771973,4,Model_1
2505318700564100069,5552.786621,4,Model_1
2505318700564100070,7117.064941,4,Model_1
2505318700564100071,16931.12695,4,Model_1
2505318700564100072,4317.750977,4,Model_1
2505318700564100073,5762.90625,4,Model_1
2505318700564100074,3013.194824,4,Model_1
2505318700564100075,8559.666016,4,Model_1
2505318700564100076,9772.073242,4,Model_1
2505318700564100077,18737.37695,4,Model_1
2505318700564100078,4742.166504,4,Model_1
2505318700564100079,3033.769287109375,4,Model_1
2505318700564100080,11098.20508,4,Model_1
2505318700564100081,7498.686035,4,Model_1
2505318700564100082,4379.217773,4,Model_1
2505318700564100083,4541.859863,4,Model_1
2505318700564100084,5405.788086,4,Model_1
2505318700564100085,4592.516602,4,Model_1
2505318700564100086,4610.801758,4,Model_1
2505318700564100087,3895.934814453125,4,Model_1
2505318700564100088,15011.19336,4,Model_1
2505318700565100004,4839.004883,4,Model_1
2505318700565100005,23914.74609,4,Model_1
2505318700565100007,13699.3418,4,Model_1
2505318700565100008,19477.64258,4,Model_1
2505318700565100009,19199.4375,4,Model_1
2505318700565100010,1521.6776123046875,4,Model_1
2505318700565100011,12169.66406,4,Model_1
2505318700565100012,8418.762695,4,Model_1
2505318700565100013,19464.0918,4,Model_1
2505318700565100014,2884.395508,4,Model_1
2505318700565100016,31522.38281,4,Model_1
2505318700565100017,14924.31152,4,Model_1
2505318700565100018,14848.58984,4,Model_1
2505318700565100019,11029.2959,4,Model_1
2505318700565100020,5664.284668,4,Model_1
2505318700565100021,17666.79492,4,Model_1
2505318700565100022,10082.91797,4,Model_1
2505318700565100023,17337.76172,4,Model_1
2505318700565100024,9741.910156,4,Model_1
2505318700565100025,7222.26416,4,Model_1
2505318700565100026,26654.64648,4,Model_1
2505318700565100028,13117.40332,4,Model_1
2505318700565100029,24771.86328,4,Model_1
2505318700566100001,2613.162109,4,Model_1
2505318700566100002,6051.862305,4,Model_1
2505318700566100003,1550.8253173828125,4,Model_1
2505318700566100005,5889.996094,4,Model_1
2505318700566100006,7009.782715,4,Model_1
2505318700566100007,8404.608398,4,Model_1
2505318700566100008,7067.28418,4,Model_1
2505318700566100009,5037.612305,4,Model_1
2505318700569100001,4969.424805,8,Model_1
2505318700569100002,6158.307617,8,Model_1
2505318700569100003,7358.61377,8,Model_1
2505318700569100004,7407.726563,8,Model_1
2505318700569100005,1903.748535,8,Model_1
2505318700569100006,17448.97266,8,Model_1
2505318700569100007,17727.78906,8,Model_1
2505318700569100008,12079.67871,8,Model_1
2505318700569100009,7993.732422,8,Model_1
2505318700569100010,4499.337891,8,Model_1
2505318700569100011,18469.44727,8,Model_1
2505318700569100012,7029.675781,8,Model_1
2505318700569100013,12359.68164,8,Model_1
2505318700569100014,9164.113281,8,Model_1
2505318700569100015,2166.477294921875,8,Model_1
2505318700569100016,1834.5755615234375,8,Model_1
2505318700569100017,6530.928711,8,Model_1
2505318700569100018,2960.906982421875,8,Model_1
2505318700569100021,2893.397949,8,Model_1
2505318700569100022,3420.163574,8,Model_1
2505318700569100023,5062.081055,8,Model_1
2505318700570100004,6722.930176,8,Model_1
2505318700570100005,3777.171142578125,8,Model_1
2505318700570100006,5278.330078,8,Model_1
2505318700570100007,5106.274414,8,Model_1
2505318700570100008,4640.60498,8,Model_1
2505318700570100009,2722.47998,8,Model_1
2505318700570100010,6204.084961,8,Model_1
2505318700570100011,7739.511719,8,Model_1
2505318700570100012,1784.3592529296875,8,Model_1
2505318700570100013,5888.611328,8,Model_1
2505318700570100014,1667.585205078125,8,Model_1
2505318700570100015,4527.820801,8,Model_1
2505318700570100016,2101.518555,8,Model_1
2505318700570100017,4335.651855,8,Model_1
2505318700570100018,2054.869873046875,8,Model_1
2505318700570100019,4253.702148,8,Model_1
2505318700570100020,4618.043457,8,Model_1
2505318700570100022,4302.456543,8,Model_1
2505318700570100023,2269.469970703125,8,Model_1
2505318700570100024,6106.766602,8,Model_1
2505318700570100025,3593.732422,8,Model_1
2505318700570100026,7577.993652,8,Model_1
2505318700570100027,12222.22266,8,Model_1
2505318700570100028,4020.422852,8,Model_1
2505318700570100029,7047.457031,8,Model_1
2505318700570100030,4496.230469,8,Model_1
2505318700570100032,2775.73584,8,Model_1
2505318700571100003,1699.124512,8,Model_1
2505318700571100004,3309.267578,8,Model_1
2505318700571100005,9834.064453,8,Model_1
2505318700571100006,3193.888672,8,Model_1
2505318700571100008,1622.0867919921875,8,Model_1
2505318700571100009,4868.67334,8,Model_1
2505318700571100010,4113.544434,8,Model_1
2505318700571100011,10759.21094,8,Model_1
2505318700571100013,2349.481445,8,Model_1
2505318700571100014,2173.357177734375,8,Model_1
2505318700571100016,7068.449707,8,Model_1
2505318700571100017,2256.168945,8,Model_1
2505318700571100018,3819.300048828125,8,Model_1
2505318700571100019,6537.727051,8,Model_1
2505318700571100020,7368.775879,8,Model_1
2505318700571100021,4847.099609,8,Model_1
2505318700571100022,8449.71875,8,Model_1
2505318700571100023,3554.370605,8,Model_1
2505318700571100024,7172.162109,8,Model_1
2505318700571100025,5649.274902,8,Model_1
2505318700571100027,2736.427978515625,8,Model_1
2505318700573100002,1570.9342041015625,14,Model_1
2505318700573100003,7876.250488,14,Model_1
2505318700573100004,12025.05273,14,Model_1
2505318700573100005,3913.929688,14,Model_1
2505318700573100006,2780.779297,14,Model_1
2505318700573100007,6240.117188,14,Model_1
2505318700573100009,5770.445313,14,Model_1
2505318700573100011,6095.608398,14,Model_1
2505318700573100012,5316.17334,14,Model_1
2505318700573100013,2866.385742,14,Model_1
2505318700573100014,8174.936035,14,Model_1
2505318700573100015,4419.941895,14,Model_1
2505318700573100016,5152.44043,14,Model_1
2505318700573100017,7595.571289,14,Model_1
2505318700573100019,7673.771973,14,Model_1
2505318700573100020,5938.375488,14,Model_1
2505318700573100021,12991.47656,14,Model_1
2505318700573100022,2993.825684,14,Model_1
2505318700573100023,4802.37207,14,Model_1
2505318700573100024,16838.66211,14,Model_1
2505318700573100025,3311.479248046875,14,Model_1
2505318700573100026,3863.719482421875,14,Model_1
2505318700573100027,5331.313965,14,Model_1
2505318700573100028,2763.882813,14,Model_1
2505318700573100030,1718.8343505859375,14,Model_1
2505318700573100031,2741.893066,14,Model_1
2505318700574100001,3760.180908203125,14,Model_1
2505318700574100002,2725.856201171875,14,Model_1
2505318700574100003,5859.011719,14,Model_1
2505318700574100004,1695.3209228515625,14,Model_1
2505318700574100005,9248.833008,14,Model_1
2505318700574100006,7640.626953,14,Model_1
2505318700574100007,9562.779297,14,Model_1
2505318700574100008,8712.355469,14,Model_1
2505318700574100009,6152.043945,14,Model_1
2505318700574100010,2666.682617,14,Model_1
2505318700574100011,3987.951904296875,14,Model_1
2505318700574100012,2040.889648,14,Model_1
2505318700574100013,4702.277832,14,Model_1
2505318700574100014,5286.259766,14,Model_1
2505318700574100015,10385.76465,14,Model_1
2505318700574100016,5811.040527,14,Model_1
2505318700574100017,4903.673828,14,Model_1
2505318700575100001,4701.698242,14,Model_1
2505318700575100002,7896.321777,14,Model_1
2505318700575100003,14993.81055,14,Model_1
2505318700575100004,4380.109375,14,Model_1
2505318700575100006,5780.092285,14,Model_1
2505318700575100007,3258.001220703125,14,Model_1
2505318700575100008,13633.96289,14,Model_1
2505318700575100009,10962.98145,14,Model_1
2505318700575100010,6152.922852,14,Model_1
2505318700575100011,4262.793945,14,Model_1
2505318700575100012,3653.937744140625,14,Model_1
2505318700575100013,10481.08789,14,Model_1
2505318700575100015,7359.764648,14,Model_1
2505318700575100016,10362.15625,14,Model_1
2505318700575100017,7490.912598,14,Model_1
2505318700575100018,2181.405762,14,Model_1
2505318700575100019,9195.488281,14,Model_1
2505318700575100020,5147.949707,14,Model_1
2505318700575100021,5165.971191,14,Model_1
2505318700575100022,5265.004395,14,Model_1
2505318700575100023,2725.909912109375,14,Model_1
2505318700575100024,3750.367188,14,Model_1
2505318700575100025,8134.432129,14,Model_1
2505318700575100026,2272.072754,14,Model_1
2505318700575100027,4658.591309,14,Model_1
2505318700575100028,3238.642578,14,Model_1
2505318700575100029,3564.512695,14,Model_1
2505318700575100031,3737.390625,14,Model_1
2505318700575100032,5497.330078,14,Model_1
2505318700575100033,2913.735595703125,14,Model_1
2505318700576100004,8585.408203,14,Model_1
2505318700576100005,5186.054199,14,Model_1
2505318700576100006,16212.5625,14,Model_1
2505318700576100008,8640.606445,14,Model_1
2505318700576100009,3740.670654296875,14,Model_1
2505318700576100010,3761.513184,14,Model_1
2505318700576100011,9504.257813,14,Model_1
2505318700576100012,7170.373047,14,Model_1
2505318700576100013,4362.840332,14,Model_1
2505318700576100014,5517.814941,14,Model_1
2505318700576100015,7240.510742,14,Model_1
2505318700576100016,6299.052246,14,Model_1
2505318700576100017,4905.129883,14,Model_1
2505318700576100018,7479.478516,14,Model_1
2505318700576100019,7003.563477,14,Model_1
2505318700576100020,5058.35498,14,Model_1
2505318700576100021,1295.281005859375,14,Model_1
2505318700576100022,5052.128418,14,Model_1
2505318700576100023,4046.195068359375,14,Model_1
2505318700576100024,5638.287109,14,Model_1
2505318700576100025,6579.595703,14,Model_1
2505318700576100026,4441.183105,14,Model_1
2505318700576100027,2504.848388671875,14,Model_1
2505318700576100028,2197.575439453125,14,Model_1
2505318700576100029,8784.979492,14,Model_1
2505318700576100030,5802.117676,14,Model_1
2505318700576100031,3463.300781,14,Model_1
2505318700576100032,10435.96875,14,Model_1
2505318700576100033,3369.811767578125,14,Model_1
2505318700576100034,2453.187744140625,14,Model_1
2505318700576100035,2862.234130859375,14,Model_1
2505318700576100036,3148.844970703125,14,Model_1
2505318700576100037,5508.209473,14,Model_1
2505318700576100039,6339.695313,14,Model_1
2505318700576100040,3322.749512,14,Model_1
2505318700578100003,3899.041992,29,Model_1
2505318700578100004,3625.666016,29,Model_1
2505318700578100005,2866.177734,29,Model_1
2505318700578100006,2095.914063,29,Model_1
2505318700578100007,3653.182617,29,Model_1
2505318700578100008,2570.87207,29,Model_1
2505318700578100009,2699.746582,29,Model_1
2505318700578100010,3845.403809,29,Model_1
2505318700578100011,5090.247559,29,Model_1
2505318700578100012,5519.011719,29,Model_1
2505318700578100013,3299.182129,29,Model_1
2505318700578100014,4802.86377,29,Model_1
2505318700578100015,5523.013184,29,Model_1
2505318700578100016,4153.490234,29,Model_1
2505318700578100017,4360.533691,29,Model_1
2505318700578100018,3324.125244140625,29,Model_1
2505318700578100019,8771.259766,29,Model_1
2505318700578100020,6759.087402,29,Model_1
2505318700578100021,3740.551758,29,Model_1
2505318700578100022,5916.324707,29,Model_1
2505318700578100023,4196.978516,29,Model_1
2505318700578100024,2429.083251953125,29,Model_1
2505318700578100025,6485.285645,29,Model_1
2505318700578100026,4799.622559,29,Model_1
2505318700578100027,3997.276367,29,Model_1
2505318700578100028,4542.342285,29,Model_1
2505318700578100029,4002.275146484375,29,Model_1
2505318700578100030,5356.792969,29,Model_1
2505318700578100031,10222.77637,29,Model_1
2505318700578100032,4268.458496,29,Model_1
2505318700578100033,3400.050537109375,29,Model_1
2505318700578100034,4382.114258,29,Model_1
2505318700578100035,4576.350098,29,Model_1
2505318700578100036,4046.788086,29,Model_1
2505318700578100037,3374.663574,29,Model_1
2505318700578100038,4916.521484,29,Model_1
2505318700578100039,4196.061035,29,Model_1
2505318700578100040,4845.502441,29,Model_1
2505318700578100041,7463.986816,29,Model_1
2505318700578100042,2736.676025390625,29,Model_1
2505318700578100043,2983.976563,29,Model_1
2505318700578100045,5283.941895,29,Model_1
2505318700578100046,4090.370117,29,Model_1
2505318700578100047,3146.415527,29,Model_1
2505318700578100048,6049.175781,29,Model_1
2505318700578100049,4711.951172,29,Model_1
2505318700578100050,3029.890380859375,29,Model_1
2505318700578100051,2500.49707,29,Model_1
2505318700578100052,1203.7225341796875,29,Model_1
2505318700578100053,9916.591797,29,Model_1
2505318700578100054,3604.828613,29,Model_1
2505318700578100055,2455.163086,29,Model_1
2505318700578100056,2443.816162109375,29,Model_1
2505318700578100057,3188.112793,29,Model_1
2505318700578100058,2533.066406,29,Model_1
2505318700578100059,2743.541992,29,Model_1
2505318700578100060,5858.023926,29,Model_1
2505318700578100061,4051.304931640625,29,Model_1
2505318700578100062,2398.900146484375,29,Model_1
2505318700578100063,1607.4884033203125,29,Model_1
2505318700578100064,5057.047363,29,Model_1
2505318700578100065,3801.758301,29,Model_1
2505318700578100066,5874.000488,29,Model_1
2505318700578100067,1698.0345458984375,29,Model_1
2505318700578100068,2863.484375,29,Model_1
2505318700578100069,4135.852539,29,Model_1
2505318700579100002,8918.46875,29,Model_1
2505318700579100003,4550.699707,29,Model_1
2505318700579100004,2746.808594,29,Model_1
2505318700579100005,4120.309082,29,Model_1
2505318700579100006,13472.58789,29,Model_1
2505318700579100008,1915.66748,29,Model_1
2505318700579100009,20459.30664,29,Model_1
2505318700579100010,5620.264648,29,Model_1
2505318700579100011,5303.568359,29,Model_1
2505318700579100013,4900.560059,29,Model_1
2505318700579100014,8099.418457,29,Model_1
2505318700579100016,12201.66699,29,Model_1
2505318700579100017,5972.234375,29,Model_1
2505318700579100020,4127.858398,29,Model_1
2505318700579100021,15158.78906,29,Model_1
2505318700579100022,2713.050781,29,Model_1
2505318700579100023,11666.49219,29,Model_1
2505318700579100024,2843.924072265625,29,Model_1
2505318700579100025,5572.074707,29,Model_1
2505318700579100026,7992.091797,29,Model_1
2505318700579100027,2571.453613,29,Model_1
2505318700579100028,6726.848145,29,Model_1
2505318700579100030,11042.71191,29,Model_1
2505318700579100032,8524.868164,29,Model_1
2505318700579100033,1864.5826416015625,29,Model_1
2505318700579100034,3347.197021484375,29,Model_1
2505318700579100035,1117.5633544921875,29,Model_1
2505318700580100005,7496.788574,29,Model_1
2505318700580100006,2512.503418,29,Model_1
2505318700580100007,1261.1009521484375,29,Model_1
2505318700580100008,1882.799316,29,Model_1
2505318700580100011,1851.864990234375,29,Model_1
2505318700580100012,1899.8519287109375,29,Model_1
2505318700580100013,4340.348633,29,Model_1
2505318700580100014,3872.802490234375,29,Model_1
2505318700580100015,3671.527344,29,Model_1
2505318700580100016,3837.821044921875,29,Model_1
2505318700580100017,3032.603759765625,29,Model_1
2505318700580100018,2940.128906,29,Model_1
2505318700580100019,1059.4849853515625,29,Model_1
2505318700580100020,3263.293945,29,Model_1
2505318700580100021,1994.674560546875,29,Model_1
2505318700580100022,2008.59082,29,Model_1
2505318700580100023,2994.547363,29,Model_1
2505318700580100024,3602.036621,29,Model_1
2505318700580100025,2271.441895,29,Model_1
2505318700580100026,2225.931641,29,Model_1
2505318700580100027,4345.577148,29,Model_1
2505318700580100028,2861.692138671875,29,Model_1
2505318700580100029,2034.3946533203125,29,Model_1
2505318700580100030,1680.3441162109375,29,Model_1
2505318700580100031,10515.82227,29,Model_1
2505318700580100032,3566.283203,29,Model_1
2505318700580100033,3696.187988,29,Model_1
2505318700580100034,5245.44873,29,Model_1
2505318700580100036,7160.178223,29,Model_1
2505318700580100037,4131.617188,29,Model_1
2505318700580100038,2700.199951171875,29,Model_1
2505318700580100039,1795.1160888671875,29,Model_1
2505318700580100040,3648.374755859375,29,Model_1
2505318700580100041,6459.062988,29,Model_1
2505318700580100042,3033.230224609375,29,Model_1
2505318700580100043,1400.3905029296875,29,Model_1
2505318700580100044,8457.081055,29,Model_1
2505318700580100045,4322.743652,29,Model_1
2505318700580100046,5894.307129,29,Model_1
2505318700580100047,6496.303223,29,Model_1
2505318700580100048,3118.757813,29,Model_1
2505318700580100049,1900.3150634765625,29,Model_1
2505318700580100050,4755.811523,29,Model_1
2505318700580100051,2808.735107421875,29,Model_1
2505318700580100052,2416.499755859375,29,Model_1
2505318700580100053,3201.973145,29,Model_1
2505318700580100054,1638.906982421875,29,Model_1
2505318700580100055,2552.728027,29,Model_1
2505318700580100056,4572.111328,29,Model_1
2505318700580100057,3607.544922,29,Model_1
2505318700580100058,2336.120117,29,Model_1
2505318700580100059,3606.266602,29,Model_1
2505318700580100060,2643.022949,29,Model_1
2505318700580100061,5339.936523,29,Model_1
2505318700580100062,4894.229004,29,Model_1
2505318700580100063,4220.463379,29,Model_1
2505318700580100064,5559.04834,29,Model_1
2505318700580100065,2561.129638671875,29,Model_1
2505318700580100066,4378.841309,29,Model_1
2505318700580100067,6590.861328,29,Model_1
2505318700580100068,4235.031738,29,Model_1
2505318700580100069,5079.243652,29,Model_1
2505318700580100070,7004.460938,29,Model_1
2505318700580100071,2021.3248291015625,29,Model_1
2505318700580100072,7626.86084,29,Model_1
2505318700580100073,5087.141113,29,Model_1
2505318700580100074,3128.714599609375,29,Model_1
2505318700580100076,2766.858398,29,Model_1
2505318700580100077,2351.141845703125,29,Model_1
2505318700580100078,3668.602539,29,Model_1
2505318700580100079,11903.05957,29,Model_1
2505318700580100080,2702.453857421875,29,Model_1
2505318700580100081,6571.448242,29,Model_1
2505318700580100082,4627.711914,29,Model_1
2505318700580100083,5601.984375,29,Model_1
2505318700580100084,4309.007324,29,Model_1
2505318700580100085,4772.966309,29,Model_1
2505318700580100086,6077.228027,29,Model_1
2505318700580100087,7236.996094,29,Model_1
2505318700580100088,4725.6875,29,Model_1
2505318700580100089,5318.394531,29,Model_1
2505318700580100090,2492.035645,29,Model_1
2505318700580100091,6503.409668,29,Model_1
2505318700580100092,16156.06445,29,Model_1
2505318700580100093,3276.767822265625,29,Model_1
2505318700580100094,1348.756591796875,29,Model_1
2505318700580100096,3300.896240234375,29,Model_1
2505318700580100097,3397.137207,29,Model_1
2505318700580100098,1381.4468994140625,29,Model_1
2505318700580100099,2834.876220703125,29,Model_1
2505318700580100100,4159.679199,29,Model_1
2505318700580100101,8830.524414,29,Model_1
2505318700580100102,7633.709473,29,Model_1
2505318700580100104,2384.450195,29,Model_1
2505318700580100105,13782.88574,29,Model_1
2505318700580100106,3811.871094,29,Model_1
2505318700580100108,4016.928711,29,Model_1
2505318700580100110,1275.5794677734375,29,Model_1
2505318700580100112,2789.864501953125,29,Model_1
2505318700581100005,2491.098633,29,Model_1
2505318700581100006,4619.068359,29,Model_1
2505318700581100007,4177.149902,29,Model_1
2505318700581100010,2339.187012,29,Model_1
2505318700581100011,1484.379150390625,29,Model_1
2505318700581100012,6408.887207,29,Model_1
2505318700581100014,4889.017578,29,Model_1
2505318700581100015,3896.708984,29,Model_1
2505318700581100016,4725.287598,29,Model_1
2505318700581100017,3532.989501953125,29,Model_1
2505318700581100018,2718.192871,29,Model_1
2505318700581100020,3280.39209,29,Model_1
2505318700581100021,3505.51709,29,Model_1
2505318700581100023,4096.224609,29,Model_1
2505318700581100024,2452.980712890625,29,Model_1
2505318700581100025,1674.845458984375,29,Model_1
2505318700581100026,4520.505859,29,Model_1
2505318700581100027,1291.440185546875,29,Model_1
2505318700581100029,2456.935302734375,29,Model_1
2505318700581100030,2247.21875,29,Model_1
2505318700581100031,1127.322266,29,Model_1
2505318700581100032,4676.224121,29,Model_1
2505318700581100033,5079.657715,29,Model_1
2505318700581100035,2676.321044921875,29,Model_1
2505318700581100036,3326.688232421875,29,Model_1
2505318700581100037,3840.683837890625,29,Model_1
2505318700581100039,5166.499023,29,Model_1
2505318700581100040,2958.183105,29,Model_1
2505318700581100041,3965.815918,29,Model_1
2505318700581100042,2124.335205078125,29,Model_1
2505318700581100044,2883.928223,29,Model_1
2505318700581100045,2559.877197265625,29,Model_1
2505318700581100047,4272.106934,29,Model_1
2505318700581100048,1596.7178955078125,29,Model_1
2505318700583100005,1447.247802734375,32,Model_1
2505318700583100006,2286.007813,32,Model_1
2505318700583100007,2078.154785,32,Model_1
2505318700583100008,6880.945313,32,Model_1
2505318700583100009,1843.704102,32,Model_1
2505318700583100010,1481.7686767578125,32,Model_1
2505318700583100011,1229.200439453125,32,Model_1
2505318700583100012,1226.100586,32,Model_1
2505318700583100013,10457.74414,32,Model_1
2505318700583100014,2645.489990234375,32,Model_1
2505318700583100015,4627.425781,32,Model_1
2505318700583100016,1136.2215576171875,32,Model_1
2505318700583100017,2534.44043,32,Model_1
2505318700583100018,2738.604004,32,Model_1
2505318700583100019,1156.937255859375,32,Model_1
2505318700583100020,2720.151855,32,Model_1
2505318700583100021,2539.767333984375,32,Model_1
2505318700583100022,745.7523803710938,32,Model_1
2505318700583100023,1647.176758,32,Model_1
2505318700583100025,2474.779297,32,Model_1
2505318700583100026,1785.831055,32,Model_1
2505318700583100027,1942.660156,32,Model_1
2505318700583100028,1709.7054443359375,32,Model_1
2505318700583100029,2905.193359,32,Model_1
2505318700583100030,4418.342285,32,Model_1
2505318700583100031,3329.056396484375,32,Model_1
2505318700583100032,3709.627441,32,Model_1
2505318700583100033,2245.214599609375,32,Model_1
2505318700583100034,1917.268066,32,Model_1
2505318700583100035,2250.779052734375,32,Model_1
2505318700583100036,3952.196777,32,Model_1
2505318700583100037,1080.2430419921875,32,Model_1
2505318700583100038,1055.838867,32,Model_1
2505318700583100039,1206.0540771484375,32,Model_1
2505318700583100040,3734.718262,32,Model_1
2505318700583100041,4633.070801,32,Model_1
2505318700583100043,1476.1273193359375,32,Model_1
2505318700583100044,4702.192871,32,Model_1
2505318700583100045,1009.4376220703124,32,Model_1
2505318700583100046,1708.593262,32,Model_1
2505318700583100047,1793.787109,32,Model_1
2505318700583100048,2158.962646484375,32,Model_1
2505318700583100049,1039.0484619140625,32,Model_1
2505318700583100050,2346.316895,32,Model_1
2505318700583100051,4808.966797,32,Model_1
2505318700583100052,2710.926025390625,32,Model_1
2505318700583100053,5316.036133,32,Model_1
2505318700583100054,6322.070313,32,Model_1
2505318700583100055,2064.997802734375,32,Model_1
2505318700583100056,4224.155762,32,Model_1
2505318700583100057,1578.8226318359375,32,Model_1
2505318700583100058,4603.31543,32,Model_1
2505318700583100059,3458.931884765625,32,Model_1
2505318700583100060,1609.5936279296875,32,Model_1
2505318700583100061,2470.129638671875,32,Model_1
2505318700583100062,3316.240478515625,32,Model_1
2505318700583100063,4142.289551,32,Model_1
2505318700583100064,3662.896484,32,Model_1
2505318700583100065,3207.712646484375,32,Model_1
2505318700583100066,5024.680664,32,Model_1
2505318700583100067,3355.131591796875,32,Model_1
2505318700583100068,3002.539063,32,Model_1
2505318700583100069,3212.898438,32,Model_1
2505318700583100070,2331.779297,32,Model_1
2505318700583100072,2748.417236328125,32,Model_1
2505318700583100073,5635.459473,32,Model_1
2505318700583100074,1911.897216796875,32,Model_1
2505318700583100076,1789.2772216796875,32,Model_1
2505318700583100077,3077.212158203125,32,Model_1
2505318700583100078,7935.361816,32,Model_1
2505318700583100079,4960.123535,32,Model_1
2505318700583100080,2351.391602,32,Model_1
2505318700583100081,3339.76416,32,Model_1
2505318700584100005,5672.884277,32,Model_1
2505318700584100006,5227.651855,32,Model_1
2505318700584100007,4312.092285,32,Model_1
2505318700584100010,5590.992188,32,Model_1
2505318700584100011,2542.156738,32,Model_1
2505318700584100013,2222.024414,32,Model_1
2505318700584100014,8001.271484,32,Model_1
2505318700584100015,5756.707031,32,Model_1
2505318700584100016,3509.474121,32,Model_1
2505318700584100017,5213.106445,32,Model_1
2505318700584100018,6034.42041,32,Model_1
2505318700584100019,5352.48584,32,Model_1
2505318700584100020,2642.594727,32,Model_1
2505318700584100021,3775.318848,32,Model_1
2505318700584100022,2562.642578,32,Model_1
2505318700584100023,4500.519531,32,Model_1
2505318700584100024,6976.88623,32,Model_1
2505318700584100025,5005.320801,32,Model_1
2505318700584100026,11017.53418,32,Model_1
2505318700584100027,4155.856445,32,Model_1
2505318700584100028,3298.636719,32,Model_1
2505318700584100029,9635.242188,32,Model_1
2505318700584100030,4350.456055,32,Model_1
2505318700584100031,4553.921875,32,Model_1
2505318700584100032,2253.458984,32,Model_1
2505318700585100012,1824.119629,32,Model_1
2505318700585100013,4624.650391,32,Model_1
2505318700585100014,1697.3504638671875,32,Model_1
2505318700585100018,4798.25,32,Model_1
2505318700585100019,3168.928711,32,Model_1
2505318700585100020,2480.102051,32,Model_1
2505318700585100021,1392.714844,32,Model_1
2505318700585100022,2674.886474609375,32,Model_1
2505318700585100023,1932.0216064453125,32,Model_1
2505318700585100024,2325.005371,32,Model_1
2505318700585100025,1771.441406,32,Model_1
2505318700585100026,2210.553955078125,32,Model_1
2505318700585100027,8011.438477,32,Model_1
2505318700585100028,1608.799805,32,Model_1
2505318700585100029,1979.1739501953125,32,Model_1
2505318700585100030,2797.259277,32,Model_1
2505318700585100031,4901.34082,32,Model_1
2505318700585100032,2884.409912109375,32,Model_1
2505318700585100033,2458.205566,32,Model_1
2505318700585100034,2517.94043,32,Model_1
2505318700585100035,1883.5465087890625,32,Model_1
2505318700585100036,1566.7540283203125,32,Model_1
2505318700585100037,771.5474853515625,32,Model_1
2505318700585100038,1370.075439453125,32,Model_1
2505318700585100039,2420.145751953125,32,Model_1
2505318700585100040,829.5535888671875,32,Model_1
2505318700585100041,2876.409668,32,Model_1
2505318700585100042,3248.462646484375,32,Model_1
2505318700585100043,1932.6158447265625,32,Model_1
2505318700585100044,7589.660156,32,Model_1
2505318700585100045,954.7966918945312,32,Model_1
2505318700585100046,1264.8785400390625,32,Model_1
2505318700585100047,1367.976074,32,Model_1
2505318700585100048,2833.630371,32,Model_1
2505318700585100049,705.4892578,32,Model_1
2505318700585100050,2663.344727,32,Model_1
2505318700585100051,1381.2076416015625,32,Model_1
2505318700585100052,2550.29248,32,Model_1
2505318700585100053,3875.834716796875,32,Model_1
2505318700585100054,1909.4591064453125,32,Model_1
2505318700585100055,2677.029541015625,32,Model_1
2505318700585100056,2375.095703,32,Model_1
2505318700585100057,817.3410645,32,Model_1
2505318700585100058,6767.773438,32,Model_1
2505318700585100059,2047.3353271484375,32,Model_1
2505318700585100060,1738.3009033203125,32,Model_1
2505318700585100061,2045.591552734375,32,Model_1
2505318700585100062,3918.482666015625,32,Model_1
2505318700585100063,3803.622559,32,Model_1
2505318700585100064,1854.077148,32,Model_1
2505318700585100065,1408.8951416015625,32,Model_1
2505318700585100066,2826.220703,32,Model_1
2505318700585100067,2801.176025390625,32,Model_1
2505318700585100068,5015.077148,32,Model_1
2505318700585100069,5180.205566,32,Model_1
2505318700585100070,349.32855224609375,32,Model_1
2505318700585100071,2393.910400390625,32,Model_1
2505318700585100072,3920.391845703125,32,Model_1
2505318700585100073,3625.308594,32,Model_1
2505318700585100074,2672.099365234375,32,Model_1
2505318700585100075,1841.6397705078125,32,Model_1
2505318700585100076,1389.204345703125,32,Model_1
2505318700585100077,7535.367188,32,Model_1
2505318700585100078,3378.300048828125,32,Model_1
2505318700585100079,2664.379395,32,Model_1
2505318700585100080,3035.008544921875,32,Model_1
2505318700585100081,1926.272705078125,32,Model_1
2505318700585100082,1587.1925048828125,32,Model_1
2505318700585100083,2861.645751953125,32,Model_1
2505318700585100084,3874.093017578125,32,Model_1
2505318700585100085,2031.1383056640625,32,Model_1
2505318700585100086,2616.431641,32,Model_1
2505318700585100087,3167.130615234375,32,Model_1
2505318700585100088,4041.337402,32,Model_1
2505318700585100089,1696.5587158203125,32,Model_1
2505318700585100090,2308.149902,32,Model_1
2505318700585100091,1980.520996,32,Model_1
2505318700585100092,2251.821777,32,Model_1
2505318700585100093,1407.189208984375,32,Model_1
2505318700585100094,755.6806641,32,Model_1
2505318700585100095,2694.783447265625,32,Model_1
2505318700585100096,1570.4691162109375,32,Model_1
2505318700585100098,2418.869873046875,32,Model_1
2505318700585100099,3030.037109,32,Model_1
2505318700585100100,2674.907958984375,32,Model_1
2505318700585100101,1514.5142822265625,32,Model_1
2505318700585100102,1139.6986083984375,32,Model_1
2505318700585100103,1360.1072998046875,32,Model_1
2505318700585100104,2113.667969,32,Model_1
2505318700585100105,2548.460449,32,Model_1
2505318700585100106,2999.237060546875,32,Model_1
2505318700585100107,3108.317383,32,Model_1
2505318700585100108,3551.441406,32,Model_1
2505318700585100109,1150.382568359375,32,Model_1
2505318700585100110,1813.961914,32,Model_1
2505318700585100111,1639.645263671875,32,Model_1
2505318700585100112,1854.333496,32,Model_1
2505318700585100113,1368.722900390625,32,Model_1
2505318700585100114,3177.701172,32,Model_1
2505318700585100115,2975.845215,32,Model_1
2505318700585100116,3788.133056640625,32,Model_1
2505318700585100118,2272.898193359375,32,Model_1
2505318700585100119,5714.717773,32,Model_1
2505318700585100120,2715.203369140625,32,Model_1
2505318700585100121,2943.92627,32,Model_1
2505318700585100122,2695.854004,32,Model_1
2505318700585100123,2376.81543,32,Model_1
2505318700585100124,887.6492919921875,32,Model_1
2505318700585100125,3044.759033203125,32,Model_1
2505318700585100126,3129.126465,32,Model_1
2505318700585100127,2906.024658203125,32,Model_1
2505318700585100128,2353.74707,32,Model_1
2505318700585100129,872.5618286132812,32,Model_1
2505318700585100130,4982.721191,32,Model_1
2505318700585100131,1676.3768310546875,32,Model_1
2505318700585100132,2012.7633056640625,32,Model_1
2505318700585100133,4370.413086,32,Model_1
2505318700585100134,1620.267333984375,32,Model_1
2505318700585100135,2972.223388671875,32,Model_1
2505318700585100136,1958.7989501953125,32,Model_1
2505318700585100137,3773.417236328125,32,Model_1
2505318700585100138,1863.530517578125,32,Model_1
2505318700585100139,3374.437012,32,Model_1
2505318700585100140,1982.4405517578125,32,Model_1
2505318700585100141,1062.191650390625,32,Model_1
2505318700585100142,2732.465332,32,Model_1
2505318700585100143,4202.792969,32,Model_1
2505318700585100144,2284.539306640625,32,Model_1
2505318700585100145,3379.114258,32,Model_1
2505318700585100146,2774.835449,32,Model_1
2505318700585100147,2608.546387,32,Model_1
2505318700585100148,2812.222412109375,32,Model_1
2505318700585100149,2371.993896484375,32,Model_1
2505318700585100150,3680.408203,32,Model_1
2505318700585100151,3196.671875,32,Model_1
2505318700585100152,3693.570313,32,Model_1
2505318700585100153,3475.902344,32,Model_1
2505318700585100154,3382.51123,32,Model_1
2505318700585100155,3141.684814453125,32,Model_1
2505318700585100156,3502.913574,32,Model_1
2505318700585100157,1783.5518798828125,32,Model_1
2505318700585100158,2280.569580078125,32,Model_1
2505318700585100159,1363.837402,32,Model_1
2505318700585100160,4746.695801,32,Model_1
2505318700585100162,4059.421630859375,32,Model_1
2505318700585100163,996.6567993164062,32,Model_1
2505318700585100164,4030.971191,32,Model_1
2505318700585100165,2629.759033203125,32,Model_1
2505318700585100166,2653.541016,32,Model_1
2505318700585100167,3918.097900390625,32,Model_1
2505318700585100168,3242.169189453125,32,Model_1
2505318700585100169,1610.5184326171875,32,Model_1
2505318700585100170,4380.961426,32,Model_1
2505318700585100171,2235.355224609375,32,Model_1
2505318700585100172,1582.223876953125,32,Model_1
2505318700585100173,1108.934326171875,32,Model_1
2505318700585100174,3165.790283203125,32,Model_1
2505318700585100176,2713.036621,32,Model_1
2505318700585100177,3105.838134765625,32,Model_1
2505318700585100178,3418.788818359375,32,Model_1
2505318700585100179,1008.1495971679688,32,Model_1
2505318700585100180,2323.055908203125,32,Model_1
2505318700585100182,4814.038574,32,Model_1
2505318700585100183,1329.249755859375,32,Model_1
2505318700585100184,5884.33252,32,Model_1
2505318700585100185,5349.146973,32,Model_1
2505318700585100187,1986.527587890625,32,Model_1
2505318700585100188,4401.526367,32,Model_1
2505318700585100189,1849.2388916015625,32,Model_1
2505318700585100190,2703.167236328125,32,Model_1
2505318700585100191,793.8811645507812,32,Model_1
2505318700585100192,3963.280029296875,32,Model_1
2505318700585100193,684.0083008,32,Model_1
2505318700585100194,2353.717041015625,32,Model_1
2505318700585100195,3064.325195,32,Model_1
2505318700585100196,1000.7177124023438,32,Model_1
2505318700585100197,3540.566895,32,Model_1
2505318700585100198,2105.93457,32,Model_1
2505318700585100199,2624.830078,32,Model_1
2505318700585100201,2060.901367,32,Model_1
2505318700585100202,3579.150391,32,Model_1
2505318700585100203,1986.4796142578125,32,Model_1
2505318700585100204,964.135498,32,Model_1
2505318700585100205,4573.160156,32,Model_1
2505318700585100206,1719.405029296875,32,Model_1
2505318700585100207,2644.643066,32,Model_1
2505318700585100208,1978.534423828125,32,Model_1
2505318700585100210,2267.807617,32,Model_1
2505318700585100211,4255.404297,32,Model_1
2505318700585100212,2016.663086,32,Model_1
2505318700585100213,2471.141357421875,32,Model_1
2505318700585100214,3334.187012,32,Model_1
2505318700585100215,819.0150756835938,32,Model_1
2505318700585100216,5173.852051,32,Model_1
2505318700585100217,2200.633789,32,Model_1
2505318700585100218,3512.224853515625,32,Model_1
2505318700585100219,5721.307129,32,Model_1
2505318700585100220,2822.775146484375,32,Model_1
2505318700585100221,2544.172607421875,32,Model_1
2505318700585100222,4239.879395,32,Model_1
2505318700585100223,1076.4139404296875,32,Model_1
2505318700585100224,4548.949219,32,Model_1
2505318700585100225,1895.062255859375,32,Model_1
2505318700585100226,1429.318115234375,32,Model_1
2505318700585100227,4922.993164,32,Model_1
2505318700585100228,1040.708740234375,32,Model_1
2505318700585100229,4396.341797,32,Model_1
2505318700585100230,1502.3687744140625,32,Model_1
2505318700585100231,1933.512695,32,Model_1
2505318700585100232,2366.227294921875,32,Model_1
2505318700585100233,1766.7828369140625,32,Model_1
2505318700585100234,2380.934082,32,Model_1
2505318700585100239,1845.0924072265625,32,Model_1
2505318700585100240,1908.191895,32,Model_1
2505318700585100244,1379.393310546875,32,Model_1
2505318700585100245,861.0468139648438,32,Model_1
2505318700586100003,4434.898926,32,Model_1
2505318700586100005,4822.352539,32,Model_1
2505318700586100007,3576.291259765625,32,Model_1
2505318700586100009,2899.351074,32,Model_1
2505318700586100011,4869.672363,32,Model_1
2505318700586100012,5323.361816,32,Model_1
2505318700586100013,6283.377441,32,Model_1
2505318700586100015,5519.601563,32,Model_1
2505318700586100016,2541.145263671875,32,Model_1
2505318700586100017,5993.375,32,Model_1
2505318700586100018,2187.753418,32,Model_1
2505318700586100019,5457.360352,32,Model_1
2505318700586100020,4858.651367,32,Model_1
2505318700592100007,4761.787109,4,Model_1
2505318700592100008,5834.937988,4,Model_1
2505318700592100009,4130.113281,4,Model_1
2505318700592100010,3286.924072265625,4,Model_1
2505318700592100011,11783.53809,4,Model_1
2505318700592100012,2257.571533203125,4,Model_1
2505318700592100013,7839.155762,4,Model_1
2505318700592100014,8603.473633,4,Model_1
2505318700592100015,5314.990723,4,Model_1
2505318700592100016,5765.710938,4,Model_1
2505318700592100017,2477.699462890625,4,Model_1
2505318700592100018,6049.495117,4,Model_1
2505318700592100019,8101.693359,4,Model_1
2505318700592100020,7009.314453,4,Model_1
2505318700592100021,4352.797852,4,Model_1
2505318700592100022,5481.803711,4,Model_1
2505318700592100023,11196.58301,4,Model_1
2505318700592100024,14312.50293,4,Model_1
2505318700592100025,4660.339844,4,Model_1
2505318700592100026,6915.425293,4,Model_1
2505318700592100027,4216.132324,4,Model_1
2505318700592100028,4899.505859,4,Model_1
2505318700592100029,10793.21289,4,Model_1
2505318700592100030,7710.345703,4,Model_1
2505318700592100031,3951.549805,4,Model_1
2505318700592100032,2901.562988,4,Model_1
2505318700592100033,1907.309326171875,4,Model_1
2505318700592100034,1750.583984,4,Model_1
2505318700592100035,5948.742676,4,Model_1
2505318700592100036,2746.474853515625,4,Model_1
2505318700592100037,7041.284668,4,Model_1
2505318700592100038,5091.421387,4,Model_1
2505318700592100039,1708.944091796875,4,Model_1
2505318700592100040,6144.672852,4,Model_1
2505318700592100041,4239.248535,4,Model_1
2505318700592100042,4900.851074,4,Model_1
2505318700592100043,3237.322509765625,4,Model_1
2505318700592100044,2809.290771484375,4,Model_1
2505318700592100045,5668.527832,4,Model_1
2505318700592100046,3283.890869140625,4,Model_1
2505318700592100047,4058.932129,4,Model_1
2505318700592100048,7381.916992,4,Model_1
2505318700592100049,2116.964111328125,4,Model_1
2505318700592100051,6637.490234,4,Model_1
2505318700592100052,8282.537109,4,Model_1
2505318700592100053,8362.878906,4,Model_1
2505318700592100054,3244.833008,4,Model_1
2505318700592100055,5766.054688,4,Model_1
2505318700592100056,1157.1175537109375,4,Model_1
2505318700592100058,3408.209473,4,Model_1
2505318700592100059,7746.882813,4,Model_1
2505318700592100060,7321.437012,4,Model_1
2505318700592100061,5255.092285,4,Model_1
2505318700592100062,3071.980224609375,4,Model_1
2505318700592100063,1441.021973,4,Model_1
2505318700592100064,6625.47998,4,Model_1
2505318700592100065,5582.389648,4,Model_1
2505318700592100066,1664.504395,4,Model_1
2505318700592100067,1400.715087890625,4,Model_1
2505318700592100068,9890.371094,4,Model_1
2505318700592100069,2778.949219,4,Model_1
2505318700592100070,6319.050293,4,Model_1
2505318700592100071,8891.933594,4,Model_1
2505318700592100072,7846.927734,4,Model_1
2505318700592100073,4718.677246,4,Model_1
2505318700592100074,2792.703857421875,4,Model_1
2505318700592100076,5420.376465,4,Model_1
2505318700593100003,12946.19336,4,Model_1
2505318700593100004,2892.711181640625,4,Model_1
2505318700593100005,18852.26367,4,Model_1
2505318700593100006,22537.47656,4,Model_1
2505318700593100007,6137.106934,4,Model_1
2505318700593100008,3531.250488,4,Model_1
2505318700593100009,1226.288818359375,4,Model_1
2505318700593100010,9736.957031,4,Model_1
2505318700593100011,11825.00391,4,Model_1
2505318700593100013,6987.897949,4,Model_1
2505318700593100014,9633.541992,4,Model_1
2505318700593100015,20448.25977,4,Model_1
2505318700593100016,18463.53711,4,Model_1
2505318700593100017,21992.54297,4,Model_1
2505318700593100018,3991.412353515625,4,Model_1
2505318700593100019,21489.99219,4,Model_1
2505318700593100020,4183.85791,4,Model_1
2505318700593100021,4674.452637,4,Model_1
2505318700593100022,7212.315918,4,Model_1
2505318700593100023,9081.813477,4,Model_1
2505318700593100024,3270.59375,4,Model_1
2505318700593100025,7960.658203,4,Model_1
2505318700593100026,17513.25586,4,Model_1
2505318700593100029,4213.308105,4,Model_1
2505318700593100031,1166.502441,4,Model_1
2505318700593100032,5049.258789,4,Model_1
2505318700593100033,2964.325439453125,4,Model_1
2505318700593100034,1286.2559814453125,4,Model_1
2505318700593100035,1440.1458740234375,4,Model_1
2505318700593100036,1828.0550537109375,4,Model_1
2505318700593100038,875.7635498046875,4,Model_1
2505318700594100001,8134.351074,4,Model_1
2505318700594100002,20100.41992,4,Model_1
2505318700594100003,3480.272216796875,4,Model_1
2505318700594100004,16633.4668,4,Model_1
2505318700594100005,11633.09473,4,Model_1
2505318700594100006,7229.067871,4,Model_1
2505318700594100007,8198.671875,4,Model_1
2505318700594100008,10460.49219,4,Model_1
2505318700594100009,9502.702148,4,Model_1
2505318700594100010,7510.046387,4,Model_1
2505318700594100011,11756.5,4,Model_1
2505318700594100012,14153.8252,4,Model_1
2505318700594100013,3820.235352,4,Model_1
2505318700594100014,9552.770508,4,Model_1
2505318700594100016,4659.10498,4,Model_1
2505318700594100017,6482.506836,4,Model_1
2505318700594100018,6559.064941,4,Model_1
2505318700594100019,7614.279297,4,Model_1
2505318700594100020,14266.56445,4,Model_1
2505318700594100021,5029.908203,4,Model_1
2505318700594100022,1336.932861328125,4,Model_1
2505318700594100023,2918.937744140625,4,Model_1
2505318700594100025,3367.88623,4,Model_1
2505318700594100026,11406.4668,4,Model_1
2505318700594100027,7843.705566,4,Model_1
2505318700594100028,2195.802001953125,4,Model_1
2505318700594100029,6106.689941,4,Model_1
2505318700594100030,4907.26416,4,Model_1
2505318700594100031,7497.092773,4,Model_1
2505318700594100032,5688.76123,4,Model_1
2505318700594100033,7177.022461,4,Model_1
2505318700594100034,6072.484375,4,Model_1
2505318700596100001,1282.097900390625,8,Model_1
2505318700596100002,3467.796387,8,Model_1
2505318700597100004,9655.466797,8,Model_1
2505318700597100005,6419.786621,8,Model_1
2505318700597100006,6210.506348,8,Model_1
2505318700597100007,13013.51563,8,Model_1
2505318700597100008,4370.766113,8,Model_1
2505318700597100009,5252.936035,8,Model_1
2505318700597100010,22591.19922,8,Model_1
2505318700597100011,16744.67188,8,Model_1
2505318700597100012,6789.399414,8,Model_1
2505318700597100013,3339.41748,8,Model_1
2505318700597100014,14883.41797,8,Model_1
2505318700597100015,8256.337891,8,Model_1
2505318700597100016,5129.490234,8,Model_1
2505318700597100017,15291.94141,8,Model_1
2505318700597100018,11562.62305,8,Model_1
2505318700597100019,22730.32813,8,Model_1
2505318700597100020,3998.901123046875,8,Model_1
2505318700597100021,2778.679443359375,8,Model_1
2505318700597100022,8100.685059,8,Model_1
2505318700597100024,951.0963745117188,8,Model_1
2505318700597100025,3699.394531,8,Model_1
2505318700597100026,11038.26465,8,Model_1
2505318700597100027,36198.55469,8,Model_1
2505318700597100028,3512.111816,8,Model_1
2505318700597100029,13276.28613,8,Model_1
2505318700597100031,5714.756348,8,Model_1
2505318700597100032,3212.274414,8,Model_1
2505318700597100033,17862.01758,8,Model_1
2505318700597100034,8987.318359,8,Model_1
2505318700597100035,1717.830566,8,Model_1
2505318700597100036,4681.300781,8,Model_1
2505318700597100037,1138.857666015625,8,Model_1
2505318700597100038,3577.052001953125,8,Model_1
2505318700598100003,7331.345215,8,Model_1
2505318700598100004,5833.120605,8,Model_1
2505318700598100005,10737.79199,8,Model_1
2505318700598100006,7802.006348,8,Model_1
2505318700598100007,2632.836669921875,8,Model_1
2505318700598100008,5375.174316,8,Model_1
2505318700598100009,2667.480469,8,Model_1
2505318700598100010,5130.35498,8,Model_1
2505318700598100011,904.994873,8,Model_1
2505318700598100012,4887.413086,8,Model_1
2505318700598100013,2240.851563,8,Model_1
2505318700598100014,4814.928711,8,Model_1
2505318700598100015,11320.36719,8,Model_1
2505318700598100016,4665.356445,8,Model_1
2505318700598100017,3252.741943359375,8,Model_1
2505318700598100018,11703.24023,8,Model_1
2505318700598100019,1104.4273681640625,8,Model_1
2505318700598100020,9324.268555,8,Model_1
2505318700598100021,8437.953125,8,Model_1
2505318700598100022,9725.418945,8,Model_1
2505318700598100024,9928.828125,8,Model_1
2505318700598100025,17632.33594,8,Model_1
2505318700598100026,3017.695556640625,8,Model_1
2505318700598100027,10880.62598,8,Model_1
2505318700598100028,8579.955078,8,Model_1
2505318700598100029,6427.975098,8,Model_1
2505318700598100030,8320.56543,8,Model_1
2505318700598100031,10251.42676,8,Model_1
2505318700598100032,5836.306641,8,Model_1
2505318700598100033,6469.800293,8,Model_1
2505318700598100034,4401.845215,8,Model_1
2505318700598100035,10683.95801,8,Model_1
2505318700598100036,3059.371826171875,8,Model_1
2505318700598100037,3879.126953,8,Model_1
2505318700598100038,6560.773926,8,Model_1
2505318700598100039,5289.386719,8,Model_1
2505318700598100040,7901.812012,8,Model_1
2505318700598100041,17570.07813,8,Model_1
2505318700598100043,4474.461426,8,Model_1
2505318700598100044,4081.401611328125,8,Model_1
2505318700598100045,6896.805176,8,Model_1
2505318700598100046,6875.602051,8,Model_1
2505318700598100047,6655.781738,8,Model_1
2505318700598100048,5263.834961,8,Model_1
2505318700598100049,5028.234863,8,Model_1
2505318700598100050,12369.96973,8,Model_1
2505318700599100005,4441.423828,8,Model_1
2505318700599100006,3713.240478515625,8,Model_1
2505318700599100008,4787.452148,8,Model_1
2505318700599100009,3570.677734,8,Model_1
2505318700599100010,6317.939453,8,Model_1
2505318700599100011,5015.736328,8,Model_1
2505318700599100012,7243.436035,8,Model_1
2505318700599100014,4038.997802734375,8,Model_1
2505318700599100015,2778.198974609375,8,Model_1
2505318700599100016,5733.611816,8,Model_1
2505318700599100017,5513.610352,8,Model_1
2505318700599100018,2536.808837890625,8,Model_1
2505318700599100019,2389.683837890625,8,Model_1
2505318700599100020,2378.255615234375,8,Model_1
2505318700599100021,2730.985352,8,Model_1
2505318700599100022,4745.23877,8,Model_1
2505318700599100023,1611.6524658203125,8,Model_1
2505318700599100024,2628.683105,8,Model_1
2505318700599100025,3378.411865234375,8,Model_1
2505318700599100026,4480.791992,8,Model_1
2505318700599100027,8480.738281,8,Model_1
2505318700599100028,4007.245605,8,Model_1
2505318700599100029,9756.026367,8,Model_1
2505318700599100030,2567.575439453125,8,Model_1
2505318700599100031,2091.180419921875,8,Model_1
2505318700599100032,1479.64502,8,Model_1
2505318700599100033,8039.793945,8,Model_1
2505318700599100034,4024.191162109375,8,Model_1
2505318700599100035,5091.862793,8,Model_1
2505318700599100036,2720.525634765625,8,Model_1
2505318700599100037,3130.445801,8,Model_1
2505318700599100038,5669.877441,8,Model_1
2505318700599100039,2345.184082,8,Model_1
2505318700599100040,9754.553711,8,Model_1
2505318700599100041,3868.642578,8,Model_1
2505318700599100042,7231.296387,8,Model_1
2505318700599100043,3493.742676,8,Model_1
2505318700599100045,5073.038086,8,Model_1
2505318700599100046,8695.361328,8,Model_1
2505318700599100047,6168.226563,8,Model_1
2505318700599100048,3009.150879,8,Model_1
2505318700599100049,6140.51709,8,Model_1
2505318700599100050,5459.659668,8,Model_1
2505318700599100051,7193.383789,8,Model_1
2505318700599100052,9402.067383,8,Model_1
2505318700599100054,5960.952148,8,Model_1
2505318700599100055,3443.094727,8,Model_1
2505318700599100056,5279.069824,8,Model_1
2505318700599100057,6358.17334,8,Model_1
2505318700599100058,4191.88916,8,Model_1
2505318700599100059,5455.317383,8,Model_1
2505318700599100061,4158.812988,8,Model_1
2505318700599100062,8275.640625,8,Model_1
2505318700599100063,7017.124023,8,Model_1
2505318700599100064,2229.56543,8,Model_1
2505318700599100065,3844.457763671875,8,Model_1
2505318700599100066,5796.085938,8,Model_1
2505318700599100067,3853.887451171875,8,Model_1
2505318700599100068,3253.466797,8,Model_1
2505318700599100069,3145.824462890625,8,Model_1
2505318700599100070,7336.165039,8,Model_1
2505318700599100071,6963.945313,8,Model_1
2505318700599100072,1910.147461,8,Model_1
2505318700599100073,5369.657715,8,Model_1
2505318700599100074,2314.832031,8,Model_1
2505318700599100075,2371.439941,8,Model_1
2505318700599100076,5259.966309,8,Model_1
2505318700599100077,4783.420898,8,Model_1
2505318700599100078,5920.55957,8,Model_1
2505318700599100079,8406.719727,8,Model_1
2505318700599100080,6457.92627,8,Model_1
2505318700599100081,2811.347168,8,Model_1
2505318700599100082,2529.356201171875,8,Model_1
2505318700599100084,1455.046875,8,Model_1
2505318700601100002,3344.410156,14,Model_1
2505318700601100003,5009.641113,14,Model_1
2505318700601100006,7856.101074,14,Model_1
2505318700601100007,5106.743164,14,Model_1
2505318700601100008,3177.128906,14,Model_1
2505318700601100009,5031.763184,14,Model_1
2505318700602100005,6254.073242,14,Model_1
2505318700602100006,3927.311035,14,Model_1
2505318700602100007,4617.266602,14,Model_1
2505318700602100008,4842.452637,14,Model_1
2505318700602100009,2973.162841796875,14,Model_1
2505318700602100010,6816.544434,14,Model_1
2505318700602100011,9425.25,14,Model_1
2505318700602100012,2979.048583984375,14,Model_1
2505318700602100013,6152.955078,14,Model_1
2505318700602100014,7395.381348,14,Model_1
2505318700602100015,7070.779785,14,Model_1
2505318700602100016,3552.549072265625,14,Model_1
2505318700602100017,4717.645508,14,Model_1
2505318700602100018,4117.524902,14,Model_1
2505318700602100019,3661.914794921875,14,Model_1
2505318700602100020,3265.938232421875,14,Model_1
2505318700602100021,3238.680664,14,Model_1
2505318700602100022,3964.791259765625,14,Model_1
2505318700602100024,6619.839355,14,Model_1
2505318700602100025,6455.786133,14,Model_1
2505318700602100026,5161.924805,14,Model_1
2505318700602100027,4863.348145,14,Model_1
2505318700602100028,6784.011719,14,Model_1
2505318700602100029,2862.717529296875,14,Model_1
2505318700602100030,6082.784668,14,Model_1
2505318700602100031,4421.063965,14,Model_1
2505318700602100032,4560.117676,14,Model_1
2505318700602100034,3640.881103515625,14,Model_1
2505318700602100035,4110.526367,14,Model_1
2505318700602100036,5052.986328,14,Model_1
2505318700602100037,7161.255859,14,Model_1
2505318700602100038,4712.657227,14,Model_1
2505318700602100039,4895.173828,14,Model_1
2505318700602100040,6503.071289,14,Model_1
2505318700602100041,7756.65625,14,Model_1
2505318700602100042,4882.083008,14,Model_1
2505318700603100001,14872.21582,14,Model_1
2505318700603100002,2670.393310546875,14,Model_1
2505318700603100003,3217.350098,14,Model_1
2505318700603100004,4236.128418,14,Model_1
2505318700603100005,3514.577148,14,Model_1
2505318700603100006,1376.383544921875,14,Model_1
2505318700603100007,6341.375488,14,Model_1
2505318700603100008,4029.466309,14,Model_1
2505318700603100010,9983.610352,14,Model_1
2505318700603100011,7587.153809,14,Model_1
2505318700603100012,8507.224609,14,Model_1
2505318700603100013,7303.912598,14,Model_1
2505318700603100014,2676.474609,14,Model_1
2505318700603100015,5480.369629,14,Model_1
2505318700603100016,6195.72998,14,Model_1
2505318700603100018,7938.941895,14,Model_1
2505318700603100019,5224.747559,14,Model_1
2505318700603100020,4694.108398,14,Model_1
2505318700603100021,11123.8125,14,Model_1
2505318700603100022,2836.056396484375,14,Model_1
2505318700603100024,12129.51563,14,Model_1
2505318700603100025,2284.530762,14,Model_1
2505318700603100026,5218.858887,14,Model_1
2505318700603100027,6132.090332,14,Model_1
2505318700603100028,3097.129638671875,14,Model_1
2505318700603100029,7138.046875,14,Model_1
2505318700603100030,7141.61377,14,Model_1
2505318700603100031,3438.126953,14,Model_1
2505318700603100032,4515.80957,14,Model_1
2505318700603100033,4387.170898,14,Model_1
2505318700603100034,10999.69629,14,Model_1
2505318700603100035,11320.12891,14,Model_1
2505318700603100036,7413.966309,14,Model_1
2505318700603100037,1464.1302490234375,14,Model_1
2505318700603100038,2543.916504,14,Model_1
2505318700603100039,4068.079833984375,14,Model_1
2505318700603100040,5541.939453,14,Model_1
2505318700603100041,5041.968262,14,Model_1
2505318700603100042,5191.558594,14,Model_1
2505318700603100043,4756.619629,14,Model_1
2505318700603100044,4860.121094,14,Model_1
2505318700603100045,6923.317871,14,Model_1
2505318700603100046,6754.562012,14,Model_1
2505318700603100048,4245.335449,14,Model_1
2505318700603100049,6000.463379,14,Model_1
2505318700603100050,6125.34082,14,Model_1
2505318700603100052,6519.483887,14,Model_1
2505318700603100053,5427.270508,14,Model_1
2505318700603100054,4304.013672,14,Model_1
2505318700603100055,7806.994141,14,Model_1
2505318700603100056,9738.196289,14,Model_1
2505318700603100057,4576.974121,14,Model_1
2505318700603100058,3115.379150390625,14,Model_1
2505318700603100059,5223.166504,14,Model_1
2505318700603100060,2541.63623,14,Model_1
2505318700603100061,3196.049316,14,Model_1
2505318700603100062,8633.081055,14,Model_1
2505318700603100063,5811.819336,14,Model_1
2505318700603100064,3971.976074,14,Model_1
2505318700603100065,2879.504395,14,Model_1
2505318700603100066,1833.9683837890625,14,Model_1
2505318700603100067,9982.238281,14,Model_1
2505318700603100068,7092.35498,14,Model_1
2505318700603100069,2833.173583984375,14,Model_1
2505318700603100070,7258.525391,14,Model_1
2505318700603100071,2132.0625,14,Model_1
2505318700603100072,7308.895508,14,Model_1
2505318700603100073,5121.362793,14,Model_1
2505318700603100074,4950.0625,14,Model_1
2505318700603100076,6983.854004,14,Model_1
2505318700603100077,4559.155762,14,Model_1
2505318700603100078,3250.866699,14,Model_1
2505318700603100079,6367.288086,14,Model_1
2505318700603100080,5807.802246,14,Model_1
2505318700603100082,4480.145996,14,Model_1
2505318700603100083,5505.614258,14,Model_1
2505318700603100084,1608.290039,14,Model_1
2505318700604100005,3508.368896484375,14,Model_1
2505318700604100007,2355.541504,14,Model_1
2505318700604100008,2808.899658203125,14,Model_1
2505318700604100009,6488.811523,14,Model_1
2505318700604100010,4453.327148,14,Model_1
2505318700604100011,4834.825684,14,Model_1
2505318700604100012,1906.8585205078125,14,Model_1
2505318700604100013,7277.49707,14,Model_1
2505318700604100014,3474.442871,14,Model_1
2505318700604100015,6052.302734,14,Model_1
2505318700604100016,4656.535645,14,Model_1
2505318700604100017,5130.209473,14,Model_1
2505318700604100018,3522.705566,14,Model_1
2505318700604100020,8058.686523,14,Model_1
2505318700604100021,2287.012695,14,Model_1
2505318700604100022,3119.114746,14,Model_1
2505318700604100023,2841.672607421875,14,Model_1
2505318700604100024,1873.889648,14,Model_1
2505318700604100025,4333.220215,14,Model_1
2505318700604100026,4719.82666,14,Model_1
2505318700604100027,4889.729004,14,Model_1
2505318700604100028,8934.498047,14,Model_1
2505318700604100030,4714.071777,14,Model_1
2505318700604100031,5333.553223,14,Model_1
2505318700604100032,6995.416016,14,Model_1
2505318700604100034,840.9130859,14,Model_1
2505318700606100007,2255.95459,29,Model_1
2505318700606100008,4319.707031,29,Model_1
2505318700606100009,2031.8101806640625,29,Model_1
2505318700606100010,3142.890625,29,Model_1
2505318700606100011,3402.563720703125,29,Model_1
2505318700606100012,1831.778809,29,Model_1
2505318700606100013,3526.272461,29,Model_1
2505318700606100015,2105.749755859375,29,Model_1
2505318700606100016,730.2880859,29,Model_1
2505318700606100017,4642.10498,29,Model_1
2505318700606100018,3968.447021484375,29,Model_1
2505318700606100019,2284.131348,29,Model_1
2505318700606100020,3529.016845703125,29,Model_1
2505318700606100021,1758.2039794921875,29,Model_1
2505318700606100022,1793.818848,29,Model_1
2505318700606100023,2067.779297,29,Model_1
2505318700606100024,1739.9757080078125,29,Model_1
2505318700606100025,2295.175781,29,Model_1
2505318700606100026,2391.265869140625,29,Model_1
2505318700606100027,4204.424805,29,Model_1
2505318700606100028,2141.240966796875,29,Model_1
2505318700606100029,1243.6309814453125,29,Model_1
2505318700606100030,2411.817871,29,Model_1
2505318700606100031,4454.341309,29,Model_1
2505318700606100032,1431.9803466796875,29,Model_1
2505318700606100033,1414.3641357421875,29,Model_1
2505318700606100034,1340.1922607421875,29,Model_1
2505318700606100035,3112.532227,29,Model_1
2505318700606100036,2323.439453,29,Model_1
2505318700606100037,4507.133301,29,Model_1
2505318700606100038,3136.524414,29,Model_1
2505318700606100039,3478.089355,29,Model_1
2505318700606100041,6748.507324,29,Model_1
2505318700606100042,3987.136474609375,29,Model_1
2505318700606100043,508.6750793457031,29,Model_1
2505318700606100044,1921.6573486328125,29,Model_1
2505318700606100045,2755.891113,29,Model_1
2505318700606100047,1839.329833984375,29,Model_1
2505318700606100048,9448.996094,29,Model_1
2505318700606100049,4315.788086,29,Model_1
2505318700606100050,3610.224121,29,Model_1
2505318700606100051,4615.246094,29,Model_1
2505318700606100052,2190.582031,29,Model_1
2505318700606100053,4922.396484,29,Model_1
2505318700606100056,8512.682617,29,Model_1
2505318700606100057,842.2104492,29,Model_1
2505318700606100058,2662.831543,29,Model_1
2505318700606100060,2468.597412109375,29,Model_1
2505318700606100061,7491.43457,29,Model_1
2505318700607100002,1862.0845947265625,29,Model_1
2505318700607100003,2236.036376953125,29,Model_1
2505318700607100005,4716.373047,29,Model_1
2505318700607100006,6785.052734,29,Model_1
2505318700607100008,2169.253906,29,Model_1
2505318700607100009,1767.293212890625,29,Model_1
2505318700607100010,526.4054565429688,29,Model_1
2505318700607100011,2506.506591796875,29,Model_1
2505318700607100012,3908.404541015625,29,Model_1
2505318700607100013,3912.508544921875,29,Model_1
2505318700607100014,7027.313965,29,Model_1
2505318700607100015,2465.080810546875,29,Model_1
2505318700607100016,4336.425293,29,Model_1
2505318700607100017,5028.490234,29,Model_1
2505318700607100018,6945.557617,29,Model_1
2505318700607100020,4161.715332,29,Model_1
2505318700607100021,1750.7213134765625,29,Model_1
2505318700607100022,2363.269775390625,29,Model_1
2505318700607100023,2074.514892578125,29,Model_1
2505318700607100024,2898.942138671875,29,Model_1
2505318700607100025,2834.733154296875,29,Model_1
2505318700607100026,6065.467285,29,Model_1
2505318700607100027,5170.107422,29,Model_1
2505318700607100028,3292.015625,29,Model_1
2505318700607100029,11625.05566,29,Model_1
2505318700607100030,5708.399414,29,Model_1
2505318700607100031,4156.702637,29,Model_1
2505318700607100032,4166.568848,29,Model_1
2505318700607100034,1515.672852,29,Model_1
2505318700607100035,3546.67041,29,Model_1
2505318700607100036,2174.513184,29,Model_1
2505318700607100037,1725.0382080078125,29,Model_1
2505318700607100038,3383.431396484375,29,Model_1
2505318700607100039,1870.839844,29,Model_1
2505318700607100040,3399.017822265625,29,Model_1
2505318700607100041,1885.358154296875,29,Model_1
2505318700607100044,1916.779785,29,Model_1
2505318700607100045,1762.2655029296875,29,Model_1
2505318700607100046,2424.075195,29,Model_1
2505318700607100047,1247.9981689453125,29,Model_1
2505318700607100048,2375.163086,29,Model_1
2505318700607100049,2990.992188,29,Model_1
2505318700607100050,2501.032227,29,Model_1
2505318700607100051,2589.798095703125,29,Model_1
2505318700607100052,4345.670898,29,Model_1
2505318700607100053,5584.155273,29,Model_1
2505318700607100054,4434.577148,29,Model_1
2505318700607100055,2851.658691,29,Model_1
2505318700607100056,2980.900146484375,29,Model_1
2505318700607100057,3200.351806640625,29,Model_1
2505318700607100058,1619.7264404296875,29,Model_1
2505318700607100059,2724.427490234375,29,Model_1
2505318700607100060,2744.921387,29,Model_1
2505318700607100061,504.3865051269531,29,Model_1
2505318700607100062,1876.773193359375,29,Model_1
2505318700607100063,2823.206055,29,Model_1
2505318700607100064,1379.2598876953125,29,Model_1
2505318700607100065,2187.081787109375,29,Model_1
2505318700607100066,2866.174072265625,29,Model_1
2505318700607100067,1676.0125732421875,29,Model_1
2505318700607100068,2822.325684,29,Model_1
2505318700607100069,3403.314941,29,Model_1
2505318700607100070,2410.941650390625,29,Model_1
2505318700607100071,1917.9141845703125,29,Model_1
2505318700607100072,1404.855712890625,29,Model_1
2505318700607100073,2537.906982421875,29,Model_1
2505318700607100074,3049.669189453125,29,Model_1
2505318700607100075,2034.570068359375,29,Model_1
2505318700607100076,4750.006836,29,Model_1
2505318700607100077,2413.958496,29,Model_1
2505318700607100078,2250.54834,29,Model_1
2505318700607100079,2183.705078,29,Model_1
2505318700607100080,6296.383301,29,Model_1
2505318700607100081,2797.379883,29,Model_1
2505318700607100082,2389.805908203125,29,Model_1
2505318700607100083,3699.250488,29,Model_1
2505318700607100084,2477.277099609375,29,Model_1
2505318700607100085,980.5208740234376,29,Model_1
2505318700607100086,1884.520263671875,29,Model_1
2505318700607100087,3366.748779296875,29,Model_1
2505318700607100088,2010.776611328125,29,Model_1
2505318700607100089,2455.415283203125,29,Model_1
2505318700607100090,2393.767822265625,29,Model_1
2505318700607100091,1932.2239990234375,29,Model_1
2505318700607100092,2132.124755859375,29,Model_1
2505318700607100093,2285.944824,29,Model_1
2505318700607100094,4240.797852,29,Model_1
2505318700607100095,3263.449707,29,Model_1
2505318700607100096,6749.333008,29,Model_1
2505318700607100097,1584.177490234375,29,Model_1
2505318700607100099,2744.642333984375,29,Model_1
2505318700607100100,1996.8675537109375,29,Model_1
2505318700607100101,2767.83252,29,Model_1
2505318700607100102,2617.173828,29,Model_1
2505318700607100103,3141.083740234375,29,Model_1
2505318700607100104,1610.6556396484375,29,Model_1
2505318700607100105,1657.7076416015625,29,Model_1
2505318700607100106,3719.202392578125,29,Model_1
2505318700607100107,2221.760009765625,29,Model_1
2505318700607100108,945.4033813476562,29,Model_1
2505318700607100109,2423.964111328125,29,Model_1
2505318700607100110,822.4544677734375,29,Model_1
2505318700607100111,2685.470215,29,Model_1
2505318700607100112,2589.793701171875,29,Model_1
2505318700607100113,883.3537598,29,Model_1
2505318700607100114,3157.20752,29,Model_1
2505318700607100115,2934.316162109375,29,Model_1
2505318700607100116,6278.015137,29,Model_1
2505318700607100117,2403.245849609375,29,Model_1
2505318700607100118,3011.587891,29,Model_1
2505318700607100119,3293.647461,29,Model_1
2505318700607100120,1262.107422,29,Model_1
2505318700607100121,1716.773926,29,Model_1
2505318700607100122,2456.003662109375,29,Model_1
2505318700607100123,3111.213134765625,29,Model_1
2505318700607100124,1688.350830078125,29,Model_1
2505318700607100125,1713.9371337890625,29,Model_1
2505318700607100126,3920.12207,29,Model_1
2505318700607100127,2021.2095947265625,29,Model_1
2505318700607100128,1652.137939453125,29,Model_1
2505318700607100129,4075.128418,29,Model_1
2505318700607100131,1873.958984,29,Model_1
2505318700607100132,5809.247559,29,Model_1
2505318700607100133,2146.049072265625,29,Model_1
2505318700607100134,3530.898926,29,Model_1
2505318700607100135,3094.369873046875,29,Model_1
2505318700607100136,1897.7403564453125,29,Model_1
2505318700607100137,2460.898438,29,Model_1
2505318700607100138,5739.326172,29,Model_1
2505318700607100139,2901.597900390625,29,Model_1
2505318700607100140,2275.239258,29,Model_1
2505318700607100141,2903.744873046875,29,Model_1
2505318700607100142,2958.950684,29,Model_1
2505318700607100143,3116.440185546875,29,Model_1
2505318700607100145,2802.851563,29,Model_1
2505318700607100146,3285.267578,29,Model_1
2505318700607100147,894.5079345703125,29,Model_1
2505318700607100148,1534.3480224609375,29,Model_1
2505318700607100149,1086.1861572265625,29,Model_1
2505318700607100150,2016.7003173828125,29,Model_1
2505318700607100151,3416.266113,29,Model_1
2505318700607100152,6053.533691,29,Model_1
2505318700607100153,554.8411865234375,29,Model_1
2505318700607100154,2773.546142578125,29,Model_1
2505318700607100155,2029.598388671875,29,Model_1
2505318700607100156,2278.560059,29,Model_1
2505318700607100157,3370.238525390625,29,Model_1
2505318700607100158,1369.804443359375,29,Model_1
2505318700607100159,8350.574219,29,Model_1
2505318700607100160,3685.727294921875,29,Model_1
2505318700607100161,3892.442138671875,29,Model_1
2505318700607100162,3478.661133,29,Model_1
2505318700607100163,2380.773438,29,Model_1
2505318700607100164,2131.675537109375,29,Model_1
2505318700607100165,1471.8695068359375,29,Model_1
2505318700607100166,4823.109375,29,Model_1
2505318700607100167,4932.031738,29,Model_1
2505318700607100168,1304.156005859375,29,Model_1
2505318700607100169,2723.876465,29,Model_1
2505318700607100170,4148.305664,29,Model_1
2505318700607100171,2949.337402,29,Model_1
2505318700607100172,1768.6607666015625,29,Model_1
2505318700607100173,4626.069824,29,Model_1
2505318700607100174,6005.499512,29,Model_1
2505318700607100176,6180.163574,29,Model_1
2505318700607100177,5037.525391,29,Model_1
2505318700607100178,5160.317383,29,Model_1
2505318700607100179,1149.0958251953125,29,Model_1
2505318700608100006,3869.027099609375,29,Model_1
2505318700608100008,2188.515137,29,Model_1
2505318700608100009,4265.537598,29,Model_1
2505318700608100010,2725.690918,29,Model_1
2505318700608100011,7542.324219,29,Model_1
2505318700608100012,2508.686035,29,Model_1
2505318700608100013,2868.632813,29,Model_1
2505318700608100015,2329.108398,29,Model_1
2505318700608100016,3274.624023,29,Model_1
2505318700608100017,1602.721191,29,Model_1
2505318700608100018,2685.638916015625,29,Model_1
2505318700608100019,1602.8648681640625,29,Model_1
2505318700608100020,2488.674805,29,Model_1
2505318700608100021,2467.118164,29,Model_1
2505318700608100022,5185.128418,29,Model_1
2505318700608100023,6171.371582,29,Model_1
2505318700608100025,2460.019043,29,Model_1
2505318700608100026,3044.786621,29,Model_1
2505318700608100027,9290.5,29,Model_1
2505318700608100028,3538.938232421875,29,Model_1
2505318700608100029,2102.547607421875,29,Model_1
2505318700608100031,2721.927978515625,29,Model_1
2505318700608100032,6409.270508,29,Model_1
2505318700608100034,2760.755859,29,Model_1
2505318700608100035,2570.684814453125,29,Model_1
2505318700608100036,5401.493164,29,Model_1
2505318700608100037,3943.972168,29,Model_1
2505318700608100038,4410.138184,29,Model_1
2505318700608100039,3465.944824,29,Model_1
2505318700608100040,2199.190918,29,Model_1
2505318700608100041,4967.991699,29,Model_1
2505318700608100042,2805.225830078125,29,Model_1
2505318700608100043,7538.018555,29,Model_1
2505318700608100044,3345.930419921875,29,Model_1
2505318700608100045,7506.26123,29,Model_1
2505318700608100046,5143.257324,29,Model_1
2505318700608100047,3322.681396484375,29,Model_1
2505318700608100048,2372.033203,29,Model_1
2505318700608100049,2723.951172,29,Model_1
2505318700608100050,2173.402099609375,29,Model_1
2505318700608100051,7265.298828,29,Model_1
2505318700608100052,4682.190918,29,Model_1
2505318700608100053,5572.341309,29,Model_1
2505318700608100054,5420.48291,29,Model_1
2505318700608100056,1299.0833740234375,29,Model_1
2505318700608100057,9894.638672,29,Model_1
2505318700608100058,4919.521484,29,Model_1
2505318700608100059,2843.995117,29,Model_1
2505318700608100060,2573.836669921875,29,Model_1
2505318700608100061,1537.947266,29,Model_1
2505318700608100062,4553.56543,29,Model_1
2505318700608100063,5081.751953,29,Model_1
2505318700608100064,615.3907470703125,29,Model_1
2505318700608100065,1128.475098,29,Model_1
2505318700608100066,3964.797607421875,29,Model_1
2505318700608100067,3288.642333984375,29,Model_1
2505318700608100068,2221.216064453125,29,Model_1
2505318700608100069,3637.002685546875,29,Model_1
2505318700608100070,1668.808349609375,29,Model_1
2505318700608100071,2809.122559,29,Model_1
2505318700608100072,2923.382568359375,29,Model_1
2505318700608100073,3338.257324,29,Model_1
2505318700608100074,1479.618408203125,29,Model_1
2505318700608100075,3311.794189453125,29,Model_1
2505318700608100076,2502.253173828125,29,Model_1
2505318700608100077,5422.796387,29,Model_1
2505318700608100078,3167.289794921875,29,Model_1
2505318700608100079,4421.745117,29,Model_1
2505318700608100080,1254.9215087890625,29,Model_1
2505318700608100081,1633.7889404296875,29,Model_1
2505318700608100082,1175.5679931640625,29,Model_1
2505318700608100083,9226.256836,29,Model_1
2505318700608100084,1509.043945,29,Model_1
2505318700608100085,2872.646973,29,Model_1
2505318700608100086,2767.270263671875,29,Model_1
2505318700608100087,4328.102051,29,Model_1
2505318700608100088,4293.970215,29,Model_1
2505318700608100089,2214.785645,29,Model_1
2505318700608100091,4281.608887,29,Model_1
2505318700608100092,3802.170898,29,Model_1
2505318700608100093,1871.023681640625,29,Model_1
2505318700608100094,2385.536621,29,Model_1
2505318700608100095,3099.879638671875,29,Model_1
2505318700608100097,2239.906494140625,29,Model_1
2505318700608100098,1463.0797119140625,29,Model_1
2505318700608100099,5496.366211,29,Model_1
2505318700608100100,3161.424805,29,Model_1
2505318700608100101,2412.274169921875,29,Model_1
2505318700608100102,1955.515380859375,29,Model_1
2505318700608100103,2749.293701171875,29,Model_1
2505318700608100104,1446.277832,29,Model_1
2505318700608100105,3541.524414,29,Model_1
2505318700608100106,2650.525146484375,29,Model_1
2505318700608100107,3393.701904296875,29,Model_1
2505318700608100108,5012.979004,29,Model_1
2505318700608100109,2940.269775390625,29,Model_1
2505318700608100110,1889.4332275390625,29,Model_1
2505318700608100111,8462.922852,29,Model_1
2505318700608100112,2962.966064453125,29,Model_1
2505318700608100113,4295.945801,29,Model_1
2505318700608100114,4042.847900390625,29,Model_1
2505318700608100115,2073.811523,29,Model_1
2505318700608100117,1999.6256103515625,29,Model_1
2505318700608100118,2088.959716796875,29,Model_1
2505318700608100119,4259.724121,29,Model_1
2505318700608100121,2652.272461,29,Model_1
2505318700608100122,1837.412598,29,Model_1
2505318700608100123,6329.591797,29,Model_1
2505318700608100124,1906.1983642578125,29,Model_1
2505318700608100125,1518.506836,29,Model_1
2505318700608100126,4255.399414,29,Model_1
2505318700608100127,2868.413330078125,29,Model_1
2505318700608100128,3884.282227,29,Model_1
2505318700608100129,2460.120605,29,Model_1
2505318700608100130,2446.042969,29,Model_1
2505318700608100131,5097.535645,29,Model_1
2505318700608100132,1546.804931640625,29,Model_1
2505318700608100133,2769.848388671875,29,Model_1
2505318700608100134,5045.905273,29,Model_1
2505318700608100135,2472.296630859375,29,Model_1
2505318700608100136,3338.895996,29,Model_1
2505318700608100137,1278.660645,29,Model_1
2505318700608100138,3149.233642578125,29,Model_1
2505318700608100139,3241.561767578125,29,Model_1
2505318700608100140,3387.422119140625,29,Model_1
2505318700608100141,1820.3878173828125,29,Model_1
2505318700608100142,1794.798828,29,Model_1
2505318700608100143,2204.268555,29,Model_1
2505318700608100144,2096.162109,29,Model_1
2505318700608100145,1273.141113,29,Model_1
2505318700608100146,2885.941162109375,29,Model_1
2505318700608100147,5369.71582,29,Model_1
2505318700608100148,5662.077148,29,Model_1
2505318700608100149,4445.485352,29,Model_1
2505318700608100150,1774.754883,29,Model_1
2505318700608100151,2092.706787109375,29,Model_1
2505318700608100152,1677.386474609375,29,Model_1
2505318700608100153,2975.110107421875,29,Model_1
2505318700608100154,4059.175537109375,29,Model_1
2505318700608100155,2329.102539,29,Model_1
2505318700608100156,1953.1575927734375,29,Model_1
2505318700608100158,752.5664063,29,Model_1
2505318700608100159,1792.3970947265625,29,Model_1
2505318700608100160,5334.738281,29,Model_1
2505318700608100161,2504.936279296875,29,Model_1
2505318700608100162,2423.123535,29,Model_1
2505318700608100163,6989.945313,29,Model_1
2505318700608100165,1805.2703857421875,29,Model_1
2505318700608100166,1737.8123779296875,29,Model_1
2505318700608100167,1979.4276123046875,29,Model_1
2505318700608100168,4929.62793,29,Model_1
2505318700608100169,4109.214355,29,Model_1
2505318700608100170,2267.364990234375,29,Model_1
2505318700608100171,735.7973633,29,Model_1
2505318700608100172,3237.553955078125,29,Model_1
2505318700609100004,1861.271728515625,29,Model_1
2505318700609100005,3155.272949,29,Model_1
2505318700609100006,1517.0177001953125,29,Model_1
2505318700609100007,4072.113281,29,Model_1
2505318700609100008,6442.82666,29,Model_1
2505318700609100009,7340.962402,29,Model_1
2505318700611100005,4326.179688,32,Model_1
2505318700611100006,2750.218505859375,32,Model_1
2505318700611100007,3981.266602,32,Model_1
2505318700611100008,4726.95752,32,Model_1
2505318700611100009,6777.370605,32,Model_1
2505318700611100010,4425.746582,32,Model_1
2505318700611100011,5438.250488,32,Model_1
2505318700611100012,4670.186035,32,Model_1
2505318700611100013,7667.042969,32,Model_1
2505318700611100014,2994.356201171875,32,Model_1
2505318700611100015,5280.422852,32,Model_1
2505318700611100016,9856.868164,32,Model_1
2505318700611100017,2415.279785,32,Model_1
2505318700611100018,6090.633789,32,Model_1
2505318700611100019,3964.005615234375,32,Model_1
2505318700612100001,4636.722656,32,Model_1
2505318700612100002,9726.785156,32,Model_1
2505318700612100003,5038.715332,32,Model_1
2505318700612100004,2853.981934,32,Model_1
2505318700612100005,10281.15527,32,Model_1
2505318700612100006,5001.172363,32,Model_1
2505318700612100007,6727.319824,32,Model_1
2505318700612100008,3712.624023,32,Model_1
2505318700612100009,3591.633544921875,32,Model_1
2505318700612100010,5247.052246,32,Model_1
2505318700612100011,4327.130859,32,Model_1
2505318700612100012,3298.978516,32,Model_1
2505318700612100013,5054.96875,32,Model_1
2505318700612100014,7864.944824,32,Model_1
2505318700612100015,4601.230957,32,Model_1
2505318700612100016,5394.89502,32,Model_1
2505318700612100017,5345.288574,32,Model_1
2505318700612100018,2029.6866455078125,32,Model_1
2505318700612100019,5136.940918,32,Model_1
2505318700612100020,3743.753662109375,32,Model_1
2505318700612100021,4365.771973,32,Model_1
2505318700612100022,2592.62793,32,Model_1
2505318700612100023,5651.768066,32,Model_1
2505318700612100024,5974.310059,32,Model_1
2505318700612100025,9857.015625,32,Model_1
2505318700612100026,4151.763672,32,Model_1
2505318700612100027,4667.11377,32,Model_1
2505318700612100028,2277.693848,32,Model_1
2505318700612100029,2639.941162109375,32,Model_1
2505318700612100031,3896.92041,32,Model_1
2505318700612100032,5970.852539,32,Model_1
2505318700612100034,3639.615478515625,32,Model_1
2505318700612100035,4845.990234,32,Model_1
2505318700612100036,1716.8929443359375,32,Model_1
2505318700612100037,6757.290527,32,Model_1
2505318700612100038,4751.147949,32,Model_1
2505318700612100039,6031.228027,32,Model_1
2505318700612100040,4239.098145,32,Model_1
2505318700612100041,3473.884766,32,Model_1
2505318700612100042,7730.487305,32,Model_1
2505318700612100043,3364.363281,32,Model_1
2505318700613100001,3542.382324,32,Model_1
2505318700613100005,3052.045166015625,32,Model_1
2505318700613100006,2834.529785,32,Model_1
2505318700613100007,3479.401367,32,Model_1
2505318700613100008,4822.30957,32,Model_1
2505318700613100009,5492.516113,32,Model_1
2505318700613100010,5108.979004,32,Model_1
2505318700613100011,2741.209961,32,Model_1
2505318700613100012,4265.510742,32,Model_1
2505318700613100014,3995.31543,32,Model_1
2505318700613100015,1991.010254,32,Model_1
2505318700613100016,3427.613525390625,32,Model_1
2505318700613100017,4737.883301,32,Model_1
2505318700613100018,2449.475830078125,32,Model_1
2505318700613100019,4864.346191,32,Model_1
2505318700613100020,6554.607422,32,Model_1
2505318700613100021,8233.424805,32,Model_1
2505318700613100022,18604.44727,32,Model_1
2505318700613100025,3709.697509765625,32,Model_1
2505318700613100026,2732.733642578125,32,Model_1
2505318700613100027,3502.320801,32,Model_1
2505318700613100028,4450.271484,32,Model_1
2505318700613100029,6643.023438,32,Model_1
2505318700613100030,2370.662598,32,Model_1
2505318700613100031,2857.288086,32,Model_1
2505318700613100032,2619.716064453125,32,Model_1
2505318700613100034,4010.608154296875,32,Model_1
2505318700613100035,2992.229248046875,32,Model_1
2505318700613100036,6351.669434,32,Model_1
2505318700613100037,3476.487305,32,Model_1
2505318700613100038,5636.364746,32,Model_1
2505318700613100039,7123.26709,32,Model_1
2505318700613100041,4906.647461,32,Model_1
2505318700613100042,2525.088134765625,32,Model_1
2505318700613100044,3748.803223,32,Model_1
2505318700613100045,5199.344238,32,Model_1
2505318700613100046,4104.240234,32,Model_1
2505318700613100047,2631.740723,32,Model_1
2505318700613100048,2533.968262,32,Model_1
2505318700613100049,4142.619629,32,Model_1
2505318700613100050,7004.440918,32,Model_1
2505318700613100051,2173.447266,32,Model_1
2505318700613100052,3389.431152,32,Model_1
2505318700614100003,3958.093262,32,Model_1
2505318700614100004,3122.390625,32,Model_1
2505318700614100005,7499.304688,32,Model_1
2505318700614100006,2577.213134765625,32,Model_1
2505318700614100007,5337.922852,32,Model_1
2505318700614100008,4214.163086,32,Model_1
2505318700614100010,7717.072754,32,Model_1
2505318700614100011,2785.793212890625,32,Model_1
2505318700614100012,4314.214355,32,Model_1
2505318700614100014,2159.158203,32,Model_1
2505318700620100006,5439.834473,4,Model_1
2505318700620100007,3661.950439453125,4,Model_1
2505318700620100008,6015.55127,4,Model_1
2505318700620100009,5793.560059,4,Model_1
2505318700620100010,3354.952148,4,Model_1
2505318700620100011,2115.334228515625,4,Model_1
2505318700620100012,2824.280273,4,Model_1
2505318700620100013,9867.930664,4,Model_1
2505318700620100015,5327.963867,4,Model_1
2505318700620100016,1819.010986328125,4,Model_1
2505318700620100017,1711.7977294921875,4,Model_1
2505318700620100018,4193.668945,4,Model_1
2505318700620100019,5166.902832,4,Model_1
2505318700620100020,2583.673583984375,4,Model_1
2505318700620100021,2241.033935546875,4,Model_1
2505318700620100022,8186.122559,4,Model_1
2505318700620100024,3291.318848,4,Model_1
2505318700620100025,6736.590332,4,Model_1
2505318700620100026,5267.036621,4,Model_1
2505318700620100027,2522.203613,4,Model_1
2505318700620100029,10264.43652,4,Model_1
2505318700620100030,7777.32666,4,Model_1
2505318700621100005,932.0385131835938,4,Model_1
2505318700621100006,7241.125488,4,Model_1
2505318700621100007,2077.339844,4,Model_1
2505318700621100008,2861.147705078125,4,Model_1
2505318700621100009,1727.696533203125,4,Model_1
2505318700621100010,1053.8870849609375,4,Model_1
2505318700621100011,2113.23584,4,Model_1
2505318700621100012,4086.199462890625,4,Model_1
2505318700621100013,5240.503418,4,Model_1
2505318700621100014,6664.152832,4,Model_1
2505318700621100015,3147.567138671875,4,Model_1
2505318700621100016,4056.239990234375,4,Model_1
2505318700621100017,8273.472656,4,Model_1
2505318700621100018,4200.663574,4,Model_1
2505318700622100002,5230.774414,4,Model_1
2505318700622100004,2354.297119140625,4,Model_1
2505318700622100005,2987.714844,4,Model_1
2505318700622100006,2789.063232421875,4,Model_1
2505318700625100001,1558.7874755859375,8,Model_1
2505318700625100002,3845.568848,8,Model_1
2505318700625100003,9146.852539,8,Model_1
2505318700625100005,5257.680176,8,Model_1
2505318700625100006,3031.206055,8,Model_1
2505318700626100003,3367.777832,8,Model_1
2505318700626100004,6842.015137,8,Model_1
2505318700626100005,3310.114746,8,Model_1
2505318700626100006,4155.922852,8,Model_1
2505318700626100007,3967.437012,8,Model_1
2505318700626100008,5403.852051,8,Model_1
2505318700626100009,2699.569336,8,Model_1
2505318700626100010,13546.2334,8,Model_1
2505318700626100011,3428.708496,8,Model_1
2505318700626100012,8928.030273,8,Model_1
2505318700626100013,5646.350098,8,Model_1
2505318700626100014,4458.622559,8,Model_1
2505318700626100015,4975.984863,8,Model_1
2505318700626100016,3979.116211,8,Model_1
2505318700626100017,5124.304199,8,Model_1
2505318700626100018,6938.542969,8,Model_1
2505318700630100003,5596.894043,14,Model_1
2505318700630100004,4157.937012,14,Model_1
2505318700630100005,5571.999512,14,Model_1
2505318700630100006,4395.703613,14,Model_1
2505318700631100001,4175.055176,14,Model_1
2505318700631100003,4837.741699,14,Model_1
2505318700631100004,4689.03125,14,Model_1
2505318700640100003,5448.119141,32,Model_1
2505318700640100005,3021.533691,32,Model_1
2505318700640100006,7036.308105,32,Model_1
2505318700640100007,3730.413818359375,32,Model_1
2505318700640100008,5132.646973,32,Model_1
2505318700640100009,8933.431641,32,Model_1
2505318700640100010,5160.119141,32,Model_1
2505318700640100011,5876.829102,32,Model_1
2505318700640100012,2012.4002685546875,32,Model_1
2505318700640100013,4393.478516,32,Model_1
2505318700640100014,4356.45166,32,Model_1
2505318700640100015,2695.513916015625,32,Model_1
2505318700640100016,6211.651367,32,Model_1
2505318700640100017,3960.990478515625,32,Model_1
2505318700640100018,1478.1500244140625,32,Model_1
2505318700640100019,4660.83252,32,Model_1
2505318700640100021,4061.706055,32,Model_1
2505318700641100002,2902.535888671875,32,Model_1
2505318700641100003,3609.006591796875,32,Model_1
2505318700641100004,3021.458740234375,32,Model_1
2505318700641100005,4190.779785,32,Model_1
2505318700641100006,5427.848145,32,Model_1
2505318700641100007,4071.595947265625,32,Model_1
2505318700641100008,3445.291748046875,32,Model_1
2505318700641100010,4036.194091796875,32,Model_1
2505318700641100011,3523.189208984375,32,Model_1
2505318700641100012,5737.156738,32,Model_1
2505318700641100013,4594.133789,32,Model_1
2505318700641100014,5513.554688,32,Model_1
2505318700641100015,4104.57373,32,Model_1
2505318700641100016,3518.423095703125,32,Model_1
2505318700641100017,6195.231445,32,Model_1
2505318700641100018,8465.78125,32,Model_1
2505318700641100019,5308.478027,32,Model_1
2505318700641100020,6620.609375,32,Model_1
2505318700641100021,5738.831055,32,Model_1
2505318700641100022,4073.963379,32,Model_1
2505318700676100002,4972.726074,5,Model_1
2505318700676100003,3762.177734,5,Model_1
2505318700676100004,2573.676025390625,5,Model_1
2505318700676100005,3154.687988,5,Model_1
2505318700676100006,3848.876465,5,Model_1
2505318700676100007,6408.457031,5,Model_1
2505318700676100009,5386.476563,5,Model_1
2505318700676100010,5202.724609,5,Model_1
2505318700676100011,6296.599121,5,Model_1
2505318700676100012,2147.956787109375,5,Model_1
2505318700676100013,2460.036133,5,Model_1
2505318700676100015,1897.566406,5,Model_1
2505318700676100016,2172.295166015625,5,Model_1
2505318700676100017,5913.09668,5,Model_1
2505318700676100018,1492.8914794921875,5,Model_1
2505318700676100019,7726.987305,5,Model_1
2505318700676100020,5845.731445,5,Model_1
2505318700676100021,1788.191650390625,5,Model_1
2505318700676100022,2099.967529296875,5,Model_1
2505318700676100023,7981.387207,5,Model_1
2505318700676100024,6386.28125,5,Model_1
2505318700676100025,7466.764648,5,Model_1
2505318700676100026,4702.238281,5,Model_1
2505318700676100027,2776.435059,5,Model_1
2505318700676100028,3541.163574,5,Model_1
2505318700676100029,2355.958496,5,Model_1
2505318700676100030,3513.175293,5,Model_1
2505318700677100001,5518.546387,5,Model_1
2505318700677100002,3972.614013671875,5,Model_1
2505318700677100003,4317.264648,5,Model_1
2505318700677100004,4240.046875,5,Model_1
2505318700677100005,3568.114746,5,Model_1
2505318700677100006,1443.0125732421875,5,Model_1
2505318700677100007,4999.270996,5,Model_1
2505318700677100008,6807.145508,5,Model_1
2505318700677100009,3880.655517578125,5,Model_1
2505318700677100010,3576.766113,5,Model_1
2505318700677100011,3123.675781,5,Model_1
2505318700677100012,1921.052246,5,Model_1
2505318700677100013,2490.475098,5,Model_1
2505318700677100014,4761.925293,5,Model_1
2505318700677100015,5957.311523,5,Model_1
2505318700677100016,6886.911621,5,Model_1
2505318700677100017,7675.972656,5,Model_1
2505318700677100018,2302.553223,5,Model_1
2505318700677100019,2361.878173828125,5,Model_1
2505318700677100020,2581.795898,5,Model_1
2505318700677100021,3381.138916015625,5,Model_1
2505318700677100022,3948.778076171875,5,Model_1
2505318700677100023,4230.316895,5,Model_1
2505318700677100024,2461.018066,5,Model_1
2505318700677100025,6964.916992,5,Model_1
2505318700677100026,4440.147949,5,Model_1
2505318700677100027,3026.050781,5,Model_1
2505318700677100028,4519.111328,5,Model_1
2505318700677100029,5767.044434,5,Model_1
2505318700677100030,1466.7518310546875,5,Model_1
2505318700677100031,10337.21973,5,Model_1
2505318700677100032,3857.464844,5,Model_1
2505318700677100033,5347.035645,5,Model_1
2505318700677100034,4134.019531,5,Model_1
2505318700677100035,4636.319336,5,Model_1
2505318700677100036,1662.811035,5,Model_1
2505318700677100037,6193.983887,5,Model_1
2505318700677100038,3127.666748046875,5,Model_1
2505318700677100039,5184.646484,5,Model_1
2505318700677100040,5168.161133,5,Model_1
2505318700677100042,5789.937988,5,Model_1
2505318700677100043,7691.915039,5,Model_1
2505318700677100044,5820.11084,5,Model_1
2505318700677100045,3349.130615234375,5,Model_1
2505318700677100046,2233.879883,5,Model_1
2505318700677100048,2336.657958984375,5,Model_1
2505318700677100049,2856.508301,5,Model_1
2505318700677100050,4519.99707,5,Model_1
2505318700677100052,4908.827148,5,Model_1
2505318700677100053,2972.719482421875,5,Model_1
2505318700677100054,1616.080322265625,5,Model_1
2505318700677100055,4068.040039,5,Model_1
2505318700678100002,2998.045898,5,Model_1
2505318700678100003,4027.006836,5,Model_1
2505318700678100005,5445.884766,5,Model_1
2505318700678100006,3386.565185546875,5,Model_1
2505318700678100007,4861.755859,5,Model_1
2505318700678100008,3156.605957,5,Model_1
2505318700678100009,3522.536133,5,Model_1
2505318700678100011,7154.59375,5,Model_1
2505318700678100012,3122.193115234375,5,Model_1
2505318700678100013,3247.797607421875,5,Model_1
2505318700678100014,3671.473145,5,Model_1
2505318700678100015,2956.731445,5,Model_1
2505318700678100017,2892.071044921875,5,Model_1
2505318700678100018,3848.853271484375,5,Model_1
2505318700678100019,4209.36084,5,Model_1
2505318700678100020,3790.682373046875,5,Model_1
2505318700678100021,3279.111572265625,5,Model_1
2505318700678100022,3668.617919921875,5,Model_1
2505318700678100023,3446.382080078125,5,Model_1
2505318700678100024,8091.572754,5,Model_1
2505318700678100025,4419.431641,5,Model_1
2505318700678100026,4443.554688,5,Model_1
2505318700678100027,4304.755859,5,Model_1
2505318700682100001,4960.17041,9,Model_1
2505318700682100002,1617.319824,9,Model_1
2505318700682100003,4453.788086,9,Model_1
2505318700682100004,4693.30127,9,Model_1
2505318700682100005,3924.307617,9,Model_1
2505318700682100006,3496.467041015625,9,Model_1
2505318700682100007,4729.625977,9,Model_1
2505318700682100008,3297.387207,9,Model_1
2505318700682100009,4282.795898,9,Model_1
2505318700682100010,5929.390625,9,Model_1
2505318700682100011,5803.79834,9,Model_1
2505318700682100012,8384.505859,9,Model_1
2505318700682100013,2863.695801,9,Model_1
2505318700682100014,12842.56445,9,Model_1
2505318700682100015,11525.09277,9,Model_1
2505318700682100016,4760.767578,9,Model_1
2505318700683100003,4534.513672,9,Model_1
2505318700683100005,7487.603516,9,Model_1
2505318700683100006,5109.015625,9,Model_1
2505318700683100007,6019.932617,9,Model_1
2505318700683100009,5540.172852,9,Model_1
2505318700683100010,1618.1124267578125,9,Model_1
2505318700686100001,5556.607422,15,Model_1
2505318700686100002,1936.947266,15,Model_1
2505318700686100003,3276.12793,15,Model_1
2505318700686100004,1949.187988,15,Model_1
2505318700686100005,2912.524902,15,Model_1
2505318700686100006,3445.635009765625,15,Model_1
2505318700686100007,4556.12207,15,Model_1
2505318700686100008,1212.614258,15,Model_1
2505318700686100009,2539.410156,15,Model_1
2505318700686100010,2736.117188,15,Model_1
2505318700686100011,1740.754395,15,Model_1
2505318700686100012,3881.313232421875,15,Model_1
2505318700686100013,5096.190918,15,Model_1
2505318700686100014,4909.86377,15,Model_1
2505318700686100015,5423.044434,15,Model_1
2505318700686100016,2760.706055,15,Model_1
2505318700686100017,7170.919922,15,Model_1
2505318700686100018,1565.3643798828125,15,Model_1
2505318700686100019,6518.174805,15,Model_1
2505318700686100020,14239.97852,15,Model_1
2505318700686100021,3143.26416,15,Model_1
2505318700686100022,3580.058349609375,15,Model_1
2505318700686100023,3050.848876953125,15,Model_1
2505318700686100024,4102.271973,15,Model_1
2505318700686100025,3368.672363,15,Model_1
2505318700686100026,3354.566162109375,15,Model_1
2505318700686100028,997.0655517578124,15,Model_1
2505318700687100002,5330.83252,15,Model_1
2505318700687100004,4792.85498,15,Model_1
2505318700687100005,6714.529785,15,Model_1
2505318700687100006,1463.4613037109375,15,Model_1
2505318700687100007,3518.424072265625,15,Model_1
2505318700687100008,4229.158203,15,Model_1
2505318700687100009,4040.875488,15,Model_1
2505318700687100010,3669.648438,15,Model_1
2505318700687100011,2164.062255859375,15,Model_1
2505318700687100012,4869.133301,15,Model_1
2505318700687100013,3157.634521484375,15,Model_1
2505318700687100014,7481.366211,15,Model_1
2505318700687100015,4477.040039,15,Model_1
2505318700687100016,2688.085938,15,Model_1
2505318700687100017,4030.775146484375,15,Model_1
2505318700687100018,4666.200195,15,Model_1
2505318700687100019,4293.741211,15,Model_1
2505318700687100020,2972.015869140625,15,Model_1
2505318700687100021,4218.070801,15,Model_1
2505318700687100022,3988.466309,15,Model_1
2505318700687100023,5982.116211,15,Model_1
2505318700687100024,4813.944336,15,Model_1
2505318700687100025,6279.607422,15,Model_1
2505318700687100026,5448.111816,15,Model_1
2505318700687100027,8348.648438,15,Model_1
2505318700687100028,1916.934814453125,15,Model_1
2505318700687100029,1137.731934,15,Model_1
2505318700687100031,8891.72168,15,Model_1
2505318700687100032,4831.286621,15,Model_1
2505318700688100005,13197.97656,15,Model_1
2505318700688100006,3257.177001953125,15,Model_1
2505318700688100008,7425.521484,15,Model_1
2505318700688100009,3978.762207,15,Model_1
2505318700688100010,6610.434082,15,Model_1
2505318700688100011,8081.839844,15,Model_1
2505318700688100012,2333.710449,15,Model_1
2505318700691100003,4120.046387,30,Model_1
2505318700691100004,5326.912109,30,Model_1
2505318700691100005,5169.107422,30,Model_1
2505318700691100006,5203.875488,30,Model_1
2505318700691100007,4917.746094,30,Model_1
2505318700691100008,3621.915771484375,30,Model_1
2505318700691100009,4291.901855,30,Model_1
2505318700691100010,7040.414063,30,Model_1
2505318700691100011,8854.173828,30,Model_1
2505318700691100012,5123.592773,30,Model_1
2505318700691100013,3900.132080078125,30,Model_1
2505318700691100014,3862.732177734375,30,Model_1
2505318700691100015,5024.415527,30,Model_1
2505318700691100016,2813.251953,30,Model_1
2505318700691100017,6836.103027,30,Model_1
2505318700691100018,4035.010254,30,Model_1
2505318700691100019,5698.334961,30,Model_1
2505318700691100020,4260.005859,30,Model_1
2505318700691100021,4496.440918,30,Model_1
2505318700691100023,2853.039063,30,Model_1
2505318700691100024,2286.104004,30,Model_1
2505318700691100025,5956.519043,30,Model_1
2505318700691100026,5017.953613,30,Model_1
2505318700691100027,2497.688720703125,30,Model_1
2505318700691100028,3121.483154296875,30,Model_1
2505318700691100029,3557.432617,30,Model_1
2505318700691100031,4337.197266,30,Model_1
2505318700692100006,9991.095703,30,Model_1
2505318700692100007,3486.930908203125,30,Model_1
2505318700692100008,4183.796875,30,Model_1
2505318700692100009,4466.452148,30,Model_1
2505318700692100010,3787.732177734375,30,Model_1
2505318700692100011,3739.005615234375,30,Model_1
2505318700692100012,3834.301025390625,30,Model_1
2505318700692100013,3136.364258,30,Model_1
2505318700692100014,2009.314697265625,30,Model_1
2505318700692100016,1512.2137451171875,30,Model_1
2505318700692100017,2593.84082,30,Model_1
2505318700692100018,4570.000977,30,Model_1
2505318700692100019,6147.306641,30,Model_1
2505318700692100020,3418.081055,30,Model_1
2505318700692100021,2537.958984,30,Model_1
2505318700692100022,3259.424316,30,Model_1
2505318700692100023,4943.759766,30,Model_1
2505318700692100024,5546.223145,30,Model_1
2505318700692100025,2947.265625,30,Model_1
2505318700692100026,1975.3602294921875,30,Model_1
2505318700692100027,1806.5667724609375,30,Model_1
2505318700692100028,2952.890137,30,Model_1
2505318700692100029,5157.706055,30,Model_1
2505318700692100030,4286.591309,30,Model_1
2505318700692100031,4573.995117,30,Model_1
2505318700692100032,3021.388184,30,Model_1
2505318700692100033,7856.638672,30,Model_1
2505318700692100034,7005.161621,30,Model_1
2505318700692100035,5137.294434,30,Model_1
2505318700692100036,2091.88623,30,Model_1
2505318700692100037,7759.034668,30,Model_1
2505318700692100038,8506.204102,30,Model_1
2505318700692100039,4846.618652,30,Model_1
2505318700692100040,3072.174072265625,30,Model_1
2505318700692100041,3144.806884765625,30,Model_1
2505318700692100042,5841.149414,30,Model_1
2505318700692100043,4523.816895,30,Model_1
2505318700692100044,6336.257813,30,Model_1
2505318700692100045,5673.947266,30,Model_1
2505318700692100046,5435.660645,30,Model_1
2505318700692100047,5207.015625,30,Model_1
2505318700692100048,2478.848876953125,30,Model_1
2505318700692100049,4112.790039,30,Model_1
2505318700692100050,1727.954345703125,30,Model_1
2505318700692100052,2610.547852,30,Model_1
2505318700692100053,3320.115966796875,30,Model_1
2505318700692100054,5837.071777,30,Model_1
2505318700692100055,8288.192383,30,Model_1
2505318700692100056,9161.969727,30,Model_1
2505318700692100057,2348.296630859375,30,Model_1
2505318700692100058,6166.193359,30,Model_1
2505318700692100060,6927.046875,30,Model_1
2505318700692100061,2610.185302734375,30,Model_1
2505318700692100062,4513.691406,30,Model_1
2505318700692100063,6073.214844,30,Model_1
2505318700692100064,3995.650146484375,30,Model_1
2505318700692100065,2837.848388671875,30,Model_1
2505318700692100066,4457.539063,30,Model_1
2505318700692100067,3224.029785,30,Model_1
2505318700692100068,2674.963379,30,Model_1
2505318700692100069,4029.128173828125,30,Model_1
2505318700692100070,6508.386719,30,Model_1
2505318700692100071,3376.455810546875,30,Model_1
2505318700693100004,3755.525879,30,Model_1
2505318700693100007,3308.304199,30,Model_1
2505318700693100008,5795.223633,30,Model_1
2505318700693100009,4367.481934,30,Model_1
2505318700693100010,2410.042724609375,30,Model_1
2505318700693100011,8044.291992,30,Model_1
2505318700693100012,3906.557617,30,Model_1
2505318700693100014,4425.303711,30,Model_1
2505318700693100015,5093.71875,30,Model_1
2505318700693100016,3449.515869140625,30,Model_1
2505318700693100017,6227.163086,30,Model_1
2505318700693100018,2292.774169921875,30,Model_1
2505318700693100020,2060.29541,30,Model_1
2505318700697100001,6715.44043,33,Model_1
2505318700697100002,5177.185059,33,Model_1
2505318700697100003,6237.321777,33,Model_1
2505318700697100004,3239.458251953125,33,Model_1
2505318700697100005,3762.740234,33,Model_1
2505318700697100006,5464.379395,33,Model_1
2505318700697100007,5122.59375,33,Model_1
2505318700697100008,1874.9674072265625,33,Model_1
2505318700703100002,2022.4776611328125,5,Model_1
2505318700703100003,4436.866699,5,Model_1
2505318700704100004,4662.217285,5,Model_1
2505318700704100005,5649.45166,5,Model_1
2505318700704100006,3453.545898,5,Model_1
2505318700704100007,5679.778809,5,Model_1
2505318700704100008,2865.616699,5,Model_1
2505318700704100009,6803.227051,5,Model_1
2505318700704100010,3525.013672,5,Model_1
2505318700704100011,8975.756836,5,Model_1
2505318700704100012,3108.312988,5,Model_1
2505318700704100013,9753.054688,5,Model_1
2505318700704100014,3756.321289,5,Model_1
2505318700704100015,5790.78125,5,Model_1
2505318700704100016,2630.762695,5,Model_1
2505318700704100017,5290.477539,5,Model_1
2505318700704100018,5258.046875,5,Model_1
2505318700704100019,3571.244384765625,5,Model_1
2505318700704100020,6476.324707,5,Model_1
2505318700704100021,3673.664063,5,Model_1
2505318700704100022,4435.038574,5,Model_1
2505318700704100023,3184.584228515625,5,Model_1
2505318700704100024,3124.235352,5,Model_1
2505318700704100025,2242.619629,5,Model_1
2505318700704100026,8027.76416,5,Model_1
2505318700704100027,6162.270508,5,Model_1
2505318700704100028,3832.664063,5,Model_1
2505318700704100029,5043.192383,5,Model_1
2505318700704100030,2064.457031,5,Model_1
2505318700704100032,3505.535156,5,Model_1
2505318700704100033,4166.78125,5,Model_1
2505318700704100034,9175.851563,5,Model_1
2505318700704100035,8736.421875,5,Model_1
2505318700704100036,4691.12207,5,Model_1
2505318700704100037,5342.000977,5,Model_1
2505318700704100038,3721.515380859375,5,Model_1
2505318700704100039,3261.280517578125,5,Model_1
2505318700704100040,4437.03125,5,Model_1
2505318700704100041,3728.048828,5,Model_1
2505318700704100042,3876.82373,5,Model_1
2505318700704100043,9037.768555,5,Model_1
2505318700704100044,775.8661499023438,5,Model_1
2505318700704100045,2656.731201171875,5,Model_1
2505318700704100046,5674.442871,5,Model_1
2505318700704100047,7135.618164,5,Model_1
2505318700704100048,14567.83984,5,Model_1
2505318700704100049,2713.397216796875,5,Model_1
2505318700704100050,7136.586426,5,Model_1
2505318700704100051,7919.809082,5,Model_1
2505318700704100052,1522.231689453125,5,Model_1
2505318700704100053,3745.23584,5,Model_1
2505318700704100055,5307.792969,5,Model_1
2505318700705100003,5692.950195,5,Model_1
2505318700705100004,7241.292969,5,Model_1
2505318700705100006,5999.026855,5,Model_1
2505318700705100008,3219.129150390625,5,Model_1
2505318700705100009,7907.334961,5,Model_1
2505318700705100010,2753.189697265625,5,Model_1
2505318700705100011,4060.303955078125,5,Model_1
2505318700706100002,3634.093505859375,5,Model_1
2505318700706100004,6066.009766,5,Model_1
2505318700706100005,2228.324462890625,5,Model_1
2505318700706100006,5913.71582,5,Model_1
2505318700706100007,1910.5880126953125,5,Model_1
2505318700706100008,3851.469482421875,5,Model_1
2505318700706100009,4055.706055,5,Model_1
2505318700706100010,1758.8924560546875,5,Model_1
2505318700706100011,2530.075684,5,Model_1
2505318700706100012,3262.049072265625,5,Model_1
2505318700706100013,6626.206055,5,Model_1
2505318700706100014,1836.126708984375,5,Model_1
2505318700706100015,4677.029785,5,Model_1
2505318700706100016,6789.66748,5,Model_1
2505318700706100017,2520.892578,5,Model_1
2505318700706100018,3746.880371,5,Model_1
2505318700706100019,1996.0506591796875,5,Model_1
2505318700706100020,5088.160156,5,Model_1
2505318700706100021,4555.935547,5,Model_1
2505318700706100022,3320.080078,5,Model_1
2505318700706100023,2343.526367,5,Model_1
2505318700706100024,5006.816406,5,Model_1
2505318700706100025,2543.609130859375,5,Model_1
2505318700706100026,2728.766602,5,Model_1
2505318700706100027,2534.802734,5,Model_1
2505318700706100028,1744.4910888671875,5,Model_1
2505318700706100029,3957.266357421875,5,Model_1
2505318700706100030,4688.345215,5,Model_1
2505318700706100031,2419.264648,5,Model_1
2505318700706100032,3842.692871,5,Model_1
2505318700706100034,3673.092773,5,Model_1
2505318700706100036,5700.527832,5,Model_1
2505318700706100037,6179.777832,5,Model_1
2505318700706100038,5151.299316,5,Model_1
2505318700706100039,4067.97168,5,Model_1
2505318700706100040,3632.39502,5,Model_1
2505318700706100041,3499.636474609375,5,Model_1
2505318700706100042,5343.743164,5,Model_1
2505318700706100043,4690.493164,5,Model_1
2505318700707100007,7467.766602,5,Model_1
2505318700707100008,1799.983642578125,5,Model_1
2505318700707100010,2487.689941,5,Model_1
2505318700709100001,5849.213867,9,Model_1
2505318700709100002,7562.449219,9,Model_1
2505318700709100003,2245.199462890625,9,Model_1
2505318700709100004,4255.96875,9,Model_1
2505318700709100005,1911.0169677734375,9,Model_1
2505318700709100006,4313.688965,9,Model_1
2505318700709100007,6351.910645,9,Model_1
2505318700709100008,6835.862793,9,Model_1
2505318700709100009,3064.955078,9,Model_1
2505318700709100010,5328.227539,9,Model_1
2505318700709100011,4160.174805,9,Model_1
2505318700709100012,2808.161865234375,9,Model_1
2505318700709100013,5388.831055,9,Model_1
2505318700709100014,4886.972168,9,Model_1
2505318700709100015,6290.018555,9,Model_1
2505318700709100016,3473.554931640625,9,Model_1
2505318700710100002,9968.533203,9,Model_1
2505318700710100003,6845.753906,9,Model_1
2505318700710100004,2440.080566,9,Model_1
2505318700710100005,3481.95459,9,Model_1
2505318700711100007,6778.416992,9,Model_1
2505318700711100008,4234.558594,9,Model_1
2505318700711100009,6267.115723,9,Model_1
2505318700711100010,4087.089111328125,9,Model_1
2505318700711100011,6109.265625,9,Model_1
2505318700711100012,4601.495605,9,Model_1
2505318700711100013,7467.808594,9,Model_1
2505318700711100014,4971.713867,9,Model_1
2505318700711100015,4946.492188,9,Model_1
2505318700711100016,5540.863281,9,Model_1
2505318700711100017,1353.128173828125,9,Model_1
2505318700711100018,5222.085938,9,Model_1
2505318700711100020,7871.958984,9,Model_1
2505318700711100021,2332.290283203125,9,Model_1
2505318700711100022,4100.353516,9,Model_1
2505318700711100023,3137.027832,9,Model_1
2505318700711100024,3394.551758,9,Model_1
2505318700711100025,8995.988281,9,Model_1
2505318700711100026,5009.778809,9,Model_1
2505318700711100027,6312.674805,9,Model_1
2505318700711100028,4647.705078,9,Model_1
2505318700711100029,4547.296875,9,Model_1
2505318700711100030,6896.891113,9,Model_1
2505318700711100031,4408.343262,9,Model_1
2505318700711100032,5425.583008,9,Model_1
2505318700711100033,1926.522461,9,Model_1
2505318700711100034,9250.705078,9,Model_1
2505318700711100035,4899.677734,9,Model_1
2505318700711100036,7101.624512,9,Model_1
2505318700711100037,4942.497559,9,Model_1
2505318700711100038,4548.63623,9,Model_1
2505318700711100039,4640.093262,9,Model_1
2505318700711100040,7545.839355,9,Model_1
2505318700711100041,3518.694824,9,Model_1
2505318700711100042,12138.73242,9,Model_1
2505318700711100043,4679.52002,9,Model_1
2505318700711100044,1824.16748,9,Model_1
2505318700711100045,3294.344238,9,Model_1
2505318700711100046,4080.964355,9,Model_1
2505318700711100047,3431.466309,9,Model_1
2505318700711100048,3714.349853515625,9,Model_1
2505318700711100049,2388.746826171875,9,Model_1
2505318700711100050,3059.907958984375,9,Model_1
2505318700711100051,2509.869384765625,9,Model_1
2505318700711100052,2698.689453,9,Model_1
2505318700711100053,2168.447509765625,9,Model_1
2505318700711100054,2693.301758,9,Model_1
2505318700711100055,2982.014892578125,9,Model_1
2505318700711100056,4038.5,9,Model_1
2505318700711100057,2537.992431640625,9,Model_1
2505318700711100058,6422.300293,9,Model_1
2505318700711100059,2440.662109,9,Model_1
2505318700711100060,2317.025391,9,Model_1
2505318700711100061,3399.529785,9,Model_1
2505318700711100062,6526.220703,9,Model_1
2505318700711100063,3242.434814453125,9,Model_1
2505318700711100065,2351.739990234375,9,Model_1
2505318700711100066,4762.608887,9,Model_1
2505318700711100067,5657.247559,9,Model_1
2505318700711100068,6481.21875,9,Model_1
2505318700711100069,1943.5408935546875,9,Model_1
2505318700711100071,2478.751953,9,Model_1
2505318700712100008,1395.833008,9,Model_1
2505318700712100009,5301.382324,9,Model_1
2505318700712100010,791.7507324,9,Model_1
2505318700713100001,3400.447021484375,15,Model_1
2505318700713100002,3345.335938,15,Model_1
2505318700713100003,3846.256591796875,15,Model_1
2505318700713100006,6682.424316,15,Model_1
2505318700713100007,6547.765137,15,Model_1
2505318700713100008,3321.766602,15,Model_1
2505318700713100009,2115.890625,15,Model_1
2505318700713100010,4184.5625,15,Model_1
2505318700713100011,2668.475830078125,15,Model_1
2505318700713100012,6265.317871,15,Model_1
2505318700713100013,2843.629883,15,Model_1
2505318700713100014,2810.703857421875,15,Model_1
2505318700713100015,3021.366943359375,15,Model_1
2505318700713100016,4435.755859,15,Model_1
2505318700713100017,7583.962891,15,Model_1
2505318700713100018,6916.953125,15,Model_1
2505318700713100019,13107.11816,15,Model_1
2505318700713100020,4829.975098,15,Model_1
2505318700714100003,3671.388427734375,15,Model_1
2505318700714100004,6525.791016,15,Model_1
2505318700714100005,4346.645996,15,Model_1
2505318700714100006,7753.514648,15,Model_1
2505318700714100007,6691.513184,15,Model_1
2505318700714100008,5591.346191,15,Model_1
2505318700714100009,3248.98584,15,Model_1
2505318700714100010,6693.004395,15,Model_1
2505318700714100012,5262.44043,15,Model_1
2505318700714100013,3364.203613,15,Model_1
2505318700714100014,6733.119629,15,Model_1
2505318700714100015,6890.721191,15,Model_1
2505318700714100016,5197.779785,15,Model_1
2505318700714100017,5978.104004,15,Model_1
2505318700714100018,5356.020996,15,Model_1
2505318700714100019,5416.527344,15,Model_1
2505318700714100021,3099.055664,15,Model_1
2505318700714100022,6199.486328,15,Model_1
2505318700714100023,2895.34375,15,Model_1
2505318700714100024,4885.933105,15,Model_1
2505318700714100025,4490.157715,15,Model_1
2505318700714100026,5125.112305,15,Model_1
2505318700714100027,3893.987060546875,15,Model_1
2505318700714100028,5266.12207,15,Model_1
2505318700714100029,4048.037353515625,15,Model_1
2505318700714100030,6154.88623,15,Model_1
2505318700714100031,4652.51123,15,Model_1
2505318700714100032,7793.725098,15,Model_1
2505318700714100034,6349.905273,15,Model_1
2505318700714100035,6379.547363,15,Model_1
2505318700714100036,3621.043457,15,Model_1
2505318700715100001,3506.149169921875,15,Model_1
2505318700715100002,4267.080566,15,Model_1
2505318700715100003,4103.457031,15,Model_1
2505318700715100004,6817.256348,15,Model_1
2505318700715100005,3524.905029296875,15,Model_1
2505318700715100006,4101.050293,15,Model_1
2505318700715100007,4545.093262,15,Model_1
2505318700715100008,7992.224121,15,Model_1
2505318700715100009,7126.630371,15,Model_1
2505318700715100010,5850.470215,15,Model_1
2505318700715100011,3281.864990234375,15,Model_1
2505318700715100012,2241.016845703125,15,Model_1
2505318700715100013,4271.391602,15,Model_1
2505318700716100002,2897.604248046875,15,Model_1
2505318700716100003,5037.423828,15,Model_1
2505318700716100004,3114.722656,15,Model_1
2505318700716100005,2739.491455078125,15,Model_1
2505318700716100006,4395.023438,15,Model_1
2505318700716100007,2789.937988,15,Model_1
2505318700716100008,5540.678223,15,Model_1
2505318700716100009,3900.404785,15,Model_1
2505318700716100010,6100.895508,15,Model_1
2505318700716100011,4744.357422,15,Model_1
2505318700716100012,6280.82373,15,Model_1
2505318700716100013,6138.437012,15,Model_1
2505318700716100014,6930.740234,15,Model_1
2505318700716100015,6176.289551,15,Model_1
2505318700716100016,4170.851074,15,Model_1
2505318700716100017,5657.231445,15,Model_1
2505318700716100018,4874.215332,15,Model_1
2505318700716100019,3617.101074,15,Model_1
2505318700716100020,7732.052734,15,Model_1
2505318700716100021,2907.706543,15,Model_1
2505318700716100022,7067.347656,15,Model_1
2505318700716100023,4052.417969,15,Model_1
2505318700716100024,4050.22998,15,Model_1
2505318700716100025,4495.643066,15,Model_1
2505318700716100026,11603.08301,15,Model_1
2505318700716100027,4631.99707,15,Model_1
2505318700716100028,8793.611328,15,Model_1
2505318700716100029,7942.601074,15,Model_1
2505318700716100030,3058.731445,15,Model_1
2505318700716100031,5647.229492,15,Model_1
2505318700716100032,6487.480957,15,Model_1
2505318700716100033,9009.798828,15,Model_1
2505318700716100034,9181.458008,15,Model_1
2505318700718100001,5712.933594,30,Model_1
2505318700718100002,1715.2508544921875,30,Model_1
2505318700718100003,5457.822754,30,Model_1
2505318700718100004,6166.96875,30,Model_1
2505318700718100005,3169.280029296875,30,Model_1
2505318700718100006,1829.240966796875,30,Model_1
2505318700718100007,5326.022949,30,Model_1
2505318700718100009,10176.76074,30,Model_1
2505318700718100010,3349.125488,30,Model_1
2505318700718100015,5641.821289,30,Model_1
2505318700719100004,9029.614258,30,Model_1
2505318700719100005,5308.934082,30,Model_1
2505318700719100006,4797.15625,30,Model_1
2505318700719100007,7454.658203,30,Model_1
2505318700719100008,8605.327148,30,Model_1
2505318700719100009,1239.602539,30,Model_1
2505318700719100010,8758.147461,30,Model_1
2505318700719100011,3807.604248046875,30,Model_1
2505318700719100012,7886.341797,30,Model_1
2505318700719100013,3526.895996,30,Model_1
2505318700719100014,3469.969727,30,Model_1
2505318700719100015,3097.390869140625,30,Model_1
2505318700719100016,2113.617431640625,30,Model_1
2505318700719100017,2639.429931640625,30,Model_1
2505318700719100018,3491.834961,30,Model_1
2505318700719100019,2552.922607421875,30,Model_1
2505318700719100020,2494.635986328125,30,Model_1
2505318700719100021,1400.1029052734375,30,Model_1
2505318700719100022,9743.070313,30,Model_1
2505318700719100024,3917.515869140625,30,Model_1
2505318700719100025,3933.675781,30,Model_1
2505318700719100026,4445.021484,30,Model_1
2505318700719100027,3510.323486328125,30,Model_1
2505318700719100028,2439.212891,30,Model_1
2505318700719100029,1977.622559,30,Model_1
2505318700719100030,2523.705810546875,30,Model_1
2505318700719100031,1009.8148803710938,30,Model_1
2505318700719100032,3474.461914,30,Model_1
2505318700719100034,5587.531738,30,Model_1
2505318700719100035,8316.498047,30,Model_1
2505318700719100036,2828.182617,30,Model_1
2505318700719100037,2464.048095703125,30,Model_1
2505318700719100038,3092.904785,30,Model_1
2505318700719100039,3325.155517578125,30,Model_1
2505318700719100040,7359.628418,30,Model_1
2505318700719100041,9290.732422,30,Model_1
2505318700719100042,2191.088379,30,Model_1
2505318700719100043,2533.007080078125,30,Model_1
2505318700719100045,4541.161621,30,Model_1
2505318700719100046,8577.251953,30,Model_1
2505318700719100047,3171.141602,30,Model_1
2505318700719100048,4128.814941,30,Model_1
2505318700719100049,7841.116211,30,Model_1
2505318700719100050,6552.112305,30,Model_1
2505318700719100051,1873.7611083984375,30,Model_1
2505318700719100052,5841.29541,30,Model_1
2505318700719100053,1981.472900390625,30,Model_1
2505318700719100055,1995.1707763671875,30,Model_1
2505318700719100057,1853.471923828125,30,Model_1
2505318700720100008,6434.222168,30,Model_1
2505318700720100009,3032.850098,30,Model_1
2505318700720100010,3580.272461,30,Model_1
2505318700720100011,2825.413330078125,30,Model_1
2505318700720100012,2472.070801,30,Model_1
2505318700720100013,5234.56543,30,Model_1
2505318700720100014,3580.847900390625,30,Model_1
2505318700720100015,18794.62305,30,Model_1
2505318700720100016,3080.285888671875,30,Model_1
2505318700720100017,11012.52148,30,Model_1
2505318700720100018,7035.882324,30,Model_1
2505318700720100019,8024.830566,30,Model_1
2505318700720100020,8224.918945,30,Model_1
2505318700720100021,3493.822509765625,30,Model_1
2505318700720100022,4628.490723,30,Model_1
2505318700720100023,6745.102539,30,Model_1
2505318700720100024,5413.011719,30,Model_1
2505318700720100025,3606.950195,30,Model_1
2505318700720100026,1938.679688,30,Model_1
2505318700720100027,6929.561035,30,Model_1
2505318700720100028,3324.837646484375,30,Model_1
2505318700720100029,6528.236328,30,Model_1
2505318700720100030,16749.06641,30,Model_1
2505318700720100031,6011.870117,30,Model_1
2505318700720100032,2660.102783203125,30,Model_1
2505318700720100033,3215.825439453125,30,Model_1
2505318700720100034,5458.736328,30,Model_1
2505318700720100035,4197.445313,30,Model_1
2505318700720100036,10034.61523,30,Model_1
2505318700720100037,5723.547363,30,Model_1
2505318700720100038,1701.4832763671875,30,Model_1
2505318700720100040,3530.695801,30,Model_1
2505318700720100041,2356.047363,30,Model_1
2505318700720100042,3875.587158203125,30,Model_1
2505318700720100043,3712.167969,30,Model_1
2505318700720100044,3016.029052734375,30,Model_1
2505318700720100045,7049.681152,30,Model_1
2505318700720100046,2805.074219,30,Model_1
2505318700720100047,3547.150634765625,30,Model_1
2505318700720100048,3030.4375,30,Model_1
2505318700720100049,1846.077392578125,30,Model_1
2505318700720100050,4556.666016,30,Model_1
2505318700720100051,2386.182373046875,30,Model_1
2505318700720100052,3395.900879,30,Model_1
2505318700720100053,2563.765869140625,30,Model_1
2505318700720100054,3639.781738,30,Model_1
2505318700720100055,3673.267822265625,30,Model_1
2505318700720100056,7801.913086,30,Model_1
2505318700720100057,1662.496582,30,Model_1
2505318700720100058,4204.345215,30,Model_1
2505318700720100059,2071.318359,30,Model_1
2505318700720100060,1978.283203,30,Model_1
2505318700720100061,1721.7510986328125,30,Model_1
2505318700721100003,2208.92334,30,Model_1
2505318700721100004,5034.121582,30,Model_1
2505318700721100005,1846.6002197265625,30,Model_1
2505318700721100006,4109.259766,30,Model_1
2505318700721100007,3206.680908203125,30,Model_1
2505318700721100009,5973.688965,30,Model_1
2505318700721100010,2693.185059,30,Model_1
2505318700721100011,12514.84277,30,Model_1
2505318700721100012,4461.003418,30,Model_1
2505318700721100013,4365.541992,30,Model_1
2505318700721100014,8185.81543,30,Model_1
2505318700721100015,3077.371337890625,30,Model_1
2505318700721100016,5877.846191,30,Model_1
2505318700721100017,4529.887207,30,Model_1
2505318700721100018,4277.334961,30,Model_1
2505318700721100020,5658.967285,30,Model_1
2505318700721100021,6092.052246,30,Model_1
2505318700721100022,2413.40332,30,Model_1
2505318700721100023,5124.675293,30,Model_1
2505318700721100024,5329.643066,30,Model_1
2505318700721100025,2904.46875,30,Model_1
2505318700721100026,3988.965332,30,Model_1
2505318700721100027,2840.481934,30,Model_1
2505318700721100028,2459.795166015625,30,Model_1
2505318700721100029,6274.918457,30,Model_1
2505318700721100030,4596.952148,30,Model_1
2505318700721100031,4230.008301,30,Model_1
2505318700721100032,4345.240723,30,Model_1
2505318700721100033,2756.494629,30,Model_1
2505318700721100034,4801.32666,30,Model_1
2505318700721100035,5932.599121,30,Model_1
2505318700721100036,4007.581543,30,Model_1
2505318700721100037,4481.624512,30,Model_1
2505318700721100038,3721.338623046875,30,Model_1
2505318700721100039,3344.686035,30,Model_1
2505318700721100040,5332.28418,30,Model_1
2505318700721100041,4063.509766,30,Model_1
2505318700721100042,5334.632813,30,Model_1
2505318700721100043,4001.706543,30,Model_1
2505318700721100044,4651.195313,30,Model_1
2505318700721100045,5029.818359,30,Model_1
2505318700721100046,3021.556396484375,30,Model_1
2505318700721100047,3129.697754,30,Model_1
2505318700721100048,1952.1339111328125,30,Model_1
2505318700721100049,3009.149902,30,Model_1
2505318700721100050,4650.125977,30,Model_1
2505318700721100051,3815.39209,30,Model_1
2505318700721100052,4659.481445,30,Model_1
2505318700721100053,6992.692383,30,Model_1
2505318700721100054,3728.004883,30,Model_1
2505318700721100055,1664.7005615234375,30,Model_1
2505318700721100056,3461.035645,30,Model_1
2505318700721100057,4361.808594,30,Model_1
2505318700721100058,3505.474853515625,30,Model_1
2505318700721100059,4174.263672,30,Model_1
2505318700721100060,3784.251465,30,Model_1
2505318700721100061,2348.311279296875,30,Model_1
2505318700721100063,6343.257324,30,Model_1
2505318700721100064,4157.42334,30,Model_1
2505318700721100066,3294.017822265625,30,Model_1
2505318700724100002,5858.480957,33,Model_1
2505318700724100003,3077.930176,33,Model_1
2505318700724100004,7181.009277,33,Model_1
2505318700724100005,7205.214844,33,Model_1
2505318700724100006,3757.561523,33,Model_1
2505318700724100007,5083.265137,33,Model_1
2505318700724100008,4716.931641,33,Model_1
2505318700724100010,8704.628906,33,Model_1
2505318700724100011,3034.660645,33,Model_1
2505318700724100012,11486.36816,33,Model_1
2505318700724100013,5305.636719,33,Model_1
2505318700724100014,4064.566406,33,Model_1
2505318700724100015,4438.325195,33,Model_1
2505318700724100016,6064.658203,33,Model_1
2505318700724100018,10758.90137,33,Model_1
2505318700724100019,4711.022949,33,Model_1
2505318700724100020,2920.969727,33,Model_1
2505318700724100021,5902.334961,33,Model_1
2505318700724100022,4866.506348,33,Model_1
2505318700724100023,1526.572998046875,33,Model_1
2505318700724100024,2118.905273,33,Model_1
2505318700724100025,6536.370117,33,Model_1
2505318700724100026,3635.285645,33,Model_1
2505318700724100027,3197.625488,33,Model_1
2505318700725100002,5458.204102,33,Model_1
2505318700725100003,5169.59375,33,Model_1
2505318700725100004,5716.495117,33,Model_1
2505318700725100005,5600.032715,33,Model_1
2505318700725100006,5487.679199,33,Model_1
2505318700725100008,7741.722168,33,Model_1
2505318700725100009,3208.446533203125,33,Model_1
2505318700725100010,3832.887939453125,33,Model_1
2505318700725100011,3383.326172,33,Model_1
2505318700725100012,4496.852539,33,Model_1
2505318700725100013,3972.291504,33,Model_1
2505318700725100014,1584.366943359375,33,Model_1
2505318700725100015,4679.292969,33,Model_1
2505318700725100016,3208.915527,33,Model_1
2505318700725100017,3854.365723,33,Model_1
2505318700725100018,2681.751708984375,33,Model_1
2505318700725100019,3573.588867,33,Model_1
2505318700725100020,2348.367188,33,Model_1
2505318700725100021,4603.460938,33,Model_1
2505318700725100022,2343.742431640625,33,Model_1
2505318700725100023,6999.44043,33,Model_1
2505318700725100024,3969.265380859375,33,Model_1
2505318700725100025,6553.189453,33,Model_1
2505318700725100026,4711.071777,33,Model_1
2505318700725100027,4327.268066,33,Model_1
2505318700725100028,3503.937988,33,Model_1
2505318700725100029,1808.2874755859375,33,Model_1
2505318700725100030,4173.947266,33,Model_1
2505318700725100032,4544.023926,33,Model_1
2505318700725100033,3432.053711,33,Model_1
2505318700725100034,5530.782227,33,Model_1
2505318700725100035,6023.794434,33,Model_1
2505318700725100036,2931.013672,33,Model_1
2505318700725100037,7135.347656,33,Model_1
2505318700725100038,2763.888427734375,33,Model_1
2505318700725100039,7189.816406,33,Model_1
2505318700725100040,4047.504883,33,Model_1
2505318700725100041,3727.911133,33,Model_1
2505318700725100042,2804.729004,33,Model_1
2505318700725100043,6579.962402,33,Model_1
2505318700725100044,6143.715332,33,Model_1
2505318700725100047,1370.160888671875,33,Model_1
2505318700725100048,5434.005859,33,Model_1
2505318700725100049,3168.429688,33,Model_1
2505318700725100050,7403.075684,33,Model_1
2505318700725100051,10285.6875,33,Model_1
2505318700725100052,4708.441406,33,Model_1
2505318700725100053,6618.146973,33,Model_1
2505318700725100054,2585.281738,33,Model_1
2505318700725100055,3874.975341796875,33,Model_1
2505318700725100056,5319.710938,33,Model_1
2505318700725100057,2299.501465,33,Model_1
2505318700725100058,5002.350098,33,Model_1
2505318700725100059,2864.227051,33,Model_1
2505318700725100060,2454.983887,33,Model_1
2505318700725100061,5251.229004,33,Model_1
2505318700725100062,1763.526611328125,33,Model_1
2505318700725100063,6043.411621,33,Model_1
2505318700725100064,4006.284423828125,33,Model_1
2505318700725100065,6763.538574,33,Model_1
2505318700725100066,10705.22559,33,Model_1
2505318700725100067,2760.580078,33,Model_1
2505318700725100069,3282.993652,33,Model_1
2505318700725100070,3320.299316,33,Model_1
2505318700726100001,4263.390137,33,Model_1
2505318700726100002,3640.831787109375,33,Model_1
2505318700726100004,5443.448242,33,Model_1
2505318700726100005,4378.710449,33,Model_1
2505318700726100006,5089.465332,33,Model_1
2505318700726100007,1171.027587890625,33,Model_1
2505318700726100009,3485.449707,33,Model_1
2505318700726100010,3634.595215,33,Model_1
2505318700726100011,4560.621094,33,Model_1
2505318700726100013,4309.333984,33,Model_1
2505318700726100014,2948.994141,33,Model_1
2505318700726100018,5355.265625,33,Model_1
2505318700726100019,3954.302246,33,Model_1
2505318700726100020,2482.036621,33,Model_1
2505318700726100021,2729.888427734375,33,Model_1
2505318700726100022,4163.283691,33,Model_1
2505318700726100023,2760.470947265625,33,Model_1
2505318700726100024,3661.324707,33,Model_1
2505318700726100025,3764.855469,33,Model_1
2505318700726100026,2752.228759765625,33,Model_1
2505318700726100027,3117.307129,33,Model_1
2505318700726100028,2214.991455078125,33,Model_1
2505318700727100001,5562.680176,33,Model_1
2505318700727100002,4092.86377,33,Model_1
2505318700727100003,6337.772949,33,Model_1
2505318700727100004,4644.59668,33,Model_1
2505318700727100005,1372.519531,33,Model_1
2505318700727100006,4584.863281,33,Model_1
2505318700727100007,3028.414063,33,Model_1
2505318700731100001,1601.866699,5,Model_1
2505318700731100002,2066.236816,5,Model_1
2505318700731100003,4373.634277,5,Model_1
2505318700731100004,5192.478516,5,Model_1
2505318700731100006,1950.432617,5,Model_1
2505318700731100007,5180.028809,5,Model_1
2505318700731100008,5694.652832,5,Model_1
2505318700731100009,1458.5638427734375,5,Model_1
2505318700731100010,6465.041016,5,Model_1
2505318700731100011,2271.367676,5,Model_1
2505318700731100012,3124.093017578125,5,Model_1
2505318700731100013,2845.984619140625,5,Model_1
2505318700731100015,5034.219727,5,Model_1
2505318700731100016,5043.274902,5,Model_1
2505318700731100017,1316.569336,5,Model_1
2505318700731100018,2931.956055,5,Model_1
2505318700732100002,1694.317626953125,5,Model_1
2505318700732100003,2828.126465,5,Model_1
2505318700732100004,11458.41602,5,Model_1
2505318700732100005,7372.208008,5,Model_1
2505318700732100006,5094.997559,5,Model_1
2505318700732100007,2409.002441,5,Model_1
2505318700732100008,5181.928223,5,Model_1
2505318700732100010,7280.860352,5,Model_1
2505318700732100011,4236.024902,5,Model_1
2505318700733100001,5218.466797,5,Model_1
2505318700734100005,2112.245605,5,Model_1
2505318700734100006,5561.842285,5,Model_1
2505318700734100007,3470.444336,5,Model_1
2505318700734100008,5822.038574,5,Model_1
2505318700734100009,6137.42041,5,Model_1
2505318700734100010,3251.043945,5,Model_1
2505318700734100011,3630.887695,5,Model_1
2505318700734100012,6385.510742,5,Model_1
2505318700734100013,3360.509277,5,Model_1
2505318700734100015,3350.293212890625,5,Model_1
2505318700734100016,3238.579833984375,5,Model_1
2505318700734100017,2257.429199,5,Model_1
2505318700734100018,3970.534668,5,Model_1
2505318700734100019,3228.148193359375,5,Model_1
2505318700734100020,4271.304199,5,Model_1
2505318700734100021,6736.905273,5,Model_1
2505318700734100022,2167.969238,5,Model_1
2505318700734100023,4801.705566,5,Model_1
2505318700734100024,1747.5565185546875,5,Model_1
2505318700734100026,6927.131836,5,Model_1
2505318700734100027,4490.618164,5,Model_1
2505318700734100029,5398.909668,5,Model_1
2505318700734100030,4766.615723,5,Model_1
2505318700734100031,9616.522461,5,Model_1
2505318700734100033,3394.487793,5,Model_1
2505318700735100003,3825.087402,5,Model_1
2505318700735100006,5221.464844,5,Model_1
2505318700735100007,3321.646973,5,Model_1
2505318700735100009,6699.691895,5,Model_1
2505318700735100010,4905.558105,5,Model_1
2505318700735100011,4252.708008,5,Model_1
2505318700735100013,5714.689941,5,Model_1
2505318700735100014,2189.9375,5,Model_1
2505318700735100015,4600.919434,5,Model_1
2505318700735100016,3795.572998046875,5,Model_1
2505318700735100017,5620.819824,5,Model_1
2505318700735100018,3795.692871,5,Model_1
2505318700735100020,3175.687744140625,5,Model_1
2505318700735100021,1750.033935546875,5,Model_1
2505318700735100022,1617.452148,5,Model_1
2505318700735100023,1402.088379,5,Model_1
2505318700735100025,2314.302734,5,Model_1
2505318700735100026,1244.568848,5,Model_1
2505318700737100001,4978.581543,9,Model_1
2505318700737100002,5838.066406,9,Model_1
2505318700737100003,4984.117676,9,Model_1
2505318700737100004,2712.324219,9,Model_1
2505318700737100005,1339.826904296875,9,Model_1
2505318700737100006,4997.14502,9,Model_1
2505318700737100007,1906.678466796875,9,Model_1
2505318700737100008,2587.452637,9,Model_1
2505318700737100009,4120.182129,9,Model_1
2505318700737100010,2408.951172,9,Model_1
2505318700737100011,4740.853516,9,Model_1
2505318700737100012,3632.989990234375,9,Model_1
2505318700737100013,5834.419922,9,Model_1
2505318700737100014,6577.277344,9,Model_1
2505318700737100015,5073.683594,9,Model_1
2505318700737100016,3650.769531,9,Model_1
2505318700737100017,4342.037598,9,Model_1
2505318700737100018,1719.9498291015625,9,Model_1
2505318700737100019,3227.419434,9,Model_1
2505318700737100020,3267.882813,9,Model_1
2505318700737100021,3482.530762,9,Model_1
2505318700737100022,983.2106934,9,Model_1
2505318700737100023,6583.496582,9,Model_1
2505318700737100024,1608.1756591796875,9,Model_1
2505318700737100025,5145.102051,9,Model_1
2505318700737100026,2844.771240234375,9,Model_1
2505318700737100028,2602.714599609375,9,Model_1
2505318700738100001,5337.27832,9,Model_1
2505318700738100002,4242.658691,9,Model_1
2505318700738100003,3158.501953,9,Model_1
2505318700738100004,1922.6351318359375,9,Model_1
2505318700738100005,2768.364501953125,9,Model_1
2505318700738100006,2576.057129,9,Model_1
2505318700738100007,2459.019531,9,Model_1
2505318700739100003,10615.93262,9,Model_1
2505318700739100004,4418.376465,9,Model_1
2505318700739100005,4657.413574,9,Model_1
2505318700739100006,2123.163818359375,9,Model_1
2505318700739100007,3277.205322265625,9,Model_1
2505318700739100008,4219.962891,9,Model_1
2505318700739100010,13837.48633,9,Model_1
2505318700739100011,5140.883789,9,Model_1
2505318700739100012,7364.746582,9,Model_1
2505318700739100013,3354.617431640625,9,Model_1
2505318700739100014,3209.536621,9,Model_1
2505318700739100015,3285.521240234375,9,Model_1
2505318700739100016,3140.558837890625,9,Model_1
2505318700739100017,8892.722656,9,Model_1
2505318700739100019,7259.756348,9,Model_1
2505318700739100020,3545.913330078125,9,Model_1
2505318700739100021,2726.322509765625,9,Model_1
2505318700739100022,3434.612793,9,Model_1
2505318700739100023,7639.274414,9,Model_1
2505318700739100025,3181.802246,9,Model_1
2505318700739100026,4286.776855,9,Model_1
2505318700739100028,1862.687255859375,9,Model_1
2505318700739100029,2528.278564453125,9,Model_1
2505318700739100030,3885.856689453125,9,Model_1
2505318700739100032,3153.162353515625,9,Model_1
2505318700739100034,4766.485352,9,Model_1
2505318700739100035,3690.319091796875,9,Model_1
2505318700739100036,4014.541992,9,Model_1
2505318700739100037,5553.611816,9,Model_1
2505318700739100038,10434.32129,9,Model_1
2505318700739100039,6938.975586,9,Model_1
2505318700739100040,2018.693359,9,Model_1
2505318700739100041,2033.2266845703125,9,Model_1
2505318700739100042,2312.066406,9,Model_1
2505318700739100043,4259.693359,9,Model_1
2505318700739100044,3616.114990234375,9,Model_1
2505318700739100046,4261.157227,9,Model_1
2505318700739100048,2041.759033203125,9,Model_1
2505318700739100049,1705.5726318359375,9,Model_1
2505318700740100004,5316.753418,9,Model_1
2505318700740100005,4410.647461,9,Model_1
2505318700740100006,4720.045898,9,Model_1
2505318700740100007,5576.241699,9,Model_1
2505318700740100008,3758.874267578125,9,Model_1
2505318700740100009,1393.0531005859375,9,Model_1
2505318700740100011,2844.974609,9,Model_1
2505318700740100012,3055.577637,9,Model_1
2505318700740100013,2350.780762,9,Model_1
2505318700740100014,10019.27832,9,Model_1
2505318700740100016,3177.885254,9,Model_1
2505318700740100017,4973.138184,9,Model_1
2505318700740100018,6368.121094,9,Model_1
2505318700740100019,6470.299805,9,Model_1
2505318700740100020,2077.814208984375,9,Model_1
2505318700740100021,2655.991699,9,Model_1
2505318700740100023,4056.099121,9,Model_1
2505318700740100024,4604.683105,9,Model_1
2505318700740100025,2089.29248,9,Model_1
2505318700740100026,10076.74316,9,Model_1
2505318700740100027,2869.398926,9,Model_1
2505318700740100028,3371.370605,9,Model_1
2505318700740100029,4578.687988,9,Model_1
2505318700740100030,8583.597656,9,Model_1
2505318700740100031,1634.6053466796875,9,Model_1
2505318700740100032,4622.647949,9,Model_1
2505318700740100033,2663.608398,9,Model_1
2505318700740100035,3967.694091796875,9,Model_1
2505318700740100036,5428.047363,9,Model_1
2505318700740100037,4905.837402,9,Model_1
2505318700740100038,1820.062744140625,9,Model_1
2505318700740100039,5115.17041,9,Model_1
2505318700740100040,2910.804443359375,9,Model_1
2505318700741100002,3586.404541015625,15,Model_1
2505318700741100003,3543.176758,15,Model_1
2505318700741100004,5861.675293,15,Model_1
2505318700741100005,4416.70166,15,Model_1
2505318700741100006,3062.584716796875,15,Model_1
2505318700741100007,4817.287109,15,Model_1
2505318700741100008,2988.639648,15,Model_1
2505318700741100009,4233.968262,15,Model_1
2505318700741100010,4370.34668,15,Model_1
2505318700741100011,2071.684082,15,Model_1
2505318700741100012,5139.257813,15,Model_1
2505318700741100013,4196.307617,15,Model_1
2505318700741100014,6398.890625,15,Model_1
2505318700741100015,2589.892333984375,15,Model_1
2505318700741100016,7480.894531,15,Model_1
2505318700741100017,4139.82373,15,Model_1
2505318700741100019,4325.929199,15,Model_1
2505318700741100020,5780.468262,15,Model_1
2505318700741100021,3526.496337890625,15,Model_1
2505318700741100022,6242.800781,15,Model_1
2505318700741100023,4672.727539,15,Model_1
2505318700741100026,5462.387207,15,Model_1
2505318700741100027,4355.48291,15,Model_1
2505318700741100028,2861.837402,15,Model_1
2505318700741100029,3491.04834,15,Model_1
2505318700741100030,6418.837891,15,Model_1
2505318700741100031,7985.683594,15,Model_1
2505318700742100002,2602.911133,15,Model_1
2505318700742100003,1771.548828,15,Model_1
2505318700742100004,5794.00293,15,Model_1
2505318700742100005,4722.04248,15,Model_1
2505318700742100006,5764.258789,15,Model_1
2505318700742100007,3439.843262,15,Model_1
2505318700742100008,9027.376953,15,Model_1
2505318700742100009,3236.007813,15,Model_1
2505318700742100010,8227.737305,15,Model_1
2505318700742100011,15260.96973,15,Model_1
2505318700742100012,8810.710938,15,Model_1
2505318700742100013,3215.981934,15,Model_1
2505318700743100003,2557.511719,15,Model_1
2505318700743100004,2659.298583984375,15,Model_1
2505318700743100005,1364.54834,15,Model_1
2505318700743100006,5817.948242,15,Model_1
2505318700743100007,2865.768066,15,Model_1
2505318700743100008,1934.803223,15,Model_1
2505318700743100009,1844.462646484375,15,Model_1
2505318700743100010,4885.741211,15,Model_1
2505318700743100011,4832.979004,15,Model_1
2505318700743100012,3298.748779296875,15,Model_1
2505318700743100013,1644.8004150390625,15,Model_1
2505318700743100014,5822.121094,15,Model_1
2505318700743100015,3176.79248,15,Model_1
2505318700743100016,2678.740723,15,Model_1
2505318700743100017,6808.944336,15,Model_1
2505318700743100018,4935.087891,15,Model_1
2505318700743100019,5086.599609,15,Model_1
2505318700744100002,5036.864258,15,Model_1
2505318700744100003,4651.589355,15,Model_1
2505318700744100004,7281.502441,15,Model_1
2505318700744100005,4281.946289,15,Model_1
2505318700744100006,4763.757324,15,Model_1
2505318700744100007,3562.473633,15,Model_1
2505318700744100008,4557.347656,15,Model_1
2505318700744100009,5724.933594,15,Model_1
2505318700744100010,6358.638184,15,Model_1
2505318700744100011,4117.183105,15,Model_1
2505318700744100012,4196.366211,15,Model_1
2505318700744100013,5590.839355,15,Model_1
2505318700744100014,4560.98291,15,Model_1
2505318700744100015,10458.76855,15,Model_1
2505318700744100016,2440.80127,15,Model_1
2505318700744100017,2636.011962890625,15,Model_1
2505318700744100018,5907.695313,15,Model_1
2505318700744100019,4930.793945,15,Model_1
2505318700744100020,3756.919922,15,Model_1
2505318700744100021,3146.585693359375,15,Model_1
2505318700744100022,2846.032470703125,15,Model_1
2505318700744100023,6700.684082,15,Model_1
2505318700744100024,6507.216797,15,Model_1
2505318700744100025,5024.371094,15,Model_1
2505318700744100027,4190.956055,15,Model_1
2505318700744100028,5046.041016,15,Model_1
2505318700744100029,5035.416504,15,Model_1
2505318700744100030,4027.196289,15,Model_1
2505318700746100001,7446.084473,30,Model_1
2505318700746100006,4349.800781,30,Model_1
2505318700746100010,4471.321777,30,Model_1
2505318700746100011,2766.209473,30,Model_1
2505318700746100012,2425.604248046875,30,Model_1
2505318700746100013,5105.666016,30,Model_1
2505318700746100014,1981.387451171875,30,Model_1
2505318700746100016,3502.301758,30,Model_1
2505318700746100017,3624.694824,30,Model_1
2505318700746100019,3298.889648,30,Model_1
2505318700746100021,4311.773438,30,Model_1
2505318700746100022,4895.632324,30,Model_1
2505318700746100023,5105.810547,30,Model_1
2505318700746100025,3810.638427734375,30,Model_1
2505318700746100027,7790.206543,30,Model_1
2505318700746100028,2150.510986328125,30,Model_1
2505318700746100029,7158.074707,30,Model_1
2505318700747100003,1706.361572265625,30,Model_1
2505318700747100004,7841.522949,30,Model_1
2505318700747100005,5537.630859,30,Model_1
2505318700747100006,6567.400879,30,Model_1
2505318700747100008,6743.390137,30,Model_1
2505318700747100009,4930.755371,30,Model_1
2505318700747100010,9444.354492,30,Model_1
2505318700747100011,3811.818603515625,30,Model_1
2505318700747100012,4592.738281,30,Model_1
2505318700747100013,4399.857422,30,Model_1
2505318700747100014,3952.923828,30,Model_1
2505318700747100015,6743.600098,30,Model_1
2505318700747100017,3245.234375,30,Model_1
2505318700747100018,4727.627441,30,Model_1
2505318700747100021,4813.055664,30,Model_1
2505318700747100023,4127.771484,30,Model_1
2505318700747100024,6501.279297,30,Model_1
2505318700747100025,5694.773438,30,Model_1
2505318700747100026,5422.019531,30,Model_1
2505318700747100027,3486.040771484375,30,Model_1
2505318700747100028,8651.326172,30,Model_1
2505318700747100029,4432.241699,30,Model_1
2505318700747100031,4182.702148,30,Model_1
2505318700747100032,2012.197266,30,Model_1
2505318700747100033,5345.682617,30,Model_1
2505318700747100034,5984.37793,30,Model_1
2505318700747100035,6628.40918,30,Model_1
2505318700747100036,6381.128418,30,Model_1
2505318700747100037,4580.240723,30,Model_1
2505318700747100038,3616.397216796875,30,Model_1
2505318700747100039,4945.195313,30,Model_1
2505318700747100040,3711.57959,30,Model_1
2505318700747100041,4181.764648,30,Model_1
2505318700747100042,4829.584473,30,Model_1
2505318700747100044,6564.427246,30,Model_1
2505318700747100045,6192.476074,30,Model_1
2505318700747100046,4139.861816,30,Model_1
2505318700747100047,4384.39209,30,Model_1
2505318700747100048,2275.862305,30,Model_1
2505318700747100049,2416.387451171875,30,Model_1
2505318700747100050,3482.209961,30,Model_1
2505318700747100051,2189.118896484375,30,Model_1
2505318700747100053,2242.993652,30,Model_1
2505318700747100055,3641.787353515625,30,Model_1
2505318700747100056,4285.102051,30,Model_1
2505318700747100057,2235.244384765625,30,Model_1
2505318700748100001,3411.933837890625,30,Model_1
2505318700748100002,3045.658935546875,30,Model_1
2505318700748100003,2682.052001953125,30,Model_1
2505318700748100004,8902.4375,30,Model_1
2505318700748100005,4220.692383,30,Model_1
2505318700748100006,4535.212891,30,Model_1
2505318700748100007,2166.243408203125,30,Model_1
2505318700748100008,4693.160156,30,Model_1
2505318700748100009,1443.666748046875,30,Model_1
2505318700748100010,3265.678711,30,Model_1
2505318700748100011,2012.906982421875,30,Model_1
2505318700748100012,4355.523438,30,Model_1
2505318700748100013,3305.483887,30,Model_1
2505318700748100014,5201.736328,30,Model_1
2505318700748100015,7217.415039,30,Model_1
2505318700748100016,2795.073486328125,30,Model_1
2505318700748100017,1571.224853515625,30,Model_1
2505318700748100018,3299.759033203125,30,Model_1
2505318700748100019,1794.354736328125,30,Model_1
2505318700748100020,2859.876465,30,Model_1
2505318700748100021,2069.843994140625,30,Model_1
2505318700748100022,3402.074462890625,30,Model_1
2505318700748100023,3878.961426,30,Model_1
2505318700748100024,3424.996337890625,30,Model_1
2505318700748100025,4273.226563,30,Model_1
2505318700748100026,2899.115723,30,Model_1
2505318700748100027,1102.398438,30,Model_1
2505318700748100028,3507.171875,30,Model_1
2505318700748100029,3885.007080078125,30,Model_1
2505318700748100031,1828.3975830078125,30,Model_1
2505318700748100032,3081.158935546875,30,Model_1
2505318700748100033,1715.4683837890625,30,Model_1
2505318700748100035,3146.684326171875,30,Model_1
2505318700748100036,3098.248291015625,30,Model_1
2505318700748100037,3860.780273,30,Model_1
2505318700748100038,7761.128906,30,Model_1
2505318700748100039,3293.509521484375,30,Model_1
2505318700748100041,5782.900879,30,Model_1
2505318700748100043,3284.228027,30,Model_1
2505318700748100044,4736.850098,30,Model_1
2505318700748100045,2528.895996,30,Model_1
2505318700748100046,1078.1304931640625,30,Model_1
2505318700748100047,3952.441895,30,Model_1
2505318700748100048,3744.252441,30,Model_1
2505318700748100049,1517.2208251953125,30,Model_1
2505318700748100050,3792.944580078125,30,Model_1
2505318700748100051,1140.0299072265625,30,Model_1
2505318700749100003,5506.86377,30,Model_1
2505318700749100004,4573.780762,30,Model_1
2505318700749100005,2861.120849609375,30,Model_1
2505318700749100006,2134.263427734375,30,Model_1
2505318700749100007,5034.109375,30,Model_1
2505318700749100008,4072.082763671875,30,Model_1
2505318700749100009,3964.341064453125,30,Model_1
2505318700749100010,6169.611328,30,Model_1
2505318700749100011,4443.884766,30,Model_1
2505318700749100012,2239.522705078125,30,Model_1
2505318700749100013,5018.847168,30,Model_1
2505318700749100014,992.3846435546876,30,Model_1
2505318700749100015,2785.082031,30,Model_1
2505318700749100016,1735.085205078125,30,Model_1
2505318700749100017,2307.23877,30,Model_1
2505318700749100018,2741.087158203125,30,Model_1
2505318700749100019,3039.822021484375,30,Model_1
2505318700749100020,2546.840087890625,30,Model_1
2505318700749100021,2546.770263671875,30,Model_1
2505318700749100022,6341.182129,30,Model_1
2505318700749100023,3434.193603515625,30,Model_1
2505318700749100024,3256.26123,30,Model_1
2505318700749100025,1448.935547,30,Model_1
2505318700749100026,2227.177490234375,30,Model_1
2505318700749100027,4779.223633,30,Model_1
2505318700749100028,3996.481201171875,30,Model_1
2505318700749100029,4455.28125,30,Model_1
2505318700749100030,3400.40332,30,Model_1
2505318700749100031,2797.632568359375,30,Model_1
2505318700749100032,5134.154785,30,Model_1
2505318700749100033,3210.679688,30,Model_1
2505318700749100034,5262.833496,30,Model_1
2505318700749100035,2298.459473,30,Model_1
2505318700749100036,5125.40332,30,Model_1
2505318700749100037,3690.620605,30,Model_1
2505318700749100038,2546.347168,30,Model_1
2505318700749100039,5956.289551,30,Model_1
2505318700749100040,5649.155273,30,Model_1
2505318700749100041,5097.341797,30,Model_1
2505318700749100042,2126.007324,30,Model_1
2505318700749100043,4729.15918,30,Model_1
2505318700749100044,1748.1282958984375,30,Model_1
2505318700749100045,6488.519043,30,Model_1
2505318700749100046,5801.37207,30,Model_1
2505318700749100047,1723.064697265625,30,Model_1
2505318700749100048,2619.557373046875,30,Model_1
2505318700749100049,1233.870117,30,Model_1
2505318700749100050,3120.696289,30,Model_1
2505318700749100051,2969.22168,30,Model_1
2505318700749100052,4434.13623,30,Model_1
2505318700749100053,2127.430419921875,30,Model_1
2505318700749100054,2966.835205078125,30,Model_1
2505318700749100055,3388.905273,30,Model_1
2505318700749100056,4192.452637,30,Model_1
2505318700749100057,1474.4888916015625,30,Model_1
2505318700749100058,2701.278809,30,Model_1
2505318700749100059,7508.882324,30,Model_1
2505318700749100060,1597.756348,30,Model_1
2505318700749100061,3215.500244140625,30,Model_1
2505318700749100062,3537.780762,30,Model_1
2505318700749100063,1707.8636474609375,30,Model_1
2505318700749100064,3685.148926,30,Model_1
2505318700749100065,1696.395996,30,Model_1
2505318700749100066,1478.0001220703125,30,Model_1
2505318700749100067,3982.603516,30,Model_1
2505318700749100068,4098.544922,30,Model_1
2505318700749100069,4424.150879,30,Model_1
2505318700749100070,3730.335449,30,Model_1
2505318700749100071,3807.999267578125,30,Model_1
2505318700749100072,2437.527344,30,Model_1
2505318700749100073,2769.549316,30,Model_1
2505318700749100074,3778.982666015625,30,Model_1
2505318700749100075,4394.834961,30,Model_1
2505318700749100076,3380.077392578125,30,Model_1
2505318700749100077,4922.78418,30,Model_1
2505318700749100078,5011.205566,30,Model_1
2505318700749100079,2398.039794921875,30,Model_1
2505318700749100080,3133.281738,30,Model_1
2505318700749100081,2019.9273681640625,30,Model_1
2505318700749100082,6256.494141,30,Model_1
2505318700749100083,2397.510986328125,30,Model_1
2505318700749100084,4849.638184,30,Model_1
2505318700749100085,2737.650879,30,Model_1
2505318700749100086,4004.521728515625,30,Model_1
2505318700749100087,1198.717773,30,Model_1
2505318700749100088,7014.615723,30,Model_1
2505318700749100089,4881.279297,30,Model_1
2505318700749100090,2877.955078,30,Model_1
2505318700749100091,5616.422852,30,Model_1
2505318700749100092,2981.087402,30,Model_1
2505318700749100093,2755.788574,30,Model_1
2505318700749100094,3051.455810546875,30,Model_1
2505318700749100095,4025.788086,30,Model_1
2505318700749100096,1200.6715087890625,30,Model_1
2505318700749100097,3954.791748046875,30,Model_1
2505318700749100098,1029.478027,30,Model_1
2505318700749100099,5226.503906,30,Model_1
2505318700749100100,1729.956787109375,30,Model_1
2505318700749100101,7255.986816,30,Model_1
2505318700749100102,1165.932861328125,30,Model_1
2505318700749100103,4475.449707,30,Model_1
2505318700749100104,3085.751708984375,30,Model_1
2505318700749100105,2677.302001953125,30,Model_1
2505318700749100106,3686.485595703125,30,Model_1
2505318700749100107,1818.935791015625,30,Model_1
2505318700749100108,2367.621337890625,30,Model_1
2505318700749100109,4345.015625,30,Model_1
2505318700749100110,4589.588867,30,Model_1
2505318700749100111,2243.550537109375,30,Model_1
2505318700749100112,3440.121337890625,30,Model_1
2505318700749100113,4046.22168,30,Model_1
2505318700749100114,5833.160645,30,Model_1
2505318700749100115,2589.168945,30,Model_1
2505318700749100117,3929.461914,30,Model_1
2505318700749100118,2775.42041,30,Model_1
2505318700749100119,4157.85498,30,Model_1
2505318700749100120,4115.286133,30,Model_1
2505318700749100121,4846.039063,30,Model_1
2505318700749100122,928.0719604492188,30,Model_1
2505318700749100123,1953.0247802734375,30,Model_1
2505318700749100124,4334.241211,30,Model_1
2505318700749100125,1421.2196044921875,30,Model_1
2505318700749100126,3423.831298828125,30,Model_1
2505318700749100127,1023.1814575195312,30,Model_1
2505318700749100128,4039.27832,30,Model_1
2505318700749100129,1549.555908203125,30,Model_1
2505318700749100131,3896.621582,30,Model_1
2505318700749100132,3172.290283203125,30,Model_1
2505318700749100133,1397.0445556640625,30,Model_1
2505318700749100135,1257.2974853515625,30,Model_1
2505318700752100002,8324.694336,33,Model_1
2505318700752100003,5524.794922,33,Model_1
2505318700752100004,6090.737305,33,Model_1
2505318700752100005,2532.893310546875,33,Model_1
2505318700752100006,5994.165527,33,Model_1
2505318700752100007,5040.571289,33,Model_1
2505318700752100008,5203.182129,33,Model_1
2505318700752100009,3270.819336,33,Model_1
2505318700752100010,7708.952148,33,Model_1
2505318700752100011,2220.020263671875,33,Model_1
2505318700752100012,4668.82666,33,Model_1
2505318700752100013,3400.782715,33,Model_1
2505318700752100014,3158.583984,33,Model_1
2505318700752100015,4612.892578,33,Model_1
2505318700752100016,3407.072509765625,33,Model_1
2505318700752100017,2438.634277,33,Model_1
2505318700752100018,7711.789063,33,Model_1
2505318700752100019,5750.932129,33,Model_1
2505318700752100020,5886.756348,33,Model_1
2505318700752100021,6481.917969,33,Model_1
2505318700752100022,5721.390137,33,Model_1
2505318700752100023,7347.974121,33,Model_1
2505318700752100024,5267.22998,33,Model_1
2505318700752100025,3536.169189453125,33,Model_1
2505318700752100026,5147.252441,33,Model_1
2505318700752100027,6722.87793,33,Model_1
2505318700752100028,3841.049560546875,33,Model_1
2505318700752100029,3660.323242,33,Model_1
2505318700752100030,3822.890380859375,33,Model_1
2505318700752100031,3854.802734,33,Model_1
2505318700752100032,9077.753906,33,Model_1
2505318700752100033,3923.575195,33,Model_1
2505318700752100034,3810.246582,33,Model_1
2505318700752100035,6933.855957,33,Model_1
2505318700752100036,6142.13916,33,Model_1
2505318700752100037,6099.531738,33,Model_1
2505318700752100038,3259.648681640625,33,Model_1
2505318700753100002,9648.308594,33,Model_1
2505318700753100004,5498.866211,33,Model_1
2505318700753100005,2676.584716796875,33,Model_1
2505318700753100006,6321.940918,33,Model_1
2505318700753100007,5076.189941,33,Model_1
2505318700753100008,4135.456055,33,Model_1
2505318700753100009,3888.272216796875,33,Model_1
2505318700753100010,6695.026367,33,Model_1
2505318700753100011,7318.365234,33,Model_1
2505318700753100012,18378.98242,33,Model_1
2505318700753100013,3187.790771484375,33,Model_1
2505318700753100014,2770.819580078125,33,Model_1
2505318700753100015,4393.523438,33,Model_1
2505318700753100016,4354.960938,33,Model_1
2505318700753100017,3599.583984,33,Model_1
2505318700753100018,4300.397461,33,Model_1
2505318700753100019,4004.563965,33,Model_1
2505318700753100021,2861.223388671875,33,Model_1
2505318700753100022,9996.522461,33,Model_1
2505318700753100023,4980.525391,33,Model_1
2505318700753100024,4170.621094,33,Model_1
2505318700753100026,2106.306152,33,Model_1
2505318700753100027,4096.264648,33,Model_1
2505318700753100028,2612.388916015625,33,Model_1
2505318700753100029,3106.397949,33,Model_1
2505318700753100030,7089.913086,33,Model_1
2505318700753100031,8222.530273,33,Model_1
2505318700753100032,2085.776855,33,Model_1
2505318700753100033,2436.475830078125,33,Model_1
2505318700753100034,2850.498291015625,33,Model_1
2505318700753100035,2214.739501953125,33,Model_1
2505318700753100036,5774.21582,33,Model_1
2505318700753100037,3498.302978515625,33,Model_1
2505318700753100038,3616.910888671875,33,Model_1
2505318700753100039,2446.135498046875,33,Model_1
2505318700753100040,5660.266113,33,Model_1
2505318700753100042,5706.583496,33,Model_1
2505318700753100043,2698.356201171875,33,Model_1
2505318700753100044,5147.296875,33,Model_1
2505318700753100045,1978.5147705078125,33,Model_1
2505318700753100047,3994.355712890625,33,Model_1
2505318700753100048,3907.878662109375,33,Model_1
2505318700753100049,3570.177734,33,Model_1
2505318700753100050,2229.13623,33,Model_1
2505318700753100052,3859.188720703125,33,Model_1
2505318700753100053,2329.294677734375,33,Model_1
2505318700754100001,4072.681152,33,Model_1
2505318700754100002,3693.188232421875,33,Model_1
2505318700754100003,4043.507080078125,33,Model_1
2505318700754100004,3745.989746,33,Model_1
2505318700754100005,3442.236083984375,33,Model_1
2505318700754100007,3066.569336,33,Model_1
2505318700754100008,3557.931152,33,Model_1
2505318700754100009,3514.764648,33,Model_1
2505318700754100011,6105.293945,33,Model_1
2505318700754100012,5342.091797,33,Model_1
2505318700754100013,4103.061523,33,Model_1
2505318700754100014,4383.672852,33,Model_1
2505318700754100015,3801.189208984375,33,Model_1
2505318700754100016,5214.521484,33,Model_1
2505318700754100017,5621.419922,33,Model_1
2505318700754100018,4219.636719,33,Model_1
2505318700754100020,3964.653809,33,Model_1
2505318700754100021,5217.635742,33,Model_1
2505318700754100024,3135.121826171875,33,Model_1
2505318700754100025,5512.075684,33,Model_1
2505318700754100026,1402.093505859375,33,Model_1
2505318700754100028,3026.443848,33,Model_1
2505318700754100029,5037.332031,33,Model_1
2505318700754100030,4688.833984,33,Model_1
2505318700754100031,6514.070313,33,Model_1
2505318700754100033,2023.9542236328125,33,Model_1
2505318700754100034,7480.484863,33,Model_1
2505318700754100035,3641.227783203125,33,Model_1
2505318700754100036,1898.202392578125,33,Model_1
2505318700754100038,3403.01709,33,Model_1
2505318700754100039,3530.706787109375,33,Model_1
2505318700754100040,3919.658447265625,33,Model_1
2505318700754100042,7308.44043,33,Model_1
2505318700754100043,3163.048095703125,33,Model_1
2505318700754100044,4682.871582,33,Model_1
2505318700754100048,2097.333984,33,Model_1
2505318700755100001,4626.87793,33,Model_1
2505318700755100003,3326.586669921875,33,Model_1
2505318700755100007,1774.803711,33,Model_1
2505318700755100009,3321.996094,33,Model_1
2505318700755100011,3113.475098,33,Model_1
2505318700755100014,3178.120849609375,33,Model_1
2505318700755100015,3702.949219,33,Model_1
2505318700755100016,5616.353516,33,Model_1
2505318700755100017,2396.023438,33,Model_1
2505318700760100002,5550.742188,5,Model_1
2505318700760100003,4888.756348,5,Model_1
2505318700760100004,3495.888672,5,Model_1
2505318700760100005,5173.719238,5,Model_1
2505318700760100006,4069.495117,5,Model_1
2505318700760100007,2662.333496,5,Model_1
2505318700760100008,2009.9141845703125,5,Model_1
2505318700760100009,4373.596191,5,Model_1
2505318700760100010,4622.11084,5,Model_1
2505318700760100011,2713.663086,5,Model_1
2505318700760100012,4280.413086,5,Model_1
2505318700760100013,6141.902832,5,Model_1
2505318700760100014,9518.486328,5,Model_1
2505318700760100015,4974.428223,5,Model_1
2505318700760100016,1546.604248046875,5,Model_1
2505318700760100017,7000.036621,5,Model_1
2505318700760100018,2735.451172,5,Model_1
2505318700760100019,3184.323242,5,Model_1
2505318700760100020,9947.079102,5,Model_1
2505318700760100021,4724.728027,5,Model_1
2505318700760100022,5970.165527,5,Model_1
2505318700760100023,5605.01416,5,Model_1
2505318700760100024,5494.896484,5,Model_1
2505318700760100025,3191.685791015625,5,Model_1
2505318700760100026,2022.4041748046875,5,Model_1
2505318700760100027,6383.586914,5,Model_1
2505318700760100028,6244.368164,5,Model_1
2505318700760100029,5050.865234,5,Model_1
2505318700760100030,7503.104004,5,Model_1
2505318700760100031,4182.552734,5,Model_1
2505318700760100032,5187.263184,5,Model_1
2505318700760100033,1872.531982421875,5,Model_1
2505318700760100034,4561.729492,5,Model_1
2505318700760100035,4507.871094,5,Model_1
2505318700760100036,2580.978759765625,5,Model_1
2505318700760100037,7510.091797,5,Model_1
2505318700760100038,4623.907715,5,Model_1
2505318700760100039,4714.282227,5,Model_1
2505318700760100040,9434.664063,5,Model_1
2505318700760100041,3948.063477,5,Model_1
2505318700760100042,3620.605224609375,5,Model_1
2505318700760100043,6232.163574,5,Model_1
2505318700760100044,3199.259766,5,Model_1
2505318700760100045,3799.156982421875,5,Model_1
2505318700760100046,4703.962402,5,Model_1
2505318700760100047,6272.605957,5,Model_1
2505318700760100048,5667.860352,5,Model_1
2505318700760100050,2491.364746,5,Model_1
2505318700760100052,3933.100341796875,5,Model_1
2505318700760100053,3371.51416,5,Model_1
2505318700760100054,6072.313477,5,Model_1
2505318700760100055,1970.3636474609375,5,Model_1
2505318700760100057,3895.072266,5,Model_1
2505318700760100058,2662.094238,5,Model_1
2505318700761100001,4063.627197265625,5,Model_1
2505318700761100002,2595.05127,5,Model_1
2505318700761100003,3364.825684,5,Model_1
2505318700761100004,3471.000977,5,Model_1
2505318700761100006,4794.487305,5,Model_1
2505318700761100008,5111.04248,5,Model_1
2505318700761100009,3826.521240234375,5,Model_1
2505318700761100010,8242.708008,5,Model_1
2505318700761100011,2301.673828,5,Model_1
2505318700761100012,4243.107422,5,Model_1
2505318700761100013,4168.697266,5,Model_1
2505318700761100014,1950.1744384765625,5,Model_1
2505318700761100015,2326.744384765625,5,Model_1
2505318700761100016,3873.933594,5,Model_1
2505318700761100017,6340.932617,5,Model_1
2505318700761100019,3334.567138671875,5,Model_1
2505318700761100020,2438.32959,5,Model_1
2505318700761100023,3894.146728515625,5,Model_1
2505318700762100001,2133.365723,5,Model_1
2505318700762100002,2985.175048828125,5,Model_1
2505318700762100003,2179.277832,5,Model_1
2505318700762100004,3818.029052734375,5,Model_1
2505318700762100005,3728.208008,5,Model_1
2505318700762100006,3573.240723,5,Model_1
2505318700762100007,2680.169677734375,5,Model_1
2505318700762100008,4178.426758,5,Model_1
2505318700762100009,1852.2308349609375,5,Model_1
2505318700762100010,4468.77002,5,Model_1
2505318700762100011,1766.327637,5,Model_1
2505318700762100012,2986.811523,5,Model_1
2505318700762100013,1651.0538330078125,5,Model_1
2505318700762100014,4116.533691,5,Model_1
2505318700762100015,2173.565918,5,Model_1
2505318700762100016,2670.170654296875,5,Model_1
2505318700762100017,3374.904541015625,5,Model_1
2505318700762100018,1809.6956787109375,5,Model_1
2505318700762100019,4083.479736328125,5,Model_1
2505318700762100020,3437.477783203125,5,Model_1
2505318700763100006,1141.1094970703125,5,Model_1
2505318700765100005,2870.397949,9,Model_1
2505318700765100006,2643.615966796875,9,Model_1
2505318700765100007,8913.892578,9,Model_1
2505318700765100008,5231.966309,9,Model_1
2505318700765100009,2684.411621,9,Model_1
2505318700765100010,3744.304443359375,9,Model_1
2505318700765100011,4986.912598,9,Model_1
2505318700765100012,3860.852783203125,9,Model_1
2505318700765100013,2098.455810546875,9,Model_1
2505318700765100014,4033.624267578125,9,Model_1
2505318700765100015,3555.559814453125,9,Model_1
2505318700765100016,3343.073242,9,Model_1
2505318700765100017,2579.365723,9,Model_1
2505318700765100018,3635.276123046875,9,Model_1
2505318700765100019,4988.12793,9,Model_1
2505318700765100020,6521.837891,9,Model_1
2505318700765100021,1839.5401611328125,9,Model_1
2505318700765100022,2957.041992,9,Model_1
2505318700765100023,5744.261719,9,Model_1
2505318700765100024,5091.881348,9,Model_1
2505318700765100025,6290.688965,9,Model_1
2505318700765100026,6323.333496,9,Model_1
2505318700765100027,2117.666016,9,Model_1
2505318700765100028,2701.311279296875,9,Model_1
2505318700765100029,3156.074951171875,9,Model_1
2505318700765100030,2594.929199,9,Model_1
2505318700765100031,4129.318848,9,Model_1
2505318700765100032,7504.19873,9,Model_1
2505318700765100033,3607.84082,9,Model_1
2505318700765100034,4961.409668,9,Model_1
2505318700765100035,5387.821289,9,Model_1
2505318700765100036,2038.951416015625,9,Model_1
2505318700765100038,4296.185059,9,Model_1
2505318700765100039,3563.685547,9,Model_1
2505318700765100040,2616.935302734375,9,Model_1
2505318700765100041,3871.132324,9,Model_1
2505318700765100043,4983.652832,9,Model_1
2505318700765100044,4390.913086,9,Model_1
2505318700765100045,4498.191406,9,Model_1
2505318700765100046,1961.293212890625,9,Model_1
2505318700765100047,8081.683594,9,Model_1
2505318700765100048,3270.028076171875,9,Model_1
2505318700765100049,5823.397949,9,Model_1
2505318700765100050,4861.592773,9,Model_1
2505318700765100051,4258.231445,9,Model_1
2505318700765100053,2019.2879638671875,9,Model_1
2505318700765100054,4637.506348,9,Model_1
2505318700765100055,4533.892578,9,Model_1
2505318700765100056,4675.307617,9,Model_1
2505318700765100057,3982.909668,9,Model_1
2505318700765100058,3628.857422,9,Model_1
2505318700765100059,2201.589844,9,Model_1
2505318700765100060,2757.185302734375,9,Model_1
2505318700765100061,2839.400879,9,Model_1
2505318700765100062,4426.270996,9,Model_1
2505318700765100063,5612.231934,9,Model_1
2505318700765100064,5252.180664,9,Model_1
2505318700765100065,2981.433837890625,9,Model_1
2505318700765100066,4622.421387,9,Model_1
2505318700765100067,2484.649414,9,Model_1
2505318700765100068,2150.546630859375,9,Model_1
2505318700765100069,2033.4046630859375,9,Model_1
2505318700765100070,2503.894775390625,9,Model_1
2505318700765100071,3460.405517578125,9,Model_1
2505318700765100072,4505.568848,9,Model_1
2505318700765100073,2687.119141,9,Model_1
2505318700765100074,3840.212158203125,9,Model_1
2505318700765100076,2464.949462890625,9,Model_1
2505318700765100077,4947.125,9,Model_1
2505318700765100078,4917.032715,9,Model_1
2505318700765100079,2529.760009765625,9,Model_1
2505318700766100001,2500.389648,9,Model_1
2505318700766100002,3054.51416,9,Model_1
2505318700766100003,3622.127685546875,9,Model_1
2505318700766100004,1882.847656,9,Model_1
2505318700766100005,6827.23877,9,Model_1
2505318700766100006,3602.648926,9,Model_1
2505318700766100008,4483.461426,9,Model_1
2505318700766100009,1456.261719,9,Model_1
2505318700766100010,3471.429931640625,9,Model_1
2505318700766100011,2833.591797,9,Model_1
2505318700766100013,4201.699707,9,Model_1
2505318700766100014,1445.0843505859375,9,Model_1
2505318700766100015,3817.069336,9,Model_1
2505318700766100016,1368.374267578125,9,Model_1
2505318700766100017,3118.297363,9,Model_1
2505318700766100019,3432.139404296875,9,Model_1
2505318700767100005,3128.348876953125,9,Model_1
2505318700767100006,8460.925781,9,Model_1
2505318700767100008,7719.213379,9,Model_1
2505318700767100009,5304.076172,9,Model_1
2505318700767100010,1738.462158203125,9,Model_1
2505318700767100011,4619.813477,9,Model_1
2505318700767100013,2987.709473,9,Model_1
2505318700767100014,3251.403076171875,9,Model_1
2505318700767100015,2131.106934,9,Model_1
2505318700767100016,2079.930419921875,9,Model_1
2505318700767100017,5162.992676,9,Model_1
2505318700767100018,4045.010986328125,9,Model_1
2505318700767100019,8916.106445,9,Model_1
2505318700767100020,5915.761719,9,Model_1
2505318700767100021,5450.696289,9,Model_1
2505318700767100022,4256.787109,9,Model_1
2505318700767100024,6698.305176,9,Model_1
2505318700767100025,11606.31055,9,Model_1
2505318700767100026,3937.634521484375,9,Model_1
2505318700767100027,5249.944824,9,Model_1
2505318700767100028,2806.811523,9,Model_1
2505318700767100029,4308.569336,9,Model_1
2505318700767100030,3725.632813,9,Model_1
2505318700767100031,5145.268066,9,Model_1
2505318700767100032,2323.208251953125,9,Model_1
2505318700767100033,9332.737305,9,Model_1
2505318700767100034,1787.1160888671875,9,Model_1
2505318700767100035,2571.397949,9,Model_1
2505318700767100036,3988.149658203125,9,Model_1
2505318700767100037,3723.606201171875,9,Model_1
2505318700767100038,4887.723633,9,Model_1
2505318700767100039,4316.165039,9,Model_1
2505318700767100040,4597.74707,9,Model_1
2505318700767100041,2130.420166015625,9,Model_1
2505318700767100042,7542.933105,9,Model_1
2505318700767100043,3427.847656,9,Model_1
2505318700767100044,5609.363281,9,Model_1
2505318700767100045,3583.562744140625,9,Model_1
2505318700767100046,1969.2225341796875,9,Model_1
2505318700767100047,2485.989501953125,9,Model_1
2505318700767100048,2689.470215,9,Model_1
2505318700767100049,3205.28418,9,Model_1
2505318700767100050,4170.87793,9,Model_1
2505318700767100051,3677.165283203125,9,Model_1
2505318700767100052,4668.459961,9,Model_1
2505318700767100053,4124.072266,9,Model_1
2505318700767100054,7806.916016,9,Model_1
2505318700767100055,3604.985352,9,Model_1
2505318700767100056,1670.0343017578125,9,Model_1
2505318700768100003,2061.521484,9,Model_1
2505318700768100004,4161.560059,9,Model_1
2505318700768100005,3493.781738,9,Model_1
2505318700768100006,1198.755615234375,9,Model_1
2505318700768100007,3128.794677734375,9,Model_1
2505318700768100008,3789.024414,9,Model_1
2505318700768100009,4892.001953,9,Model_1
2505318700768100010,950.1370239257812,9,Model_1
2505318700768100011,1165.7498779296875,9,Model_1
2505318700768100013,2470.07959,9,Model_1
2505318700768100014,2703.047852,9,Model_1
2505318700768100015,6032.474121,9,Model_1
2505318700768100018,7292.740234,9,Model_1
2505318700768100019,8398.648438,9,Model_1
2505318700768100020,4241.05127,9,Model_1
2505318700768100022,5603.322754,9,Model_1
2505318700768100023,5309.100098,9,Model_1
2505318700769100001,4280.508301,15,Model_1
2505318700769100002,2988.034668,15,Model_1
2505318700769100003,4050.089355,15,Model_1
2505318700769100005,2289.604736328125,15,Model_1
2505318700769100006,5208.368652,15,Model_1
2505318700769100007,3927.522705078125,15,Model_1
2505318700770100001,5014.597656,15,Model_1
2505318700770100003,3289.87207,15,Model_1
2505318700770100004,6914.511719,15,Model_1
2505318700770100005,3422.888916015625,15,Model_1
2505318700770100006,4549.54834,15,Model_1
2505318700770100007,5092.233398,15,Model_1
2505318700770100008,3735.900879,15,Model_1
2505318700770100009,8623.553711,15,Model_1
2505318700770100010,4413.045898,15,Model_1
2505318700770100011,7082.356445,15,Model_1
2505318700770100012,4735.005859,15,Model_1
2505318700770100013,7313.541016,15,Model_1
2505318700770100014,3933.312012,15,Model_1
2505318700770100015,4888.55127,15,Model_1
2505318700770100016,5407.319336,15,Model_1
2505318700770100017,5977.920898,15,Model_1
2505318700770100018,9542.249023,15,Model_1
2505318700770100019,6666.13916,15,Model_1
2505318700770100020,5742.412109,15,Model_1
2505318700770100021,3645.918701171875,15,Model_1
2505318700770100022,3696.147461,15,Model_1
2505318700770100023,6131.730957,15,Model_1
2505318700770100024,8058.543945,15,Model_1
2505318700770100025,3563.13623,15,Model_1
2505318700770100026,4234.738281,15,Model_1
2505318700770100027,3061.57373,15,Model_1
2505318700770100028,4733.425781,15,Model_1
2505318700770100029,7479.764648,15,Model_1
2505318700770100030,4863.22168,15,Model_1
2505318700770100031,2685.78418,15,Model_1
2505318700770100032,4659.098145,15,Model_1
2505318700771100003,4397.716309,15,Model_1
2505318700771100004,3953.929931640625,15,Model_1
2505318700771100006,4465.772461,15,Model_1
2505318700771100007,10927.06152,15,Model_1
2505318700771100009,8313.470703,15,Model_1
2505318700771100010,6076.346191,15,Model_1
2505318700771100011,7468.621094,15,Model_1
2505318700771100012,4809.685059,15,Model_1
2505318700771100014,8900.619141,15,Model_1
2505318700771100015,5862.913086,15,Model_1
2505318700771100016,5720.585449,15,Model_1
2505318700771100017,4003.573242,15,Model_1
2505318700771100018,6092.00293,15,Model_1
2505318700771100019,3904.212158203125,15,Model_1
2505318700771100020,4907.551758,15,Model_1
2505318700771100022,3683.597656,15,Model_1
2505318700771100023,2105.089599609375,15,Model_1
2505318700771100024,1607.861328,15,Model_1
2505318700771100025,2781.755126953125,15,Model_1
2505318700771100026,2632.336181640625,15,Model_1
2505318700771100027,1723.087158203125,15,Model_1
2505318700771100028,5412.644043,15,Model_1
2505318700771100030,2106.078613,15,Model_1
2505318700771100031,3587.418945,15,Model_1
2505318700771100032,1605.6866455078125,15,Model_1
2505318700771100033,6311.393555,15,Model_1
2505318700771100034,5920.533691,15,Model_1
2505318700771100035,3367.845458984375,15,Model_1
2505318700771100036,4582.924316,15,Model_1
2505318700771100037,3179.586181640625,15,Model_1
2505318700771100038,2796.419922,15,Model_1
2505318700771100039,7415.132324,15,Model_1
2505318700771100040,1994.54541,15,Model_1
2505318700771100041,4459.703613,15,Model_1
2505318700771100042,3870.518310546875,15,Model_1
2505318700771100043,2041.7237548828125,15,Model_1
2505318700771100044,2609.88623,15,Model_1
2505318700771100045,3008.684814453125,15,Model_1
2505318700771100048,4209.567383,15,Model_1
2505318700771100049,5918.143555,15,Model_1
2505318700771100050,1584.567383,15,Model_1
2505318700771100052,5129.436035,15,Model_1
2505318700772100001,10939.45996,15,Model_1
2505318700772100002,4480.841797,15,Model_1
2505318700772100003,3338.723388671875,15,Model_1
2505318700772100004,2684.340087890625,15,Model_1
2505318700772100005,3544.095215,15,Model_1
2505318700772100006,5796.73584,15,Model_1
2505318700772100007,6191.679688,15,Model_1
2505318700772100008,6029.408691,15,Model_1
2505318700772100009,5397.17334,15,Model_1
2505318700772100010,5695.880859,15,Model_1
2505318700772100011,2110.936035,15,Model_1
2505318700772100012,6255.762695,15,Model_1
2505318700772100013,5035.138672,15,Model_1
2505318700772100014,5321.352051,15,Model_1
2505318700772100015,4827.262207,15,Model_1
2505318700772100016,4179.702148,15,Model_1
2505318700772100017,8906.663086,15,Model_1
2505318700772100018,4533.312988,15,Model_1
2505318700772100019,2608.848145,15,Model_1
2505318700772100020,4577.973633,15,Model_1
2505318700772100021,6105.998047,15,Model_1
2505318700772100022,6973.173828,15,Model_1
2505318700772100023,6867.509277,15,Model_1
2505318700772100026,4590.597656,15,Model_1
2505318700772100027,5198.446289,15,Model_1
2505318700772100028,4151.291504,15,Model_1
2505318700772100030,3293.875,15,Model_1
2505318700772100031,6386.615723,15,Model_1
2505318700772100032,4597.844238,15,Model_1
2505318700772100033,2755.678466796875,15,Model_1
2505318700772100034,3429.256836,15,Model_1
2505318700775100005,5590.997559,30,Model_1
2505318700775100006,2488.712402,30,Model_1
2505318700775100007,6796.895508,30,Model_1
2505318700775100008,4249.424316,30,Model_1
2505318700775100009,4744.686035,30,Model_1
2505318700775100010,10703.07617,30,Model_1
2505318700775100011,4841.724609,30,Model_1
2505318700775100012,1638.2222900390625,30,Model_1
2505318700775100013,7279.327148,30,Model_1
2505318700775100014,808.7599487304688,30,Model_1
2505318700775100015,3605.478271484375,30,Model_1
2505318700775100016,4989.646484,30,Model_1
2505318700775100017,1875.347168,30,Model_1
2505318700775100018,2601.163330078125,30,Model_1
2505318700775100019,4904.765625,30,Model_1
2505318700775100020,2547.094238,30,Model_1
2505318700775100021,3217.871094,30,Model_1
2505318700775100023,4018.587158203125,30,Model_1
2505318700775100024,4921.477051,30,Model_1
2505318700775100025,2126.601563,30,Model_1
2505318700775100026,863.6305541992188,30,Model_1
2505318700775100027,4131.26416,30,Model_1
2505318700775100028,4068.440185546875,30,Model_1
2505318700775100029,3607.544677734375,30,Model_1
2505318700775100030,3389.874512,30,Model_1
2505318700775100031,1354.6009521484375,30,Model_1
2505318700775100032,4924.039063,30,Model_1
2505318700775100033,5638.390625,30,Model_1
2505318700775100034,6909.611328,30,Model_1
2505318700775100035,7734.677734,30,Model_1
2505318700775100036,5338.484863,30,Model_1
2505318700775100037,3554.883789,30,Model_1
2505318700775100038,4430.130371,30,Model_1
2505318700775100039,2594.707031,30,Model_1
2505318700775100040,5487.224609,30,Model_1
2505318700775100041,2583.724121,30,Model_1
2505318700775100042,4356.701172,30,Model_1
2505318700775100043,6464.128418,30,Model_1
2505318700775100044,1714.9964599609375,30,Model_1
2505318700775100045,3319.363037109375,30,Model_1
2505318700775100046,3688.148681640625,30,Model_1
2505318700775100047,3928.980224609375,30,Model_1
2505318700775100048,2407.960205078125,30,Model_1
2505318700775100049,4958.445313,30,Model_1
2505318700775100050,4945.175293,30,Model_1
2505318700775100052,1987.5948486328125,30,Model_1
2505318700775100053,4067.565673828125,30,Model_1
2505318700775100054,1736.768310546875,30,Model_1
2505318700775100055,8523.705078,30,Model_1
2505318700775100056,7363.265137,30,Model_1
2505318700775100057,2479.79834,30,Model_1
2505318700775100058,3502.534423828125,30,Model_1
2505318700775100059,3337.328369140625,30,Model_1
2505318700775100060,8331.509766,30,Model_1
2505318700775100061,2448.926758,30,Model_1
2505318700775100062,3252.831298828125,30,Model_1
2505318700775100063,7581.932617,30,Model_1
2505318700775100064,6275.145508,30,Model_1
2505318700775100065,2898.646728515625,30,Model_1
2505318700775100066,4814.155762,30,Model_1
2505318700775100067,6742.846191,30,Model_1
2505318700775100068,5280.571777,30,Model_1
2505318700775100069,2812.635986328125,30,Model_1
2505318700775100070,2498.749023,30,Model_1
2505318700775100071,3478.291748046875,30,Model_1
2505318700775100072,4455.773926,30,Model_1
2505318700775100073,4443.748535,30,Model_1
2505318700775100074,6646.882324,30,Model_1
2505318700775100075,5814.942871,30,Model_1
2505318700775100076,8068.369629,30,Model_1
2505318700775100078,4617.20166,30,Model_1
2505318700776100005,2849.711426,30,Model_1
2505318700776100007,3049.836914,30,Model_1
2505318700776100008,3138.934082,30,Model_1
2505318700776100009,2958.888916015625,30,Model_1
2505318700776100010,1759.6456298828125,30,Model_1
2505318700776100011,3499.390380859375,30,Model_1
2505318700776100012,1423.1226806640625,30,Model_1
2505318700776100013,1378.5736083984375,30,Model_1
2505318700776100014,7363.512207,30,Model_1
2505318700776100015,2302.451904296875,30,Model_1
2505318700776100016,4537.658691,30,Model_1
2505318700776100017,4807.380371,30,Model_1
2505318700776100018,3643.734863,30,Model_1
2505318700776100019,3736.108887,30,Model_1
2505318700776100020,3352.869873046875,30,Model_1
2505318700776100021,2175.103027,30,Model_1
2505318700776100022,3317.597900390625,30,Model_1
2505318700776100023,2397.396973,30,Model_1
2505318700776100024,4492.970215,30,Model_1
2505318700776100025,3493.861083984375,30,Model_1
2505318700776100026,6067.109863,30,Model_1
2505318700776100027,1762.9835205078125,30,Model_1
2505318700776100028,1773.2747802734375,30,Model_1
2505318700776100029,4432.434082,30,Model_1
2505318700776100030,6714.410645,30,Model_1
2505318700776100031,2377.772461,30,Model_1
2505318700776100033,2497.26709,30,Model_1
2505318700776100034,7309.772461,30,Model_1
2505318700776100035,6134.069336,30,Model_1
2505318700776100036,6886.046875,30,Model_1
2505318700776100037,3052.01123,30,Model_1
2505318700776100038,4708.700684,30,Model_1
2505318700776100039,3086.543945,30,Model_1
2505318700776100040,5561.382813,30,Model_1
2505318700776100041,4246.798828,30,Model_1
2505318700776100042,2512.365478515625,30,Model_1
2505318700776100043,2761.865234,30,Model_1
2505318700776100045,2229.195313,30,Model_1
2505318700776100046,6204.850586,30,Model_1
2505318700776100047,1223.4974365234375,30,Model_1
2505318700776100048,1630.8094482421875,30,Model_1
2505318700776100049,5174.84668,30,Model_1
2505318700776100050,3741.755859,30,Model_1
2505318700776100051,3713.642578,30,Model_1
2505318700776100052,1507.112548828125,30,Model_1
2505318700776100053,7922.112305,30,Model_1
2505318700776100054,3917.11084,30,Model_1
2505318700776100055,3167.709961,30,Model_1
2505318700776100056,3475.172607421875,30,Model_1
2505318700776100057,1787.3604736328125,30,Model_1
2505318700776100058,4404.246582,30,Model_1
2505318700776100059,3146.840576171875,30,Model_1
2505318700776100060,4299.450684,30,Model_1
2505318700776100061,1695.705566,30,Model_1
2505318700776100062,5676.239746,30,Model_1
2505318700776100063,5230.857422,30,Model_1
2505318700776100065,2986.149902,30,Model_1
2505318700776100066,4409.82666,30,Model_1
2505318700776100067,4403.066406,30,Model_1
2505318700776100068,3733.445556640625,30,Model_1
2505318700776100070,3100.607666015625,30,Model_1
2505318700776100071,4214.873535,30,Model_1
2505318700776100072,3184.645996,30,Model_1
2505318700776100073,3476.849365234375,30,Model_1
2505318700776100074,4718.325195,30,Model_1
2505318700776100075,2745.697021484375,30,Model_1
2505318700776100076,5978.708008,30,Model_1
2505318700776100077,1974.5789794921875,30,Model_1
2505318700776100079,997.3336181640624,30,Model_1
2505318700776100080,2951.516113,30,Model_1
2505318700776100081,1660.2811279296875,30,Model_1
2505318700776100082,2895.443603515625,30,Model_1
2505318700776100083,3822.624512,30,Model_1
2505318700776100084,3783.390380859375,30,Model_1
2505318700776100085,2764.305419921875,30,Model_1
2505318700776100086,3715.077148,30,Model_1
2505318700776100088,1250.9268798828125,30,Model_1
2505318700776100089,4527.148438,30,Model_1
2505318700776100090,2351.526611328125,30,Model_1
2505318700776100091,2817.788330078125,30,Model_1
2505318700776100092,4642.014648,30,Model_1
2505318700776100093,2151.806884765625,30,Model_1
2505318700776100094,3424.341309,30,Model_1
2505318700776100095,2765.628418,30,Model_1
2505318700776100096,3818.206543,30,Model_1
2505318700776100097,3068.704102,30,Model_1
2505318700776100098,4729.111328,30,Model_1
2505318700776100099,697.0220947265625,30,Model_1
2505318700776100100,4686.149414,30,Model_1
2505318700776100101,2084.482666015625,30,Model_1
2505318700776100103,2523.268555,30,Model_1
2505318700776100104,3236.407958984375,30,Model_1
2505318700776100105,4007.586181640625,30,Model_1
2505318700776100106,2225.599609,30,Model_1
2505318700776100107,3297.258301,30,Model_1
2505318700776100108,2740.375977,30,Model_1
2505318700776100109,4673.373535,30,Model_1
2505318700776100110,6548.764648,30,Model_1
2505318700776100111,6293.86377,30,Model_1
2505318700776100112,3234.628906,30,Model_1
2505318700776100113,1607.0902099609375,30,Model_1
2505318700776100114,6961.269043,30,Model_1
2505318700776100115,2959.068603515625,30,Model_1
2505318700776100116,4407.705078,30,Model_1
2505318700776100117,3643.461181640625,30,Model_1
2505318700776100118,2493.829833984375,30,Model_1
2505318700776100119,4743.862305,30,Model_1
2505318700776100120,6251.078125,30,Model_1
2505318700776100121,4062.293945,30,Model_1
2505318700776100122,1856.7174072265625,30,Model_1
2505318700776100123,2650.081055,30,Model_1
2505318700776100124,3419.802246,30,Model_1
2505318700776100125,4191.209961,30,Model_1
2505318700776100126,2242.637451171875,30,Model_1
2505318700776100127,3621.665527,30,Model_1
2505318700776100128,2021.924072265625,30,Model_1
2505318700776100129,5260.923828,30,Model_1
2505318700776100130,2938.483642578125,30,Model_1
2505318700776100131,3677.725586,30,Model_1
2505318700776100132,8035.371582,30,Model_1
2505318700776100133,4371.064941,30,Model_1
2505318700776100134,4115.492188,30,Model_1
2505318700776100135,1424.3206787109375,30,Model_1
2505318700776100136,3156.822266,30,Model_1
2505318700776100137,5160.621582,30,Model_1
2505318700776100138,2859.947509765625,30,Model_1
2505318700776100139,4863.342773,30,Model_1
2505318700776100140,4429.396484,30,Model_1
2505318700776100141,2904.333740234375,30,Model_1
2505318700776100143,2552.301758,30,Model_1
2505318700776100144,3833.983154296875,30,Model_1
2505318700776100145,6142.559082,30,Model_1
2505318700776100146,4079.513672,30,Model_1
2505318700776100147,6164.605469,30,Model_1
2505318700776100148,3699.501220703125,30,Model_1
2505318700776100149,1176.6466064453125,30,Model_1
2505318700776100150,10932.35156,30,Model_1
2505318700776100151,2773.458740234375,30,Model_1
2505318700776100152,11648.83496,30,Model_1
2505318700776100153,4741.398926,30,Model_1
2505318700776100154,3333.848633,30,Model_1
2505318700776100156,2104.258301,30,Model_1
2505318700776100157,2428.093017578125,30,Model_1
2505318700777100009,4537.277344,30,Model_1
2505318700777100010,4570.611816,30,Model_1
2505318700777100011,2822.42041,30,Model_1
2505318700777100012,2242.884766,30,Model_1
2505318700777100013,1818.926513671875,30,Model_1
2505318700777100014,1782.4346923828125,30,Model_1
2505318700777100015,5396.108398,30,Model_1
2505318700777100016,1948.057373046875,30,Model_1
2505318700777100017,1899.6256103515625,30,Model_1
2505318700777100019,2083.837158203125,30,Model_1
2505318700777100020,2298.423828,30,Model_1
2505318700777100021,2872.597168,30,Model_1
2505318700777100022,3235.868164,30,Model_1
2505318700777100023,1788.5894775390625,30,Model_1
2505318700777100024,4713.219238,30,Model_1
2505318700777100025,4440.166016,30,Model_1
2505318700777100026,3045.400879,30,Model_1
2505318700777100027,6262.1875,30,Model_1
2505318700777100028,757.7325439453125,30,Model_1
2505318700777100029,3512.077880859375,30,Model_1
2505318700777100030,1486.657470703125,30,Model_1
2505318700777100031,3262.744873046875,30,Model_1
2505318700777100032,2259.056641,30,Model_1
2505318700777100034,4700.889648,30,Model_1
2505318700777100035,2503.075439453125,30,Model_1
2505318700777100036,2130.833740234375,30,Model_1
2505318700777100037,4372.892578,30,Model_1
2505318700777100038,2170.662353515625,30,Model_1
2505318700777100039,2131.962402,30,Model_1
2505318700777100040,2502.381591796875,30,Model_1
2505318700777100041,1896.744141,30,Model_1
2505318700777100042,5547.090332,30,Model_1
2505318700777100043,1895.2576904296875,30,Model_1
2505318700777100044,1617.2818603515625,30,Model_1
2505318700777100046,3766.308105,30,Model_1
2505318700777100047,2637.311523,30,Model_1
2505318700777100048,3759.873047,30,Model_1
2505318700777100049,2466.658935546875,30,Model_1
2505318700777100050,2546.00293,30,Model_1
2505318700777100051,5295.051758,30,Model_1
2505318700777100052,4408.625488,30,Model_1
2505318700777100053,2611.183349609375,30,Model_1
2505318700777100054,4389.043945,30,Model_1
2505318700777100055,3765.76709,30,Model_1
2505318700777100056,5269.417969,30,Model_1
2505318700777100058,2298.602294921875,30,Model_1
2505318700777100059,3356.537353515625,30,Model_1
2505318700777100060,2872.657227,30,Model_1
2505318700777100061,3788.853271484375,30,Model_1
2505318700777100063,2394.704102,30,Model_1
2505318700777100064,3668.079345703125,30,Model_1
2505318700777100065,3181.725341796875,30,Model_1
2505318700777100066,957.7507934570312,30,Model_1
2505318700777100067,3920.945801,30,Model_1
2505318700777100069,4351.941895,30,Model_1
2505318700777100070,1749.994873046875,30,Model_1
2505318700777100071,6184.810547,30,Model_1
2505318700777100073,5342.439941,30,Model_1
2505318700780100001,8328.595703,33,Model_1
2505318700780100002,2666.000977,33,Model_1
2505318700780100003,4786.376465,33,Model_1
2505318700780100004,16142.54395,33,Model_1
2505318700780100005,4460.448242,33,Model_1
2505318700780100006,3581.149658203125,33,Model_1
2505318700780100007,4718.630859,33,Model_1
2505318700780100008,5998.372559,33,Model_1
2505318700780100009,3192.10498,33,Model_1
2505318700780100010,3316.044922,33,Model_1
2505318700780100011,7436.297852,33,Model_1
2505318700780100012,2827.171630859375,33,Model_1
2505318700780100013,7394.163574,33,Model_1
2505318700780100014,4276.669434,33,Model_1
2505318700780100015,3377.681884765625,33,Model_1
2505318700780100016,5275.844238,33,Model_1
2505318700780100017,2305.47168,33,Model_1
2505318700780100018,4244.50293,33,Model_1
2505318700780100019,3889.696289,33,Model_1
2505318700780100020,6869.633789,33,Model_1
2505318700780100021,4291.95166,33,Model_1
2505318700780100022,4991.104492,33,Model_1
2505318700780100023,3865.922607421875,33,Model_1
2505318700780100024,4887.170898,33,Model_1
2505318700780100025,2034.1165771484375,33,Model_1
2505318700780100026,4705.297852,33,Model_1
2505318700780100027,4961.049805,33,Model_1
2505318700780100028,1886.2762451171875,33,Model_1
2505318700780100029,4700.821777,33,Model_1
2505318700780100030,3180.310791015625,33,Model_1
2505318700780100031,4216.552734,33,Model_1
2505318700780100032,3960.611328,33,Model_1
2505318700780100033,5180.08252,33,Model_1
2505318700780100034,4060.604492,33,Model_1
2505318700780100035,3610.411621,33,Model_1
2505318700780100036,6437.696777,33,Model_1
2505318700780100038,3725.239746,33,Model_1
2505318700780100039,5354.68457,33,Model_1
2505318700780100040,2565.458251953125,33,Model_1
2505318700780100041,2277.640869140625,33,Model_1
2505318700780100042,4857.569336,33,Model_1
2505318700780100043,2579.941650390625,33,Model_1
2505318700780100044,6137.585449,33,Model_1
2505318700780100045,994.9263916015624,33,Model_1
2505318700780100046,7854.944824,33,Model_1
2505318700780100047,2884.041748046875,33,Model_1
2505318700780100049,1866.611572265625,33,Model_1
2505318700780100050,2494.980224609375,33,Model_1
2505318700780100051,7261.755371,33,Model_1
2505318700780100052,3511.775879,33,Model_1
2505318700780100053,3223.933349609375,33,Model_1
2505318700781100001,6122.729492,33,Model_1
2505318700781100002,6480.231934,33,Model_1
2505318700781100005,1264.4581298828125,33,Model_1
2505318700781100006,3510.294189453125,33,Model_1
2505318700781100007,5486.653809,33,Model_1
2505318700781100008,2220.500732421875,33,Model_1
2505318700781100010,2479.532227,33,Model_1
2505318700781100011,2461.594238,33,Model_1
2505318700781100012,9730.760742,33,Model_1
2505318700781100013,3042.378906,33,Model_1
2505318700781100014,4653.786133,33,Model_1
2505318700781100015,3293.461426,33,Model_1
2505318700781100016,4442.487793,33,Model_1
2505318700781100017,1327.2176513671875,33,Model_1
2505318700781100018,3948.226563,33,Model_1
2505318700781100019,2832.784423828125,33,Model_1
2505318700781100020,6009.474609,33,Model_1
2505318700781100021,8609.658203,33,Model_1
2505318700781100022,2156.418701171875,33,Model_1
2505318700781100023,2972.006836,33,Model_1
2505318700781100024,2760.257568359375,33,Model_1
2505318700781100025,4184.998535,33,Model_1
2505318700781100026,1869.562744140625,33,Model_1
2505318700781100027,1729.413086,33,Model_1
2505318700781100028,1587.635498046875,33,Model_1
2505318700781100029,2851.715087890625,33,Model_1
2505318700781100030,4615.005859,33,Model_1
2505318700781100031,4215.008301,33,Model_1
2505318700781100033,3692.563720703125,33,Model_1
2505318700781100034,6064.65918,33,Model_1
2505318700781100035,4800.23584,33,Model_1
2505318700781100036,3613.431396484375,33,Model_1
2505318700781100037,2925.693603515625,33,Model_1
2505318700781100038,3282.35791,33,Model_1
2505318700781100039,3135.008544921875,33,Model_1
2505318700781100040,2520.554931640625,33,Model_1
2505318700781100041,5148.055176,33,Model_1
2505318700781100042,3188.971923828125,33,Model_1
2505318700781100044,6147.342773,33,Model_1
2505318700781100045,3052.961669921875,33,Model_1
2505318700781100046,3721.373779296875,33,Model_1
2505318700781100047,8199.177734,33,Model_1
2505318700781100048,8121.455566,33,Model_1
2505318700781100049,4022.303955078125,33,Model_1
2505318700781100050,3203.986572265625,33,Model_1
2505318700781100052,4282.959961,33,Model_1
2505318700781100053,3112.516602,33,Model_1
2505318700781100054,2382.902587890625,33,Model_1
2505318700781100055,4712.807617,33,Model_1
2505318700781100056,3197.431641,33,Model_1
2505318700781100057,2657.760742,33,Model_1
2505318700781100058,4146.234375,33,Model_1
2505318700781100059,7452.208008,33,Model_1
2505318700781100061,1732.8074951171875,33,Model_1
2505318700781100062,5322.369629,33,Model_1
2505318700781100063,3916.062255859375,33,Model_1
2505318700781100064,3692.870361328125,33,Model_1
2505318700781100065,3721.459716796875,33,Model_1
2505318700781100066,5608.496582,33,Model_1
2505318700781100067,6123.242676,33,Model_1
2505318700781100068,778.8907470703125,33,Model_1
2505318700781100069,4918.912598,33,Model_1
2505318700781100070,1902.6085205078125,33,Model_1
2505318700781100071,1280.514648,33,Model_1
2505318700781100072,4713.202637,33,Model_1
2505318700781100073,3204.943359,33,Model_1
2505318700781100075,2054.506836,33,Model_1
2505318700781100076,3491.080566,33,Model_1
2505318700781100077,3191.713623046875,33,Model_1
2505318700781100078,3780.434814453125,33,Model_1
2505318700781100079,1181.624512,33,Model_1
2505318700781100080,4991.257813,33,Model_1
2505318700781100081,3918.204833984375,33,Model_1
2505318700781100082,4878.730469,33,Model_1
2505318700781100083,2275.092773,33,Model_1
2505318700781100084,1309.3834228515625,33,Model_1
2505318700781100086,6048.195801,33,Model_1
2505318700781100087,6609.674805,33,Model_1
2505318700781100088,3954.876708984375,33,Model_1
2505318700781100089,2918.949707,33,Model_1
2505318700781100090,3521.339844,33,Model_1
2505318700781100091,3904.700195,33,Model_1
2505318700781100092,3171.322021484375,33,Model_1
2505318700781100093,2042.7161865234375,33,Model_1
2505318700781100094,3693.555908203125,33,Model_1
2505318700781100096,2929.339355,33,Model_1
2505318700781100097,2569.363037109375,33,Model_1
2505318700781100098,1107.0084228515625,33,Model_1
2505318700781100099,3256.471435546875,33,Model_1
2505318700781100101,944.0275879,33,Model_1
2505318700781100105,2432.732177734375,33,Model_1
2505318700782100002,4016.132080078125,33,Model_1
2505318700782100003,5618.472168,33,Model_1
2505318700782100004,5152.852539,33,Model_1
2505318700782100005,4100.474609,33,Model_1
2505318700782100006,2609.693359,33,Model_1
2505318700782100007,8419.988281,33,Model_1
2505318700782100008,3773.461181640625,33,Model_1
2505318700782100010,3210.933105,33,Model_1
2505318700782100011,3892.321533203125,33,Model_1
2505318700782100012,4410.774414,33,Model_1
2505318700782100013,4393.73291,33,Model_1
2505318700782100014,1574.529052734375,33,Model_1
2505318700782100015,1884.425781,33,Model_1
2505318700782100016,4182.693359,33,Model_1
2505318700782100017,3898.121826171875,33,Model_1
2505318700782100018,3100.444580078125,33,Model_1
2505318700782100019,4620.182129,33,Model_1
2505318700782100020,3121.823486328125,33,Model_1
2505318700782100021,1752.000977,33,Model_1
2505318700782100022,3724.284423828125,33,Model_1
2505318700782100023,4459.143066,33,Model_1
2505318700782100025,11824.29688,33,Model_1
2505318700782100026,5437.382324,33,Model_1
2505318700782100027,6590.814941,33,Model_1
2505318700782100030,6269.607422,33,Model_1
2505318700782100031,3089.885742,33,Model_1
2505318700782100032,3083.898193359375,33,Model_1
2505318700782100033,4155.119141,33,Model_1
2505318700782100036,5144.532715,33,Model_1
2505318700782100037,6756.310547,33,Model_1
2505318700782100038,2529.577637,33,Model_1
2505318700782100039,2185.617188,33,Model_1
2505318700782100040,3596.199707,33,Model_1
2505318700782100041,7771.408203,33,Model_1
2505318700782100042,1359.099121,33,Model_1
2505318700782100043,3912.202392578125,33,Model_1
2505318700782100044,4470.255371,33,Model_1
2505318700782100045,3042.949707,33,Model_1
2505318700782100046,2725.806884765625,33,Model_1
2505318700782100047,4788.255371,33,Model_1
2505318700782100048,6190.298828,33,Model_1
2505318700782100049,5994.692871,33,Model_1
2505318700782100050,10329.30859,33,Model_1
2505318700782100051,1532.709473,33,Model_1
2505318700782100052,7299.23291,33,Model_1
2505318700782100053,5696.172363,33,Model_1
2505318700782100054,3014.835205078125,33,Model_1
2505318700782100055,2498.150391,33,Model_1
2505318700782100056,6354.525879,33,Model_1
2505318700782100057,6736.794434,33,Model_1
2505318700782100059,2292.343994140625,33,Model_1
2505318700783100004,3388.481201171875,33,Model_1
2505318700783100011,7384.854004,33,Model_1
2505318700783100014,2686.237060546875,33,Model_1
2505318700783100015,9753.693359,33,Model_1
2505318700783100016,2850.597168,33,Model_1
2505318700788100001,2936.741699,5,Model_1
2505318700788100003,3485.807861328125,5,Model_1
2505318700788100004,2436.611572265625,5,Model_1
2505318700789100010,2057.170654296875,5,Model_1
2505318700789100011,984.0385131835938,5,Model_1
2505318700789100012,3829.832763671875,5,Model_1
2505318700789100013,7324.14502,5,Model_1
2505318700789100014,4205.557617,5,Model_1
2505318700789100017,3921.401123046875,5,Model_1
2505318700789100018,1670.5238037109375,5,Model_1
2505318700789100019,1713.4969482421875,5,Model_1
2505318700789100020,2882.968505859375,5,Model_1
2505318700789100021,3656.721923828125,5,Model_1
2505318700789100022,4525.415527,5,Model_1
2505318700789100023,3190.996337890625,5,Model_1
2505318700789100024,3074.333008,5,Model_1
2505318700789100025,2040.5252685546875,5,Model_1
2505318700789100026,4192.84375,5,Model_1
2505318700789100027,1540.883544921875,5,Model_1
2505318700789100028,4997.760254,5,Model_1
2505318700789100029,2108.204833984375,5,Model_1
2505318700789100030,4774.524902,5,Model_1
2505318700789100031,4151.072266,5,Model_1
2505318700789100032,2045.82959,5,Model_1
2505318700789100033,4492.039063,5,Model_1
2505318700789100034,3073.449219,5,Model_1
2505318700789100035,8593.470703,5,Model_1
2505318700789100036,4844.708496,5,Model_1
2505318700789100037,3318.263427734375,5,Model_1
2505318700789100038,1420.297607421875,5,Model_1
2505318700789100039,4210.501465,5,Model_1
2505318700789100041,4462.325684,5,Model_1
2505318700789100043,2572.847900390625,5,Model_1
2505318700789100044,2753.215576171875,5,Model_1
2505318700789100045,2477.00293,5,Model_1
2505318700789100046,3252.337158203125,5,Model_1
2505318700789100047,2684.933594,5,Model_1
2505318700790100005,3618.07959,5,Model_1
2505318700790100006,9014.325195,5,Model_1
2505318700790100007,2679.667969,5,Model_1
2505318700790100008,2099.413574,5,Model_1
2505318700790100010,5846.671875,5,Model_1
2505318700790100011,2512.426025390625,5,Model_1
2505318700790100012,6091.456543,5,Model_1
2505318700790100014,7693.27832,5,Model_1
2505318700790100015,1688.1624755859375,5,Model_1
2505318700793100004,1893.978516,9,Model_1
2505318700793100007,5330.522461,9,Model_1
2505318700793100008,4901.946289,9,Model_1
2505318700793100009,3241.520508,9,Model_1
2505318700793100010,3076.750488,9,Model_1
2505318700793100012,3495.691162109375,9,Model_1
2505318700793100013,1852.9908447265625,9,Model_1
2505318700794100003,6054.927246,9,Model_1
2505318700794100004,5919.493652,9,Model_1
2505318700794100005,4100.230957,9,Model_1
2505318700794100007,7216.976563,9,Model_1
2505318700794100008,5886.806641,9,Model_1
2505318700794100009,6990.705078,9,Model_1
2505318700794100010,2965.701416015625,9,Model_1
2505318700794100011,7468.445801,9,Model_1
2505318700794100012,4177.568359,9,Model_1
2505318700794100013,6321.291016,9,Model_1
2505318700794100014,3422.806884765625,9,Model_1
2505318700794100015,3426.768066,9,Model_1
2505318700794100017,4370.992188,9,Model_1
2505318700794100018,2338.749267578125,9,Model_1
2505318700794100019,5519.075195,9,Model_1
2505318700794100020,4288.576172,9,Model_1
2505318700794100021,2569.529297,9,Model_1
2505318700794100022,5539.660645,9,Model_1
2505318700794100023,5684.942871,9,Model_1
2505318700794100024,4198.009277,9,Model_1
2505318700794100025,5168.853516,9,Model_1
2505318700794100026,4062.660888671875,9,Model_1
2505318700794100027,5505.305664,9,Model_1
2505318700794100028,2778.772949,9,Model_1
2505318700794100029,5137.786621,9,Model_1
2505318700794100030,10690.32031,9,Model_1
2505318700794100031,2651.98584,9,Model_1
2505318700794100032,2847.942383,9,Model_1
2505318700794100033,5937.080078,9,Model_1
2505318700794100034,4107.84668,9,Model_1
2505318700794100035,10575.51074,9,Model_1
2505318700794100036,7175.797852,9,Model_1
2505318700794100037,4329.817871,9,Model_1
2505318700794100038,5840.983887,9,Model_1
2505318700794100039,4067.710205078125,9,Model_1
2505318700794100040,5727.685059,9,Model_1
2505318700794100041,5829.609375,9,Model_1
2505318700794100042,4069.585693359375,9,Model_1
2505318700794100044,2990.811279296875,9,Model_1
2505318700794100045,2201.064208984375,9,Model_1
2505318700794100046,4815.641602,9,Model_1
2505318700794100047,4084.414551,9,Model_1
2505318700794100048,4219.431641,9,Model_1
2505318700794100049,2761.573486328125,9,Model_1
2505318700794100050,4320.043945,9,Model_1
2505318700794100051,4694.583008,9,Model_1
2505318700794100052,2092.968994140625,9,Model_1
2505318700794100053,5248.372559,9,Model_1
2505318700794100054,1757.8638916015625,9,Model_1
2505318700795100001,8578.47168,9,Model_1
2505318700795100002,3981.700439453125,9,Model_1
2505318700795100003,5770.595215,9,Model_1
2505318700795100004,6666.564453,9,Model_1
2505318700795100005,7611.338379,9,Model_1
2505318700795100006,6120.228027,9,Model_1
2505318700795100007,3463.357422,9,Model_1
2505318700795100008,5248.213867,9,Model_1
2505318700795100009,6789.925293,9,Model_1
2505318700795100010,2949.095458984375,9,Model_1
2505318700795100011,5371.149902,9,Model_1
2505318700795100012,3361.895751953125,9,Model_1
2505318700795100013,2244.533935546875,9,Model_1
2505318700795100014,2785.422119140625,9,Model_1
2505318700795100015,7666.006348,9,Model_1
2505318700795100016,3441.221923828125,9,Model_1
2505318700795100017,5977.936035,9,Model_1
2505318700795100018,3434.432373046875,9,Model_1
2505318700795100019,3786.569091796875,9,Model_1
2505318700795100020,3507.383789,9,Model_1
2505318700795100021,3515.717285,9,Model_1
2505318700795100022,3377.306641,9,Model_1
2505318700795100023,3858.216552734375,9,Model_1
2505318700795100025,8470.588867,9,Model_1
2505318700795100026,1586.6158447265625,9,Model_1
2505318700795100027,4728.749023,9,Model_1
2505318700795100028,3511.045898,9,Model_1
2505318700795100029,3810.95459,9,Model_1
2505318700795100030,4604.739746,9,Model_1
2505318700795100031,7165.165527,9,Model_1
2505318700795100032,6795.799805,9,Model_1
2505318700795100034,4614.687012,9,Model_1
2505318700798100003,5488.460449,15,Model_1
2505318700798100004,3336.946289,15,Model_1
2505318700798100006,2401.92627,15,Model_1
2505318700798100007,3732.793945,15,Model_1
2505318700799100006,4676.48584,15,Model_1
2505318700799100007,1980.198486328125,15,Model_1
2505318700799100008,5930.283203,15,Model_1
2505318700799100009,2297.269775390625,15,Model_1
2505318700799100010,3659.242188,15,Model_1
2505318700799100011,2855.051758,15,Model_1
2505318700799100012,2524.331055,15,Model_1
2505318700799100013,4146.218262,15,Model_1
2505318700799100014,6612.203125,15,Model_1
2505318700799100015,8505.81543,15,Model_1
2505318700799100016,6263.546875,15,Model_1
2505318700799100017,8867.130859,15,Model_1
2505318700799100018,4887.771484,15,Model_1
2505318700804100002,2676.08252,30,Model_1
2505318700809100007,3229.202880859375,33,Model_1
2505318700809100008,3030.439453,33,Model_1
2505318700809100009,4011.287109,33,Model_1
2505318700809100010,4435.884766,33,Model_1
2505318700809100011,4734.42334,33,Model_1
2505318700809100012,7963.026855,33,Model_1
2505318700809100013,4631.446777,33,Model_1
2505318700809100014,2891.577148,33,Model_1
2505318700845100001,4889.561035,6,Model_1
2505318700845100002,6584.049805,6,Model_1
2505318700845100003,1920.180176,6,Model_1
2505318700845100004,4807.03125,6,Model_1
2505318700845100005,2408.578125,6,Model_1
2505318700845100006,6240.774414,6,Model_1
2505318700845100007,4692.634277,6,Model_1
2505318700845100008,3231.213379,6,Model_1
2505318700845100009,2627.364746,6,Model_1
2505318700845100010,5587.247559,6,Model_1
2505318700845100011,3881.318603515625,6,Model_1
2505318700845100012,2678.305908203125,6,Model_1
2505318700846100001,4307.166504,6,Model_1
2505318700846100002,6992.130859,6,Model_1
2505318700846100003,4431.671875,6,Model_1
2505318700846100004,4718.949219,6,Model_1
2505318700846100005,3742.074219,6,Model_1
2505318700846100006,7292.791992,6,Model_1
2505318700846100007,5093.447266,6,Model_1
2505318700846100008,7299.121582,6,Model_1
2505318700846100009,5315.816406,6,Model_1
2505318700846100010,4564.433105,6,Model_1
2505318700846100013,1949.3914794921875,6,Model_1
2505318700849100003,5465.044922,10,Model_1
2505318700849100004,2870.337891,10,Model_1
2505318700849100005,2116.020996,10,Model_1
2505318700849100006,2742.748047,10,Model_1
2505318700850100001,5091.550293,10,Model_1
2505318700850100002,4936.583008,10,Model_1
2505318700850100003,5678.910156,10,Model_1
2505318700850100004,6811.944336,10,Model_1
2505318700850100005,5347.29834,10,Model_1
2505318700850100006,5894.056152,10,Model_1
2505318700850100007,3541.075927734375,10,Model_1
2505318700850100008,7419.413574,10,Model_1
2505318700850100009,3854.191650390625,10,Model_1
2505318700850100010,11217.78418,10,Model_1
2505318700850100011,6690.665527,10,Model_1
2505318700850100012,5802.439941,10,Model_1
2505318700850100013,8001.98584,10,Model_1
2505318700850100014,3672.734619140625,10,Model_1
2505318700850100015,4267.423828,10,Model_1
2505318700850100016,7515.617676,10,Model_1
2505318700850100017,2380.753906,10,Model_1
2505318700850100018,3519.194336,10,Model_1
2505318700850100019,6005.033691,10,Model_1
2505318700850100020,3711.391113,10,Model_1
2505318700850100021,3703.318359,10,Model_1
2505318700850100022,8138.392578,10,Model_1
2505318700850100023,9873.90918,10,Model_1
2505318700851100001,6546.248535,10,Model_1
2505318700851100002,4179.237305,10,Model_1
2505318700851100004,3676.417724609375,10,Model_1
2505318700851100005,4651.558105,10,Model_1
2505318700851100006,6986.815918,10,Model_1
2505318700851100007,5161.05957,10,Model_1
2505318700851100008,6917.377441,10,Model_1
2505318700851100009,6591.197266,10,Model_1
2505318700851100010,8568.961914,10,Model_1
2505318700851100011,2504.788086,10,Model_1
2505318700851100012,6601.103027,10,Model_1
2505318700851100013,4842.294434,10,Model_1
2505318700852100002,2382.612548828125,10,Model_1
2505318700852100004,2080.644287109375,10,Model_1
2505318700852100005,1313.2593994140625,10,Model_1
2505318700852100006,2070.109863,10,Model_1
2505318700852100007,2158.485352,10,Model_1
2505318700854100001,8551.704102,16,Model_1
2505318700854100002,5351.92627,16,Model_1
2505318700854100003,3741.518798828125,16,Model_1
2505318700854100004,6424.608398,16,Model_1
2505318700854100005,3905.067383,16,Model_1
2505318700854100006,8784.509766,16,Model_1
2505318700854100007,5858.577148,16,Model_1
2505318700854100008,4203.918945,16,Model_1
2505318700854100009,5304.607422,16,Model_1
2505318700854100010,2943.277832,16,Model_1
2505318700854100011,10209.16602,16,Model_1
2505318700854100012,3734.481445,16,Model_1
2505318700854100013,6449.14209,16,Model_1
2505318700854100014,5792.837891,16,Model_1
2505318700854100015,5797.748535,16,Model_1
2505318700854100016,4636.944336,16,Model_1
2505318700854100017,5821.305176,16,Model_1
2505318700854100019,4179.432129,16,Model_1
2505318700854100020,3327.486328,16,Model_1
2505318700854100021,3471.732666015625,16,Model_1
2505318700855100001,6126.903809,16,Model_1
2505318700855100002,6956.49707,16,Model_1
2505318700855100003,3805.618896484375,16,Model_1
2505318700855100004,5168.188965,16,Model_1
2505318700855100006,5229.438477,16,Model_1
2505318700855100007,14678.64355,16,Model_1
2505318700855100008,4557.928223,16,Model_1
2505318700855100009,2890.623779296875,16,Model_1
2505318700855100010,3348.771240234375,16,Model_1
2505318700855100011,6388.033691,16,Model_1
2505318700855100012,3683.399658203125,16,Model_1
2505318700855100014,4293.586426,16,Model_1
2505318700855100015,12691.28711,16,Model_1
2505318700855100016,2191.247314453125,16,Model_1
2505318700855100017,9524.746094,16,Model_1
2505318700855100018,2519.551758,16,Model_1
2505318700855100019,5403.057617,16,Model_1
2505318700855100020,7600.561523,16,Model_1
2505318700855100021,4038.350098,16,Model_1
2505318700855100022,5303.461426,16,Model_1
2505318700855100023,8592.008789,16,Model_1
2505318700855100024,8603.856445,16,Model_1
2505318700855100025,4311.440918,16,Model_1
2505318700855100026,7231.741699,16,Model_1
2505318700855100027,3744.159912109375,16,Model_1
2505318700855100028,6489.730469,16,Model_1
2505318700855100029,2791.756836,16,Model_1
2505318700855100030,3785.965087890625,16,Model_1
2505318700855100031,5520.465332,16,Model_1
2505318700855100033,6635.224609,16,Model_1
2505318700855100035,5748.456543,16,Model_1
2505318700855100036,3992.850098,16,Model_1
2505318700855100037,4980.761719,16,Model_1
2505318700855100038,3186.102539,16,Model_1
2505318700856100001,2680.551513671875,16,Model_1
2505318700856100003,11834.70703,16,Model_1
2505318700856100005,5854.129395,16,Model_1
2505318700856100006,6085.096191,16,Model_1
2505318700856100007,3496.932129,16,Model_1
2505318700856100008,3544.482177734375,16,Model_1
2505318700856100009,3168.431152,16,Model_1
2505318700856100010,9997.401367,16,Model_1
2505318700856100011,5494.480957,16,Model_1
2505318700856100012,6089.546387,16,Model_1
2505318700856100013,4967.358887,16,Model_1
2505318700856100014,2870.138427734375,16,Model_1
2505318700856100015,5064.01709,16,Model_1
2505318700856100016,9728.900391,16,Model_1
2505318700856100017,5110.771973,16,Model_1
2505318700856100018,5464.318848,16,Model_1
2505318700856100019,9415.070313,16,Model_1
2505318700856100020,6613.945313,16,Model_1
2505318700856100021,4128.160156,16,Model_1
2505318700856100022,4138.407227,16,Model_1
2505318700856100023,5324.787109,16,Model_1
2505318700856100024,3335.547852,16,Model_1
2505318700856100025,6719.692871,16,Model_1
2505318700856100026,3348.962891,16,Model_1
2505318700856100028,5382.40918,16,Model_1
2505318700856100029,2659.638916015625,16,Model_1
2505318700856100030,5377.559082,16,Model_1
2505318700856100031,8403.216797,16,Model_1
2505318700856100032,3374.241211,16,Model_1
2505318700856100033,3036.29248,16,Model_1
2505318700857100002,1539.2147216796875,16,Model_1
2505318700857100003,1115.390625,16,Model_1
2505318700859100001,2703.653076171875,31,Model_1
2505318700859100002,4411.963379,31,Model_1
2505318700860100001,5865.885254,31,Model_1
2505318700860100002,4206.050781,31,Model_1
2505318700860100003,4548.587891,31,Model_1
2505318700860100004,2126.863525390625,31,Model_1
2505318700860100005,3204.083008,31,Model_1
2505318700860100006,5415.746582,31,Model_1
2505318700860100007,5057.649902,31,Model_1
2505318700860100009,7494.215332,31,Model_1
2505318700860100010,4845.095215,31,Model_1
2505318700860100011,3315.321044921875,31,Model_1
2505318700860100012,4012.239501953125,31,Model_1
2505318700860100013,4334.993652,31,Model_1
2505318700860100014,4887.977539,31,Model_1
2505318700860100015,2234.860107421875,31,Model_1
2505318700860100016,3615.251953,31,Model_1
2505318700860100018,3460.439697265625,31,Model_1
2505318700860100019,7874.196777,31,Model_1
2505318700860100021,3691.710693359375,31,Model_1
2505318700860100022,7007.57373,31,Model_1
2505318700860100023,5935.172852,31,Model_1
2505318700860100024,3357.305664,31,Model_1
2505318700861100002,1553.2144775390625,31,Model_1
2505318700861100003,4890.477051,31,Model_1
2505318700861100004,4464.744141,31,Model_1
2505318700861100005,3648.425781,31,Model_1
2505318700861100006,6028.010254,31,Model_1
2505318700861100007,4896.34082,31,Model_1
2505318700861100008,5007.910156,31,Model_1
2505318700861100009,2711.064697265625,31,Model_1
2505318700861100010,3197.413574,31,Model_1
2505318700872100001,3798.164551,6,Model_1
2505318700872100002,5225.953613,6,Model_1
2505318700872100003,2520.379150390625,6,Model_1
2505318700872100004,2072.407227,6,Model_1
2505318700872100005,3004.604736328125,6,Model_1
2505318700872100007,11628.74707,6,Model_1
2505318700872100008,1246.4393310546875,6,Model_1
2505318700872100009,2616.614746,6,Model_1
2505318700872100010,3283.866211,6,Model_1
2505318700872100012,3938.34082,6,Model_1
2505318700872100013,6796.375977,6,Model_1
2505318700872100014,8317.584961,6,Model_1
2505318700872100015,2628.540039,6,Model_1
2505318700872100016,2959.225098,6,Model_1
2505318700872100017,5439.413574,6,Model_1
2505318700872100018,1690.275634765625,6,Model_1
2505318700872100019,1270.839844,6,Model_1
2505318700872100020,2383.708008,6,Model_1
2505318700872100021,2426.182129,6,Model_1
2505318700872100022,1635.76123,6,Model_1
2505318700872100023,2381.524658203125,6,Model_1
2505318700872100024,1517.4244384765625,6,Model_1
2505318700872100025,2528.053711,6,Model_1
2505318700872100026,1926.227294921875,6,Model_1
2505318700872100027,2785.338134765625,6,Model_1
2505318700872100028,4552.058594,6,Model_1
2505318700872100029,2909.491699,6,Model_1
2505318700872100030,2176.78125,6,Model_1
2505318700872100031,5141.20166,6,Model_1
2505318700872100032,1487.2403564453125,6,Model_1
2505318700872100033,4489.555664,6,Model_1
2505318700872100034,1769.0899658203125,6,Model_1
2505318700872100035,3640.61084,6,Model_1
2505318700872100036,3788.454833984375,6,Model_1
2505318700872100037,2060.238281,6,Model_1
2505318700872100038,2235.548828,6,Model_1
2505318700872100039,3335.80957,6,Model_1
2505318700872100040,4958.556641,6,Model_1
2505318700873100004,9381.820313,6,Model_1
2505318700873100005,8502.46875,6,Model_1
2505318700873100006,7187.353516,6,Model_1
2505318700873100007,7951.73291,6,Model_1
2505318700873100008,3646.398926,6,Model_1
2505318700873100009,3608.563477,6,Model_1
2505318700873100010,7546.340332,6,Model_1
2505318700873100011,10173.57617,6,Model_1
2505318700873100012,6806.266602,6,Model_1
2505318700873100013,4092.501220703125,6,Model_1
2505318700873100014,3904.236816,6,Model_1
2505318700873100015,3950.147705078125,6,Model_1
2505318700874100001,3467.691406,6,Model_1
2505318700874100003,7525.793457,6,Model_1
2505318700874100004,9444.108398,6,Model_1
2505318700874100005,6699.730469,6,Model_1
2505318700874100006,4850.62207,6,Model_1
2505318700874100007,4832.108887,6,Model_1
2505318700874100008,3184.022216796875,6,Model_1
2505318700874100009,4090.938232421875,6,Model_1
2505318700874100010,5622.048828,6,Model_1
2505318700874100011,1666.8717041015625,6,Model_1
2505318700874100012,3268.426758,6,Model_1
2505318700874100013,2941.584716796875,6,Model_1
2505318700874100014,6531.86377,6,Model_1
2505318700874100016,5210.666016,6,Model_1
2505318700874100018,4751.837891,6,Model_1
2505318700874100020,4930.224609,6,Model_1
2505318700874100021,2414.604004,6,Model_1
2505318700874100023,785.5521240234375,6,Model_1
2505318700874100024,4858.292969,6,Model_1
2505318700874100025,5093.615234,6,Model_1
2505318700874100026,3605.171875,6,Model_1
2505318700875100001,3508.114258,6,Model_1
2505318700875100002,8371.500977,6,Model_1
2505318700875100005,4470.742676,6,Model_1
2505318700875100006,2281.979248046875,6,Model_1
2505318700875100007,2732.388916015625,6,Model_1
2505318700875100008,6164.793945,6,Model_1
2505318700875100010,5930.587402,6,Model_1
2505318700875100011,1291.0487060546875,6,Model_1
2505318700875100012,2802.157958984375,6,Model_1
2505318700875100013,5262.585938,6,Model_1
2505318700875100014,3281.766357421875,6,Model_1
2505318700875100017,4566.449707,6,Model_1
2505318700875100018,4894.256836,6,Model_1
2505318700875100019,6270.196289,6,Model_1
2505318700875100020,3083.716064453125,6,Model_1
2505318700875100021,4482.45459,6,Model_1
2505318700875100022,2459.348876953125,6,Model_1
2505318700875100023,3617.179199,6,Model_1
2505318700875100024,2071.739013671875,6,Model_1
2505318700875100026,4553.745117,6,Model_1
2505318700875100027,9082.657227,6,Model_1
2505318700875100028,4039.206543,6,Model_1
2505318700875100029,4418.497559,6,Model_1
2505318700875100030,5198.340332,6,Model_1
2505318700875100031,5089.769531,6,Model_1
2505318700875100032,5103.499023,6,Model_1
2505318700875100033,5103.081055,6,Model_1
2505318700875100034,4691.088867,6,Model_1
2505318700875100035,4297.192871,6,Model_1
2505318700875100036,2195.872802734375,6,Model_1
2505318700875100037,3082.202637,6,Model_1
2505318700875100038,5396.853027,6,Model_1
2505318700875100039,3787.347900390625,6,Model_1
2505318700877100003,3401.244629,10,Model_1
2505318700877100004,7753.27002,10,Model_1
2505318700877100005,4818.810059,10,Model_1
2505318700877100006,8368.006836,10,Model_1
2505318700877100007,3688.538818359375,10,Model_1
2505318700877100008,2444.400634765625,10,Model_1
2505318700877100010,7016.089844,10,Model_1
2505318700877100012,12190.77344,10,Model_1
2505318700877100014,7073.827148,10,Model_1
2505318700877100015,5750.897949,10,Model_1
2505318700877100016,3601.000732421875,10,Model_1
2505318700877100017,2824.097656,10,Model_1
2505318700877100018,2463.060059,10,Model_1
2505318700877100019,4621.728027,10,Model_1
2505318700877100020,2110.588134765625,10,Model_1
2505318700877100021,3501.965087890625,10,Model_1
2505318700877100022,11131.16602,10,Model_1
2505318700877100023,1850.002197265625,10,Model_1
2505318700877100024,4006.597412109375,10,Model_1
2505318700877100025,3917.229248046875,10,Model_1
2505318700877100026,3992.137451171875,10,Model_1
2505318700877100028,3316.972900390625,10,Model_1
2505318700878100001,4519.690918,10,Model_1
2505318700878100003,7590.43457,10,Model_1
2505318700878100004,5554.098633,10,Model_1
2505318700878100006,3252.871826171875,10,Model_1
2505318700878100007,6541.308594,10,Model_1
2505318700878100008,5446.253906,10,Model_1
2505318700878100009,4120.476074,10,Model_1
2505318700878100010,4429.121582,10,Model_1
2505318700878100011,13959.98438,10,Model_1
2505318700878100012,10488.88477,10,Model_1
2505318700878100013,2649.465576171875,10,Model_1
2505318700878100014,9415.013672,10,Model_1
2505318700878100015,2918.390869140625,10,Model_1
2505318700878100016,5981.381348,10,Model_1
2505318700878100017,1774.6700439453125,10,Model_1
2505318700879100003,6241.663574,10,Model_1
2505318700879100004,2510.974609,10,Model_1
2505318700879100005,2588.540039,10,Model_1
2505318700879100006,5982.286133,10,Model_1
2505318700879100007,3422.191895,10,Model_1
2505318700879100008,3614.583496,10,Model_1
2505318700879100009,2999.629395,10,Model_1
2505318700879100010,10502.1543,10,Model_1
2505318700879100011,8755.219727,10,Model_1
2505318700879100012,1503.839111328125,10,Model_1
2505318700879100013,2786.74707,10,Model_1
2505318700879100014,2337.411865234375,10,Model_1
2505318700879100015,4760.92041,10,Model_1
2505318700879100016,4102.959961,10,Model_1
2505318700879100017,6911.355957,10,Model_1
2505318700879100018,3224.879638671875,10,Model_1
2505318700879100019,3237.098633,10,Model_1
2505318700879100020,11658.4541,10,Model_1
2505318700879100021,3296.706298828125,10,Model_1
2505318700879100022,2347.369141,10,Model_1
2505318700879100023,6068.030762,10,Model_1
2505318700880100003,2960.647705078125,10,Model_1
2505318700880100004,23806.35352,10,Model_1
2505318700880100005,4477.976563,10,Model_1
2505318700880100006,5440.445801,10,Model_1
2505318700880100007,4031.600098,10,Model_1
2505318700880100008,4009.675048828125,10,Model_1
2505318700880100010,6089.789063,10,Model_1
2505318700880100011,2520.170898,10,Model_1
2505318700880100012,10796.31836,10,Model_1
2505318700880100013,2257.776611328125,10,Model_1
2505318700880100014,5748.232422,10,Model_1
2505318700880100015,3603.400391,10,Model_1
2505318700880100016,8950.405273,10,Model_1
2505318700880100017,9277.395508,10,Model_1
2505318700880100018,12427.09082,10,Model_1
2505318700880100020,2875.207763671875,10,Model_1
2505318700880100021,5835.112793,10,Model_1
2505318700880100022,3380.653564453125,10,Model_1
2505318700880100023,8836.857422,10,Model_1
2505318700880100024,6873.663574,10,Model_1
2505318700880100025,2816.426758,10,Model_1
2505318700882100003,9263.24707,16,Model_1
2505318700882100005,6478.158691,16,Model_1
2505318700882100006,7604.481445,16,Model_1
2505318700882100007,3045.010254,16,Model_1
2505318700882100008,4875.623535,16,Model_1
2505318700882100009,3704.041748046875,16,Model_1
2505318700882100010,7803.246582,16,Model_1
2505318700882100011,5392.157227,16,Model_1
2505318700882100012,4562.255371,16,Model_1
2505318700882100013,2829.508544921875,16,Model_1
2505318700882100014,2746.174560546875,16,Model_1
2505318700882100015,6637.212891,16,Model_1
2505318700882100016,5575.286621,16,Model_1
2505318700882100017,4836.424805,16,Model_1
2505318700882100018,9980.734375,16,Model_1
2505318700882100019,6894.50293,16,Model_1
2505318700882100020,5738.703125,16,Model_1
2505318700882100021,6482.998535,16,Model_1
2505318700882100022,7601.448242,16,Model_1
2505318700882100023,3192.063477,16,Model_1
2505318700882100024,2703.772705078125,16,Model_1
2505318700882100025,6272.112305,16,Model_1
2505318700882100026,4001.651123046875,16,Model_1
2505318700882100028,4105.005859,16,Model_1
2505318700882100029,2916.944580078125,16,Model_1
2505318700882100030,4241.620117,16,Model_1
2505318700882100031,3071.637695,16,Model_1
2505318700882100032,6045.150391,16,Model_1
2505318700882100033,7296.137695,16,Model_1
2505318700882100034,2938.235352,16,Model_1
2505318700882100035,1987.493164,16,Model_1
2505318700882100036,3358.371582,16,Model_1
2505318700882100037,8519.761719,16,Model_1
2505318700882100038,4513.128418,16,Model_1
2505318700882100039,2242.580810546875,16,Model_1
2505318700882100040,7515.161133,16,Model_1
2505318700882100041,4575.131348,16,Model_1
2505318700883100003,9041.936523,16,Model_1
2505318700883100004,4858.208984,16,Model_1
2505318700883100005,2971.056152,16,Model_1
2505318700883100006,2105.998291015625,16,Model_1
2505318700883100007,23239.5918,16,Model_1
2505318700883100009,2353.864990234375,16,Model_1
2505318700883100010,2301.032227,16,Model_1
2505318700883100011,1467.5362548828125,16,Model_1
2505318700883100013,1836.596923828125,16,Model_1
2505318700883100014,2514.708008,16,Model_1
2505318700884100002,8370.771484,16,Model_1
2505318700884100003,14699.49219,16,Model_1
2505318700884100005,5692.032227,16,Model_1
2505318700884100006,8138.208008,16,Model_1
2505318700884100008,6748.086914,16,Model_1
2505318700884100009,1823.3004150390625,16,Model_1
2505318700884100010,4504.111816,16,Model_1
2505318700884100011,2117.053466796875,16,Model_1
2505318700884100012,7883.001465,16,Model_1
2505318700884100013,13062.08008,16,Model_1
2505318700884100014,4392.897461,16,Model_1
2505318700884100015,6377.216797,16,Model_1
2505318700884100017,2880.40332,16,Model_1
2505318700884100018,14512.31641,16,Model_1
2505318700884100019,4398.050781,16,Model_1
2505318700884100020,3894.29834,16,Model_1
2505318700884100021,6415.315918,16,Model_1
2505318700885100001,5430.558594,16,Model_1
2505318700885100002,9048.217773,16,Model_1
2505318700885100003,8768.71582,16,Model_1
2505318700885100004,7022.993164,16,Model_1
2505318700885100005,9335.976563,16,Model_1
2505318700885100006,4478.538086,16,Model_1
2505318700885100007,4450.558594,16,Model_1
2505318700885100008,3625.759766,16,Model_1
2505318700885100009,3249.036621,16,Model_1
2505318700885100010,3982.027344,16,Model_1
2505318700885100011,5487.9375,16,Model_1
2505318700885100012,2457.178223,16,Model_1
2505318700885100013,3353.990478515625,16,Model_1
2505318700885100014,7506.847168,16,Model_1
2505318700885100016,4279.320313,16,Model_1
2505318700885100018,6370.527832,16,Model_1
2505318700885100019,8800.18457,16,Model_1
2505318700885100020,4618.17334,16,Model_1
2505318700885100021,4649.080078,16,Model_1
2505318700885100022,5900.000488,16,Model_1
2505318700885100023,6900.974609,16,Model_1
2505318700885100024,5184.105469,16,Model_1
2505318700885100025,3106.645508,16,Model_1
2505318700885100026,4561.172363,16,Model_1
2505318700887100002,7050.898926,31,Model_1
2505318700887100003,4278.787598,31,Model_1
2505318700887100004,2133.905273,31,Model_1
2505318700887100005,4327.269043,31,Model_1
2505318700887100006,2623.906738,31,Model_1
2505318700887100007,4874.20166,31,Model_1
2505318700887100008,3934.778564453125,31,Model_1
2505318700887100009,1880.2469482421875,31,Model_1
2505318700887100010,5639.267578,31,Model_1
2505318700887100011,2568.752197265625,31,Model_1
2505318700887100012,5881.243652,31,Model_1
2505318700887100013,3463.143310546875,31,Model_1
2505318700887100014,1812.7755126953125,31,Model_1
2505318700887100016,8636.680664,31,Model_1
2505318700887100018,4767.354004,31,Model_1
2505318700887100019,5570.222656,31,Model_1
2505318700887100020,2729.597168,31,Model_1
2505318700887100021,3738.109863,31,Model_1
2505318700887100022,3888.213379,31,Model_1
2505318700887100023,6051.13916,31,Model_1
2505318700887100024,8301.322266,31,Model_1
2505318700887100025,4915.769043,31,Model_1
2505318700887100026,6197.02832,31,Model_1
2505318700887100027,3287.289551,31,Model_1
2505318700887100028,3572.199951171875,31,Model_1
2505318700887100029,14293.07617,31,Model_1
2505318700887100030,4493.035645,31,Model_1
2505318700887100031,7061.021973,31,Model_1
2505318700887100032,8137.440918,31,Model_1
2505318700887100033,5928.069824,31,Model_1
2505318700887100034,10948.74219,31,Model_1
2505318700887100035,5557.125,31,Model_1
2505318700887100036,7309.491699,31,Model_1
2505318700887100037,7386.51416,31,Model_1
2505318700888100005,5542.225586,31,Model_1
2505318700888100006,3813.220458984375,31,Model_1
2505318700888100007,3936.827637,31,Model_1
2505318700888100008,3781.938477,31,Model_1
2505318700888100009,1935.766845703125,31,Model_1
2505318700888100010,3985.296387,31,Model_1
2505318700888100012,3823.626465,31,Model_1
2505318700888100013,1079.321289,31,Model_1
2505318700888100014,7965.826172,31,Model_1
2505318700888100016,6152.605469,31,Model_1
2505318700888100017,4045.266845703125,31,Model_1
2505318700888100018,3973.389404296875,31,Model_1
2505318700888100019,5177.029297,31,Model_1
2505318700888100020,5987.369629,31,Model_1
2505318700888100021,6719.956055,31,Model_1
2505318700888100022,5118.952148,31,Model_1
2505318700888100023,4137.930664,31,Model_1
2505318700888100024,4171.005371,31,Model_1
2505318700888100025,3289.413818359375,31,Model_1
2505318700888100027,3265.553223,31,Model_1
2505318700888100028,7814.003906,31,Model_1
2505318700888100029,3680.037841796875,31,Model_1
2505318700888100030,3979.911865234375,31,Model_1
2505318700888100031,3507.852783203125,31,Model_1
2505318700888100032,3386.923095703125,31,Model_1
2505318700888100033,5475.98291,31,Model_1
2505318700888100035,5191.79248,31,Model_1
2505318700888100036,3470.185547,31,Model_1
2505318700888100037,3197.574707,31,Model_1
2505318700888100038,2949.801758,31,Model_1
2505318700888100039,2153.625488,31,Model_1
2505318700888100040,7233.163086,31,Model_1
2505318700888100041,3053.792724609375,31,Model_1
2505318700888100042,2730.705566,31,Model_1
2505318700888100043,2788.320801,31,Model_1
2505318700888100044,1782.8912353515625,31,Model_1
2505318700888100045,5008.484375,31,Model_1
2505318700888100046,4323.039063,31,Model_1
2505318700888100047,2432.233642578125,31,Model_1
2505318700888100048,2893.015137,31,Model_1
2505318700888100049,3008.735352,31,Model_1
2505318700888100050,7443.240723,31,Model_1
2505318700888100051,5672.746094,31,Model_1
2505318700888100052,2596.740234,31,Model_1
2505318700888100053,4958.695801,31,Model_1
2505318700888100054,2793.867919921875,31,Model_1
2505318700888100055,4721.785645,31,Model_1
2505318700888100056,3606.429199,31,Model_1
2505318700888100057,3377.306884765625,31,Model_1
2505318700888100058,6013.094727,31,Model_1
2505318700888100059,4197.547852,31,Model_1
2505318700888100060,3817.216064453125,31,Model_1
2505318700888100061,3201.446044921875,31,Model_1
2505318700888100062,3540.06543,31,Model_1
2505318700888100063,3195.434814453125,31,Model_1
2505318700888100064,2730.204102,31,Model_1
2505318700888100065,3002.007080078125,31,Model_1
2505318700888100066,4583.347168,31,Model_1
2505318700888100067,5796.808105,31,Model_1
2505318700888100068,3496.292724609375,31,Model_1
2505318700888100069,3192.471191,31,Model_1
2505318700888100070,4568.495605,31,Model_1
2505318700888100071,2334.243164,31,Model_1
2505318700888100072,1639.2215576171875,31,Model_1
2505318700888100073,3916.688232421875,31,Model_1
2505318700888100074,4448.170898,31,Model_1
2505318700888100075,9747.132813,31,Model_1
2505318700888100076,3419.260254,31,Model_1
2505318700888100077,7656.603516,31,Model_1
2505318700888100078,9981.236328,31,Model_1
2505318700888100079,9174.169922,31,Model_1
2505318700889100003,5137.753906,31,Model_1
2505318700889100004,3179.17334,31,Model_1
2505318700889100005,5924.063965,31,Model_1
2505318700889100006,6713.317871,31,Model_1
2505318700889100008,4513.144043,31,Model_1
2505318700889100009,4555.041016,31,Model_1
2505318700889100010,5689.356445,31,Model_1
2505318700889100011,4308.791992,31,Model_1
2505318700889100012,2582.360595703125,31,Model_1
2505318700889100013,4955.21582,31,Model_1
2505318700889100014,1982.702148,31,Model_1
2505318700889100015,2976.945068359375,31,Model_1
2505318700889100016,1357.045654296875,31,Model_1
2505318700889100017,6300.057129,31,Model_1
2505318700889100019,4209.626465,31,Model_1
2505318700889100020,3474.304199,31,Model_1
2505318700889100021,2192.219970703125,31,Model_1
2505318700889100022,4631.56543,31,Model_1
2505318700889100023,4435.096191,31,Model_1
2505318700889100024,2220.202148,31,Model_1
2505318700889100025,2477.892578,31,Model_1
2505318700889100026,5263.885742,31,Model_1
2505318700889100027,1736.066895,31,Model_1
2505318700889100028,8456.625,31,Model_1
2505318700889100029,2818.474121,31,Model_1
2505318700889100030,3105.992919921875,31,Model_1
2505318700889100031,3976.368164,31,Model_1
2505318700889100032,3430.998535,31,Model_1
2505318700889100033,5091.154785,31,Model_1
2505318700889100034,13766.96484,31,Model_1
2505318700889100035,3808.257324,31,Model_1
2505318700889100036,1825.2213134765625,31,Model_1
2505318700889100037,4548.984863,31,Model_1
2505318700889100038,2643.448974609375,31,Model_1
2505318700889100040,4512.879883,31,Model_1
2505318700889100041,2294.296875,31,Model_1
2505318700889100042,5001.691406,31,Model_1
2505318700889100043,4002.920166015625,31,Model_1
2505318700889100044,5355.687988,31,Model_1
2505318700889100045,14138.86133,31,Model_1
2505318700889100046,7896.361816,31,Model_1
2505318700889100047,3470.215332,31,Model_1
2505318700889100048,4818.495605,31,Model_1
2505318700889100049,4904.028809,31,Model_1
2505318700889100050,9207.012695,31,Model_1
2505318700889100051,2875.088623046875,31,Model_1
2505318700889100052,3604.939697265625,31,Model_1
2505318700889100053,5829.828613,31,Model_1
2505318700889100054,4250.191895,31,Model_1
2505318700889100055,3513.867676,31,Model_1
2505318700889100056,5994.404785,31,Model_1
2505318700889100057,2761.907958984375,31,Model_1
2505318700889100058,3319.425048828125,31,Model_1
2505318700889100059,7484.184082,31,Model_1
2505318700889100060,3703.985352,31,Model_1
2505318700889100061,7408.28418,31,Model_1
2505318700889100062,5484.088867,31,Model_1
2505318700889100063,4937.59375,31,Model_1
2505318700889100064,4307.035645,31,Model_1
2505318700889100065,1977.5679931640625,31,Model_1
2505318700889100066,2860.107177734375,31,Model_1
2505318700889100067,4363.152832,31,Model_1
2505318700889100068,2095.798095703125,31,Model_1
2505318700889100069,4120.538574,31,Model_1
2505318700890100001,4633.027832,31,Model_1
2505318700890100003,2808.819336,31,Model_1
2505318700890100005,1998.8043212890625,31,Model_1
2505318700900100002,4520.406738,6,Model_1
2505318700900100003,7486.777832,6,Model_1
2505318700900100004,8725.011719,6,Model_1
2505318700900100005,5366.660645,6,Model_1
2505318700900100006,10660.35156,6,Model_1
2505318700900100007,6390.169434,6,Model_1
2505318700900100008,6336.796875,6,Model_1
2505318700900100009,2092.931396484375,6,Model_1
2505318700901100002,13909.25293,6,Model_1
2505318700901100003,5748.412109,6,Model_1
2505318700901100004,2460.525634765625,6,Model_1
2505318700901100006,7006.662598,6,Model_1
2505318700901100007,2562.941162109375,6,Model_1
2505318700901100008,3707.008056640625,6,Model_1
2505318700901100009,7535.350098,6,Model_1
2505318700901100010,2483.071777,6,Model_1
2505318700901100011,11062.28125,6,Model_1
2505318700901100012,2569.840332,6,Model_1
2505318700901100013,3048.702148,6,Model_1
2505318700901100014,12407.29492,6,Model_1
2505318700901100015,13287.45801,6,Model_1
2505318700901100017,16443.6543,6,Model_1
2505318700901100018,9256.330078,6,Model_1
2505318700901100019,7981.031738,6,Model_1
2505318700901100020,4196.967773,6,Model_1
2505318700902100001,9030.788086,6,Model_1
2505318700902100002,5481.928711,6,Model_1
2505318700902100003,5334.963379,6,Model_1
2505318700902100004,8059.846191,6,Model_1
2505318700902100005,5653.728027,6,Model_1
2505318700902100006,3516.811523,6,Model_1
2505318700902100008,7412.393066,6,Model_1
2505318700903100004,4901.282227,6,Model_1
2505318700903100005,5236.953613,6,Model_1
2505318700903100006,3728.258056640625,6,Model_1
2505318700903100007,12799.32422,6,Model_1
2505318700903100008,4443.403809,6,Model_1
2505318700903100009,6047.994629,6,Model_1
2505318700903100010,4080.525391,6,Model_1
2505318700903100011,4783.953613,6,Model_1
2505318700903100012,4132.971191,6,Model_1
2505318700903100013,3206.949951171875,6,Model_1
2505318700903100014,8586.724609,6,Model_1
2505318700903100015,3982.459961,6,Model_1
2505318700903100016,4935.676758,6,Model_1
2505318700903100017,3400.967285,6,Model_1
2505318700903100018,3229.354248046875,6,Model_1
2505318700903100019,2139.406005859375,6,Model_1
2505318700903100020,7142.253906,6,Model_1
2505318700903100021,3642.086426,6,Model_1
2505318700903100022,6447.133789,6,Model_1
2505318700903100024,3172.190185546875,6,Model_1
2505318700903100025,6957.086914,6,Model_1
2505318700903100026,5042.460449,6,Model_1
2505318700905100001,7004.380371,10,Model_1
2505318700905100002,3670.949951171875,10,Model_1
2505318700905100003,5269.749023,10,Model_1
2505318700905100004,7995.942383,10,Model_1
2505318700905100005,5615.684082,10,Model_1
2505318700905100006,5183.474121,10,Model_1
2505318700905100007,9581.397461,10,Model_1
2505318700905100008,3660.986816,10,Model_1
2505318700905100009,3825.241699,10,Model_1
2505318700905100010,4844.215332,10,Model_1
2505318700905100011,4873.121582,10,Model_1
2505318700905100012,5026.067383,10,Model_1
2505318700905100013,5489.972168,10,Model_1
2505318700905100014,5914.773438,10,Model_1
2505318700905100015,3838.900146484375,10,Model_1
2505318700905100016,5006.396484,10,Model_1
2505318700905100017,3567.564208984375,10,Model_1
2505318700905100018,5226.808594,10,Model_1
2505318700905100019,6236.67041,10,Model_1
2505318700905100020,3190.280029296875,10,Model_1
2505318700905100021,969.0839844,10,Model_1
2505318700905100022,3519.385742,10,Model_1
2505318700905100023,2471.502197265625,10,Model_1
2505318700905100024,3824.715332,10,Model_1
2505318700906100001,2303.242919921875,10,Model_1
2505318700906100002,5703.922363,10,Model_1
2505318700906100003,11125.94141,10,Model_1
2505318700906100004,2336.345458984375,10,Model_1
2505318700906100005,2627.457031,10,Model_1
2505318700906100007,6083.227051,10,Model_1
2505318700906100008,8687.47168,10,Model_1
2505318700906100009,5229.355957,10,Model_1
2505318700906100010,2800.599609,10,Model_1
2505318700906100011,3693.610107421875,10,Model_1
2505318700906100012,3367.214599609375,10,Model_1
2505318700906100013,7184.456055,10,Model_1
2505318700906100014,4202.228027,10,Model_1
2505318700906100015,5126.392578,10,Model_1
2505318700906100016,8697.795898,10,Model_1
2505318700906100017,3499.053711,10,Model_1
2505318700907100002,1701.294677734375,10,Model_1
2505318700907100003,4366.046875,10,Model_1
2505318700907100005,4920.28125,10,Model_1
2505318700907100007,5925.73291,10,Model_1
2505318700907100008,3705.568603515625,10,Model_1
2505318700907100009,4168.164063,10,Model_1
2505318700907100010,6007.073242,10,Model_1
2505318700907100011,5520.762695,10,Model_1
2505318700907100012,10240.62598,10,Model_1
2505318700907100013,3105.931884765625,10,Model_1
2505318700907100014,10217.4873,10,Model_1
2505318700907100015,7811.008301,10,Model_1
2505318700907100016,4747.665039,10,Model_1
2505318700908100002,14498.96582,10,Model_1
2505318700908100003,6820.501953,10,Model_1
2505318700908100004,5323.39502,10,Model_1
2505318700908100005,4839.429688,10,Model_1
2505318700908100006,7816.146973,10,Model_1
2505318700908100007,8655.740234,10,Model_1
2505318700908100008,8795.120117,10,Model_1
2505318700908100009,2511.593994140625,10,Model_1
2505318700908100010,8330.97168,10,Model_1
2505318700908100011,8563.780273,10,Model_1
2505318700908100012,5687.694336,10,Model_1
2505318700908100013,3464.297363,10,Model_1
2505318700908100014,5621.571289,10,Model_1
2505318700908100015,4426.712402,10,Model_1
2505318700908100016,2493.468017578125,10,Model_1
2505318700908100017,2044.7835693359375,10,Model_1
2505318700908100018,5719.198242,10,Model_1
2505318700908100019,9902.439453,10,Model_1
2505318700908100020,2312.253662109375,10,Model_1
2505318700908100021,4441.89209,10,Model_1
2505318700908100023,4106.361816,10,Model_1
2505318700908100024,4624.141113,10,Model_1
2505318700908100025,7194.660645,10,Model_1
2505318700908100026,5628.725098,10,Model_1
2505318700908100027,5714.436523,10,Model_1
2505318700908100029,4360.259277,10,Model_1
2505318700910100001,7644.84082,16,Model_1
2505318700910100002,5390.214844,16,Model_1
2505318700910100003,5329.395508,16,Model_1
2505318700910100004,3872.537841796875,16,Model_1
2505318700910100005,3733.546630859375,16,Model_1
2505318700910100007,4530.039063,16,Model_1
2505318700910100008,2430.594238,16,Model_1
2505318700910100010,6239.354004,16,Model_1
2505318700910100011,6035.747559,16,Model_1
2505318700910100012,6612.615723,16,Model_1
2505318700910100013,3747.539063,16,Model_1
2505318700910100014,2231.177246,16,Model_1
2505318700910100015,2709.622559,16,Model_1
2505318700910100016,6339.48584,16,Model_1
2505318700910100017,7937.700684,16,Model_1
2505318700910100018,3981.712402,16,Model_1
2505318700910100019,3776.621094,16,Model_1
2505318700910100020,4807.009766,16,Model_1
2505318700910100021,5015.353516,16,Model_1
2505318700910100022,5075.15918,16,Model_1
2505318700910100023,3870.379883,16,Model_1
2505318700910100024,4161.0625,16,Model_1
2505318700910100025,5813.858398,16,Model_1
2505318700910100026,2466.324951171875,16,Model_1
2505318700910100027,2397.037841796875,16,Model_1
2505318700910100028,2227.400634765625,16,Model_1
2505318700910100029,5126.540039,16,Model_1
2505318700911100001,5087.641602,16,Model_1
2505318700911100002,2537.803223,16,Model_1
2505318700911100003,5278.80127,16,Model_1
2505318700911100004,1488.9425048828125,16,Model_1
2505318700911100005,2159.676025390625,16,Model_1
2505318700911100006,13339.50195,16,Model_1
2505318700911100008,3017.449707,16,Model_1
2505318700911100009,1787.179199,16,Model_1
2505318700911100010,4479.168945,16,Model_1
2505318700911100011,3965.490234,16,Model_1
2505318700911100012,2587.521973,16,Model_1
2505318700911100013,4040.321533203125,16,Model_1
2505318700911100014,2261.764404296875,16,Model_1
2505318700911100015,2172.266113,16,Model_1
2505318700911100016,1794.3636474609375,16,Model_1
2505318700911100017,2850.249512,16,Model_1
2505318700911100018,821.0709838867188,16,Model_1
2505318700911100019,2290.334228515625,16,Model_1
2505318700911100020,2998.589111328125,16,Model_1
2505318700911100021,9540.397461,16,Model_1
2505318700911100022,953.4666748046876,16,Model_1
2505318700911100023,2698.404785,16,Model_1
2505318700911100024,2282.211914,16,Model_1
2505318700911100025,2900.625244140625,16,Model_1
2505318700911100026,3859.026611328125,16,Model_1
2505318700911100027,3623.578125,16,Model_1
2505318700911100028,4453.856934,16,Model_1
2505318700911100029,2899.559814453125,16,Model_1
2505318700911100030,5182.789551,16,Model_1
2505318700911100031,3355.448486328125,16,Model_1
2505318700912100005,8279.96875,16,Model_1
2505318700912100006,10566.16016,16,Model_1
2505318700912100007,4636.961426,16,Model_1
2505318700912100008,3120.001220703125,16,Model_1
2505318700912100009,2162.212646484375,16,Model_1
2505318700912100010,4136.339355,16,Model_1
2505318700912100011,5950.716797,16,Model_1
2505318700912100012,2051.205566,16,Model_1
2505318700912100013,2468.881348,16,Model_1
2505318700912100014,2691.474121,16,Model_1
2505318700912100015,16045.07129,16,Model_1
2505318700912100016,7911.465332,16,Model_1
2505318700912100017,8572.385742,16,Model_1
2505318700912100018,3012.417724609375,16,Model_1
2505318700912100019,9111.189453,16,Model_1
2505318700912100020,2311.758789,16,Model_1
2505318700912100021,1736.830810546875,16,Model_1
2505318700912100022,9852.678711,16,Model_1
2505318700912100023,2579.009766,16,Model_1
2505318700912100024,20584.35742,16,Model_1
2505318700912100025,3113.653809,16,Model_1
2505318700912100026,5282.542969,16,Model_1
2505318700912100027,2376.491699,16,Model_1
2505318700912100028,4501.020508,16,Model_1
2505318700912100029,2578.160645,16,Model_1
2505318700912100030,6035.269043,16,Model_1
2505318700912100031,5762.268555,16,Model_1
2505318700912100032,15749.65039,16,Model_1
2505318700912100033,11500.47852,16,Model_1
2505318700912100034,8379.333008,16,Model_1
2505318700913100001,3820.958740234375,16,Model_1
2505318700913100002,3578.325195,16,Model_1
2505318700913100003,2242.868652,16,Model_1
2505318700913100004,3032.540039,16,Model_1
2505318700913100005,2110.380615234375,16,Model_1
2505318700913100006,5819.976074,16,Model_1
2505318700913100007,3742.677001953125,16,Model_1
2505318700913100008,3001.283203,16,Model_1
2505318700913100009,5939.908203,16,Model_1
2505318700913100010,3820.686279296875,16,Model_1
2505318700913100011,4479.125977,16,Model_1
2505318700913100012,6337.011719,16,Model_1
2505318700913100013,5569.342773,16,Model_1
2505318700913100014,4083.051025390625,16,Model_1
2505318700913100016,5675.446777,16,Model_1
2505318700913100017,11014.22656,16,Model_1
2505318700913100018,6480.543457,16,Model_1
2505318700913100019,4927.874023,16,Model_1
2505318700913100020,5717.556641,16,Model_1
2505318700913100021,5913.164063,16,Model_1
2505318700915100002,5729.782227,31,Model_1
2505318700915100003,5063.36084,31,Model_1
2505318700915100004,9817.583008,31,Model_1
2505318700915100005,6959.390137,31,Model_1
2505318700915100006,3881.199707,31,Model_1
2505318700915100007,4413.131836,31,Model_1
2505318700915100008,15657.77539,31,Model_1
2505318700915100009,4931.157227,31,Model_1
2505318700915100010,2798.514648,31,Model_1
2505318700915100011,4047.618896484375,31,Model_1
2505318700915100012,3082.390625,31,Model_1
2505318700915100013,2911.960205078125,31,Model_1
2505318700915100014,4034.616211,31,Model_1
2505318700915100015,3596.571289,31,Model_1
2505318700915100016,4331.417969,31,Model_1
2505318700915100017,3189.260009765625,31,Model_1
2505318700915100018,3138.773438,31,Model_1
2505318700915100019,3171.701416015625,31,Model_1
2505318700915100020,4324.476074,31,Model_1
2505318700915100021,6840.210938,31,Model_1
2505318700915100022,3718.863525390625,31,Model_1
2505318700915100023,2401.32666,31,Model_1
2505318700915100024,18251.7832,31,Model_1
2505318700915100025,10201.98047,31,Model_1
2505318700915100026,5921.487793,31,Model_1
2505318700915100027,6482.01709,31,Model_1
2505318700915100028,7156.60498,31,Model_1
2505318700916100002,9247.275391,31,Model_1
2505318700916100004,4807.100586,31,Model_1
2505318700916100005,2646.550781,31,Model_1
2505318700916100006,20372.47852,31,Model_1
2505318700916100007,9424.147461,31,Model_1
2505318700916100008,3310.040527,31,Model_1
2505318700916100010,3311.990966796875,31,Model_1
2505318700916100011,5579.425293,31,Model_1
2505318700916100012,8696.24707,31,Model_1
2505318700916100013,11350.85352,31,Model_1
2505318700916100014,6029.60498,31,Model_1
2505318700916100015,6571.882813,31,Model_1
2505318700917100002,7474.875,31,Model_1
2505318700917100003,6802.996582,31,Model_1
2505318700917100004,6054.529297,31,Model_1
2505318700917100005,3264.929199,31,Model_1
2505318700917100006,7173.651367,31,Model_1
2505318700917100007,2371.539794921875,31,Model_1
2505318700917100008,3619.92041,31,Model_1
2505318700917100009,2949.038574,31,Model_1
2505318700917100010,5193.719727,31,Model_1
2505318700917100011,2774.773681640625,31,Model_1
2505318700917100012,3941.336181640625,31,Model_1
2505318700917100013,1597.523438,31,Model_1
2505318700917100014,3865.859619140625,31,Model_1
2505318700917100016,8452.458008,31,Model_1
2505318700917100017,4514.026367,31,Model_1
2505318700917100018,3397.509521484375,31,Model_1
2505318700917100019,4091.300293,31,Model_1
2505318700917100020,9297.649414,31,Model_1
2505318700917100021,7456.201172,31,Model_1
2505318700917100022,2871.455078,31,Model_1
2505318700917100024,6410.817871,31,Model_1
2505318700917100025,20228.16992,31,Model_1
2505318700917100026,4102.44043,31,Model_1
2505318700917100027,7067.710938,31,Model_1
2505318700917100028,7530.574707,31,Model_1
2505318700917100029,5200.606934,31,Model_1
2505318700917100030,4855.14209,31,Model_1
2505318700917100031,7100.78418,31,Model_1
2505318700917100032,4745.269043,31,Model_1
2505318700917100033,10642.68359,31,Model_1
2505318700917100034,3695.965332,31,Model_1
2505318700917100035,6637.475098,31,Model_1
2505318700917100036,5118.175293,31,Model_1
2505318700917100037,2773.59668,31,Model_1
2505318700917100038,5767.768555,31,Model_1
2505318700917100039,8710.730469,31,Model_1
2505318700917100040,5710.562988,31,Model_1
2505318700917100041,3256.513184,31,Model_1
2505318700917100042,9547.521484,31,Model_1
2505318700917100043,4737.047363,31,Model_1
2505318700917100044,7044.092773,31,Model_1
2505318700917100045,4532.172363,31,Model_1
2505318700917100046,6725.972168,31,Model_1
2505318700917100047,3400.156005859375,31,Model_1
2505318700917100048,4934.88916,31,Model_1
2505318700917100049,7467.890137,31,Model_1
2505318700917100050,5360.270508,31,Model_1
2505318700917100052,4081.837158203125,31,Model_1
2505318700917100053,2575.897949,31,Model_1
2505318700918100001,5995.591309,31,Model_1
2505318700918100003,3366.519775390625,31,Model_1
2505318700918100004,4249.936523,31,Model_1
2505318700918100005,4144.195801,31,Model_1
2505318700918100006,2553.513184,31,Model_1
2505318700918100008,4386.371582,31,Model_1
2505318700918100010,3890.67334,31,Model_1
2505318700918100011,5194.630371,31,Model_1
2505318700918100013,6048.32373,31,Model_1
2505318700918100014,4121.482422,31,Model_1
2505318700918100015,4384.770508,31,Model_1
2505318700918100017,6418.996094,31,Model_1
2505318700918100018,5860.277344,31,Model_1
2505318700918100021,6470.936523,31,Model_1
2505318700918100022,1913.8873291015625,31,Model_1
2505318700918100023,3486.917724609375,31,Model_1
2505318700918100025,1928.7169189453125,31,Model_1
2505318700928100002,2265.422363,6,Model_1
2505318700928100003,4537.773926,6,Model_1
2505318700928100004,2502.883301,6,Model_1
2505318700928100005,4581.287109,6,Model_1
2505318700928100006,2257.158203,6,Model_1
2505318700928100007,3367.616943359375,6,Model_1
2505318700928100008,8870.486328,6,Model_1
2505318700928100009,6061.837402,6,Model_1
2505318700928100010,3932.48584,6,Model_1
2505318700928100011,2497.016602,6,Model_1
2505318700929100002,4005.484130859375,6,Model_1
2505318700929100004,4352.355469,6,Model_1
2505318700929100005,3236.819580078125,6,Model_1
2505318700929100006,5059.546387,6,Model_1
2505318700929100007,4297.258789,6,Model_1
2505318700929100008,2712.864013671875,6,Model_1
2505318700929100010,5456.961426,6,Model_1
2505318700929100011,9446.708008,6,Model_1
2505318700929100012,12245.42383,6,Model_1
2505318700929100013,5510.126953,6,Model_1
2505318700929100015,2979.582031,6,Model_1
2505318700929100016,5125.802734,6,Model_1
2505318700929100017,7003.790527,6,Model_1
2505318700929100018,15999.10742,6,Model_1
2505318700929100019,3171.055908203125,6,Model_1
2505318700929100020,5198.569336,6,Model_1
2505318700929100021,2915.595947265625,6,Model_1
2505318700929100022,3132.578857421875,6,Model_1
2505318700929100023,17430.50195,6,Model_1
2505318700929100024,2639.799560546875,6,Model_1
2505318700929100025,2085.794922,6,Model_1
2505318700930100003,4438.430176,6,Model_1
2505318700930100004,7443.15918,6,Model_1
2505318700930100005,6291.919922,6,Model_1
2505318700930100006,3260.848876953125,6,Model_1
2505318700930100007,5604.125488,6,Model_1
2505318700930100008,1741.671142578125,6,Model_1
2505318700930100009,8992.618164,6,Model_1
2505318700930100010,5622.524414,6,Model_1
2505318700930100011,4382.001465,6,Model_1
2505318700930100012,1932.186523,6,Model_1
2505318700930100013,3542.535645,6,Model_1
2505318700930100015,10061.18652,6,Model_1
2505318700930100016,2596.918457,6,Model_1
2505318700930100017,4156.198242,6,Model_1
2505318700931100004,8421.087891,6,Model_1
2505318700931100005,2169.658447265625,6,Model_1
2505318700931100006,3709.709716796875,6,Model_1
2505318700931100007,5886.651367,6,Model_1
2505318700931100008,6881.006348,6,Model_1
2505318700931100009,8560.259766,6,Model_1
2505318700931100010,6999.77832,6,Model_1
2505318700931100012,12806.38965,6,Model_1
2505318700931100013,4914.461914,6,Model_1
2505318700931100014,8998.34668,6,Model_1
2505318700931100015,9775.22168,6,Model_1
2505318700931100016,5202.328125,6,Model_1
2505318700933100002,2904.126708984375,10,Model_1
2505318700933100003,4756.034668,10,Model_1
2505318700933100004,5498.374512,10,Model_1
2505318700933100005,2769.78418,10,Model_1
2505318700933100006,6190.126465,10,Model_1
2505318700933100007,4120.054199,10,Model_1
2505318700933100008,3275.00293,10,Model_1
2505318700933100009,9571.870117,10,Model_1
2505318700933100010,3454.307373046875,10,Model_1
2505318700933100011,5043.220215,10,Model_1
2505318700933100012,7349.783691,10,Model_1
2505318700933100013,1728.578125,10,Model_1
2505318700933100014,3396.325439453125,10,Model_1
2505318700933100015,5034.244629,10,Model_1
2505318700933100017,3585.726318359375,10,Model_1
2505318700933100018,3808.638672,10,Model_1
2505318700933100019,2278.59375,10,Model_1
2505318700933100020,5693.181152,10,Model_1
2505318700933100021,3353.150391,10,Model_1
2505318700933100022,3390.228271484375,10,Model_1
2505318700933100023,2526.472900390625,10,Model_1
2505318700933100024,3945.744873046875,10,Model_1
2505318700933100025,1881.7518310546875,10,Model_1
2505318700933100026,4001.574951171875,10,Model_1
2505318700933100027,1441.607422,10,Model_1
2505318700933100028,8232.017578,10,Model_1
2505318700933100029,1258.2684326171875,10,Model_1
2505318700933100030,5860.028809,10,Model_1
2505318700933100031,3921.748535,10,Model_1
2505318700933100033,5553.319824,10,Model_1
2505318700933100034,5982.711914,10,Model_1
2505318700933100035,2590.227539,10,Model_1
2505318700933100037,6117.472168,10,Model_1
2505318700933100039,840.4927978515625,10,Model_1
2505318700933100040,2718.469482421875,10,Model_1
2505318700933100041,7151.77832,10,Model_1
2505318700934100001,16271.82617,10,Model_1
2505318700934100002,4251.297852,10,Model_1
2505318700934100003,2545.112060546875,10,Model_1
2505318700934100004,5164.374512,10,Model_1
2505318700934100005,5670.732422,10,Model_1
2505318700934100006,3178.632324,10,Model_1
2505318700934100007,7364.611816,10,Model_1
2505318700934100008,2389.53125,10,Model_1
2505318700934100009,8210.858398,10,Model_1
2505318700934100010,11143.16797,10,Model_1
2505318700934100011,9406.240234,10,Model_1
2505318700934100013,4305.777832,10,Model_1
2505318700934100014,1412.559814453125,10,Model_1
2505318700934100015,1719.529297,10,Model_1
2505318700934100017,4117.675781,10,Model_1
2505318700934100018,5068.004395,10,Model_1
2505318700934100019,6754.015625,10,Model_1
2505318700934100020,3355.719482421875,10,Model_1
2505318700934100021,5745.091309,10,Model_1
2505318700934100022,3100.108398,10,Model_1
2505318700934100023,4684.595703,10,Model_1
2505318700934100024,2127.208251953125,10,Model_1
2505318700934100025,7412.425781,10,Model_1
2505318700934100026,3701.859130859375,10,Model_1
2505318700934100027,1869.5455322265625,10,Model_1
2505318700934100029,4030.536621,10,Model_1
2505318700934100030,4653.05957,10,Model_1
2505318700934100032,891.2642822265625,10,Model_1
2505318700934100033,2165.045654296875,10,Model_1
2505318700934100034,5743.104492,10,Model_1
2505318700934100035,4273.400879,10,Model_1
2505318700934100036,2834.823242,10,Model_1
2505318700934100037,10492.86133,10,Model_1
2505318700934100038,4876.425781,10,Model_1
2505318700934100039,2891.999755859375,10,Model_1
2505318700934100040,5108.160156,10,Model_1
2505318700934100041,5069.039063,10,Model_1
2505318700934100042,3064.552734,10,Model_1
2505318700934100043,2281.257813,10,Model_1
2505318700934100044,5063.869629,10,Model_1
2505318700934100045,5344.348145,10,Model_1
2505318700934100046,11674.30078,10,Model_1
2505318700934100047,3002.006103515625,10,Model_1
2505318700934100048,4273.706055,10,Model_1
2505318700934100049,5383.547852,10,Model_1
2505318700934100050,3101.734619140625,10,Model_1
2505318700934100051,3582.600341796875,10,Model_1
2505318700934100052,3066.388184,10,Model_1
2505318700934100053,1531.3277587890625,10,Model_1
2505318700935100001,4662.491699,10,Model_1
2505318700935100002,6779.50293,10,Model_1
2505318700935100003,4502.612793,10,Model_1
2505318700935100004,2668.863281,10,Model_1
2505318700935100005,3104.966064453125,10,Model_1
2505318700935100006,7627.070801,10,Model_1
2505318700935100007,2428.603027,10,Model_1
2505318700935100009,4942.45752,10,Model_1
2505318700935100010,3493.786376953125,10,Model_1
2505318700935100011,2873.230469,10,Model_1
2505318700935100012,3332.499023,10,Model_1
2505318700935100013,4368.291016,10,Model_1
2505318700935100014,3780.48877,10,Model_1
2505318700935100015,3750.654052734375,10,Model_1
2505318700935100016,6547.205566,10,Model_1
2505318700935100017,6305.356934,10,Model_1
2505318700935100018,3999.705566,10,Model_1
2505318700935100019,4726.595703,10,Model_1
2505318700935100020,3171.291016,10,Model_1
2505318700935100021,5927.114258,10,Model_1
2505318700935100022,2739.932617,10,Model_1
2505318700935100023,1799.6343994140625,10,Model_1
2505318700935100025,11101.01465,10,Model_1
2505318700935100026,10967.13086,10,Model_1
2505318700935100027,9245.179688,10,Model_1
2505318700935100028,3584.166992,10,Model_1
2505318700935100029,3288.020751953125,10,Model_1
2505318700935100030,6609.444824,10,Model_1
2505318700935100031,2395.744384765625,10,Model_1
2505318700935100032,2029.8780517578125,10,Model_1
2505318700935100033,2290.802246,10,Model_1
2505318700935100034,3774.580566,10,Model_1
2505318700935100036,6283.00293,10,Model_1
2505318700935100037,7167.59082,10,Model_1
2505318700935100038,5169.530273,10,Model_1
2505318700935100039,3013.448974609375,10,Model_1
2505318700935100040,4678.075684,10,Model_1
2505318700936100002,6843.030762,10,Model_1
2505318700936100003,4840.291504,10,Model_1
2505318700936100004,6583.002441,10,Model_1
2505318700936100005,5331.378418,10,Model_1
2505318700936100006,6196.597656,10,Model_1
2505318700936100007,6852.666016,10,Model_1
2505318700936100008,3699.85791,10,Model_1
2505318700936100009,3171.001220703125,10,Model_1
2505318700936100010,5159.310059,10,Model_1
2505318700936100011,5399.042969,10,Model_1
2505318700936100012,6941.629883,10,Model_1
2505318700936100013,3218.810302734375,10,Model_1
2505318700936100014,5315.674805,10,Model_1
2505318700936100015,3000.461426,10,Model_1
2505318700936100016,4847.895508,10,Model_1
2505318700936100017,5593.605957,10,Model_1
2505318700936100018,6283.825684,10,Model_1
2505318700936100019,2341.812012,10,Model_1
2505318700936100020,3412.354736328125,10,Model_1
2505318700936100021,3821.502685546875,10,Model_1
2505318700936100022,5230.532227,10,Model_1
2505318700936100023,3845.525391,10,Model_1
2505318700936100024,4563.054199,10,Model_1
2505318700936100025,3100.297607421875,10,Model_1
2505318700936100026,5625.090332,10,Model_1
2505318700936100027,2937.322266,10,Model_1
2505318700936100028,3825.258789,10,Model_1
2505318700936100030,4207.35791,10,Model_1
2505318700936100031,4634.908203,10,Model_1
2505318700936100032,3179.020508,10,Model_1
2505318700936100033,4754.287109,10,Model_1
2505318700936100034,6837.570801,10,Model_1
2505318700938100001,2695.225586,16,Model_1
2505318700938100003,4271.606934,16,Model_1
2505318700938100004,2157.744141,16,Model_1
2505318700938100005,5918.780762,16,Model_1
2505318700938100006,4142.980469,16,Model_1
2505318700938100007,3338.763427734375,16,Model_1
2505318700938100008,2910.154541015625,16,Model_1
2505318700938100009,6651.553223,16,Model_1
2505318700938100010,3557.823486328125,16,Model_1
2505318700938100011,3755.110352,16,Model_1
2505318700938100012,5510.466309,16,Model_1
2505318700938100014,6825.240234,16,Model_1
2505318700938100015,5666.753906,16,Model_1
2505318700939100001,5502.17334,16,Model_1
2505318700939100002,4328.562988,16,Model_1
2505318700939100003,5355.211426,16,Model_1
2505318700939100004,20925.04688,16,Model_1
2505318700939100005,6742.253418,16,Model_1
2505318700939100006,11661.81836,16,Model_1
2505318700939100007,5485.905762,16,Model_1
2505318700939100008,3032.081543,16,Model_1
2505318700939100009,4373.430664,16,Model_1
2505318700939100011,2902.507568359375,16,Model_1
2505318700939100012,3024.521240234375,16,Model_1
2505318700939100013,5122.988281,16,Model_1
2505318700939100014,3446.624755859375,16,Model_1
2505318700939100015,11218.12988,16,Model_1
2505318700939100016,3211.707275390625,16,Model_1
2505318700939100017,2707.639648,16,Model_1
2505318700939100019,2999.794677734375,16,Model_1
2505318700939100020,2965.921142578125,16,Model_1
2505318700939100021,4464.70752,16,Model_1
2505318700939100022,1107.440185546875,16,Model_1
2505318700939100023,4658.29248,16,Model_1
2505318700939100024,5754.58252,16,Model_1
2505318700939100025,4944.407715,16,Model_1
2505318700939100026,3303.376465,16,Model_1
2505318700939100027,4955.750977,16,Model_1
2505318700939100028,2411.707031,16,Model_1
2505318700939100029,4221.317383,16,Model_1
2505318700939100030,4141.425293,16,Model_1
2505318700939100031,6060.976563,16,Model_1
2505318700939100032,5930.533691,16,Model_1
2505318700939100033,4538.300781,16,Model_1
2505318700940100004,3347.084228515625,16,Model_1
2505318700940100005,3285.324462890625,16,Model_1
2505318700940100006,3505.123047,16,Model_1
2505318700940100007,2154.214844,16,Model_1
2505318700940100008,3009.546875,16,Model_1
2505318700940100009,2689.272949,16,Model_1
2505318700940100010,3246.797607421875,16,Model_1
2505318700940100011,5349.458008,16,Model_1
2505318700940100012,9244.981445,16,Model_1
2505318700940100013,3662.531982421875,16,Model_1
2505318700940100014,2426.975830078125,16,Model_1
2505318700940100015,4748.439941,16,Model_1
2505318700940100016,3018.871337890625,16,Model_1
2505318700940100017,2862.366699,16,Model_1
2505318700940100018,2532.131591796875,16,Model_1
2505318700940100019,12199.37695,16,Model_1
2505318700940100020,4172.017578,16,Model_1
2505318700940100021,4247.665039,16,Model_1
2505318700940100022,4958.450195,16,Model_1
2505318700940100023,5795.090332,16,Model_1
2505318700940100024,4603.38623,16,Model_1
2505318700940100025,11018.87891,16,Model_1
2505318700940100026,6254.003418,16,Model_1
2505318700940100027,3390.036133,16,Model_1
2505318700940100028,3741.797363,16,Model_1
2505318700940100029,6848.661133,16,Model_1
2505318700940100030,4929.195313,16,Model_1
2505318700940100031,4700.053711,16,Model_1
2505318700940100032,6416.071777,16,Model_1
2505318700940100033,3726.459228515625,16,Model_1
2505318700940100034,7062.206543,16,Model_1
2505318700940100035,2528.833251953125,16,Model_1
2505318700940100036,5301.932129,16,Model_1
2505318700940100038,7265.900391,16,Model_1
2505318700940100039,7229.85498,16,Model_1
2505318700941100001,5982.634277,16,Model_1
2505318700941100003,1651.0985107421875,16,Model_1
2505318700941100005,2221.799805,16,Model_1
2505318700943100002,2373.302978515625,31,Model_1
2505318700943100003,3671.587646484375,31,Model_1
2505318700943100004,2689.961181640625,31,Model_1
2505318700943100005,4621.776367,31,Model_1
2505318700943100006,5940.384277,31,Model_1
2505318700943100007,3348.370361328125,31,Model_1
2505318700943100008,4171.49707,31,Model_1
2505318700943100009,9760.504883,31,Model_1
2505318700943100010,3543.386962890625,31,Model_1
2505318700943100011,7291.396973,31,Model_1
2505318700943100012,5066.269043,31,Model_1
2505318700943100013,8349.148438,31,Model_1
2505318700943100014,11386.81055,31,Model_1
2505318700943100015,5110.958984,31,Model_1
2505318700943100016,5723.737793,31,Model_1
2505318700943100017,5171.541504,31,Model_1
2505318700943100018,4208.790527,31,Model_1
2505318700943100019,6353.611328,31,Model_1
2505318700943100020,5645.716797,31,Model_1
2505318700943100021,6649.695801,31,Model_1
2505318700943100022,5617.972168,31,Model_1
2505318700943100023,2539.622802734375,31,Model_1
2505318700943100024,4045.877685546875,31,Model_1
2505318700943100025,2743.710205078125,31,Model_1
2505318700943100026,5220.614746,31,Model_1
2505318700943100027,6223.664063,31,Model_1
2505318700943100028,3720.848633,31,Model_1
2505318700943100029,7103.538086,31,Model_1
2505318700943100030,7131.623535,31,Model_1
2505318700944100002,17303.125,31,Model_1
2505318700944100003,7702.567871,31,Model_1
2505318700944100005,5633.398438,31,Model_1
2505318700944100006,6582.328613,31,Model_1
2505318700944100007,5859.187988,31,Model_1
2505318700944100008,5119.062988,31,Model_1
2505318700944100009,5410.404785,31,Model_1
2505318700944100010,7432.228027,31,Model_1
2505318700944100011,7654.495605,31,Model_1
2505318700944100012,11764.92578,31,Model_1
2505318700944100013,9415.498047,31,Model_1
2505318700944100014,5968.373047,31,Model_1
2505318700944100015,2379.953613,31,Model_1
2505318700944100016,6015.938477,31,Model_1
2505318700944100017,2693.240723,31,Model_1
2505318700944100018,3051.216797,31,Model_1
2505318700944100019,3277.240966796875,31,Model_1
2505318700944100021,3953.006591796875,31,Model_1
2505318700944100022,5349.348633,31,Model_1
2505318700944100023,7622.724121,31,Model_1
2505318700944100024,7253.01416,31,Model_1
2505318700944100025,6485.587891,31,Model_1
2505318700944100027,4551.796387,31,Model_1
2505318700945100002,2729.640625,31,Model_1
2505318700945100004,11600.73047,31,Model_1
2505318700945100005,7244.289551,31,Model_1
2505318700945100006,7866.523926,31,Model_1
2505318700945100008,6074.581055,31,Model_1
2505318700945100009,4681.416016,31,Model_1
2505318700945100010,5958.885742,31,Model_1
2505318700945100012,6806.773438,31,Model_1
2505318700945100013,10212.22949,31,Model_1
2505318700945100014,7601.069336,31,Model_1
2505318700945100015,10436.25293,31,Model_1
2505318700945100016,5148.470703,31,Model_1
2505318700945100017,4727.005371,31,Model_1
2505318700945100018,6100.242676,31,Model_1
2505318700945100019,4558.248047,31,Model_1
2505318700945100020,5577.771973,31,Model_1
2505318700945100021,5454.343262,31,Model_1
2505318700945100022,3464.955566,31,Model_1
2505318700945100023,2285.455322265625,31,Model_1
2505318700945100024,1787.102783203125,31,Model_1
2505318700945100026,7277.117676,31,Model_1
2505318700945100027,5167.962891,31,Model_1
2505318700945100028,3647.214844,31,Model_1
2505318700945100029,5158.594727,31,Model_1
2505318700945100030,11035.77344,31,Model_1
2505318700945100031,4845.513672,31,Model_1
2505318700945100033,7149.689453,31,Model_1
2505318700945100034,6655.924805,31,Model_1
2505318700945100035,7730.641113,31,Model_1
2505318700945100036,4905.779785,31,Model_1
2505318700945100037,5371.568359,31,Model_1
2505318700945100038,6534.868164,31,Model_1
2505318700945100039,9360.666016,31,Model_1
2505318700945100040,6754.739746,31,Model_1
2505318700946100002,4184.992188,31,Model_1
2505318700946100003,6905.078613,31,Model_1
2505318700956100001,1519.421630859375,6,Model_1
2505318700956100002,1122.6998291015625,6,Model_1
2505318700956100003,5177.915527,6,Model_1
2505318700957100002,4393.744141,6,Model_1
2505318700957100003,2409.313477,6,Model_1
2505318700957100004,6357.21582,6,Model_1
2505318700957100005,7807.419434,6,Model_1
2505318700958100001,1968.9068603515625,6,Model_1
2505318700962100005,3208.842529296875,10,Model_1
2505318700962100006,2508.716552734375,10,Model_1
2505318700962100007,5649.405273,10,Model_1
2505318700962100009,3783.782958984375,10,Model_1
2505318700962100010,5864.650879,10,Model_1
2505318700962100011,3168.606445,10,Model_1
2505318700962100012,4437.304199,10,Model_1
2505318700962100013,2947.374512,10,Model_1
2505318700962100014,4052.898193359375,10,Model_1
2505318700962100015,4977.291504,10,Model_1
2505318700962100016,4166.311523,10,Model_1
2505318700962100017,4487.357422,10,Model_1
2505318700962100018,2091.030273,10,Model_1
2505318700962100019,2788.732422,10,Model_1
2505318700962100020,4346.009766,10,Model_1
2505318700962100021,3181.894531,10,Model_1
2505318700962100022,7663.360352,10,Model_1
2505318700962100023,3354.864990234375,10,Model_1
2505318700962100024,4369.125488,10,Model_1
2505318700962100025,6187.413086,10,Model_1
2505318700963100003,4062.749512,10,Model_1
2505318700963100004,8539.474609,10,Model_1
2505318700963100005,9731.370117,10,Model_1
2505318700963100006,5050.434082,10,Model_1
2505318700963100007,3487.981445,10,Model_1
2505318700963100008,2491.026123046875,10,Model_1
2505318700963100009,3274.041748046875,10,Model_1
2505318700963100010,2181.093262,10,Model_1
2505318700963100011,2824.547852,10,Model_1
2505318700963100012,2002.248047,10,Model_1
2505318700963100013,8385.022461,10,Model_1
2505318700963100014,3836.579102,10,Model_1
2505318700963100015,8226.585938,10,Model_1
2505318700963100016,4369.253418,10,Model_1
2505318700963100017,7350.686035,10,Model_1
2505318700963100018,3026.454102,10,Model_1
2505318700963100019,2798.03418,10,Model_1
2505318700963100020,3308.882080078125,10,Model_1
2505318700963100021,1811.102051,10,Model_1
2505318700963100022,528.9856567382812,10,Model_1
2505318700963100023,2007.987305,10,Model_1
2505318700963100024,2693.697266,10,Model_1
2505318700963100025,4157.576172,10,Model_1
2505318700963100026,2794.670898,10,Model_1
2505318700963100027,698.3813477,10,Model_1
2505318700963100028,3102.581298828125,10,Model_1
2505318700963100029,2006.9930419921875,10,Model_1
2505318700963100030,3707.484375,10,Model_1
2505318700963100031,4577.599609,10,Model_1
2505318700963100032,2205.870361328125,10,Model_1
2505318700963100033,3828.641113,10,Model_1
2505318700963100034,2811.924072265625,10,Model_1
2505318700963100035,2846.357177734375,10,Model_1
2505318700963100037,3067.940918,10,Model_1
2505318700963100038,1879.1817626953125,10,Model_1
2505318700963100039,3757.041259765625,10,Model_1
2505318700963100040,5997.728516,10,Model_1
2505318700963100041,2238.764892578125,10,Model_1
2505318700963100042,4451.751953,10,Model_1
2505318700963100043,5963.712402,10,Model_1
2505318700963100044,4424.252441,10,Model_1
2505318700972100006,2387.725830078125,31,Model_1
2505318700972100007,5412.598145,31,Model_1
2505318700972100008,2776.976318359375,31,Model_1
2505318700972100009,3207.450195,31,Model_1
2505318700972100010,7600.401855,31,Model_1
2505318700972100011,4220.960449,31,Model_1
2505318700972100012,3859.437012,31,Model_1
2505318700972100013,2773.147216796875,31,Model_1
2505318700972100014,6985.608887,31,Model_1
2505318700972100015,4355.284668,31,Model_1
2505318700972100016,4541.058105,31,Model_1
2505318700972100017,3946.712158203125,31,Model_1
2505318700972100018,5601.442383,31,Model_1
2505318700972100019,5711.086426,31,Model_1
2505318700972100020,6340.506836,31,Model_1
2505318700973100001,9789.969727,31,Model_1
2505318700973100002,2565.922852,31,Model_1
2505318700996100005,2930.253418,17,Model_1
2505318701013100001,7691.134766,7,Model_1
2505318701013100002,9228.274414,7,Model_1
2505318701013100003,5925.060547,7,Model_1
2505318701013100004,10412.06543,7,Model_1
2505318701013100005,7381.699707,7,Model_1
2505318701013100006,5219.790039,7,Model_1
2505318701013100007,13931.37891,7,Model_1
2505318701013100008,7968.790527,7,Model_1
2505318701013100009,8531.255859,7,Model_1
2505318701013100010,5507.668945,7,Model_1
2505318701013100011,10635.91602,7,Model_1
2505318701013100012,5744.337402,7,Model_1
2505318701013100013,1760.075195,7,Model_1
2505318701014100001,7169.697754,7,Model_1
2505318701014100002,3392.430419921875,7,Model_1
2505318701014100003,1171.638672,7,Model_1
2505318701015100001,1601.5391845703125,7,Model_1
2505318701015100002,4812.782227,7,Model_1
2505318701017100001,5132.413086,11,Model_1
2505318701018100002,8366.980469,11,Model_1
2505318701018100003,4472.73877,11,Model_1
2505318701018100004,4999.762695,11,Model_1
2505318701018100005,7926.583496,11,Model_1
2505318701018100006,6946.34082,11,Model_1
2505318701018100007,7146.26123,11,Model_1
2505318701018100008,3342.347900390625,11,Model_1
2505318701018100009,7844.73877,11,Model_1
2505318701018100010,2762.193359,11,Model_1
2505318701018100011,10110.73438,11,Model_1
2505318701018100012,4132.57666,11,Model_1
2505318701018100013,9198.282227,11,Model_1
2505318701018100014,3633.735107421875,11,Model_1
2505318701018100015,5430.020996,11,Model_1
2505318701018100016,2817.160645,11,Model_1
2505318701018100017,2284.302490234375,11,Model_1
2505318701018100019,4362.054199,11,Model_1
2505318701018100020,1475.1102294921875,11,Model_1
2505318701018100021,4873.63623,11,Model_1
2505318701018100022,4586.015625,11,Model_1
2505318701018100023,1141.459228515625,11,Model_1
2505318701018100024,2370.739258,11,Model_1
2505318701018100025,1773.6146240234375,11,Model_1
2505318701018100026,1601.819091796875,11,Model_1
2505318701018100027,2679.619873046875,11,Model_1
2505318701018100028,2680.961914,11,Model_1
2505318701018100029,4270.67627,11,Model_1
2505318701018100030,4003.467773,11,Model_1
2505318701018100031,5534.001953,11,Model_1
2505318701018100032,12564.23926,11,Model_1
2505318701018100033,4444.839844,11,Model_1
2505318701018100034,3773.379883,11,Model_1
2505318701018100035,2654.093505859375,11,Model_1
2505318701018100036,4482.134277,11,Model_1
2505318701018100037,4731.131348,11,Model_1
2505318701018100038,3628.478759765625,11,Model_1
2505318701018100039,4634.328125,11,Model_1
2505318701018100040,1202.6844482421875,11,Model_1
2505318701018100041,1605.9974365234375,11,Model_1
2505318701018100042,1382.5081787109375,11,Model_1
2505318701018100043,1446.417969,11,Model_1
2505318701018100044,2831.522216796875,11,Model_1
2505318701018100045,2337.594970703125,11,Model_1
2505318701018100046,3118.949219,11,Model_1
2505318701018100048,2647.585449,11,Model_1
2505318701018100049,4857.142578,11,Model_1
2505318701018100050,5782.974121,11,Model_1
2505318701018100051,4008.751708984375,11,Model_1
2505318701018100052,3264.041259765625,11,Model_1
2505318701018100055,1615.030029296875,11,Model_1
2505318701019100001,9950.96875,11,Model_1
2505318701019100002,4888.124512,11,Model_1
2505318701019100003,8332.337891,11,Model_1
2505318701019100004,6042.233887,11,Model_1
2505318701019100006,3467.237793,11,Model_1
2505318701019100007,3309.570068359375,11,Model_1
2505318701019100008,6302.072266,11,Model_1
2505318701019100009,5612.721191,11,Model_1
2505318701019100010,1581.8626708984375,11,Model_1
2505318701019100011,7143.985352,11,Model_1
2505318701019100013,3155.720215,11,Model_1
2505318701019100014,11777.60645,11,Model_1
2505318701019100015,3129.991943359375,11,Model_1
2505318701019100016,4316.858398,11,Model_1
2505318701019100017,1581.77002,11,Model_1
2505318701019100018,1893.5767822265625,11,Model_1
2505318701019100019,2382.179931640625,11,Model_1
2505318701022100002,5514.571289,17,Model_1
2505318701022100003,2458.338134765625,17,Model_1
2505318701022100004,5968.34668,17,Model_1
2505318701022100005,2038.842041015625,17,Model_1
2505318701022100006,2392.293212890625,17,Model_1
2505318701022100007,2424.316406,17,Model_1
2505318701022100008,8204.214844,17,Model_1
2505318701022100009,5010.208984,17,Model_1
2505318701022100010,7623.212891,17,Model_1
2505318701022100012,3957.33252,17,Model_1
2505318701022100013,2525.088379,17,Model_1
2505318701022100014,2509.346435546875,17,Model_1
2505318701022100015,1953.4351806640625,17,Model_1
2505318701022100016,1489.481934,17,Model_1
2505318701023100001,9857.761719,17,Model_1
2505318701023100003,7146.180176,17,Model_1
2505318701023100004,3625.133544921875,17,Model_1
2505318701023100005,2049.962158203125,17,Model_1
2505318701023100006,1998.835449,17,Model_1
2505318701023100007,2694.115966796875,17,Model_1
2505318701023100008,2222.033203,17,Model_1
2505318701023100009,2154.172119140625,17,Model_1
2505318701023100010,2563.466309,17,Model_1
2505318701023100011,4625.624023,17,Model_1
2505318701023100012,925.6818237304688,17,Model_1
2505318701023100013,2076.194091796875,17,Model_1
2505318701023100014,9504.290039,17,Model_1
2505318701023100015,3221.709473,17,Model_1
2505318701023100016,2425.108887,17,Model_1
2505318701023100017,2930.697509765625,17,Model_1
2505318701023100018,4292.964844,17,Model_1
2505318701023100019,9675.144531,17,Model_1
2505318701023100020,5569.661621,17,Model_1
2505318701023100022,2473.122802734375,17,Model_1
2505318701023100023,2678.624755859375,17,Model_1
2505318701023100024,776.3251953,17,Model_1
2505318701023100025,2444.513916015625,17,Model_1
2505318701023100026,866.5657348632812,17,Model_1
2505318701023100027,8602.669922,17,Model_1
2505318701023100028,4922.447754,17,Model_1
2505318701023100029,4203.434082,17,Model_1
2505318701023100030,1928.7708740234375,17,Model_1
2505318701023100031,1243.997559,17,Model_1
2505318701023100032,2955.113037109375,17,Model_1
2505318701023100033,3503.242676,17,Model_1
2505318701023100034,3385.108642578125,17,Model_1
2505318701023100035,5469.419922,17,Model_1
2505318701023100036,3856.397216796875,17,Model_1
2505318701023100037,4049.22168,17,Model_1
2505318701023100038,1936.3939208984375,17,Model_1
2505318701023100039,3982.012695,17,Model_1
2505318701023100040,3840.345703,17,Model_1
2505318701023100041,6130.833008,17,Model_1
2505318701023100042,1012.87207,17,Model_1
2505318701023100043,5301.605957,17,Model_1
2505318701023100044,3825.391357421875,17,Model_1
2505318701023100045,6283.444824,17,Model_1
2505318701023100046,2432.070068359375,17,Model_1
2505318701023100047,4398.609863,17,Model_1
2505318701023100048,4496.139648,17,Model_1
2505318701023100049,2142.154541015625,17,Model_1
2505318701023100050,2447.040039,17,Model_1
2505318701023100051,1821.202392578125,17,Model_1
2505318701023100052,3026.498291015625,17,Model_1
2505318701023100053,1663.538818359375,17,Model_1
2505318701023100054,2863.308837890625,17,Model_1
2505318701023100055,5520.604492,17,Model_1
2505318701023100056,940.9467773,17,Model_1
2505318701023100057,3528.842285,17,Model_1
2505318701023100058,2862.952880859375,17,Model_1
2505318701023100059,6763.785156,17,Model_1
2505318701023100060,1961.3492431640625,17,Model_1
2505318701023100061,2120.255859,17,Model_1
2505318701023100062,3200.15918,17,Model_1
2505318701023100063,4952.679199,17,Model_1
2505318701023100064,5459.55127,17,Model_1
2505318701023100065,4221.403809,17,Model_1
2505318701023100066,5412.473145,17,Model_1
2505318701023100067,5470.717773,17,Model_1
2505318701023100068,1738.567383,17,Model_1
2505318701023100069,1974.738525390625,17,Model_1
2505318701023100070,1337.4869384765625,17,Model_1
2505318701023100071,7603.836426,17,Model_1
2505318701023100072,3435.150391,17,Model_1
2505318701023100073,2476.761719,17,Model_1
2505318701023100074,3935.703613,17,Model_1
2505318701023100075,4109.870117,17,Model_1
2505318701023100076,1548.578857421875,17,Model_1
2505318701023100077,3538.651367,17,Model_1
2505318701023100078,1134.992431640625,17,Model_1
2505318701023100079,2632.070801,17,Model_1
2505318701023100080,1877.850098,17,Model_1
2505318701023100081,2081.294677734375,17,Model_1
2505318701023100082,2287.816162109375,17,Model_1
2505318701023100083,4571.79248,17,Model_1
2505318701023100084,5340.937988,17,Model_1
2505318701023100085,4053.790771484375,17,Model_1
2505318701023100086,2864.963623046875,17,Model_1
2505318701023100088,2916.321533203125,17,Model_1
2505318701023100089,2466.743164,17,Model_1
2505318701023100090,2714.275879,17,Model_1
2505318701023100091,2645.476074,17,Model_1
2505318701023100092,4223.72168,17,Model_1
2505318701023100093,8842.355469,17,Model_1
2505318701023100094,3426.328857421875,17,Model_1
2505318701023100095,4617.1875,17,Model_1
2505318701023100096,1596.881103515625,17,Model_1
2505318701023100097,4472.041016,17,Model_1
2505318701023100098,2593.586426,17,Model_1
2505318701023100099,6840.949707,17,Model_1
2505318701023100100,2284.164551,17,Model_1
2505318701023100101,5193.547363,17,Model_1
2505318701023100102,4602.045898,17,Model_1
2505318701023100103,4334.945801,17,Model_1
2505318701023100104,2277.939697265625,17,Model_1
2505318701023100105,1356.983887,17,Model_1
2505318701023100106,3782.851806640625,17,Model_1
2505318701023100107,8879.357422,17,Model_1
2505318701023100108,5571.906738,17,Model_1
2505318701023100109,7418.331055,17,Model_1
2505318701023100110,2311.282227,17,Model_1
2505318701023100111,4558.919922,17,Model_1
2505318701023100112,3706.976318359375,17,Model_1
2505318701023100113,1246.1485595703125,17,Model_1
2505318701023100114,2259.84082,17,Model_1
2505318701023100115,4540.214355,17,Model_1
2505318701023100116,4864.296875,17,Model_1
2505318701023100117,3027.822266,17,Model_1
2505318701023100118,10610.18066,17,Model_1
2505318701023100119,4116.196289,17,Model_1
2505318701023100120,3372.717041015625,17,Model_1
2505318701023100121,7203.272949,17,Model_1
2505318701023100122,2001.0831298828125,17,Model_1
2505318701023100123,3103.157958984375,17,Model_1
2505318701023100124,3664.384033203125,17,Model_1
2505318701023100125,3457.189453,17,Model_1
2505318701023100127,2159.167724609375,17,Model_1
2505318701023100128,2953.395263671875,17,Model_1
2505318701023100129,2083.851563,17,Model_1
2505318701023100130,6784.603027,17,Model_1
2505318701023100131,3963.297852,17,Model_1
2505318701023100132,8890.442383,17,Model_1
2505318701023100133,5877.396973,17,Model_1
2505318701023100134,2909.233398,17,Model_1
2505318701023100135,2748.471191,17,Model_1
2505318701023100138,4481.089844,17,Model_1
2505318701023100139,3443.461669921875,17,Model_1
2505318701024100003,5758.996094,17,Model_1
2505318701024100004,6010.90918,17,Model_1
2505318701024100005,5065.297363,17,Model_1
2505318701024100006,2968.437744140625,17,Model_1
2505318701024100007,6524.162598,17,Model_1
2505318701024100008,5100.005859,17,Model_1
2505318701024100010,4261.937012,17,Model_1
2505318701024100011,3326.312012,17,Model_1
2505318701024100012,4546.5625,17,Model_1
2505318701024100013,4552.222168,17,Model_1
2505318701024100014,2203.453125,17,Model_1
2505318701024100015,7631.549805,17,Model_1
2505318701024100017,3411.899414,17,Model_1
2505318701024100018,8780.056641,17,Model_1
2505318701024100019,8008.010742,17,Model_1
2505318701024100020,2282.356201171875,17,Model_1
2505318701024100021,1391.5360107421875,17,Model_1
2505318701024100022,2740.544922,17,Model_1
2505318701024100023,4936.48584,17,Model_1
2505318701024100024,4449.948242,17,Model_1
2505318701024100025,2248.546875,17,Model_1
2505318701024100026,3818.705566,17,Model_1
2505318701024100027,5648.375,17,Model_1
2505318701024100029,5351.890625,17,Model_1
2505318701024100030,3116.659668,17,Model_1
2505318701024100031,2245.669922,17,Model_1
2505318701024100032,1604.599609,17,Model_1
2505318701024100033,6918.931152,17,Model_1
2505318701024100034,2403.631103515625,17,Model_1
2505318701024100035,3346.345215,17,Model_1
2505318701024100036,3899.174316,17,Model_1
2505318701024100037,3935.75293,17,Model_1
2505318701024100038,2468.994384765625,17,Model_1
2505318701024100039,1983.1617431640625,17,Model_1
2505318701024100040,3613.474121,17,Model_1
2505318701024100041,1597.401367,17,Model_1
2505318701024100042,3586.038330078125,17,Model_1
2505318701024100043,5083.232422,17,Model_1
2505318701024100044,1502.9747314453125,17,Model_1
2505318701024100045,1024.0965576171875,17,Model_1
2505318701024100046,8990.808594,17,Model_1
2505318701024100047,1572.6063232421875,17,Model_1
2505318701024100048,3908.60791,17,Model_1
2505318701024100049,6184.831543,17,Model_1
2505318701024100050,4584.67041,17,Model_1
2505318701024100051,5231.583008,17,Model_1
2505318701024100052,9008.80957,17,Model_1
2505318701024100053,6904.841797,17,Model_1
2505318701024100054,5616.775879,17,Model_1
2505318701024100055,913.6428223,17,Model_1
2505318701024100056,4083.672607421875,17,Model_1
2505318701024100057,4611.350586,17,Model_1
2505318701024100058,3457.213623046875,17,Model_1
2505318701024100059,7080.938965,17,Model_1
2505318701024100060,1907.383544921875,17,Model_1
2505318701024100061,3186.73584,17,Model_1
2505318701024100062,7487.246582,17,Model_1
2505318701024100063,7787.139648,17,Model_1
2505318701024100064,2910.828369140625,17,Model_1
2505318701024100065,6260.893066,17,Model_1
2505318701024100066,4202.624512,17,Model_1
2505318701024100067,5084.214355,17,Model_1
2505318701024100068,1666.1766357421875,17,Model_1
2505318701024100069,3904.320313,17,Model_1
2505318701024100070,6744.538574,17,Model_1
2505318701024100071,2443.394043,17,Model_1
2505318701024100072,5225.135254,17,Model_1
2505318701024100073,5588.570313,17,Model_1
2505318701024100074,4977.852051,17,Model_1
2505318701024100075,8898.785156,17,Model_1
2505318701024100076,2141.275391,17,Model_1
2505318701024100077,2180.476318359375,17,Model_1
2505318701024100078,6533.522949,17,Model_1
2505318701024100079,9090.374023,17,Model_1
2505318701024100080,3719.487060546875,17,Model_1
2505318701024100082,4698.350586,17,Model_1
2505318701024100083,3003.959473,17,Model_1
2505318701024100084,5239.483398,17,Model_1
2505318701024100085,6814.263184,17,Model_1
2505318701024100086,1354.0072021484375,17,Model_1
2505318701024100087,3831.278564453125,17,Model_1
2505318701024100088,8500.167969,17,Model_1
2505318701024100089,4845.214844,17,Model_1
2505318701024100090,1474.734863,17,Model_1
2505318701024100091,4352.666504,17,Model_1
2505318701024100092,3174.870361328125,17,Model_1
2505318701024100093,6729.410156,17,Model_1
2505318701024100094,3506.909668,17,Model_1
2505318701024100096,2729.07959,17,Model_1
2505318701024100097,9747.40332,17,Model_1
2505318701024100098,10334.18848,17,Model_1
2505318701024100099,3095.534423828125,17,Model_1
2505318701024100100,5427.888672,17,Model_1
2505318701024100101,11204.9541,17,Model_1
2505318701024100102,1864.109619140625,17,Model_1
2505318701024100104,2513.197998046875,17,Model_1
2505318701024100105,7776.077637,17,Model_1
2505318701024100107,3286.230957,17,Model_1
2505318701024100108,3521.014648,17,Model_1
2505318701024100109,9704.214844,17,Model_1
2505318701024100110,2334.357422,17,Model_1
2505318701024100111,9084.841797,17,Model_1
2505318701024100112,6933.654785,17,Model_1
2505318701024100113,5417.535645,17,Model_1
2505318701024100114,1893.766357421875,17,Model_1
2505318701025100002,5961.232422,17,Model_1
2505318701025100003,2415.316162109375,17,Model_1
2505318701025100004,2275.670898,17,Model_1
2505318701025100005,4822.688477,17,Model_1
2505318701025100006,1012.3717041015624,17,Model_1
2505318701025100007,2570.335693359375,17,Model_1
2505318701025100008,6167.82666,17,Model_1
2505318701025100009,4666.72168,17,Model_1
2505318701025100010,5613.912109,17,Model_1
2505318701025100013,1498.6009521484375,17,Model_1
2505318701025100014,3032.439697265625,17,Model_1
2505318701025100015,3955.275146484375,17,Model_1
2505318701025100016,7097.064941,17,Model_1
2505318701025100017,4701.060059,17,Model_1
2505318701025100019,1940.5220947265625,17,Model_1
2505318701025100020,5109.875,17,Model_1
2505318701025100021,7465.751953,17,Model_1
2505318701025100022,1988.20166,17,Model_1
2505318701025100023,3185.914551,17,Model_1
2505318701025100024,2930.222168,17,Model_1
2505318701025100025,2739.471435546875,17,Model_1
2505318701025100026,1109.6805419921875,17,Model_1
2505318701025100027,5913.22998,17,Model_1
2505318701025100028,4357.381836,17,Model_1
2505318701025100029,5314.556641,17,Model_1
2505318701025100030,6044.911621,17,Model_1
2505318701025100031,2549.589844,17,Model_1
2505318701025100035,3984.141845703125,17,Model_1
2505318701025100037,708.8784790039062,17,Model_1
2505318701027100001,4760.444824,18,Model_1
2505318701028100001,4474.808594,18,Model_1
2505318701028100002,10889.28027,18,Model_1
2505318701028100003,12795.93164,18,Model_1
2505318701028100004,7178.8125,18,Model_1
2505318701028100005,5871.313477,18,Model_1
2505318701028100006,6584.186523,18,Model_1
2505318701028100007,2569.396484,18,Model_1
2505318701028100008,9340.259766,18,Model_1
2505318701028100009,2927.103759765625,18,Model_1
2505318701028100010,3782.652832,18,Model_1
2505318701028100011,4325.519531,18,Model_1
2505318701028100012,3748.191650390625,18,Model_1
2505318701028100014,5350.782715,18,Model_1
2505318701028100015,5475.32373,18,Model_1
2505318701028100016,4575.483398,18,Model_1
2505318701029100002,1812.1944580078125,18,Model_1
2505318701029100003,2224.386962890625,18,Model_1
2505318701029100004,2449.856934,18,Model_1
2505318701029100006,2011.0364990234375,18,Model_1
2505318701029100007,1793.661133,18,Model_1
2505318701029100008,1922.115723,18,Model_1
2505318701029100009,1348.9803466796875,18,Model_1
2505318701029100010,1725.353516,18,Model_1
2505318701029100011,1568.728271484375,18,Model_1
2505318701029100012,1977.2359619140625,18,Model_1
2505318701029100013,1172.8258056640625,18,Model_1
2505318701029100015,2255.206787109375,18,Model_1
2505318701033100001,6265.466309,19,Model_1
2505318701033100002,6687.180176,19,Model_1
2505318701033100004,4749.442383,19,Model_1
2505318701033100005,6376.835938,19,Model_1
2505318701033100006,4190.447754,19,Model_1
2505318701033100007,4427.525391,19,Model_1
2505318701033100008,3177.997559,19,Model_1
2505318701034100003,4577.496582,19,Model_1
2505318701040100003,3142.248535,7,Model_1
2505318701040100004,6829.977051,7,Model_1
2505318701040100005,6874.146484,7,Model_1
2505318701040100006,7696.774902,7,Model_1
2505318701040100007,5946.810059,7,Model_1
2505318701040100008,3534.094238,7,Model_1
2505318701040100009,17589.04883,7,Model_1
2505318701040100010,9827.768555,7,Model_1
2505318701040100011,5721.992188,7,Model_1
2505318701040100012,3516.706543,7,Model_1
2505318701040100013,5086.760254,7,Model_1
2505318701040100014,3801.677978515625,7,Model_1
2505318701040100015,7899.174805,7,Model_1
2505318701040100016,3671.005371,7,Model_1
2505318701040100017,7888.692871,7,Model_1
2505318701040100018,5376.807129,7,Model_1
2505318701040100019,2538.672363,7,Model_1
2505318701040100020,4371.091797,7,Model_1
2505318701040100021,5222.918457,7,Model_1
2505318701040100022,6340.474121,7,Model_1
2505318701040100023,5658.842285,7,Model_1
2505318701040100024,3764.643310546875,7,Model_1
2505318701040100025,3778.07373,7,Model_1
2505318701041100004,8344.53125,7,Model_1
2505318701041100005,9706.03125,7,Model_1
2505318701041100006,10480.50781,7,Model_1
2505318701041100007,6531.614746,7,Model_1
2505318701041100009,12384.96875,7,Model_1
2505318701041100010,10896.81641,7,Model_1
2505318701041100011,6872.527832,7,Model_1
2505318701041100012,8271.733398,7,Model_1
2505318701041100013,2740.818848,7,Model_1
2505318701041100014,10192.24121,7,Model_1
2505318701041100015,3894.862060546875,7,Model_1
2505318701041100016,2174.331055,7,Model_1
2505318701041100017,4154.647461,7,Model_1
2505318701041100018,4521.348633,7,Model_1
2505318701041100019,2541.426758,7,Model_1
2505318701041100020,8341.550781,7,Model_1
2505318701041100021,5445.198242,7,Model_1
2505318701041100022,9313.041016,7,Model_1
2505318701041100023,2464.586426,7,Model_1
2505318701041100024,13206.875,7,Model_1
2505318701041100025,3520.637939453125,7,Model_1
2505318701041100026,3625.886474609375,7,Model_1
2505318701041100027,3600.784423828125,7,Model_1
2505318701041100028,7179.865234,7,Model_1
2505318701041100029,11796.02734,7,Model_1
2505318701041100030,19276.47461,7,Model_1
2505318701041100031,5950.392578,7,Model_1
2505318701041100032,3305.582275390625,7,Model_1
2505318701041100033,8028.954102,7,Model_1
2505318701041100034,7652.309082,7,Model_1
2505318701041100035,8118.032227,7,Model_1
2505318701041100037,18658.75195,7,Model_1
2505318701041100038,8716.263672,7,Model_1
2505318701041100039,6430.709961,7,Model_1
2505318701041100040,2747.006348,7,Model_1
2505318701041100041,1669.4166259765625,7,Model_1
2505318701041100042,6226.240234,7,Model_1
2505318701041100043,5365.297363,7,Model_1
2505318701041100044,3928.820801,7,Model_1
2505318701041100045,8162.369629,7,Model_1
2505318701041100046,10250.89746,7,Model_1
2505318701041100047,11558.30566,7,Model_1
2505318701041100048,15542.69336,7,Model_1
2505318701041100051,7075.539551,7,Model_1
2505318701041100053,12544.22168,7,Model_1
2505318701041100054,12663.85254,7,Model_1
2505318701041100055,3648.945556640625,7,Model_1
2505318701041100056,2942.208496,7,Model_1
2505318701041100057,4900.625977,7,Model_1
2505318701041100058,3194.908203,7,Model_1
2505318701041100060,3949.299560546875,7,Model_1
2505318701041100061,13311.26074,7,Model_1
2505318701041100062,12703.15723,7,Model_1
2505318701041100063,5138.639648,7,Model_1
2505318701041100065,4233.720215,7,Model_1
2505318701041100066,10756.58789,7,Model_1
2505318701041100067,4269.991699,7,Model_1
2505318701042100003,18442.08398,7,Model_1
2505318701042100004,5263.012695,7,Model_1
2505318701042100005,15925.51074,7,Model_1
2505318701042100006,14507.34375,7,Model_1
2505318701042100007,4662.578125,7,Model_1
2505318701042100008,7490.943848,7,Model_1
2505318701042100010,5327.977051,7,Model_1
2505318701042100011,5867.558594,7,Model_1
2505318701042100012,13673.89355,7,Model_1
2505318701042100014,3576.507568359375,7,Model_1
2505318701042100015,13190.70215,7,Model_1
2505318701042100017,18587.48633,7,Model_1
2505318701042100018,3926.276855,7,Model_1
2505318701042100019,11193.11328,7,Model_1
2505318701042100020,7612.297363,7,Model_1
2505318701042100021,1546.898926,7,Model_1
2505318701042100023,9605.894531,7,Model_1
2505318701042100024,18603.75,7,Model_1
2505318701042100025,2679.479492,7,Model_1
2505318701042100027,1444.353759765625,7,Model_1
2505318701043100001,7816.656738,7,Model_1
2505318701043100002,15496.33594,7,Model_1
2505318701043100003,1871.3736572265625,7,Model_1
2505318701043100004,2306.975830078125,7,Model_1
2505318701043100005,6063.861328,7,Model_1
2505318701043100006,3167.056884765625,7,Model_1
2505318701043100007,16116.69434,7,Model_1
2505318701043100008,3571.924805,7,Model_1
2505318701043100009,12849.80371,7,Model_1
2505318701045100001,2335.452392578125,11,Model_1
2505318701045100002,6209.057617,11,Model_1
2505318701045100003,6023.185547,11,Model_1
2505318701045100004,2414.032715,11,Model_1
2505318701045100005,6866.679199,11,Model_1
2505318701045100006,3135.822998046875,11,Model_1
2505318701045100007,3168.098145,11,Model_1
2505318701045100008,4290.962891,11,Model_1
2505318701045100009,3956.884521484375,11,Model_1
2505318701045100010,4096.914063,11,Model_1
2505318701045100012,4176.92334,11,Model_1
2505318701045100013,2706.016357421875,11,Model_1
2505318701045100014,2499.233398,11,Model_1
2505318701045100015,3474.015869140625,11,Model_1
2505318701045100016,2618.314697265625,11,Model_1
2505318701045100017,2353.728027,11,Model_1
2505318701045100019,3140.215332,11,Model_1
2505318701045100020,1791.0889892578125,11,Model_1
2505318701045100021,3474.47998,11,Model_1
2505318701045100022,3715.470215,11,Model_1
2505318701045100023,3741.966064453125,11,Model_1
2505318701045100024,4037.914794921875,11,Model_1
2505318701045100025,4920.630859,11,Model_1
2505318701045100026,8593.06543,11,Model_1
2505318701045100028,3176.489258,11,Model_1
2505318701045100029,3341.855224609375,11,Model_1
2505318701045100030,1874.5601806640625,11,Model_1
2505318701045100031,5934.109863,11,Model_1
2505318701045100032,1775.3485107421875,11,Model_1
2505318701045100033,5283.26709,11,Model_1
2505318701045100034,3231.613037109375,11,Model_1
2505318701045100035,3950.769287109375,11,Model_1
2505318701045100036,3287.852294921875,11,Model_1
2505318701045100037,5174.805664,11,Model_1
2505318701045100038,1627.740478515625,11,Model_1
2505318701045100039,4986.101563,11,Model_1
2505318701045100040,5624.580078,11,Model_1
2505318701045100041,3913.347900390625,11,Model_1
2505318701045100042,2132.898681640625,11,Model_1
2505318701045100043,6236.735352,11,Model_1
2505318701045100044,4830.617676,11,Model_1
2505318701045100045,1637.7322998046875,11,Model_1
2505318701045100046,3486.82666,11,Model_1
2505318701045100047,4417.985352,11,Model_1
2505318701045100048,3274.355224609375,11,Model_1
2505318701045100049,6112.837891,11,Model_1
2505318701045100050,3168.836426,11,Model_1
2505318701045100051,881.5423583984375,11,Model_1
2505318701045100052,4276.046875,11,Model_1
2505318701045100053,5601.519531,11,Model_1
2505318701045100054,2069.689697265625,11,Model_1
2505318701045100055,8011.521484,11,Model_1
2505318701045100056,2384.498291015625,11,Model_1
2505318701045100057,1286.3052978515625,11,Model_1
2505318701045100058,1695.213623046875,11,Model_1
2505318701045100059,2193.716309,11,Model_1
2505318701045100060,3608.010498046875,11,Model_1
2505318701045100061,4081.741211,11,Model_1
2505318701045100062,3144.367431640625,11,Model_1
2505318701045100063,2040.2384033203125,11,Model_1
2505318701045100064,2706.588134765625,11,Model_1
2505318701045100065,4606.745605,11,Model_1
2505318701045100066,1122.6273193359375,11,Model_1
2505318701045100067,2424.195556640625,11,Model_1
2505318701045100068,3343.810059,11,Model_1
2505318701045100069,7572.43457,11,Model_1
2505318701045100070,2910.426025390625,11,Model_1
2505318701045100071,3300.209716796875,11,Model_1
2505318701045100072,3451.868408203125,11,Model_1
2505318701045100073,3782.990234,11,Model_1
2505318701045100074,5584.227539,11,Model_1
2505318701045100075,5488.63916,11,Model_1
2505318701045100076,7346.054688,11,Model_1
2505318701045100077,1895.060302734375,11,Model_1
2505318701045100078,2725.489013671875,11,Model_1
2505318701045100079,4206.896973,11,Model_1
2505318701045100080,2113.810547,11,Model_1
2505318701045100081,1943.0416259765625,11,Model_1
2505318701045100083,1913.9981689453125,11,Model_1
2505318701045100084,5190.142578,11,Model_1
2505318701045100087,2344.056884765625,11,Model_1
2505318701046100011,5684.381348,11,Model_1
2505318701046100012,1706.296142578125,11,Model_1
2505318701046100013,2931.406738,11,Model_1
2505318701046100014,3192.835693359375,11,Model_1
2505318701046100015,3710.501220703125,11,Model_1
2505318701046100016,3297.120605,11,Model_1
2505318701046100017,2773.967041015625,11,Model_1
2505318701046100018,4529.493652,11,Model_1
2505318701046100019,6887.816406,11,Model_1
2505318701046100020,6301.738281,11,Model_1
2505318701046100021,2020.665283203125,11,Model_1
2505318701046100022,10652.81641,11,Model_1
2505318701046100023,4161.254883,11,Model_1
2505318701046100024,6162.679199,11,Model_1
2505318701046100025,4621.022949,11,Model_1
2505318701046100026,4251.791016,11,Model_1
2505318701046100028,1430.1546630859375,11,Model_1
2505318701046100029,2809.023438,11,Model_1
2505318701046100030,6055.682129,11,Model_1
2505318701046100031,6721.348633,11,Model_1
2505318701046100032,3924.769775390625,11,Model_1
2505318701046100033,9486.833984,11,Model_1
2505318701046100034,5537.317871,11,Model_1
2505318701046100035,2740.786133,11,Model_1
2505318701046100036,6698.150391,11,Model_1
2505318701046100037,3848.772949,11,Model_1
2505318701046100038,5459.446289,11,Model_1
2505318701046100039,4808.744629,11,Model_1
2505318701046100040,1969.742676,11,Model_1
2505318701046100041,9804.450195,11,Model_1
2505318701046100042,3009.341797,11,Model_1
2505318701046100043,11256.74121,11,Model_1
2505318701046100044,9292.102539,11,Model_1
2505318701046100045,4375.549316,11,Model_1
2505318701046100046,2601.078613,11,Model_1
2505318701046100047,3049.69873,11,Model_1
2505318701046100048,6713.909668,11,Model_1
2505318701046100049,2838.187988,11,Model_1
2505318701046100051,8949.946289,11,Model_1
2505318701046100053,8364.509766,11,Model_1
2505318701046100054,6401.38623,11,Model_1
2505318701046100055,3276.822998046875,11,Model_1
2505318701046100056,3117.57373,11,Model_1
2505318701046100057,6700.754395,11,Model_1
2505318701046100058,11893.22461,11,Model_1
2505318701046100059,4624.347168,11,Model_1
2505318701046100060,3554.781494140625,11,Model_1
2505318701046100061,4027.480224609375,11,Model_1
2505318701046100062,4561.29834,11,Model_1
2505318701046100064,4299.072754,11,Model_1
2505318701046100065,5337.432617,11,Model_1
2505318701046100067,2159.394775390625,11,Model_1
2505318701046100068,4564.103027,11,Model_1
2505318701046100069,6812.759766,11,Model_1
2505318701046100070,4932.145508,11,Model_1
2505318701046100071,7258.246582,11,Model_1
2505318701046100072,2275.670898,11,Model_1
2505318701046100073,4348.583008,11,Model_1
2505318701046100074,5527.731934,11,Model_1
2505318701046100075,5312.717285,11,Model_1
2505318701046100076,5119.643066,11,Model_1
2505318701046100077,4895.29248,11,Model_1
2505318701046100078,7027.243164,11,Model_1
2505318701046100079,2953.283447265625,11,Model_1
2505318701046100080,5566.396484,11,Model_1
2505318701046100081,1783.412598,11,Model_1
2505318701046100082,8302.925781,11,Model_1
2505318701046100083,8289.000977,11,Model_1
2505318701046100085,5466.719727,11,Model_1
2505318701046100086,9867.748047,11,Model_1
2505318701046100087,6571.047363,11,Model_1
2505318701046100088,5153.832031,11,Model_1
2505318701046100090,3788.686523,11,Model_1
2505318701046100091,4729.084473,11,Model_1
2505318701046100092,5897.333008,11,Model_1
2505318701046100093,2452.885986328125,11,Model_1
2505318701046100095,7115.384277,11,Model_1
2505318701046100096,4739.637207,11,Model_1
2505318701047100002,4690.750488,11,Model_1
2505318701047100003,7048.897461,11,Model_1
2505318701047100004,9782.363281,11,Model_1
2505318701047100005,3720.796142578125,11,Model_1
2505318701047100006,3962.01416,11,Model_1
2505318701047100007,3312.000488,11,Model_1
2505318701047100008,4134.986328,11,Model_1
2505318701047100009,7234.991211,11,Model_1
2505318701047100010,3811.547363,11,Model_1
2505318701047100012,3139.591797,11,Model_1
2505318701047100014,4626.229004,11,Model_1
2505318701047100015,2809.307129,11,Model_1
2505318701047100016,2519.676758,11,Model_1
2505318701047100017,2424.697509765625,11,Model_1
2505318701050100002,3646.60498,17,Model_1
2505318701050100003,1535.061279296875,17,Model_1
2505318701050100004,7303.90625,17,Model_1
2505318701050100005,11846.96387,17,Model_1
2505318701050100006,2297.577880859375,17,Model_1
2505318701050100007,8959.05957,17,Model_1
2505318701050100008,4017.378662109375,17,Model_1
2505318701050100009,4900.436523,17,Model_1
2505318701050100010,6766.94043,17,Model_1
2505318701050100011,4431.977539,17,Model_1
2505318701051100006,14848.57324,17,Model_1
2505318701051100007,5385.512207,17,Model_1
2505318701051100008,4546.490723,17,Model_1
2505318701051100009,4192.066895,17,Model_1
2505318701051100010,12628.37402,17,Model_1
2505318701051100011,2169.279785,17,Model_1
2505318701051100012,5503.314453,17,Model_1
2505318701051100013,3099.527099609375,17,Model_1
2505318701051100014,6839.087891,17,Model_1
2505318701051100015,4718.515137,17,Model_1
2505318701051100016,11151.4541,17,Model_1
2505318701051100017,5275.091797,17,Model_1
2505318701051100018,8071.515137,17,Model_1
2505318701051100019,4186.858398,17,Model_1
2505318701051100020,4186.844238,17,Model_1
2505318701051100021,4125.366211,17,Model_1
2505318701051100023,2593.241699,17,Model_1
2505318701051100024,1305.5997314453125,17,Model_1
2505318701051100025,3430.024658203125,17,Model_1
2505318701051100026,13487.0957,17,Model_1
2505318701051100027,4172.640625,17,Model_1
2505318701051100029,8903.675781,17,Model_1
2505318701051100030,3846.498047,17,Model_1
2505318701051100031,10017.40918,17,Model_1
2505318701051100032,3451.588134765625,17,Model_1
2505318701051100033,4413.492676,17,Model_1
2505318701051100034,12584.51367,17,Model_1
2505318701051100035,7897.503418,17,Model_1
2505318701051100039,3241.437012,17,Model_1
2505318701052100004,6177.894043,17,Model_1
2505318701052100005,1884.366699,17,Model_1
2505318701052100007,6889.721191,17,Model_1
2505318701052100008,5383.091309,17,Model_1
2505318701052100009,5677.066406,17,Model_1
2505318701052100010,3573.925048828125,17,Model_1
2505318701052100011,10402.87891,17,Model_1
2505318701052100012,3219.156005859375,17,Model_1
2505318701052100013,13738.88867,17,Model_1
2505318701052100014,8475.720703,17,Model_1
2505318701052100015,3495.349853515625,17,Model_1
2505318701052100016,5578.500488,17,Model_1
2505318701052100017,5914.62207,17,Model_1
2505318701052100019,2039.565185546875,17,Model_1
2505318701052100020,2206.88916,17,Model_1
2505318701052100021,3456.024658203125,17,Model_1
2505318701052100022,8827.004883,17,Model_1
2505318701052100023,5869.410645,17,Model_1
2505318701052100024,2840.674316,17,Model_1
2505318701052100025,1397.816895,17,Model_1
2505318701052100026,15115.57324,17,Model_1
2505318701052100027,28991.53125,17,Model_1
2505318701052100028,3414.047607421875,17,Model_1
2505318701052100029,6859.373047,17,Model_1
2505318701052100030,7874.568848,17,Model_1
2505318701052100031,20356.95508,17,Model_1
2505318701052100032,6263.411133,17,Model_1
2505318701052100033,7099.702637,17,Model_1
2505318701052100034,15573.04102,17,Model_1
2505318701052100035,12076.79492,17,Model_1
2505318701052100036,7728.907227,17,Model_1
2505318701052100037,1561.7354736328125,17,Model_1
2505318701052100038,13372.09082,17,Model_1
2505318701052100039,4971.43457,17,Model_1
2505318701052100040,11666.01758,17,Model_1
2505318701052100041,3628.000732421875,17,Model_1
2505318701052100043,24817.42578,17,Model_1
2505318701052100044,2505.879883,17,Model_1
2505318701052100045,14504.31348,17,Model_1
2505318701052100046,3167.615966796875,17,Model_1
2505318701052100047,14280.92773,17,Model_1
2505318701052100048,11090.99316,17,Model_1
2505318701052100049,2882.677734,17,Model_1
2505318701052100050,2681.670654296875,17,Model_1
2505318701052100051,4107.424805,17,Model_1
2505318701052100054,2565.261474609375,17,Model_1
2505318701053100002,3179.251465,17,Model_1
2505318701053100005,5557.901855,17,Model_1
2505318701053100006,3202.995361328125,17,Model_1
2505318701053100007,3755.543457,17,Model_1
2505318701053100008,4711.038574,17,Model_1
2505318701053100009,5799.903809,17,Model_1
2505318701053100010,1053.377197265625,17,Model_1
2505318701053100011,4574.731934,17,Model_1
2505318701053100012,4681.935547,17,Model_1
2505318701053100013,5922.927734,17,Model_1
2505318701053100014,2910.883056640625,17,Model_1
2505318701053100015,4844.61377,17,Model_1
2505318701053100017,4749.347168,17,Model_1
2505318701053100018,2424.584716796875,17,Model_1
2505318701053100019,3328.874267578125,17,Model_1
2505318701053100020,4201.717285,17,Model_1
2505318701053100021,4271.290527,17,Model_1
2505318701053100022,1743.1126708984375,17,Model_1
2505318701053100023,6001.686523,17,Model_1
2505318701053100024,7847.191406,17,Model_1
2505318701053100025,1930.412598,17,Model_1
2505318701053100026,1202.962891,17,Model_1
2505318701053100027,2220.833496,17,Model_1
2505318701053100028,5239.125,17,Model_1
2505318701053100029,4044.830078,17,Model_1
2505318701053100030,6197.46875,17,Model_1
2505318701053100031,5896.518066,17,Model_1
2505318701053100032,3831.688232421875,17,Model_1
2505318701053100033,2987.453613,17,Model_1
2505318701053100034,2215.642333984375,17,Model_1
2505318701053100036,2376.879395,17,Model_1
2505318701053100037,4241.469238,17,Model_1
2505318701053100038,9430.133789,17,Model_1
2505318701053100039,4858.377441,17,Model_1
2505318701053100040,3807.008056640625,17,Model_1
2505318701053100041,2347.339111328125,17,Model_1
2505318701053100042,2703.267578,17,Model_1
2505318701053100043,8114.307617,17,Model_1
2505318701053100044,10198.0,17,Model_1
2505318701053100045,5924.700195,17,Model_1
2505318701053100046,3950.746337890625,17,Model_1
2505318701053100047,1680.603027,17,Model_1
2505318701053100048,4376.036621,17,Model_1
2505318701053100049,2617.504883,17,Model_1
2505318701053100050,4436.027344,17,Model_1
2505318701053100051,1097.907470703125,17,Model_1
2505318701053100052,5871.840332,17,Model_1
2505318701053100053,5888.804688,17,Model_1
2505318701053100054,6516.623535,17,Model_1
2505318701053100055,3456.657715,17,Model_1
2505318701053100056,3638.550781,17,Model_1
2505318701053100057,4041.761962890625,17,Model_1
2505318701053100058,2304.046630859375,17,Model_1
2505318701053100059,3730.797607421875,17,Model_1
2505318701053100060,6366.648438,17,Model_1
2505318701053100061,2293.484130859375,17,Model_1
2505318701053100062,3091.794189453125,17,Model_1
2505318701053100063,2720.781494140625,17,Model_1
2505318701053100064,4024.687988,17,Model_1
2505318701053100065,4835.138672,17,Model_1
2505318701053100066,3663.811279296875,17,Model_1
2505318701053100067,8551.545898,17,Model_1
2505318701053100068,2580.435791015625,17,Model_1
2505318701053100069,5913.875,17,Model_1
2505318701053100070,4377.374512,17,Model_1
2505318701053100071,5154.009766,17,Model_1
2505318701053100072,5809.428711,17,Model_1
2505318701053100073,6685.169922,17,Model_1
2505318701053100074,4093.989746,17,Model_1
2505318701053100075,2071.361816,17,Model_1
2505318701053100076,5149.36377,17,Model_1
2505318701053100077,5506.880859,17,Model_1
2505318701053100078,3136.682373046875,17,Model_1
2505318701053100079,5327.189453,17,Model_1
2505318701053100080,2351.423828,17,Model_1
2505318701053100081,1265.662598,17,Model_1
2505318701053100082,1196.0167236328125,17,Model_1
2505318701053100083,4454.617676,17,Model_1
2505318701053100084,711.6920166015625,17,Model_1
2505318701053100086,3436.300781,17,Model_1
2505318701055100001,3797.316406,18,Model_1
2505318701055100002,6698.208984,18,Model_1
2505318701055100003,5800.067383,18,Model_1
2505318701055100004,3701.907715,18,Model_1
2505318701055100005,4328.935547,18,Model_1
2505318701055100006,6226.836426,18,Model_1
2505318701055100007,6108.735352,18,Model_1
2505318701055100009,16061.48438,18,Model_1
2505318701055100010,1663.4981689453125,18,Model_1
2505318701055100011,4441.559082,18,Model_1
2505318701055100012,6747.996582,18,Model_1
2505318701055100014,8647.102539,18,Model_1
2505318701055100015,4407.898926,18,Model_1
2505318701055100016,3768.817383,18,Model_1
2505318701055100017,3375.683837890625,18,Model_1
2505318701055100018,4970.684082,18,Model_1
2505318701055100019,3958.952637,18,Model_1
2505318701055100020,7394.782715,18,Model_1
2505318701055100021,2249.655029296875,18,Model_1
2505318701055100022,5653.797852,18,Model_1
2505318701055100023,3049.868652,18,Model_1
2505318701055100024,2715.375,18,Model_1
2505318701055100025,2321.663330078125,18,Model_1
2505318701055100026,5046.355469,18,Model_1
2505318701055100027,4266.124023,18,Model_1
2505318701055100028,1959.8475341796875,18,Model_1
2505318701055100029,2622.620361328125,18,Model_1
2505318701055100030,6067.060059,18,Model_1
2505318701055100031,4333.263184,18,Model_1
2505318701055100032,4185.219238,18,Model_1
2505318701055100033,3549.990234,18,Model_1
2505318701055100034,6525.251465,18,Model_1
2505318701055100035,3408.925293,18,Model_1
2505318701055100036,1703.526123046875,18,Model_1
2505318701055100037,4451.82373,18,Model_1
2505318701055100038,4538.497559,18,Model_1
2505318701055100039,4672.699219,18,Model_1
2505318701055100040,3126.905517578125,18,Model_1
2505318701055100041,3767.640137,18,Model_1
2505318701055100042,5440.065918,18,Model_1
2505318701055100043,5087.562988,18,Model_1
2505318701055100044,9712.642578,18,Model_1
2505318701055100045,15496.94141,18,Model_1
2505318701055100046,2420.813477,18,Model_1
2505318701055100047,4726.209473,18,Model_1
2505318701055100048,6475.848633,18,Model_1
2505318701055100049,6883.977539,18,Model_1
2505318701055100050,8922.056641,18,Model_1
2505318701056100004,11063.40039,18,Model_1
2505318701056100005,6662.680176,18,Model_1
2505318701056100006,4313.166504,18,Model_1
2505318701056100007,4895.408203,18,Model_1
2505318701056100008,5617.188477,18,Model_1
2505318701056100009,5987.29541,18,Model_1
2505318701056100010,5392.441406,18,Model_1
2505318701056100012,1295.911376953125,18,Model_1
2505318701056100013,2530.804931640625,18,Model_1
2505318701056100014,4370.236328,18,Model_1
2505318701056100015,3366.002441,18,Model_1
2505318701056100016,9820.330078,18,Model_1
2505318701056100017,3499.926025390625,18,Model_1
2505318701056100018,4057.087402,18,Model_1
2505318701056100019,1518.720703,18,Model_1
2505318701056100020,8771.322266,18,Model_1
2505318701056100021,3323.520263671875,18,Model_1
2505318701056100022,7523.135254,18,Model_1
2505318701056100023,3322.276367,18,Model_1
2505318701056100024,3978.104736328125,18,Model_1
2505318701056100025,2818.195801,18,Model_1
2505318701056100026,5473.013184,18,Model_1
2505318701056100027,4190.485352,18,Model_1
2505318701056100028,6046.144531,18,Model_1
2505318701056100029,4934.061035,18,Model_1
2505318701056100030,5708.358887,18,Model_1
2505318701056100031,3393.006591796875,18,Model_1
2505318701056100033,4414.945801,18,Model_1
2505318701056100035,10433.66211,18,Model_1
2505318701056100036,1969.4302978515625,18,Model_1
2505318701056100038,3412.088867,18,Model_1
2505318701056100039,4390.186523,18,Model_1
2505318701056100040,5123.063477,18,Model_1
2505318701056100041,16765.32813,18,Model_1
2505318701056100042,2813.703613,18,Model_1
2505318701056100043,5663.522461,18,Model_1
2505318701056100045,6580.351074,18,Model_1
2505318701056100047,8232.082031,18,Model_1
2505318701056100048,2880.916504,18,Model_1
2505318701056100049,3431.968262,18,Model_1
2505318701056100050,9890.079102,18,Model_1
2505318701056100052,3119.842041015625,18,Model_1
2505318701056100053,2120.024902,18,Model_1
2505318701056100055,4523.472656,18,Model_1
2505318701057100001,4227.301758,18,Model_1
2505318701057100002,10766.20313,18,Model_1
2505318701057100003,3135.743652,18,Model_1
2505318701057100004,3628.382568359375,18,Model_1
2505318701057100005,7492.048828,18,Model_1
2505318701057100006,1944.708496,18,Model_1
2505318701057100007,4204.534668,18,Model_1
2505318701057100008,3085.1875,18,Model_1
2505318701057100009,2247.351563,18,Model_1
2505318701057100010,5299.274414,18,Model_1
2505318701057100011,2095.196533203125,18,Model_1
2505318701057100012,1796.405029296875,18,Model_1
2505318701057100013,1948.004638671875,18,Model_1
2505318701057100014,6744.027344,18,Model_1
2505318701057100015,2555.093994140625,18,Model_1
2505318701057100016,2106.749512,18,Model_1
2505318701058100003,1600.1893310546875,18,Model_1
2505318701058100004,1362.2388916015625,18,Model_1
2505318701058100007,1822.561035,18,Model_1
2505318701058100008,1380.484130859375,18,Model_1
2505318701058100009,2036.8983154296875,18,Model_1
2505318701058100010,2609.791016,18,Model_1
2505318701058100013,2634.522705078125,18,Model_1
2505318701058100015,1802.8836669921875,18,Model_1
2505318701058100016,1300.5640869140625,18,Model_1
2505318701058100017,2790.265137,18,Model_1
2505318701058100018,1254.87207,18,Model_1
2505318701058100020,2500.543212890625,18,Model_1
2505318701058100021,2055.625,18,Model_1
2505318701058100022,2453.085938,18,Model_1
2505318701058100023,3931.489013671875,18,Model_1
2505318701060100001,7251.181641,19,Model_1
2505318701060100002,1780.064941,19,Model_1
2505318701060100003,4895.104004,19,Model_1
2505318701060100004,6910.898438,19,Model_1
2505318701060100005,4190.251953,19,Model_1
2505318701060100006,4842.335449,19,Model_1
2505318701060100007,3986.547363,19,Model_1
2505318701060100009,4088.261474609375,19,Model_1
2505318701060100010,5278.523926,19,Model_1
2505318701060100011,4873.870117,19,Model_1
2505318701060100012,1950.8900146484375,19,Model_1
2505318701060100013,4455.046387,19,Model_1
2505318701060100015,2291.935059,19,Model_1
2505318701061100002,4865.317871,19,Model_1
2505318701061100003,6281.922363,19,Model_1
2505318701061100004,5663.276367,19,Model_1
2505318701061100005,3166.312012,19,Model_1
2505318701061100006,5389.79834,19,Model_1
2505318701061100007,5102.898438,19,Model_1
2505318701061100008,5000.438965,19,Model_1
2505318701061100009,4943.074707,19,Model_1
2505318701061100010,4074.781494140625,19,Model_1
2505318701061100011,3621.311523,19,Model_1
2505318701061100012,5660.638184,19,Model_1
2505318701061100013,9288.375,19,Model_1
2505318701061100014,2991.683594,19,Model_1
2505318701061100016,3212.999755859375,19,Model_1
2505318701061100017,4786.552734,19,Model_1
2505318701061100018,6132.34082,19,Model_1
2505318701061100019,3018.177246,19,Model_1
2505318701061100020,1959.7291259765625,19,Model_1
2505318701061100021,4735.398926,19,Model_1
2505318701061100022,3501.253906,19,Model_1
2505318701061100024,5077.703613,19,Model_1
2505318701061100025,4232.853516,19,Model_1
2505318701061100026,3652.625244140625,19,Model_1
2505318701061100027,3805.454345703125,19,Model_1
2505318701061100029,5620.462402,19,Model_1
2505318701061100030,9432.834961,19,Model_1
2505318701061100032,2850.232666015625,19,Model_1
2505318701062100001,10745.90234,19,Model_1
2505318701062100002,8323.43457,19,Model_1
2505318701062100003,4801.628418,19,Model_1
2505318701062100004,5466.540039,19,Model_1
2505318701062100005,4152.692871,19,Model_1
2505318701062100006,5043.872559,19,Model_1
2505318701062100007,4857.097168,19,Model_1
2505318701062100008,5008.477051,19,Model_1
2505318701062100009,6412.391602,19,Model_1
2505318701062100010,7241.689453,19,Model_1
2505318701062100012,7401.834961,19,Model_1
2505318701062100013,5526.431152,19,Model_1
2505318701062100014,4413.63623,19,Model_1
2505318701062100015,3254.503418,19,Model_1
2505318701062100016,1665.6346435546875,19,Model_1
2505318701062100017,1897.4627685546875,19,Model_1
2505318701062100018,3855.963134765625,19,Model_1
2505318701062100019,6215.341797,19,Model_1
2505318701062100020,3763.145263671875,19,Model_1
2505318701062100021,4684.540527,19,Model_1
2505318701062100022,10364.13965,19,Model_1
2505318701062100023,4939.85791,19,Model_1
2505318701062100024,4237.664551,19,Model_1
2505318701062100025,5933.728027,19,Model_1
2505318701062100026,8934.713867,19,Model_1
2505318701062100027,6794.469238,19,Model_1
2505318701063100004,4946.768555,19,Model_1
2505318701063100017,2825.090087890625,19,Model_1
2505318701063100018,3525.602539,19,Model_1
2505318701068100002,10866.28418,7,Model_1
2505318701068100003,3786.73877,7,Model_1
2505318701068100005,4584.15625,7,Model_1
2505318701068100006,3209.416748046875,7,Model_1
2505318701068100007,2761.76123,7,Model_1
2505318701068100008,4873.079102,7,Model_1
2505318701068100009,7324.568848,7,Model_1
2505318701068100010,4262.321289,7,Model_1
2505318701068100011,4598.507324,7,Model_1
2505318701068100012,6418.4375,7,Model_1
2505318701068100013,4919.291504,7,Model_1
2505318701068100014,4115.990234,7,Model_1
2505318701068100015,5091.04248,7,Model_1
2505318701068100016,7768.399414,7,Model_1
2505318701068100017,4445.898926,7,Model_1
2505318701068100018,5094.20459,7,Model_1
2505318701068100019,4000.416259765625,7,Model_1
2505318701068100020,2653.145751953125,7,Model_1
2505318701068100021,5949.516113,7,Model_1
2505318701068100022,8063.612793,7,Model_1
2505318701068100023,4566.366211,7,Model_1
2505318701068100024,9574.487305,7,Model_1
2505318701068100025,9440.007813,7,Model_1
2505318701068100026,4725.018066,7,Model_1
2505318701068100027,2104.907715,7,Model_1
2505318701068100028,3930.952637,7,Model_1
2505318701068100029,6119.456543,7,Model_1
2505318701068100030,4814.966309,7,Model_1
2505318701068100031,3936.101563,7,Model_1
2505318701068100033,2636.870605,7,Model_1
2505318701068100034,4960.180664,7,Model_1
2505318701068100035,4514.690918,7,Model_1
2505318701068100036,3370.326416015625,7,Model_1
2505318701068100037,4530.880859,7,Model_1
2505318701068100038,6056.786133,7,Model_1
2505318701068100039,3804.120849609375,7,Model_1
2505318701068100040,5164.200195,7,Model_1
2505318701068100041,9923.566406,7,Model_1
2505318701068100043,5857.429199,7,Model_1
2505318701068100045,6566.213379,7,Model_1
2505318701068100046,2696.046387,7,Model_1
2505318701068100047,6747.035645,7,Model_1
2505318701068100049,5175.580078,7,Model_1
2505318701068100050,5155.763184,7,Model_1
2505318701069100004,6295.696289,7,Model_1
2505318701069100006,9324.756836,7,Model_1
2505318701069100007,6282.180176,7,Model_1
2505318701069100008,10750.99121,7,Model_1
2505318701069100010,10720.73438,7,Model_1
2505318701069100012,1451.398681640625,7,Model_1
2505318701069100013,11536.42969,7,Model_1
2505318701069100014,2815.066406,7,Model_1
2505318701069100015,4145.525391,7,Model_1
2505318701069100016,4288.501465,7,Model_1
2505318701069100017,5526.866699,7,Model_1
2505318701069100019,13403.4082,7,Model_1
2505318701069100020,11187.62207,7,Model_1
2505318701069100021,7701.718262,7,Model_1
2505318701069100022,7950.229492,7,Model_1
2505318701069100023,5288.907227,7,Model_1
2505318701069100024,2239.199707,7,Model_1
2505318701069100025,2293.843505859375,7,Model_1
2505318701069100026,10947.60352,7,Model_1
2505318701069100027,11879.52148,7,Model_1
2505318701069100028,9089.241211,7,Model_1
2505318701069100030,6179.097168,7,Model_1
2505318701069100032,1671.880126953125,7,Model_1
2505318701069100034,16007.65918,7,Model_1
2505318701069100035,4357.184082,7,Model_1
2505318701069100036,6711.429199,7,Model_1
2505318701069100037,7821.053223,7,Model_1
2505318701069100038,7767.202148,7,Model_1
2505318701069100039,1981.293701171875,7,Model_1
2505318701069100040,14007.70117,7,Model_1
2505318701069100041,3429.515380859375,7,Model_1
2505318701069100042,22575.25391,7,Model_1
2505318701069100043,10270.21484,7,Model_1
2505318701069100044,8177.707031,7,Model_1
2505318701069100045,2049.924805,7,Model_1
2505318701069100046,2794.360352,7,Model_1
2505318701069100047,10181.47168,7,Model_1
2505318701069100048,6965.776855,7,Model_1
2505318701069100050,7222.670898,7,Model_1
2505318701069100051,13401.91406,7,Model_1
2505318701069100052,4153.965332,7,Model_1
2505318701069100053,4963.247559,7,Model_1
2505318701069100054,6762.549805,7,Model_1
2505318701069100055,8190.827148,7,Model_1
2505318701069100056,5293.850098,7,Model_1
2505318701069100057,4661.237793,7,Model_1
2505318701069100058,11854.4541,7,Model_1
2505318701069100059,5449.661133,7,Model_1
2505318701069100060,5461.933105,7,Model_1
2505318701069100061,6235.645508,7,Model_1
2505318701069100062,4614.51416,7,Model_1
2505318701070100002,6953.37207,7,Model_1
2505318701070100003,7452.421387,7,Model_1
2505318701070100004,12330.45313,7,Model_1
2505318701070100005,9169.72168,7,Model_1
2505318701070100006,12933.25391,7,Model_1
2505318701070100007,1550.280029296875,7,Model_1
2505318701070100008,1768.0833740234375,7,Model_1
2505318701070100009,14140.61426,7,Model_1
2505318701070100010,11016.52637,7,Model_1
2505318701070100011,3956.591309,7,Model_1
2505318701070100012,4391.137695,7,Model_1
2505318701070100014,5511.0625,7,Model_1
2505318701070100015,2652.718505859375,7,Model_1
2505318701070100016,21708.14258,7,Model_1
2505318701070100017,4975.377441,7,Model_1
2505318701070100018,3987.905762,7,Model_1
2505318701070100020,5418.016113,7,Model_1
2505318701070100021,15112.64746,7,Model_1
2505318701070100024,11156.22559,7,Model_1
2505318701070100026,6063.845215,7,Model_1
2505318701071100001,12773.18359,7,Model_1
2505318701071100002,6104.25,7,Model_1
2505318701071100004,10300.61328,7,Model_1
2505318701071100005,3328.463379,7,Model_1
2505318701071100006,6960.901367,7,Model_1
2505318701071100007,6437.132324,7,Model_1
2505318701071100008,9114.040039,7,Model_1
2505318701071100009,9900.810547,7,Model_1
2505318701071100010,6830.381836,7,Model_1
2505318701071100011,16147.38379,7,Model_1
2505318701071100012,2261.910645,7,Model_1
2505318701071100013,2965.870117,7,Model_1
2505318701071100014,15700.41309,7,Model_1
2505318701071100015,7718.712891,7,Model_1
2505318701071100016,9537.538086,7,Model_1
2505318701071100017,8504.158203,7,Model_1
2505318701071100018,6982.915039,7,Model_1
2505318701071100019,3441.352051,7,Model_1
2505318701071100020,2388.024414,7,Model_1
2505318701073100004,6812.989746,11,Model_1
2505318701073100006,3115.564697265625,11,Model_1
2505318701073100007,4376.719727,11,Model_1
2505318701073100008,1885.580322265625,11,Model_1
2505318701073100009,3881.213379,11,Model_1
2505318701073100010,2823.786376953125,11,Model_1
2505318701073100011,3169.608887,11,Model_1
2505318701073100012,4734.993164,11,Model_1
2505318701073100013,3582.324951171875,11,Model_1
2505318701073100014,2508.112305,11,Model_1
2505318701073100015,2653.347656,11,Model_1
2505318701073100016,3523.519775390625,11,Model_1
2505318701073100017,1760.3741455078125,11,Model_1
2505318701073100018,1756.459473,11,Model_1
2505318701073100019,5073.074219,11,Model_1
2505318701073100020,1828.658447265625,11,Model_1
2505318701073100021,4257.871094,11,Model_1
2505318701073100022,6499.330078,11,Model_1
2505318701073100023,5758.187988,11,Model_1
2505318701073100024,2728.359863,11,Model_1
2505318701073100025,8551.455078,11,Model_1
2505318701073100026,6303.613281,11,Model_1
2505318701073100027,3279.143310546875,11,Model_1
2505318701073100028,7238.223145,11,Model_1
2505318701073100029,6754.275879,11,Model_1
2505318701073100030,4546.932129,11,Model_1
2505318701073100031,6490.759766,11,Model_1
2505318701073100032,2904.399902,11,Model_1
2505318701073100033,7963.10791,11,Model_1
2505318701073100034,3403.244141,11,Model_1
2505318701073100035,3000.518798828125,11,Model_1
2505318701073100036,4137.856445,11,Model_1
2505318701073100037,6711.354492,11,Model_1
2505318701073100038,2834.936035,11,Model_1
2505318701073100039,2302.078613,11,Model_1
2505318701073100040,3367.527099609375,11,Model_1
2505318701073100041,5121.955566,11,Model_1
2505318701073100042,3239.452392578125,11,Model_1
2505318701073100043,2942.507080078125,11,Model_1
2505318701073100044,4964.255859,11,Model_1
2505318701073100045,4118.814941,11,Model_1
2505318701073100046,2202.981934,11,Model_1
2505318701073100047,4990.748047,11,Model_1
2505318701073100048,4719.114746,11,Model_1
2505318701073100049,4063.697266,11,Model_1
2505318701073100050,2014.8773193359375,11,Model_1
2505318701073100051,6855.279785,11,Model_1
2505318701073100052,4818.797852,11,Model_1
2505318701073100053,1800.210693359375,11,Model_1
2505318701073100054,2786.51709,11,Model_1
2505318701073100055,2661.543945,11,Model_1
2505318701073100056,5823.827637,11,Model_1
2505318701073100057,7004.213379,11,Model_1
2505318701073100058,3016.258056640625,11,Model_1
2505318701073100059,5057.151855,11,Model_1
2505318701073100060,6176.288574,11,Model_1
2505318701073100061,2323.400391,11,Model_1
2505318701073100062,1414.5797119140625,11,Model_1
2505318701073100063,3851.428711,11,Model_1
2505318701073100064,3214.91748,11,Model_1
2505318701073100065,5945.704102,11,Model_1
2505318701073100066,3673.540039,11,Model_1
2505318701073100067,1861.117676,11,Model_1
2505318701073100068,8362.332031,11,Model_1
2505318701073100069,3291.224609,11,Model_1
2505318701073100070,3744.579102,11,Model_1
2505318701073100071,4134.637207,11,Model_1
2505318701073100072,1645.918457,11,Model_1
2505318701073100073,1908.753418,11,Model_1
2505318701073100074,5794.27002,11,Model_1
2505318701073100075,5644.211426,11,Model_1
2505318701073100076,5074.119141,11,Model_1
2505318701073100077,3978.506348,11,Model_1
2505318701073100078,3709.747314453125,11,Model_1
2505318701073100079,5516.91748,11,Model_1
2505318701073100080,5592.133301,11,Model_1
2505318701073100081,5464.041016,11,Model_1
2505318701073100082,7185.007324,11,Model_1
2505318701073100083,3878.901123046875,11,Model_1
2505318701073100084,6174.880371,11,Model_1
2505318701073100085,3091.912109,11,Model_1
2505318701073100086,2759.678711,11,Model_1
2505318701073100087,3655.139404296875,11,Model_1
2505318701073100089,4121.717773,11,Model_1
2505318701073100090,6656.627441,11,Model_1
2505318701073100091,2624.863525390625,11,Model_1
2505318701073100092,4264.685059,11,Model_1
2505318701073100093,1379.373291015625,11,Model_1
2505318701073100094,4528.076172,11,Model_1
2505318701073100095,6353.848145,11,Model_1
2505318701073100097,2151.136474609375,11,Model_1
2505318701073100098,4131.467285,11,Model_1
2505318701073100099,4774.723145,11,Model_1
2505318701073100100,3086.522461,11,Model_1
2505318701073100101,4979.21875,11,Model_1
2505318701073100102,4558.945801,11,Model_1
2505318701074100005,15521.24609,11,Model_1
2505318701074100006,2166.78125,11,Model_1
2505318701074100007,7606.363281,11,Model_1
2505318701074100008,3384.788574,11,Model_1
2505318701074100009,3172.601074,11,Model_1
2505318701074100010,3426.538330078125,11,Model_1
2505318701074100011,4487.001953,11,Model_1
2505318701074100012,3341.974609,11,Model_1
2505318701074100013,6281.472656,11,Model_1
2505318701074100014,10663.14453,11,Model_1
2505318701074100016,6738.662598,11,Model_1
2505318701074100017,3965.118408203125,11,Model_1
2505318701074100018,3570.339599609375,11,Model_1
2505318701074100019,2518.980224609375,11,Model_1
2505318701074100020,6330.185059,11,Model_1
2505318701074100021,5057.944336,11,Model_1
2505318701074100022,5772.645996,11,Model_1
2505318701074100023,14129.68555,11,Model_1
2505318701074100024,11794.71777,11,Model_1
2505318701074100026,7968.535156,11,Model_1
2505318701074100027,9108.683594,11,Model_1
2505318701074100028,3972.304931640625,11,Model_1
2505318701074100030,2712.448974609375,11,Model_1
2505318701074100031,2188.471923828125,11,Model_1
2505318701074100032,5324.858398,11,Model_1
2505318701074100033,9780.875,11,Model_1
2505318701074100034,11933.23926,11,Model_1
2505318701074100035,5371.860352,11,Model_1
2505318701074100037,3958.009766,11,Model_1
2505318701074100038,3967.586669921875,11,Model_1
2505318701074100040,4497.865723,11,Model_1
2505318701075100001,4102.737305,11,Model_1
2505318701075100002,5409.44873,11,Model_1
2505318701075100003,8469.892578,11,Model_1
2505318701075100004,3555.376708984375,11,Model_1
2505318701075100005,3120.844970703125,11,Model_1
2505318701075100006,3333.928711,11,Model_1
2505318701075100007,5219.956055,11,Model_1
2505318701075100008,4184.40332,11,Model_1
2505318701075100009,8557.428711,11,Model_1
2505318701075100010,6275.099121,11,Model_1
2505318701075100011,3298.084473,11,Model_1
2505318701075100012,5605.930664,11,Model_1
2505318701075100013,6531.022461,11,Model_1
2505318701075100014,2409.362793,11,Model_1
2505318701075100015,5245.287109,11,Model_1
2505318701075100017,2798.769043,11,Model_1
2505318701075100018,4084.050781,11,Model_1
2505318701075100019,1779.653076171875,11,Model_1
2505318701075100020,6692.008301,11,Model_1
2505318701075100021,4861.254395,11,Model_1
2505318701075100022,16016.18066,11,Model_1
2505318701075100023,12701.46582,11,Model_1
2505318701075100024,5664.599121,11,Model_1
2505318701075100025,4825.452148,11,Model_1
2505318701075100026,2795.490478515625,11,Model_1
2505318701075100027,3735.088867,11,Model_1
2505318701075100028,3319.519043,11,Model_1
2505318701076100001,2448.479248046875,11,Model_1
2505318701076100002,3192.067138671875,11,Model_1
2505318701076100003,4626.704102,11,Model_1
2505318701076100004,7382.282715,11,Model_1
2505318701078100002,5998.854492,17,Model_1
2505318701078100003,4460.385254,17,Model_1
2505318701078100004,2151.70459,17,Model_1
2505318701078100005,10179.32617,17,Model_1
2505318701078100006,10456.59277,17,Model_1
2505318701078100007,3263.243896484375,17,Model_1
2505318701078100008,2086.297119140625,17,Model_1
2505318701078100009,2690.230712890625,17,Model_1
2505318701078100010,3975.905273,17,Model_1
2505318701078100011,5781.736328,17,Model_1
2505318701078100012,3317.118652,17,Model_1
2505318701078100013,7166.458496,17,Model_1
2505318701078100014,11881.12207,17,Model_1
2505318701078100015,7326.978027,17,Model_1
2505318701078100016,6536.518066,17,Model_1
2505318701078100017,2589.886962890625,17,Model_1
2505318701078100018,3106.839844,17,Model_1
2505318701078100019,3706.468994140625,17,Model_1
2505318701078100020,3989.010986328125,17,Model_1
2505318701078100021,1507.3040771484375,17,Model_1
2505318701078100022,6372.714844,17,Model_1
2505318701078100023,4533.961426,17,Model_1
2505318701078100024,2390.663086,17,Model_1
2505318701078100025,7007.176758,17,Model_1
2505318701078100026,4339.068848,17,Model_1
2505318701078100027,4963.722168,17,Model_1
2505318701078100028,961.0803833007812,17,Model_1
2505318701078100029,2808.354248046875,17,Model_1
2505318701079100002,11189.60156,17,Model_1
2505318701079100003,3356.864746,17,Model_1
2505318701079100004,4626.316895,17,Model_1
2505318701079100005,1917.689453,17,Model_1
2505318701079100006,4638.231934,17,Model_1
2505318701079100007,7149.408691,17,Model_1
2505318701079100009,5883.291016,17,Model_1
2505318701079100010,2926.246826171875,17,Model_1
2505318701079100011,8105.297363,17,Model_1
2505318701079100012,4180.722168,17,Model_1
2505318701079100013,3170.590332,17,Model_1
2505318701079100015,3466.013427734375,17,Model_1
2505318701079100016,7760.536133,17,Model_1
2505318701079100017,10083.1084,17,Model_1
2505318701079100018,6132.750977,17,Model_1
2505318701079100019,4279.175293,17,Model_1
2505318701079100020,2053.620605,17,Model_1
2505318701079100021,2149.923095703125,17,Model_1
2505318701079100022,2227.851563,17,Model_1
2505318701079100023,2638.720458984375,17,Model_1
2505318701079100024,5954.494629,17,Model_1
2505318701079100025,3687.523438,17,Model_1
2505318701079100026,10019.04004,17,Model_1
2505318701079100027,4501.678223,17,Model_1
2505318701079100028,4208.612305,17,Model_1
2505318701079100029,4511.30127,17,Model_1
2505318701079100031,1843.939697265625,17,Model_1
2505318701079100032,5255.984863,17,Model_1
2505318701079100033,4009.947509765625,17,Model_1
2505318701079100035,4027.190918,17,Model_1
2505318701079100036,1688.894531,17,Model_1
2505318701079100037,3664.079102,17,Model_1
2505318701079100039,4051.958496,17,Model_1
2505318701080100001,4565.505859,17,Model_1
2505318701080100004,7583.739746,17,Model_1
2505318701080100005,3904.554443359375,17,Model_1
2505318701080100006,5879.027344,17,Model_1
2505318701080100007,12261.05176,17,Model_1
2505318701080100008,14246.32715,17,Model_1
2505318701080100009,2704.187988,17,Model_1
2505318701080100010,4013.29541,17,Model_1
2505318701080100012,2957.207275390625,17,Model_1
2505318701080100013,10540.16895,17,Model_1
2505318701080100014,7194.397949,17,Model_1
2505318701080100015,1658.834961,17,Model_1
2505318701080100016,17867.875,17,Model_1
2505318701080100017,11990.69043,17,Model_1
2505318701080100018,3778.683105,17,Model_1
2505318701080100019,9622.831055,17,Model_1
2505318701080100020,8621.210938,17,Model_1
2505318701080100021,8284.213867,17,Model_1
2505318701080100022,6490.880859,17,Model_1
2505318701080100023,5162.774414,17,Model_1
2505318701080100024,8878.208008,17,Model_1
2505318701080100025,6724.765625,17,Model_1
2505318701080100026,10593.82324,17,Model_1
2505318701080100027,5901.833984,17,Model_1
2505318701080100028,13873.77832,17,Model_1
2505318701080100029,11259.38672,17,Model_1
2505318701080100030,11451.79688,17,Model_1
2505318701080100031,6149.331055,17,Model_1
2505318701080100032,2990.72168,17,Model_1
2505318701080100033,3702.624512,17,Model_1
2505318701080100034,5919.062012,17,Model_1
2505318701080100035,10741.5293,17,Model_1
2505318701080100036,19786.38086,17,Model_1
2505318701080100037,2978.470215,17,Model_1
2505318701080100038,5245.520508,17,Model_1
2505318701080100039,3587.020263671875,17,Model_1
2505318701080100040,5623.214844,17,Model_1
2505318701080100041,7568.479492,17,Model_1
2505318701080100042,15224.5127,17,Model_1
2505318701080100043,4370.811523,17,Model_1
2505318701080100044,3862.303955078125,17,Model_1
2505318701080100045,1987.547119140625,17,Model_1
2505318701080100046,9787.211914,17,Model_1
2505318701080100047,9995.378906,17,Model_1
2505318701080100048,2785.534668,17,Model_1
2505318701080100049,4169.492676,17,Model_1
2505318701080100050,5631.680664,17,Model_1
2505318701080100051,6898.057617,17,Model_1
2505318701080100052,2819.424805,17,Model_1
2505318701080100053,1511.7864990234375,17,Model_1
2505318701080100054,1953.9395751953125,17,Model_1
2505318701080100055,2210.049805,17,Model_1
2505318701080100056,2200.775634765625,17,Model_1
2505318701080100057,4174.108887,17,Model_1
2505318701080100058,2890.632568359375,17,Model_1
2505318701080100059,8368.892578,17,Model_1
2505318701080100060,4297.224121,17,Model_1
2505318701080100061,4453.837402,17,Model_1
2505318701080100062,1932.054931640625,17,Model_1
2505318701080100063,2138.899414,17,Model_1
2505318701080100064,4280.918457,17,Model_1
2505318701080100065,5765.875977,17,Model_1
2505318701080100066,2236.323486328125,17,Model_1
2505318701080100067,3432.096191,17,Model_1
2505318701080100068,2983.488037109375,17,Model_1
2505318701080100069,1156.72168,17,Model_1
2505318701080100070,6345.61377,17,Model_1
2505318701080100071,1727.8472900390625,17,Model_1
2505318701080100072,2427.439208984375,17,Model_1
2505318701080100074,4663.056641,17,Model_1
2505318701080100075,4683.72998,17,Model_1
2505318701080100077,4576.654297,17,Model_1
2505318701080100078,4805.652832,17,Model_1
2505318701080100079,3928.344727,17,Model_1
2505318701080100081,6603.701172,17,Model_1
2505318701080100082,4896.35498,17,Model_1
2505318701080100083,6169.10791,17,Model_1
2505318701080100084,7635.570801,17,Model_1
2505318701080100085,2460.232422,17,Model_1
2505318701080100086,2862.563965,17,Model_1
2505318701080100087,2660.523681640625,17,Model_1
2505318701080100089,2957.547607421875,17,Model_1
2505318701080100090,4740.103516,17,Model_1
2505318701080100091,1979.5394287109375,17,Model_1
2505318701080100092,6737.470215,17,Model_1
2505318701080100093,4280.864746,17,Model_1
2505318701080100094,4033.596923828125,17,Model_1
2505318701080100095,5890.198242,17,Model_1
2505318701080100096,1841.538818359375,17,Model_1
2505318701080100097,2299.796875,17,Model_1
2505318701080100099,6731.759277,17,Model_1
2505318701080100100,2383.82666,17,Model_1
2505318701080100102,2734.427734,17,Model_1
2505318701080100103,2687.738281,17,Model_1
2505318701080100104,3908.573486328125,17,Model_1
2505318701080100105,2817.564697265625,17,Model_1
2505318701080100106,5241.625488,17,Model_1
2505318701080100108,2836.963379,17,Model_1
2505318701081100007,5252.442383,17,Model_1
2505318701081100008,3479.584473,17,Model_1
2505318701081100009,4521.852539,17,Model_1
2505318701081100010,1946.8287353515625,17,Model_1
2505318701081100011,3390.270263671875,17,Model_1
2505318701081100012,4498.455078,17,Model_1
2505318701081100013,4103.506348,17,Model_1
2505318701081100014,3320.823242,17,Model_1
2505318701081100015,5316.032227,17,Model_1
2505318701081100016,2310.022705078125,17,Model_1
2505318701081100017,4341.628418,17,Model_1
2505318701081100018,3868.338867,17,Model_1
2505318701081100019,2735.608642578125,17,Model_1
2505318701081100020,5255.200195,17,Model_1
2505318701081100021,4410.154785,17,Model_1
2505318701081100022,3351.728759765625,17,Model_1
2505318701081100023,4442.69043,17,Model_1
2505318701081100024,4305.769043,17,Model_1
2505318701081100025,1841.7591552734375,17,Model_1
2505318701081100026,2019.8104248046875,17,Model_1
2505318701081100027,3767.996094,17,Model_1
2505318701081100028,943.4933471679688,17,Model_1
2505318701081100029,2053.226563,17,Model_1
2505318701081100030,3157.491943359375,17,Model_1
2505318701081100031,3768.177490234375,17,Model_1
2505318701081100032,2175.465576171875,17,Model_1
2505318701081100033,2942.949707,17,Model_1
2505318701081100034,5278.549805,17,Model_1
2505318701081100035,2709.997802734375,17,Model_1
2505318701081100036,5703.151855,17,Model_1
2505318701081100037,4200.478027,17,Model_1
2505318701081100038,6136.806152,17,Model_1
2505318701081100039,3203.682861328125,17,Model_1
2505318701081100040,3512.595947265625,17,Model_1
2505318701081100041,731.1774902,17,Model_1
2505318701081100042,10594.87695,17,Model_1
2505318701081100043,2054.068359,17,Model_1
2505318701081100044,1408.704102,17,Model_1
2505318701081100046,2831.005859,17,Model_1
2505318701081100047,3096.109375,17,Model_1
2505318701081100048,2307.916016,17,Model_1
2505318701081100049,4594.744141,17,Model_1
2505318701081100050,1548.1290283203125,17,Model_1
2505318701081100051,2328.677978515625,17,Model_1
2505318701081100053,5990.711914,17,Model_1
2505318701081100054,3296.434814453125,17,Model_1
2505318701081100056,4313.071289,17,Model_1
2505318701081100057,2753.464111328125,17,Model_1
2505318701081100058,4639.594727,17,Model_1
2505318701081100059,3352.499267578125,17,Model_1
2505318701081100060,6127.517578,17,Model_1
2505318701081100061,1088.883544921875,17,Model_1
2505318701081100062,4467.671875,17,Model_1
2505318701081100063,3776.912598,17,Model_1
2505318701081100064,3669.958008,17,Model_1
2505318701081100065,4858.981934,17,Model_1
2505318701081100066,4529.396973,17,Model_1
2505318701081100067,2960.103027,17,Model_1
2505318701081100069,2257.969727,17,Model_1
2505318701081100070,4196.385742,17,Model_1
2505318701081100071,4069.653564453125,17,Model_1
2505318701081100072,3067.384521484375,17,Model_1
2505318701081100073,1659.0059814453125,17,Model_1
2505318701081100074,3359.056641,17,Model_1
2505318701081100075,2704.202880859375,17,Model_1
2505318701081100076,2383.139892578125,17,Model_1
2505318701081100077,4833.32666,17,Model_1
2505318701081100078,4490.457031,17,Model_1
2505318701081100079,2603.812255859375,17,Model_1
2505318701081100080,2153.516845703125,17,Model_1
2505318701081100083,3744.773193359375,17,Model_1
2505318701081100084,6195.436523,17,Model_1
2505318701081100085,4732.73291,17,Model_1
2505318701081100086,2107.705078,17,Model_1
2505318701083100004,3537.449707,18,Model_1
2505318701083100005,4238.806641,18,Model_1
2505318701083100007,4550.748047,18,Model_1
2505318701083100008,5256.335938,18,Model_1
2505318701083100009,8434.195313,18,Model_1
2505318701083100010,3189.185059,18,Model_1
2505318701083100011,4150.979004,18,Model_1
2505318701083100012,4310.683594,18,Model_1
2505318701083100013,2202.845947265625,18,Model_1
2505318701083100014,6432.384277,18,Model_1
2505318701083100015,1618.311035,18,Model_1
2505318701083100016,3831.554688,18,Model_1
2505318701083100017,4213.194336,18,Model_1
2505318701083100018,8607.251953,18,Model_1
2505318701083100019,2087.946777,18,Model_1
2505318701083100020,4981.258789,18,Model_1
2505318701083100021,7901.325684,18,Model_1
2505318701083100022,2310.072509765625,18,Model_1
2505318701083100024,2592.849853515625,18,Model_1
2505318701083100025,1520.378662109375,18,Model_1
2505318701083100026,4043.823486328125,18,Model_1
2505318701083100027,3586.577637,18,Model_1
2505318701083100028,6576.839355,18,Model_1
2505318701083100029,10902.80762,18,Model_1
2505318701083100030,3479.598388671875,18,Model_1
2505318701083100031,8699.976563,18,Model_1
2505318701083100032,3476.856445,18,Model_1
2505318701083100033,6114.828125,18,Model_1
2505318701083100034,4480.20459,18,Model_1
2505318701083100035,2444.644043,18,Model_1
2505318701083100036,3737.538086,18,Model_1
2505318701083100037,4852.946777,18,Model_1
2505318701083100038,4546.104004,18,Model_1
2505318701083100039,3318.792236328125,18,Model_1
2505318701083100040,2436.037353515625,18,Model_1
2505318701083100041,7120.029785,18,Model_1
2505318701083100042,14314.76367,18,Model_1
2505318701083100043,5670.312988,18,Model_1
2505318701083100044,10633.85449,18,Model_1
2505318701083100045,9909.333008,18,Model_1
2505318701083100046,12048.95801,18,Model_1
2505318701083100047,4968.428711,18,Model_1
2505318701083100048,3373.841309,18,Model_1
2505318701083100049,6214.025879,18,Model_1
2505318701083100050,4353.140625,18,Model_1
2505318701083100051,6970.754883,18,Model_1
2505318701084100004,12686.72754,18,Model_1
2505318701084100005,5506.973633,18,Model_1
2505318701084100006,9263.355469,18,Model_1
2505318701084100007,2421.591552734375,18,Model_1
2505318701084100008,3893.494629,18,Model_1
2505318701084100009,9030.592773,18,Model_1
2505318701084100010,8878.726563,18,Model_1
2505318701084100011,8840.28125,18,Model_1
2505318701084100013,9562.022461,18,Model_1
2505318701084100014,4993.510742,18,Model_1
2505318701084100015,6366.695313,18,Model_1
2505318701084100016,6179.57373,18,Model_1
2505318701084100017,2847.819824,18,Model_1
2505318701084100018,10216.90234,18,Model_1
2505318701084100019,3391.141113,18,Model_1
2505318701084100020,1836.6766357421875,18,Model_1
2505318701084100021,5913.962402,18,Model_1
2505318701084100022,4244.705078,18,Model_1
2505318701084100023,7803.769043,18,Model_1
2505318701084100024,9218.977539,18,Model_1
2505318701084100025,6263.564941,18,Model_1
2505318701084100027,5778.842285,18,Model_1
2505318701084100029,13537.22363,18,Model_1
2505318701084100030,2494.991699,18,Model_1
2505318701084100031,3317.592529296875,18,Model_1
2505318701084100032,3137.03125,18,Model_1
2505318701084100033,12644.7373,18,Model_1
2505318701084100034,9568.65918,18,Model_1
2505318701084100035,6140.02002,18,Model_1
2505318701084100036,7834.086914,18,Model_1
2505318701084100037,8695.044922,18,Model_1
2505318701084100038,18617.46875,18,Model_1
2505318701084100039,8319.745117,18,Model_1
2505318701084100040,10042.30371,18,Model_1
2505318701084100041,6179.22168,18,Model_1
2505318701084100042,12226.34277,18,Model_1
2505318701084100043,6857.140137,18,Model_1
2505318701084100044,2536.245605,18,Model_1
2505318701084100045,9254.97168,18,Model_1
2505318701084100046,4199.466309,18,Model_1
2505318701084100047,4049.690185546875,18,Model_1
2505318701084100048,5784.494629,18,Model_1
2505318701085100003,1593.7452392578125,18,Model_1
2505318701085100004,1950.0850830078125,18,Model_1
2505318701085100005,5751.464355,18,Model_1
2505318701085100006,8265.609375,18,Model_1
2505318701085100007,3562.442138671875,18,Model_1
2505318701085100008,7624.027344,18,Model_1
2505318701085100009,2566.041504,18,Model_1
2505318701085100010,1512.995605,18,Model_1
2505318701085100011,6738.057129,18,Model_1
2505318701085100012,6904.477051,18,Model_1
2505318701085100013,2995.781494140625,18,Model_1
2505318701085100014,3017.554688,18,Model_1
2505318701085100015,5486.855469,18,Model_1
2505318701085100018,8355.207031,18,Model_1
2505318701085100019,7116.32959,18,Model_1
2505318701085100020,3163.293701171875,18,Model_1
2505318701085100021,2796.674560546875,18,Model_1
2505318701085100022,5855.821289,18,Model_1
2505318701085100023,4530.764648,18,Model_1
2505318701085100024,2867.577637,18,Model_1
2505318701085100025,3024.282470703125,18,Model_1
2505318701085100026,6029.681641,18,Model_1
2505318701085100027,3558.896240234375,18,Model_1
2505318701085100028,6564.181641,18,Model_1
2505318701085100029,4696.554688,18,Model_1
2505318701085100030,4187.991699,18,Model_1
2505318701085100031,3642.269531,18,Model_1
2505318701085100032,4227.729004,18,Model_1
2505318701085100033,2508.608398,18,Model_1
2505318701085100034,3806.775391,18,Model_1
2505318701085100035,6262.162109,18,Model_1
2505318701086100001,2138.605224609375,18,Model_1
2505318701086100002,3375.112060546875,18,Model_1
2505318701086100003,1978.438720703125,18,Model_1
2505318701086100004,4597.212402,18,Model_1
2505318701086100005,4620.021973,18,Model_1
2505318701086100006,3120.050537109375,18,Model_1
2505318701086100007,8703.009766,18,Model_1
2505318701086100008,2426.079345703125,18,Model_1
2505318701086100009,4438.575195,18,Model_1
2505318701086100010,3349.890869140625,18,Model_1
2505318701086100011,3887.131348,18,Model_1
2505318701086100012,3967.000977,18,Model_1
2505318701086100013,2991.508056640625,18,Model_1
2505318701086100014,2522.783203,18,Model_1
2505318701086100015,6266.957031,18,Model_1
2505318701086100016,5298.74707,18,Model_1
2505318701086100018,1709.633301,18,Model_1
2505318701086100019,6153.504395,18,Model_1
2505318701086100020,2918.695556640625,18,Model_1
2505318701086100021,2248.025391,18,Model_1
2505318701086100022,4771.786133,18,Model_1
2505318701086100023,3168.181152,18,Model_1
2505318701086100024,1955.8133544921875,18,Model_1
2505318701086100025,4700.072754,18,Model_1
2505318701086100026,2154.003173828125,18,Model_1
2505318701086100027,6078.803223,18,Model_1
2505318701086100028,3018.503418,18,Model_1
2505318701086100029,3524.049560546875,18,Model_1
2505318701086100030,4197.241211,18,Model_1
2505318701086100031,2218.196777,18,Model_1
2505318701086100033,4136.390137,18,Model_1
2505318701088100002,3479.814941,19,Model_1
2505318701088100003,3332.478271484375,19,Model_1
2505318701088100004,3424.263916015625,19,Model_1
2505318701088100005,2635.171387,19,Model_1
2505318701088100006,2543.467041015625,19,Model_1
2505318701088100007,7222.724121,19,Model_1
2505318701088100008,4674.254395,19,Model_1
2505318701088100009,3565.379883,19,Model_1
2505318701088100010,5016.575195,19,Model_1
2505318701088100011,3983.493896484375,19,Model_1
2505318701088100012,3904.006836,19,Model_1
2505318701088100013,3519.524658203125,19,Model_1
2505318701088100014,4853.743652,19,Model_1
2505318701088100015,3079.161621,19,Model_1
2505318701088100016,2812.314941,19,Model_1
2505318701088100017,5438.510254,19,Model_1
2505318701088100018,4800.292969,19,Model_1
2505318701088100019,2759.027099609375,19,Model_1
2505318701088100020,3364.289551,19,Model_1
2505318701088100021,5996.070313,19,Model_1
2505318701088100022,4930.365723,19,Model_1
2505318701088100023,1946.73584,19,Model_1
2505318701088100024,2459.727294921875,19,Model_1
2505318701088100025,3523.574219,19,Model_1
2505318701088100026,5727.872559,19,Model_1
2505318701088100027,3381.23877,19,Model_1
2505318701088100028,4106.502441,19,Model_1
2505318701088100029,4393.531738,19,Model_1
2505318701088100030,2345.07373,19,Model_1
2505318701088100031,3296.079345703125,19,Model_1
2505318701088100032,4430.870117,19,Model_1
2505318701088100033,4427.092773,19,Model_1
2505318701088100034,2999.702392578125,19,Model_1
2505318701088100035,5321.178223,19,Model_1
2505318701088100036,3748.780762,19,Model_1
2505318701088100037,4025.010498046875,19,Model_1
2505318701088100038,3868.771240234375,19,Model_1
2505318701088100039,6328.90332,19,Model_1
2505318701088100040,5108.381348,19,Model_1
2505318701088100041,2538.45459,19,Model_1
2505318701088100042,4390.539551,19,Model_1
2505318701088100043,2623.401123046875,19,Model_1
2505318701089100001,4526.560547,19,Model_1
2505318701089100002,2376.772216796875,19,Model_1
2505318701089100003,5031.34375,19,Model_1
2505318701089100004,3637.399169921875,19,Model_1
2505318701089100005,4204.155762,19,Model_1
2505318701089100006,6992.050781,19,Model_1
2505318701089100007,3148.048095703125,19,Model_1
2505318701089100008,4231.451172,19,Model_1
2505318701089100009,2894.027344,19,Model_1
2505318701089100010,5372.239746,19,Model_1
2505318701089100011,3182.685302734375,19,Model_1
2505318701089100012,2917.417236328125,19,Model_1
2505318701089100013,5722.013672,19,Model_1
2505318701089100014,2425.126953,19,Model_1
2505318701089100015,3210.896484,19,Model_1
2505318701089100016,6585.589844,19,Model_1
2505318701089100020,4111.432617,19,Model_1
2505318701090100001,5154.086914,19,Model_1
2505318701090100005,4140.018555,19,Model_1
2505318701090100006,6095.547363,19,Model_1
2505318701090100007,8322.732422,19,Model_1
2505318701090100008,1923.4796142578125,19,Model_1
2505318701090100009,10698.72754,19,Model_1
2505318701090100010,3822.236083984375,19,Model_1
2505318701090100012,4891.574219,19,Model_1
2505318701090100013,7003.222168,19,Model_1
2505318701090100014,5781.987305,19,Model_1
2505318701090100015,5423.499023,19,Model_1
2505318701090100016,7299.074219,19,Model_1
2505318701090100017,2316.553711,19,Model_1
2505318701090100018,5654.363281,19,Model_1
2505318701090100019,2909.588134765625,19,Model_1
2505318701090100020,5403.743652,19,Model_1
2505318701090100021,12451.82715,19,Model_1
2505318701090100023,5589.049316,19,Model_1
2505318701091100001,6157.229492,19,Model_1
2505318701091100002,4862.540039,19,Model_1
2505318701091100003,6054.062012,19,Model_1
2505318701091100006,5009.856445,19,Model_1
2505318701091100008,3840.586426,19,Model_1
2505318701091100010,6190.684082,19,Model_1
2505318701091100014,3427.76416,19,Model_1
2505318701091100019,3520.085693359375,19,Model_1
2505318701091100023,7643.906738,19,Model_1
2505318701096100001,4687.961914,7,Model_1
2505318701096100003,4832.919922,7,Model_1
2505318701096100005,2668.114746,7,Model_1
2505318701096100006,4050.333008,7,Model_1
2505318701096100008,4472.053223,7,Model_1
2505318701096100009,1899.464355,7,Model_1
2505318701096100010,1595.3316650390625,7,Model_1
2505318701096100011,2576.023926,7,Model_1
2505318701096100012,10390.46875,7,Model_1
2505318701096100014,1680.207275390625,7,Model_1
2505318701096100015,5171.333496,7,Model_1
2505318701097100006,5846.95752,7,Model_1
2505318701097100007,2443.772216796875,7,Model_1
2505318701097100008,5348.873535,7,Model_1
2505318701097100009,10186.09375,7,Model_1
2505318701097100010,1666.313720703125,7,Model_1
2505318701097100011,2597.330566,7,Model_1
2505318701097100012,6484.487793,7,Model_1
2505318701097100013,7064.80957,7,Model_1
2505318701097100014,9368.650391,7,Model_1
2505318701097100015,3830.891357421875,7,Model_1
2505318701097100017,8439.280273,7,Model_1
2505318701097100018,4080.961426,7,Model_1
2505318701097100019,10113.6084,7,Model_1
2505318701097100020,14716.42871,7,Model_1
2505318701097100021,13768.3877,7,Model_1
2505318701097100022,4920.714355,7,Model_1
2505318701097100023,7347.348633,7,Model_1
2505318701097100024,2209.158447265625,7,Model_1
2505318701097100025,2866.25,7,Model_1
2505318701097100026,3130.485595703125,7,Model_1
2505318701097100027,6583.745605,7,Model_1
2505318701097100028,6413.896484,7,Model_1
2505318701097100029,12749.16309,7,Model_1
2505318701097100030,10184.7959,7,Model_1
2505318701097100031,10448.34863,7,Model_1
2505318701097100032,3713.105957,7,Model_1
2505318701097100033,10467.1377,7,Model_1
2505318701097100035,12236.73047,7,Model_1
2505318701097100036,4798.858887,7,Model_1
2505318701097100037,7065.935059,7,Model_1
2505318701097100038,4483.178223,7,Model_1
2505318701097100039,6354.117676,7,Model_1
2505318701097100040,2429.235107421875,7,Model_1
2505318701097100041,7320.028809,7,Model_1
2505318701097100042,2077.134033203125,7,Model_1
2505318701097100043,6208.437012,7,Model_1
2505318701097100044,5056.799805,7,Model_1
2505318701097100045,5391.430176,7,Model_1
2505318701097100046,11303.7998,7,Model_1
2505318701097100047,8326.955078,7,Model_1
2505318701097100048,6760.594238,7,Model_1
2505318701097100049,10662.52148,7,Model_1
2505318701097100050,5144.111328,7,Model_1
2505318701097100051,3472.568603515625,7,Model_1
2505318701097100052,7092.530273,7,Model_1
2505318701097100053,6511.992676,7,Model_1
2505318701097100054,6971.030273,7,Model_1
2505318701097100055,7347.65332,7,Model_1
2505318701097100056,2017.7471923828125,7,Model_1
2505318701097100058,8959.949219,7,Model_1
2505318701097100059,7641.06543,7,Model_1
2505318701097100060,6327.118652,7,Model_1
2505318701097100061,6714.729004,7,Model_1
2505318701097100062,2365.322754,7,Model_1
2505318701097100063,11919.66602,7,Model_1
2505318701097100064,10045.98828,7,Model_1
2505318701097100065,4008.353516,7,Model_1
2505318701097100066,2538.127197265625,7,Model_1
2505318701097100067,2629.47168,7,Model_1
2505318701097100068,2248.811523,7,Model_1
2505318701097100069,4281.034668,7,Model_1
2505318701097100070,6268.23291,7,Model_1
2505318701097100071,5549.990234,7,Model_1
2505318701097100072,4258.580078,7,Model_1
2505318701097100073,5111.11377,7,Model_1
2505318701097100074,6306.731445,7,Model_1
2505318701097100075,2083.259766,7,Model_1
2505318701097100076,1795.8087158203125,7,Model_1
2505318701098100001,5611.066895,7,Model_1
2505318701098100002,4319.439453,7,Model_1
2505318701098100004,14470.39648,7,Model_1
2505318701098100005,10530.48633,7,Model_1
2505318701098100006,6353.228516,7,Model_1
2505318701098100008,21885.40234,7,Model_1
2505318701098100009,16020.36621,7,Model_1
2505318701098100010,2856.518066,7,Model_1
2505318701098100011,6522.695801,7,Model_1
2505318701098100012,17818.82813,7,Model_1
2505318701098100013,15090.74805,7,Model_1
2505318701098100014,10619.8916,7,Model_1
2505318701098100015,4454.12207,7,Model_1
2505318701098100016,10468.81836,7,Model_1
2505318701098100017,15027.93262,7,Model_1
2505318701098100018,6320.251953,7,Model_1
2505318701098100019,12643.81055,7,Model_1
2505318701098100020,8090.589355,7,Model_1
2505318701098100021,10733.75488,7,Model_1
2505318701098100022,6007.088867,7,Model_1
2505318701098100023,7530.384277,7,Model_1
2505318701098100024,18167.04102,7,Model_1
2505318701098100025,2596.234375,7,Model_1
2505318701098100026,2791.383301,7,Model_1
2505318701098100027,11839.00293,7,Model_1
2505318701098100028,4291.487793,7,Model_1
2505318701098100029,9120.905273,7,Model_1
2505318701098100030,2183.538086,7,Model_1
2505318701098100031,11449.19336,7,Model_1
2505318701098100032,3861.403076171875,7,Model_1
2505318701098100033,6945.621094,7,Model_1
2505318701098100034,7826.703125,7,Model_1
2505318701098100035,2930.441895,7,Model_1
2505318701098100036,8076.397461,7,Model_1
2505318701098100037,10762.68945,7,Model_1
2505318701098100038,5360.970215,7,Model_1
2505318701098100039,6770.053223,7,Model_1
2505318701098100040,9178.197266,7,Model_1
2505318701098100041,4483.078613,7,Model_1
2505318701098100042,9481.918945,7,Model_1
2505318701098100043,2889.048828,7,Model_1
2505318701098100044,7641.453613,7,Model_1
2505318701098100045,15877.21777,7,Model_1
2505318701098100046,5282.185547,7,Model_1
2505318701098100047,4823.815918,7,Model_1
2505318701098100048,4640.371582,7,Model_1
2505318701098100049,4176.233398,7,Model_1
2505318701098100050,5884.626953,7,Model_1
2505318701098100051,4149.095215,7,Model_1
2505318701098100052,4146.081543,7,Model_1
2505318701098100053,3909.990478515625,7,Model_1
2505318701098100054,1417.3541259765625,7,Model_1
2505318701098100056,5838.390625,7,Model_1
2505318701098100057,7503.28418,7,Model_1
2505318701098100058,6022.051758,7,Model_1
2505318701098100059,2860.032470703125,7,Model_1
2505318701098100060,7867.149902,7,Model_1
2505318701098100061,8174.042969,7,Model_1
2505318701098100062,2812.382813,7,Model_1
2505318701098100063,1297.775879,7,Model_1
2505318701098100065,7669.774902,7,Model_1
2505318701098100066,4532.676758,7,Model_1
2505318701098100067,4509.170898,7,Model_1
2505318701098100068,7829.804199,7,Model_1
2505318701098100069,2030.0169677734375,7,Model_1
2505318701098100070,3129.173583984375,7,Model_1
2505318701098100071,4622.127441,7,Model_1
2505318701098100072,6797.410645,7,Model_1
2505318701098100073,9897.555664,7,Model_1
2505318701098100074,3682.050537109375,7,Model_1
2505318701098100075,9586.895508,7,Model_1
2505318701098100076,6427.158691,7,Model_1
2505318701098100077,5126.175781,7,Model_1
2505318701098100078,6582.354492,7,Model_1
2505318701098100079,3593.933594,7,Model_1
2505318701098100081,3497.005859,7,Model_1
2505318701098100082,9804.061523,7,Model_1
2505318701099100003,18454.00781,7,Model_1
2505318701099100004,6115.202148,7,Model_1
2505318701099100005,10858.26172,7,Model_1
2505318701099100006,8045.73877,7,Model_1
2505318701099100007,8068.58252,7,Model_1
2505318701099100008,6072.885254,7,Model_1
2505318701099100009,8551.152344,7,Model_1
2505318701099100010,4512.88916,7,Model_1
2505318701099100011,5888.603516,7,Model_1
2505318701099100012,5413.756836,7,Model_1
2505318701099100013,4009.115966796875,7,Model_1
2505318701099100014,3912.168457,7,Model_1
2505318701099100015,3031.943848,7,Model_1
2505318701099100016,7459.125977,7,Model_1
2505318701099100018,6849.97998,7,Model_1
2505318701099100019,3139.896728515625,7,Model_1
2505318701099100020,2430.871337890625,7,Model_1
2505318701099100022,5202.83252,7,Model_1
2505318701099100023,12125.97266,7,Model_1
2505318701099100024,4715.005371,7,Model_1
2505318701099100025,7817.651367,7,Model_1
2505318701099100026,8510.888672,7,Model_1
2505318701099100027,4949.688965,7,Model_1
2505318701101100004,1007.9862670898438,11,Model_1
2505318701101100005,5436.129883,11,Model_1
2505318701101100006,2791.219238,11,Model_1
2505318701101100007,1082.044434,11,Model_1
2505318701101100009,5789.374512,11,Model_1
2505318701101100010,5291.705566,11,Model_1
2505318701101100011,3749.695068359375,11,Model_1
2505318701101100012,6202.20752,11,Model_1
2505318701101100013,3247.828369140625,11,Model_1
2505318701101100014,994.935791,11,Model_1
2505318701101100015,2453.179931640625,11,Model_1
2505318701101100016,3552.135009765625,11,Model_1
2505318701101100017,3190.646240234375,11,Model_1
2505318701101100018,3689.995849609375,11,Model_1
2505318701101100019,757.1695556640625,11,Model_1
2505318701101100020,2196.385009765625,11,Model_1
2505318701101100021,2447.444580078125,11,Model_1
2505318701101100022,2789.166259765625,11,Model_1
2505318701101100023,3641.035400390625,11,Model_1
2505318701101100024,4373.689941,11,Model_1
2505318701101100025,4947.700195,11,Model_1
2505318701101100027,3527.99707,11,Model_1
2505318701101100028,2164.971923828125,11,Model_1
2505318701101100029,2168.58252,11,Model_1
2505318701101100030,4824.225586,11,Model_1
2505318701101100031,3942.451904296875,11,Model_1
2505318701101100032,5287.808594,11,Model_1
2505318701101100034,1860.1129150390625,11,Model_1
2505318701101100035,1498.305664,11,Model_1
2505318701101100036,1553.236816,11,Model_1
2505318701101100037,2036.454102,11,Model_1
2505318701101100038,2390.310791015625,11,Model_1
2505318701101100039,3261.252685546875,11,Model_1
2505318701101100040,2690.459961,11,Model_1
2505318701101100041,3114.432373046875,11,Model_1
2505318701101100042,5299.02002,11,Model_1
2505318701101100044,4991.486328,11,Model_1
2505318701101100045,2124.434082,11,Model_1
2505318701101100046,3137.161621,11,Model_1
2505318701101100047,3553.282715,11,Model_1
2505318701101100048,4022.208251953125,11,Model_1
2505318701101100049,2266.220703,11,Model_1
2505318701101100051,6205.06543,11,Model_1
2505318701101100052,5620.23877,11,Model_1
2505318701101100053,3871.290283203125,11,Model_1
2505318701101100054,3869.014892578125,11,Model_1
2505318701101100055,2128.217285,11,Model_1
2505318701101100056,5395.567871,11,Model_1
2505318701101100057,1192.445313,11,Model_1
2505318701101100058,4635.937988,11,Model_1
2505318701101100059,2253.489990234375,11,Model_1
2505318701101100060,4796.759277,11,Model_1
2505318701101100062,5245.723633,11,Model_1
2505318701101100063,3768.880371,11,Model_1
2505318701101100064,583.9460449,11,Model_1
2505318701102100004,2861.881836,11,Model_1
2505318701102100005,6225.694336,11,Model_1
2505318701102100006,6456.72998,11,Model_1
2505318701102100007,6630.94043,11,Model_1
2505318701102100008,4343.794922,11,Model_1
2505318701102100010,2323.197021484375,11,Model_1
2505318701102100011,3432.902344,11,Model_1
2505318701102100012,1647.7586669921875,11,Model_1
2505318701102100013,1991.895751953125,11,Model_1
2505318701102100014,1489.896240234375,11,Model_1
2505318701102100015,8402.491211,11,Model_1
2505318701102100016,7145.73877,11,Model_1
2505318701102100017,2140.312988,11,Model_1
2505318701102100018,2196.543212890625,11,Model_1
2505318701102100019,1031.081543,11,Model_1
2505318701102100020,933.4215698242188,11,Model_1
2505318701102100021,5889.652832,11,Model_1
2505318701102100022,6635.312012,11,Model_1
2505318701102100024,4826.118164,11,Model_1
2505318701102100025,1605.9554443359375,11,Model_1
2505318701102100026,2309.048095703125,11,Model_1
2505318701102100027,9585.120117,11,Model_1
2505318701102100028,2197.899414,11,Model_1
2505318701102100029,13367.23047,11,Model_1
2505318701102100030,5965.580078,11,Model_1
2505318701102100031,9300.291992,11,Model_1
2505318701102100032,5533.710938,11,Model_1
2505318701102100033,2009.3233642578125,11,Model_1
2505318701102100034,3681.929443359375,11,Model_1
2505318701102100035,6285.75293,11,Model_1
2505318701102100036,2263.961669921875,11,Model_1
2505318701102100037,6244.376465,11,Model_1
2505318701102100038,1756.201904296875,11,Model_1
2505318701102100039,1216.284423828125,11,Model_1
2505318701102100040,2654.046875,11,Model_1
2505318701102100041,4372.771484,11,Model_1
2505318701102100042,2741.263916015625,11,Model_1
2505318701102100043,6447.705078,11,Model_1
2505318701102100044,5357.493652,11,Model_1
2505318701102100045,6363.641602,11,Model_1
2505318701102100046,5518.60791,11,Model_1
2505318701102100047,8766.753906,11,Model_1
2505318701102100048,3535.149902,11,Model_1
2505318701102100049,3773.250977,11,Model_1
2505318701102100050,6054.931152,11,Model_1
2505318701102100051,6474.57373,11,Model_1
2505318701102100052,4475.062988,11,Model_1
2505318701102100053,2676.755371,11,Model_1
2505318701102100054,5708.535156,11,Model_1
2505318701102100055,11432.50684,11,Model_1
2505318701102100056,6096.671875,11,Model_1
2505318701102100057,2524.866455078125,11,Model_1
2505318701102100059,4862.807129,11,Model_1
2505318701102100060,7579.869629,11,Model_1
2505318701102100061,3111.826904296875,11,Model_1
2505318701102100062,14810.3623,11,Model_1
2505318701102100063,3531.744629,11,Model_1
2505318701102100064,11419.85547,11,Model_1
2505318701102100065,10866.47754,11,Model_1
2505318701102100066,4189.388184,11,Model_1
2505318701102100068,5345.679688,11,Model_1
2505318701102100069,4212.904785,11,Model_1
2505318701102100070,3794.250488,11,Model_1
2505318701102100072,11247.91602,11,Model_1
2505318701102100073,9720.420898,11,Model_1
2505318701102100074,4822.048828,11,Model_1
2505318701102100075,3335.748291015625,11,Model_1
2505318701102100076,9028.18457,11,Model_1
2505318701102100077,2510.200927734375,11,Model_1
2505318701102100078,5840.37793,11,Model_1
2505318701102100079,3873.517822265625,11,Model_1
2505318701102100080,4275.473633,11,Model_1
2505318701102100081,3152.435547,11,Model_1
2505318701102100082,4997.13916,11,Model_1
2505318701102100083,2480.520508,11,Model_1
2505318701102100084,8517.125977,11,Model_1
2505318701102100085,3343.057617,11,Model_1
2505318701102100086,4013.646728515625,11,Model_1
2505318701102100087,3560.430908203125,11,Model_1
2505318701102100088,3661.398681640625,11,Model_1
2505318701102100089,5387.849609,11,Model_1
2505318701102100090,3884.672852,11,Model_1
2505318701102100091,3483.797363,11,Model_1
2505318701102100092,2235.926513671875,11,Model_1
2505318701102100093,3544.786621,11,Model_1
2505318701102100094,2043.5682373046875,11,Model_1
2505318701102100095,6921.808105,11,Model_1
2505318701102100096,2644.597900390625,11,Model_1
2505318701102100097,3185.358887,11,Model_1
2505318701102100098,6172.286621,11,Model_1
2505318701102100099,10002.74512,11,Model_1
2505318701102100101,1595.902344,11,Model_1
2505318701102100102,1652.1644287109375,11,Model_1
2505318701102100103,6312.598633,11,Model_1
2505318701102100104,3984.313965,11,Model_1
2505318701102100105,4659.339355,11,Model_1
2505318701102100106,2148.762451171875,11,Model_1
2505318701102100107,2120.47998,11,Model_1
2505318701102100108,2284.114990234375,11,Model_1
2505318701102100109,3683.040527,11,Model_1
2505318701102100110,6190.963867,11,Model_1
2505318701102100111,1998.489501953125,11,Model_1
2505318701102100112,5140.904785,11,Model_1
2505318701102100114,4283.753906,11,Model_1
2505318701102100115,1474.4718017578125,11,Model_1
2505318701102100116,2049.503906,11,Model_1
2505318701102100117,2577.056152,11,Model_1
2505318701102100118,2736.732422,11,Model_1
2505318701102100119,2442.76416,11,Model_1
2505318701102100120,5925.338867,11,Model_1
2505318701102100121,7117.131348,11,Model_1
2505318701102100122,7218.183105,11,Model_1
2505318701102100123,4946.273438,11,Model_1
2505318701102100124,10888.39258,11,Model_1
2505318701102100125,3158.165283203125,11,Model_1
2505318701102100126,1327.914551,11,Model_1
2505318701102100127,9080.918945,11,Model_1
2505318701102100128,2564.678466796875,11,Model_1
2505318701102100129,1838.2928466796875,11,Model_1
2505318701102100130,6523.432129,11,Model_1
2505318701102100131,2861.908203,11,Model_1
2505318701102100133,1471.0604248046875,11,Model_1
2505318701102100135,3480.295654296875,11,Model_1
2505318701102100136,4196.158203,11,Model_1
2505318701102100137,3111.104736328125,11,Model_1
2505318701102100138,7654.068359,11,Model_1
2505318701102100139,3956.465576171875,11,Model_1
2505318701102100140,3725.654052734375,11,Model_1
2505318701102100141,4572.909668,11,Model_1
2505318701102100142,3562.248535,11,Model_1
2505318701102100144,2960.674316,11,Model_1
2505318701103100001,2960.468017578125,11,Model_1
2505318701103100002,2922.521240234375,11,Model_1
2505318701103100003,2359.222412109375,11,Model_1
2505318701103100004,4928.301758,11,Model_1
2505318701103100005,3024.11377,11,Model_1
2505318701103100006,8229.102539,11,Model_1
2505318701103100008,5624.275879,11,Model_1
2505318701103100009,2879.090087890625,11,Model_1
2505318701103100011,7005.515625,11,Model_1
2505318701103100012,5616.75293,11,Model_1
2505318701103100013,7327.116211,11,Model_1
2505318701103100014,3361.159423828125,11,Model_1
2505318701103100015,5017.73291,11,Model_1
2505318701103100016,6592.722656,11,Model_1
2505318701103100017,6431.51416,11,Model_1
2505318701103100018,4886.563477,11,Model_1
2505318701103100019,2451.637939453125,11,Model_1
2505318701103100020,4040.942626953125,11,Model_1
2505318701103100021,5230.941406,11,Model_1
2505318701103100022,5102.762207,11,Model_1
2505318701103100023,5222.929688,11,Model_1
2505318701103100024,5174.211914,11,Model_1
2505318701103100025,4847.147461,11,Model_1
2505318701103100026,4651.471191,11,Model_1
2505318701103100027,3314.703369140625,11,Model_1
2505318701103100028,6076.126465,11,Model_1
2505318701103100029,4891.166016,11,Model_1
2505318701103100030,2960.047852,11,Model_1
2505318701103100031,1821.3365478515625,11,Model_1
2505318701103100032,5831.088379,11,Model_1
2505318701103100033,4858.120605,11,Model_1
2505318701103100034,1810.2088623046875,11,Model_1
2505318701103100035,2800.897461,11,Model_1
2505318701103100036,2720.990234,11,Model_1
2505318701103100037,8181.696777,11,Model_1
2505318701103100038,9636.941406,11,Model_1
2505318701103100039,7102.244629,11,Model_1
2505318701103100041,7035.837891,11,Model_1
2505318701103100042,3862.114013671875,11,Model_1
2505318701103100043,3336.914551,11,Model_1
2505318701103100044,6381.505859,11,Model_1
2505318701103100045,3628.869384765625,11,Model_1
2505318701103100046,2701.824707,11,Model_1
2505318701103100047,4074.803955078125,11,Model_1
2505318701103100048,2769.581787109375,11,Model_1
2505318701103100049,9233.251953,11,Model_1
2505318701103100050,3743.409668,11,Model_1
2505318701103100052,1712.4432373046875,11,Model_1
2505318701103100053,4693.054199,11,Model_1
2505318701103100054,5245.952637,11,Model_1
2505318701103100055,1870.425537109375,11,Model_1
2505318701103100056,3475.657715,11,Model_1
2505318701103100057,1791.3221435546875,11,Model_1
2505318701103100058,5525.430664,11,Model_1
2505318701103100059,2172.382324,11,Model_1
2505318701103100060,3640.729736328125,11,Model_1
2505318701103100061,1007.126953,11,Model_1
2505318701103100064,1554.456787109375,11,Model_1
2505318701104100001,6266.800781,11,Model_1
2505318701104100002,2509.789794921875,11,Model_1
2505318701104100003,10315.19043,11,Model_1
2505318701104100004,2176.428466796875,11,Model_1
2505318701106100005,3051.919922,17,Model_1
2505318701106100007,4503.325684,17,Model_1
2505318701106100008,2380.311035,17,Model_1
2505318701106100009,3987.800537109375,17,Model_1
2505318701106100010,2295.078125,17,Model_1
2505318701106100011,3969.443359,17,Model_1
2505318701106100012,2267.535156,17,Model_1
2505318701106100014,2736.827148,17,Model_1
2505318701106100015,5809.086914,17,Model_1
2505318701106100016,3834.690185546875,17,Model_1
2505318701106100018,3440.456298828125,17,Model_1
2505318701106100019,5451.012207,17,Model_1
2505318701106100021,2930.50293,17,Model_1
2505318701106100023,4294.144043,17,Model_1
2505318701106100024,3902.762939453125,17,Model_1
2505318701107100013,5093.788574,17,Model_1
2505318701107100014,5807.414063,17,Model_1
2505318701107100015,900.4811401367188,17,Model_1
2505318701107100016,2916.07373,17,Model_1
2505318701107100017,3562.109375,17,Model_1
2505318701107100018,3721.953369140625,17,Model_1
2505318701107100019,3303.325684,17,Model_1
2505318701107100020,3952.402832,17,Model_1
2505318701107100021,2030.349609,17,Model_1
2505318701107100022,5156.697266,17,Model_1
2505318701107100023,5068.918945,17,Model_1
2505318701107100024,2012.274658203125,17,Model_1
2505318701107100025,5251.077637,17,Model_1
2505318701107100026,7846.912598,17,Model_1
2505318701107100027,1492.6766357421875,17,Model_1
2505318701107100028,6218.290527,17,Model_1
2505318701107100029,3946.643798828125,17,Model_1
2505318701107100030,4441.649902,17,Model_1
2505318701107100031,2921.298583984375,17,Model_1
2505318701107100032,5066.41748,17,Model_1
2505318701107100033,7029.481934,17,Model_1
2505318701107100034,3873.161621,17,Model_1
2505318701107100035,3230.173828,17,Model_1
2505318701107100036,3067.790283203125,17,Model_1
2505318701107100037,4373.183594,17,Model_1
2505318701107100038,7338.563477,17,Model_1
2505318701107100039,2072.92334,17,Model_1
2505318701107100040,3531.895996,17,Model_1
2505318701107100041,5490.412109,17,Model_1
2505318701107100043,5122.86084,17,Model_1
2505318701107100044,9314.423828,17,Model_1
2505318701107100045,8269.339844,17,Model_1
2505318701107100046,3765.581055,17,Model_1
2505318701107100047,3376.732422,17,Model_1
2505318701107100048,6117.32959,17,Model_1
2505318701107100049,7094.913574,17,Model_1
2505318701107100050,2530.072998046875,17,Model_1
2505318701107100051,3018.344970703125,17,Model_1
2505318701107100052,4210.820313,17,Model_1
2505318701107100053,5362.697754,17,Model_1
2505318701107100054,1797.4798583984375,17,Model_1
2505318701107100055,1996.996582,17,Model_1
2505318701107100056,1845.3656005859375,17,Model_1
2505318701107100057,1780.259033203125,17,Model_1
2505318701107100058,2965.743408203125,17,Model_1
2505318701107100059,5848.482422,17,Model_1
2505318701107100060,5259.087891,17,Model_1
2505318701107100061,3711.214111328125,17,Model_1
2505318701107100064,1216.4351806640625,17,Model_1
2505318701107100065,3415.223876953125,17,Model_1
2505318701107100066,2147.913818359375,17,Model_1
2505318701107100067,6043.232422,17,Model_1
2505318701107100068,5734.680176,17,Model_1
2505318701107100069,1042.7093505859375,17,Model_1
2505318701107100070,4432.922852,17,Model_1
2505318701107100071,2867.176513671875,17,Model_1
2505318701107100072,3801.385742,17,Model_1
2505318701107100073,1049.8695068359375,17,Model_1
2505318701107100074,4928.791016,17,Model_1
2505318701107100075,2010.350586,17,Model_1
2505318701107100077,3365.438232421875,17,Model_1
2505318701107100078,2174.570313,17,Model_1
2505318701107100079,3070.314453,17,Model_1
2505318701107100080,1960.061279296875,17,Model_1
2505318701107100081,3860.760009765625,17,Model_1
2505318701107100082,3046.778076171875,17,Model_1
2505318701107100083,3371.147216796875,17,Model_1
2505318701107100084,4270.083984,17,Model_1
2505318701107100085,4724.836426,17,Model_1
2505318701107100086,4311.048828,17,Model_1
2505318701107100087,4180.421387,17,Model_1
2505318701107100088,5219.239746,17,Model_1
2505318701107100089,6139.135254,17,Model_1
2505318701107100090,1687.589844,17,Model_1
2505318701107100091,4342.178223,17,Model_1
2505318701107100092,6767.101074,17,Model_1
2505318701107100093,4019.441162109375,17,Model_1
2505318701107100095,3211.023681640625,17,Model_1
2505318701107100096,4482.665039,17,Model_1
2505318701107100097,4649.799316,17,Model_1
2505318701107100098,3516.221923828125,17,Model_1
2505318701107100099,5479.200684,17,Model_1
2505318701107100100,1473.1729736328125,17,Model_1
2505318701107100101,5886.50293,17,Model_1
2505318701107100102,3834.906494140625,17,Model_1
2505318701107100103,2112.440185546875,17,Model_1
2505318701107100104,6791.63623,17,Model_1
2505318701107100105,4858.593262,17,Model_1
2505318701107100106,5965.772949,17,Model_1
2505318701107100107,1604.9456787109375,17,Model_1
2505318701107100108,4364.894531,17,Model_1
2505318701107100109,971.4353637695312,17,Model_1
2505318701107100110,6317.27832,17,Model_1
2505318701107100111,3222.197266,17,Model_1
2505318701107100112,3538.894043,17,Model_1
2505318701107100113,4788.57959,17,Model_1
2505318701107100114,2887.946044921875,17,Model_1
2505318701107100115,2144.276611328125,17,Model_1
2505318701107100116,1395.7894287109375,17,Model_1
2505318701107100117,1746.712158203125,17,Model_1
2505318701107100118,3347.233887,17,Model_1
2505318701107100119,3313.411621,17,Model_1
2505318701107100120,4073.850341796875,17,Model_1
2505318701107100121,2853.111083984375,17,Model_1
2505318701107100122,2424.393310546875,17,Model_1
2505318701107100123,1878.5457763671875,17,Model_1
2505318701107100124,3317.323974609375,17,Model_1
2505318701107100125,4564.300781,17,Model_1
2505318701107100126,3522.955810546875,17,Model_1
2505318701107100127,2394.587646484375,17,Model_1
2505318701107100128,4022.225586,17,Model_1
2505318701107100129,2799.146240234375,17,Model_1
2505318701107100130,4005.219238,17,Model_1
2505318701107100132,5653.402344,17,Model_1
2505318701107100133,2640.246337890625,17,Model_1
2505318701107100134,4733.753906,17,Model_1
2505318701107100135,2586.311035,17,Model_1
2505318701107100136,4209.729492,17,Model_1
2505318701107100137,6231.78125,17,Model_1
2505318701107100138,4434.431152,17,Model_1
2505318701107100139,6041.546875,17,Model_1
2505318701107100140,2797.029052734375,17,Model_1
2505318701107100141,3937.658447265625,17,Model_1
2505318701107100142,3229.414551,17,Model_1
2505318701107100143,1928.2747802734375,17,Model_1
2505318701107100144,3175.819580078125,17,Model_1
2505318701107100145,1426.13916,17,Model_1
2505318701107100146,3267.801025390625,17,Model_1
2505318701107100148,4589.175293,17,Model_1
2505318701107100149,2135.430419921875,17,Model_1
2505318701107100150,3268.973388671875,17,Model_1
2505318701107100151,4534.425781,17,Model_1
2505318701107100152,1336.5704345703125,17,Model_1
2505318701107100153,3116.454102,17,Model_1
2505318701107100154,4823.804688,17,Model_1
2505318701107100155,2598.365234,17,Model_1
2505318701107100156,2233.756103515625,17,Model_1
2505318701107100157,2899.957275390625,17,Model_1
2505318701107100158,2330.755859,17,Model_1
2505318701107100160,6079.354004,17,Model_1
2505318701107100161,2294.817626953125,17,Model_1
2505318701108100009,5925.547852,17,Model_1
2505318701108100010,3629.636719,17,Model_1
2505318701108100011,5951.496094,17,Model_1
2505318701108100013,3866.801758,17,Model_1
2505318701108100014,2647.681641,17,Model_1
2505318701108100015,8625.527344,17,Model_1
2505318701108100016,1178.264404296875,17,Model_1
2505318701108100017,3141.066162109375,17,Model_1
2505318701108100019,4263.62793,17,Model_1
2505318701108100020,4944.155273,17,Model_1
2505318701108100021,2249.90625,17,Model_1
2505318701108100022,4189.810547,17,Model_1
2505318701108100024,4653.292969,17,Model_1
2505318701108100025,1072.8043212890625,17,Model_1
2505318701108100026,3813.141845703125,17,Model_1
2505318701108100027,3244.516113,17,Model_1
2505318701108100028,9602.915039,17,Model_1
2505318701108100029,5436.939453,17,Model_1
2505318701108100030,2950.119629,17,Model_1
2505318701108100031,1346.147705078125,17,Model_1
2505318701108100032,4792.470703,17,Model_1
2505318701108100033,1859.303223,17,Model_1
2505318701108100034,6272.360352,17,Model_1
2505318701108100035,8591.654297,17,Model_1
2505318701108100036,4920.102539,17,Model_1
2505318701108100037,4631.630859,17,Model_1
2505318701108100038,4555.525391,17,Model_1
2505318701108100039,3129.114990234375,17,Model_1
2505318701108100040,5373.493652,17,Model_1
2505318701108100041,5888.65625,17,Model_1
2505318701108100042,3801.094482421875,17,Model_1
2505318701108100044,1526.4937744140625,17,Model_1
2505318701108100045,5163.309082,17,Model_1
2505318701108100046,4303.461914,17,Model_1
2505318701108100047,7462.966797,17,Model_1
2505318701108100048,6088.312988,17,Model_1
2505318701108100049,6084.806641,17,Model_1
2505318701108100050,2731.844482421875,17,Model_1
2505318701108100052,4714.776367,17,Model_1
2505318701108100053,4985.359375,17,Model_1
2505318701108100054,4751.900879,17,Model_1
2505318701108100055,5084.725098,17,Model_1
2505318701108100056,5056.700684,17,Model_1
2505318701108100057,3994.900879,17,Model_1
2505318701108100058,3759.381836,17,Model_1
2505318701108100059,2877.511962890625,17,Model_1
2505318701108100060,5470.79248,17,Model_1
2505318701108100061,2746.855712890625,17,Model_1
2505318701108100062,7657.734375,17,Model_1
2505318701108100063,4254.851074,17,Model_1
2505318701108100064,4086.549316,17,Model_1
2505318701108100065,4376.916016,17,Model_1
2505318701108100066,3544.166748046875,17,Model_1
2505318701108100067,2692.533203,17,Model_1
2505318701108100068,6216.390137,17,Model_1
2505318701108100069,2330.005615234375,17,Model_1
2505318701108100070,3577.666504,17,Model_1
2505318701108100071,5253.506348,17,Model_1
2505318701108100072,5639.10791,17,Model_1
2505318701108100073,4840.019043,17,Model_1
2505318701108100074,1830.4178466796875,17,Model_1
2505318701108100075,6142.261719,17,Model_1
2505318701108100076,4145.180176,17,Model_1
2505318701108100077,2439.543945,17,Model_1
2505318701108100078,4037.894531,17,Model_1
2505318701108100079,4240.586426,17,Model_1
2505318701108100080,2501.78125,17,Model_1
2505318701108100081,1352.675781,17,Model_1
2505318701108100082,5607.551758,17,Model_1
2505318701108100084,2631.501708984375,17,Model_1
2505318701108100085,2496.532958984375,17,Model_1
2505318701108100086,704.8916016,17,Model_1
2505318701108100087,4942.996094,17,Model_1
2505318701108100088,2847.202880859375,17,Model_1
2505318701108100089,2417.682861328125,17,Model_1
2505318701108100090,5286.720215,17,Model_1
2505318701108100091,2661.697021484375,17,Model_1
2505318701108100092,4134.450195,17,Model_1
2505318701108100093,4892.954102,17,Model_1
2505318701108100094,2586.204345703125,17,Model_1
2505318701108100095,3827.052490234375,17,Model_1
2505318701108100096,2002.056396484375,17,Model_1
2505318701108100097,2591.092041015625,17,Model_1
2505318701108100098,2300.337646484375,17,Model_1
2505318701108100099,4014.597900390625,17,Model_1
2505318701108100100,6022.369141,17,Model_1
2505318701108100101,1540.4718017578125,17,Model_1
2505318701108100102,3900.285400390625,17,Model_1
2505318701108100103,2911.053955078125,17,Model_1
2505318701108100104,2901.537598,17,Model_1
2505318701108100105,2898.923583984375,17,Model_1
2505318701108100107,4280.191895,17,Model_1
2505318701108100108,4378.273438,17,Model_1
2505318701108100109,2376.603027,17,Model_1
2505318701108100110,3404.296142578125,17,Model_1
2505318701108100111,7271.841797,17,Model_1
2505318701108100112,3099.082031,17,Model_1
2505318701108100113,4059.52832,17,Model_1
2505318701108100114,6417.744141,17,Model_1
2505318701108100115,4032.814941,17,Model_1
2505318701108100116,4282.95459,17,Model_1
2505318701108100117,2932.175048828125,17,Model_1
2505318701108100118,6400.701172,17,Model_1
2505318701108100119,1175.8553466796875,17,Model_1
2505318701108100120,2359.116211,17,Model_1
2505318701108100121,4296.708984,17,Model_1
2505318701108100122,7299.515137,17,Model_1
2505318701108100123,5307.051758,17,Model_1
2505318701108100124,858.0783081054688,17,Model_1
2505318701108100125,2519.988281,17,Model_1
2505318701108100126,4411.751465,17,Model_1
2505318701108100127,6494.59082,17,Model_1
2505318701108100128,1713.6881103515625,17,Model_1
2505318701108100129,3287.547363,17,Model_1
2505318701108100130,3386.812744140625,17,Model_1
2505318701108100131,5705.506348,17,Model_1
2505318701108100132,5257.039551,17,Model_1
2505318701109100003,5262.467285,17,Model_1
2505318701109100004,4474.611328,17,Model_1
2505318701109100005,3459.527099609375,17,Model_1
2505318701109100006,1933.1929931640625,17,Model_1
2505318701109100007,3250.433349609375,17,Model_1
2505318701109100008,2517.010986328125,17,Model_1
2505318701109100009,3709.40625,17,Model_1
2505318701109100011,2529.812255859375,17,Model_1
2505318701109100012,5900.326172,17,Model_1
2505318701111100001,3501.315185546875,18,Model_1
2505318701111100002,2786.777099609375,18,Model_1
2505318701111100003,2002.1575927734375,18,Model_1
2505318701111100004,3237.36377,18,Model_1
2505318701111100005,6513.245117,18,Model_1
2505318701111100006,3624.773438,18,Model_1
2505318701111100007,5698.883301,18,Model_1
2505318701111100008,4221.813965,18,Model_1
2505318701111100009,3664.105469,18,Model_1
2505318701111100010,3123.727783203125,18,Model_1
2505318701111100011,3704.217041015625,18,Model_1
2505318701111100012,4669.73877,18,Model_1
2505318701111100013,5855.736816,18,Model_1
2505318701111100014,3261.368408203125,18,Model_1
2505318701112100006,3761.772949,18,Model_1
2505318701112100007,5797.90625,18,Model_1
2505318701112100008,4718.758789,18,Model_1
2505318701112100009,11465.77344,18,Model_1
2505318701112100010,6575.500977,18,Model_1
2505318701112100011,6975.76416,18,Model_1
2505318701112100012,6363.438477,18,Model_1
2505318701112100013,6275.553711,18,Model_1
2505318701112100014,4325.873047,18,Model_1
2505318701112100015,13262.16504,18,Model_1
2505318701112100016,3922.833008,18,Model_1
2505318701112100017,10232.08008,18,Model_1
2505318701112100018,8579.06543,18,Model_1
2505318701112100019,6640.90918,18,Model_1
2505318701112100020,5373.412598,18,Model_1
2505318701112100021,11779.19434,18,Model_1
2505318701112100022,7846.995117,18,Model_1
2505318701112100024,2461.958008,18,Model_1
2505318701112100025,5414.391602,18,Model_1
2505318701112100027,7449.52002,18,Model_1
2505318701112100028,5787.042969,18,Model_1
2505318701112100029,4798.479004,18,Model_1
2505318701112100030,4703.530273,18,Model_1
2505318701112100031,2506.759277,18,Model_1
2505318701112100032,5098.361328,18,Model_1
2505318701112100033,3639.532470703125,18,Model_1
2505318701112100034,4434.739258,18,Model_1
2505318701112100035,3762.478271484375,18,Model_1
2505318701112100036,3842.799805,18,Model_1
2505318701112100037,3778.762451171875,18,Model_1
2505318701112100038,3127.192871,18,Model_1
2505318701112100039,3725.422363,18,Model_1
2505318701112100040,4285.500488,18,Model_1
2505318701112100041,3643.837646484375,18,Model_1
2505318701112100042,7372.348633,18,Model_1
2505318701112100043,6836.666992,18,Model_1
2505318701112100044,5017.778809,18,Model_1
2505318701112100045,5170.981934,18,Model_1
2505318701112100046,3822.231445,18,Model_1
2505318701112100048,3539.766845703125,18,Model_1
2505318701112100049,6114.408203,18,Model_1
2505318701112100050,5009.875977,18,Model_1
2505318701112100051,3629.274414,18,Model_1
2505318701112100052,4286.225586,18,Model_1
2505318701112100054,4518.853027,18,Model_1
2505318701112100056,9360.056641,18,Model_1
2505318701112100057,3856.28418,18,Model_1
2505318701112100058,5088.583496,18,Model_1
2505318701112100060,5023.623047,18,Model_1
2505318701112100061,7110.137207,18,Model_1
2505318701112100062,8996.787109,18,Model_1
2505318701112100064,3330.891602,18,Model_1
2505318701113100006,5344.387695,18,Model_1
2505318701113100007,6618.983887,18,Model_1
2505318701113100008,7215.561523,18,Model_1
2505318701113100009,3005.05957,18,Model_1
2505318701113100010,15572.29492,18,Model_1
2505318701113100011,7873.930664,18,Model_1
2505318701113100013,4873.96582,18,Model_1
2505318701113100014,9053.857422,18,Model_1
2505318701113100015,4852.474121,18,Model_1
2505318701113100016,6898.82959,18,Model_1
2505318701113100017,5066.661621,18,Model_1
2505318701113100018,5213.945801,18,Model_1
2505318701113100019,6099.668457,18,Model_1
2505318701113100020,4227.094238,18,Model_1
2505318701113100021,6237.506836,18,Model_1
2505318701113100022,8611.97168,18,Model_1
2505318701113100023,5931.452637,18,Model_1
2505318701113100024,8933.587891,18,Model_1
2505318701113100025,2137.399169921875,18,Model_1
2505318701113100026,5555.806641,18,Model_1
2505318701113100027,8643.302734,18,Model_1
2505318701113100028,7796.837891,18,Model_1
2505318701113100029,3844.90332,18,Model_1
2505318701113100030,6575.133301,18,Model_1
2505318701113100031,8197.319336,18,Model_1
2505318701113100032,6969.866211,18,Model_1
2505318701113100033,8390.602539,18,Model_1
2505318701113100034,7364.735352,18,Model_1
2505318701113100036,4210.17041,18,Model_1
2505318701113100037,2671.703613,18,Model_1
2505318701113100038,2992.209228515625,18,Model_1
2505318701113100040,3462.638672,18,Model_1
2505318701113100041,3181.704345703125,18,Model_1
2505318701113100042,11335.10352,18,Model_1
2505318701113100044,2699.689453,18,Model_1
2505318701113100045,6129.965332,18,Model_1
2505318701113100046,4316.415039,18,Model_1
2505318701113100047,4370.187988,18,Model_1
2505318701113100049,5021.84668,18,Model_1
2505318701113100050,5778.942383,18,Model_1
2505318701113100051,3119.724121,18,Model_1
2505318701113100052,5293.536133,18,Model_1
2505318701113100053,1690.922119140625,18,Model_1
2505318701113100054,3361.739746,18,Model_1
2505318701113100055,6178.013184,18,Model_1
2505318701113100056,3775.86084,18,Model_1
2505318701113100057,4097.658691,18,Model_1
2505318701113100058,4718.615723,18,Model_1
2505318701113100059,3419.069580078125,18,Model_1
2505318701113100060,5118.060059,18,Model_1
2505318701113100061,5175.864258,18,Model_1
2505318701113100062,3817.744873046875,18,Model_1
2505318701113100063,7409.807129,18,Model_1
2505318701113100065,6087.018555,18,Model_1
2505318701113100066,1861.852539,18,Model_1
2505318701114100004,8539.329102,18,Model_1
2505318701114100005,3996.449951171875,18,Model_1
2505318701114100007,4048.397216796875,18,Model_1
2505318701114100008,3082.547852,18,Model_1
2505318701114100009,6378.838867,18,Model_1
2505318701114100010,5321.949707,18,Model_1
2505318701114100012,10094.43457,18,Model_1
2505318701114100014,2026.2274169921875,18,Model_1
2505318701114100015,2672.697021484375,18,Model_1
2505318701114100016,4829.054688,18,Model_1
2505318701114100017,5773.468262,18,Model_1
2505318701116100004,3678.600341796875,19,Model_1
2505318701116100005,6569.84375,19,Model_1
2505318701116100006,3290.423583984375,19,Model_1
2505318701116100007,3456.759277,19,Model_1
2505318701116100008,3412.244873046875,19,Model_1
2505318701116100009,1542.587646484375,19,Model_1
2505318701116100010,5114.349609,19,Model_1
2505318701116100011,4617.084473,19,Model_1
2505318701116100012,5209.919922,19,Model_1
2505318701117100002,3211.814697265625,19,Model_1
2505318701117100003,3879.643066,19,Model_1
2505318701117100004,3832.741943359375,19,Model_1
2505318701117100005,4146.679199,19,Model_1
2505318701117100006,2322.943603515625,19,Model_1
2505318701117100008,4470.731445,19,Model_1
2505318701117100009,2350.741699,19,Model_1
2505318701117100010,2791.366455078125,19,Model_1
2505318701117100011,2728.922363,19,Model_1
2505318701117100012,3797.214355,19,Model_1
2505318701117100013,4872.999512,19,Model_1
2505318701117100014,4332.935059,19,Model_1
2505318701117100015,2846.302246,19,Model_1
2505318701117100016,4484.251465,19,Model_1
2505318701117100017,4177.771484,19,Model_1
2505318701117100019,2285.489746,19,Model_1
2505318701117100020,2514.135009765625,19,Model_1
2505318701117100022,2625.673828,19,Model_1
2505318701117100023,1919.583984,19,Model_1
2505318701117100024,2654.581055,19,Model_1
2505318701117100025,3420.969970703125,19,Model_1
2505318701117100026,4593.375,19,Model_1
2505318701117100027,5623.104492,19,Model_1
2505318701117100028,3596.214111328125,19,Model_1
2505318701117100029,4349.103027,19,Model_1
2505318701117100030,4406.194336,19,Model_1
2505318701117100031,4180.574219,19,Model_1
2505318701117100032,2367.328125,19,Model_1
2505318701117100033,2827.942871,19,Model_1
2505318701117100035,2896.210693359375,19,Model_1
2505318701117100036,4701.757813,19,Model_1
2505318701117100037,2774.521484,19,Model_1
2505318701117100038,2302.861816,19,Model_1
2505318701117100039,4006.964599609375,19,Model_1
2505318701117100040,4852.40625,19,Model_1
2505318701118100002,6483.661621,19,Model_1
2505318701118100003,7354.696777,19,Model_1
2505318701118100004,6020.456543,19,Model_1
2505318701118100005,3042.739990234375,19,Model_1
2505318701118100006,2536.203613,19,Model_1
2505318701118100007,6329.160156,19,Model_1
2505318701118100008,5917.186523,19,Model_1
2505318701118100010,4119.36377,19,Model_1
2505318701118100011,5015.467285,19,Model_1
2505318701118100013,3882.294922,19,Model_1
2505318701118100016,5871.561523,19,Model_1
2505318701118100017,5440.731445,19,Model_1
2505318701118100020,5005.708008,19,Model_1
2505318701119100002,4906.420898,19,Model_1
2505318701119100004,5255.371582,19,Model_1
2505318701119100005,4452.205566,19,Model_1
2505318701119100006,5267.505371,19,Model_1
2505318701119100007,5425.611328,19,Model_1
2505318701119100008,4210.844727,19,Model_1
2505318701119100009,5179.509766,19,Model_1
2505318701119100010,3060.784423828125,19,Model_1
2505318701119100012,4785.130859,19,Model_1
2505318701119100013,5024.991699,19,Model_1
2505318701119100015,3929.538574,19,Model_1
2505318701125100001,2735.875488,7,Model_1
2505318701125100002,5211.878418,7,Model_1
2505318701125100003,2612.692383,7,Model_1
2505318701125100004,2959.683837890625,7,Model_1
2505318701125100005,3191.192626953125,7,Model_1
2505318701125100006,3903.099853515625,7,Model_1
2505318701125100007,1697.279052734375,7,Model_1
2505318701125100008,2308.097900390625,7,Model_1
2505318701125100009,1663.7662353515625,7,Model_1
2505318701125100010,4889.649414,7,Model_1
2505318701126100003,5253.376953,7,Model_1
2505318701126100005,4310.421387,7,Model_1
2505318701126100006,6931.944336,7,Model_1
2505318701126100007,2748.691895,7,Model_1
2505318701126100008,2118.34082,7,Model_1
2505318701126100009,3901.994873046875,7,Model_1
2505318701126100010,3261.201172,7,Model_1
2505318701126100011,2275.932373046875,7,Model_1
2505318701126100012,3044.916504,7,Model_1
2505318701126100013,3840.247314453125,7,Model_1
2505318701126100014,5092.851563,7,Model_1
2505318701126100015,2210.072021484375,7,Model_1
2505318701126100016,3556.379150390625,7,Model_1
2505318701126100017,4276.77832,7,Model_1
2505318701126100018,6364.51416,7,Model_1
2505318701126100019,6187.885742,7,Model_1
2505318701126100020,2286.960693359375,7,Model_1
2505318701126100021,2149.863525390625,7,Model_1
2505318701126100022,2962.911865234375,7,Model_1
2505318701126100023,2488.771484,7,Model_1
2505318701126100024,5404.888184,7,Model_1
2505318701126100025,1151.1334228515625,7,Model_1
2505318701126100026,1657.7264404296875,7,Model_1
2505318701126100027,8868.131836,7,Model_1
2505318701126100028,2002.5062255859375,7,Model_1
2505318701126100029,5863.035645,7,Model_1
2505318701126100030,9787.439453,7,Model_1
2505318701126100031,6821.206055,7,Model_1
2505318701126100033,2839.645263671875,7,Model_1
2505318701126100034,11603.37109,7,Model_1
2505318701126100035,6836.078613,7,Model_1
2505318701126100036,5417.376465,7,Model_1
2505318701126100037,6148.489258,7,Model_1
2505318701126100038,3583.920654296875,7,Model_1
2505318701126100039,4381.324707,7,Model_1
2505318701127100002,2625.779297,7,Model_1
2505318701127100003,4522.143066,7,Model_1
2505318701127100004,6716.097168,7,Model_1
2505318701130100005,6475.518555,11,Model_1
2505318701130100006,5277.035156,11,Model_1
2505318701130100008,3327.385254,11,Model_1
2505318701130100009,5474.144531,11,Model_1
2505318701130100010,3057.105712890625,11,Model_1
2505318701130100011,5560.724121,11,Model_1
2505318701130100012,4886.20166,11,Model_1
2505318701130100013,2346.648681640625,11,Model_1
2505318701130100014,1859.8397216796875,11,Model_1
2505318701130100015,6620.757324,11,Model_1
2505318701130100016,4753.18457,11,Model_1
2505318701130100017,2653.197021484375,11,Model_1
2505318701130100018,6009.084473,11,Model_1
2505318701130100019,7990.566406,11,Model_1
2505318701130100020,2773.135742,11,Model_1
2505318701130100021,5917.179199,11,Model_1
2505318701130100022,5247.307617,11,Model_1
2505318701130100023,4562.960938,11,Model_1
2505318701130100024,2726.16748,11,Model_1
2505318701130100025,1746.8475341796875,11,Model_1
2505318701130100026,4249.057129,11,Model_1
2505318701130100027,1848.886962890625,11,Model_1
2505318701130100029,7050.625,11,Model_1
2505318701130100031,1947.1566162109375,11,Model_1
2505318701131100010,2403.971435546875,11,Model_1
2505318701131100011,4977.765625,11,Model_1
2505318701131100013,2780.766113,11,Model_1
2505318701131100014,3848.653809,11,Model_1
2505318701131100015,6290.709961,11,Model_1
2505318701131100016,4880.217773,11,Model_1
2505318701131100017,3708.411621,11,Model_1
2505318701131100018,2191.149658203125,11,Model_1
2505318701131100019,3393.884033203125,11,Model_1
2505318701131100020,1236.617676,11,Model_1
2505318701131100021,2302.563232421875,11,Model_1
2505318701131100022,9483.210938,11,Model_1
2505318701131100023,6402.400391,11,Model_1
2505318701131100024,1496.764892578125,11,Model_1
2505318701131100025,957.3561401367188,11,Model_1
2505318701131100026,5387.72998,11,Model_1
2505318701131100027,6046.181641,11,Model_1
2505318701131100028,3260.704345703125,11,Model_1
2505318701131100029,1006.2329711914062,11,Model_1
2505318701131100030,2502.998535,11,Model_1
2505318701131100031,2107.525391,11,Model_1
2505318701131100033,2393.604248046875,11,Model_1
2505318701131100034,7290.476074,11,Model_1
2505318701131100035,4275.733887,11,Model_1
2505318701131100036,3369.654052734375,11,Model_1
2505318701131100037,4803.086426,11,Model_1
2505318701131100038,3928.324462890625,11,Model_1
2505318701131100039,6916.421387,11,Model_1
2505318701131100040,944.1766967773438,11,Model_1
2505318701131100041,2930.487548828125,11,Model_1
2505318701131100042,4761.463867,11,Model_1
2505318701131100043,3880.111083984375,11,Model_1
2505318701131100044,3681.280273,11,Model_1
2505318701131100045,10605.95313,11,Model_1
2505318701131100046,10581.52051,11,Model_1
2505318701131100047,2154.356445,11,Model_1
2505318701131100048,3262.689208984375,11,Model_1
2505318701131100049,3452.290283203125,11,Model_1
3064311500348100043,10815.4873,4,Model_2
3064311500348100053,45575.05469,4,Model_2
3064311500348100060,8911.65625,4,Model_2
3064311500348100063,2340.664551,4,Model_2
3064311500348100071,4658.354004,4,Model_2
3064311500348100072,15760.01953,4,Model_2
3064311500348100077,14530.29883,4,Model_2
3064311500349100021,11721.7002,4,Model_2
3064311500349100023,11420.31445,4,Model_2
3064311500349100027,9910.208008,4,Model_2
3064311500349100030,16410.2793,4,Model_2
3064311500349100036,26241.54297,4,Model_2
3064311500349100043,34216.76172,4,Model_2
3064311500349100044,9072.97168,4,Model_2
3064311500349100045,10830.19531,4,Model_2
3064311500349100046,15338.63184,4,Model_2
3064311500349100048,8250.21582,4,Model_2
3064311500349100050,13541.72656,4,Model_2
3064311500349100052,8842.12793,4,Model_2
3064311500349100054,15542.88086,4,Model_2
3064311500349100057,11167.42676,4,Model_2
3064311500349100058,2885.203369140625,4,Model_2
3064311500353100083,13699.21094,8,Model_2
3064311500356100046,17090.70508,14,Model_2
3064311500356100053,9989.511719,14,Model_2
3064311500356100054,8664.638672,14,Model_2
3064311500356100055,5900.037109,14,Model_2
3064311500356100057,4834.942871,14,Model_2
3064311500356100064,20150.51953,14,Model_2
3064311500356100065,108149.6641,14,Model_2
3064311500356100066,24282.20898,14,Model_2
3064311500356100068,1912.5208740234375,14,Model_2
3064311500356100073,1409.748047,14,Model_2
3064311500356100075,12040.64063,14,Model_2
3064311500356100078,3412.545166015625,14,Model_2
3064311500356100079,3324.644287109375,14,Model_2
3064311500356100085,9182.608398,14,Model_2
3064311500356100089,25986.89063,14,Model_2
3064311500356100104,49226.58984,14,Model_2
3064311500356100107,13692.60938,14,Model_2
3064311500356100111,21954.02539,14,Model_2
3064311500356100114,25158.60352,14,Model_2
3064311500356100115,3251.810302734375,14,Model_2
3064311500356100126,3004.468262,14,Model_2
3064311500356100131,9767.811523,14,Model_2
3064311500356100132,23582.76758,14,Model_2
3064311500356100136,2339.114990234375,14,Model_2
3064311500357100028,22972.63086,14,Model_2
3064311500357100029,4342.067383,14,Model_2
3064311500357100031,8993.801758,14,Model_2
3064311500357100034,5753.02832,14,Model_2
3064311500357100035,25176.28906,14,Model_2
3064311500357100036,4820.009277,14,Model_2
3064311500357100038,1201.8389892578125,14,Model_2
3064311500357100040,5805.779297,14,Model_2
3064311500357100041,1708.830078,14,Model_2
3064311500357100042,34005.60156,14,Model_2
3064311500357100044,10491.87891,14,Model_2
3064311500357100046,4654.344727,14,Model_2
3064311500357100049,6023.730957,14,Model_2
3064311500357100050,4140.998047,14,Model_2
3064311500357100051,4123.296875,14,Model_2
3064311500357100052,4390.23584,14,Model_2
3064311500357100054,5990.675293,14,Model_2
3064311500357100056,165.59683227539062,14,Model_2
3064311500357100058,12772.30957,14,Model_2
3064311500357100059,8497.305664,14,Model_2
3064311500357100063,46563.00781,14,Model_2
3064311500357100064,6497.087402,14,Model_2
3064311500357100065,1687.5374755859375,14,Model_2
3064311500357100072,7127.450684,14,Model_2
3064311500357100073,10570.61035,14,Model_2
3064311500357100079,11166.43555,14,Model_2
3064311500357100081,75.89225006103516,14,Model_2
3064311500357100086,10644.54395,14,Model_2
3064311500357100089,1630.2178955078125,14,Model_2
3064311500357100092,22170.21484,14,Model_2
3064311500357100093,13452.15918,14,Model_2
3064311500357100095,2374.27832,14,Model_2
3064311500357100097,9653.523438,14,Model_2
3064311500357100098,8191.098145,14,Model_2
3064311500357100101,16893.58203,14,Model_2
3064311500357100106,13636.40137,14,Model_2
3064311500357100107,6264.287598,14,Model_2
3064311500357100109,4433.422852,14,Model_2
3064311500357100110,17818.61523,14,Model_2
3064311500357100112,3884.412353515625,14,Model_2
3064311500357100113,12137.84473,14,Model_2
3064311500357100114,12254.90723,14,Model_2
3064311500357100118,6583.566406,14,Model_2
3064311500357100119,8754.138672,14,Model_2
3064311500357100120,2480.674316,14,Model_2
3064311500357100122,13750.59473,14,Model_2
3064311500357100124,3652.743408203125,14,Model_2
3064311500357100126,25923.32031,14,Model_2
3064311500357100127,17650.98047,14,Model_2
3064311500357100129,7920.689941,14,Model_2
3064311500357100130,9647.124023,14,Model_2
3064311500357100131,741.9480590820312,14,Model_2
3064311500357100132,13538.11523,14,Model_2
3064311500357100135,14974.44922,14,Model_2
3064311500357100137,3391.791016,14,Model_2
3064311500357100139,8460.246094,14,Model_2
3064311500357100140,2528.636962890625,14,Model_2
3064311500357100141,16668.76367,14,Model_2
3064311500357100142,3289.026611328125,14,Model_2
3064311500357100144,7243.918457,14,Model_2
3064311500357100146,1101.9354248046875,14,Model_2
3064311500357100149,360.6166992,14,Model_2
3064311500357100150,14717.82715,14,Model_2
3064311500357100151,6239.219238,14,Model_2
3064311500357100152,20189.44141,14,Model_2
3064311500357100156,13438.25684,14,Model_2
3064311500357100159,327.3047180175781,14,Model_2
3064311500357100166,874.4776611328125,14,Model_2
3064311500357100168,168.17054748535156,14,Model_2
3064311500357100170,3483.401855,14,Model_2
3064311500357100172,6706.416504,14,Model_2
3064311500357100175,1394.4344482421875,14,Model_2
3064311500358100063,24630.58008,14,Model_2
3064311500358100077,13630.50195,14,Model_2
3064311500358100092,14382.51758,14,Model_2
3064311500358100093,28691.50391,14,Model_2
3064311500358100103,10780.62598,14,Model_2
3064311500358100104,5932.583984,14,Model_2
3064311500358100108,1821.9718017578125,14,Model_2
3064311500358100110,7790.265137,14,Model_2
3064311500358100116,12828.49707,14,Model_2
3064311500358100117,6461.802734,14,Model_2
3064311500358100119,3536.470215,14,Model_2
3064311500358100125,8309.712891,14,Model_2
3064311500358100126,27221.66602,14,Model_2
3064311500358100129,4159.845703,14,Model_2
3064311500358100132,3894.509277,14,Model_2
3064311500358100133,15431.20703,14,Model_2
3064311500358100139,11798.88379,14,Model_2
3064311500358100146,3323.900391,14,Model_2
3064311500358100148,23779.41016,14,Model_2
3064311500358100149,4505.773926,14,Model_2
3064311500358100151,1951.1395263671875,14,Model_2
3064311500358100153,1860.731201171875,14,Model_2
3064311500358100155,4834.600586,14,Model_2
3064311500358100156,1720.104004,14,Model_2
3064311500358100158,1787.70459,14,Model_2
3064311500358100161,2495.237793,14,Model_2
3064311500358100164,7716.999512,14,Model_2
3064311500358100165,4700.193359,14,Model_2
3064311500358100166,9609.018555,14,Model_2
3064311500358100168,2919.291504,14,Model_2
3064311500360100095,9066.833008,29,Model_2
3064311500360100097,4695.591309,29,Model_2
3064311500360100099,9437.631836,29,Model_2
3064311500361100004,4693.003906,29,Model_2
3064311500361100005,6348.713867,29,Model_2
3064311500361100006,4746.643555,29,Model_2
3064311500361100007,7605.765137,29,Model_2
3064311500361100008,17445.47461,29,Model_2
3064311500361100009,14148.77734,29,Model_2
3064311500361100010,5569.804199,29,Model_2
3064311500361100011,8918.242188,29,Model_2
3064311500361100012,7874.958496,29,Model_2
3064311500361100013,7884.904785,29,Model_2
3064311500361100014,5245.103027,29,Model_2
3064311500361100015,5544.305664,29,Model_2
3064311500361100016,3711.947509765625,29,Model_2
3064311500361100017,2108.009033203125,29,Model_2
3064311500361100018,3965.264892578125,29,Model_2
3064311500361100019,14080.16406,29,Model_2
3064311500361100020,1508.8868408203125,29,Model_2
3064311500361100021,5160.330566,29,Model_2
3064311500361100022,2705.912353515625,29,Model_2
3064311500361100023,3694.108154296875,29,Model_2
3064311500361100024,2107.279052734375,29,Model_2
3064311500361100025,2251.70752,29,Model_2
3064311500361100026,2930.650391,29,Model_2
3064311500361100027,5147.660645,29,Model_2
3064311500361100028,2124.475098,29,Model_2
3064311500361100029,1894.332763671875,29,Model_2
3064311500361100030,6380.362793,29,Model_2
3064311500361100031,2503.322509765625,29,Model_2
3064311500361100032,3476.282470703125,29,Model_2
3064311500361100033,6195.078613,29,Model_2
3064311500361100034,10908.21973,29,Model_2
3064311500361100035,7212.124512,29,Model_2
3064311500361100036,5184.777344,29,Model_2
3064311500361100037,3581.158447265625,29,Model_2
3064311500361100039,5317.007324,29,Model_2
3064311500361100042,3302.827637,29,Model_2
3064311500361100043,6213.273926,29,Model_2
3064311500361100044,3810.783691,29,Model_2
3064311500361100045,2689.750732421875,29,Model_2
3064311500361100052,4885.43457,29,Model_2
3064311500361100053,2250.817138671875,29,Model_2
3064311500361100055,2159.718262,29,Model_2
3064311500361100057,3189.315673828125,29,Model_2
3064311500361100063,5778.732422,29,Model_2
3064311500361100064,3735.703857421875,29,Model_2
3064311500361100070,388.39068603515625,29,Model_2
3064311500362100034,17067.24219,29,Model_2
3064311500362100041,4978.320801,29,Model_2
3064311500371100001,29143.97266,4,Model_2
3064311500371100010,14013.86523,4,Model_2
3064311500371100011,13549.93164,4,Model_2
3064311500371100012,16485.69336,4,Model_2
3064311500371100014,23533.5957,4,Model_2
3064311500371100015,11232.99121,4,Model_2
3064311500371100016,13507.06836,4,Model_2
3064311500371100018,6115.035156,4,Model_2
3064311500371100019,11299.89063,4,Model_2
3064311500371100021,10828.16992,4,Model_2
3064311500371100022,10162.39258,4,Model_2
3064311500371100023,5115.255859,4,Model_2
3064311500371100024,12404.02344,4,Model_2
3064311500371100026,19172.68945,4,Model_2
3064311500371100028,21788.21289,4,Model_2
3064311500371100029,10967.77539,4,Model_2
3064311500371100031,10891.83789,4,Model_2
3064311500371100033,11916.65527,4,Model_2
3064311500371100034,8806.536133,4,Model_2
3064311500371100035,5932.415527,4,Model_2
3064311500371100037,9568.794922,4,Model_2
3064311500371100039,16656.08203,4,Model_2
3064311500371100040,7814.823242,4,Model_2
3064311500371100041,8971.441406,4,Model_2
3064311500371100042,5561.149414,4,Model_2
3064311500371100044,11825.9082,4,Model_2
3064311500371100045,11636.0459,4,Model_2
3064311500371100046,4093.955810546875,4,Model_2
3064311500371100047,8588.618164,4,Model_2
3064311500371100048,14834.58203,4,Model_2
3064311500371100050,14183.39941,4,Model_2
3064311500371100052,4638.423828,4,Model_2
3064311500371100053,10003.65234,4,Model_2
3064311500371100055,12683.9707,4,Model_2
3064311500371100056,11242.19238,4,Model_2
3064311500371100057,4495.184082,4,Model_2
3064311500371100058,3564.852539,4,Model_2
3064311500371100059,11099.41113,4,Model_2
3064311500371100060,5050.210449,4,Model_2
3064311500371100061,8549.871094,4,Model_2
3064311500371100063,9048.53418,4,Model_2
3064311500371100064,13520.1875,4,Model_2
3064311500371100065,15007.89453,4,Model_2
3064311500371100067,11522.1416,4,Model_2
3064311500371100068,7849.131836,4,Model_2
3064311500371100069,8501.395508,4,Model_2
3064311500371100071,7641.577148,4,Model_2
3064311500371100072,8904.305664,4,Model_2
3064311500371100073,12696.2627,4,Model_2
3064311500371100075,21905.65625,4,Model_2
3064311500371100076,5231.823242,4,Model_2
3064311500371100077,15138.47168,4,Model_2
3064311500371100078,6437.572266,4,Model_2
3064311500371100079,13829.4248,4,Model_2
3064311500371100080,7840.023438,4,Model_2
3064311500371100084,11843.20605,4,Model_2
3064311500371100087,11080.37891,4,Model_2
3064311500371100088,12563.49219,4,Model_2
3064311500371100095,2713.058349609375,4,Model_2
3064311500372100006,41002.80859,4,Model_2
3064311500372100010,17844.20117,4,Model_2
3064311500372100012,16901.59375,4,Model_2
3064311500372100016,26445.06055,4,Model_2
3064311500372100018,11435.54102,4,Model_2
3064311500372100020,36249.62109,4,Model_2
3064311500372100023,15499.34375,4,Model_2
3064311500372100024,26438.49219,4,Model_2
3064311500372100028,11996.3457,4,Model_2
3064311500372100029,16173.95605,4,Model_2
3064311500372100031,7964.647949,4,Model_2
3064311500372100034,23241.38281,4,Model_2
3064311500372100035,27376.78711,4,Model_2
3064311500372100038,16478.80859,4,Model_2
3064311500372100039,45968.76563,4,Model_2
3064311500372100041,5318.586914,4,Model_2
3064311500372100042,11325.55957,4,Model_2
3064311500372100044,30098.94141,4,Model_2
3064311500372100045,11447.96582,4,Model_2
3064311500372100046,28899.29297,4,Model_2
3064311500372100047,3939.937255859375,4,Model_2
3064311500372100049,33528.82031,4,Model_2
3064311500372100050,26446.36914,4,Model_2
3064311500372100052,16405.51172,4,Model_2
3064311500372100054,16385.83789,4,Model_2
3064311500372100055,30112.24023,4,Model_2
3064311500372100056,6402.689941,4,Model_2
3064311500372100057,9490.647461,4,Model_2
3064311500372100058,6168.76123,4,Model_2
3064311500372100061,22932.69531,4,Model_2
3064311500372100062,6172.068359,4,Model_2
3064311500372100063,12968.16406,4,Model_2
3064311500372100064,13904.7998,4,Model_2
3064311500372100065,21924.26563,4,Model_2
3064311500372100066,13627.92188,4,Model_2
3064311500372100067,16512.87109,4,Model_2
3064311500372100068,17989.32227,4,Model_2
3064311500372100069,15518.0752,4,Model_2
3064311500372100073,28166.46484,4,Model_2
3064311500372100074,8524.408203,4,Model_2
3064311500372100075,18907.35742,4,Model_2
3064311500372100078,18819.82227,4,Model_2
3064311500372100079,8099.450684,4,Model_2
3064311500372100080,24458.86719,4,Model_2
3064311500372100081,5545.209473,4,Model_2
3064311500372100082,14140.90332,4,Model_2
3064311500372100083,17719.28125,4,Model_2
3064311500372100086,16173.18555,4,Model_2
3064311500372100087,15244.26074,4,Model_2
3064311500372100088,19385.24805,4,Model_2
3064311500372100089,12870.40137,4,Model_2
3064311500372100090,25651.92773,4,Model_2
3064311500372100091,12387.25488,4,Model_2
3064311500372100092,1408.5279541015625,4,Model_2
3064311500372100094,20833.05469,4,Model_2
3064311500372100095,13031.66211,4,Model_2
3064311500372100096,10454.69824,4,Model_2
3064311500372100099,13387.7207,4,Model_2
3064311500372100105,12201.5625,4,Model_2
3064311500372100106,12697.72461,4,Model_2
3064311500373100029,37557.71484,4,Model_2
3064311500373100049,10803.27734,4,Model_2
3064311500373100050,10007.44141,4,Model_2
3064311500373100060,2539.503173828125,4,Model_2
3064311500373100063,34066.04297,4,Model_2
3064311500373100065,18677.58984,4,Model_2
3064311500373100067,61290.35938,4,Model_2
3064311500373100077,40044.51953,4,Model_2
3064311500373100085,18412.76367,4,Model_2
3064311500373100090,23439.21484,4,Model_2
3064311500373100092,39421.78125,4,Model_2
3064311500373100095,17711.83008,4,Model_2
3064311500373100101,14162.04883,4,Model_2
3064311500373100110,11010.61426,4,Model_2
3064311500373100113,24549.78516,4,Model_2
3064311500375100016,9267.733398,8,Model_2
3064311500375100020,15097.93652,8,Model_2
3064311500375100023,15890.73535,8,Model_2
3064311500375100024,18405.66992,8,Model_2
3064311500375100029,25468.1582,8,Model_2
3064311500375100032,4394.74707,8,Model_2
3064311500375100042,3373.053955078125,8,Model_2
3064311500375100043,1803.396484,8,Model_2
3064311500375100045,11708.91406,8,Model_2
3064311500375100046,19194.26367,8,Model_2
3064311500375100052,17987.10938,8,Model_2
3064311500375100055,2019.6080322265625,8,Model_2
3064311500375100057,15905.62109,8,Model_2
3064311500375100062,13232.91992,8,Model_2
3064311500375100064,3856.706298828125,8,Model_2
3064311500375100066,9283.977539,8,Model_2
3064311500375100071,4556.942871,8,Model_2
3064311500375100072,14338.12988,8,Model_2
3064311500375100073,15286.24121,8,Model_2
3064311500375100074,44802.12109,8,Model_2
3064311500375100075,7251.546387,8,Model_2
3064311500375100079,5879.612793,8,Model_2
3064311500375100083,5141.618164,8,Model_2
3064311500376100006,9048.616211,8,Model_2
3064311500376100007,8602.110352,8,Model_2
3064311500376100008,3594.562012,8,Model_2
3064311500376100012,7158.482422,8,Model_2
3064311500376100013,9507.591797,8,Model_2
3064311500376100014,7363.243164,8,Model_2
3064311500376100015,6537.54541,8,Model_2
3064311500376100016,7028.898926,8,Model_2
3064311500376100017,5114.744141,8,Model_2
3064311500376100019,6274.37207,8,Model_2
3064311500376100020,6272.881348,8,Model_2
3064311500376100021,3743.800781,8,Model_2
3064311500376100022,3820.189697265625,8,Model_2
3064311500376100023,5185.030273,8,Model_2
3064311500376100024,2730.42627,8,Model_2
3064311500376100025,6798.328613,8,Model_2
3064311500376100026,16889.66797,8,Model_2
3064311500376100027,8537.541016,8,Model_2
3064311500376100028,6310.584961,8,Model_2
3064311500376100029,5380.131348,8,Model_2
3064311500376100031,4196.651367,8,Model_2
3064311500376100032,11121.97754,8,Model_2
3064311500376100033,3463.800048828125,8,Model_2
3064311500376100034,4993.921875,8,Model_2
3064311500376100035,6829.203125,8,Model_2
3064311500376100036,11044.96875,8,Model_2
3064311500376100037,4934.57373,8,Model_2
3064311500376100038,10113.5957,8,Model_2
3064311500376100039,3128.122559,8,Model_2
3064311500376100041,2240.321044921875,8,Model_2
3064311500376100042,9202.711914,8,Model_2
3064311500376100043,2529.869141,8,Model_2
3064311500376100044,8522.760742,8,Model_2
3064311500376100045,4765.007324,8,Model_2
3064311500376100046,7961.537109,8,Model_2
3064311500376100047,2637.987793,8,Model_2
3064311500376100050,6465.860352,8,Model_2
3064311500376100051,1545.7767333984375,8,Model_2
3064311500376100052,5542.177246,8,Model_2
3064311500376100053,5851.588379,8,Model_2
3064311500376100054,1068.8314208984375,8,Model_2
3064311500376100055,6549.264648,8,Model_2
3064311500376100056,8511.989258,8,Model_2
3064311500376100057,6474.096191,8,Model_2
3064311500376100058,2367.020996,8,Model_2
3064311500376100059,2335.932861328125,8,Model_2
3064311500376100060,7661.269531,8,Model_2
3064311500376100061,5842.95166,8,Model_2
3064311500376100062,5255.456543,8,Model_2
3064311500376100063,7039.211426,8,Model_2
3064311500376100065,17503.13281,8,Model_2
3064311500376100066,5464.119629,8,Model_2
3064311500376100067,3982.939208984375,8,Model_2
3064311500376100068,9212.624023,8,Model_2
3064311500376100069,2443.096923828125,8,Model_2
3064311500376100070,4921.297363,8,Model_2
3064311500376100071,6037.297363,8,Model_2
3064311500376100072,8685.820313,8,Model_2
3064311500376100077,4536.37793,8,Model_2
3064311500376100079,11444.61523,8,Model_2
3064311500376100080,4090.490723,8,Model_2
3064311500376100081,8424.522461,8,Model_2
3064311500376100082,6775.249512,8,Model_2
3064311500376100083,9304.916992,8,Model_2
3064311500376100085,7466.481445,8,Model_2
3064311500376100086,9778.15918,8,Model_2
3064311500376100087,8180.477539,8,Model_2
3064311500376100091,2769.468262,8,Model_2
3064311500376100092,10172.92676,8,Model_2
3064311500376100094,8612.509766,8,Model_2
3064311500376100095,4655.104492,8,Model_2
3064311500376100096,12365.55762,8,Model_2
3064311500376100097,9205.9375,8,Model_2
3064311500376100099,13142.04199,8,Model_2
3064311500376100101,22126.74609,8,Model_2
3064311500376100102,7903.802734,8,Model_2
3064311500376100104,17380.57617,8,Model_2
3064311500376100106,7990.675293,8,Model_2
3064311500376100108,24026.25586,8,Model_2
3064311500376100110,5539.612305,8,Model_2
3064311500376100111,5150.726074,8,Model_2
3064311500376100112,6681.676758,8,Model_2
3064311500376100114,8519.873047,8,Model_2
3064311500376100115,17703.74414,8,Model_2
3064311500376100116,15647.35547,8,Model_2
3064311500376100117,5874.020508,8,Model_2
3064311500376100120,7640.805176,8,Model_2
3064311500376100122,9427.716797,8,Model_2
3064311500376100123,9586.881836,8,Model_2
3064311500376100124,8554.166016,8,Model_2
3064311500376100126,14070.10352,8,Model_2
3064311500376100127,1359.317871,8,Model_2
3064311500376100128,16910.87109,8,Model_2
3064311500376100129,8938.441406,8,Model_2
3064311500377100031,30307.28516,8,Model_2
3064311500377100045,10988.46777,8,Model_2
3064311500377100046,12078.51074,8,Model_2
3064311500377100053,8551.879883,8,Model_2
3064311500377100054,4608.285645,8,Model_2
3064311500377100057,18313.0,8,Model_2
3064311500377100058,8066.900879,8,Model_2
3064311500377100061,2433.962891,8,Model_2
3064311500377100062,10071.08789,8,Model_2
3064311500377100063,5794.739258,8,Model_2
3064311500377100065,10637.28223,8,Model_2
3064311500377100066,4732.466309,8,Model_2
3064311500377100068,2993.714355,8,Model_2
3064311500377100071,14277.5459,8,Model_2
3064311500377100072,13066.40234,8,Model_2
3064311500377100075,4751.353516,8,Model_2
3064311500377100080,15186.33301,8,Model_2
3064311500377100081,11364.8623,8,Model_2
3064311500377100085,3243.843505859375,8,Model_2
3064311500377100086,9431.669922,8,Model_2
3064311500379100004,1845.2711181640625,14,Model_2
3064311500379100018,4241.668945,14,Model_2
3064311500379100022,2794.512939453125,14,Model_2
3064311500379100024,8512.810547,14,Model_2
3064311500379100030,101.79617309570312,14,Model_2
3064311500379100031,7775.889648,14,Model_2
3064311500379100033,5671.82959,14,Model_2
3064311500379100034,5709.517578,14,Model_2
3064311500379100035,1582.491699,14,Model_2
3064311500379100036,14376.90527,14,Model_2
3064311500379100038,21947.91406,14,Model_2
3064311500379100039,971.0568237304688,14,Model_2
3064311500379100041,10980.43652,14,Model_2
3064311500379100042,2607.861572265625,14,Model_2
3064311500379100043,625.6498413085938,14,Model_2
3064311500379100044,18818.76953,14,Model_2
3064311500379100046,367.4593505859375,14,Model_2
3064311500379100047,18770.80664,14,Model_2
3064311500379100049,6903.160645,14,Model_2
3064311500379100051,5497.918945,14,Model_2
3064311500379100052,578.1325073242188,14,Model_2
3064311500379100053,5244.419434,14,Model_2
3064311500379100054,4075.258056640625,14,Model_2
3064311500379100056,5967.026367,14,Model_2
3064311500379100057,12741.75391,14,Model_2
3064311500379100058,1127.709228515625,14,Model_2
3064311500379100059,11652.52051,14,Model_2
3064311500379100060,7425.484863,14,Model_2
3064311500379100061,491.1251525878906,14,Model_2
3064311500379100062,13458.8125,14,Model_2
3064311500379100063,5111.251465,14,Model_2
3064311500379100064,5887.114258,14,Model_2
3064311500379100065,8447.943359,14,Model_2
3064311500379100067,6340.935059,14,Model_2
3064311500379100068,8512.475586,14,Model_2
3064311500379100069,4064.668701171875,14,Model_2
3064311500379100070,11334.58203,14,Model_2
3064311500379100071,3056.938965,14,Model_2
3064311500379100073,5129.445801,14,Model_2
3064311500379100074,15404.57617,14,Model_2
3064311500379100075,30548.89063,14,Model_2
3064311500379100076,6628.175293,14,Model_2
3064311500379100077,22101.01563,14,Model_2
3064311500379100078,12309.74512,14,Model_2
3064311500379100079,4633.367676,14,Model_2
3064311500379100080,7754.337891,14,Model_2
3064311500379100081,11508.08301,14,Model_2
3064311500379100082,345.1074219,14,Model_2
3064311500379100083,27406.29102,14,Model_2
3064311500379100084,6312.974121,14,Model_2
3064311500379100085,13282.34277,14,Model_2
3064311500379100086,6280.599609,14,Model_2
3064311500379100087,1002.2303466796876,14,Model_2
3064311500379100089,11423.94043,14,Model_2
3064311500379100090,41592.76172,14,Model_2
3064311500379100091,5332.921875,14,Model_2
3064311500379100092,10317.37793,14,Model_2
3064311500379100094,5268.828125,14,Model_2
3064311500379100095,12011.25586,14,Model_2
3064311500379100096,19669.37109,14,Model_2
3064311500379100097,15960.5752,14,Model_2
3064311500379100099,12629.72754,14,Model_2
3064311500379100100,12669.6582,14,Model_2
3064311500379100101,1164.8096923828125,14,Model_2
3064311500379100102,3606.534423828125,14,Model_2
3064311500379100103,3649.204345703125,14,Model_2
3064311500379100107,7314.09082,14,Model_2
3064311500379100108,15548.06836,14,Model_2
3064311500379100109,13250.65625,14,Model_2
3064311500379100110,6281.849609,14,Model_2
3064311500379100111,4051.788574,14,Model_2
3064311500379100112,14252.40918,14,Model_2
3064311500379100113,4044.388427734375,14,Model_2
3064311500379100115,6096.310059,14,Model_2
3064311500379100116,7067.629883,14,Model_2
3064311500379100117,15256.73242,14,Model_2
3064311500379100118,2751.213867,14,Model_2
3064311500379100120,13771.375,14,Model_2
3064311500379100122,5408.190918,14,Model_2
3064311500379100123,20058.44922,14,Model_2
3064311500379100124,3505.407715,14,Model_2
3064311500379100125,5154.396973,14,Model_2
3064311500379100126,12390.49316,14,Model_2
3064311500379100127,9414.135742,14,Model_2
3064311500379100128,11312.97266,14,Model_2
3064311500379100130,5459.064453,14,Model_2
3064311500379100131,453.2121582,14,Model_2
3064311500379100133,309.37005615234375,14,Model_2
3064311500379100137,2726.469482421875,14,Model_2
3064311500380100009,7022.452637,14,Model_2
3064311500380100010,4636.921875,14,Model_2
3064311500380100013,17632.47656,14,Model_2
3064311500380100017,7966.735352,14,Model_2
3064311500380100018,13861.14355,14,Model_2
3064311500380100019,8063.998535,14,Model_2
3064311500380100021,1560.2137451171875,14,Model_2
3064311500380100022,6301.751953,14,Model_2
3064311500380100025,4181.109863,14,Model_2
3064311500380100028,1740.5091552734375,14,Model_2
3064311500380100030,12545.86719,14,Model_2
3064311500380100031,15189.57422,14,Model_2
3064311500380100034,4572.336426,14,Model_2
3064311500380100035,10363.58203,14,Model_2
3064311500380100036,530.5979614257812,14,Model_2
3064311500380100038,4299.152344,14,Model_2
3064311500380100039,5916.706055,14,Model_2
3064311500380100040,5334.148926,14,Model_2
3064311500380100041,1509.206055,14,Model_2
3064311500380100043,17496.3418,14,Model_2
3064311500380100044,7707.24707,14,Model_2
3064311500380100046,899.0581055,14,Model_2
3064311500380100048,6126.235352,14,Model_2
3064311500380100049,15063.90234,14,Model_2
3064311500380100050,611.2487182617188,14,Model_2
3064311500380100051,9532.994141,14,Model_2
3064311500380100054,10990.32422,14,Model_2
3064311500380100056,2190.883056640625,14,Model_2
3064311500380100058,9313.766602,14,Model_2
3064311500380100059,17375.68555,14,Model_2
3064311500380100060,15810.80273,14,Model_2
3064311500380100061,11018.54883,14,Model_2
3064311500380100064,4750.490234,14,Model_2
3064311500380100065,10253.44141,14,Model_2
3064311500380100066,1997.0069580078125,14,Model_2
3064311500380100067,6283.261719,14,Model_2
3064311500380100068,12536.59375,14,Model_2
3064311500380100070,9706.036133,14,Model_2
3064311500380100071,13394.56055,14,Model_2
3064311500380100075,11061.0332,14,Model_2
3064311500380100076,8706.485352,14,Model_2
3064311500380100078,24642.62109,14,Model_2
3064311500380100079,6238.63916,14,Model_2
3064311500380100080,12000.15527,14,Model_2
3064311500380100081,5502.463379,14,Model_2
3064311500380100082,5008.673828,14,Model_2
3064311500380100084,4606.568359,14,Model_2
3064311500380100088,3680.307129,14,Model_2
3064311500380100089,14827.34082,14,Model_2
3064311500380100091,5430.88916,14,Model_2
3064311500380100092,4317.875977,14,Model_2
3064311500380100093,10471.67969,14,Model_2
3064311500380100094,718.5742188,14,Model_2
3064311500380100095,12998.06934,14,Model_2
3064311500380100096,4641.791992,14,Model_2
3064311500380100097,10832.77832,14,Model_2
3064311500380100099,945.9691162109376,14,Model_2
3064311500380100100,4538.223633,14,Model_2
3064311500380100102,596.2835083007812,14,Model_2
3064311500380100103,2139.489746,14,Model_2
3064311500380100104,12351.24805,14,Model_2
3064311500380100105,8693.132813,14,Model_2
3064311500380100107,26222.58594,14,Model_2
3064311500380100108,8800.25,14,Model_2
3064311500380100110,5420.352051,14,Model_2
3064311500380100112,16379.47363,14,Model_2
3064311500380100114,1239.1822509765625,14,Model_2
3064311500380100118,6254.239746,14,Model_2
3064311500380100119,3489.081055,14,Model_2
3064311500380100120,17164.62109,14,Model_2
3064311500380100121,8889.794922,14,Model_2
3064311500380100122,29457.25,14,Model_2
3064311500380100123,10444.11426,14,Model_2
3064311500380100126,17367.78906,14,Model_2
3064311500380100129,7432.38623,14,Model_2
3064311500380100131,2677.723633,14,Model_2
3064311500380100135,4824.035156,14,Model_2
3064311500380100136,2694.743408203125,14,Model_2
3064311500380100137,16653.18555,14,Model_2
3064311500380100139,19200.66797,14,Model_2
3064311500380100140,13122.23633,14,Model_2
3064311500380100142,17718.00391,14,Model_2
3064311500380100143,8198.253906,14,Model_2
3064311500380100144,10201.30176,14,Model_2
3064311500380100146,3772.937744140625,14,Model_2
3064311500380100147,7003.411621,14,Model_2
3064311500380100151,9196.224609,14,Model_2
3064311500380100152,30342.42578,14,Model_2
3064311500380100153,1332.4088134765625,14,Model_2
3064311500380100154,1481.3787841796875,14,Model_2
3064311500380100156,14215.66992,14,Model_2
3064311500380100157,865.4591674804688,14,Model_2
3064311500380100159,5742.227051,14,Model_2
3064311500380100161,1976.616211,14,Model_2
3064311500380100163,11914.31445,14,Model_2
3064311500380100164,3261.004150390625,14,Model_2
3064311500380100166,12342.43164,14,Model_2
3064311500380100168,4775.346191,14,Model_2
3064311500380100170,6691.919434,14,Model_2
3064311500380100172,13458.37891,14,Model_2
3064311500380100174,2559.621337890625,14,Model_2
3064311500380100178,2863.436767578125,14,Model_2
3064311500380100179,14551.14648,14,Model_2
3064311500380100180,12856.46484,14,Model_2
3064311500380100181,15389.29883,14,Model_2
3064311500380100185,5194.668457,14,Model_2
3064311500380100186,11588.90527,14,Model_2
3064311500380100191,807.7994995117188,14,Model_2
3064311500380100204,2503.853759765625,14,Model_2
3064311500381100004,4228.919922,14,Model_2
3064311500381100005,10396.98828,14,Model_2
3064311500381100008,5328.977051,14,Model_2
3064311500381100013,1766.362548828125,14,Model_2
3064311500381100014,11504.32129,14,Model_2
3064311500381100015,16423.23828,14,Model_2
3064311500381100018,11228.80664,14,Model_2
3064311500381100020,722.8740234,14,Model_2
3064311500381100022,7742.327637,14,Model_2
3064311500381100023,7907.97168,14,Model_2
3064311500381100024,10134.96191,14,Model_2
3064311500381100025,3691.304688,14,Model_2
3064311500381100027,5478.453613,14,Model_2
3064311500381100028,13483.82422,14,Model_2
3064311500381100030,4408.585938,14,Model_2
3064311500381100037,6779.90918,14,Model_2
3064311500381100038,3239.332763671875,14,Model_2
3064311500381100039,10299.69043,14,Model_2
3064311500381100040,13423.85352,14,Model_2
3064311500381100041,5143.772949,14,Model_2
3064311500381100042,1868.501465,14,Model_2
3064311500381100043,3711.207031,14,Model_2
3064311500381100044,8271.261719,14,Model_2
3064311500381100045,6186.908691,14,Model_2
3064311500381100046,12554.65625,14,Model_2
3064311500381100047,13793.41895,14,Model_2
3064311500381100048,12709.14453,14,Model_2
3064311500381100049,8349.175781,14,Model_2
3064311500381100050,11154.81641,14,Model_2
3064311500381100052,10451.19531,14,Model_2
3064311500381100053,8717.419922,14,Model_2
3064311500381100055,14641.0166,14,Model_2
3064311500381100057,3500.820801,14,Model_2
3064311500381100058,4878.680176,14,Model_2
3064311500381100060,14766.74707,14,Model_2
3064311500381100062,15025.58789,14,Model_2
3064311500381100063,3405.694091796875,14,Model_2
3064311500381100064,8829.162109,14,Model_2
3064311500381100065,19943.59961,14,Model_2
3064311500381100067,14863.68945,14,Model_2
3064311500381100068,16652.50977,14,Model_2
3064311500381100069,2208.359375,14,Model_2
3064311500381100072,12871.36426,14,Model_2
3064311500381100073,3436.327637,14,Model_2
3064311500381100074,3276.372559,14,Model_2
3064311500381100075,13088.58203,14,Model_2
3064311500381100076,13564.625,14,Model_2
3064311500381100077,18979.39453,14,Model_2
3064311500381100078,8981.277344,14,Model_2
3064311500381100079,5144.584473,14,Model_2
3064311500381100081,11395.5752,14,Model_2
3064311500381100082,16705.7793,14,Model_2
3064311500381100083,11919.65723,14,Model_2
3064311500381100084,7560.056641,14,Model_2
3064311500381100085,10685.51758,14,Model_2
3064311500381100087,8961.890625,14,Model_2
3064311500381100089,7652.492676,14,Model_2
3064311500381100090,13399.3291,14,Model_2
3064311500381100091,23676.11328,14,Model_2
3064311500381100092,3070.022949,14,Model_2
3064311500381100093,14165.11133,14,Model_2
3064311500381100094,5563.982422,14,Model_2
3064311500381100095,6879.589844,14,Model_2
3064311500381100096,9744.359375,14,Model_2
3064311500381100097,5488.571777,14,Model_2
3064311500381100098,10765.26758,14,Model_2
3064311500381100099,3959.984863,14,Model_2
3064311500381100100,5581.08252,14,Model_2
3064311500381100101,5678.504395,14,Model_2
3064311500381100103,1611.7669677734375,14,Model_2
3064311500381100104,5168.301758,14,Model_2
3064311500381100105,1348.8858642578125,14,Model_2
3064311500381100106,9167.553711,14,Model_2
3064311500381100107,13137.70898,14,Model_2
3064311500381100108,2866.121582,14,Model_2
3064311500381100109,11991.00195,14,Model_2
3064311500381100112,7425.100098,14,Model_2
3064311500381100114,7724.824707,14,Model_2
3064311500381100116,4204.496094,14,Model_2
3064311500381100117,12076.38184,14,Model_2
3064311500381100119,14362.75781,14,Model_2
3064311500381100120,10441.81543,14,Model_2
3064311500381100122,4810.44043,14,Model_2
3064311500381100123,12262.36035,14,Model_2
3064311500381100124,3654.267333984375,14,Model_2
3064311500381100125,8036.67627,14,Model_2
3064311500381100128,11112.09766,14,Model_2
3064311500381100129,4317.044922,14,Model_2
3064311500381100130,12572.63477,14,Model_2
3064311500381100134,6096.050293,14,Model_2
3064311500381100141,2040.440673828125,14,Model_2
3064311500383100003,8650.753906,29,Model_2
3064311500383100004,13712.9043,29,Model_2
3064311500383100005,2506.943848,29,Model_2
3064311500383100006,11096.79883,29,Model_2
3064311500383100009,8885.826172,29,Model_2
3064311500383100011,17332.14844,29,Model_2
3064311500383100012,5708.547363,29,Model_2
3064311500383100014,1816.573242,29,Model_2
3064311500383100015,7822.530273,29,Model_2
3064311500383100017,10022.56836,29,Model_2
3064311500383100019,10696.32129,29,Model_2
3064311500383100021,8682.054688,29,Model_2
3064311500383100023,4511.07666,29,Model_2
3064311500383100025,3632.12207,29,Model_2
3064311500383100026,12619.7041,29,Model_2
3064311500383100027,2710.808837890625,29,Model_2
3064311500383100029,7283.982422,29,Model_2
3064311500383100030,5159.262695,29,Model_2
3064311500383100032,3878.37793,29,Model_2
3064311500383100034,6893.275391,29,Model_2
3064311500383100035,4626.650879,29,Model_2
3064311500383100039,7573.405762,29,Model_2
3064311500383100040,8236.359375,29,Model_2
3064311500383100041,937.4486083984376,29,Model_2
3064311500383100042,4586.856445,29,Model_2
3064311500383100043,7494.651855,29,Model_2
3064311500383100045,1312.6868896484375,29,Model_2
3064311500383100046,5091.891602,29,Model_2
3064311500383100048,3071.908447265625,29,Model_2
3064311500383100049,15621.11719,29,Model_2
3064311500383100050,3419.976563,29,Model_2
3064311500383100051,4865.354492,29,Model_2
3064311500383100052,3526.770751953125,29,Model_2
3064311500383100053,7941.155273,29,Model_2
3064311500383100054,4257.098145,29,Model_2
3064311500383100055,9099.361328,29,Model_2
3064311500383100057,5067.167969,29,Model_2
3064311500383100058,3399.797363,29,Model_2
3064311500383100059,1232.820313,29,Model_2
3064311500383100060,4612.082031,29,Model_2
3064311500383100061,4377.541504,29,Model_2
3064311500383100062,6102.226563,29,Model_2
3064311500383100064,4730.435547,29,Model_2
3064311500383100065,2747.780029296875,29,Model_2
3064311500383100066,4453.978516,29,Model_2
3064311500383100067,14756.25391,29,Model_2
3064311500383100068,6279.287598,29,Model_2
3064311500383100069,8409.06543,29,Model_2
3064311500383100070,9114.083008,29,Model_2
3064311500383100071,2198.134033203125,29,Model_2
3064311500383100072,6319.85498,29,Model_2
3064311500383100073,5605.163086,29,Model_2
3064311500383100077,8023.67334,29,Model_2
3064311500383100078,3400.186279296875,29,Model_2
3064311500383100079,6753.491699,29,Model_2
3064311500383100080,2990.290527,29,Model_2
3064311500383100083,5734.57666,29,Model_2
3064311500383100084,6221.520508,29,Model_2
3064311500383100085,3832.996582,29,Model_2
3064311500383100086,6439.94043,29,Model_2
3064311500383100087,9476.306641,29,Model_2
3064311500383100088,3673.211669921875,29,Model_2
3064311500383100089,3920.546387,29,Model_2
3064311500383100090,7684.848145,29,Model_2
3064311500383100092,7171.372559,29,Model_2
3064311500383100093,8625.52832,29,Model_2
3064311500383100096,10752.71777,29,Model_2
3064311500383100097,4714.697266,29,Model_2
3064311500383100098,5514.755371,29,Model_2
3064311500383100101,5328.234863,29,Model_2
3064311500384100007,5532.683105,29,Model_2
3064311500384100015,4175.269531,29,Model_2
3064311500384100017,1096.948242,29,Model_2
3064311500384100019,5092.048828,29,Model_2
3064311500384100020,7333.622559,29,Model_2
3064311500384100021,13795.44238,29,Model_2
3064311500384100022,2616.199462890625,29,Model_2
3064311500384100025,2826.764892578125,29,Model_2
3064311500384100028,3989.846191,29,Model_2
3064311500384100031,5606.698242,29,Model_2
3064311500384100035,16843.56641,29,Model_2
3064311500384100037,8191.994629,29,Model_2
3064311500384100040,4110.725098,29,Model_2
3064311500384100041,9043.973633,29,Model_2
3064311500384100042,10621.68457,29,Model_2
3064311500384100045,5333.750488,29,Model_2
3064311500384100046,7733.748047,29,Model_2
3064311500384100047,8371.310547,29,Model_2
3064311500384100048,4601.64502,29,Model_2
3064311500384100049,1816.5260009765625,29,Model_2
3064311500384100050,6877.56543,29,Model_2
3064311500384100051,7201.343262,29,Model_2
3064311500384100053,8145.15332,29,Model_2
3064311500384100054,993.0471801757812,29,Model_2
3064311500384100055,6766.650391,29,Model_2
3064311500384100056,10927.33887,29,Model_2
3064311500384100057,7969.045898,29,Model_2
3064311500384100058,14705.05176,29,Model_2
3064311500384100060,6368.378906,29,Model_2
3064311500384100061,11654.83789,29,Model_2
3064311500384100064,1502.5906982421875,29,Model_2
3064311500384100065,6123.605957,29,Model_2
3064311500384100066,1665.3094482421875,29,Model_2
3064311500384100067,722.6603393554688,29,Model_2
3064311500384100068,12162.91797,29,Model_2
3064311500384100069,9446.086914,29,Model_2
3064311500384100070,7445.976074,29,Model_2
3064311500384100071,9629.338867,29,Model_2
3064311500384100072,6869.225586,29,Model_2
3064311500384100074,6125.098633,29,Model_2
3064311500384100075,6095.041016,29,Model_2
3064311500384100076,12669.86621,29,Model_2
3064311500384100077,6661.88623,29,Model_2
3064311500384100078,2580.322754,29,Model_2
3064311500384100080,14587.37891,29,Model_2
3064311500384100081,15549.66797,29,Model_2
3064311500384100082,7802.729492,29,Model_2
3064311500384100083,12390.84473,29,Model_2
3064311500384100084,7134.254883,29,Model_2
3064311500384100086,6254.907715,29,Model_2
3064311500384100087,29181.18945,29,Model_2
3064311500384100090,8858.80957,29,Model_2
3064311500384100092,16994.66797,29,Model_2
3064311500384100094,1826.652832,29,Model_2
3064311500384100096,2239.915039,29,Model_2
3064311500384100097,8753.511719,29,Model_2
3064311500384100098,3246.747559,29,Model_2
3064311500384100099,9647.678711,29,Model_2
3064311500384100102,18597.11914,29,Model_2
3064311500384100103,5705.709961,29,Model_2
3064311500384100104,17187.85352,29,Model_2
3064311500384100105,9288.892578,29,Model_2
3064311500384100106,17992.16602,29,Model_2
3064311500384100107,20455.74219,29,Model_2
3064311500384100109,12114.60352,29,Model_2
3064311500384100110,2364.471923828125,29,Model_2
3064311500384100112,4659.125488,29,Model_2
3064311500384100113,8438.361328,29,Model_2
3064311500384100116,17754.52734,29,Model_2
3064311500384100118,6486.773438,29,Model_2
3064311500384100119,5482.979492,29,Model_2
3064311500384100120,11081.07129,29,Model_2
3064311500384100121,2763.649902,29,Model_2
3064311500384100122,4608.51709,29,Model_2
3064311500384100124,19500.24805,29,Model_2
3064311500384100126,2408.710693359375,29,Model_2
3064311500384100128,12139.29199,29,Model_2
3064311500384100131,25412.99023,29,Model_2
3064311500384100134,3042.638427734375,29,Model_2
3064311500384100138,21737.43164,29,Model_2
3064311500384100140,13756.68066,29,Model_2
3064311500384100142,11793.21582,29,Model_2
3064311500384100143,12943.56836,29,Model_2
3064311500384100146,2960.442626953125,29,Model_2
3064311500384100147,21308.67383,29,Model_2
3064311500384100148,2221.465576171875,29,Model_2
3064311500384100149,9313.015625,29,Model_2
3064311500384100150,8429.591797,29,Model_2
3064311500384100151,2955.464355,29,Model_2
3064311500384100155,4859.384277,29,Model_2
3064311500384100157,19715.91406,29,Model_2
3064311500384100159,12976.125,29,Model_2
3064311500384100162,20412.04297,29,Model_2
3064311500384100163,3911.741211,29,Model_2
3064311500384100167,1458.283447265625,29,Model_2
3064311500384100168,14569.91895,29,Model_2
3064311500384100169,841.6693115234375,29,Model_2
3064311500384100171,13534.38477,29,Model_2
3064311500384100174,10921.34961,29,Model_2
3064311500384100176,4569.322754,29,Model_2
3064311500384100180,248.7059326171875,29,Model_2
3064311500384100182,26370.11523,29,Model_2
3064311500384100185,11431.1709,29,Model_2
3064311500384100186,9204.460938,29,Model_2
3064311500384100190,10682.03516,29,Model_2
3064311500384100191,8361.913086,29,Model_2
3064311500385100005,6259.074219,29,Model_2
3064311500385100007,5100.266113,29,Model_2
3064311500385100008,4358.991211,29,Model_2
3064311500385100009,6835.151367,29,Model_2
3064311500385100010,6215.028809,29,Model_2
3064311500385100011,2180.531738,29,Model_2
3064311500385100012,5619.027344,29,Model_2
3064311500385100013,3389.136719,29,Model_2
3064311500385100014,2596.57666,29,Model_2
3064311500385100015,1623.1517333984375,29,Model_2
3064311500385100016,8483.735352,29,Model_2
3064311500385100019,11088.39551,29,Model_2
3064311500385100021,3937.958984,29,Model_2
3064311500385100022,4648.882324,29,Model_2
3064311500385100023,6133.847656,29,Model_2
3064311500385100025,7568.435547,29,Model_2
3064311500385100026,4490.04541,29,Model_2
3064311500385100027,2442.786621,29,Model_2
3064311500385100028,3667.900879,29,Model_2
3064311500385100029,4320.710449,29,Model_2
3064311500385100031,9821.313477,29,Model_2
3064311500385100032,4753.219727,29,Model_2
3064311500385100033,4289.040039,29,Model_2
3064311500385100035,5569.251465,29,Model_2
3064311500385100036,1987.6822509765625,29,Model_2
3064311500385100037,3333.351806640625,29,Model_2
3064311500385100038,4966.757813,29,Model_2
3064311500385100039,1809.0723876953125,29,Model_2
3064311500385100040,2851.42334,29,Model_2
3064311500385100041,9539.779297,29,Model_2
3064311500385100042,3882.393066,29,Model_2
3064311500385100043,4967.47998,29,Model_2
3064311500385100044,5656.989746,29,Model_2
3064311500385100045,9061.369141,29,Model_2
3064311500385100046,6741.665039,29,Model_2
3064311500385100047,4701.587891,29,Model_2
3064311500385100049,5670.952148,29,Model_2
3064311500385100050,8759.166016,29,Model_2
3064311500385100051,2557.426758,29,Model_2
3064311500385100052,1703.466064453125,29,Model_2
3064311500385100054,3827.754883,29,Model_2
3064311500385100055,5227.867188,29,Model_2
3064311500385100056,3080.665039,29,Model_2
3064311500385100057,6048.969727,29,Model_2
3064311500385100058,7121.710938,29,Model_2
3064311500385100059,3652.856689453125,29,Model_2
3064311500385100060,3761.162841796875,29,Model_2
3064311500385100061,4008.631836,29,Model_2
3064311500385100062,11679.83301,29,Model_2
3064311500385100063,7267.47168,29,Model_2
3064311500385100065,12800.63867,29,Model_2
3064311500385100066,7377.555176,29,Model_2
3064311500385100067,4614.641602,29,Model_2
3064311500385100068,5617.083496,29,Model_2
3064311500385100070,6273.371582,29,Model_2
3064311500385100071,338.1886291503906,29,Model_2
3064311500385100072,2080.806884765625,29,Model_2
3064311500385100073,5396.016602,29,Model_2
3064311500385100074,2335.837891,29,Model_2
3064311500385100075,1202.2340087890625,29,Model_2
3064311500385100076,6534.734863,29,Model_2
3064311500385100077,4875.606445,29,Model_2
3064311500385100078,5582.668457,29,Model_2
3064311500385100079,2197.55127,29,Model_2
3064311500385100080,5253.386719,29,Model_2
3064311500385100081,6550.643555,29,Model_2
3064311500385100082,5129.966797,29,Model_2
3064311500385100083,3092.560547,29,Model_2
3064311500385100084,5834.435059,29,Model_2
3064311500385100085,8435.623047,29,Model_2
3064311500385100086,7336.829102,29,Model_2
3064311500385100088,6927.488281,29,Model_2
3064311500385100089,4321.877441,29,Model_2
3064311500385100090,4577.34082,29,Model_2
3064311500385100091,2713.039306640625,29,Model_2
3064311500385100092,6851.672363,29,Model_2
3064311500385100093,721.7880249023438,29,Model_2
3064311500385100094,4791.928223,29,Model_2
3064311500385100095,5021.222656,29,Model_2
3064311500385100096,4048.237305,29,Model_2
3064311500385100097,6897.328613,29,Model_2
3064311500385100098,4354.696289,29,Model_2
3064311500385100099,2531.905273,29,Model_2
3064311500385100100,5474.395996,29,Model_2
3064311500385100101,4315.148438,29,Model_2
3064311500385100102,5827.041016,29,Model_2
3064311500385100105,4139.637207,29,Model_2
3064311500385100106,4890.274902,29,Model_2
3064311500385100107,3603.188720703125,29,Model_2
3064311500385100108,7084.021484,29,Model_2
3064311500385100109,2469.992431640625,29,Model_2
3064311500385100111,1433.0958251953125,29,Model_2
3064311500385100113,1212.855469,29,Model_2
3064311500385100115,1883.858887,29,Model_2
3064311500385100116,4629.016113,29,Model_2
3064311500385100117,3482.096923828125,29,Model_2
3064311500385100118,6208.438477,29,Model_2
3064311500385100120,12087.68652,29,Model_2
3064311500385100121,9325.116211,29,Model_2
3064311500385100122,7550.228516,29,Model_2
3064311500385100123,7204.87207,29,Model_2
3064311500385100125,11729.35645,29,Model_2
3064311500385100126,8747.036133,29,Model_2
3064311500385100127,3250.27002,29,Model_2
3064311500385100128,11388.47754,29,Model_2
3064311500385100129,6503.738281,29,Model_2
3064311500385100131,4308.044434,29,Model_2
3064311500385100134,8787.610352,29,Model_2
3064311500385100136,4651.76709,29,Model_2
3064311500385100144,3243.786621,29,Model_2
3064311500385100146,2506.580078,29,Model_2
3064311500385100147,5133.337891,29,Model_2
3064311500385100148,3668.368164,29,Model_2
3064311500387100005,3797.370605,32,Model_2
3064311500387100011,4345.140137,32,Model_2
3064311500387100012,5712.817871,32,Model_2
3064311500387100013,6718.319824,32,Model_2
3064311500387100016,4958.66748,32,Model_2
3064311500387100019,2470.459716796875,32,Model_2
3064311500387100021,3811.377197265625,32,Model_2
3064311500387100023,7337.403809,32,Model_2
3064311500387100026,1159.3668212890625,32,Model_2
3064311500387100027,6206.807129,32,Model_2
3064311500387100032,2825.839844,32,Model_2
3064311500387100033,4042.320068359375,32,Model_2
3064311500387100034,7542.318848,32,Model_2
3064311500387100035,3888.491211,32,Model_2
3064311500387100036,2917.779052734375,32,Model_2
3064311500387100038,2526.164551,32,Model_2
3064311500387100039,1705.878906,32,Model_2
3064311500387100042,3327.553955078125,32,Model_2
3064311500387100044,4624.061523,32,Model_2
3064311500387100045,6705.721191,32,Model_2
3064311500387100048,5382.95166,32,Model_2
3064311500387100051,5888.130859,32,Model_2
3064311500387100058,3145.302246,32,Model_2
3064311500388100002,4946.483887,32,Model_2
3064311500388100003,2139.677490234375,32,Model_2
3064311500388100004,2270.869629,32,Model_2
3064311500388100005,4957.389648,32,Model_2
3064311500388100006,3375.739258,32,Model_2
3064311500388100007,2801.059814453125,32,Model_2
3064311500388100008,3144.212158203125,32,Model_2
3064311500388100009,3128.551513671875,32,Model_2
3064311500388100010,4127.047852,32,Model_2
3064311500388100011,4778.354004,32,Model_2
3064311500388100012,2857.162109,32,Model_2
3064311500388100013,4441.390625,32,Model_2
3064311500388100014,4394.416504,32,Model_2
3064311500388100015,1287.9957275390625,32,Model_2
3064311500388100016,3812.935059,32,Model_2
3064311500388100017,4454.290527,32,Model_2
3064311500388100018,4464.989746,32,Model_2
3064311500388100019,3388.971435546875,32,Model_2
3064311500388100020,2940.529297,32,Model_2
3064311500388100023,2737.105712890625,32,Model_2
3064311500388100024,3237.049805,32,Model_2
3064311500388100025,2909.178223,32,Model_2
3064311500388100027,3198.783691,32,Model_2
3064311500388100028,2016.9281005859375,32,Model_2
3064311500388100029,7886.271484,32,Model_2
3064311500388100031,2706.424805,32,Model_2
3064311500388100032,1564.599365234375,32,Model_2
3064311500388100033,2438.918701171875,32,Model_2
3064311500388100034,2792.683105,32,Model_2
3064311500388100035,5079.615234,32,Model_2
3064311500388100036,1388.771728515625,32,Model_2
3064311500388100037,1928.233642578125,32,Model_2
3064311500388100038,2183.447754,32,Model_2
3064311500388100039,2467.219970703125,32,Model_2
3064311500388100040,2354.753906,32,Model_2
3064311500388100041,5515.099121,32,Model_2
3064311500388100042,2148.776123046875,32,Model_2
3064311500388100043,2426.225586,32,Model_2
3064311500388100044,2664.025391,32,Model_2
3064311500388100045,3589.899169921875,32,Model_2
3064311500388100046,3470.375977,32,Model_2
3064311500388100047,4573.714844,32,Model_2
3064311500388100049,1432.1654052734375,32,Model_2
3064311500388100050,3187.915771484375,32,Model_2
3064311500388100051,1283.9771728515625,32,Model_2
3064311500388100052,2548.785645,32,Model_2
3064311500388100054,2835.448242,32,Model_2
3064311500388100055,4590.17041,32,Model_2
3064311500388100056,5513.153809,32,Model_2
3064311500388100057,4848.175293,32,Model_2
3064311500388100058,5243.349121,32,Model_2
3064311500388100059,3962.992431640625,32,Model_2
3064311500388100060,4009.463623046875,32,Model_2
3064311500388100061,5387.111328,32,Model_2
3064311500388100062,1800.4549560546875,32,Model_2
3064311500388100063,6058.287598,32,Model_2
3064311500388100064,13793.72461,32,Model_2
3064311500388100065,3161.631836,32,Model_2
3064311500388100066,4239.602539,32,Model_2
3064311500388100067,1274.7530517578125,32,Model_2
3064311500388100069,5014.375977,32,Model_2
3064311500388100070,4059.595458984375,32,Model_2
3064311500388100071,5455.606934,32,Model_2
3064311500388100072,3506.695313,32,Model_2
3064311500388100073,4256.744141,32,Model_2
3064311500388100074,9888.489258,32,Model_2
3064311500388100075,5743.916504,32,Model_2
3064311500388100076,2453.544434,32,Model_2
3064311500388100078,9020.978516,32,Model_2
3064311500388100079,4300.144043,32,Model_2
3064311500388100080,2519.225830078125,32,Model_2
3064311500388100081,2227.942626953125,32,Model_2
3064311500388100082,1605.173583984375,32,Model_2
3064311500388100083,2057.474365234375,32,Model_2
3064311500388100084,3169.636719,32,Model_2
3064311500388100085,1048.1375732421875,32,Model_2
3064311500388100086,6139.904785,32,Model_2
3064311500388100087,2133.025391,32,Model_2
3064311500388100088,6038.775879,32,Model_2
3064311500388100089,2068.754638671875,32,Model_2
3064311500388100090,7578.378906,32,Model_2
3064311500388100091,4958.584961,32,Model_2
3064311500388100092,3197.751220703125,32,Model_2
3064311500388100093,6113.597656,32,Model_2
3064311500388100094,6785.287598,32,Model_2
3064311500388100095,6770.044434,32,Model_2
3064311500388100096,2719.321044921875,32,Model_2
3064311500388100097,2589.028564453125,32,Model_2
3064311500388100098,2499.632080078125,32,Model_2
3064311500388100099,2053.939697265625,32,Model_2
3064311500388100100,6273.274414,32,Model_2
3064311500388100102,4892.82666,32,Model_2
3064311500388100103,10014.28027,32,Model_2
3064311500388100106,1773.0904541015625,32,Model_2
3064311500388100107,2450.214355,32,Model_2
3064311500388100108,2075.062012,32,Model_2
3064311500388100109,2358.643310546875,32,Model_2
3064311500388100110,3806.915527,32,Model_2
3064311500388100111,3958.753173828125,32,Model_2
3064311500388100112,7271.471191,32,Model_2
3064311500388100115,4372.019043,32,Model_2
3064311500388100116,7186.144043,32,Model_2
3064311500388100117,3346.807861328125,32,Model_2
3064311500388100118,16856.94922,32,Model_2
3064311500388100119,2007.7623291015625,32,Model_2
3064311500388100121,3838.866699,32,Model_2
3064311500388100122,16915.28516,32,Model_2
3064311500388100123,8259.924805,32,Model_2
3064311500388100124,4934.062012,32,Model_2
3064311500388100125,2095.711181640625,32,Model_2
3064311500388100126,7243.59668,32,Model_2
3064311500388100128,2244.613037109375,32,Model_2
3064311500388100131,982.8489990234376,32,Model_2
3064311500388100135,2783.412841796875,32,Model_2
3064311500388100138,6519.612305,32,Model_2
3064311500388100140,6469.455566,32,Model_2
3064311500388100141,1707.6048583984375,32,Model_2
3064311500388100142,4838.578613,32,Model_2
3064311500388100143,8933.638672,32,Model_2
3064311500388100144,4596.347656,32,Model_2
3064311500388100146,4984.495117,32,Model_2
3064311500388100147,4073.510009765625,32,Model_2
3064311500388100148,7794.563477,32,Model_2
3064311500388100150,2720.952392578125,32,Model_2
3064311500388100151,9169.744141,32,Model_2
3064311500388100153,3278.116455078125,32,Model_2
3064311500388100154,12197.15332,32,Model_2
3064311500388100156,7535.285156,32,Model_2
3064311500388100160,326.26226806640625,32,Model_2
3064311500388100162,1719.7823486328125,32,Model_2
3064311500388100165,2490.421875,32,Model_2
3064311500388100167,1857.578613,32,Model_2
3064311500388100168,6822.592773,32,Model_2
3064311500388100170,2302.288818359375,32,Model_2
3064311500388100171,5053.708496,32,Model_2
3064311500388100173,6013.193848,32,Model_2
3064311500388100174,3623.638184,32,Model_2
3064311500388100175,10589.64063,32,Model_2
3064311500388100178,1766.5386962890625,32,Model_2
3064311500388100179,9281.595703,32,Model_2
3064311500388100180,2813.916259765625,32,Model_2
3064311500388100183,4187.590332,32,Model_2
3064311500388100184,1450.2135009765625,32,Model_2
3064311500388100185,5604.18457,32,Model_2
3064311500388100186,6799.655273,32,Model_2
3064311500388100191,2899.375488,32,Model_2
3064311500388100193,4669.178711,32,Model_2
3064311500388100194,7627.206055,32,Model_2
3064311500388100196,2165.604004,32,Model_2
3064311500388100198,2489.865478515625,32,Model_2
3064311500388100199,412.7302856445313,32,Model_2
3064311500388100202,3555.39502,32,Model_2
3064311500388100203,2497.342773,32,Model_2
3064311500388100206,5575.665527,32,Model_2
3064311500388100207,4204.402832,32,Model_2
3064311500388100219,5931.728027,32,Model_2
3064311500388100221,1925.2420654296875,32,Model_2
3064311500388100229,2055.599365234375,32,Model_2
3064311500388100244,377.8516845703125,32,Model_2
3064311500389100004,5548.791016,32,Model_2
3064311500389100005,2750.369873046875,32,Model_2
3064311500389100006,4760.758789,32,Model_2
3064311500389100007,3534.234130859375,32,Model_2
3064311500389100008,2415.228759765625,32,Model_2
3064311500389100010,1570.9329833984375,32,Model_2
3064311500389100012,2708.859130859375,32,Model_2
3064311500389100013,6485.850586,32,Model_2
3064311500389100014,2448.319580078125,32,Model_2
3064311500389100015,3001.259521484375,32,Model_2
3064311500389100016,3967.436523,32,Model_2
3064311500389100018,5235.419922,32,Model_2
3064311500389100019,4247.476563,32,Model_2
3064311500389100020,7490.486328,32,Model_2
3064311500389100021,2838.874267578125,32,Model_2
3064311500389100022,3872.458496,32,Model_2
3064311500389100024,7413.777832,32,Model_2
3064311500389100025,6468.790527,32,Model_2
3064311500389100026,6005.4375,32,Model_2
3064311500389100027,3265.915771484375,32,Model_2
3064311500389100029,1667.978759765625,32,Model_2
3064311500389100030,2127.136474609375,32,Model_2
3064311500389100031,4093.88916,32,Model_2
3064311500389100032,3637.557373046875,32,Model_2
3064311500389100033,1467.3306884765625,32,Model_2
3064311500389100034,5571.48877,32,Model_2
3064311500389100035,2891.578613,32,Model_2
3064311500389100037,3580.100098,32,Model_2
3064311500389100038,1277.1875,32,Model_2
3064311500389100040,1277.4468994140625,32,Model_2
3064311500389100041,4077.468017578125,32,Model_2
3064311500389100042,4818.995605,32,Model_2
3064311500389100043,1367.796630859375,32,Model_2
3064311500389100044,4119.472168,32,Model_2
3064311500389100045,4229.922363,32,Model_2
3064311500389100046,4191.57666,32,Model_2
3064311500389100047,1444.523926,32,Model_2
3064311500389100048,5443.58252,32,Model_2
3064311500389100050,4253.507324,32,Model_2
3064311500389100051,1755.526611328125,32,Model_2
3064311500389100052,4558.711426,32,Model_2
3064311500389100053,4603.401367,32,Model_2
3064311500389100054,2333.364501953125,32,Model_2
3064311500389100055,4856.806641,32,Model_2
3064311500389100056,563.0664672851562,32,Model_2
3064311500389100057,5334.473145,32,Model_2
3064311500389100059,2070.452392578125,32,Model_2
3064311500389100060,6535.124512,32,Model_2
3064311500389100061,5901.055664,32,Model_2
3064311500389100062,2441.975341796875,32,Model_2
3064311500389100063,2517.142822265625,32,Model_2
3064311500389100064,3539.169189453125,32,Model_2
3064311500389100065,2535.924072265625,32,Model_2
3064311500389100066,4093.649658203125,32,Model_2
3064311500389100067,7056.74707,32,Model_2
3064311500389100068,3680.006836,32,Model_2
3064311500389100070,2163.51416,32,Model_2
3064311500389100071,4528.447266,32,Model_2
3064311500389100072,3588.815185546875,32,Model_2
3064311500389100073,4166.304199,32,Model_2
3064311500389100077,2503.522705078125,32,Model_2
3064311500389100078,4081.629883,32,Model_2
3064311500389100079,1494.226806640625,32,Model_2
3064311500389100080,1043.8885498046875,32,Model_2
3064311500389100081,4487.818848,32,Model_2
3064311500389100082,4181.130371,32,Model_2
3064311500389100083,3090.386719,32,Model_2
3064311500389100085,198.06800842285156,32,Model_2
3064311500389100086,3222.710693359375,32,Model_2
3064311500389100087,4156.99707,32,Model_2
3064311500389100088,3388.258056640625,32,Model_2
3064311500389100089,846.8099975585938,32,Model_2
3064311500389100090,5545.808594,32,Model_2
3064311500389100091,6305.94043,32,Model_2
3064311500389100093,918.1409912109376,32,Model_2
3064311500389100094,994.4446411132812,32,Model_2
3064311500389100095,1514.5181884765625,32,Model_2
3064311500389100096,4686.645996,32,Model_2
3064311500389100097,3760.327392578125,32,Model_2
3064311500389100098,2416.601074,32,Model_2
3064311500389100099,1854.711914,32,Model_2
3064311500389100100,3771.665527,32,Model_2
3064311500389100101,4733.947754,32,Model_2
3064311500389100102,3119.862305,32,Model_2
3064311500389100103,2654.101074,32,Model_2
3064311500389100104,6650.913086,32,Model_2
3064311500389100105,2240.899902,32,Model_2
3064311500389100107,11403.78809,32,Model_2
3064311500389100108,2916.704833984375,32,Model_2
3064311500389100109,4213.446289,32,Model_2
3064311500389100110,2785.27002,32,Model_2
3064311500389100111,12093.2207,32,Model_2
3064311500389100112,2840.990966796875,32,Model_2
3064311500389100113,1077.014892578125,32,Model_2
3064311500389100114,4634.349121,32,Model_2
3064311500389100115,4605.258301,32,Model_2
3064311500389100116,3958.448974609375,32,Model_2
3064311500389100117,4413.808594,32,Model_2
3064311500389100118,790.5669555664062,32,Model_2
3064311500389100119,4451.227539,32,Model_2
3064311500389100120,2840.116943359375,32,Model_2
3064311500389100122,2641.145996,32,Model_2
3064311500389100124,7387.875488,32,Model_2
3064311500389100125,3362.803466796875,32,Model_2
3064311500389100126,1487.102051,32,Model_2
3064311500389100127,3617.786621,32,Model_2
3064311500389100128,3106.744629,32,Model_2
3064311500389100129,5415.13623,32,Model_2
3064311500389100130,5328.901367,32,Model_2
3064311500389100131,2359.555908203125,32,Model_2
3064311500389100132,5306.158203,32,Model_2
3064311500389100133,2335.445068359375,32,Model_2
3064311500389100134,3753.821044921875,32,Model_2
3064311500389100135,4701.688965,32,Model_2
3064311500389100136,11912.5752,32,Model_2
3064311500389100137,4049.147216796875,32,Model_2
3064311500389100139,1992.535645,32,Model_2
3064311500389100141,2907.739746,32,Model_2
3064311500389100142,4152.40625,32,Model_2
3064311500389100144,3397.259277,32,Model_2
3064311500389100146,2450.102294921875,32,Model_2
3064311500389100147,2309.960938,32,Model_2
3064311500389100148,2779.256348,32,Model_2
3064311500389100149,2582.477294921875,32,Model_2
3064311500389100150,2654.572998046875,32,Model_2
3064311500389100152,2437.926513671875,32,Model_2
3064311500389100154,3231.726318359375,32,Model_2
3064311500389100155,4502.705566,32,Model_2
3064311500389100157,4606.002441,32,Model_2
3064311500389100160,4594.016602,32,Model_2
3064311500389100161,472.64984130859375,32,Model_2
3064311500389100162,5028.435547,32,Model_2
3064311500389100164,7645.669434,32,Model_2
3064311500389100165,1331.078125,32,Model_2
3064311500389100167,4954.213379,32,Model_2
3064311500389100169,6136.602051,32,Model_2
3064311500389100172,4253.353027,32,Model_2
3064311500394100011,6046.739258,4,Model_2
3064311500394100013,6490.402832,4,Model_2
3064311500394100014,5592.758301,4,Model_2
3064311500394100019,13953.08496,4,Model_2
3064311500394100020,5488.066406,4,Model_2
3064311500394100021,2233.417724609375,4,Model_2
3064311500394100023,13462.41309,4,Model_2
3064311500394100024,5213.431641,4,Model_2
3064311500394100026,12340.22266,4,Model_2
3064311500394100027,10896.85254,4,Model_2
3064311500394100028,7306.521973,4,Model_2
3064311500394100029,8664.134766,4,Model_2
3064311500394100030,6068.628906,4,Model_2
3064311500394100031,3045.448242,4,Model_2
3064311500394100033,8937.65332,4,Model_2
3064311500394100034,13241.3584,4,Model_2
3064311500394100035,1533.5167236328125,4,Model_2
3064311500394100036,8718.787109,4,Model_2
3064311500394100037,4808.139648,4,Model_2
3064311500394100038,9461.384766,4,Model_2
3064311500394100039,12074.50684,4,Model_2
3064311500394100040,8773.532227,4,Model_2
3064311500394100041,7368.72168,4,Model_2
3064311500394100044,6863.387207,4,Model_2
3064311500394100045,5616.705078,4,Model_2
3064311500394100046,4452.557129,4,Model_2
3064311500394100047,12555.34082,4,Model_2
3064311500394100048,5706.123047,4,Model_2
3064311500394100049,9833.416016,4,Model_2
3064311500394100050,2926.247559,4,Model_2
3064311500394100051,6467.710449,4,Model_2
3064311500394100053,5799.524414,4,Model_2
3064311500394100054,8420.987305,4,Model_2
3064311500394100055,5617.226074,4,Model_2
3064311500394100056,13214.77637,4,Model_2
3064311500394100057,15324.84375,4,Model_2
3064311500394100058,7805.498535,4,Model_2
3064311500394100059,14914.63184,4,Model_2
3064311500394100060,10497.58789,4,Model_2
3064311500394100061,9763.237305,4,Model_2
3064311500394100063,7318.490234,4,Model_2
3064311500394100064,5054.283691,4,Model_2
3064311500394100065,4574.476074,4,Model_2
3064311500394100066,6058.878418,4,Model_2
3064311500394100067,8854.15918,4,Model_2
3064311500394100068,4637.30127,4,Model_2
3064311500394100069,10402.79199,4,Model_2
3064311500394100071,3316.47168,4,Model_2
3064311500394100072,8362.930664,4,Model_2
3064311500394100073,9399.702148,4,Model_2
3064311500394100075,10786.22363,4,Model_2
3064311500394100076,5872.553223,4,Model_2
3064311500394100077,9788.887695,4,Model_2
3064311500394100078,6486.880371,4,Model_2
3064311500394100079,2507.181396484375,4,Model_2
3064311500394100080,20976.00586,4,Model_2
3064311500394100082,2155.256103515625,4,Model_2
3064311500394100083,8667.938477,4,Model_2
3064311500394100084,1813.810791015625,4,Model_2
3064311500394100085,6696.586426,4,Model_2
3064311500394100086,5942.749512,4,Model_2
3064311500394100087,8559.272461,4,Model_2
3064311500394100092,9918.09082,4,Model_2
3064311500394100094,12111.83398,4,Model_2
3064311500394100095,7299.252441,4,Model_2
3064311500394100096,14316.89355,4,Model_2
3064311500394100097,11914.82031,4,Model_2
3064311500394100098,7134.832031,4,Model_2
3064311500394100100,19857.6875,4,Model_2
3064311500394100103,14179.07324,4,Model_2
3064311500394100104,8740.603516,4,Model_2
3064311500394100105,7630.297852,4,Model_2
3064311500394100106,2672.632813,4,Model_2
3064311500394100108,7315.021484,4,Model_2
3064311500394100109,1320.10791,4,Model_2
3064311500394100112,8999.102539,4,Model_2
3064311500394100113,6905.748535,4,Model_2
3064311500394100114,7864.101563,4,Model_2
3064311500394100116,9179.226563,4,Model_2
3064311500394100120,2990.630859,4,Model_2
3064311500395100008,18572.71875,4,Model_2
3064311500395100009,14253.61816,4,Model_2
3064311500395100011,33651.88281,4,Model_2
3064311500395100014,11943.54785,4,Model_2
3064311500395100016,12355.05762,4,Model_2
3064311500395100019,15016.9375,4,Model_2
3064311500395100020,30602.29883,4,Model_2
3064311500395100023,25353.38086,4,Model_2
3064311500395100025,12094.83691,4,Model_2
3064311500395100026,14715.59277,4,Model_2
3064311500395100027,6531.363281,4,Model_2
3064311500395100028,17149.0625,4,Model_2
3064311500395100030,11297.22363,4,Model_2
3064311500395100031,10231.28223,4,Model_2
3064311500395100032,18541.43945,4,Model_2
3064311500395100034,7762.137207,4,Model_2
3064311500395100035,12364.57129,4,Model_2
3064311500395100036,10324.66406,4,Model_2
3064311500395100041,17313.39844,4,Model_2
3064311500395100042,40997.25391,4,Model_2
3064311500395100044,21332.64258,4,Model_2
3064311500395100046,5595.13623,4,Model_2
3064311500395100047,7725.942383,4,Model_2
3064311500395100049,29826.04688,4,Model_2
3064311500395100050,12634.45215,4,Model_2
3064311500395100052,12107.08691,4,Model_2
3064311500395100054,26093.24609,4,Model_2
3064311500395100055,15334.4082,4,Model_2
3064311500395100056,18941.8125,4,Model_2
3064311500395100057,14971.59961,4,Model_2
3064311500395100058,20478.17578,4,Model_2
3064311500395100059,19754.30078,4,Model_2
3064311500395100062,7330.930176,4,Model_2
3064311500395100063,12433.31445,4,Model_2
3064311500395100064,11869.29102,4,Model_2
3064311500395100066,14371.30957,4,Model_2
3064311500395100067,33707.03516,4,Model_2
3064311500395100070,10981.99609,4,Model_2
3064311500395100071,29775.96094,4,Model_2
3064311500395100072,14673.72266,4,Model_2
3064311500395100073,21791.05664,4,Model_2
3064311500395100074,18871.61914,4,Model_2
3064311500395100076,10906.75293,4,Model_2
3064311500395100078,19650.9707,4,Model_2
3064311500395100079,11137.39355,4,Model_2
3064311500395100080,19791.89063,4,Model_2
3064311500395100084,12486.85938,4,Model_2
3064311500395100086,7810.189453,4,Model_2
3064311500395100087,13130.94043,4,Model_2
3064311500395100088,12354.46289,4,Model_2
3064311500395100089,23764.08789,4,Model_2
3064311500395100090,33718.38672,4,Model_2
3064311500395100091,13940.99707,4,Model_2
3064311500395100092,17509.91797,4,Model_2
3064311500395100094,12068.68262,4,Model_2
3064311500395100096,3623.709228515625,4,Model_2
3064311500395100097,11538.19043,4,Model_2
3064311500395100099,22322.17578,4,Model_2
3064311500395100101,5137.709473,4,Model_2
3064311500396100002,16987.87305,4,Model_2
3064311500396100003,10292.69434,4,Model_2
3064311500396100006,9998.980469,4,Model_2
3064311500396100007,25873.61914,4,Model_2
3064311500396100012,30594.01172,4,Model_2
3064311500396100016,21013.30859,4,Model_2
3064311500396100019,7439.460938,4,Model_2
3064311500396100020,28586.24219,4,Model_2
3064311500396100021,24170.81641,4,Model_2
3064311500396100022,3706.794922,4,Model_2
3064311500396100023,2423.979248046875,4,Model_2
3064311500396100024,26921.40039,4,Model_2
3064311500396100025,4005.344482421875,4,Model_2
3064311500396100026,18617.33594,4,Model_2
3064311500396100027,12965.94824,4,Model_2
3064311500396100028,10900.11035,4,Model_2
3064311500396100029,12010.69824,4,Model_2
3064311500396100031,30294.1582,4,Model_2
3064311500396100032,10329.04004,4,Model_2
3064311500396100033,12074.05078,4,Model_2
3064311500396100034,10291.20605,4,Model_2
3064311500396100035,9935.051758,4,Model_2
3064311500396100038,13706.30957,4,Model_2
3064311500396100044,4425.754395,4,Model_2
3064311500398100021,25176.0332,8,Model_2
3064311500398100022,14912.56445,8,Model_2
3064311500398100023,13999.31934,8,Model_2
3064311500398100030,11980.67383,8,Model_2
3064311500398100036,9887.517578,8,Model_2
3064311500398100040,32681.58984,8,Model_2
3064311500398100041,33570.75,8,Model_2
3064311500398100042,8038.589355,8,Model_2
3064311500398100044,11889.37988,8,Model_2
3064311500398100046,4629.682617,8,Model_2
3064311500398100048,20254.58594,8,Model_2
3064311500398100058,13599.14258,8,Model_2
3064311500398100060,27195.73438,8,Model_2
3064311500398100061,10455.25293,8,Model_2
3064311500398100067,17838.85547,8,Model_2
3064311500398100069,10024.36621,8,Model_2
3064311500398100073,6955.873047,8,Model_2
3064311500398100074,15798.52539,8,Model_2
3064311500398100077,14693.7373,8,Model_2
3064311500398100080,14119.46973,8,Model_2
3064311500398100082,7554.702148,8,Model_2
3064311500398100093,22164.78516,8,Model_2
3064311500398100094,16540.93164,8,Model_2
3064311500398100095,11971.62793,8,Model_2
3064311500398100096,44054.50781,8,Model_2
3064311500398100099,23425.96289,8,Model_2
3064311500398100106,15467.10547,8,Model_2
3064311500398100109,17124.92773,8,Model_2
3064311500398100114,13819.73438,8,Model_2
3064311500398100115,9248.117188,8,Model_2
3064311500398100119,12101.47949,8,Model_2
3064311500398100120,15227.9541,8,Model_2
3064311500398100121,4823.189453,8,Model_2
3064311500398100123,12823.85645,8,Model_2
3064311500398100125,14668.20117,8,Model_2
3064311500398100126,4389.997559,8,Model_2
3064311500398100128,34267.01563,8,Model_2
3064311500398100133,25515.24609,8,Model_2
3064311500399100005,9079.969727,8,Model_2
3064311500399100010,12311.87402,8,Model_2
3064311500399100011,17355.2168,8,Model_2
3064311500399100013,19301.57422,8,Model_2
3064311500399100021,23773.75,8,Model_2
3064311500399100023,19796.79492,8,Model_2
3064311500399100025,8305.254883,8,Model_2
3064311500399100027,13767.28223,8,Model_2
3064311500399100028,11402.92773,8,Model_2
3064311500399100035,20314.63867,8,Model_2
3064311500399100036,18899.91602,8,Model_2
3064311500399100037,7596.273926,8,Model_2
3064311500399100038,8825.342773,8,Model_2
3064311500399100039,12372.49316,8,Model_2
3064311500399100041,10765.19531,8,Model_2
3064311500399100044,18929.30273,8,Model_2
3064311500399100047,21544.66211,8,Model_2
3064311500399100048,35727.12891,8,Model_2
3064311500399100049,9757.679688,8,Model_2
3064311500399100050,8006.045898,8,Model_2
3064311500399100051,27457.41797,8,Model_2
3064311500399100052,28397.67969,8,Model_2
3064311500399100053,11379.16406,8,Model_2
3064311500399100056,17394.58398,8,Model_2
3064311500399100057,21324.8418,8,Model_2
3064311500399100058,24880.35547,8,Model_2
3064311500399100060,23998.24805,8,Model_2
3064311500399100064,16512.6582,8,Model_2
3064311500399100065,12866.3291,8,Model_2
3064311500399100066,11851.37695,8,Model_2
3064311500399100067,13548.45996,8,Model_2
3064311500399100068,17558.55469,8,Model_2
3064311500399100069,19695.52344,8,Model_2
3064311500399100072,11559.74609,8,Model_2
3064311500399100073,6853.763184,8,Model_2
3064311500399100074,16820.20898,8,Model_2
3064311500399100075,24000.20117,8,Model_2
3064311500399100076,8229.734375,8,Model_2
3064311500399100077,15946.88086,8,Model_2
3064311500399100079,25556.54688,8,Model_2
3064311500399100081,16591.92383,8,Model_2
3064311500399100082,9410.786133,8,Model_2
3064311500399100083,12073.67383,8,Model_2
3064311500399100085,8693.584961,8,Model_2
3064311500399100087,12385.33789,8,Model_2
3064311500399100089,11872.26074,8,Model_2
3064311500399100090,19840.18359,8,Model_2
3064311500399100091,23602.73242,8,Model_2
3064311500399100092,8266.750977,8,Model_2
3064311500399100094,21519.86719,8,Model_2
3064311500399100095,19397.91016,8,Model_2
3064311500399100101,12031.0,8,Model_2
3064311500400100007,10523.4541,8,Model_2
3064311500400100008,9906.819336,8,Model_2
3064311500400100011,6255.934082,8,Model_2
3064311500400100012,11976.0293,8,Model_2
3064311500400100015,3797.664551,8,Model_2
3064311500400100018,15399.85645,8,Model_2
3064311500400100020,5631.625977,8,Model_2
3064311500400100021,2621.199219,8,Model_2
3064311500400100023,12364.52637,8,Model_2
3064311500400100025,11073.12012,8,Model_2
3064311500400100026,3361.189941,8,Model_2
3064311500400100027,1255.578857421875,8,Model_2
3064311500400100028,4820.800293,8,Model_2
3064311500400100029,5452.90625,8,Model_2
3064311500400100030,10537.1875,8,Model_2
3064311500400100031,4152.651367,8,Model_2
3064311500400100033,2238.287841796875,8,Model_2
3064311500400100034,2693.700195,8,Model_2
3064311500400100035,11928.74121,8,Model_2
3064311500400100036,8178.314941,8,Model_2
3064311500400100038,2303.331787109375,8,Model_2
3064311500400100039,6332.739258,8,Model_2
3064311500400100040,4839.533691,8,Model_2
3064311500400100041,7488.527832,8,Model_2
3064311500400100042,14824.12207,8,Model_2
3064311500400100043,13117.41016,8,Model_2
3064311500400100046,8388.036133,8,Model_2
3064311500400100047,7018.430664,8,Model_2
3064311500400100048,9378.363281,8,Model_2
3064311500400100050,10437.08105,8,Model_2
3064311500400100051,10811.54199,8,Model_2
3064311500400100055,6916.118652,8,Model_2
3064311500400100056,5693.65918,8,Model_2
3064311500400100057,5027.232422,8,Model_2
3064311500400100059,11055.93262,8,Model_2
3064311500400100060,11930.63672,8,Model_2
3064311500400100061,6542.902344,8,Model_2
3064311500400100062,5164.331543,8,Model_2
3064311500400100064,9634.339844,8,Model_2
3064311500400100065,2230.911621,8,Model_2
3064311500400100066,14192.09082,8,Model_2
3064311500400100067,3734.379883,8,Model_2
3064311500400100069,7258.605957,8,Model_2
3064311500400100070,29322.34766,8,Model_2
3064311500400100071,6859.370605,8,Model_2
3064311500400100072,1991.5601806640625,8,Model_2
3064311500400100073,10821.75879,8,Model_2
3064311500400100074,5212.056641,8,Model_2
3064311500400100075,5082.008789,8,Model_2
3064311500400100076,6007.225586,8,Model_2
3064311500400100077,5822.406738,8,Model_2
3064311500400100078,2591.169189453125,8,Model_2
3064311500400100080,3911.751465,8,Model_2
3064311500400100081,11802.64844,8,Model_2
3064311500400100082,11835.98633,8,Model_2
3064311500400100083,10031.44238,8,Model_2
3064311500400100084,1963.906494140625,8,Model_2
3064311500400100085,5674.976563,8,Model_2
3064311500400100086,6594.865723,8,Model_2
3064311500400100087,6886.059082,8,Model_2
3064311500400100088,7733.117676,8,Model_2
3064311500400100089,6159.962891,8,Model_2
3064311500400100091,6771.958496,8,Model_2
3064311500400100092,8454.114258,8,Model_2
3064311500400100093,4214.482422,8,Model_2
3064311500400100094,18997.52539,8,Model_2
3064311500400100095,8425.384766,8,Model_2
3064311500400100096,3492.564697265625,8,Model_2
3064311500400100097,18868.68555,8,Model_2
3064311500400100098,8466.431641,8,Model_2
3064311500400100099,1627.4044189453125,8,Model_2
3064311500400100101,7213.43457,8,Model_2
3064311500400100103,14882.4541,8,Model_2
3064311500400100108,5315.625488,8,Model_2
3064311500400100113,2757.785645,8,Model_2
3064311500402100007,15113.70215,14,Model_2
3064311500402100011,9412.773438,14,Model_2
3064311500402100014,8642.227539,14,Model_2
3064311500402100015,9987.099609,14,Model_2
3064311500402100017,6516.450195,14,Model_2
3064311500402100018,15123.375,14,Model_2
3064311500402100019,7110.95166,14,Model_2
3064311500402100021,2637.292236328125,14,Model_2
3064311500402100022,7446.452637,14,Model_2
3064311500402100024,23201.0,14,Model_2
3064311500402100025,13188.29297,14,Model_2
3064311500402100026,9530.575195,14,Model_2
3064311500402100027,6988.859375,14,Model_2
3064311500402100028,4622.387207,14,Model_2
3064311500402100029,30651.98242,14,Model_2
3064311500402100030,10956.95605,14,Model_2
3064311500402100032,3768.345215,14,Model_2
3064311500402100034,3394.595947265625,14,Model_2
3064311500402100035,10612.46191,14,Model_2
3064311500402100036,6000.651855,14,Model_2
3064311500402100037,14692.90625,14,Model_2
3064311500402100038,14720.19141,14,Model_2
3064311500402100039,1150.224121,14,Model_2
3064311500402100040,10225.92969,14,Model_2
3064311500402100041,1085.0152587890625,14,Model_2
3064311500402100042,13590.34863,14,Model_2
3064311500402100043,7239.850098,14,Model_2
3064311500402100044,14848.70703,14,Model_2
3064311500402100045,4576.048828,14,Model_2
3064311500402100046,15210.41895,14,Model_2
3064311500402100048,10207.61621,14,Model_2
3064311500402100049,7681.998535,14,Model_2
3064311500402100051,20289.65625,14,Model_2
3064311500402100052,8369.799805,14,Model_2
3064311500402100054,3686.413086,14,Model_2
3064311500402100055,6920.325684,14,Model_2
3064311500402100056,20936.80859,14,Model_2
3064311500402100057,18692.51367,14,Model_2
3064311500402100058,6974.823242,14,Model_2
3064311500402100060,4719.879395,14,Model_2
3064311500402100061,15218.66895,14,Model_2
3064311500402100062,4814.128418,14,Model_2
3064311500402100063,13286.06055,14,Model_2
3064311500402100066,21712.44922,14,Model_2
3064311500402100067,11667.76172,14,Model_2
3064311500402100068,4229.684082,14,Model_2
3064311500402100069,9286.867188,14,Model_2
3064311500402100070,5038.717285,14,Model_2
3064311500402100071,12817.44629,14,Model_2
3064311500402100072,5522.06543,14,Model_2
3064311500402100073,1156.1156005859375,14,Model_2
3064311500402100075,3692.307129,14,Model_2
3064311500402100077,6112.415039,14,Model_2
3064311500402100078,4547.962891,14,Model_2
3064311500402100079,9927.785156,14,Model_2
3064311500402100080,6157.236328,14,Model_2
3064311500402100081,4289.119141,14,Model_2
3064311500402100082,14710.64746,14,Model_2
3064311500402100084,569.3557739257812,14,Model_2
3064311500402100085,8789.09375,14,Model_2
3064311500402100086,3705.45752,14,Model_2
3064311500402100087,11877.34668,14,Model_2
3064311500402100088,4280.375,14,Model_2
3064311500402100089,29556.44531,14,Model_2
3064311500402100091,4185.019531,14,Model_2
3064311500402100092,4963.501953,14,Model_2
3064311500402100094,3776.099121,14,Model_2
3064311500402100095,8434.305664,14,Model_2
3064311500402100096,4509.945801,14,Model_2
3064311500402100098,6973.729004,14,Model_2
3064311500402100099,5438.277344,14,Model_2
3064311500402100100,7062.995117,14,Model_2
3064311500402100102,4485.100586,14,Model_2
3064311500402100103,4397.834961,14,Model_2
3064311500402100105,1083.403564453125,14,Model_2
3064311500402100106,3927.635742,14,Model_2
3064311500402100107,14171.72754,14,Model_2
3064311500402100109,4095.105957,14,Model_2
3064311500402100113,3489.698242,14,Model_2
3064311500402100115,3657.045654296875,14,Model_2
3064311500402100118,3353.300293,14,Model_2
3064311500403100003,2122.152832,14,Model_2
3064311500403100007,2450.835693359375,14,Model_2
3064311500403100009,9727.587891,14,Model_2
3064311500403100010,29581.50781,14,Model_2
3064311500403100023,17005.20898,14,Model_2
3064311500403100025,7525.510254,14,Model_2
3064311500403100027,7036.601074,14,Model_2
3064311500403100028,994.2883911132812,14,Model_2
3064311500403100031,10239.58496,14,Model_2
3064311500403100032,805.9524536132812,14,Model_2
3064311500403100033,2073.169434,14,Model_2
3064311500403100034,18595.5918,14,Model_2
3064311500403100036,2651.450927734375,14,Model_2
3064311500403100038,759.0079956054688,14,Model_2
3064311500403100039,16397.93555,14,Model_2
3064311500403100045,2491.861328,14,Model_2
3064311500403100048,3435.024658203125,14,Model_2
3064311500403100049,123.54830932617188,14,Model_2
3064311500403100050,860.6911010742188,14,Model_2
3064311500403100052,15428.875,14,Model_2
3064311500403100055,7660.419434,14,Model_2
3064311500403100059,7884.270996,14,Model_2
3064311500403100060,6343.314941,14,Model_2
3064311500403100061,14744.9707,14,Model_2
3064311500403100063,7736.308594,14,Model_2
3064311500403100069,5151.904785,14,Model_2
3064311500403100071,22541.05469,14,Model_2
3064311500403100072,750.4681396484375,14,Model_2
3064311500403100074,8193.866211,14,Model_2
3064311500403100075,3108.516845703125,14,Model_2
3064311500403100076,3587.616699,14,Model_2
3064311500403100077,11299.78125,14,Model_2
3064311500403100081,22208.86328,14,Model_2
3064311500403100085,4599.637695,14,Model_2
3064311500403100086,9727.838867,14,Model_2
3064311500403100088,6231.26123,14,Model_2
3064311500403100092,672.7431030273438,14,Model_2
3064311500403100094,23032.2207,14,Model_2
3064311500403100095,1283.7325439453125,14,Model_2
3064311500403100096,1281.761719,14,Model_2
3064311500403100098,6892.745117,14,Model_2
3064311500403100100,24610.03711,14,Model_2
3064311500403100102,10316.01953,14,Model_2
3064311500403100104,12869.39551,14,Model_2
3064311500403100105,15511.17676,14,Model_2
3064311500403100106,10212.6582,14,Model_2
3064311500403100107,296.62152099609375,14,Model_2
3064311500403100108,5122.494629,14,Model_2
3064311500403100109,2810.524902,14,Model_2
3064311500403100112,10998.39844,14,Model_2
3064311500403100113,13873.66699,14,Model_2
3064311500403100115,7040.142578,14,Model_2
3064311500403100117,5326.694824,14,Model_2
3064311500403100119,10898.52246,14,Model_2
3064311500403100120,858.8097534179688,14,Model_2
3064311500403100122,8940.594727,14,Model_2
3064311500403100125,692.4302368164062,14,Model_2
3064311500403100126,13504.68359,14,Model_2
3064311500403100127,12675.89746,14,Model_2
3064311500403100129,5724.597656,14,Model_2
3064311500403100131,32218.50781,14,Model_2
3064311500403100132,1536.117919921875,14,Model_2
3064311500403100133,5644.974609,14,Model_2
3064311500403100135,12146.68457,14,Model_2
3064311500403100136,13336.49316,14,Model_2
3064311500403100137,6982.904297,14,Model_2
3064311500403100139,2578.427490234375,14,Model_2
3064311500403100140,10624.2627,14,Model_2
3064311500403100141,13002.50098,14,Model_2
3064311500403100145,6996.013184,14,Model_2
3064311500403100147,6679.567871,14,Model_2
3064311500403100148,4396.258301,14,Model_2
3064311500403100149,3995.774169921875,14,Model_2
3064311500403100151,11589.02832,14,Model_2
3064311500403100153,1703.0386962890625,14,Model_2
3064311500403100154,13931.29395,14,Model_2
3064311500403100156,3319.460938,14,Model_2
3064311500403100157,11688.05469,14,Model_2
3064311500403100158,7486.803711,14,Model_2
3064311500403100159,8157.737305,14,Model_2
3064311500403100160,6335.084473,14,Model_2
3064311500403100161,8613.640625,14,Model_2
3064311500403100162,6923.23877,14,Model_2
3064311500403100163,4984.183594,14,Model_2
3064311500403100170,7535.953125,14,Model_2
3064311500403100171,4705.461426,14,Model_2
3064311500403100174,5696.898926,14,Model_2
3064311500403100175,7355.006348,14,Model_2
3064311500403100176,10759.63184,14,Model_2
3064311500403100177,5639.420898,14,Model_2
3064311500403100180,9041.819336,14,Model_2
3064311500403100183,6185.888672,14,Model_2
3064311500403100185,1911.014892578125,14,Model_2
3064311500403100186,6855.739258,14,Model_2
3064311500403100188,6476.775391,14,Model_2
3064311500403100200,615.4404297,14,Model_2
3064311500404100010,6038.507324,14,Model_2
3064311500404100011,7387.54248,14,Model_2
3064311500404100012,391.5510864257813,14,Model_2
3064311500404100015,10046.01074,14,Model_2
3064311500404100016,17705.55273,14,Model_2
3064311500404100017,13852.56836,14,Model_2
3064311500404100020,10810.00293,14,Model_2
3064311500404100021,11105.26367,14,Model_2
3064311500404100022,17626.25977,14,Model_2
3064311500404100024,9523.606445,14,Model_2
3064311500404100025,4983.488281,14,Model_2
3064311500404100026,1840.486328,14,Model_2
3064311500404100027,8384.248047,14,Model_2
3064311500404100029,8946.998047,14,Model_2
3064311500404100030,10720.52539,14,Model_2
3064311500404100031,6715.944336,14,Model_2
3064311500404100032,2510.220458984375,14,Model_2
3064311500404100033,10631.03125,14,Model_2
3064311500404100035,10559.49512,14,Model_2
3064311500404100037,6173.482422,14,Model_2
3064311500404100038,3303.625977,14,Model_2
3064311500404100039,4280.67041,14,Model_2
3064311500404100040,7389.29248,14,Model_2
3064311500404100042,4755.882813,14,Model_2
3064311500404100046,15415.70996,14,Model_2
3064311500404100048,5786.967773,14,Model_2
3064311500404100049,5043.036621,14,Model_2
3064311500404100051,5115.109863,14,Model_2
3064311500404100052,15308.06738,14,Model_2
3064311500404100054,8621.831055,14,Model_2
3064311500404100055,8711.954102,14,Model_2
3064311500404100056,6484.413086,14,Model_2
3064311500404100057,8540.280273,14,Model_2
3064311500404100058,12874.36035,14,Model_2
3064311500404100059,8281.1875,14,Model_2
3064311500404100060,16115.88965,14,Model_2
3064311500404100061,3466.381591796875,14,Model_2
3064311500404100062,10947.28613,14,Model_2
3064311500404100064,4441.77002,14,Model_2
3064311500404100065,2032.997314453125,14,Model_2
3064311500404100066,1056.27832,14,Model_2
3064311500404100067,6179.550293,14,Model_2
3064311500404100069,17114.32617,14,Model_2
3064311500404100070,4702.723633,14,Model_2
3064311500404100071,7468.895508,14,Model_2
3064311500404100072,11680.45215,14,Model_2
3064311500404100073,9774.213867,14,Model_2
3064311500404100074,9036.102539,14,Model_2
3064311500404100075,11802.92773,14,Model_2
3064311500404100076,2995.427001953125,14,Model_2
3064311500404100077,4433.546387,14,Model_2
3064311500404100078,11277.49512,14,Model_2
3064311500404100079,11642.33105,14,Model_2
3064311500404100080,8301.287109,14,Model_2
3064311500404100081,5553.78125,14,Model_2
3064311500404100082,12142.45605,14,Model_2
3064311500404100083,2799.756348,14,Model_2
3064311500404100084,9163.463867,14,Model_2
3064311500404100085,2692.163086,14,Model_2
3064311500404100087,2684.434326171875,14,Model_2
3064311500404100088,3111.45166,14,Model_2
3064311500404100089,2719.584961,14,Model_2
3064311500404100090,9625.490234,14,Model_2
3064311500404100091,3892.721191,14,Model_2
3064311500404100092,6183.515137,14,Model_2
3064311500404100093,8083.487793,14,Model_2
3064311500404100094,9012.543945,14,Model_2
3064311500404100095,2322.651367,14,Model_2
3064311500404100096,1225.9847412109375,14,Model_2
3064311500404100099,4336.666504,14,Model_2
3064311500404100100,15465.5293,14,Model_2
3064311500404100104,5959.086914,14,Model_2
3064311500404100106,298.0361633300781,14,Model_2
3064311500404100107,3095.910645,14,Model_2
3064311500404100108,5395.376465,14,Model_2
3064311500404100109,1909.4547119140625,14,Model_2
3064311500404100110,2265.971923828125,14,Model_2
3064311500404100111,8203.484375,14,Model_2
3064311500404100112,4987.975586,14,Model_2
3064311500404100113,2709.454102,14,Model_2
3064311500404100114,4553.044922,14,Model_2
3064311500404100115,7837.794922,14,Model_2
3064311500404100116,9442.37207,14,Model_2
3064311500404100117,3562.535400390625,14,Model_2
3064311500404100121,3404.284423828125,14,Model_2
3064311500404100122,6148.489746,14,Model_2
3064311500404100123,10162.73438,14,Model_2
3064311500404100124,4286.935059,14,Model_2
3064311500404100125,3861.968505859375,14,Model_2
3064311500404100126,3679.647705078125,14,Model_2
3064311500404100127,7769.661621,14,Model_2
3064311500404100128,6409.0625,14,Model_2
3064311500404100129,5214.121582,14,Model_2
3064311500404100130,14549.96191,14,Model_2
3064311500404100131,3599.387207,14,Model_2
3064311500404100135,10698.87109,14,Model_2
3064311500404100136,1820.3812255859375,14,Model_2
3064311500404100137,11867.50391,14,Model_2
3064311500404100138,5190.814453,14,Model_2
3064311500404100144,1845.3294677734375,14,Model_2
3064311500404100145,5924.864258,14,Model_2
3064311500404100146,5969.964355,14,Model_2
3064311500404100147,7956.499512,14,Model_2
3064311500406100010,6488.90918,29,Model_2
3064311500406100013,7219.435547,29,Model_2
3064311500406100014,5555.227051,29,Model_2
3064311500406100018,10649.57813,29,Model_2
3064311500406100020,6650.13916,29,Model_2
3064311500406100021,7527.313477,29,Model_2
3064311500406100022,7990.652344,29,Model_2
3064311500406100024,9926.754883,29,Model_2
3064311500406100025,10236.23047,29,Model_2
3064311500406100027,3256.874267578125,29,Model_2
3064311500406100028,6589.222656,29,Model_2
3064311500406100029,8217.619141,29,Model_2
3064311500406100030,3973.993164,29,Model_2
3064311500406100031,3036.545898,29,Model_2
3064311500406100032,10993.79688,29,Model_2
3064311500406100033,18046.51367,29,Model_2
3064311500406100034,5126.450195,29,Model_2
3064311500406100035,4879.71875,29,Model_2
3064311500406100037,8253.65918,29,Model_2
3064311500406100038,7480.291504,29,Model_2
3064311500406100040,2752.476074,29,Model_2
3064311500406100041,5786.219238,29,Model_2
3064311500406100042,5175.070801,29,Model_2
3064311500406100043,7294.869141,29,Model_2
3064311500406100044,8966.705078,29,Model_2
3064311500406100045,9064.807617,29,Model_2
3064311500406100047,4369.015625,29,Model_2
3064311500406100048,6511.214355,29,Model_2
3064311500406100049,6681.509277,29,Model_2
3064311500406100050,8438.015625,29,Model_2
3064311500406100051,8809.68457,29,Model_2
3064311500406100053,2439.332275390625,29,Model_2
3064311500406100054,15240.32617,29,Model_2
3064311500406100055,4896.27002,29,Model_2
3064311500406100056,5559.950195,29,Model_2
3064311500406100057,8702.77832,29,Model_2
3064311500406100058,8380.691406,29,Model_2
3064311500406100059,3102.294434,29,Model_2
3064311500406100061,7869.419922,29,Model_2
3064311500406100063,5782.41748,29,Model_2
3064311500406100064,6084.415039,29,Model_2
3064311500406100065,3848.371826171875,29,Model_2
3064311500406100066,7652.125,29,Model_2
3064311500406100067,9667.862305,29,Model_2
3064311500406100068,6226.406738,29,Model_2
3064311500406100070,2630.384033203125,29,Model_2
3064311500406100071,4208.932129,29,Model_2
3064311500406100072,3814.693848,29,Model_2
3064311500406100073,1622.392822265625,29,Model_2
3064311500406100074,5823.751465,29,Model_2
3064311500406100075,5184.461426,29,Model_2
3064311500406100079,2402.818359,29,Model_2
3064311500406100080,2413.862548828125,29,Model_2
3064311500406100081,2353.172363,29,Model_2
3064311500406100082,4139.429688,29,Model_2
3064311500406100083,5181.787109,29,Model_2
3064311500406100084,2802.015137,29,Model_2
3064311500406100086,6043.360352,29,Model_2
3064311500406100087,3807.129883,29,Model_2
3064311500406100088,4348.493652,29,Model_2
3064311500406100089,4843.330078,29,Model_2
3064311500406100090,1756.3358154296875,29,Model_2
3064311500406100091,1343.3067626953125,29,Model_2
3064311500406100092,2258.140137,29,Model_2
3064311500406100094,5482.755371,29,Model_2
3064311500406100095,4242.781738,29,Model_2
3064311500406100099,5554.824707,29,Model_2
3064311500406100100,3627.070313,29,Model_2
3064311500406100101,1544.7174072265625,29,Model_2
3064311500406100102,4664.655273,29,Model_2
3064311500406100103,1246.851318359375,29,Model_2
3064311500406100105,3516.769043,29,Model_2
3064311500406100106,2546.692138671875,29,Model_2
3064311500406100107,4258.466309,29,Model_2
3064311500406100108,3037.181396484375,29,Model_2
3064311500406100109,4050.797852,29,Model_2
3064311500406100110,4337.635254,29,Model_2
3064311500406100112,7408.902344,29,Model_2
3064311500406100113,3211.572754,29,Model_2
3064311500406100115,4200.045898,29,Model_2
3064311500406100116,9584.685547,29,Model_2
3064311500406100117,173.4876708984375,29,Model_2
3064311500406100118,2358.266113,29,Model_2
3064311500406100120,2550.415283203125,29,Model_2
3064311500406100121,4768.810547,29,Model_2
3064311500406100122,1891.62207,29,Model_2
3064311500406100123,9726.77832,29,Model_2
3064311500406100124,4517.925781,29,Model_2
3064311500406100125,4655.723633,29,Model_2
3064311500406100127,4502.645996,29,Model_2
3064311500406100129,1990.3741455078125,29,Model_2
3064311500406100132,2518.199707,29,Model_2
3064311500406100133,5744.174805,29,Model_2
3064311500406100135,5487.175293,29,Model_2
3064311500406100136,3026.84082,29,Model_2
3064311500406100140,568.5401000976562,29,Model_2
3064311500406100144,3379.361328,29,Model_2
3064311500406100145,6755.974609,29,Model_2
3064311500406100148,4692.875977,29,Model_2
3064311500407100007,1744.0828857421875,29,Model_2
3064311500407100008,2502.910156,29,Model_2
3064311500407100009,11876.78027,29,Model_2
3064311500407100020,20648.83203,29,Model_2
3064311500407100023,3249.550293,29,Model_2
3064311500407100025,7628.326172,29,Model_2
3064311500407100031,3363.080322265625,29,Model_2
3064311500407100034,12463.11523,29,Model_2
3064311500407100038,6775.181641,29,Model_2
3064311500407100041,23107.62109,29,Model_2
3064311500407100042,13290.03516,29,Model_2
3064311500407100043,673.8132324,29,Model_2
3064311500407100044,9064.378906,29,Model_2
3064311500407100047,1542.2200927734375,29,Model_2
3064311500407100050,8790.09082,29,Model_2
3064311500407100052,2754.563232421875,29,Model_2
3064311500407100053,16502.14063,29,Model_2
3064311500407100056,21437.49414,29,Model_2
3064311500407100057,3652.746582,29,Model_2
3064311500407100058,6256.508301,29,Model_2
3064311500407100060,7191.810547,29,Model_2
3064311500407100061,12906.6875,29,Model_2
3064311500407100062,9189.241211,29,Model_2
3064311500407100063,2043.394043,29,Model_2
3064311500407100067,13074.54199,29,Model_2
3064311500407100069,6286.327637,29,Model_2
3064311500407100070,3952.95166,29,Model_2
3064311500407100072,8753.729492,29,Model_2
3064311500407100073,7238.839844,29,Model_2
3064311500407100074,12415.62891,29,Model_2
3064311500407100075,4129.902344,29,Model_2
3064311500407100077,4584.100098,29,Model_2
3064311500407100078,7733.694336,29,Model_2
3064311500407100079,23171.20117,29,Model_2
3064311500407100080,10947.83594,29,Model_2
3064311500407100081,6416.615723,29,Model_2
3064311500407100082,6625.550293,29,Model_2
3064311500407100084,2722.599121,29,Model_2
3064311500407100086,10717.87598,29,Model_2
3064311500407100087,4460.47998,29,Model_2
3064311500407100088,5760.095215,29,Model_2
3064311500407100090,7774.968262,29,Model_2
3064311500407100091,13690.86426,29,Model_2
3064311500407100092,12654.14063,29,Model_2
3064311500407100093,1802.6368408203125,29,Model_2
3064311500407100094,23107.92578,29,Model_2
3064311500407100095,14283.07715,29,Model_2
3064311500407100097,1249.448974609375,29,Model_2
3064311500407100098,1573.6297607421875,29,Model_2
3064311500407100102,19583.90039,29,Model_2
3064311500407100106,5471.851563,29,Model_2
3064311500407100107,6763.896484,29,Model_2
3064311500407100112,4282.564941,29,Model_2
3064311500407100113,14511.95801,29,Model_2
3064311500407100114,12266.62305,29,Model_2
3064311500407100116,11832.89844,29,Model_2
3064311500407100120,9813.922852,29,Model_2
3064311500407100122,5853.611328,29,Model_2
3064311500407100123,4174.026855,29,Model_2
3064311500407100124,13806.54883,29,Model_2
3064311500407100126,7000.126953,29,Model_2
3064311500407100127,7939.62793,29,Model_2
3064311500407100128,13272.52832,29,Model_2
3064311500407100131,13752.69629,29,Model_2
3064311500407100132,4461.793945,29,Model_2
3064311500407100133,10990.10938,29,Model_2
3064311500407100134,4518.058105,29,Model_2
3064311500407100135,2658.086426,29,Model_2
3064311500407100137,17742.88086,29,Model_2
3064311500407100138,10567.80957,29,Model_2
3064311500407100139,6833.602539,29,Model_2
3064311500407100140,11836.53809,29,Model_2
3064311500407100142,3229.018310546875,29,Model_2
3064311500407100143,3565.025146484375,29,Model_2
3064311500407100145,7609.715332,29,Model_2
3064311500407100146,13193.19629,29,Model_2
3064311500407100147,8017.504883,29,Model_2
3064311500407100150,8256.361328,29,Model_2
3064311500407100152,11486.59473,29,Model_2
3064311500407100153,7940.399902,29,Model_2
3064311500407100154,11035.31543,29,Model_2
3064311500407100156,4719.586914,29,Model_2
3064311500407100157,10878.38867,29,Model_2
3064311500407100158,7369.668457,29,Model_2
3064311500407100159,9175.666016,29,Model_2
3064311500407100160,9083.94043,29,Model_2
3064311500407100162,8625.245117,29,Model_2
3064311500407100163,8660.480469,29,Model_2
3064311500407100164,19559.02344,29,Model_2
3064311500407100166,3970.625977,29,Model_2
3064311500407100170,6021.343262,29,Model_2
3064311500407100172,10979.2334,29,Model_2
3064311500407100173,2931.243896484375,29,Model_2
3064311500407100174,5249.769043,29,Model_2
3064311500407100175,3727.811279296875,29,Model_2
3064311500407100177,4100.910156,29,Model_2
3064311500407100178,8267.275391,29,Model_2
3064311500407100180,7045.740723,29,Model_2
3064311500407100181,7033.713867,29,Model_2
3064311500407100182,1658.7069091796875,29,Model_2
3064311500407100183,9721.700195,29,Model_2
3064311500407100185,5736.932129,29,Model_2
3064311500407100186,3100.489501953125,29,Model_2
3064311500407100188,4632.755371,29,Model_2
3064311500407100189,3013.178466796875,29,Model_2
3064311500407100191,3551.384766,29,Model_2
3064311500407100194,3296.195068359375,29,Model_2
3064311500407100195,6010.40918,29,Model_2
3064311500407100196,3084.875732421875,29,Model_2
3064311500407100197,7642.540527,29,Model_2
3064311500407100199,2025.570068359375,29,Model_2
3064311500407100200,3527.623291015625,29,Model_2
3064311500407100201,4736.832031,29,Model_2
3064311500407100202,2690.114990234375,29,Model_2
3064311500407100203,2041.594482421875,29,Model_2
3064311500407100205,5650.022949,29,Model_2
3064311500407100207,3445.824462890625,29,Model_2
3064311500407100210,3242.921142578125,29,Model_2
3064311500407100221,3891.478516,29,Model_2
3064311500407100223,1348.0555419921875,29,Model_2
3064311500407100224,5673.904297,29,Model_2
3064311500407100225,6357.931152,29,Model_2
3064311500407100228,2289.276123046875,29,Model_2
3064311500407100229,6594.411621,29,Model_2
3064311500407100237,3253.588867,29,Model_2
3064311500408100011,4577.887207,29,Model_2
3064311500408100014,6526.888184,29,Model_2
3064311500408100017,1940.4591064453125,29,Model_2
3064311500408100018,10521.7168,29,Model_2
3064311500408100020,12081.30664,29,Model_2
3064311500408100021,4752.75293,29,Model_2
3064311500408100022,5166.666992,29,Model_2
3064311500408100023,2780.434326171875,29,Model_2
3064311500408100025,3686.306884765625,29,Model_2
3064311500408100030,9117.938477,29,Model_2
3064311500408100031,3456.154052734375,29,Model_2
3064311500408100032,9180.342773,29,Model_2
3064311500408100033,4968.611328,29,Model_2
3064311500408100034,3934.125732421875,29,Model_2
3064311500408100035,3443.468505859375,29,Model_2
3064311500408100036,2383.641113,29,Model_2
3064311500408100037,9081.733398,29,Model_2
3064311500408100038,4083.087891,29,Model_2
3064311500408100039,5678.756836,29,Model_2
3064311500408100040,4457.342285,29,Model_2
3064311500408100042,13998.37402,29,Model_2
3064311500408100043,7062.362305,29,Model_2
3064311500408100044,8032.036133,29,Model_2
3064311500408100049,8047.848145,29,Model_2
3064311500408100051,8058.946777,29,Model_2
3064311500408100052,1501.3592529296875,29,Model_2
3064311500408100053,5086.802246,29,Model_2
3064311500408100054,2361.991943359375,29,Model_2
3064311500408100055,5666.663574,29,Model_2
3064311500408100056,1871.777099609375,29,Model_2
3064311500408100057,826.7416992,29,Model_2
3064311500408100058,11716.0293,29,Model_2
3064311500408100060,1674.495361328125,29,Model_2
3064311500408100061,15104.72754,29,Model_2
3064311500408100062,5500.838379,29,Model_2
3064311500408100063,5162.643066,29,Model_2
3064311500408100064,7196.902344,29,Model_2
3064311500408100065,8035.383789,29,Model_2
3064311500408100066,4605.624023,29,Model_2
3064311500408100067,8149.355957,29,Model_2
3064311500408100069,11279.33203,29,Model_2
3064311500408100070,2920.312012,29,Model_2
3064311500408100071,7286.551758,29,Model_2
3064311500408100072,3285.864746,29,Model_2
3064311500408100074,3870.034423828125,29,Model_2
3064311500408100075,4768.986328,29,Model_2
3064311500408100076,8277.06543,29,Model_2
3064311500408100077,5278.754395,29,Model_2
3064311500408100078,16382.63281,29,Model_2
3064311500408100079,1352.947754,29,Model_2
3064311500408100080,3222.20166,29,Model_2
3064311500408100082,6992.525391,29,Model_2
3064311500408100084,4420.183105,29,Model_2
3064311500408100085,4993.20459,29,Model_2
3064311500408100086,5144.046875,29,Model_2
3064311500408100087,7458.229004,29,Model_2
3064311500408100088,16079.51367,29,Model_2
3064311500408100089,500.0404357910156,29,Model_2
3064311500408100090,7728.836426,29,Model_2
3064311500408100091,2073.327148,29,Model_2
3064311500408100092,2469.707275390625,29,Model_2
3064311500408100093,14265.88867,29,Model_2
3064311500408100094,4214.570313,29,Model_2
3064311500408100095,3562.855957,29,Model_2
3064311500408100096,4775.443359,29,Model_2
3064311500408100097,1853.258301,29,Model_2
3064311500408100098,5009.248047,29,Model_2
3064311500408100099,14503.71289,29,Model_2
3064311500408100100,875.7283935546875,29,Model_2
3064311500408100101,1524.526611328125,29,Model_2
3064311500408100102,8263.256836,29,Model_2
3064311500408100103,5042.103516,29,Model_2
3064311500408100104,1419.581298828125,29,Model_2
3064311500408100105,3227.861572265625,29,Model_2
3064311500408100106,6744.989258,29,Model_2
3064311500408100107,8041.31543,29,Model_2
3064311500408100108,2751.633056640625,29,Model_2
3064311500408100109,1586.915039,29,Model_2
3064311500408100110,2134.172852,29,Model_2
3064311500408100111,3805.953125,29,Model_2
3064311500408100112,7080.744141,29,Model_2
3064311500408100113,2401.287109,29,Model_2
3064311500408100114,7552.683105,29,Model_2
3064311500408100115,6478.42334,29,Model_2
3064311500408100117,5266.786133,29,Model_2
3064311500408100118,2847.092041015625,29,Model_2
3064311500408100119,9615.037109,29,Model_2
3064311500408100120,3628.845947265625,29,Model_2
3064311500408100121,4693.061035,29,Model_2
3064311500408100122,3231.6875,29,Model_2
3064311500408100123,6945.763184,29,Model_2
3064311500408100124,8243.710938,29,Model_2
3064311500408100126,2647.540283203125,29,Model_2
3064311500408100128,3558.348876953125,29,Model_2
3064311500408100129,3861.200927734375,29,Model_2
3064311500408100130,5690.575684,29,Model_2
3064311500408100131,5548.706543,29,Model_2
3064311500408100132,3817.962646484375,29,Model_2
3064311500408100133,8101.348633,29,Model_2
3064311500408100134,7563.378418,29,Model_2
3064311500408100135,10517.04004,29,Model_2
3064311500408100136,3675.697754,29,Model_2
3064311500408100138,5488.134766,29,Model_2
3064311500408100139,8399.885742,29,Model_2
3064311500408100140,3933.989990234375,29,Model_2
3064311500408100141,5560.055176,29,Model_2
3064311500408100142,5420.937988,29,Model_2
3064311500408100143,4197.354492,29,Model_2
3064311500408100144,4849.287598,29,Model_2
3064311500408100145,4816.23584,29,Model_2
3064311500408100146,5151.5625,29,Model_2
3064311500408100147,748.6148071289062,29,Model_2
3064311500408100148,4288.086426,29,Model_2
3064311500408100150,4803.120117,29,Model_2
3064311500408100151,3820.439453,29,Model_2
3064311500408100152,3590.568115234375,29,Model_2
3064311500408100153,3132.095215,29,Model_2
3064311500408100155,4634.46582,29,Model_2
3064311500408100156,4341.818848,29,Model_2
3064311500408100157,4384.271484,29,Model_2
3064311500408100159,9133.603516,29,Model_2
3064311500408100161,9599.600586,29,Model_2
3064311500408100164,4597.19873,29,Model_2
3064311500408100167,8038.605469,29,Model_2
3064311500408100169,4954.845215,29,Model_2
3064311500408100170,1484.341552734375,29,Model_2
3064311500408100172,3562.068359,29,Model_2
3064311500408100174,2351.921630859375,29,Model_2
3064311500410100011,4750.349121,32,Model_2
3064311500410100012,5587.961914,32,Model_2
3064311500410100015,5950.515137,32,Model_2
3064311500410100017,2015.4281005859375,32,Model_2
3064311500410100020,3001.648926,32,Model_2
3064311500410100021,4150.510742,32,Model_2
3064311500410100022,2955.930908203125,32,Model_2
3064311500410100023,4906.808594,32,Model_2
3064311500410100024,9149.536133,32,Model_2
3064311500410100025,2864.123291015625,32,Model_2
3064311500410100028,7651.341797,32,Model_2
3064311500410100029,1062.584228515625,32,Model_2
3064311500410100030,972.8031616210938,32,Model_2
3064311500410100031,4406.615234,32,Model_2
3064311500410100033,1635.444091796875,32,Model_2
3064311500410100035,2796.711426,32,Model_2
3064311500410100036,5031.404297,32,Model_2
3064311500410100037,3463.697754,32,Model_2
3064311500410100039,4480.02002,32,Model_2
3064311500410100040,4682.217773,32,Model_2
3064311500410100041,3687.048828,32,Model_2
3064311500410100042,6921.640625,32,Model_2
3064311500410100044,3175.342041015625,32,Model_2
3064311500410100045,4303.138184,32,Model_2
3064311500410100046,3936.871826171875,32,Model_2
3064311500410100047,2731.17334,32,Model_2
3064311500410100048,11391.34668,32,Model_2
3064311500410100049,6019.458008,32,Model_2
3064311500410100050,2695.57373,32,Model_2
3064311500410100051,5543.939453,32,Model_2
3064311500410100054,2681.3125,32,Model_2
3064311500410100055,3466.718262,32,Model_2
3064311500410100056,8016.724609,32,Model_2
3064311500410100058,4663.672363,32,Model_2
3064311500410100059,2689.76416,32,Model_2
3064311500410100060,5303.725586,32,Model_2
3064311500410100061,2290.615478515625,32,Model_2
3064311500410100062,4320.313965,32,Model_2
3064311500410100065,4338.782715,32,Model_2
3064311500410100067,12276.88086,32,Model_2
3064311500410100068,8671.351563,32,Model_2
3064311500410100070,9212.158203,32,Model_2
3064311500410100074,2324.921387,32,Model_2
3064311500410100076,4647.353516,32,Model_2
3064311500410100078,5908.255859,32,Model_2
3064311500410100080,7487.740723,32,Model_2
3064311500410100081,4553.59668,32,Model_2
3064311500410100082,6969.740723,32,Model_2
3064311500410100083,5684.55127,32,Model_2
3064311500410100084,4131.337891,32,Model_2
3064311500410100086,14453.11133,32,Model_2
3064311500411100006,5580.239746,32,Model_2
3064311500411100008,4568.220703,32,Model_2
3064311500411100009,12171.12988,32,Model_2
3064311500411100010,4252.30957,32,Model_2
3064311500411100011,7274.906738,32,Model_2
3064311500411100012,2758.478759765625,32,Model_2
3064311500411100013,3590.969482421875,32,Model_2
3064311500411100016,2533.504883,32,Model_2
3064311500411100017,21750.25391,32,Model_2
3064311500411100022,6091.383301,32,Model_2
3064311500411100023,6742.8125,32,Model_2
3064311500411100024,4612.477539,32,Model_2
3064311500411100027,5586.57373,32,Model_2
3064311500411100030,6309.039551,32,Model_2
3064311500411100034,3976.416992,32,Model_2
3064311500411100036,8146.584473,32,Model_2
3064311500411100037,5927.552246,32,Model_2
3064311500411100038,10905.4502,32,Model_2
3064311500411100039,1437.651123046875,32,Model_2
3064311500411100042,4486.780762,32,Model_2
3064311500411100043,10395.39258,32,Model_2
3064311500411100046,5990.049805,32,Model_2
3064311500411100055,4393.305664,32,Model_2
3064311500411100057,5437.789063,32,Model_2
3064311500411100060,4244.375,32,Model_2
3064311500411100061,21556.70117,32,Model_2
3064311500411100062,10139.17871,32,Model_2
3064311500411100063,7829.145996,32,Model_2
3064311500411100064,5592.619141,32,Model_2
3064311500411100065,4667.777832,32,Model_2
3064311500411100066,3140.476563,32,Model_2
3064311500411100067,3133.450195,32,Model_2
3064311500411100070,1916.270263671875,32,Model_2
3064311500411100071,5600.304199,32,Model_2
3064311500411100073,7414.794434,32,Model_2
3064311500411100074,4815.097168,32,Model_2
3064311500411100075,4056.61377,32,Model_2
3064311500411100078,6376.483398,32,Model_2
3064311500411100079,5272.660645,32,Model_2
3064311500411100080,4992.398926,32,Model_2
3064311500411100083,6803.570801,32,Model_2
3064311500411100084,9623.095703,32,Model_2
3064311500411100085,15314.10742,32,Model_2
3064311500411100086,10930.64355,32,Model_2
3064311500411100087,175.1221466064453,32,Model_2
3064311500411100088,12175.34375,32,Model_2
3064311500411100090,5704.442383,32,Model_2
3064311500411100091,6314.547363,32,Model_2
3064311500411100092,5851.173828,32,Model_2
3064311500411100093,14839.35352,32,Model_2
3064311500411100095,846.479248,32,Model_2
3064311500411100096,6418.921387,32,Model_2
3064311500411100097,14461.45605,32,Model_2
3064311500411100098,4757.209473,32,Model_2
3064311500411100099,10366.28613,32,Model_2
3064311500411100100,10638.7334,32,Model_2
3064311500411100102,9812.12793,32,Model_2
3064311500411100103,5871.445313,32,Model_2
3064311500411100105,7467.290039,32,Model_2
3064311500411100108,12463.51758,32,Model_2
3064311500411100110,5490.389648,32,Model_2
3064311500411100111,3482.148193359375,32,Model_2
3064311500411100112,12141.66602,32,Model_2
3064311500411100113,17337.86133,32,Model_2
3064311500411100114,7241.998047,32,Model_2
3064311500411100117,10113.94434,32,Model_2
3064311500411100119,8240.456055,32,Model_2
3064311500411100120,8993.166992,32,Model_2
3064311500411100121,6940.039063,32,Model_2
3064311500411100122,4039.429931640625,32,Model_2
3064311500411100123,3078.753662109375,32,Model_2
3064311500411100125,9645.837891,32,Model_2
3064311500411100126,5348.347168,32,Model_2
3064311500411100129,9983.077148,32,Model_2
3064311500411100131,8152.812012,32,Model_2
3064311500411100132,7527.150879,32,Model_2
3064311500411100133,6086.532715,32,Model_2
3064311500411100135,4701.297363,32,Model_2
3064311500411100136,14825.19922,32,Model_2
3064311500411100138,2070.858154296875,32,Model_2
3064311500411100139,3931.431641,32,Model_2
3064311500411100140,2061.990478515625,32,Model_2
3064311500411100141,4432.466797,32,Model_2
3064311500411100142,6841.645996,32,Model_2
3064311500411100143,5455.385254,32,Model_2
3064311500411100144,19442.73242,32,Model_2
3064311500411100145,8432.704102,32,Model_2
3064311500411100147,4284.734375,32,Model_2
3064311500411100148,3127.235595703125,32,Model_2
3064311500411100149,4053.298828,32,Model_2
3064311500411100151,6143.365234,32,Model_2
3064311500411100153,6090.47168,32,Model_2
3064311500411100154,1458.27002,32,Model_2
3064311500411100155,11736.32324,32,Model_2
3064311500411100156,3317.378662109375,32,Model_2
3064311500411100157,5341.477051,32,Model_2
3064311500411100158,2407.554688,32,Model_2
3064311500411100159,11904.56934,32,Model_2
3064311500411100160,1594.4564208984375,32,Model_2
3064311500411100162,7549.174805,32,Model_2
3064311500411100164,5967.089844,32,Model_2
3064311500411100165,2505.673583984375,32,Model_2
3064311500411100166,3314.888672,32,Model_2
3064311500411100169,1533.706787109375,32,Model_2
3064311500411100170,3370.030517578125,32,Model_2
3064311500411100171,2421.835449,32,Model_2
3064311500411100173,6865.866699,32,Model_2
3064311500411100177,11401.29199,32,Model_2
3064311500411100179,6399.882324,32,Model_2
3064311500411100180,5455.731934,32,Model_2
3064311500411100181,6779.996094,32,Model_2
3064311500411100183,3259.059814453125,32,Model_2
3064311500411100184,8907.430664,32,Model_2
3064311500411100186,8201.786133,32,Model_2
3064311500411100187,11396.18848,32,Model_2
3064311500411100188,4312.916992,32,Model_2
3064311500411100189,5999.179688,32,Model_2
3064311500411100191,4712.777344,32,Model_2
3064311500411100193,6736.11377,32,Model_2
3064311500411100195,5970.868164,32,Model_2
3064311500411100196,1614.356934,32,Model_2
3064311500411100197,192.6846923828125,32,Model_2
3064311500411100198,3624.513672,32,Model_2
3064311500411100199,1583.9827880859375,32,Model_2
3064311500411100201,5749.000488,32,Model_2
3064311500411100204,4347.471191,32,Model_2
3064311500411100206,10933.60352,32,Model_2
3064311500411100207,11257.24707,32,Model_2
3064311500411100214,2683.170898,32,Model_2
3064311500412100009,2501.142333984375,32,Model_2
3064311500412100010,1750.6556396484375,32,Model_2
3064311500412100013,1997.3262939453125,32,Model_2
3064311500412100015,4220.351074,32,Model_2
3064311500412100021,4971.524902,32,Model_2
3064311500412100023,2851.906738,32,Model_2
3064311500412100026,1662.4937744140625,32,Model_2
3064311500412100028,3741.304443359375,32,Model_2
3064311500412100030,2087.862060546875,32,Model_2
3064311500412100035,7706.983398,32,Model_2
3064311500412100037,5267.577637,32,Model_2
3064311500412100039,3925.662353515625,32,Model_2
3064311500412100042,3081.639648,32,Model_2
3064311500412100044,3471.828369140625,32,Model_2
3064311500412100045,4843.674805,32,Model_2
3064311500412100046,4909.586426,32,Model_2
3064311500412100047,4649.768066,32,Model_2
3064311500412100048,4329.445313,32,Model_2
3064311500412100049,2563.57373,32,Model_2
3064311500412100050,3218.133789,32,Model_2
3064311500412100051,3996.37207,32,Model_2
3064311500412100052,1961.220947265625,32,Model_2
3064311500412100053,4849.938477,32,Model_2
3064311500412100054,3067.992431640625,32,Model_2
3064311500412100055,4012.546630859375,32,Model_2
3064311500412100056,2138.000732421875,32,Model_2
3064311500412100057,2976.952637,32,Model_2
3064311500412100059,3285.508544921875,32,Model_2
3064311500412100061,4000.064453,32,Model_2
3064311500412100063,3606.597412109375,32,Model_2
3064311500412100064,4186.619629,32,Model_2
3064311500412100065,2379.335938,32,Model_2
3064311500412100066,2813.505371,32,Model_2
3064311500412100067,2391.676758,32,Model_2
3064311500412100068,4170.595703,32,Model_2
3064311500412100069,3774.748779296875,32,Model_2
3064311500412100070,3624.080810546875,32,Model_2
3064311500412100071,3873.797119140625,32,Model_2
3064311500412100072,3896.407958984375,32,Model_2
3064311500412100073,3237.143555,32,Model_2
3064311500412100074,3409.488525390625,32,Model_2
3064311500412100075,2275.317871,32,Model_2
3064311500412100076,5011.369629,32,Model_2
3064311500412100077,746.9382934570312,32,Model_2
3064311500412100078,5593.97168,32,Model_2
3064311500412100080,430.7023010253906,32,Model_2
3064311500412100081,6951.271973,32,Model_2
3064311500412100082,4556.795898,32,Model_2
3064311500412100083,600.2926635742188,32,Model_2
3064311500412100084,2809.819824,32,Model_2
3064311500412100085,4201.466309,32,Model_2
3064311500412100086,3458.192871,32,Model_2
3064311500412100087,2833.512695,32,Model_2
3064311500412100088,5604.083984,32,Model_2
3064311500412100089,2717.091797,32,Model_2
3064311500412100090,2503.38623,32,Model_2
3064311500412100091,2793.107177734375,32,Model_2
3064311500412100092,3473.979004,32,Model_2
3064311500412100094,1580.2781982421875,32,Model_2
3064311500412100095,3312.602051,32,Model_2
3064311500412100096,3057.227294921875,32,Model_2
3064311500412100097,5663.838379,32,Model_2
3064311500412100098,3293.040283203125,32,Model_2
3064311500412100099,2534.886719,32,Model_2
3064311500412100100,3074.244384765625,32,Model_2
3064311500412100101,8514.759766,32,Model_2
3064311500412100102,1363.699219,32,Model_2
3064311500412100103,3621.522461,32,Model_2
3064311500412100104,9547.464844,32,Model_2
3064311500412100105,7083.874512,32,Model_2
3064311500412100106,840.1288452148438,32,Model_2
3064311500412100107,1960.019287109375,32,Model_2
3064311500412100108,1734.3902587890625,32,Model_2
3064311500412100109,5749.202637,32,Model_2
3064311500412100110,3603.912353515625,32,Model_2
3064311500412100111,2648.055419921875,32,Model_2
3064311500412100112,3753.485352,32,Model_2
3064311500412100113,1177.1383056640625,32,Model_2
3064311500412100114,5971.141602,32,Model_2
3064311500412100115,3396.609375,32,Model_2
3064311500412100116,2208.605469,32,Model_2
3064311500412100117,2061.193848,32,Model_2
3064311500412100118,2403.482666015625,32,Model_2
3064311500412100120,4517.94043,32,Model_2
3064311500412100121,2971.459716796875,32,Model_2
3064311500412100122,5334.633789,32,Model_2
3064311500412100123,2097.526367,32,Model_2
3064311500412100125,2647.962402,32,Model_2
3064311500412100126,4879.236328,32,Model_2
3064311500412100127,4003.510254,32,Model_2
3064311500412100128,2605.427001953125,32,Model_2
3064311500412100131,6922.239746,32,Model_2
3064311500412100132,2155.087158203125,32,Model_2
3064311500412100133,3808.437012,32,Model_2
3064311500412100134,1045.4532470703125,32,Model_2
3064311500412100135,6175.154297,32,Model_2
3064311500412100136,8886.262695,32,Model_2
3064311500412100137,4605.365234,32,Model_2
3064311500412100138,2398.802490234375,32,Model_2
3064311500412100139,3989.250977,32,Model_2
3064311500412100140,2433.435547,32,Model_2
3064311500412100141,1653.9329833984375,32,Model_2
3064311500412100143,1737.806641,32,Model_2
3064311500412100144,4018.878906,32,Model_2
3064311500412100145,1397.6851806640625,32,Model_2
3064311500412100146,4967.64502,32,Model_2
3064311500412100147,6643.950195,32,Model_2
3064311500412100148,4729.328613,32,Model_2
3064311500412100149,6549.43457,32,Model_2
3064311500412100150,4129.204102,32,Model_2
3064311500412100152,5292.032227,32,Model_2
3064311500412100153,4099.882813,32,Model_2
3064311500412100154,2684.180419921875,32,Model_2
3064311500412100155,4417.443848,32,Model_2
3064311500412100157,3472.705078,32,Model_2
3064311500412100158,1085.733154296875,32,Model_2
3064311500412100159,2630.441406,32,Model_2
3064311500412100160,2640.441895,32,Model_2
3064311500412100161,1897.9857177734375,32,Model_2
3064311500412100163,7263.412109,32,Model_2
3064311500412100164,6466.856445,32,Model_2
3064311500412100165,5690.987305,32,Model_2
3064311500412100167,3544.09668,32,Model_2
3064311500412100168,4153.873535,32,Model_2
3064311500412100171,1090.035400390625,32,Model_2
3064311500412100174,7975.344727,32,Model_2
3064311500412100175,10213.39453,32,Model_2
3064311500412100178,2793.257568359375,32,Model_2
3064311500412100180,6483.444336,32,Model_2
3064311500412100181,13428.96973,32,Model_2
3064311500412100183,2083.447509765625,32,Model_2
3064311500412100186,6124.777344,32,Model_2
3064311500412100187,4008.057617,32,Model_2
3064311500412100188,3777.218017578125,32,Model_2
3064311500412100189,4770.746582,32,Model_2
3064311500412100194,10245.80664,32,Model_2
3064311500412100198,8323.898438,32,Model_2
3064311500412100199,1225.1771240234375,32,Model_2
3064311500412100212,7301.615723,32,Model_2
3064311500413100007,3792.024169921875,32,Model_2
3064311500413100009,4959.693848,32,Model_2
3064311500413100016,6831.206055,32,Model_2
3064311500413100019,11751.92676,32,Model_2
3064311500413100026,8775.302734,32,Model_2
3064311500413100028,4973.331543,32,Model_2
3064311500413100030,10069.70996,32,Model_2
3064311500413100032,3300.261719,32,Model_2
3064311500413100034,17564.45117,32,Model_2
3064311500417100014,5275.050293,4,Model_2
3064311500417100015,3783.597900390625,4,Model_2
3064311500417100016,3212.487305,4,Model_2
3064311500417100019,6036.954102,4,Model_2
3064311500417100020,9923.738281,4,Model_2
3064311500417100021,7336.141113,4,Model_2
3064311500417100022,2694.355469,4,Model_2
3064311500417100023,7112.720703,4,Model_2
3064311500417100024,9083.388672,4,Model_2
3064311500417100025,8656.345703,4,Model_2
3064311500417100026,8220.950195,4,Model_2
3064311500417100027,7986.063965,4,Model_2
3064311500417100028,6059.043945,4,Model_2
3064311500417100029,7725.549316,4,Model_2
3064311500417100030,14855.38281,4,Model_2
3064311500417100032,8582.267578,4,Model_2
3064311500417100033,6522.27002,4,Model_2
3064311500417100034,5684.769043,4,Model_2
3064311500417100037,10734.45215,4,Model_2
3064311500417100038,13453.06152,4,Model_2
3064311500417100040,6876.374512,4,Model_2
3064311500417100041,5528.032715,4,Model_2
3064311500417100042,2800.263184,4,Model_2
3064311500417100043,7378.601563,4,Model_2
3064311500417100045,6619.001953,4,Model_2
3064311500417100046,3079.169434,4,Model_2
3064311500417100048,3722.807373046875,4,Model_2
3064311500417100049,3110.084228515625,4,Model_2
3064311500417100050,11805.88184,4,Model_2
3064311500417100052,5051.654297,4,Model_2
3064311500417100053,4155.92041,4,Model_2
3064311500417100054,12433.12207,4,Model_2
3064311500417100056,5042.156738,4,Model_2
3064311500417100058,3763.04248,4,Model_2
3064311500417100061,7183.546387,4,Model_2
3064311500417100062,9136.198242,4,Model_2
3064311500417100064,30412.14648,4,Model_2
3064311500417100065,10796.90039,4,Model_2
3064311500418100010,13689.02734,4,Model_2
3064311500418100012,18824.49023,4,Model_2
3064311500418100019,9720.574219,4,Model_2
3064311500418100020,24543.59375,4,Model_2
3064311500418100021,19113.87109,4,Model_2
3064311500418100022,22398.41992,4,Model_2
3064311500418100023,24849.43164,4,Model_2
3064311500418100026,10136.56152,4,Model_2
3064311500418100027,21598.38086,4,Model_2
3064311500418100029,8590.748047,4,Model_2
3064311500418100030,4743.773926,4,Model_2
3064311500418100031,25021.88867,4,Model_2
3064311500418100032,5780.28125,4,Model_2
3064311500418100033,7558.044922,4,Model_2
3064311500418100035,20815.18359,4,Model_2
3064311500418100036,12092.5957,4,Model_2
3064311500418100037,4368.114746,4,Model_2
3064311500418100038,3617.350586,4,Model_2
3064311500418100039,15505.8623,4,Model_2
3064311500418100041,17658.36523,4,Model_2
3064311500418100043,3504.274658203125,4,Model_2
3064311500418100044,7369.84375,4,Model_2
3064311500418100045,17400.39648,4,Model_2
3064311500418100046,44152.58594,4,Model_2
3064311500418100047,6766.710449,4,Model_2
3064311500418100048,8319.15918,4,Model_2
3064311500418100049,9877.695313,4,Model_2
3064311500418100050,2739.630371,4,Model_2
3064311500418100051,18510.49805,4,Model_2
3064311500418100054,8788.125,4,Model_2
3064311500418100055,1629.6954345703125,4,Model_2
3064311500418100056,5718.898438,4,Model_2
3064311500418100057,3999.048583984375,4,Model_2
3064311500418100058,19589.91602,4,Model_2
3064311500418100060,2797.452392578125,4,Model_2
3064311500418100061,6477.945313,4,Model_2
3064311500418100062,14080.32031,4,Model_2
3064311500418100064,1304.522216796875,4,Model_2
3064311500418100066,803.1559448242188,4,Model_2
3064311500418100067,13382.22559,4,Model_2
3064311500418100069,2767.579345703125,4,Model_2
3064311500418100070,6530.248047,4,Model_2
3064311500418100072,10274.28516,4,Model_2
3064311500418100073,1390.2298583984375,4,Model_2
3064311500418100080,5342.219238,4,Model_2
3064311500418100081,6520.410156,4,Model_2
3064311500418100087,9582.323242,4,Model_2
3064311500418100089,9080.618164,4,Model_2
3064311500418100092,10533.84375,4,Model_2
3064311500418100093,7212.029785,4,Model_2
3064311500418100100,7305.111328,4,Model_2
3064311500418100101,14895.2334,4,Model_2
3064311500418100102,9332.961914,4,Model_2
3064311500418100103,22688.56055,4,Model_2
3064311500418100104,7139.648926,4,Model_2
3064311500418100105,2061.984375,4,Model_2
3064311500418100107,2734.197021484375,4,Model_2
3064311500419100008,9302.396484,4,Model_2
3064311500419100009,37357.88672,4,Model_2
3064311500419100010,13399.09668,4,Model_2
3064311500419100013,10012.56152,4,Model_2
3064311500419100015,17119.75781,4,Model_2
3064311500419100016,4099.791992,4,Model_2
3064311500419100017,6523.959473,4,Model_2
3064311500419100018,8054.088379,4,Model_2
3064311500419100021,17484.5,4,Model_2
3064311500419100022,12932.61426,4,Model_2
3064311500419100023,4138.907715,4,Model_2
3064311500419100024,10395.69141,4,Model_2
3064311500419100026,2253.38623,4,Model_2
3064311500419100028,8871.783203,4,Model_2
3064311500419100029,13601.73145,4,Model_2
3064311500419100030,12084.08496,4,Model_2
3064311500419100031,10702.53613,4,Model_2
3064311500419100034,8593.0,4,Model_2
3064311500419100037,4981.516602,4,Model_2
3064311500419100038,9495.369141,4,Model_2
3064311500419100039,12903.35645,4,Model_2
3064311500419100040,4031.98584,4,Model_2
3064311500419100041,8346.038086,4,Model_2
3064311500419100047,6237.424316,4,Model_2
3064311500419100055,13911.99316,4,Model_2
3064311500419100059,5404.844727,4,Model_2
3064311500419100060,10423.1543,4,Model_2
3064311500419100061,10581.97949,4,Model_2
3064311500419100063,8821.183594,4,Model_2
3064311500421100009,24348.40039,8,Model_2
3064311500421100012,9788.355469,8,Model_2
3064311500421100013,6336.560059,8,Model_2
3064311500421100014,4887.886719,8,Model_2
3064311500421100015,12568.04199,8,Model_2
3064311500421100016,59762.88281,8,Model_2
3064311500421100017,15718.16992,8,Model_2
3064311500421100019,1000.278564453125,8,Model_2
3064311500421100020,580.791748,8,Model_2
3064311500421100023,10839.18945,8,Model_2
3064311500421100024,19950.62891,8,Model_2
3064311500421100025,9682.432617,8,Model_2
3064311500421100027,10047.7998,8,Model_2
3064311500421100028,18956.25391,8,Model_2
3064311500421100029,23995.74609,8,Model_2
3064311500421100035,7037.539063,8,Model_2
3064311500421100036,9742.47168,8,Model_2
3064311500421100041,22304.79688,8,Model_2
3064311500421100046,14443.63867,8,Model_2
3064311500421100047,33479.0,8,Model_2
3064311500421100048,4768.869629,8,Model_2
3064311500421100058,43102.96484,8,Model_2
3064311500421100059,13505.35645,8,Model_2
3064311500421100062,13658.25,8,Model_2
3064311500421100064,6263.528809,8,Model_2
3064311500421100065,7907.727539,8,Model_2
3064311500421100066,9373.30957,8,Model_2
3064311500421100072,32068.13281,8,Model_2
3064311500422100012,12802.77539,8,Model_2
3064311500422100013,14048.25488,8,Model_2
3064311500422100016,8496.229492,8,Model_2
3064311500422100017,22809.04297,8,Model_2
3064311500422100019,19866.03125,8,Model_2
3064311500422100020,2768.712158203125,8,Model_2
3064311500422100026,5937.489746,8,Model_2
3064311500422100027,10695.55078,8,Model_2
3064311500422100028,16627.83594,8,Model_2
3064311500422100029,12913.85742,8,Model_2
3064311500422100030,3015.346191,8,Model_2
3064311500422100031,6829.859375,8,Model_2
3064311500422100033,18404.05273,8,Model_2
3064311500422100034,16333.53516,8,Model_2
3064311500422100037,2510.729248046875,8,Model_2
3064311500422100038,15839.47168,8,Model_2
3064311500422100039,9854.613281,8,Model_2
3064311500422100040,13912.88281,8,Model_2
3064311500422100041,4400.589355,8,Model_2
3064311500422100042,11146.01563,8,Model_2
3064311500422100044,3707.955322265625,8,Model_2
3064311500422100045,27150.67969,8,Model_2
3064311500422100046,5991.584473,8,Model_2
3064311500422100047,4127.228516,8,Model_2
3064311500422100049,14445.06836,8,Model_2
3064311500422100051,23137.57422,8,Model_2
3064311500422100052,34159.17969,8,Model_2
3064311500422100053,9720.645508,8,Model_2
3064311500422100054,13791.44531,8,Model_2
3064311500422100055,5458.71582,8,Model_2
3064311500422100058,5652.229492,8,Model_2
3064311500422100059,9527.003906,8,Model_2
3064311500422100060,11001.00293,8,Model_2
3064311500422100061,9672.717773,8,Model_2
3064311500422100062,7363.848633,8,Model_2
3064311500422100064,8195.09668,8,Model_2
3064311500422100065,39617.99219,8,Model_2
3064311500422100066,8696.629883,8,Model_2
3064311500422100067,8344.011719,8,Model_2
3064311500422100071,31085.39453,8,Model_2
3064311500422100073,12709.07324,8,Model_2
3064311500422100074,11009.12109,8,Model_2
3064311500422100075,7957.503418,8,Model_2
3064311500422100078,13261.25488,8,Model_2
3064311500422100080,1718.2974853515625,8,Model_2
3064311500422100082,5833.963379,8,Model_2
3064311500422100083,3295.035645,8,Model_2
3064311500422100084,3080.908203,8,Model_2
3064311500422100085,20919.70117,8,Model_2
3064311500422100086,4496.72168,8,Model_2
3064311500422100087,9530.03125,8,Model_2
3064311500422100088,19074.89063,8,Model_2
3064311500422100090,17542.01758,8,Model_2
3064311500422100091,7328.949219,8,Model_2
3064311500422100092,5633.693848,8,Model_2
3064311500422100093,16228.49414,8,Model_2
3064311500422100095,920.1654663085938,8,Model_2
3064311500422100098,11517.71191,8,Model_2
3064311500422100099,9512.744141,8,Model_2
3064311500422100100,7595.404785,8,Model_2
3064311500422100102,24007.69531,8,Model_2
3064311500422100103,16727.66992,8,Model_2
3064311500422100106,5642.306152,8,Model_2
3064311500422100108,9884.378906,8,Model_2
3064311500422100110,7489.14502,8,Model_2
3064311500422100111,1194.466309,8,Model_2
3064311500422100118,11799.53516,8,Model_2
3064311500422100121,3483.382324,8,Model_2
3064311500422100123,5517.608398,8,Model_2
3064311500422100125,4788.137695,8,Model_2
3064311500422100128,836.0588379,8,Model_2
3064311500422100130,8878.835938,8,Model_2
3064311500422100131,6302.144531,8,Model_2
3064311500422100132,2483.333008,8,Model_2
3064311500422100134,4846.563477,8,Model_2
3064311500422100137,1790.369384765625,8,Model_2
3064311500422100138,1111.917236328125,8,Model_2
3064311500422100140,14651.68848,8,Model_2
3064311500422100144,4667.470703,8,Model_2
3064311500422100147,20325.5625,8,Model_2
3064311500422100150,4485.679688,8,Model_2
3064311500423100011,12284.65039,8,Model_2
3064311500423100012,13897.73047,8,Model_2
3064311500423100014,12588.02637,8,Model_2
3064311500423100016,10558.39648,8,Model_2
3064311500423100017,12806.68848,8,Model_2
3064311500423100019,8702.611328,8,Model_2
3064311500423100021,12091.51074,8,Model_2
3064311500423100022,4882.678223,8,Model_2
3064311500423100023,6257.654297,8,Model_2
3064311500423100025,11069.67285,8,Model_2
3064311500423100026,9342.350586,8,Model_2
3064311500423100027,4377.554688,8,Model_2
3064311500423100028,7623.686523,8,Model_2
3064311500423100029,13912.08301,8,Model_2
3064311500423100031,14550.6084,8,Model_2
3064311500423100032,19221.45703,8,Model_2
3064311500423100034,2143.217041015625,8,Model_2
3064311500423100035,5351.982422,8,Model_2
3064311500423100036,6716.06543,8,Model_2
3064311500423100037,7378.956543,8,Model_2
3064311500423100038,10782.3252,8,Model_2
3064311500423100039,7169.297852,8,Model_2
3064311500423100041,6205.190918,8,Model_2
3064311500423100042,10246.01953,8,Model_2
3064311500423100043,10421.16113,8,Model_2
3064311500423100045,21515.46484,8,Model_2
3064311500423100046,4665.831055,8,Model_2
3064311500423100047,7060.395508,8,Model_2
3064311500423100048,13614.95117,8,Model_2
3064311500423100049,12456.93359,8,Model_2
3064311500423100051,10108.34473,8,Model_2
3064311500423100054,16794.5332,8,Model_2
3064311500423100055,27924.29883,8,Model_2
3064311500423100056,14370.83789,8,Model_2
3064311500423100063,8444.092773,8,Model_2
3064311500423100064,14982.2168,8,Model_2
3064311500423100067,6815.561523,8,Model_2
3064311500425100012,4143.763672,14,Model_2
3064311500425100013,3266.427978515625,14,Model_2
3064311500425100015,7432.052734,14,Model_2
3064311500425100021,14982.75,14,Model_2
3064311500425100028,4997.853516,14,Model_2
3064311500425100032,4758.728516,14,Model_2
3064311500425100034,7402.249512,14,Model_2
3064311500425100041,10960.75098,14,Model_2
3064311500425100042,13389.39648,14,Model_2
3064311500425100050,5949.663574,14,Model_2
3064311500425100051,7541.333008,14,Model_2
3064311500426100011,16465.81836,14,Model_2
3064311500426100013,8435.048828,14,Model_2
3064311500426100014,10216.10254,14,Model_2
3064311500426100015,8186.533691,14,Model_2
3064311500426100016,9908.731445,14,Model_2
3064311500426100018,3605.541259765625,14,Model_2
3064311500426100027,6321.784668,14,Model_2
3064311500426100032,4468.355469,14,Model_2
3064311500426100035,14037.96094,14,Model_2
3064311500426100037,7970.929199,14,Model_2
3064311500426100038,9416.881836,14,Model_2
3064311500426100039,7164.870605,14,Model_2
3064311500426100040,7473.24707,14,Model_2
3064311500426100041,7336.436523,14,Model_2
3064311500426100042,5096.35791,14,Model_2
3064311500426100043,4513.208496,14,Model_2
3064311500426100044,9155.222656,14,Model_2
3064311500426100045,8163.315918,14,Model_2
3064311500426100046,2044.358154296875,14,Model_2
3064311500426100048,8486.696289,14,Model_2
3064311500426100049,4706.914063,14,Model_2
3064311500426100051,14309.0459,14,Model_2
3064311500426100052,10672.59375,14,Model_2
3064311500426100053,4430.901367,14,Model_2
3064311500426100056,3267.318359,14,Model_2
3064311500426100057,1530.687988,14,Model_2
3064311500426100059,5179.133789,14,Model_2
3064311500426100062,5506.290039,14,Model_2
3064311500426100064,5281.893555,14,Model_2
3064311500426100065,3794.688720703125,14,Model_2
3064311500426100066,3801.378662109375,14,Model_2
3064311500426100068,4471.031738,14,Model_2
3064311500426100069,5775.330566,14,Model_2
3064311500426100070,10790.13477,14,Model_2
3064311500426100075,12940.12305,14,Model_2
3064311500426100076,11289.53809,14,Model_2
3064311500426100077,5216.886719,14,Model_2
3064311500426100079,5862.557129,14,Model_2
3064311500426100080,8485.294922,14,Model_2
3064311500426100083,3836.042969,14,Model_2
3064311500426100084,3985.66748,14,Model_2
3064311500426100085,327.5816345214844,14,Model_2
3064311500426100087,5174.20459,14,Model_2
3064311500426100088,405.6740417480469,14,Model_2
3064311500426100089,9149.988281,14,Model_2
3064311500426100090,6146.990723,14,Model_2
3064311500426100093,5619.557129,14,Model_2
3064311500426100094,5769.641602,14,Model_2
3064311500426100095,3828.448486328125,14,Model_2
3064311500426100096,2539.399169921875,14,Model_2
3064311500426100097,7694.409668,14,Model_2
3064311500426100098,4646.564453,14,Model_2
3064311500426100100,2717.088623046875,14,Model_2
3064311500426100101,5296.575684,14,Model_2
3064311500426100102,655.9033813476562,14,Model_2
3064311500426100103,3288.830810546875,14,Model_2
3064311500426100104,5998.32959,14,Model_2
3064311500426100105,5364.809082,14,Model_2
3064311500426100106,7926.619141,14,Model_2
3064311500426100107,11317.27246,14,Model_2
3064311500426100108,5336.664063,14,Model_2
3064311500426100109,6293.880371,14,Model_2
3064311500426100110,6064.799316,14,Model_2
3064311500426100111,2802.118408203125,14,Model_2
3064311500426100112,6182.904297,14,Model_2
3064311500426100114,13613.80273,14,Model_2
3064311500426100115,1453.29834,14,Model_2
3064311500426100117,6043.220215,14,Model_2
3064311500427100008,4316.226563,14,Model_2
3064311500427100012,4876.955078,14,Model_2
3064311500427100018,4949.04541,14,Model_2
3064311500427100019,5567.255859,14,Model_2
3064311500427100021,6315.663086,14,Model_2
3064311500427100023,6059.819824,14,Model_2
3064311500427100024,4139.956055,14,Model_2
3064311500427100025,6869.436035,14,Model_2
3064311500427100026,5335.89209,14,Model_2
3064311500427100027,4784.696777,14,Model_2
3064311500427100029,5064.455078,14,Model_2
3064311500427100030,5837.617188,14,Model_2
3064311500427100031,3415.805664,14,Model_2
3064311500427100032,10960.33105,14,Model_2
3064311500427100033,6213.631348,14,Model_2
3064311500427100034,4746.979492,14,Model_2
3064311500427100035,1419.2362060546875,14,Model_2
3064311500427100036,8092.289551,14,Model_2
3064311500427100039,5454.144043,14,Model_2
3064311500427100040,12164.29004,14,Model_2
3064311500429100016,9379.709961,29,Model_2
3064311500429100029,11588.34668,29,Model_2
3064311500429100034,6716.208496,29,Model_2
3064311500429100035,3149.045166015625,29,Model_2
3064311500429100039,8626.890625,29,Model_2
3064311500430100027,2332.818848,29,Model_2
3064311500430100028,3923.648438,29,Model_2
3064311500430100042,8145.37793,29,Model_2
3064311500430100043,3245.876220703125,29,Model_2
3064311500430100044,5394.529785,29,Model_2
3064311500430100045,3137.885986328125,29,Model_2
3064311500430100049,3803.766357421875,29,Model_2
3064311500430100050,2093.506836,29,Model_2
3064311500430100051,6710.214844,29,Model_2
3064311500430100053,2460.410156,29,Model_2
3064311500430100054,6011.750488,29,Model_2
3064311500430100055,4028.953857421875,29,Model_2
3064311500430100059,7638.702637,29,Model_2
3064311500430100060,5091.25293,29,Model_2
3064311500430100064,2131.692383,29,Model_2
3064311500430100070,2836.608887,29,Model_2
3064311500430100071,5408.150879,29,Model_2
3064311500430100072,4808.306641,29,Model_2
3064311500430100074,5468.518555,29,Model_2
3064311500430100076,5674.650879,29,Model_2
3064311500430100077,1525.202880859375,29,Model_2
3064311500430100078,4579.705566,29,Model_2
3064311500430100079,10111.05176,29,Model_2
3064311500430100080,3297.361572265625,29,Model_2
3064311500430100081,2642.332763671875,29,Model_2
3064311500430100082,4144.911133,29,Model_2
3064311500430100083,6425.385254,29,Model_2
3064311500430100084,2846.932373046875,29,Model_2
3064311500430100085,3131.13916,29,Model_2
3064311500430100086,5309.925781,29,Model_2
3064311500430100088,3571.075195,29,Model_2
3064311500430100090,2526.470215,29,Model_2
3064311500430100091,1907.330810546875,29,Model_2
3064311500430100092,2393.224853515625,29,Model_2
3064311500430100093,5530.981445,29,Model_2
3064311500430100094,1441.845947265625,29,Model_2
3064311500430100095,3129.460938,29,Model_2
3064311500430100096,4063.242919921875,29,Model_2
3064311500430100097,1561.2083740234375,29,Model_2
3064311500430100098,4307.953613,29,Model_2
3064311500430100100,6356.98291,29,Model_2
3064311500430100101,4825.290527,29,Model_2
3064311500430100102,2969.607422,29,Model_2
3064311500430100104,7157.446777,29,Model_2
3064311500430100105,2225.936523,29,Model_2
3064311500430100106,5390.691406,29,Model_2
3064311500430100107,5532.491699,29,Model_2
3064311500430100109,3450.535888671875,29,Model_2
3064311500430100110,3265.018555,29,Model_2
3064311500430100111,4998.020996,29,Model_2
3064311500430100112,3000.762207,29,Model_2
3064311500430100113,4338.337402,29,Model_2
3064311500430100114,7593.347656,29,Model_2
3064311500430100115,8410.679688,29,Model_2
3064311500430100116,2974.651123046875,29,Model_2
3064311500430100118,4065.980712890625,29,Model_2
3064311500430100119,1957.358887,29,Model_2
3064311500430100120,1496.397705078125,29,Model_2
3064311500430100121,3236.143555,29,Model_2
3064311500430100122,12840.64551,29,Model_2
3064311500430100123,682.901123,29,Model_2
3064311500430100124,12738.19141,29,Model_2
3064311500430100126,4604.769531,29,Model_2
3064311500430100127,5586.401367,29,Model_2
3064311500430100128,5114.463867,29,Model_2
3064311500430100129,818.2265625,29,Model_2
3064311500430100130,4034.201172,29,Model_2
3064311500430100131,2259.703857421875,29,Model_2
3064311500430100133,4967.612793,29,Model_2
3064311500430100134,7524.469238,29,Model_2
3064311500430100135,1575.1990966796875,29,Model_2
3064311500430100137,4848.671387,29,Model_2
3064311500430100138,5065.020508,29,Model_2
3064311500430100139,6232.854492,29,Model_2
3064311500430100140,5112.983398,29,Model_2
3064311500430100141,7547.37207,29,Model_2
3064311500430100142,8585.623047,29,Model_2
3064311500430100143,2551.658203,29,Model_2
3064311500430100144,3475.692871,29,Model_2
3064311500430100145,4523.98584,29,Model_2
3064311500430100146,5543.177734,29,Model_2
3064311500430100147,5092.106934,29,Model_2
3064311500430100148,6809.821777,29,Model_2
3064311500430100149,4860.897461,29,Model_2
3064311500430100150,5618.677734,29,Model_2
3064311500430100151,2418.54248,29,Model_2
3064311500430100152,8005.64209,29,Model_2
3064311500430100153,3605.920898,29,Model_2
3064311500431100016,6680.378418,29,Model_2
3064311500431100019,4693.158203,29,Model_2
3064311500431100022,7011.404785,29,Model_2
3064311500431100024,9558.112305,29,Model_2
3064311500431100030,5221.978027,29,Model_2
3064311500431100032,12088.81445,29,Model_2
3064311500431100035,4021.884766,29,Model_2
3064311500431100037,11051.78418,29,Model_2
3064311500431100038,7675.123535,29,Model_2
3064311500431100039,4004.787109,29,Model_2
3064311500431100040,3754.649169921875,29,Model_2
3064311500431100046,2444.116699,29,Model_2
3064311500431100048,5845.807617,29,Model_2
3064311500433100019,21503.74219,32,Model_2
3064311500433100033,3529.339111328125,32,Model_2
3064311500433100039,5748.716797,32,Model_2
3064311500434100011,10116.93848,32,Model_2
3064311500434100014,7731.986328,32,Model_2
3064311500434100015,6490.767578,32,Model_2
3064311500434100022,2233.728759765625,32,Model_2
3064311500434100024,6433.117676,32,Model_2
3064311500434100026,7051.571289,32,Model_2
3064311500434100028,9950.587891,32,Model_2
3064311500434100029,11996.94141,32,Model_2
3064311500434100032,2582.454345703125,32,Model_2
3064311500434100033,5618.253418,32,Model_2
3064311500434100035,5646.824219,32,Model_2
3064311500434100036,12537.05078,32,Model_2
3064311500434100037,3545.944091796875,32,Model_2
3064311500434100038,2771.404297,32,Model_2
3064311500434100039,6619.246582,32,Model_2
3064311500434100041,5303.415039,32,Model_2
3064311500434100043,3032.618164,32,Model_2
3064311500434100045,1876.547363,32,Model_2
3064311500434100046,405.8537292480469,32,Model_2
3064311500434100047,6748.711914,32,Model_2
3064311500434100048,3251.899902,32,Model_2
3064311500434100049,2428.448974609375,32,Model_2
3064311500434100050,3639.431152,32,Model_2
3064311500434100051,5182.708984,32,Model_2
3064311500434100052,6401.791504,32,Model_2
3064311500434100054,5656.631836,32,Model_2
3064311500434100055,239.8260498046875,32,Model_2
3064311500434100056,3305.149169921875,32,Model_2
3064311500434100058,2267.253173828125,32,Model_2
3064311500434100061,6544.17334,32,Model_2
3064311500434100062,2728.171630859375,32,Model_2
3064311500434100063,3127.791259765625,32,Model_2
3064311500434100064,2472.598633,32,Model_2
3064311500434100065,2686.064941,32,Model_2
3064311500434100066,2949.695313,32,Model_2
3064311500434100067,4768.70166,32,Model_2
3064311500434100069,6166.694336,32,Model_2
3064311500434100070,4015.674316,32,Model_2
3064311500434100071,3102.033691,32,Model_2
3064311500434100072,855.9917602539062,32,Model_2
3064311500434100073,5417.743164,32,Model_2
3064311500434100074,246.6136932373047,32,Model_2
3064311500434100076,11247.0127,32,Model_2
3064311500434100077,2267.789794921875,32,Model_2
3064311500434100078,3588.779785,32,Model_2
3064311500434100079,3386.563965,32,Model_2
3064311500434100080,8500.386719,32,Model_2
3064311500434100082,9331.705078,32,Model_2
3064311500434100083,12263.17773,32,Model_2
3064311500434100086,8194.97168,32,Model_2
3064311500434100087,3777.181641,32,Model_2
3064311500434100088,4160.334961,32,Model_2
3064311500434100089,6819.372559,32,Model_2
3064311500434100090,7769.184082,32,Model_2
3064311500434100091,4540.117676,32,Model_2
3064311500434100092,6272.066406,32,Model_2
3064311500434100093,8582.702148,32,Model_2
3064311500434100094,8519.450195,32,Model_2
3064311500434100095,4010.898438,32,Model_2
3064311500434100098,3752.724121,32,Model_2
3064311500434100099,8281.708984,32,Model_2
3064311500434100100,8045.690918,32,Model_2
3064311500434100101,4949.668457,32,Model_2
3064311500434100102,7724.536133,32,Model_2
3064311500434100105,5242.636719,32,Model_2
3064311500434100106,6221.816406,32,Model_2
3064311500434100108,4089.008544921875,32,Model_2
3064311500434100109,3470.961669921875,32,Model_2
3064311500434100110,7649.280273,32,Model_2
3064311500434100112,3256.980712890625,32,Model_2
3064311500434100113,2777.910645,32,Model_2
3064311500434100115,10245.53516,32,Model_2
3064311500434100117,591.7225341796875,32,Model_2
3064311500434100119,5134.555176,32,Model_2
3064311500434100120,5252.339355,32,Model_2
3064311500434100121,1234.5509033203125,32,Model_2
3064311500434100122,3993.958251953125,32,Model_2
3064311500434100123,636.6482543945312,32,Model_2
3064311500434100125,5278.302246,32,Model_2
3064311500434100127,3462.260009765625,32,Model_2
3064311500434100130,4646.546387,32,Model_2
3064311500434100134,1770.4403076171875,32,Model_2
3064311500435100003,2342.565918,32,Model_2
3064311500435100009,7352.810059,32,Model_2
3064311500435100011,4744.654785,32,Model_2
3064311500435100012,3582.868652,32,Model_2
3064311500435100014,5991.874023,32,Model_2
3064311500435100015,3686.643066,32,Model_2
3064311500435100018,13864.92188,32,Model_2
3064311500435100019,6668.007324,32,Model_2
3064311500435100020,3507.501220703125,32,Model_2
3064311500435100021,7255.904297,32,Model_2
3064311500435100023,1442.4881591796875,32,Model_2
3064311500435100024,2488.387451171875,32,Model_2
3064311500435100025,5192.672363,32,Model_2
3064311500435100027,3653.291259765625,32,Model_2
3064311500435100029,15040.55664,32,Model_2
3064311500435100030,5440.265625,32,Model_2
3064311500435100031,6752.722656,32,Model_2
3064311500435100034,4447.20166,32,Model_2
3064311500435100035,4572.449707,32,Model_2
3064311500435100037,4201.922363,32,Model_2
3064311500435100038,3820.549560546875,32,Model_2
3064311500435100039,4707.383789,32,Model_2
3064311500435100040,13371.18848,32,Model_2
3064311500435100041,1008.4146118164062,32,Model_2
3064311500435100043,5317.26123,32,Model_2
3064311500435100045,3378.282470703125,32,Model_2
3064311500435100046,4549.582031,32,Model_2
3064311500435100047,1966.6185302734375,32,Model_2
3064311500435100048,7306.584961,32,Model_2
3064311500435100050,4888.404785,32,Model_2
3064311500435100051,3625.427246,32,Model_2
3064311500435100052,8816.178711,32,Model_2
3064311500435100053,3189.371826171875,32,Model_2
3064311500435100054,3894.05957,32,Model_2
3064311500435100055,5241.881836,32,Model_2
3064311500435100056,19022.46875,32,Model_2
3064311500435100057,3792.930664,32,Model_2
3064311500435100058,3728.361572265625,32,Model_2
3064311500435100059,2375.833496,32,Model_2
3064311500435100060,3978.678223,32,Model_2
3064311500435100062,4951.000977,32,Model_2
3064311500435100063,5475.140625,32,Model_2
3064311500435100064,8940.112305,32,Model_2
3064311500435100065,4872.758301,32,Model_2
3064311500435100067,9879.995117,32,Model_2
3064311500435100068,9101.460938,32,Model_2
3064311500435100069,3431.454833984375,32,Model_2
3064311500435100070,3043.781494140625,32,Model_2
3064311500435100073,7352.785645,32,Model_2
3064311500435100074,4885.536133,32,Model_2
3064311500436100005,7770.361816,32,Model_2
3064311500441100010,27962.73242,4,Model_2
3064311500445100017,2541.344727,8,Model_2
3064311500445100019,35689.78906,8,Model_2
3064311500445100020,10351.58789,8,Model_2
3064311500445100021,868.0433959960938,8,Model_2
3064311500463100060,3713.764648,5,Model_2
3064311500463100065,6554.229004,5,Model_2
3064311500463100067,7802.572266,5,Model_2
3064311500463100068,6944.421875,5,Model_2
3064311500463100069,3668.326172,5,Model_2
3064311500463100071,4436.472168,5,Model_2
3064311500463100075,4338.209473,5,Model_2
3064311500463100076,2921.873291015625,5,Model_2
3064311500463100077,13977.54883,5,Model_2
3064311500463100079,6578.308105,5,Model_2
3064311500463100080,5553.134766,5,Model_2
3064311500463100081,9904.81543,5,Model_2
3064311500463100082,5781.117676,5,Model_2
3064311500463100083,6723.943359,5,Model_2
3064311500463100085,9919.291992,5,Model_2
3064311500463100086,8556.125977,5,Model_2
3064311500463100088,2806.034423828125,5,Model_2
3064311500463100090,9246.603516,5,Model_2
3064311500463100091,9504.785156,5,Model_2
3064311500463100092,7629.818359,5,Model_2
3064311500463100097,9873.495117,5,Model_2
3064311500463100098,7728.067383,5,Model_2
3064311500463100099,676.7678223,5,Model_2
3064311500463100101,8535.995117,5,Model_2
3064311500463100102,5832.162598,5,Model_2
3064311500463100104,4079.292969,5,Model_2
3064311500463100109,10402.33105,5,Model_2
3064311500464100005,7957.046387,5,Model_2
3064311500464100006,7485.93457,5,Model_2
3064311500464100007,6878.87793,5,Model_2
3064311500464100008,6073.072266,5,Model_2
3064311500464100009,13039.50684,5,Model_2
3064311500464100011,6613.371582,5,Model_2
3064311500464100012,6633.406738,5,Model_2
3064311500464100013,5880.408203,5,Model_2
3064311500464100014,11178.32813,5,Model_2
3064311500464100015,9444.100586,5,Model_2
3064311500464100016,4121.814941,5,Model_2
3064311500464100017,3834.366455078125,5,Model_2
3064311500464100018,8844.189453,5,Model_2
3064311500464100019,8554.735352,5,Model_2
3064311500464100020,19754.86523,5,Model_2
3064311500464100021,1963.650391,5,Model_2
3064311500464100022,10200.42969,5,Model_2
3064311500464100023,2486.580078,5,Model_2
3064311500464100025,11061.19434,5,Model_2
3064311500464100026,7340.914063,5,Model_2
3064311500464100027,5806.151367,5,Model_2
3064311500464100028,6482.486328,5,Model_2
3064311500464100030,5623.532715,5,Model_2
3064311500464100031,3937.973633,5,Model_2
3064311500464100032,14038.96289,5,Model_2
3064311500464100034,6838.762695,5,Model_2
3064311500464100036,14627.18555,5,Model_2
3064311500464100037,9217.970703,5,Model_2
3064311500464100038,12989.5498,5,Model_2
3064311500464100039,1484.669189453125,5,Model_2
3064311500464100041,7503.994141,5,Model_2
3064311500464100042,5886.013672,5,Model_2
3064311500464100043,3713.691650390625,5,Model_2
3064311500464100044,6798.605957,5,Model_2
3064311500464100045,7747.745117,5,Model_2
3064311500464100046,12798.85156,5,Model_2
3064311500464100047,4436.640625,5,Model_2
3064311500464100049,4100.501953,5,Model_2
3064311500464100050,14248.66016,5,Model_2
3064311500464100051,7632.734375,5,Model_2
3064311500464100055,5429.404297,5,Model_2
3064311500464100056,13035.52539,5,Model_2
3064311500464100057,9745.19043,5,Model_2
3064311500464100059,9685.664063,5,Model_2
3064311500464100060,7721.188965,5,Model_2
3064311500464100061,3966.246337890625,5,Model_2
3064311500464100062,10402.14551,5,Model_2
3064311500464100063,5394.784668,5,Model_2
3064311500464100064,5861.759766,5,Model_2
3064311500464100065,11480.79395,5,Model_2
3064311500464100066,7005.090332,5,Model_2
3064311500464100067,12269.53906,5,Model_2
3064311500464100068,8328.745117,5,Model_2
3064311500464100070,10203.88184,5,Model_2
3064311500464100071,12416.35742,5,Model_2
3064311500464100072,767.7614135742188,5,Model_2
3064311500464100073,6334.300781,5,Model_2
3064311500464100074,23485.08203,5,Model_2
3064311500464100077,3905.070068359375,5,Model_2
3064311500464100079,2025.9737548828125,5,Model_2
3064311500464100080,8854.703125,5,Model_2
3064311500464100081,15545.47852,5,Model_2
3064311500464100082,213.7523651123047,5,Model_2
3064311500464100083,7496.192871,5,Model_2
3064311500464100084,7037.714844,5,Model_2
3064311500464100085,5783.527344,5,Model_2
3064311500464100088,19314.88867,5,Model_2
3064311500464100091,949.0855712890624,5,Model_2
3064311500464100094,1030.157715,5,Model_2
3064311500464100095,6441.45166,5,Model_2
3064311500464100096,4010.017822265625,5,Model_2
3064311500464100097,16668.79102,5,Model_2
3064311500464100098,20115.83984,5,Model_2
3064311500464100099,4051.753662109375,5,Model_2
3064311500464100100,17462.13086,5,Model_2
3064311500465100022,6288.353516,5,Model_2
3064311500465100024,3777.676025390625,5,Model_2
3064311500465100025,6076.345215,5,Model_2
3064311500465100028,6641.189941,5,Model_2
3064311500465100030,4477.864746,5,Model_2
3064311500465100031,7408.506348,5,Model_2
3064311500465100035,3136.558349609375,5,Model_2
3064311500465100036,3326.826904296875,5,Model_2
3064311500465100038,2000.8670654296875,5,Model_2
3064311500465100039,7855.129395,5,Model_2
3064311500465100040,4104.288086,5,Model_2
3064311500465100041,4559.12793,5,Model_2
3064311500465100043,6494.810059,5,Model_2
3064311500465100049,11003.99805,5,Model_2
3064311500465100050,3915.571289,5,Model_2
3064311500465100051,509.2673034667969,5,Model_2
3064311500465100052,14411.93945,5,Model_2
3064311500465100054,3485.990966796875,5,Model_2
3064311500465100058,5773.706543,5,Model_2
3064311500465100059,9905.325195,5,Model_2
3064311500465100060,3525.401611328125,5,Model_2
3064311500465100061,1895.579102,5,Model_2
3064311500465100062,6750.443848,5,Model_2
3064311500465100063,5658.944336,5,Model_2
3064311500465100064,5962.950195,5,Model_2
3064311500465100065,5341.539063,5,Model_2
3064311500465100067,575.185791,5,Model_2
3064311500465100070,6669.212402,5,Model_2
3064311500465100071,6876.814453,5,Model_2
3064311500465100072,8322.657227,5,Model_2
3064311500465100073,18866.72852,5,Model_2
3064311500465100076,6638.04248,5,Model_2
3064311500465100080,6031.584961,5,Model_2
3064311500465100081,3772.850098,5,Model_2
3064311500465100090,3206.488525390625,5,Model_2
3064311500468100030,9776.446289,9,Model_2
3064311500468100031,4356.874023,9,Model_2
3064311500468100032,14052.13965,9,Model_2
3064311500468100033,4334.616211,9,Model_2
3064311500468100035,4311.617676,9,Model_2
3064311500468100036,7701.741211,9,Model_2
3064311500468100037,12391.9375,9,Model_2
3064311500468100038,1141.8450927734375,9,Model_2
3064311500468100039,2511.521484,9,Model_2
3064311500468100042,2067.494629,9,Model_2
3064311500468100043,8862.484375,9,Model_2
3064311500468100044,3101.031982421875,9,Model_2
3064311500468100045,3688.654297,9,Model_2
3064311500468100047,12988.37305,9,Model_2
3064311500468100048,5523.864258,9,Model_2
3064311500468100050,8327.699219,9,Model_2
3064311500468100051,9024.305664,9,Model_2
3064311500469100043,3748.951416015625,9,Model_2
3064311500469100046,8400.560547,9,Model_2
3064311500469100047,7434.758789,9,Model_2
3064311500469100049,8534.00293,9,Model_2
3064311500469100050,5525.282227,9,Model_2
3064311500469100051,7800.217285,9,Model_2
3064311500469100052,13377.46875,9,Model_2
3064311500469100053,4977.083008,9,Model_2
3064311500469100054,2893.216064453125,9,Model_2
3064311500469100056,7918.850098,9,Model_2
3064311500469100058,7073.601074,9,Model_2
3064311500469100059,6596.981934,9,Model_2
3064311500469100060,5426.843262,9,Model_2
3064311500469100062,3765.415527,9,Model_2
3064311500469100065,4004.49707,9,Model_2
3064311500469100067,8970.241211,9,Model_2
3064311500469100075,9643.195313,9,Model_2
3064311500469100076,7738.41748,9,Model_2
3064311500469100077,4271.98291,9,Model_2
3064311500469100079,6616.806152,9,Model_2
3064311500469100098,716.5923461914062,9,Model_2
3064311500471100045,9971.216797,15,Model_2
3064311500471100053,5976.904785,15,Model_2
3064311500471100059,13107.82129,15,Model_2
3064311500471100060,4567.746094,15,Model_2
3064311500471100062,5119.352051,15,Model_2
3064311500471100070,6526.907715,15,Model_2
3064311500471100071,607.7754516601562,15,Model_2
3064311500471100073,5875.079102,15,Model_2
3064311500471100074,23807.90625,15,Model_2
3064311500471100075,2327.23584,15,Model_2
3064311500471100079,3027.548583984375,15,Model_2
3064311500471100081,10866.70801,15,Model_2
3064311500471100088,6733.916504,15,Model_2
3064311500471100097,6445.956055,15,Model_2
3064311500471100099,3307.647461,15,Model_2
3064311500471100104,2139.022949,15,Model_2
3064311500471100108,5770.289551,15,Model_2
3064311500471100110,5434.049805,15,Model_2
3064311500471100114,3776.617188,15,Model_2
3064311500472100009,1165.3050537109375,15,Model_2
3064311500472100010,6363.843262,15,Model_2
3064311500472100011,6469.936035,15,Model_2
3064311500472100012,8475.615234,15,Model_2
3064311500472100014,3704.319091796875,15,Model_2
3064311500472100015,11773.29297,15,Model_2
3064311500472100016,6826.152344,15,Model_2
3064311500472100017,10998.58301,15,Model_2
3064311500472100018,4379.818359,15,Model_2
3064311500472100019,16759.125,15,Model_2
3064311500472100020,8469.186523,15,Model_2
3064311500472100022,10808.99805,15,Model_2
3064311500472100023,2090.959961,15,Model_2
3064311500472100024,4131.056152,15,Model_2
3064311500472100025,4944.415527,15,Model_2
3064311500472100026,4069.465332,15,Model_2
3064311500472100027,5014.474609,15,Model_2
3064311500472100029,24323.35938,15,Model_2
3064311500472100030,5959.615234,15,Model_2
3064311500472100031,4871.077148,15,Model_2
3064311500472100033,4233.365234,15,Model_2
3064311500472100035,2300.647461,15,Model_2
3064311500472100036,6620.053223,15,Model_2
3064311500472100037,5494.679199,15,Model_2
3064311500472100038,8175.117188,15,Model_2
3064311500472100039,4629.288086,15,Model_2
3064311500472100040,5496.393066,15,Model_2
3064311500472100041,5716.219238,15,Model_2
3064311500472100042,5107.900879,15,Model_2
3064311500472100043,6045.710938,15,Model_2
3064311500472100044,2300.739746,15,Model_2
3064311500472100045,5962.69043,15,Model_2
3064311500472100046,17056.33008,15,Model_2
3064311500472100048,3281.114990234375,15,Model_2
3064311500472100049,5604.032715,15,Model_2
3064311500472100050,13428.61621,15,Model_2
3064311500472100051,6261.722168,15,Model_2
3064311500472100052,7431.669434,15,Model_2
3064311500472100053,13730.27051,15,Model_2
3064311500472100054,8599.041992,15,Model_2
3064311500472100055,22290.70508,15,Model_2
3064311500472100056,9585.22168,15,Model_2
3064311500472100057,1612.2664794921875,15,Model_2
3064311500472100058,4702.875488,15,Model_2
3064311500472100059,9002.421875,15,Model_2
3064311500472100060,5412.481445,15,Model_2
3064311500472100062,3061.317383,15,Model_2
3064311500472100063,6983.414551,15,Model_2
3064311500472100064,11055.0791,15,Model_2
3064311500472100065,5917.031738,15,Model_2
3064311500472100066,15133.2998,15,Model_2
3064311500472100068,8450.462891,15,Model_2
3064311500472100069,14226.32227,15,Model_2
3064311500472100071,13272.68164,15,Model_2
3064311500472100072,7061.859863,15,Model_2
3064311500472100073,4047.951904296875,15,Model_2
3064311500472100074,10205.42969,15,Model_2
3064311500472100075,8794.647461,15,Model_2
3064311500472100076,3179.209961,15,Model_2
3064311500472100077,11940.48633,15,Model_2
3064311500472100079,9797.918945,15,Model_2
3064311500472100081,8209.147461,15,Model_2
3064311500472100082,3792.714111328125,15,Model_2
3064311500472100083,10827.39063,15,Model_2
3064311500472100084,6421.083008,15,Model_2
3064311500472100085,20986.65039,15,Model_2
3064311500472100086,2654.755615234375,15,Model_2
3064311500472100087,19604.13281,15,Model_2
3064311500472100088,11194.76953,15,Model_2
3064311500472100089,11085.81348,15,Model_2
3064311500472100090,12984.58691,15,Model_2
3064311500472100091,20978.58789,15,Model_2
3064311500472100092,2611.807129,15,Model_2
3064311500472100093,8202.671875,15,Model_2
3064311500472100097,8801.538086,15,Model_2
3064311500472100099,4850.060547,15,Model_2
3064311500472100100,6532.613281,15,Model_2
3064311500472100101,6459.698242,15,Model_2
3064311500472100102,5602.769531,15,Model_2
3064311500472100103,2697.710449,15,Model_2
3064311500472100107,22946.29102,15,Model_2
3064311500472100109,6727.602051,15,Model_2
3064311500472100112,4717.699707,15,Model_2
3064311500472100114,7843.06543,15,Model_2
3064311500473100057,17957.86523,15,Model_2
3064311500473100063,12423.26855,15,Model_2
3064311500473100067,8998.160156,15,Model_2
3064311500473100069,5062.400391,15,Model_2
3064311500473100073,9442.919922,15,Model_2
3064311500473100074,5605.438477,15,Model_2
3064311500473100075,1926.0367431640625,15,Model_2
3064311500473100076,10941.77832,15,Model_2
3064311500473100077,832.6566162109375,15,Model_2
3064311500473100079,4507.371582,15,Model_2
3064311500473100082,5257.351074,15,Model_2
3064311500473100084,3428.247559,15,Model_2
3064311500473100086,7545.690918,15,Model_2
3064311500473100088,5600.211914,15,Model_2
3064311500473100090,5694.986816,15,Model_2
3064311500473100091,12731.9043,15,Model_2
3064311500473100092,8495.369141,15,Model_2
3064311500473100093,2648.615478515625,15,Model_2
3064311500473100094,19002.11133,15,Model_2
3064311500473100097,4535.144531,15,Model_2
3064311500473100098,8849.198242,15,Model_2
3064311500473100099,7325.351563,15,Model_2
3064311500473100100,8268.316406,15,Model_2
3064311500473100101,11499.46777,15,Model_2
3064311500473100102,6508.751953,15,Model_2
3064311500473100103,1589.0975341796875,15,Model_2
3064311500473100106,8343.438477,15,Model_2
3064311500473100107,32452.16602,15,Model_2
3064311500473100111,13149.86621,15,Model_2
3064311500473100113,3781.513672,15,Model_2
3064311500473100117,6252.72168,15,Model_2
3064311500473100121,15809.58594,15,Model_2
3064311500473100124,22976.63477,15,Model_2
3064311500473100125,1811.9854736328125,15,Model_2
3064311500475100034,6258.836914,30,Model_2
3064311500475100039,5986.166016,30,Model_2
3064311500475100047,8047.37793,30,Model_2
3064311500475100056,5783.952637,30,Model_2
3064311500476100026,7591.470703,30,Model_2
3064311500476100029,4159.279785,30,Model_2
3064311500476100030,4706.517578,30,Model_2
3064311500476100031,1992.052490234375,30,Model_2
3064311500476100032,3581.998535,30,Model_2
3064311500476100033,4625.549316,30,Model_2
3064311500476100034,7019.617188,30,Model_2
3064311500476100035,12687.46484,30,Model_2
3064311500476100037,7203.253418,30,Model_2
3064311500476100038,7383.836914,30,Model_2
3064311500476100039,7465.04834,30,Model_2
3064311500476100040,8053.575684,30,Model_2
3064311500476100041,1893.1309814453125,30,Model_2
3064311500476100042,12043.07617,30,Model_2
3064311500476100043,15467.52539,30,Model_2
3064311500476100044,7719.825195,30,Model_2
3064311500476100048,3785.123535,30,Model_2
3064311500476100049,1247.7923583984375,30,Model_2
3064311500476100052,5156.322754,30,Model_2
3064311500476100053,4894.711914,30,Model_2
3064311500476100055,7479.324219,30,Model_2
3064311500476100056,10335.53711,30,Model_2
3064311500476100057,893.001709,30,Model_2
3064311500476100058,6205.254883,30,Model_2
3064311500476100059,9706.655273,30,Model_2
3064311500476100060,7251.766113,30,Model_2
3064311500476100061,10707.22852,30,Model_2
3064311500476100062,3981.022461,30,Model_2
3064311500476100063,5752.78125,30,Model_2
3064311500476100065,6382.632813,30,Model_2
3064311500476100066,2653.215576171875,30,Model_2
3064311500476100067,3227.589599609375,30,Model_2
3064311500476100068,9458.242188,30,Model_2
3064311500476100069,19908.85742,30,Model_2
3064311500476100070,7107.208984,30,Model_2
3064311500476100071,4286.690918,30,Model_2
3064311500476100072,611.2700805664062,30,Model_2
3064311500476100073,6088.02002,30,Model_2
3064311500476100074,5373.879883,30,Model_2
3064311500476100075,5545.097168,30,Model_2
3064311500476100076,1586.028076171875,30,Model_2
3064311500476100078,1486.963623046875,30,Model_2
3064311500476100079,4689.646484,30,Model_2
3064311500476100080,4767.514648,30,Model_2
3064311500476100082,7869.898438,30,Model_2
3064311500476100083,1225.840087890625,30,Model_2
3064311500476100084,10551.43652,30,Model_2
3064311500476100085,6519.87793,30,Model_2
3064311500476100086,10997.15918,30,Model_2
3064311500476100088,2131.833251953125,30,Model_2
3064311500476100089,452.7411193847656,30,Model_2
3064311500476100090,13061.34668,30,Model_2
3064311500476100091,6609.416992,30,Model_2
3064311500476100092,3903.651367,30,Model_2
3064311500476100093,7003.087891,30,Model_2
3064311500476100094,1283.620605,30,Model_2
3064311500476100095,2913.145263671875,30,Model_2
3064311500476100097,1845.6099853515625,30,Model_2
3064311500476100098,1697.0313720703125,30,Model_2
3064311500476100100,7092.888184,30,Model_2
3064311500476100101,1025.8101806640625,30,Model_2
3064311500476100102,4864.032715,30,Model_2
3064311500476100103,7563.306152,30,Model_2
3064311500476100104,5313.455566,30,Model_2
3064311500476100105,1016.3675537109376,30,Model_2
3064311500476100107,5808.11377,30,Model_2
3064311500476100108,2609.296387,30,Model_2
3064311500476100109,5771.132324,30,Model_2
3064311500476100110,3955.841309,30,Model_2
3064311500476100112,23445.96289,30,Model_2
3064311500476100113,1240.916992,30,Model_2
3064311500476100117,455.9212951660156,30,Model_2
3064311500476100120,1902.662353515625,30,Model_2
3064311500476100125,14888.12402,30,Model_2
3064311500476100130,9786.464844,30,Model_2
3064311500476100134,1625.2535400390625,30,Model_2
3064311500476100139,2155.636474609375,30,Model_2
3064311500476100143,2153.116943359375,30,Model_2
3064311500477100022,10172.38379,30,Model_2
3064311500477100023,17103.42188,30,Model_2
3064311500477100026,29921.51367,30,Model_2
3064311500477100027,4304.51416,30,Model_2
3064311500477100030,7043.978027,30,Model_2
3064311500477100032,6785.992188,30,Model_2
3064311500477100033,7268.747559,30,Model_2
3064311500477100037,8583.75,30,Model_2
3064311500477100038,5533.495605,30,Model_2
3064311500477100039,7955.056641,30,Model_2
3064311500477100040,7437.053711,30,Model_2
3064311500477100041,2904.530029296875,30,Model_2
3064311500477100042,7875.665039,30,Model_2
3064311500477100044,11118.64844,30,Model_2
3064311500477100045,11468.58594,30,Model_2
3064311500477100047,4222.154297,30,Model_2
3064311500477100048,5078.61377,30,Model_2
3064311500477100050,3622.201172,30,Model_2
3064311500477100052,5547.57666,30,Model_2
3064311500477100053,5216.422852,30,Model_2
3064311500477100054,12508.34375,30,Model_2
3064311500477100055,9572.836914,30,Model_2
3064311500477100056,5009.776367,30,Model_2
3064311500477100057,2197.904052734375,30,Model_2
3064311500477100058,9093.001953,30,Model_2
3064311500477100059,4884.191895,30,Model_2
3064311500477100060,7414.832031,30,Model_2
3064311500477100061,7355.491211,30,Model_2
3064311500477100062,3694.877441,30,Model_2
3064311500477100063,5540.828613,30,Model_2
3064311500477100064,678.3459473,30,Model_2
3064311500477100065,4194.191406,30,Model_2
3064311500477100066,5730.753418,30,Model_2
3064311500477100067,7446.336914,30,Model_2
3064311500477100068,791.0651855,30,Model_2
3064311500477100070,5754.146973,30,Model_2
3064311500477100071,1142.864990234375,30,Model_2
3064311500477100072,2833.359619140625,30,Model_2
3064311500477100073,6250.600098,30,Model_2
3064311500477100074,7470.713379,30,Model_2
3064311500477100075,4612.099609,30,Model_2
3064311500477100076,2863.157227,30,Model_2
3064311500477100077,2867.310791015625,30,Model_2
3064311500477100078,8670.37793,30,Model_2
3064311500477100079,6450.25293,30,Model_2
3064311500477100080,2425.575195,30,Model_2
3064311500477100081,492.5309448242187,30,Model_2
3064311500477100082,3108.616211,30,Model_2
3064311500477100084,4285.800781,30,Model_2
3064311500477100086,8521.892578,30,Model_2
3064311500477100087,7712.012207,30,Model_2
3064311500477100088,4223.40332,30,Model_2
3064311500477100089,5956.787598,30,Model_2
3064311500477100090,10735.55469,30,Model_2
3064311500477100094,1558.9691162109375,30,Model_2
3064311500477100099,5340.230957,30,Model_2
3064311500478100171,2206.150879,30,Model_2
3064311500480100072,5976.67627,33,Model_2
3064311500480100076,9307.166992,33,Model_2
3064311500480100080,12417.10938,33,Model_2
3064311500480100081,6061.553711,33,Model_2
3064311500480100086,3497.015137,33,Model_2
3064311500480100087,988.9694824,33,Model_2
3064311500480100091,3714.304931640625,33,Model_2
3064311500481100034,8594.563477,33,Model_2
3064311500481100036,6749.091797,33,Model_2
3064311500481100037,6903.729492,33,Model_2
3064311500481100039,3977.483398,33,Model_2
3064311500481100040,6062.322754,33,Model_2
3064311500481100041,4886.281738,33,Model_2
3064311500481100045,4585.350586,33,Model_2
3064311500481100047,39506.15625,33,Model_2
3064311500481100048,8959.583984,33,Model_2
3064311500481100051,5209.845703,33,Model_2
3064311500481100053,4120.912109,33,Model_2
3064311500481100054,11270.49902,33,Model_2
3064311500481100056,557.0636596679688,33,Model_2
3064311500481100058,8804.887695,33,Model_2
3064311500481100063,10944.94531,33,Model_2
3064311500481100064,6627.695801,33,Model_2
3064311500481100066,7413.518555,33,Model_2
3064311500481100068,4895.538086,33,Model_2
3064311500481100069,4991.533691,33,Model_2
3064311500481100075,4620.289063,33,Model_2
3064311500486100012,7006.133301,5,Model_2
3064311500486100015,8749.462891,5,Model_2
3064311500486100017,9197.485352,5,Model_2
3064311500486100019,12900.87988,5,Model_2
3064311500486100020,2114.28418,5,Model_2
3064311500486100021,6073.135254,5,Model_2
3064311500486100022,12420.29492,5,Model_2
3064311500486100023,12451.95605,5,Model_2
3064311500486100024,5423.47998,5,Model_2
3064311500486100025,7262.723145,5,Model_2
3064311500486100026,2283.515137,5,Model_2
3064311500486100027,3687.301758,5,Model_2
3064311500486100028,5353.673828,5,Model_2
3064311500486100029,5008.32959,5,Model_2
3064311500486100030,10621.92285,5,Model_2
3064311500486100032,3145.429688,5,Model_2
3064311500486100033,10866.15332,5,Model_2
3064311500486100034,6874.850586,5,Model_2
3064311500486100035,8820.80957,5,Model_2
3064311500486100036,4638.945313,5,Model_2
3064311500486100037,7085.986816,5,Model_2
3064311500486100038,4166.557129,5,Model_2
3064311500486100039,11082.96582,5,Model_2
3064311500486100040,1286.462891,5,Model_2
3064311500486100041,4332.418457,5,Model_2
3064311500486100042,12578.55957,5,Model_2
3064311500486100044,5861.983887,5,Model_2
3064311500486100046,3183.441162109375,5,Model_2
3064311500486100047,10007.95508,5,Model_2
3064311500486100048,12396.31641,5,Model_2
3064311500486100049,4841.779297,5,Model_2
3064311500486100050,9976.420898,5,Model_2
3064311500486100052,7863.498535,5,Model_2
3064311500486100054,18620.19922,5,Model_2
3064311500486100055,2902.590087890625,5,Model_2
3064311500486100056,6382.549316,5,Model_2
3064311500486100057,13796.95703,5,Model_2
3064311500486100058,5477.464355,5,Model_2
3064311500486100059,17756.03125,5,Model_2
3064311500486100060,6402.734375,5,Model_2
3064311500486100062,11415.2168,5,Model_2
3064311500486100063,5967.193359,5,Model_2
3064311500486100064,879.1666870117188,5,Model_2
3064311500486100065,8751.418945,5,Model_2
3064311500486100066,227.21023559570312,5,Model_2
3064311500486100067,16913.12695,5,Model_2
3064311500486100068,5299.217773,5,Model_2
3064311500486100069,15820.9043,5,Model_2
3064311500486100073,3355.840332,5,Model_2
3064311500486100075,8716.176758,5,Model_2
3064311500486100076,1922.280517578125,5,Model_2
3064311500486100079,8557.586914,5,Model_2
3064311500486100082,16717.97852,5,Model_2
3064311500486100083,5132.571289,5,Model_2
3064311500486100084,5381.665527,5,Model_2
3064311500486100085,2510.702637,5,Model_2
3064311500486100086,8229.972656,5,Model_2
3064311500486100087,4228.179688,5,Model_2
3064311500486100089,4057.680664,5,Model_2
3064311500486100091,8370.786133,5,Model_2
3064311500486100092,19866.19141,5,Model_2
3064311500486100093,11912.77734,5,Model_2
3064311500486100094,6798.614746,5,Model_2
3064311500486100095,2464.593017578125,5,Model_2
3064311500486100096,17318.4375,5,Model_2
3064311500486100097,8202.979492,5,Model_2
3064311500486100098,21721.19922,5,Model_2
3064311500486100099,4702.731445,5,Model_2
3064311500486100100,4382.910645,5,Model_2
3064311500486100101,9272.459961,5,Model_2
3064311500486100102,13207.30957,5,Model_2
3064311500486100104,4065.429199,5,Model_2
3064311500486100105,7964.961914,5,Model_2
3064311500486100106,7520.107422,5,Model_2
3064311500486100107,7581.119629,5,Model_2
3064311500486100108,9985.305664,5,Model_2
3064311500486100109,18074.55859,5,Model_2
3064311500486100110,3495.79248,5,Model_2
3064311500486100111,6188.004395,5,Model_2
3064311500486100112,10324.62109,5,Model_2
3064311500486100113,13829.31055,5,Model_2
3064311500486100114,4687.112793,5,Model_2
3064311500486100115,9301.110352,5,Model_2
3064311500486100116,8509.745117,5,Model_2
3064311500486100117,5449.495117,5,Model_2
3064311500486100119,730.7526855,5,Model_2
3064311500486100120,7835.132324,5,Model_2
3064311500486100121,11603.16113,5,Model_2
3064311500486100122,6722.785156,5,Model_2
3064311500486100123,11304.50586,5,Model_2
3064311500486100124,19743.95898,5,Model_2
3064311500486100127,6510.231934,5,Model_2
3064311500486100128,5737.983398,5,Model_2
3064311500486100129,6384.040039,5,Model_2
3064311500486100132,8736.827148,5,Model_2
3064311500486100133,6598.04248,5,Model_2
3064311500487100011,5102.848633,5,Model_2
3064311500487100012,12670.25586,5,Model_2
3064311500487100015,5321.624512,5,Model_2
3064311500487100017,3777.842285,5,Model_2
3064311500487100021,18463.75195,5,Model_2
3064311500487100023,10836.03418,5,Model_2
3064311500487100024,1878.988281,5,Model_2
3064311500487100030,3375.362305,5,Model_2
3064311500487100031,11078.9873,5,Model_2
3064311500487100039,4175.391602,5,Model_2
3064311500487100042,9495.271484,5,Model_2
3064311500487100046,12872.42285,5,Model_2
3064311500487100048,7891.629883,5,Model_2
3064311500487100052,6441.866699,5,Model_2
3064311500487100053,15988.69238,5,Model_2
3064311500487100055,20082.81641,5,Model_2
3064311500487100064,10987.42773,5,Model_2
3064311500487100066,12326.04785,5,Model_2
3064311500487100067,3926.756591796875,5,Model_2
3064311500487100074,2557.381103515625,5,Model_2
3064311500488100008,5644.541504,5,Model_2
3064311500488100016,5553.904785,5,Model_2
3064311500488100017,3203.082763671875,5,Model_2
3064311500488100018,3788.873291015625,5,Model_2
3064311500488100022,3750.189941,5,Model_2
3064311500488100024,5740.246582,5,Model_2
3064311500488100027,10984.94434,5,Model_2
3064311500488100029,8428.975586,5,Model_2
3064311500488100030,9444.282227,5,Model_2
3064311500488100031,3426.646484,5,Model_2
3064311500488100035,6857.623535,5,Model_2
3064311500488100037,5756.066895,5,Model_2
3064311500488100038,4103.600586,5,Model_2
3064311500488100039,7190.155273,5,Model_2
3064311500488100043,2852.467285,5,Model_2
3064311500488100045,2726.453857421875,5,Model_2
3064311500488100046,10176.46094,5,Model_2
3064311500488100048,4555.502441,5,Model_2
3064311500488100049,7223.321289,5,Model_2
3064311500488100050,3064.655517578125,5,Model_2
3064311500488100051,3556.305419921875,5,Model_2
3064311500488100053,3886.427978515625,5,Model_2
3064311500488100057,2910.499023,5,Model_2
3064311500488100058,7789.371582,5,Model_2
3064311500488100059,5594.986328,5,Model_2
3064311500488100061,9230.657227,5,Model_2
3064311500488100062,3588.988037109375,5,Model_2
3064311500488100063,6790.169434,5,Model_2
3064311500488100064,7703.222656,5,Model_2
3064311500488100065,3560.446533203125,5,Model_2
3064311500488100068,1783.541992,5,Model_2
3064311500488100069,4195.371094,5,Model_2
3064311500488100070,2289.71875,5,Model_2
3064311500488100071,8175.187012,5,Model_2
3064311500488100073,5125.110352,5,Model_2
3064311500488100074,13021.6543,5,Model_2
3064311500488100075,7688.784668,5,Model_2
3064311500488100076,7230.731445,5,Model_2
3064311500488100078,2501.237305,5,Model_2
3064311500488100079,9437.258789,5,Model_2
3064311500488100080,7157.366211,5,Model_2
3064311500488100081,5748.799316,5,Model_2
3064311500488100082,8086.369629,5,Model_2
3064311500488100087,4669.175781,5,Model_2
3064311500488100088,1462.5372314453125,5,Model_2
3064311500488100089,3085.416016,5,Model_2
3064311500488100091,5697.546387,5,Model_2
3064311500488100094,8105.727051,5,Model_2
3064311500488100095,5361.691895,5,Model_2
3064311500488100096,8492.720703,5,Model_2
3064311500488100097,17867.16602,5,Model_2
3064311500488100098,6409.166992,5,Model_2
3064311500488100099,12019.19434,5,Model_2
3064311500488100101,7105.299316,5,Model_2
3064311500488100104,6226.939941,5,Model_2
3064311500488100105,5344.740234,5,Model_2
3064311500488100108,4924.846191,5,Model_2
3064311500488100111,4814.247559,5,Model_2
3064311500488100112,3091.511719,5,Model_2
3064311500488100114,1235.124267578125,5,Model_2
3064311500488100115,2545.489501953125,5,Model_2
3064311500488100117,7693.928223,5,Model_2
3064311500488100121,5554.548828,5,Model_2
3064311500488100122,6349.191895,5,Model_2
3064311500488100123,6081.666016,5,Model_2
3064311500488100128,4451.313965,5,Model_2
3064311500488100135,5496.531738,5,Model_2
3064311500488100138,5083.151855,5,Model_2
3064311500488100148,206.95257568359375,5,Model_2
3064311500489100056,2459.027587890625,5,Model_2
3064311500490100009,7424.676758,9,Model_2
3064311500490100013,5454.837891,9,Model_2
3064311500490100016,11846.24609,9,Model_2
3064311500490100023,7177.237305,9,Model_2
3064311500490100025,10390.45801,9,Model_2
3064311500490100026,9709.375977,9,Model_2
3064311500490100027,8708.273438,9,Model_2
3064311500490100028,19144.17188,9,Model_2
3064311500490100029,8079.123047,9,Model_2
3064311500490100030,16975.92773,9,Model_2
3064311500490100033,8036.382324,9,Model_2
3064311500491100002,16733.46289,9,Model_2
3064311500491100009,8624.301758,9,Model_2
3064311500491100012,7374.000488,9,Model_2
3064311500491100013,10365.83887,9,Model_2
3064311500491100014,15915.22656,9,Model_2
3064311500491100015,5959.800293,9,Model_2
3064311500491100016,1711.500977,9,Model_2
3064311500491100017,8602.167969,9,Model_2
3064311500491100018,3772.491699,9,Model_2
3064311500491100020,2355.413574,9,Model_2
3064311500491100021,4370.508301,9,Model_2
3064311500491100022,2562.194091796875,9,Model_2
3064311500491100024,8871.09375,9,Model_2
3064311500491100027,4716.070313,9,Model_2
3064311500491100028,3577.313477,9,Model_2
3064311500491100029,6416.230957,9,Model_2
3064311500491100033,2342.652099609375,9,Model_2
3064311500491100034,6709.28418,9,Model_2
3064311500491100051,5715.887207,9,Model_2
3064311500491100055,11819.41895,9,Model_2
3064311500492100006,8251.919922,9,Model_2
3064311500492100007,8747.125,9,Model_2
3064311500492100008,3715.403564453125,9,Model_2
3064311500492100010,5594.018555,9,Model_2
3064311500492100015,4119.008301,9,Model_2
3064311500492100017,4765.769531,9,Model_2
3064311500492100018,7571.091797,9,Model_2
3064311500492100019,4208.962402,9,Model_2
3064311500492100021,4269.691406,9,Model_2
3064311500492100022,5373.255371,9,Model_2
3064311500492100023,2730.587402,9,Model_2
3064311500492100024,6679.666992,9,Model_2
3064311500492100026,5199.727051,9,Model_2
3064311500492100027,7487.088867,9,Model_2
3064311500492100028,5674.476074,9,Model_2
3064311500492100029,5224.130859,9,Model_2
3064311500492100030,3706.158691,9,Model_2
3064311500492100031,4148.880859,9,Model_2
3064311500492100032,5527.829102,9,Model_2
3064311500492100033,6015.888672,9,Model_2
3064311500492100034,5708.643555,9,Model_2
3064311500492100036,5980.508789,9,Model_2
3064311500492100037,8413.713867,9,Model_2
3064311500492100038,3200.706787109375,9,Model_2
3064311500492100039,9486.672852,9,Model_2
3064311500492100040,12815.17676,9,Model_2
3064311500492100041,4064.983398,9,Model_2
3064311500492100042,9163.175781,9,Model_2
3064311500492100043,9170.289063,9,Model_2
3064311500492100044,7552.556641,9,Model_2
3064311500492100046,11632.36426,9,Model_2
3064311500492100047,9022.136719,9,Model_2
3064311500492100048,5732.384766,9,Model_2
3064311500492100049,1133.4849853515625,9,Model_2
3064311500492100051,1918.7152099609375,9,Model_2
3064311500492100053,5595.759277,9,Model_2
3064311500492100055,2210.188720703125,9,Model_2
3064311500492100057,4917.321777,9,Model_2
3064311500492100058,8508.138672,9,Model_2
3064311500492100059,6678.967285,9,Model_2
3064311500492100060,7008.118652,9,Model_2
3064311500492100061,4887.668457,9,Model_2
3064311500492100062,5912.054199,9,Model_2
3064311500492100063,2043.7218017578125,9,Model_2
3064311500492100065,6198.801758,9,Model_2
3064311500492100066,9839.949219,9,Model_2
3064311500492100067,3663.775391,9,Model_2
3064311500492100068,2167.598876953125,9,Model_2
3064311500492100069,5349.089844,9,Model_2
3064311500492100070,9387.210938,9,Model_2
3064311500492100072,6498.159668,9,Model_2
3064311500492100073,7336.513184,9,Model_2
3064311500492100074,9668.626953,9,Model_2
3064311500492100075,8520.728516,9,Model_2
3064311500492100076,13844.24609,9,Model_2
3064311500492100077,10968.85645,9,Model_2
3064311500492100078,7547.45459,9,Model_2
3064311500492100081,2531.304688,9,Model_2
3064311500492100082,11754.76367,9,Model_2
3064311500492100084,2603.945313,9,Model_2
3064311500492100085,4895.14209,9,Model_2
3064311500492100086,7765.811523,9,Model_2
3064311500492100087,4981.04541,9,Model_2
3064311500492100088,14743.40918,9,Model_2
3064311500492100089,7401.035156,9,Model_2
3064311500492100090,4697.419922,9,Model_2
3064311500492100091,10264.93652,9,Model_2
3064311500492100093,6714.708008,9,Model_2
3064311500492100094,14071.05664,9,Model_2
3064311500492100098,9210.708008,9,Model_2
3064311500492100099,1541.228759765625,9,Model_2
3064311500492100100,2159.137207,9,Model_2
3064311500492100104,3882.382568359375,9,Model_2
3064311500493100032,4852.766113,9,Model_2
3064311500493100042,2670.90625,9,Model_2
3064311500493100054,5063.379883,9,Model_2
3064311500493100061,5164.208496,9,Model_2
3064311500493100064,3553.582275390625,9,Model_2
3064311500493100067,953.2294922,9,Model_2
3064311500493100076,3905.228759765625,9,Model_2
3064311500493100087,8290.139648,9,Model_2
3064311500493100098,1620.9969482421875,9,Model_2
3064311500494100008,6718.272461,15,Model_2
3064311500494100010,829.8557129,15,Model_2
3064311500494100012,8592.769531,15,Model_2
3064311500494100022,4616.912109,15,Model_2
3064311500494100027,1204.234619140625,15,Model_2
3064311500494100028,4724.472656,15,Model_2
3064311500494100032,4644.432617,15,Model_2
3064311500494100036,10461.29688,15,Model_2
3064311500494100037,6206.402832,15,Model_2
3064311500494100038,4122.52832,15,Model_2
3064311500494100039,4814.607422,15,Model_2
3064311500494100040,7960.680664,15,Model_2
3064311500494100042,6944.006348,15,Model_2
3064311500494100044,1185.9659423828125,15,Model_2
3064311500494100046,6395.062988,15,Model_2
3064311500494100047,11435.625,15,Model_2
3064311500494100051,5553.271484,15,Model_2
3064311500494100052,13512.21973,15,Model_2
3064311500494100053,14898.95605,15,Model_2
3064311500494100054,4144.208984,15,Model_2
3064311500494100055,15722.24316,15,Model_2
3064311500494100056,2925.237793,15,Model_2
3064311500494100059,5115.462891,15,Model_2
3064311500494100063,1025.67041,15,Model_2
3064311500494100064,2934.060059,15,Model_2
3064311500494100065,10620.13184,15,Model_2
3064311500494100066,952.3021240234376,15,Model_2
3064311500494100067,9515.306641,15,Model_2
3064311500494100068,4291.612793,15,Model_2
3064311500494100070,5340.227539,15,Model_2
3064311500494100071,2964.256348,15,Model_2
3064311500494100072,14972.90137,15,Model_2
3064311500494100074,7423.704102,15,Model_2
3064311500494100075,15827.94434,15,Model_2
3064311500494100076,7022.479492,15,Model_2
3064311500494100077,2855.479736328125,15,Model_2
3064311500494100078,2189.591797,15,Model_2
3064311500494100080,3565.25,15,Model_2
3064311500494100081,2053.945556640625,15,Model_2
3064311500494100082,6499.600586,15,Model_2
3064311500494100083,1336.294677734375,15,Model_2
3064311500494100085,6789.174805,15,Model_2
3064311500494100086,7335.569336,15,Model_2
3064311500494100088,7747.63916,15,Model_2
3064311500494100089,5248.14502,15,Model_2
3064311500494100090,5533.948242,15,Model_2
3064311500494100091,5548.811035,15,Model_2
3064311500494100093,6338.888184,15,Model_2
3064311500494100094,11265.68848,15,Model_2
3064311500494100095,3215.287353515625,15,Model_2
3064311500494100096,17266.88281,15,Model_2
3064311500494100098,15757.58496,15,Model_2
3064311500494100099,6447.492676,15,Model_2
3064311500494100100,4454.607422,15,Model_2
3064311500494100101,7590.995117,15,Model_2
3064311500494100102,10729.43262,15,Model_2
3064311500494100104,5477.944336,15,Model_2
3064311500494100106,5027.252441,15,Model_2
3064311500494100108,10144.05664,15,Model_2
3064311500494100110,5682.400391,15,Model_2
3064311500494100111,7101.137207,15,Model_2
3064311500494100112,7870.835449,15,Model_2
3064311500494100113,4365.621582,15,Model_2
3064311500494100116,5616.058105,15,Model_2
3064311500494100117,3135.912841796875,15,Model_2
3064311500494100118,3780.489258,15,Model_2
3064311500494100119,4112.220215,15,Model_2
3064311500494100120,4437.86377,15,Model_2
3064311500494100122,12540.2041,15,Model_2
3064311500494100123,3806.864501953125,15,Model_2
3064311500494100128,5763.916504,15,Model_2
3064311500494100133,6616.146973,15,Model_2
3064311500495100008,15861.19238,15,Model_2
3064311500495100013,30038.7207,15,Model_2
3064311500495100017,9397.878906,15,Model_2
3064311500495100020,8699.795898,15,Model_2
3064311500495100022,6655.30127,15,Model_2
3064311500495100026,12485.36621,15,Model_2
3064311500495100028,3956.288086,15,Model_2
3064311500495100029,1571.4910888671875,15,Model_2
3064311500495100030,10556.90137,15,Model_2
3064311500495100031,779.6757202148438,15,Model_2
3064311500495100033,1165.838623046875,15,Model_2
3064311500495100037,10523.74219,15,Model_2
3064311500495100038,4617.830078,15,Model_2
3064311500495100039,19220.40039,15,Model_2
3064311500495100041,10639.01953,15,Model_2
3064311500495100043,5616.054199,15,Model_2
3064311500495100045,3199.44873,15,Model_2
3064311500495100047,8539.741211,15,Model_2
3064311500495100049,6192.618164,15,Model_2
3064311500495100050,10230.79297,15,Model_2
3064311500495100051,14561.55078,15,Model_2
3064311500495100053,11932.99609,15,Model_2
3064311500495100054,4354.545898,15,Model_2
3064311500495100056,6497.568359,15,Model_2
3064311500495100057,4913.944824,15,Model_2
3064311500495100058,1836.295654296875,15,Model_2
3064311500495100059,4356.150879,15,Model_2
3064311500495100060,4386.646484,15,Model_2
3064311500495100063,7397.262207,15,Model_2
3064311500495100064,5826.323242,15,Model_2
3064311500495100065,11906.00879,15,Model_2
3064311500495100066,7236.638184,15,Model_2
3064311500495100067,11738.94824,15,Model_2
3064311500495100069,1557.9075927734375,15,Model_2
3064311500495100070,2388.800293,15,Model_2
3064311500495100071,12921.56152,15,Model_2
3064311500495100074,2726.00293,15,Model_2
3064311500495100075,6900.112793,15,Model_2
3064311500495100076,6194.964844,15,Model_2
3064311500495100078,7982.914551,15,Model_2
3064311500495100079,9268.533203,15,Model_2
3064311500495100081,4114.27002,15,Model_2
3064311500495100082,8849.484375,15,Model_2
3064311500495100084,3361.148193359375,15,Model_2
3064311500495100085,7490.083008,15,Model_2
3064311500495100087,1686.2720947265625,15,Model_2
3064311500495100089,15223.22852,15,Model_2
3064311500495100090,1106.9097900390625,15,Model_2
3064311500495100091,6744.518066,15,Model_2
3064311500495100092,2297.845458984375,15,Model_2
3064311500495100093,14110.39941,15,Model_2
3064311500495100094,1801.3160400390625,15,Model_2
3064311500495100096,8023.949707,15,Model_2
3064311500495100097,5558.04248,15,Model_2
3064311500495100101,10629.15527,15,Model_2
3064311500495100102,2909.515137,15,Model_2
3064311500495100103,5192.290527,15,Model_2
3064311500495100105,6745.95752,15,Model_2
3064311500495100106,17497.49219,15,Model_2
3064311500495100108,2870.357177734375,15,Model_2
3064311500495100109,9000.030273,15,Model_2
3064311500495100110,5717.993652,15,Model_2
3064311500495100111,6433.420898,15,Model_2
3064311500495100112,6234.601074,15,Model_2
3064311500495100113,2297.005615234375,15,Model_2
3064311500495100114,4740.88623,15,Model_2
3064311500495100115,3190.310791015625,15,Model_2
3064311500495100116,8002.797363,15,Model_2
3064311500495100117,6229.984375,15,Model_2
3064311500495100118,1073.000244140625,15,Model_2
3064311500495100119,1535.0472412109375,15,Model_2
3064311500495100120,1550.4764404296875,15,Model_2
3064311500495100121,2222.481201171875,15,Model_2
3064311500495100122,8341.15918,15,Model_2
3064311500495100124,2928.366699,15,Model_2
3064311500495100125,1874.636474609375,15,Model_2
3064311500495100130,5240.875,15,Model_2
3064311500495100133,12052.88867,15,Model_2
3064311500495100135,4171.563477,15,Model_2
3064311500495100136,325.3056945800781,15,Model_2
3064311500495100138,5058.856445,15,Model_2
3064311500495100140,1965.833740234375,15,Model_2
3064311500495100144,2532.990966796875,15,Model_2
3064311500495100146,4104.383789,15,Model_2
3064311500495100148,13973.12988,15,Model_2
3064311500495100151,2546.425781,15,Model_2
3064311500495100157,3201.709228515625,15,Model_2
3064311500496100008,3338.592773,15,Model_2
3064311500496100010,23036.76367,15,Model_2
3064311500496100011,8075.549316,15,Model_2
3064311500496100020,17749.22461,15,Model_2
3064311500496100022,8356.06543,15,Model_2
3064311500496100023,10885.69922,15,Model_2
3064311500496100027,6749.342773,15,Model_2
3064311500496100032,14270.3291,15,Model_2
3064311500496100034,3879.114013671875,15,Model_2
3064311500496100035,3305.309082,15,Model_2
3064311500496100036,5590.30957,15,Model_2
3064311500496100038,7550.374512,15,Model_2
3064311500496100039,3803.063720703125,15,Model_2
3064311500496100040,1464.467773,15,Model_2
3064311500496100041,2437.0,15,Model_2
3064311500496100042,1895.0162353515625,15,Model_2
3064311500496100043,2544.320068359375,15,Model_2
3064311500496100044,7085.44043,15,Model_2
3064311500496100045,2468.903076171875,15,Model_2
3064311500496100046,4266.163086,15,Model_2
3064311500496100047,6242.940918,15,Model_2
3064311500496100049,1071.5389404296875,15,Model_2
3064311500496100050,5210.66748,15,Model_2
3064311500496100051,12552.96973,15,Model_2
3064311500496100053,6930.482422,15,Model_2
3064311500496100054,5193.141113,15,Model_2
3064311500496100055,2023.709228515625,15,Model_2
3064311500496100056,4568.332031,15,Model_2
3064311500496100059,3776.901611328125,15,Model_2
3064311500496100060,1643.7835693359375,15,Model_2
3064311500496100061,5256.990234,15,Model_2
3064311500496100063,8515.902344,15,Model_2
3064311500496100064,9345.868164,15,Model_2
3064311500496100065,15557.47852,15,Model_2
3064311500496100066,4727.410645,15,Model_2
3064311500496100067,3539.332031,15,Model_2
3064311500496100069,6324.831543,15,Model_2
3064311500496100071,5302.191895,15,Model_2
3064311500496100072,9444.759766,15,Model_2
3064311500496100073,8189.313965,15,Model_2
3064311500496100075,2849.811523,15,Model_2
3064311500496100076,3864.131836,15,Model_2
3064311500496100077,5003.565918,15,Model_2
3064311500496100079,8644.260742,15,Model_2
3064311500496100080,3879.438477,15,Model_2
3064311500496100081,4323.303223,15,Model_2
3064311500496100082,15340.43848,15,Model_2
3064311500496100083,8283.484375,15,Model_2
3064311500496100086,15803.4834,15,Model_2
3064311500496100087,12460.6709,15,Model_2
3064311500496100088,3814.415527,15,Model_2
3064311500496100091,4968.210938,15,Model_2
3064311500496100092,3115.100098,15,Model_2
3064311500496100093,935.0424805,15,Model_2
3064311500496100096,2703.857177734375,15,Model_2
3064311500496100097,6074.497559,15,Model_2
3064311500496100098,270.9503173828125,15,Model_2
3064311500496100099,3253.684326171875,15,Model_2
3064311500496100101,4529.20166,15,Model_2
3064311500496100103,5004.042969,15,Model_2
3064311500496100104,14995.4834,15,Model_2
3064311500496100105,14842.03027,15,Model_2
3064311500496100106,6309.787109,15,Model_2
3064311500496100107,11960.18066,15,Model_2
3064311500496100108,10087.59082,15,Model_2
3064311500496100111,792.2395629882812,15,Model_2
3064311500496100114,7734.552734,15,Model_2
3064311500496100117,5106.149414,15,Model_2
3064311500496100119,4635.9375,15,Model_2
3064311500496100124,8520.130859,15,Model_2
3064311500496100126,4217.81543,15,Model_2
3064311500496100127,7169.947266,15,Model_2
3064311500496100128,8622.490234,15,Model_2
3064311500496100129,4918.859375,15,Model_2
3064311500496100130,1737.038330078125,15,Model_2
3064311500496100131,15431.65039,15,Model_2
3064311500496100132,3908.681884765625,15,Model_2
3064311500496100134,4606.489746,15,Model_2
3064311500496100135,1888.3021240234375,15,Model_2
3064311500496100138,4068.790283203125,15,Model_2
3064311500496100139,10009.75684,15,Model_2
3064311500496100140,10823.48633,15,Model_2
3064311500496100141,4262.373047,15,Model_2
3064311500496100143,8828.545898,15,Model_2
3064311500496100145,10526.39844,15,Model_2
3064311500496100146,4608.482422,15,Model_2
3064311500496100148,8985.164063,15,Model_2
3064311500496100149,4149.46875,15,Model_2
3064311500496100150,4478.007813,15,Model_2
3064311500496100151,2574.350830078125,15,Model_2
3064311500496100152,3612.305664,15,Model_2
3064311500496100153,15716.41602,15,Model_2
3064311500496100154,4541.495117,15,Model_2
3064311500496100157,5486.529297,15,Model_2
3064311500496100158,3487.889648,15,Model_2
3064311500496100161,1789.738525390625,15,Model_2
3064311500496100164,1275.468505859375,15,Model_2
3064311500496100165,7744.142578,15,Model_2
3064311500496100167,5275.476074,15,Model_2
3064311500496100169,3289.945313,15,Model_2
3064311500496100171,8043.589355,15,Model_2
3064311500496100172,5919.631836,15,Model_2
3064311500496100174,7389.934082,15,Model_2
3064311500497100088,3396.686279296875,15,Model_2
3064311500497100116,7676.542969,15,Model_2
3064311500498100007,6934.760742,30,Model_2
3064311500498100008,10962.41406,30,Model_2
3064311500498100009,8431.043945,30,Model_2
3064311500498100018,3319.798583984375,30,Model_2
3064311500498100021,2833.559814453125,30,Model_2
3064311500498100023,4964.101074,30,Model_2
3064311500498100025,14297.17871,30,Model_2
3064311500498100034,11697.82715,30,Model_2
3064311500498100037,15605.60059,30,Model_2
3064311500498100043,6210.373047,30,Model_2
3064311500498100047,5103.838867,30,Model_2
3064311500498100053,22919.7168,30,Model_2
3064311500498100054,942.9083862304688,30,Model_2
3064311500498100057,3338.861572265625,30,Model_2
3064311500498100059,2984.554443359375,30,Model_2
3064311500498100060,11309.38672,30,Model_2
3064311500498100065,6776.603027,30,Model_2
3064311500498100066,413.84661865234375,30,Model_2
3064311500498100069,13724.78711,30,Model_2
3064311500498100071,2732.113281,30,Model_2
3064311500498100083,9153.776367,30,Model_2
3064311500498100088,4574.022949,30,Model_2
3064311500498100091,7767.393066,30,Model_2
3064311500498100099,7513.668457,30,Model_2
3064311500498100100,5950.824707,30,Model_2
3064311500498100102,14264.86621,30,Model_2
3064311500498100107,16183.63574,30,Model_2
3064311500498100110,14724.67383,30,Model_2
3064311500498100112,5594.611816,30,Model_2
3064311500498100113,1145.185059,30,Model_2
3064311500498100116,3032.341064453125,30,Model_2
3064311500498100119,5655.897461,30,Model_2
3064311500498100120,2780.076904296875,30,Model_2
3064311500498100121,7546.382813,30,Model_2
3064311500498100144,556.9589233398438,30,Model_2
3064311500499100001,5097.534668,30,Model_2
3064311500499100005,2794.827637,30,Model_2
3064311500499100009,10152.95996,30,Model_2
3064311500499100010,15386.57031,30,Model_2
3064311500499100011,14574.75293,30,Model_2
3064311500499100013,4168.370117,30,Model_2
3064311500499100014,6281.619141,30,Model_2
3064311500499100016,6979.548828,30,Model_2
3064311500499100017,365.71575927734375,30,Model_2
3064311500499100018,7856.374512,30,Model_2
3064311500499100019,42359.25781,30,Model_2
3064311500499100021,4268.472168,30,Model_2
3064311500499100024,10695.08203,30,Model_2
3064311500499100026,11721.85254,30,Model_2
3064311500499100027,7981.234863,30,Model_2
3064311500499100029,2255.823242,30,Model_2
3064311500499100030,8382.856445,30,Model_2
3064311500499100031,2881.578857421875,30,Model_2
3064311500499100032,22614.58203,30,Model_2
3064311500499100033,12240.76563,30,Model_2
3064311500499100034,16176.91602,30,Model_2
3064311500499100035,12312.53516,30,Model_2
3064311500499100037,9280.519531,30,Model_2
3064311500499100038,2446.834473,30,Model_2
3064311500499100039,13100.15625,30,Model_2
3064311500499100041,21381.98438,30,Model_2
3064311500499100043,8694.674805,30,Model_2
3064311500499100044,13458.75098,30,Model_2
3064311500499100045,4332.273926,30,Model_2
3064311500499100046,10168.47168,30,Model_2
3064311500499100047,25094.77148,30,Model_2
3064311500499100048,3724.287109,30,Model_2
3064311500499100049,5783.230469,30,Model_2
3064311500499100050,9178.547852,30,Model_2
3064311500499100052,4659.488281,30,Model_2
3064311500499100054,14953.02734,30,Model_2
3064311500499100056,18720.25195,30,Model_2
3064311500499100057,2747.324462890625,30,Model_2
3064311500499100058,6239.258301,30,Model_2
3064311500499100059,2895.088623046875,30,Model_2
3064311500499100061,8746.84082,30,Model_2
3064311500499100062,11380.6377,30,Model_2
3064311500499100063,22077.05078,30,Model_2
3064311500499100065,1877.0819091796875,30,Model_2
3064311500499100066,962.8424072265624,30,Model_2
3064311500499100067,4732.052246,30,Model_2
3064311500499100069,7159.916016,30,Model_2
3064311500499100071,17545.10938,30,Model_2
3064311500499100073,30896.08789,30,Model_2
3064311500499100075,11167.1748,30,Model_2
3064311500499100076,20435.74023,30,Model_2
3064311500499100078,10841.49121,30,Model_2
3064311500499100080,9759.873047,30,Model_2
3064311500499100083,4522.350586,30,Model_2
3064311500499100086,942.6921997070312,30,Model_2
3064311500499100087,5555.199707,30,Model_2
3064311500499100088,368.82769775390625,30,Model_2
3064311500499100089,12473.44141,30,Model_2
3064311500499100091,10165.02148,30,Model_2
3064311500499100093,8592.883789,30,Model_2
3064311500499100094,11849.12988,30,Model_2
3064311500499100096,11484.97656,30,Model_2
3064311500499100097,6715.883301,30,Model_2
3064311500499100098,15482.375,30,Model_2
3064311500499100099,20923.82031,30,Model_2
3064311500499100100,13978.49414,30,Model_2
3064311500499100101,8033.503906,30,Model_2
3064311500499100102,6360.557617,30,Model_2
3064311500499100103,15863.25098,30,Model_2
3064311500499100104,13812.80566,30,Model_2
3064311500499100105,5672.367676,30,Model_2
3064311500499100107,5207.356934,30,Model_2
3064311500499100108,9752.722656,30,Model_2
3064311500499100110,13820.44727,30,Model_2
3064311500499100111,19343.67383,30,Model_2
3064311500499100114,10620.3623,30,Model_2
3064311500499100116,11833.25098,30,Model_2
3064311500499100117,13898.12012,30,Model_2
3064311500499100118,7584.782227,30,Model_2
3064311500499100119,6385.65625,30,Model_2
3064311500499100121,7653.90625,30,Model_2
3064311500499100122,7207.566406,30,Model_2
3064311500499100124,11683.63477,30,Model_2
3064311500499100126,9250.769531,30,Model_2
3064311500499100127,11276.05762,30,Model_2
3064311500499100128,20089.96484,30,Model_2
3064311500499100130,9230.570313,30,Model_2
3064311500499100133,9874.400391,30,Model_2
3064311500499100135,13420.41895,30,Model_2
3064311500499100136,5941.711426,30,Model_2
3064311500499100138,1009.1093139648438,30,Model_2
3064311500499100139,12577.92578,30,Model_2
3064311500499100140,9452.147461,30,Model_2
3064311500499100141,5093.656738,30,Model_2
3064311500499100143,5940.484863,30,Model_2
3064311500499100144,13958.51465,30,Model_2
3064311500499100145,5144.760254,30,Model_2
3064311500499100147,8482.226563,30,Model_2
3064311500499100148,15224.62207,30,Model_2
3064311500499100149,27842.23438,30,Model_2
3064311500499100153,7757.82959,30,Model_2
3064311500499100156,15482.1748,30,Model_2
3064311500499100160,6376.444336,30,Model_2
3064311500499100162,14340.2666,30,Model_2
3064311500499100163,24593.99414,30,Model_2
3064311500499100164,9197.328125,30,Model_2
3064311500499100168,1811.546387,30,Model_2
3064311500499100172,5539.632813,30,Model_2
3064311500500100002,4239.118164,30,Model_2
3064311500500100008,7006.113281,30,Model_2
3064311500500100010,4072.613281,30,Model_2
3064311500500100013,12931.45117,30,Model_2
3064311500500100014,14206.6748,30,Model_2
3064311500500100015,7907.553223,30,Model_2
3064311500500100016,702.5738525390625,30,Model_2
3064311500500100018,16220.38574,30,Model_2
3064311500500100019,2698.429443359375,30,Model_2
3064311500500100021,731.7283935546875,30,Model_2
3064311500500100024,4564.966309,30,Model_2
3064311500500100025,8037.476563,30,Model_2
3064311500500100026,2429.410400390625,30,Model_2
3064311500500100027,4783.419922,30,Model_2
3064311500500100028,14191.63184,30,Model_2
3064311500500100029,4197.740723,30,Model_2
3064311500500100031,11369.51465,30,Model_2
3064311500500100033,4205.799805,30,Model_2
3064311500500100034,5460.849609,30,Model_2
3064311500500100035,16103.47461,30,Model_2
3064311500500100036,5999.630371,30,Model_2
3064311500500100037,4464.901855,30,Model_2
3064311500500100038,4602.96875,30,Model_2
3064311500500100040,6937.284668,30,Model_2
3064311500500100041,2050.908691,30,Model_2
3064311500500100042,2380.946044921875,30,Model_2
3064311500500100043,7308.849609,30,Model_2
3064311500500100044,4046.656738,30,Model_2
3064311500500100045,23770.15039,30,Model_2
3064311500500100046,5787.458496,30,Model_2
3064311500500100047,11811.39258,30,Model_2
3064311500500100048,5219.682617,30,Model_2
3064311500500100049,5928.804199,30,Model_2
3064311500500100050,3392.109619140625,30,Model_2
3064311500500100053,4604.660645,30,Model_2
3064311500500100055,14445.37012,30,Model_2
3064311500500100058,10414.64258,30,Model_2
3064311500500100059,5555.391602,30,Model_2
3064311500500100060,1933.112305,30,Model_2
3064311500500100061,5682.304688,30,Model_2
3064311500500100063,17359.07031,30,Model_2
3064311500500100064,3552.065185546875,30,Model_2
3064311500500100066,4168.022949,30,Model_2
3064311500500100067,4276.295898,30,Model_2
3064311500500100068,13639.99316,30,Model_2
3064311500500100069,4275.131836,30,Model_2
3064311500500100071,16820.30469,30,Model_2
3064311500500100072,4057.239013671875,30,Model_2
3064311500500100073,5192.51416,30,Model_2
3064311500500100074,3857.604492,30,Model_2
3064311500500100075,3533.044434,30,Model_2
3064311500500100076,4020.040039,30,Model_2
3064311500500100077,8945.057617,30,Model_2
3064311500500100078,7442.001953,30,Model_2
3064311500500100079,11515.46387,30,Model_2
3064311500500100080,12109.0293,30,Model_2
3064311500500100081,15543.37891,30,Model_2
3064311500500100082,12599.67871,30,Model_2
3064311500500100083,7571.40332,30,Model_2
3064311500500100084,6694.245605,30,Model_2
3064311500500100085,2336.921630859375,30,Model_2
3064311500500100087,9357.166016,30,Model_2
3064311500500100088,4596.959473,30,Model_2
3064311500500100089,2844.989013671875,30,Model_2
3064311500500100090,14603.16309,30,Model_2
3064311500500100093,3954.594970703125,30,Model_2
3064311500500100094,2978.124023,30,Model_2
3064311500500100096,5839.056152,30,Model_2
3064311500500100097,4527.688477,30,Model_2
3064311500500100098,9021.197266,30,Model_2
3064311500500100100,23002.75781,30,Model_2
3064311500500100101,6102.329102,30,Model_2
3064311500500100102,4524.314453,30,Model_2
3064311500500100104,4617.808594,30,Model_2
3064311500500100105,6891.425293,30,Model_2
3064311500500100106,14567.45508,30,Model_2
3064311500500100108,9170.021484,30,Model_2
3064311500500100111,10147.6084,30,Model_2
3064311500500100112,5781.709961,30,Model_2
3064311500500100113,3201.357666015625,30,Model_2
3064311500500100114,3934.801513671875,30,Model_2
3064311500500100115,6177.536621,30,Model_2
3064311500500100116,9162.123047,30,Model_2
3064311500500100117,10107.7793,30,Model_2
3064311500500100118,10892.20703,30,Model_2
3064311500500100119,4885.972656,30,Model_2
3064311500500100120,1289.4503173828125,30,Model_2
3064311500500100121,4093.38916,30,Model_2
3064311500500100122,1964.0958251953125,30,Model_2
3064311500500100123,3128.821289,30,Model_2
3064311500500100125,10512.47559,30,Model_2
3064311500500100126,9591.641602,30,Model_2
3064311500500100127,6904.0,30,Model_2
3064311500500100128,6729.864746,30,Model_2
3064311500500100129,5857.988281,30,Model_2
3064311500500100130,2325.175537109375,30,Model_2
3064311500500100131,5451.725586,30,Model_2
3064311500500100132,3174.532715,30,Model_2
3064311500500100134,2369.233887,30,Model_2
3064311500500100138,771.6571044921875,30,Model_2
3064311500500100139,1144.514892578125,30,Model_2
3064311500500100140,2912.039551,30,Model_2
3064311500500100142,2966.723876953125,30,Model_2
3064311500500100143,4360.650391,30,Model_2
3064311500500100144,4726.341797,30,Model_2
3064311500500100145,3449.55127,30,Model_2
3064311500500100147,5392.018066,30,Model_2
3064311500500100148,3417.080810546875,30,Model_2
3064311500500100151,2115.382568359375,30,Model_2
3064311500500100152,1442.3284912109375,30,Model_2
3064311500500100155,16025.15234,30,Model_2
3064311500500100156,5066.067871,30,Model_2
3064311500500100158,8319.730469,30,Model_2
3064311500500100161,5448.899414,30,Model_2
3064311500500100162,5709.442871,30,Model_2
3064311500500100163,4296.693359,30,Model_2
3064311500500100164,7498.488281,30,Model_2
3064311500500100165,8675.198242,30,Model_2
3064311500500100166,10610.91211,30,Model_2
3064311500500100168,5200.151855,30,Model_2
3064311500500100169,8402.206055,30,Model_2
3064311500500100170,2501.723145,30,Model_2
3064311500500100172,2257.827880859375,30,Model_2
3064311500500100173,1820.539551,30,Model_2
3064311500500100176,2565.132324,30,Model_2
3064311500500100177,703.3188477,30,Model_2
3064311500500100178,5063.109863,30,Model_2
3064311500500100179,6297.713867,30,Model_2
3064311500500100180,8427.904297,30,Model_2
3064311500500100182,3234.872802734375,30,Model_2
3064311500500100183,6317.585449,30,Model_2
3064311500500100184,6037.894531,30,Model_2
3064311500500100187,363.5354309082031,30,Model_2
3064311500500100191,12882.94434,30,Model_2
3064311500500100192,1864.8499755859375,30,Model_2
3064311500500100195,11536.30859,30,Model_2
3064311500500100196,3321.150146484375,30,Model_2
3064311500500100197,6502.375,30,Model_2
3064311500500100198,3842.117188,30,Model_2
3064311500500100204,6152.597656,30,Model_2
3064311500500100207,6064.988281,30,Model_2
3064311500500100208,742.8526611328125,30,Model_2
3064311500500100209,10928.08887,30,Model_2
3064311500500100213,1579.209716796875,30,Model_2
3064311500500100214,11125.67578,30,Model_2
3064311500500100216,5022.756836,30,Model_2
3064311500500100219,4003.443359,30,Model_2
3064311500500100220,6522.251953,30,Model_2
3064311500500100223,7597.946777,30,Model_2
3064311500500100229,9404.243164,30,Model_2
3064311500500100240,840.9871215820312,30,Model_2
3064311500500100244,525.4246215820312,30,Model_2
3064311500501100056,4987.128906,30,Model_2
3064311500501100064,4330.710938,30,Model_2
3064311500501100066,5672.554199,30,Model_2
3064311500501100070,2424.013184,30,Model_2
3064311500501100082,6334.15332,30,Model_2
3064311500501100083,3470.324219,30,Model_2
3064311500501100084,2479.110352,30,Model_2
3064311500501100092,5811.924316,30,Model_2
3064311500501100100,9005.432617,30,Model_2
3064311500501100103,13338.42773,30,Model_2
3064311500501100109,6965.746582,30,Model_2
3064311500501100114,6584.441895,30,Model_2
3064311500501100116,5239.631348,30,Model_2
3064311500501100121,4427.459961,30,Model_2
3064311500501100125,2350.474121,30,Model_2
3064311500501100127,3842.646728515625,30,Model_2
3064311500501100128,7058.591797,30,Model_2
3064311500501100131,4428.033203,30,Model_2
3064311500501100132,3902.928711,30,Model_2
3064311500501100136,5809.999023,30,Model_2
3064311500501100137,2866.797363,30,Model_2
3064311500501100138,5635.424316,30,Model_2
3064311500501100140,4489.774902,30,Model_2
3064311500503100004,11210.19629,33,Model_2
3064311500503100006,5729.660645,33,Model_2
3064311500503100010,3858.876953,33,Model_2
3064311500503100011,2839.779541015625,33,Model_2
3064311500503100012,6262.606934,33,Model_2
3064311500503100013,2509.367431640625,33,Model_2
3064311500503100014,2576.714844,33,Model_2
3064311500503100015,4687.666992,33,Model_2
3064311500503100016,8478.351563,33,Model_2
3064311500503100017,4337.44873,33,Model_2
3064311500503100021,4842.748535,33,Model_2
3064311500503100022,4931.287109,33,Model_2
3064311500503100023,4404.039063,33,Model_2
3064311500503100025,743.5925293,33,Model_2
3064311500503100026,1149.4051513671875,33,Model_2
3064311500503100027,719.1776733398438,33,Model_2
3064311500503100028,3345.293701171875,33,Model_2
3064311500503100029,3720.532470703125,33,Model_2
3064311500503100030,1373.0726318359375,33,Model_2
3064311500503100031,8900.519531,33,Model_2
3064311500503100032,4518.241211,33,Model_2
3064311500503100033,3582.022461,33,Model_2
3064311500503100034,8655.422852,33,Model_2
3064311500503100038,3822.247802734375,33,Model_2
3064311500503100039,20227.25977,33,Model_2
3064311500503100040,1333.923583984375,33,Model_2
3064311500503100042,1753.4349365234375,33,Model_2
3064311500503100044,9446.240234,33,Model_2
3064311500503100045,9104.547852,33,Model_2
3064311500503100047,3151.802001953125,33,Model_2
3064311500503100048,5193.633301,33,Model_2
3064311500503100050,10973.22363,33,Model_2
3064311500503100051,3968.987548828125,33,Model_2
3064311500503100052,10383.5332,33,Model_2
3064311500503100053,5348.53418,33,Model_2
3064311500503100054,4776.185547,33,Model_2
3064311500503100055,8272.339844,33,Model_2
3064311500503100056,4768.0,33,Model_2
3064311500503100058,7426.176758,33,Model_2
3064311500503100059,4832.362793,33,Model_2
3064311500503100060,12864.17676,33,Model_2
3064311500503100061,6631.489258,33,Model_2
3064311500503100062,5006.606445,33,Model_2
3064311500503100063,10250.74121,33,Model_2
3064311500503100066,13119.11523,33,Model_2
3064311500503100067,9623.28125,33,Model_2
3064311500503100068,9091.975586,33,Model_2
3064311500503100070,8875.202148,33,Model_2
3064311500503100071,6946.306641,33,Model_2
3064311500503100072,2053.936035,33,Model_2
3064311500503100075,6051.223633,33,Model_2
3064311500503100076,6821.8125,33,Model_2
3064311500503100077,3643.214844,33,Model_2
3064311500503100078,4873.586914,33,Model_2
3064311500503100079,12122.27148,33,Model_2
3064311500503100080,6404.698242,33,Model_2
3064311500503100081,2643.941895,33,Model_2
3064311500503100083,12256.98926,33,Model_2
3064311500503100084,5965.429688,33,Model_2
3064311500503100085,5046.33252,33,Model_2
3064311500503100086,12259.49902,33,Model_2
3064311500503100087,4111.527832,33,Model_2
3064311500503100088,11259.28516,33,Model_2
3064311500503100089,12230.16016,33,Model_2
3064311500503100090,7764.002441,33,Model_2
3064311500503100091,5959.426758,33,Model_2
3064311500503100092,11972.60645,33,Model_2
3064311500503100094,2029.2635498046875,33,Model_2
3064311500503100095,10240.68848,33,Model_2
3064311500503100096,5294.71582,33,Model_2
3064311500503100097,3714.215332,33,Model_2
3064311500503100098,6047.333496,33,Model_2
3064311500503100099,11191.01367,33,Model_2
3064311500503100100,3113.721191,33,Model_2
3064311500503100101,11998.48242,33,Model_2
3064311500503100102,7206.569336,33,Model_2
3064311500503100104,1457.2940673828125,33,Model_2
3064311500503100105,6352.217285,33,Model_2
3064311500503100106,5218.09668,33,Model_2
3064311500503100107,4941.028809,33,Model_2
3064311500503100109,4362.59375,33,Model_2
3064311500503100110,6666.689453,33,Model_2
3064311500503100111,9930.539063,33,Model_2
3064311500503100112,1241.404785,33,Model_2
3064311500503100114,4259.637695,33,Model_2
3064311500503100116,4610.799316,33,Model_2
3064311500503100117,4278.149414,33,Model_2
3064311500503100118,579.9564819335938,33,Model_2
3064311500503100121,6774.458496,33,Model_2
3064311500503100123,5008.996582,33,Model_2
3064311500503100124,4247.543945,33,Model_2
3064311500503100125,3443.108887,33,Model_2
3064311500503100127,4079.068359,33,Model_2
3064311500504100017,3412.921875,33,Model_2
3064311500504100020,4978.619629,33,Model_2
3064311500504100021,3787.97168,33,Model_2
3064311500504100024,1868.9617919921875,33,Model_2
3064311500504100026,2851.599609,33,Model_2
3064311500504100027,3642.288818359375,33,Model_2
3064311500504100028,3244.974121,33,Model_2
3064311500504100030,2015.8656005859375,33,Model_2
3064311500504100031,3932.552978515625,33,Model_2
3064311500504100032,3537.124512,33,Model_2
3064311500504100033,589.7578735351562,33,Model_2
3064311500504100035,3959.959716796875,33,Model_2
3064311500504100036,2471.114990234375,33,Model_2
3064311500504100037,5936.180176,33,Model_2
3064311500504100038,2226.778564453125,33,Model_2
3064311500504100039,4222.910156,33,Model_2
3064311500504100040,3126.023681640625,33,Model_2
3064311500504100041,1881.197754,33,Model_2
3064311500504100042,4083.595703,33,Model_2
3064311500504100043,5394.091309,33,Model_2
3064311500504100044,1057.243896484375,33,Model_2
3064311500504100045,2327.382324,33,Model_2
3064311500504100046,2522.873779296875,33,Model_2
3064311500504100047,3476.005615234375,33,Model_2
3064311500504100048,2832.661621,33,Model_2
3064311500504100049,4709.557617,33,Model_2
3064311500504100055,3895.095947265625,33,Model_2
3064311500504100056,3399.759766,33,Model_2
3064311500504100059,9661.3125,33,Model_2
3064311500504100060,1093.967529296875,33,Model_2
3064311500504100061,3860.924316,33,Model_2
3064311500504100064,3656.254150390625,33,Model_2
3064311500504100065,2000.752685546875,33,Model_2
3064311500504100066,7101.948242,33,Model_2
3064311500504100067,9479.12793,33,Model_2
3064311500504100068,2753.235595703125,33,Model_2
3064311500504100070,6704.183105,33,Model_2
3064311500504100074,3926.962646484375,33,Model_2
3064311500504100075,4025.992919921875,33,Model_2
3064311500504100076,3963.693115234375,33,Model_2
3064311500504100077,6636.76416,33,Model_2
3064311500504100079,2960.490234,33,Model_2
3064311500504100080,3023.617919921875,33,Model_2
3064311500504100081,4071.058349609375,33,Model_2
3064311500504100082,9461.853516,33,Model_2
3064311500504100086,6359.661133,33,Model_2
3064311500504100087,3049.796630859375,33,Model_2
3064311500504100088,10095.33105,33,Model_2
3064311500504100090,2207.131591796875,33,Model_2
3064311500504100091,5189.29541,33,Model_2
3064311500504100092,4934.249512,33,Model_2
3064311500504100093,7629.221191,33,Model_2
3064311500504100094,11611.50977,33,Model_2
3064311500504100096,13565.03125,33,Model_2
3064311500504100098,9638.40332,33,Model_2
3064311500504100099,741.7028198242188,33,Model_2
3064311500504100100,16039.08594,33,Model_2
3064311500504100101,8887.310547,33,Model_2
3064311500504100105,10251.97754,33,Model_2
3064311500504100107,7903.786621,33,Model_2
3064311500504100108,7136.941406,33,Model_2
3064311500504100109,6539.684082,33,Model_2
3064311500504100113,8403.652344,33,Model_2
3064311500504100114,5015.110352,33,Model_2
3064311500504100116,14071.56836,33,Model_2
3064311500504100117,3546.759766,33,Model_2
3064311500504100121,2373.731934,33,Model_2
3064311500504100122,2915.435059,33,Model_2
3064311500504100124,6022.98291,33,Model_2
3064311500504100125,1854.021728515625,33,Model_2
3064311500504100126,10624.09668,33,Model_2
3064311500504100127,5646.382324,33,Model_2
3064311500504100130,12110.3623,33,Model_2
3064311500504100132,6671.106445,33,Model_2
3064311500504100133,2009.4989013671875,33,Model_2
3064311500504100134,7103.651367,33,Model_2
3064311500504100138,894.1624145507812,33,Model_2
3064311500504100141,4813.850586,33,Model_2
3064311500504100145,5176.179199,33,Model_2
3064311500504100146,6094.003906,33,Model_2
3064311500504100147,2930.024902,33,Model_2
3064311500504100148,11647.19922,33,Model_2
3064311500504100151,7461.081055,33,Model_2
3064311500504100152,6519.53418,33,Model_2
3064311500504100153,3768.294922,33,Model_2
3064311500504100154,4312.426758,33,Model_2
3064311500504100156,3800.766113,33,Model_2
3064311500504100157,2896.029297,33,Model_2
3064311500504100158,8484.649414,33,Model_2
3064311500504100160,1257.533203,33,Model_2
3064311500504100161,6463.602051,33,Model_2
3064311500504100162,5128.918457,33,Model_2
3064311500504100165,6708.440918,33,Model_2
3064311500504100166,3266.562012,33,Model_2
3064311500504100169,12364.58301,33,Model_2
3064311500504100173,11842.38379,33,Model_2
3064311500504100176,5670.167969,33,Model_2
3064311500504100177,5269.37793,33,Model_2
3064311500504100179,303.6245117,33,Model_2
3064311500504100180,13553.00977,33,Model_2
3064311500504100181,11127.35254,33,Model_2
3064311500504100183,7964.254395,33,Model_2
3064311500504100185,4450.22168,33,Model_2
3064311500504100186,2188.02832,33,Model_2
3064311500504100187,11866.6416,33,Model_2
3064311500504100188,6483.831055,33,Model_2
3064311500504100189,3143.767333984375,33,Model_2
3064311500504100192,3793.809082,33,Model_2
3064311500504100195,2415.65918,33,Model_2
3064311500504100196,14226.08496,33,Model_2
3064311500504100198,25783.97656,33,Model_2
3064311500504100199,8705.739258,33,Model_2
3064311500504100200,10778.53223,33,Model_2
3064311500504100204,952.8439941,33,Model_2
3064311500504100205,15562.28125,33,Model_2
3064311500504100206,10763.63184,33,Model_2
3064311500504100211,1263.250732421875,33,Model_2
3064311500505100006,11660.71191,33,Model_2
3064311500505100007,5541.852051,33,Model_2
3064311500505100017,1346.666259765625,33,Model_2
3064311500505100018,9652.574219,33,Model_2
3064311500505100020,5610.492676,33,Model_2
3064311500505100022,7161.759277,33,Model_2
3064311500505100023,7293.452637,33,Model_2
3064311500505100024,5287.058594,33,Model_2
3064311500505100026,2027.228027,33,Model_2
3064311500505100027,5146.775879,33,Model_2
3064311500505100028,3550.281005859375,33,Model_2
3064311500505100029,5699.503418,33,Model_2
3064311500505100032,2146.697509765625,33,Model_2
3064311500505100033,5976.157715,33,Model_2
3064311500505100034,4331.266113,33,Model_2
3064311500505100035,9885.921875,33,Model_2
3064311500505100036,4613.798828,33,Model_2
3064311500505100037,5619.103027,33,Model_2
3064311500505100038,397.98980712890625,33,Model_2
3064311500505100039,5076.35791,33,Model_2
3064311500505100040,6506.885254,33,Model_2
3064311500505100041,3970.839844,33,Model_2
3064311500505100042,2928.119629,33,Model_2
3064311500505100043,2972.09375,33,Model_2
3064311500505100044,2641.297119140625,33,Model_2
3064311500505100045,5214.012207,33,Model_2
3064311500505100046,2672.588379,33,Model_2
3064311500505100047,5004.756348,33,Model_2
3064311500505100048,3585.695801,33,Model_2
3064311500505100049,1872.338134765625,33,Model_2
3064311500505100050,3907.506348,33,Model_2
3064311500505100052,4741.411621,33,Model_2
3064311500505100053,9597.660156,33,Model_2
3064311500505100054,4007.455566,33,Model_2
3064311500505100056,5793.549316,33,Model_2
3064311500505100057,5379.235352,33,Model_2
3064311500505100058,5679.166992,33,Model_2
3064311500505100060,2771.131103515625,33,Model_2
3064311500505100061,5356.544434,33,Model_2
3064311500505100062,713.2785645,33,Model_2
3064311500505100065,5914.125,33,Model_2
3064311500505100066,987.3259887695312,33,Model_2
3064311500505100068,4000.12207,33,Model_2
3064311500505100069,4097.969727,33,Model_2
3064311500505100070,3373.297363,33,Model_2
3064311500505100072,3144.823242,33,Model_2
3064311500505100074,6697.607422,33,Model_2
3064311500505100075,1420.3387451171875,33,Model_2
3064311500505100076,7583.781738,33,Model_2
3064311500505100077,6115.197266,33,Model_2
3064311500505100081,8049.465332,33,Model_2
3064311500505100082,5079.186523,33,Model_2
3064311500505100083,2960.760254,33,Model_2
3064311500505100084,6635.05127,33,Model_2
3064311500509100004,1528.90625,5,Model_2
3064311500509100005,492.9950256347656,5,Model_2
3064311500509100009,6081.739258,5,Model_2
3064311500509100013,2380.716552734375,5,Model_2
3064311500509100014,4223.157715,5,Model_2
3064311500509100015,5174.268555,5,Model_2
3064311500509100016,2793.864501953125,5,Model_2
3064311500509100017,1765.855224609375,5,Model_2
3064311500509100018,8581.800781,5,Model_2
3064311500509100019,8208.488281,5,Model_2
3064311500509100020,2193.249755859375,5,Model_2
3064311500509100021,5200.954102,5,Model_2
3064311500509100022,2124.858154296875,5,Model_2
3064311500509100023,3961.319091796875,5,Model_2
3064311500509100024,4941.458008,5,Model_2
3064311500509100025,5878.740234,5,Model_2
3064311500509100026,5821.4375,5,Model_2
3064311500509100029,4237.161621,5,Model_2
3064311500509100030,7031.348633,5,Model_2
3064311500509100031,2553.114990234375,5,Model_2
3064311500509100032,516.6968383789062,5,Model_2
3064311500509100033,3151.182129,5,Model_2
3064311500509100034,9353.255859,5,Model_2
3064311500509100035,8266.793945,5,Model_2
3064311500509100036,7560.044434,5,Model_2
3064311500509100037,2139.023926,5,Model_2
3064311500509100038,1655.9840087890625,5,Model_2
3064311500509100039,1678.258301,5,Model_2
3064311500509100040,7225.650391,5,Model_2
3064311500509100041,3115.320556640625,5,Model_2
3064311500509100042,9709.407227,5,Model_2
3064311500509100043,1269.0474853515625,5,Model_2
3064311500509100044,2334.216552734375,5,Model_2
3064311500509100046,5659.20166,5,Model_2
3064311500509100047,2259.182617,5,Model_2
3064311500509100048,11718.35645,5,Model_2
3064311500509100049,5147.514648,5,Model_2
3064311500509100050,5334.980957,5,Model_2
3064311500509100051,673.2575684,5,Model_2
3064311500509100052,1435.3553466796875,5,Model_2
3064311500509100053,6577.841309,5,Model_2
3064311500509100054,4154.599121,5,Model_2
3064311500509100055,745.1125488,5,Model_2
3064311500509100056,13911.4502,5,Model_2
3064311500509100057,3651.232177734375,5,Model_2
3064311500509100058,477.8567504882813,5,Model_2
3064311500509100059,9428.65625,5,Model_2
3064311500509100060,317.3313903808594,5,Model_2
3064311500509100061,866.9718627929688,5,Model_2
3064311500509100062,4033.040283203125,5,Model_2
3064311500509100063,5008.087891,5,Model_2
3064311500509100064,1885.9625244140625,5,Model_2
3064311500509100065,1000.2437744140624,5,Model_2
3064311500509100066,8381.617188,5,Model_2
3064311500509100067,1947.8013916015625,5,Model_2
3064311500509100068,2760.716309,5,Model_2
3064311500509100069,5260.594727,5,Model_2
3064311500509100071,2541.971435546875,5,Model_2
3064311500509100072,8390.678711,5,Model_2
3064311500509100073,9694.705078,5,Model_2
3064311500509100074,1906.603759765625,5,Model_2
3064311500509100075,2013.617919921875,5,Model_2
3064311500509100076,2565.688720703125,5,Model_2
3064311500509100077,4828.40625,5,Model_2
3064311500509100078,19347.19922,5,Model_2
3064311500509100079,6084.052734,5,Model_2
3064311500509100080,5531.746094,5,Model_2
3064311500509100081,5445.161133,5,Model_2
3064311500509100082,2754.777099609375,5,Model_2
3064311500509100083,7371.37207,5,Model_2
3064311500509100086,5443.009277,5,Model_2
3064311500509100087,2401.441406,5,Model_2
3064311500509100089,557.8361816,5,Model_2
3064311500509100090,10861.42969,5,Model_2
3064311500509100091,9787.672852,5,Model_2
3064311500509100093,652.1098022460938,5,Model_2
3064311500509100095,2527.029052734375,5,Model_2
3064311500509100096,3902.699951171875,5,Model_2
3064311500509100098,6687.569824,5,Model_2
3064311500509100100,19455.0293,5,Model_2
3064311500509100101,2097.739990234375,5,Model_2
3064311500509100102,14663.02734,5,Model_2
3064311500509100103,2613.963134765625,5,Model_2
3064311500509100106,8300.183594,5,Model_2
3064311500510100017,231.6701507568359,5,Model_2
3064311500510100020,130.29098510742188,5,Model_2
3064311500510100021,661.6519775390625,5,Model_2
3064311500510100052,4910.07373,5,Model_2
3064311500510100055,7308.632813,5,Model_2
3064311500510100060,8770.692383,5,Model_2
3064311500511100005,11440.75391,5,Model_2
3064311500511100011,7143.102539,5,Model_2
3064311500511100015,11231.40918,5,Model_2
3064311500511100016,12241.08984,5,Model_2
3064311500511100017,397.7788086,5,Model_2
3064311500511100020,5710.47998,5,Model_2
3064311500511100021,3658.375488,5,Model_2
3064311500511100023,5696.760254,5,Model_2
3064311500511100024,2467.944580078125,5,Model_2
3064311500511100025,10461.23438,5,Model_2
3064311500511100026,9570.536133,5,Model_2
3064311500511100027,3019.79541,5,Model_2
3064311500511100029,15349.94434,5,Model_2
3064311500511100030,6067.329102,5,Model_2
3064311500511100032,191.18614196777344,5,Model_2
3064311500511100033,7330.78125,5,Model_2
3064311500511100034,9779.229492,5,Model_2
3064311500511100036,11008.9082,5,Model_2
3064311500511100039,6014.667969,5,Model_2
3064311500511100040,4554.571289,5,Model_2
3064311500511100041,7753.021484,5,Model_2
3064311500511100042,10538.60059,5,Model_2
3064311500511100043,7169.225098,5,Model_2
3064311500511100044,7760.117188,5,Model_2
3064311500511100045,13733.21094,5,Model_2
3064311500511100046,3943.194824,5,Model_2
3064311500511100048,7207.321777,5,Model_2
3064311500511100049,3030.413086,5,Model_2
3064311500511100050,3032.450684,5,Model_2
3064311500511100051,9936.491211,5,Model_2
3064311500511100052,9298.43457,5,Model_2
3064311500511100053,8267.722656,5,Model_2
3064311500511100054,8556.102539,5,Model_2
3064311500511100055,8273.790039,5,Model_2
3064311500511100057,5144.928223,5,Model_2
3064311500511100058,5644.665527,5,Model_2
3064311500511100059,3478.220215,5,Model_2
3064311500511100060,9743.088867,5,Model_2
3064311500511100061,7744.601074,5,Model_2
3064311500511100062,7556.599121,5,Model_2
3064311500511100063,1928.5802001953125,5,Model_2
3064311500511100064,4427.20752,5,Model_2
3064311500511100065,3191.266845703125,5,Model_2
3064311500511100066,3660.119384765625,5,Model_2
3064311500511100067,12184.56934,5,Model_2
3064311500511100068,10187.13184,5,Model_2
3064311500511100069,4985.669434,5,Model_2
3064311500511100070,5557.371094,5,Model_2
3064311500511100071,2931.168945,5,Model_2
3064311500511100072,5383.556641,5,Model_2
3064311500511100073,6458.630371,5,Model_2
3064311500511100074,4481.436523,5,Model_2
3064311500511100076,9348.260742,5,Model_2
3064311500512100031,1130.2967529296875,5,Model_2
3064311500513100012,3962.156982421875,9,Model_2
3064311500513100014,5747.871582,9,Model_2
3064311500513100016,5574.769531,9,Model_2
3064311500513100018,10213.22852,9,Model_2
3064311500513100021,2833.573242,9,Model_2
3064311500513100023,1454.901611328125,9,Model_2
3064311500513100026,6113.096191,9,Model_2
3064311500513100028,1215.8831787109375,9,Model_2
3064311500513100030,3897.559082,9,Model_2
3064311500513100032,2042.689453,9,Model_2
3064311500513100033,4524.800293,9,Model_2
3064311500513100034,8899.039063,9,Model_2
3064311500513100039,2060.877197265625,9,Model_2
3064311500513100041,3691.224121,9,Model_2
3064311500513100042,4984.952637,9,Model_2
3064311500513100043,4010.673828,9,Model_2
3064311500513100048,5183.350098,9,Model_2
3064311500513100049,4660.891602,9,Model_2
3064311500513100050,5086.140625,9,Model_2
3064311500513100051,1251.184326171875,9,Model_2
3064311500513100052,5473.260742,9,Model_2
3064311500513100055,836.0673217773438,9,Model_2
3064311500513100056,932.9597778320312,9,Model_2
3064311500513100057,5909.428711,9,Model_2
3064311500513100059,295.47113037109375,9,Model_2
3064311500513100061,8420.820313,9,Model_2
3064311500513100062,1579.0059814453125,9,Model_2
3064311500513100065,3995.247802734375,9,Model_2
3064311500513100068,3926.296875,9,Model_2
3064311500513100070,7001.934082,9,Model_2
3064311500513100074,9432.405273,9,Model_2
3064311500513100075,6661.781738,9,Model_2
3064311500513100076,1799.109130859375,9,Model_2
3064311500513100078,8320.65332,9,Model_2
3064311500513100079,975.9072266,9,Model_2
3064311500513100082,470.9265137,9,Model_2
3064311500513100084,5881.684082,9,Model_2
3064311500513100085,2057.386962890625,9,Model_2
3064311500513100089,5085.218262,9,Model_2
3064311500513100091,4594.930664,9,Model_2
3064311500513100092,3798.297363,9,Model_2
3064311500513100095,4776.20752,9,Model_2
3064311500514100014,12173.18555,9,Model_2
3064311500514100016,4230.844238,9,Model_2
3064311500514100021,121.1951675415039,9,Model_2
3064311500514100024,490.7096252441406,9,Model_2
3064311500514100025,5983.939453,9,Model_2
3064311500514100027,1212.3160400390625,9,Model_2
3064311500514100029,8826.473633,9,Model_2
3064311500514100030,9948.167969,9,Model_2
3064311500514100031,3659.790039,9,Model_2
3064311500514100033,263.23406982421875,9,Model_2
3064311500514100035,172.49954223632812,9,Model_2
3064311500514100036,3518.190185546875,9,Model_2
3064311500514100038,3465.599853515625,9,Model_2
3064311500514100040,8450.441406,9,Model_2
3064311500514100041,2844.091797,9,Model_2
3064311500514100043,9851.494141,9,Model_2
3064311500514100044,8992.40918,9,Model_2
3064311500514100049,5630.750488,9,Model_2
3064311500514100050,4493.720215,9,Model_2
3064311500514100051,7107.247559,9,Model_2
3064311500514100053,6136.058594,9,Model_2
3064311500514100055,8335.216797,9,Model_2
3064311500514100056,6768.716797,9,Model_2
3064311500514100057,7572.145508,9,Model_2
3064311500514100058,2479.591064453125,9,Model_2
3064311500514100059,2456.254883,9,Model_2
3064311500514100061,7552.074219,9,Model_2
3064311500515100004,834.3128662109375,9,Model_2
3064311500515100005,3974.487793,9,Model_2
3064311500515100006,3540.396728515625,9,Model_2
3064311500515100007,2460.211914,9,Model_2
3064311500515100009,955.1096801757812,9,Model_2
3064311500515100014,5888.177246,9,Model_2
3064311500515100015,8206.93457,9,Model_2
3064311500515100016,4019.445556640625,9,Model_2
3064311500515100018,7845.861328,9,Model_2
3064311500515100019,6877.51416,9,Model_2
3064311500515100022,4254.658691,9,Model_2
3064311500515100026,4752.161133,9,Model_2
3064311500515100027,588.1203613,9,Model_2
3064311500515100032,5180.378906,9,Model_2
3064311500515100033,3937.404785,9,Model_2
3064311500515100035,8086.966797,9,Model_2
3064311500515100036,15364.46094,9,Model_2
3064311500515100037,4328.052246,9,Model_2
3064311500515100038,6479.466797,9,Model_2
3064311500515100045,4465.244141,9,Model_2
3064311500515100046,7427.160156,9,Model_2
3064311500515100047,9774.685547,9,Model_2
3064311500515100048,2018.9154052734375,9,Model_2
3064311500515100049,6650.443848,9,Model_2
3064311500515100051,11684.25391,9,Model_2
3064311500515100053,5697.685547,9,Model_2
3064311500515100055,7665.65918,9,Model_2
3064311500515100056,13546.83984,9,Model_2
3064311500515100057,1176.6014404296875,9,Model_2
3064311500515100058,8375.925781,9,Model_2
3064311500515100059,10302.89844,9,Model_2
3064311500515100061,6108.285156,9,Model_2
3064311500515100062,9089.886719,9,Model_2
3064311500515100063,13246.41211,9,Model_2
3064311500515100066,5787.131836,9,Model_2
3064311500515100067,7681.688477,9,Model_2
3064311500515100068,9939.624023,9,Model_2
3064311500515100069,1490.158447265625,9,Model_2
3064311500515100070,1802.670898,9,Model_2
3064311500515100072,5802.871094,9,Model_2
3064311500515100074,6694.214844,9,Model_2
3064311500515100075,8425.197266,9,Model_2
3064311500515100076,7786.164551,9,Model_2
3064311500515100077,5189.924316,9,Model_2
3064311500515100080,524.0816040039062,9,Model_2
3064311500515100081,6602.758301,9,Model_2
3064311500515100082,16963.76953,9,Model_2
3064311500515100083,5221.53418,9,Model_2
3064311500515100085,5898.827637,9,Model_2
3064311500515100089,6207.257324,9,Model_2
3064311500515100092,830.3909301757812,9,Model_2
3064311500515100093,785.0129395,9,Model_2
3064311500515100095,12457.85547,9,Model_2
3064311500515100100,5775.308594,9,Model_2
3064311500515100101,6881.191895,9,Model_2
3064311500515100102,1834.097656,9,Model_2
3064311500516100004,1189.879883,9,Model_2
3064311500516100006,4485.520508,9,Model_2
3064311500516100011,10270.4502,9,Model_2
3064311500516100016,4875.111816,9,Model_2
3064311500516100018,7309.225098,9,Model_2
3064311500516100019,3576.123291015625,9,Model_2
3064311500516100025,2802.220947265625,9,Model_2
3064311500516100029,4781.693359,9,Model_2
3064311500516100033,10008.97559,9,Model_2
3064311500516100036,6024.581055,9,Model_2
3064311500516100039,2364.712646484375,9,Model_2
3064311500516100044,5537.808594,9,Model_2
3064311500516100045,4606.970215,9,Model_2
3064311500516100048,10076.1416,9,Model_2
3064311500516100049,6682.31543,9,Model_2
3064311500516100052,6244.522461,9,Model_2
3064311500516100054,15402.87598,9,Model_2
3064311500516100060,4523.660645,9,Model_2
3064311500516100062,7455.987793,9,Model_2
3064311500516100063,5016.483398,9,Model_2
3064311500516100066,9390.378906,9,Model_2
3064311500516100067,5537.388184,9,Model_2
3064311500516100069,9114.882813,9,Model_2
3064311500516100071,6755.634766,9,Model_2
3064311500516100072,3870.160888671875,9,Model_2
3064311500516100075,3573.81543,9,Model_2
3064311500516100076,5792.185059,9,Model_2
3064311500516100079,7620.942383,9,Model_2
3064311500517100011,14949.43848,15,Model_2
3064311500517100017,7242.599121,15,Model_2
3064311500517100018,5117.944336,15,Model_2
3064311500517100020,5785.348633,15,Model_2
3064311500517100022,4009.241455078125,15,Model_2
3064311500517100024,6320.354492,15,Model_2
3064311500517100025,4997.465332,15,Model_2
3064311500517100027,3165.858887,15,Model_2
3064311500517100030,1933.9061279296875,15,Model_2
3064311500517100033,2394.605957,15,Model_2
3064311500517100034,2905.062988,15,Model_2
3064311500517100035,1244.5943603515625,15,Model_2
3064311500517100038,1658.8148193359375,15,Model_2
3064311500517100039,1501.8328857421875,15,Model_2
3064311500517100041,11589.1416,15,Model_2
3064311500517100043,3920.486083984375,15,Model_2
3064311500517100044,6458.554688,15,Model_2
3064311500517100045,4181.90332,15,Model_2
3064311500517100049,6318.557617,15,Model_2
3064311500517100051,2783.753173828125,15,Model_2
3064311500517100056,4405.958496,15,Model_2
3064311500517100060,7285.84375,15,Model_2
3064311500517100062,5494.999023,15,Model_2
3064311500517100063,3165.424560546875,15,Model_2
3064311500517100065,11363.45898,15,Model_2
3064311500517100066,3487.765137,15,Model_2
3064311500517100067,2199.940185546875,15,Model_2
3064311500517100068,2084.119873046875,15,Model_2
3064311500517100069,717.7484741210938,15,Model_2
3064311500517100071,5050.44873,15,Model_2
3064311500517100074,467.9510192871094,15,Model_2
3064311500517100075,5172.05127,15,Model_2
3064311500517100076,6448.341309,15,Model_2
3064311500517100078,4043.596923828125,15,Model_2
3064311500517100079,1277.338867,15,Model_2
3064311500517100080,2395.412353515625,15,Model_2
3064311500517100081,3068.766113,15,Model_2
3064311500517100083,33103.35156,15,Model_2
3064311500517100085,14629.32129,15,Model_2
3064311500517100087,11027.77539,15,Model_2
3064311500517100088,8532.998047,15,Model_2
3064311500517100091,4966.060059,15,Model_2
3064311500517100093,11970.39355,15,Model_2
3064311500517100094,10340.70996,15,Model_2
3064311500517100096,7799.839355,15,Model_2
3064311500517100098,6676.418945,15,Model_2
3064311500517100099,9667.577148,15,Model_2
3064311500517100100,3715.446289,15,Model_2
3064311500517100101,10573.0459,15,Model_2
3064311500517100102,7139.13623,15,Model_2
3064311500517100104,4159.764648,15,Model_2
3064311500517100105,5453.351074,15,Model_2
3064311500517100106,1236.550293,15,Model_2
3064311500517100109,2641.778076171875,15,Model_2
3064311500517100110,1922.4700927734375,15,Model_2
3064311500517100111,9575.411133,15,Model_2
3064311500517100112,6161.180664,15,Model_2
3064311500517100113,4161.904297,15,Model_2
3064311500517100114,2875.913330078125,15,Model_2
3064311500517100115,3515.189453,15,Model_2
3064311500517100117,4181.569824,15,Model_2
3064311500517100118,6931.919434,15,Model_2
3064311500517100120,5754.313477,15,Model_2
3064311500517100121,2504.737793,15,Model_2
3064311500517100123,912.1314086914062,15,Model_2
3064311500517100125,4249.471191,15,Model_2
3064311500517100126,2958.410888671875,15,Model_2
3064311500517100129,3127.242919921875,15,Model_2
3064311500517100131,13384.55078,15,Model_2
3064311500517100132,4353.290039,15,Model_2
3064311500517100146,748.3493041992188,15,Model_2
3064311500518100012,2700.017333984375,15,Model_2
3064311500518100013,1878.6072998046875,15,Model_2
3064311500518100016,102218.625,15,Model_2
3064311500518100017,761.9428100585938,15,Model_2
3064311500518100019,10123.7832,15,Model_2
3064311500518100022,7069.791992,15,Model_2
3064311500518100025,1232.2088623046875,15,Model_2
3064311500518100026,3098.395996,15,Model_2
3064311500518100027,9245.152344,15,Model_2
3064311500518100028,2305.366699,15,Model_2
3064311500518100029,921.1240234,15,Model_2
3064311500518100030,5391.850586,15,Model_2
3064311500518100031,2710.37793,15,Model_2
3064311500518100032,6510.647461,15,Model_2
3064311500518100033,7043.990723,15,Model_2
3064311500518100034,3670.693848,15,Model_2
3064311500518100035,959.9194336,15,Model_2
3064311500518100040,17953.46289,15,Model_2
3064311500518100044,1840.329345703125,15,Model_2
3064311500518100048,9145.063477,15,Model_2
3064311500518100052,483.6994629,15,Model_2
3064311500518100053,8009.068848,15,Model_2
3064311500518100055,2357.712646484375,15,Model_2
3064311500518100056,13107.82617,15,Model_2
3064311500518100057,15867.02734,15,Model_2
3064311500518100058,4798.423828,15,Model_2
3064311500518100062,25418.85547,15,Model_2
3064311500518100065,4947.319336,15,Model_2
3064311500518100067,2295.88623,15,Model_2
3064311500518100068,13802.95801,15,Model_2
3064311500518100069,9691.455078,15,Model_2
3064311500518100071,8966.399414,15,Model_2
3064311500518100073,4030.646728515625,15,Model_2
3064311500518100074,492.8444213867187,15,Model_2
3064311500518100075,1649.6510009765625,15,Model_2
3064311500518100076,28992.71289,15,Model_2
3064311500518100078,12047.64648,15,Model_2
3064311500518100079,994.1850586,15,Model_2
3064311500518100081,4058.033203,15,Model_2
3064311500518100082,3213.228271484375,15,Model_2
3064311500518100084,5654.565918,15,Model_2
3064311500518100085,923.0479736328124,15,Model_2
3064311500518100086,7320.803223,15,Model_2
3064311500518100087,8964.962891,15,Model_2
3064311500518100088,9622.248047,15,Model_2
3064311500518100089,604.331543,15,Model_2
3064311500518100090,5917.952148,15,Model_2
3064311500518100092,12142.54297,15,Model_2
3064311500518100093,27920.49805,15,Model_2
3064311500518100096,10359.31543,15,Model_2
3064311500518100097,9020.333984,15,Model_2
3064311500518100099,7549.60791,15,Model_2
3064311500518100100,11749.62305,15,Model_2
3064311500518100103,4967.081055,15,Model_2
3064311500518100105,5586.242676,15,Model_2
3064311500518100106,4389.929688,15,Model_2
3064311500518100107,5815.54541,15,Model_2
3064311500518100108,669.5264282226562,15,Model_2
3064311500518100109,3129.042969,15,Model_2
3064311500518100110,11562.80371,15,Model_2
3064311500518100112,20784.14648,15,Model_2
3064311500518100113,9009.5,15,Model_2
3064311500518100115,12009.03027,15,Model_2
3064311500518100116,6160.678223,15,Model_2
3064311500518100118,9740.429688,15,Model_2
3064311500518100119,15255.32422,15,Model_2
3064311500518100120,4173.853027,15,Model_2
3064311500518100121,2846.912841796875,15,Model_2
3064311500518100123,16659.58008,15,Model_2
3064311500518100127,5781.057617,15,Model_2
3064311500518100129,7088.975098,15,Model_2
3064311500518100132,4648.700684,15,Model_2
3064311500518100134,7742.635254,15,Model_2
3064311500518100137,16550.15039,15,Model_2
3064311500518100138,8007.512207,15,Model_2
3064311500518100139,3327.869141,15,Model_2
3064311500518100140,9843.560547,15,Model_2
3064311500518100144,3995.940673828125,15,Model_2
3064311500519100003,3144.035156,15,Model_2
3064311500519100006,11718.65625,15,Model_2
3064311500519100007,454.3169860839844,15,Model_2
3064311500519100011,649.4655762,15,Model_2
3064311500519100012,1638.8533935546875,15,Model_2
3064311500519100013,7628.099609,15,Model_2
3064311500519100015,5019.319824,15,Model_2
3064311500519100025,10896.73242,15,Model_2
3064311500519100026,3778.287353515625,15,Model_2
3064311500519100027,2065.730712890625,15,Model_2
3064311500519100028,6435.185059,15,Model_2
3064311500519100029,373.9635314941406,15,Model_2
3064311500519100030,1277.9451904296875,15,Model_2
3064311500519100032,7189.491211,15,Model_2
3064311500519100033,8348.949219,15,Model_2
3064311500519100034,3052.379395,15,Model_2
3064311500519100035,6848.350098,15,Model_2
3064311500519100036,12729.39941,15,Model_2
3064311500519100037,4363.070313,15,Model_2
3064311500519100038,4000.205322265625,15,Model_2
3064311500519100039,2622.953613,15,Model_2
3064311500519100040,6439.331543,15,Model_2
3064311500519100041,5159.172363,15,Model_2
3064311500519100042,21121.77734,15,Model_2
3064311500519100043,17960.62891,15,Model_2
3064311500519100045,2506.56543,15,Model_2
3064311500519100046,8731.802734,15,Model_2
3064311500519100047,9290.344727,15,Model_2
3064311500519100048,2291.474121,15,Model_2
3064311500519100049,4796.123047,15,Model_2
3064311500519100050,10537.13574,15,Model_2
3064311500519100051,10459.47363,15,Model_2
3064311500519100052,10592.32813,15,Model_2
3064311500519100054,3443.147705078125,15,Model_2
3064311500519100055,8513.989258,15,Model_2
3064311500519100057,12219.59082,15,Model_2
3064311500519100059,2721.304443359375,15,Model_2
3064311500519100060,20818.96875,15,Model_2
3064311500519100061,11584.90234,15,Model_2
3064311500519100062,6777.64502,15,Model_2
3064311500519100063,21027.93945,15,Model_2
3064311500519100065,3319.223876953125,15,Model_2
3064311500519100068,11115.37305,15,Model_2
3064311500519100069,11813.55859,15,Model_2
3064311500519100070,16210.31445,15,Model_2
3064311500519100071,11410.20117,15,Model_2
3064311500519100072,5547.083984,15,Model_2
3064311500519100073,3423.996094,15,Model_2
3064311500519100074,10517.12695,15,Model_2
3064311500519100075,9306.59668,15,Model_2
3064311500519100077,12265.08691,15,Model_2
3064311500519100079,6965.095215,15,Model_2
3064311500519100080,2295.282715,15,Model_2
3064311500519100081,8237.748047,15,Model_2
3064311500519100082,8206.514648,15,Model_2
3064311500519100083,3883.725098,15,Model_2
3064311500519100085,14974.91309,15,Model_2
3064311500519100086,13354.49512,15,Model_2
3064311500519100087,7975.231445,15,Model_2
3064311500519100088,15313.96875,15,Model_2
3064311500519100089,3355.807373046875,15,Model_2
3064311500519100090,11725.10059,15,Model_2
3064311500519100091,1531.670654296875,15,Model_2
3064311500519100092,4645.955566,15,Model_2
3064311500519100093,5799.213379,15,Model_2
3064311500519100094,4710.261719,15,Model_2
3064311500519100095,7556.32959,15,Model_2
3064311500519100097,8683.839844,15,Model_2
3064311500519100098,6185.29541,15,Model_2
3064311500519100099,6874.474609,15,Model_2
3064311500519100100,4649.946289,15,Model_2
3064311500519100101,227.64749145507812,15,Model_2
3064311500519100102,5308.809082,15,Model_2
3064311500519100103,6262.466797,15,Model_2
3064311500519100106,11795.71289,15,Model_2
3064311500519100107,5915.125488,15,Model_2
3064311500519100108,8799.235352,15,Model_2
3064311500519100111,8549.270508,15,Model_2
3064311500519100112,8815.056641,15,Model_2
3064311500519100113,11362.35059,15,Model_2
3064311500519100114,9483.759766,15,Model_2
3064311500519100115,11562.08203,15,Model_2
3064311500519100116,10308.6416,15,Model_2
3064311500519100117,10546.44141,15,Model_2
3064311500519100118,4483.808105,15,Model_2
3064311500519100120,3510.210693359375,15,Model_2
3064311500519100121,3028.138184,15,Model_2
3064311500519100122,11893.83398,15,Model_2
3064311500519100123,6510.756348,15,Model_2
3064311500519100129,11497.63672,15,Model_2
3064311500519100130,1458.937988,15,Model_2
3064311500519100132,10274.37598,15,Model_2
3064311500519100133,4849.539551,15,Model_2
3064311500519100134,7074.928223,15,Model_2
3064311500519100136,12575.42676,15,Model_2
3064311500519100140,5194.881836,15,Model_2
3064311500519100141,6627.734375,15,Model_2
3064311500519100142,9579.489258,15,Model_2
3064311500519100143,2682.916748046875,15,Model_2
3064311500519100144,4332.925781,15,Model_2
3064311500519100145,2931.087402,15,Model_2
3064311500519100153,5127.13623,15,Model_2
3064311500519100155,5947.091309,15,Model_2
3064311500519100158,3233.842529296875,15,Model_2
3064311500519100160,3897.134277,15,Model_2
3064311500519100161,5310.994141,15,Model_2
3064311500519100165,642.6456909179688,15,Model_2
3064311500519100171,4631.422852,15,Model_2
3064311500519100182,764.9561157226562,15,Model_2
3064311500520100014,5956.525391,15,Model_2
3064311500520100016,4410.041504,15,Model_2
3064311500520100020,3024.677001953125,15,Model_2
3064311500520100033,7261.474609,15,Model_2
3064311500520100056,7166.580566,15,Model_2
3064311500520100062,7821.302246,15,Model_2
3064311500521100015,12652.62012,30,Model_2
3064311500521100018,6678.671387,30,Model_2
3064311500521100023,8267.066406,30,Model_2
3064311500521100026,5230.330566,30,Model_2
3064311500521100027,3202.894531,30,Model_2
3064311500521100028,4070.266845703125,30,Model_2
3064311500521100038,3125.612548828125,30,Model_2
3064311500521100039,4903.118652,30,Model_2
3064311500521100044,3887.098388671875,30,Model_2
3064311500521100045,4312.372559,30,Model_2
3064311500521100049,5246.443359,30,Model_2
3064311500521100053,8390.802734,30,Model_2
3064311500521100056,7084.561035,30,Model_2
3064311500521100059,5151.712402,30,Model_2
3064311500521100061,12612.81445,30,Model_2
3064311500521100070,9886.416016,30,Model_2
3064311500521100072,10653.22852,30,Model_2
3064311500521100078,10227.33203,30,Model_2
3064311500521100086,10789.4873,30,Model_2
3064311500521100092,9741.195313,30,Model_2
3064311500521100105,11634.52539,30,Model_2
3064311500521100119,7859.906738,30,Model_2
3064311500521100122,4762.702148,30,Model_2
3064311500521100129,11759.72656,30,Model_2
3064311500521100132,1301.297363,30,Model_2
3064311500522100004,7830.445801,30,Model_2
3064311500522100025,4574.130859,30,Model_2
3064311500522100028,5272.171875,30,Model_2
3064311500522100039,6196.188965,30,Model_2
3064311500522100040,9608.250977,30,Model_2
3064311500522100042,12248.12598,30,Model_2
3064311500522100046,7172.699219,30,Model_2
3064311500522100047,3893.582275390625,30,Model_2
3064311500522100048,1663.2567138671875,30,Model_2
3064311500522100051,6870.663574,30,Model_2
3064311500522100052,1072.086669921875,30,Model_2
3064311500522100053,731.7024536132812,30,Model_2
3064311500522100054,8603.739258,30,Model_2
3064311500522100055,9852.636719,30,Model_2
3064311500522100056,966.3833008,30,Model_2
3064311500522100057,6151.078125,30,Model_2
3064311500522100058,11511.1582,30,Model_2
3064311500522100061,4360.242676,30,Model_2
3064311500522100062,3438.626220703125,30,Model_2
3064311500522100063,13648.16211,30,Model_2
3064311500522100064,1745.162598,30,Model_2
3064311500522100065,7375.211914,30,Model_2
3064311500522100066,19462.47852,30,Model_2
3064311500522100067,3338.013184,30,Model_2
3064311500522100068,7241.399902,30,Model_2
3064311500522100070,1113.253906,30,Model_2
3064311500522100071,2530.48291,30,Model_2
3064311500522100072,5465.706543,30,Model_2
3064311500522100075,13696.95117,30,Model_2
3064311500522100076,12736.39941,30,Model_2
3064311500522100078,13021.11621,30,Model_2
3064311500522100080,602.0150756835938,30,Model_2
3064311500522100081,7252.419434,30,Model_2
3064311500522100082,6123.807617,30,Model_2
3064311500522100083,15990.70703,30,Model_2
3064311500522100084,10727.30371,30,Model_2
3064311500522100085,6807.147949,30,Model_2
3064311500522100086,3707.149902,30,Model_2
3064311500522100088,2225.129883,30,Model_2
3064311500522100089,4581.225586,30,Model_2
3064311500522100090,12584.96484,30,Model_2
3064311500522100092,5104.594727,30,Model_2
3064311500522100093,7504.634766,30,Model_2
3064311500522100094,7080.799805,30,Model_2
3064311500522100095,10785.10254,30,Model_2
3064311500522100098,7115.472168,30,Model_2
3064311500522100099,5474.745117,30,Model_2
3064311500522100100,23376.42383,30,Model_2
3064311500522100102,14957.99219,30,Model_2
3064311500522100103,22088.82813,30,Model_2
3064311500522100105,13382.6123,30,Model_2
3064311500522100106,2073.830810546875,30,Model_2
3064311500522100107,4957.983398,30,Model_2
3064311500522100109,10380.67188,30,Model_2
3064311500522100110,5983.61084,30,Model_2
3064311500522100111,7335.560547,30,Model_2
3064311500522100112,5426.819824,30,Model_2
3064311500522100113,1853.3912353515625,30,Model_2
3064311500522100114,2035.9996337890625,30,Model_2
3064311500522100116,4336.989746,30,Model_2
3064311500522100117,7290.003418,30,Model_2
3064311500522100118,8684.801758,30,Model_2
3064311500522100119,2846.093262,30,Model_2
3064311500522100120,8806.958008,30,Model_2
3064311500522100121,16101.51953,30,Model_2
3064311500522100122,3764.248047,30,Model_2
3064311500522100123,2239.263916015625,30,Model_2
3064311500522100124,9033.290039,30,Model_2
3064311500522100125,5145.112793,30,Model_2
3064311500522100126,8228.856445,30,Model_2
3064311500522100127,17022.09766,30,Model_2
3064311500522100128,7303.727051,30,Model_2
3064311500522100130,3212.298095703125,30,Model_2
3064311500522100131,8641.671875,30,Model_2
3064311500522100132,2667.425781,30,Model_2
3064311500522100133,24492.49023,30,Model_2
3064311500522100135,3873.800293,30,Model_2
3064311500522100136,7472.533203,30,Model_2
3064311500522100137,3863.087158203125,30,Model_2
3064311500522100138,4884.044922,30,Model_2
3064311500522100139,7690.885254,30,Model_2
3064311500522100140,8643.46875,30,Model_2
3064311500522100141,8118.899902,30,Model_2
3064311500522100143,7033.310059,30,Model_2
3064311500522100144,9271.780273,30,Model_2
3064311500522100145,5144.617188,30,Model_2
3064311500522100148,6306.234863,30,Model_2
3064311500522100149,2766.708251953125,30,Model_2
3064311500522100150,3504.45166,30,Model_2
3064311500522100151,5112.294434,30,Model_2
3064311500522100152,3375.855469,30,Model_2
3064311500522100155,4382.805664,30,Model_2
3064311500522100156,4589.100098,30,Model_2
3064311500522100157,2689.591552734375,30,Model_2
3064311500522100158,11331.58398,30,Model_2
3064311500522100159,5736.520996,30,Model_2
3064311500522100162,5839.872559,30,Model_2
3064311500522100163,8798.012695,30,Model_2
3064311500522100164,2911.091064453125,30,Model_2
3064311500522100166,5613.029785,30,Model_2
3064311500522100167,3075.862305,30,Model_2
3064311500522100168,4337.224121,30,Model_2
3064311500522100169,4542.337891,30,Model_2
3064311500522100171,6643.986328,30,Model_2
3064311500522100172,8180.389648,30,Model_2
3064311500522100173,3352.612548828125,30,Model_2
3064311500522100175,8786.602539,30,Model_2
3064311500522100176,9325.757813,30,Model_2
3064311500522100177,6589.748535,30,Model_2
3064311500522100178,2563.224609,30,Model_2
3064311500522100179,8107.811035,30,Model_2
3064311500522100180,1180.2349853515625,30,Model_2
3064311500522100181,5997.708008,30,Model_2
3064311500522100182,2403.953613,30,Model_2
3064311500522100183,9762.960938,30,Model_2
3064311500522100185,7532.953613,30,Model_2
3064311500522100186,7689.495117,30,Model_2
3064311500522100187,3131.890625,30,Model_2
3064311500522100188,4897.131836,30,Model_2
3064311500522100189,10054.94434,30,Model_2
3064311500522100190,4306.309082,30,Model_2
3064311500522100191,4639.212402,30,Model_2
3064311500522100192,1570.7908935546875,30,Model_2
3064311500522100193,19498.72656,30,Model_2
3064311500522100194,6291.07373,30,Model_2
3064311500522100195,13972.52637,30,Model_2
3064311500522100196,6823.0625,30,Model_2
3064311500522100197,3653.070556640625,30,Model_2
3064311500522100198,1488.788330078125,30,Model_2
3064311500522100199,5914.681641,30,Model_2
3064311500522100200,4276.253418,30,Model_2
3064311500522100201,2212.128173828125,30,Model_2
3064311500522100202,13061.18359,30,Model_2
3064311500522100203,4329.602539,30,Model_2
3064311500522100204,3025.599121,30,Model_2
3064311500522100205,6077.283203,30,Model_2
3064311500522100206,4399.287109,30,Model_2
3064311500522100207,5605.663086,30,Model_2
3064311500522100208,8759.728516,30,Model_2
3064311500522100211,3438.538818359375,30,Model_2
3064311500522100218,5477.224121,30,Model_2
3064311500522100220,13229.49414,30,Model_2
3064311500522100221,7231.193359,30,Model_2
3064311500522100226,4086.52002,30,Model_2
3064311500523100013,6595.736816,30,Model_2
3064311500523100017,5624.171387,30,Model_2
3064311500523100018,1518.565185546875,30,Model_2
3064311500523100024,3576.886719,30,Model_2
3064311500523100027,7173.883301,30,Model_2
3064311500523100030,5527.151367,30,Model_2
3064311500523100042,1205.614013671875,30,Model_2
3064311500523100045,2693.850830078125,30,Model_2
3064311500523100046,4496.974609,30,Model_2
3064311500523100047,3486.001953,30,Model_2
3064311500523100048,1035.5838623046875,30,Model_2
3064311500523100051,18513.26758,30,Model_2
3064311500523100053,3520.444091796875,30,Model_2
3064311500523100054,4169.13623,30,Model_2
3064311500523100055,2123.990966796875,30,Model_2
3064311500523100056,3449.335449,30,Model_2
3064311500523100058,4201.115723,30,Model_2
3064311500523100059,1352.0333251953125,30,Model_2
3064311500523100060,3361.329833984375,30,Model_2
3064311500523100061,9017.072266,30,Model_2
3064311500523100062,7762.789063,30,Model_2
3064311500523100063,4895.869629,30,Model_2
3064311500523100064,5982.212891,30,Model_2
3064311500523100065,12799.95801,30,Model_2
3064311500523100067,3696.384033203125,30,Model_2
3064311500523100068,3703.324707,30,Model_2
3064311500523100070,4749.900879,30,Model_2
3064311500523100071,5508.446777,30,Model_2
3064311500523100072,2809.580566,30,Model_2
3064311500523100074,6569.07666,30,Model_2
3064311500523100075,4718.853027,30,Model_2
3064311500523100076,4328.28125,30,Model_2
3064311500523100080,6428.40332,30,Model_2
3064311500523100081,8700.322266,30,Model_2
3064311500523100083,3682.853271484375,30,Model_2
3064311500523100085,16931.66602,30,Model_2
3064311500523100086,6140.92334,30,Model_2
3064311500523100087,686.3046264648438,30,Model_2
3064311500523100088,3064.632324,30,Model_2
3064311500523100090,4241.680176,30,Model_2
3064311500523100091,2907.123047,30,Model_2
3064311500523100092,9459.992188,30,Model_2
3064311500523100093,4621.392578,30,Model_2
3064311500523100094,630.2053223,30,Model_2
3064311500523100095,2803.702880859375,30,Model_2
3064311500523100097,2631.035888671875,30,Model_2
3064311500523100098,4201.140137,30,Model_2
3064311500523100099,4508.538086,30,Model_2
3064311500523100102,7206.974609,30,Model_2
3064311500523100105,2033.9718017578125,30,Model_2
3064311500523100106,1278.4298095703125,30,Model_2
3064311500523100108,3275.975586,30,Model_2
3064311500523100109,5083.261719,30,Model_2
3064311500523100110,9038.845703,30,Model_2
3064311500523100111,1868.1082763671875,30,Model_2
3064311500523100112,1081.5855712890625,30,Model_2
3064311500523100114,6515.080566,30,Model_2
3064311500523100115,5376.28418,30,Model_2
3064311500523100116,5323.916992,30,Model_2
3064311500523100117,4563.039551,30,Model_2
3064311500523100118,2831.307373046875,30,Model_2
3064311500523100119,4875.452637,30,Model_2
3064311500523100120,3362.637207,30,Model_2
3064311500523100122,7636.461914,30,Model_2
3064311500523100124,4531.361328,30,Model_2
3064311500523100126,3412.934082,30,Model_2
3064311500523100127,4400.328125,30,Model_2
3064311500523100128,5164.500977,30,Model_2
3064311500523100129,4368.985352,30,Model_2
3064311500523100130,2179.053466796875,30,Model_2
3064311500523100131,3479.072998046875,30,Model_2
3064311500523100133,5231.631836,30,Model_2
3064311500523100134,2742.957763671875,30,Model_2
3064311500523100135,2978.479492,30,Model_2
3064311500523100137,3693.956055,30,Model_2
3064311500523100138,4138.641113,30,Model_2
3064311500523100139,5007.480469,30,Model_2
3064311500523100141,4104.735352,30,Model_2
3064311500523100142,2688.145751953125,30,Model_2
3064311500523100143,3780.294189453125,30,Model_2
3064311500523100144,6221.67627,30,Model_2
3064311500523100145,6360.572754,30,Model_2
3064311500523100147,2851.683105,30,Model_2
3064311500523100148,4972.927734,30,Model_2
3064311500523100149,2708.575439453125,30,Model_2
3064311500523100150,4281.705566,30,Model_2
3064311500523100151,7869.049316,30,Model_2
3064311500523100152,4789.691406,30,Model_2
3064311500523100153,8338.59082,30,Model_2
3064311500523100154,5209.745117,30,Model_2
3064311500523100155,4742.008789,30,Model_2
3064311500523100157,7145.182129,30,Model_2
3064311500523100158,4096.926758,30,Model_2
3064311500523100159,3718.874023,30,Model_2
3064311500523100160,3682.860107421875,30,Model_2
3064311500523100162,4047.183349609375,30,Model_2
3064311500523100163,4792.587891,30,Model_2
3064311500523100164,4418.565918,30,Model_2
3064311500523100165,4491.660645,30,Model_2
3064311500523100166,5658.339355,30,Model_2
3064311500523100167,6305.391113,30,Model_2
3064311500523100168,3417.216064453125,30,Model_2
3064311500523100170,3663.477783203125,30,Model_2
3064311500523100171,5760.718262,30,Model_2
3064311500523100173,6122.79248,30,Model_2
3064311500523100174,4525.716309,30,Model_2
3064311500523100176,3876.955810546875,30,Model_2
3064311500523100177,5499.976563,30,Model_2
3064311500523100178,3835.947021484375,30,Model_2
3064311500523100179,3441.303223,30,Model_2
3064311500523100180,617.9799194335938,30,Model_2
3064311500523100181,1871.5872802734375,30,Model_2
3064311500523100182,5743.338379,30,Model_2
3064311500523100183,7033.264648,30,Model_2
3064311500523100184,6195.106445,30,Model_2
3064311500523100186,3189.503906,30,Model_2
3064311500523100187,2324.604248046875,30,Model_2
3064311500523100188,4791.337891,30,Model_2
3064311500523100189,4035.875,30,Model_2
3064311500523100190,3892.519043,30,Model_2
3064311500523100191,4992.791992,30,Model_2
3064311500523100193,2941.233154296875,30,Model_2
3064311500523100194,3343.214355,30,Model_2
3064311500523100195,3102.666992,30,Model_2
3064311500523100196,3870.428955078125,30,Model_2
3064311500523100197,2623.870361328125,30,Model_2
3064311500523100198,1747.6802978515625,30,Model_2
3064311500523100199,4895.43457,30,Model_2
3064311500523100200,4331.65625,30,Model_2
3064311500523100203,1945.827637,30,Model_2
3064311500523100204,2076.342529296875,30,Model_2
3064311500523100205,6088.04834,30,Model_2
3064311500523100206,2073.594482421875,30,Model_2
3064311500523100207,5040.412598,30,Model_2
3064311500523100208,4887.910645,30,Model_2
3064311500523100209,5210.053711,30,Model_2
3064311500523100210,6219.81543,30,Model_2
3064311500523100211,3572.098145,30,Model_2
3064311500523100212,6706.38623,30,Model_2
3064311500523100213,5318.279297,30,Model_2
3064311500523100214,3413.645508,30,Model_2
3064311500523100215,2713.324219,30,Model_2
3064311500523100216,6386.415039,30,Model_2
3064311500523100217,6762.813965,30,Model_2
3064311500523100218,6733.187988,30,Model_2
3064311500523100220,6253.762207,30,Model_2
3064311500523100221,3468.268798828125,30,Model_2
3064311500523100222,4792.182129,30,Model_2
3064311500523100223,5507.113281,30,Model_2
3064311500523100225,2791.288574,30,Model_2
3064311500523100226,6455.308594,30,Model_2
3064311500523100227,2077.994873046875,30,Model_2
3064311500523100228,2279.795166015625,30,Model_2
3064311500523100229,4167.69873,30,Model_2
3064311500523100230,3616.694824,30,Model_2
3064311500523100231,4452.519043,30,Model_2
3064311500523100232,1168.8533935546875,30,Model_2
3064311500523100233,3213.193115234375,30,Model_2
3064311500523100235,5355.738281,30,Model_2
3064311500523100236,7012.687988,30,Model_2
3064311500523100237,11252.71094,30,Model_2
3064311500523100239,7179.352539,30,Model_2
3064311500523100240,4014.077148,30,Model_2
3064311500523100241,3738.169189453125,30,Model_2
3064311500523100242,4692.282227,30,Model_2
3064311500523100243,6020.712891,30,Model_2
3064311500523100244,7440.998047,30,Model_2
3064311500523100246,571.9158325195312,30,Model_2
3064311500523100247,2479.269043,30,Model_2
3064311500523100248,3965.587646484375,30,Model_2
3064311500523100249,1147.978027,30,Model_2
3064311500523100251,892.0687255859375,30,Model_2
3064311500523100252,5560.833984,30,Model_2
3064311500523100254,5547.059082,30,Model_2
3064311500523100256,2035.130126953125,30,Model_2
3064311500523100257,3715.238037109375,30,Model_2
3064311500523100258,3472.550048828125,30,Model_2
3064311500523100259,5067.004395,30,Model_2
3064311500523100260,3563.815673828125,30,Model_2
3064311500523100261,4624.265625,30,Model_2
3064311500523100262,4974.518555,30,Model_2
3064311500523100263,3501.530762,30,Model_2
3064311500523100264,6302.718262,30,Model_2
3064311500523100267,5567.818359,30,Model_2
3064311500523100268,4358.47168,30,Model_2
3064311500523100269,2734.262451171875,30,Model_2
3064311500523100270,3721.986572265625,30,Model_2
3064311500523100272,6253.627441,30,Model_2
3064311500523100273,2798.26416,30,Model_2
3064311500523100274,4931.66748,30,Model_2
3064311500523100281,2627.693359,30,Model_2
3064311500523100283,6055.203125,30,Model_2
3064311500523100284,3825.336669921875,30,Model_2
3064311500523100285,3146.443359,30,Model_2
3064311500523100286,4207.836426,30,Model_2
3064311500523100287,4118.432617,30,Model_2
3064311500523100293,2738.246826171875,30,Model_2
3064311500523100298,3141.419677734375,30,Model_2
3064311500523100300,4408.509277,30,Model_2
3064311500523100303,3590.580810546875,30,Model_2
3064311500524100014,7960.089844,30,Model_2
3064311500524100016,4762.563965,30,Model_2
3064311500524100023,4358.100586,30,Model_2
3064311500524100025,4513.986328,30,Model_2
3064311500524100026,9789.185547,30,Model_2
3064311500524100028,2290.084961,30,Model_2
3064311500524100035,5912.290527,30,Model_2
3064311500524100036,6379.255859,30,Model_2
3064311500524100040,6544.20166,30,Model_2
3064311500524100044,2272.272461,30,Model_2
3064311500524100046,4473.879883,30,Model_2
3064311500524100050,6209.49707,30,Model_2
3064311500524100056,7388.104492,30,Model_2
3064311500526100001,4868.949707,33,Model_2
3064311500526100007,4905.760254,33,Model_2
3064311500526100008,757.9127197265625,33,Model_2
3064311500526100012,4199.544434,33,Model_2
3064311500526100019,6602.896973,33,Model_2
3064311500526100020,2952.574219,33,Model_2
3064311500526100022,4389.228516,33,Model_2
3064311500526100023,10372.80859,33,Model_2
3064311500526100024,6127.230957,33,Model_2
3064311500526100025,5031.834961,33,Model_2
3064311500526100027,4225.92041,33,Model_2
3064311500526100029,1495.343262,33,Model_2
3064311500526100030,4060.266845703125,33,Model_2
3064311500526100031,5772.240234,33,Model_2
3064311500526100032,6431.280762,33,Model_2
3064311500526100033,4221.467285,33,Model_2
3064311500526100034,5620.633789,33,Model_2
3064311500526100035,11736.70117,33,Model_2
3064311500526100036,5346.334961,33,Model_2
3064311500526100037,4793.205566,33,Model_2
3064311500526100038,3605.169434,33,Model_2
3064311500526100039,5753.872559,33,Model_2
3064311500526100040,3827.606934,33,Model_2
3064311500526100041,4395.211426,33,Model_2
3064311500526100042,2431.248047,33,Model_2
3064311500526100043,3959.069091796875,33,Model_2
3064311500526100044,2102.537353515625,33,Model_2
3064311500526100046,1193.727539,33,Model_2
3064311500526100047,3376.345703,33,Model_2
3064311500526100049,11290.19727,33,Model_2
3064311500526100050,2360.351563,33,Model_2
3064311500526100051,3506.265137,33,Model_2
3064311500526100052,8349.369141,33,Model_2
3064311500526100055,4428.776367,33,Model_2
3064311500526100056,6236.599121,33,Model_2
3064311500526100059,3681.436523,33,Model_2
3064311500526100060,614.8649291992188,33,Model_2
3064311500526100061,4112.064453,33,Model_2
3064311500526100062,3019.508056640625,33,Model_2
3064311500526100066,1194.267333984375,33,Model_2
3064311500526100067,833.9445801,33,Model_2
3064311500526100068,4607.313477,33,Model_2
3064311500526100070,5197.424805,33,Model_2
3064311500526100072,14298.08887,33,Model_2
3064311500526100073,7226.396973,33,Model_2
3064311500526100074,1567.908691,33,Model_2
3064311500526100075,10420.55176,33,Model_2
3064311500526100076,6909.710449,33,Model_2
3064311500526100077,1538.328125,33,Model_2
3064311500526100078,2368.261474609375,33,Model_2
3064311500526100080,2121.494141,33,Model_2
3064311500526100081,6413.139648,33,Model_2
3064311500526100083,2028.3016357421875,33,Model_2
3064311500526100084,12231.58301,33,Model_2
3064311500526100086,3352.950195,33,Model_2
3064311500526100087,6220.979004,33,Model_2
3064311500526100088,4138.313965,33,Model_2
3064311500526100089,5229.192383,33,Model_2
3064311500526100090,2878.90918,33,Model_2
3064311500526100091,3499.083251953125,33,Model_2
3064311500526100092,6675.979492,33,Model_2
3064311500526100094,3415.882324,33,Model_2
3064311500526100095,3143.382568359375,33,Model_2
3064311500526100096,5300.141602,33,Model_2
3064311500526100099,3332.607666015625,33,Model_2
3064311500526100100,5039.00293,33,Model_2
3064311500526100101,4124.467773,33,Model_2
3064311500526100102,5959.834473,33,Model_2
3064311500526100103,5298.877441,33,Model_2
3064311500526100104,3244.182129,33,Model_2
3064311500526100105,2710.532470703125,33,Model_2
3064311500526100106,3428.120361328125,33,Model_2
3064311500526100108,1266.972900390625,33,Model_2
3064311500526100110,3627.424805,33,Model_2
3064311500526100111,6188.399902,33,Model_2
3064311500526100112,1227.6353759765625,33,Model_2
3064311500526100114,10745.38672,33,Model_2
3064311500526100115,2489.750488,33,Model_2
3064311500526100116,5048.730469,33,Model_2
3064311500526100117,7444.772949,33,Model_2
3064311500526100118,3340.08252,33,Model_2
3064311500526100119,3836.049072265625,33,Model_2
3064311500526100120,9512.28418,33,Model_2
3064311500526100121,1341.371094,33,Model_2
3064311500526100123,3038.485595703125,33,Model_2
3064311500526100124,4963.341309,33,Model_2
3064311500526100125,3696.767333984375,33,Model_2
3064311500526100126,2961.476318359375,33,Model_2
3064311500526100127,9856.823242,33,Model_2
3064311500526100128,1443.8326416015625,33,Model_2
3064311500526100129,4158.086914,33,Model_2
3064311500526100130,12657.08496,33,Model_2
3064311500526100132,2302.973388671875,33,Model_2
3064311500526100133,7802.027344,33,Model_2
3064311500526100134,5585.226074,33,Model_2
3064311500526100135,4162.166992,33,Model_2
3064311500526100137,7591.587402,33,Model_2
3064311500526100138,5723.812012,33,Model_2
3064311500526100139,2536.539063,33,Model_2
3064311500526100142,2016.9322509765625,33,Model_2
3064311500526100143,10799.93359,33,Model_2
3064311500526100144,2966.647461,33,Model_2
3064311500526100145,523.5905151367188,33,Model_2
3064311500526100146,3659.238281,33,Model_2
3064311500526100147,3152.587646484375,33,Model_2
3064311500526100148,7721.878906,33,Model_2
3064311500526100149,8067.240723,33,Model_2
3064311500526100150,5105.717285,33,Model_2
3064311500526100152,8181.147461,33,Model_2
3064311500526100155,2539.157470703125,33,Model_2
3064311500526100158,4621.078125,33,Model_2
3064311500526100160,140.05880737304688,33,Model_2
3064311500526100170,3349.104248046875,33,Model_2
3064311500527100008,7595.703613,33,Model_2
3064311500527100016,968.9317626953124,33,Model_2
3064311500527100017,5706.703613,33,Model_2
3064311500527100022,4452.045898,33,Model_2
3064311500527100023,5699.320801,33,Model_2
3064311500527100026,4556.574219,33,Model_2
3064311500527100029,1801.398926,33,Model_2
3064311500527100030,9856.818359,33,Model_2
3064311500527100032,16533.67578,33,Model_2
3064311500527100034,1563.472412109375,33,Model_2
3064311500527100037,5831.673828,33,Model_2
3064311500527100038,4216.054688,33,Model_2
3064311500527100040,1005.128418,33,Model_2
3064311500527100042,4390.807129,33,Model_2
3064311500527100044,3436.980469,33,Model_2
3064311500527100045,3858.228516,33,Model_2
3064311500527100048,15450.16016,33,Model_2
3064311500527100050,8646.464844,33,Model_2
3064311500527100051,5813.548828,33,Model_2
3064311500527100052,3716.983887,33,Model_2
3064311500527100058,1918.523681640625,33,Model_2
3064311500527100059,557.7664184570312,33,Model_2
3064311500527100061,9010.478516,33,Model_2
3064311500527100062,7363.556641,33,Model_2
3064311500527100064,2501.205322265625,33,Model_2
3064311500527100065,7280.105469,33,Model_2
3064311500527100066,10949.86523,33,Model_2
3064311500527100069,2693.511719,33,Model_2
3064311500527100070,2211.575927734375,33,Model_2
3064311500527100071,2578.102294921875,33,Model_2
3064311500527100074,7383.555176,33,Model_2
3064311500527100075,6535.52832,33,Model_2
3064311500527100076,5525.80127,33,Model_2
3064311500527100078,3682.171875,33,Model_2
3064311500527100079,11918.24902,33,Model_2
3064311500527100080,3370.989746,33,Model_2
3064311500527100083,8181.217773,33,Model_2
3064311500527100084,5206.78125,33,Model_2
3064311500527100085,845.2911376953125,33,Model_2
3064311500527100086,3954.266113,33,Model_2
3064311500527100087,3220.265625,33,Model_2
3064311500527100090,1257.788086,33,Model_2
3064311500527100091,3953.949462890625,33,Model_2
3064311500527100092,1397.4088134765625,33,Model_2
3064311500527100093,4165.395508,33,Model_2
3064311500527100095,6948.692871,33,Model_2
3064311500527100096,2085.502197265625,33,Model_2
3064311500527100097,2702.254638671875,33,Model_2
3064311500527100098,8656.507813,33,Model_2
3064311500527100099,5015.021973,33,Model_2
3064311500527100101,5671.425293,33,Model_2
3064311500527100102,5615.100586,33,Model_2
3064311500527100103,6562.152344,33,Model_2
3064311500527100105,2900.166016,33,Model_2
3064311500527100107,4383.807129,33,Model_2
3064311500527100109,4369.119629,33,Model_2
3064311500527100110,5328.588379,33,Model_2
3064311500527100111,4900.929688,33,Model_2
3064311500527100112,857.9132080078125,33,Model_2
3064311500527100115,8658.142578,33,Model_2
3064311500527100116,8135.321777,33,Model_2
3064311500527100117,4381.809082,33,Model_2
3064311500527100119,5843.352051,33,Model_2
3064311500527100120,2047.813232421875,33,Model_2
3064311500527100123,2052.647461,33,Model_2
3064311500527100124,6922.178711,33,Model_2
3064311500527100125,4260.677734,33,Model_2
3064311500527100126,3973.719238,33,Model_2
3064311500527100127,11508.01758,33,Model_2
3064311500527100128,1816.220703,33,Model_2
3064311500527100129,6872.016602,33,Model_2
3064311500527100130,3847.699951171875,33,Model_2
3064311500527100133,5133.94043,33,Model_2
3064311500527100134,16261.00781,33,Model_2
3064311500527100136,5653.318848,33,Model_2
3064311500527100137,8483.948242,33,Model_2
3064311500527100138,3167.567626953125,33,Model_2
3064311500527100140,7241.777344,33,Model_2
3064311500527100141,5540.462402,33,Model_2
3064311500527100142,1599.214355,33,Model_2
3064311500527100144,4893.067871,33,Model_2
3064311500527100145,3370.917724609375,33,Model_2
3064311500527100146,9385.526367,33,Model_2
3064311500527100150,13011.13477,33,Model_2
3064311500527100151,4821.817383,33,Model_2
3064311500527100152,1050.566162109375,33,Model_2
3064311500527100155,9466.227539,33,Model_2
3064311500527100157,8259.983398,33,Model_2
3064311500527100158,3288.334473,33,Model_2
3064311500527100160,4752.496094,33,Model_2
3064311500527100162,3582.742919921875,33,Model_2
3064311500527100164,2048.118408203125,33,Model_2
3064311500527100165,3652.068848,33,Model_2
3064311500527100166,6565.649414,33,Model_2
3064311500527100167,2726.805664,33,Model_2
3064311500527100168,7620.778809,33,Model_2
3064311500527100169,1678.4805908203125,33,Model_2
3064311500527100171,5734.308105,33,Model_2
3064311500527100173,7257.617188,33,Model_2
3064311500527100175,2094.707275390625,33,Model_2
3064311500527100176,6476.966797,33,Model_2
3064311500527100179,8049.389648,33,Model_2
3064311500527100180,4970.050293,33,Model_2
3064311500527100181,3813.148926,33,Model_2
3064311500527100182,714.5230102539062,33,Model_2
3064311500527100183,603.0836181640625,33,Model_2
3064311500527100185,2264.962646484375,33,Model_2
3064311500527100186,4274.149414,33,Model_2
3064311500527100187,2162.475341796875,33,Model_2
3064311500527100188,2364.070068359375,33,Model_2
3064311500527100189,2580.534912109375,33,Model_2
3064311500527100190,6425.151367,33,Model_2
3064311500527100191,2792.478271484375,33,Model_2
3064311500527100192,6104.994629,33,Model_2
3064311500527100195,4734.494629,33,Model_2
3064311500527100196,4338.384766,33,Model_2
3064311500527100198,7584.205078,33,Model_2
3064311500527100199,1003.8571166992188,33,Model_2
3064311500527100200,7024.14209,33,Model_2
3064311500527100205,8864.50293,33,Model_2
3064311500527100206,3560.597900390625,33,Model_2
3064311500527100207,4067.680176,33,Model_2
3064311500527100212,8718.365234,33,Model_2
3064311500527100214,1969.86084,33,Model_2
3064311500527100215,8582.222656,33,Model_2
3064311500527100216,5042.129883,33,Model_2
3064311500527100217,4780.208008,33,Model_2
3064311500527100218,5113.242676,33,Model_2
3064311500527100219,2771.776611328125,33,Model_2
3064311500527100221,4705.293945,33,Model_2
3064311500527100224,4278.869629,33,Model_2
3064311500527100226,4965.852051,33,Model_2
3064311500527100228,4605.546875,33,Model_2
3064311500527100229,4866.67627,33,Model_2
3064311500527100230,5131.918945,33,Model_2
3064311500527100231,2487.324707,33,Model_2
3064311500527100233,6501.134277,33,Model_2
3064311500528100017,5415.336914,33,Model_2
3064311500528100020,4228.038086,33,Model_2
3064311500528100021,5481.043457,33,Model_2
3064311500528100022,3776.400146484375,33,Model_2
3064311500528100024,4686.818359,33,Model_2
3064311500528100025,4570.904297,33,Model_2
3064311500528100026,3253.751708984375,33,Model_2
3064311500528100029,3676.206055,33,Model_2
3064311500528100033,1524.4847412109375,33,Model_2
3064311500528100037,6278.760254,33,Model_2
3064311500528100038,2848.060791015625,33,Model_2
3064311500528100045,1383.331543,33,Model_2
3064311500528100046,6643.812988,33,Model_2
3064311500528100050,2078.835693359375,33,Model_2
3064311500528100052,4256.087891,33,Model_2
3064311500528100053,4556.875488,33,Model_2
3064311500528100059,2248.815673828125,33,Model_2
3064311500528100061,3956.837646484375,33,Model_2
3064311500528100063,3993.654052734375,33,Model_2
3064311500528100064,4087.274658203125,33,Model_2
3064311500528100067,2997.908447265625,33,Model_2
3064311500528100068,5491.754395,33,Model_2
3064311500528100070,1892.405273,33,Model_2
3064311500528100072,4401.52002,33,Model_2
3064311500528100076,3217.918457,33,Model_2
3064311500528100079,1811.8275146484375,33,Model_2
3064311500528100080,3382.605957,33,Model_2
3064311500528100081,8023.260742,33,Model_2
3064311500528100083,10791.90723,33,Model_2
3064311500528100084,6324.947266,33,Model_2
3064311500528100088,3697.986328,33,Model_2
3064311500528100089,7067.459473,33,Model_2
3064311500528100090,5741.786621,33,Model_2
3064311500528100091,10230.76172,33,Model_2
3064311500528100093,4542.231934,33,Model_2
3064311500528100094,7055.717773,33,Model_2
3064311500528100098,3984.340332,33,Model_2
3064311500528100104,3410.658447265625,33,Model_2
3064311500532100006,3545.507324,5,Model_2
3064311500532100010,11008.4502,5,Model_2
3064311500532100013,7124.441895,5,Model_2
3064311500532100014,1928.2957763671875,5,Model_2
3064311500532100017,3512.447021484375,5,Model_2
3064311500532100019,7862.132324,5,Model_2
3064311500532100020,10289.70801,5,Model_2
3064311500532100021,6806.75293,5,Model_2
3064311500532100022,8998.241211,5,Model_2
3064311500532100023,9838.601563,5,Model_2
3064311500532100024,6284.800781,5,Model_2
3064311500532100025,9474.536133,5,Model_2
3064311500532100026,9938.204102,5,Model_2
3064311500532100028,4813.206543,5,Model_2
3064311500532100029,16276.36328,5,Model_2
3064311500532100030,7852.217773,5,Model_2
3064311500532100032,11746.63379,5,Model_2
3064311500532100034,5387.384277,5,Model_2
3064311500532100035,4655.254395,5,Model_2
3064311500532100036,5541.485352,5,Model_2
3064311500532100038,6877.907715,5,Model_2
3064311500532100039,9255.876953,5,Model_2
3064311500532100040,4557.65332,5,Model_2
3064311500532100042,6973.379883,5,Model_2
3064311500532100045,9601.992188,5,Model_2
3064311500532100046,8327.960938,5,Model_2
3064311500532100047,10400.60547,5,Model_2
3064311500532100048,5431.933105,5,Model_2
3064311500532100050,19864.0332,5,Model_2
3064311500532100056,4965.64209,5,Model_2
3064311500532100058,7085.420898,5,Model_2
3064311500533100003,29417.08789,5,Model_2
3064311500533100009,4045.805908203125,5,Model_2
3064311500533100011,5770.034668,5,Model_2
3064311500533100015,7492.006348,5,Model_2
3064311500533100016,8306.575195,5,Model_2
3064311500533100017,6802.512207,5,Model_2
3064311500533100018,3493.671387,5,Model_2
3064311500533100019,11232.10645,5,Model_2
3064311500533100020,4991.259277,5,Model_2
3064311500533100021,10994.0918,5,Model_2
3064311500533100027,6958.224609,5,Model_2
3064311500533100028,8419.232422,5,Model_2
3064311500533100029,4789.523438,5,Model_2
3064311500533100030,5945.571289,5,Model_2
3064311500533100031,9624.410156,5,Model_2
3064311500533100032,15067.9043,5,Model_2
3064311500533100033,1405.1346435546875,5,Model_2
3064311500533100034,4744.786133,5,Model_2
3064311500533100035,1419.2218017578125,5,Model_2
3064311500533100036,18639.93945,5,Model_2
3064311500533100037,6130.464355,5,Model_2
3064311500533100040,6630.754395,5,Model_2
3064311500533100041,8814.31543,5,Model_2
3064311500533100042,9243.389648,5,Model_2
3064311500533100043,7811.79834,5,Model_2
3064311500533100044,439.34088134765625,5,Model_2
3064311500533100046,6997.32666,5,Model_2
3064311500533100047,3139.053223,5,Model_2
3064311500533100048,4816.679199,5,Model_2
3064311500533100049,11100.99121,5,Model_2
3064311500533100050,4885.680176,5,Model_2
3064311500533100051,8545.12207,5,Model_2
3064311500533100052,6909.570313,5,Model_2
3064311500533100053,2963.200439453125,5,Model_2
3064311500533100054,6875.695313,5,Model_2
3064311500533100056,5961.28125,5,Model_2
3064311500533100058,10694.50098,5,Model_2
3064311500533100059,7684.668945,5,Model_2
3064311500533100060,5710.437012,5,Model_2
3064311500533100061,5396.543457,5,Model_2
3064311500533100063,3982.578125,5,Model_2
3064311500533100064,3988.240478515625,5,Model_2
3064311500533100065,1387.4544677734375,5,Model_2
3064311500533100066,4516.674805,5,Model_2
3064311500533100067,4798.22998,5,Model_2
3064311500533100068,5926.553711,5,Model_2
3064311500533100069,6970.968262,5,Model_2
3064311500533100070,10290.9834,5,Model_2
3064311500533100071,9541.951172,5,Model_2
3064311500533100072,10329.22656,5,Model_2
3064311500533100073,6528.264648,5,Model_2
3064311500533100074,7185.875488,5,Model_2
3064311500533100076,3344.537353515625,5,Model_2
3064311500533100077,4699.471191,5,Model_2
3064311500533100078,4341.588379,5,Model_2
3064311500533100079,8792.783203,5,Model_2
3064311500533100081,5556.631348,5,Model_2
3064311500533100082,1723.827392578125,5,Model_2
3064311500533100083,5836.977051,5,Model_2
3064311500533100086,9790.688477,5,Model_2
3064311500533100087,4888.892578,5,Model_2
3064311500533100088,9807.135742,5,Model_2
3064311500533100089,8151.875,5,Model_2
3064311500533100090,3402.362548828125,5,Model_2
3064311500533100091,10325.64941,5,Model_2
3064311500533100092,4855.414063,5,Model_2
3064311500533100093,174.13096618652344,5,Model_2
3064311500533100094,8308.425781,5,Model_2
3064311500533100095,7034.095215,5,Model_2
3064311500533100096,8076.537109,5,Model_2
3064311500533100097,2651.612548828125,5,Model_2
3064311500533100098,5330.699707,5,Model_2
3064311500533100099,1155.6363525390625,5,Model_2
3064311500533100100,12802.41992,5,Model_2
3064311500533100101,3812.549560546875,5,Model_2
3064311500533100102,227.25047302246097,5,Model_2
3064311500533100103,2127.381348,5,Model_2
3064311500533100104,3548.245849609375,5,Model_2
3064311500534100012,8770.791992,5,Model_2
3064311500534100016,3191.870117,5,Model_2
3064311500534100018,3974.040771484375,5,Model_2
3064311500534100019,853.8231201171875,5,Model_2
3064311500534100020,5963.671875,5,Model_2
3064311500534100022,2335.882324,5,Model_2
3064311500534100023,1079.8663330078125,5,Model_2
3064311500534100024,3579.760498046875,5,Model_2
3064311500534100025,2681.252685546875,5,Model_2
3064311500534100026,396.5220642089844,5,Model_2
3064311500534100027,4020.813232421875,5,Model_2
3064311500534100028,2610.77002,5,Model_2
3064311500534100029,3815.315918,5,Model_2
3064311500534100030,4220.085938,5,Model_2
3064311500534100031,2787.358398,5,Model_2
3064311500534100033,2887.223145,5,Model_2
3064311500534100034,3776.936035,5,Model_2
3064311500534100036,2667.580078,5,Model_2
3064311500534100038,2282.487793,5,Model_2
3064311500534100039,2454.035888671875,5,Model_2
3064311500534100040,2578.692871,5,Model_2
3064311500534100043,921.0625,5,Model_2
3064311500534100046,168.3447266,5,Model_2
3064311500534100051,1139.403076171875,5,Model_2
3064311500534100064,3467.724609,5,Model_2
3064311500534100069,4337.390625,5,Model_2
3064311500536100008,4821.521973,9,Model_2
3064311500536100010,486.8489074707031,9,Model_2
3064311500536100012,7844.777344,9,Model_2
3064311500536100014,6310.499512,9,Model_2
3064311500536100015,6157.030273,9,Model_2
3064311500536100018,4237.482422,9,Model_2
3064311500536100020,4461.563965,9,Model_2
3064311500536100023,5353.293945,9,Model_2
3064311500536100025,5830.220703,9,Model_2
3064311500536100027,3482.641602,9,Model_2
3064311500536100031,5369.808594,9,Model_2
3064311500536100041,6813.313477,9,Model_2
3064311500536100051,2696.291259765625,9,Model_2
3064311500537100006,1966.777587890625,9,Model_2
3064311500537100007,1766.392333984375,9,Model_2
3064311500537100011,7605.78125,9,Model_2
3064311500537100012,3494.035645,9,Model_2
3064311500537100015,7758.987305,9,Model_2
3064311500537100017,11998.53613,9,Model_2
3064311500537100020,9542.742188,9,Model_2
3064311500537100022,976.5316162109376,9,Model_2
3064311500537100023,18407.7832,9,Model_2
3064311500537100024,5688.211914,9,Model_2
3064311500537100025,10860.56934,9,Model_2
3064311500537100027,782.4044799804688,9,Model_2
3064311500537100028,8006.240723,9,Model_2
3064311500537100029,2793.249023,9,Model_2
3064311500537100030,17276.20508,9,Model_2
3064311500537100031,6882.973633,9,Model_2
3064311500537100033,11820.44922,9,Model_2
3064311500537100035,1249.9495849609375,9,Model_2
3064311500537100038,5426.544434,9,Model_2
3064311500537100039,1356.049072265625,9,Model_2
3064311500537100040,12897.77148,9,Model_2
3064311500537100041,21343.37695,9,Model_2
3064311500537100042,8778.729492,9,Model_2
3064311500537100043,5368.537598,9,Model_2
3064311500537100045,348.9400634765625,9,Model_2
3064311500537100046,12250.0459,9,Model_2
3064311500537100048,4115.179688,9,Model_2
3064311500537100049,4772.156738,9,Model_2
3064311500537100050,231.01805114746097,9,Model_2
3064311500537100052,5721.327148,9,Model_2
3064311500537100053,5701.45752,9,Model_2
3064311500537100054,29325.51563,9,Model_2
3064311500537100056,11363.53809,9,Model_2
3064311500537100057,2459.249512,9,Model_2
3064311500537100058,5349.526367,9,Model_2
3064311500537100059,2773.259766,9,Model_2
3064311500537100060,2805.485352,9,Model_2
3064311500537100061,3379.228027,9,Model_2
3064311500537100062,10600.08496,9,Model_2
3064311500537100064,4838.284668,9,Model_2
3064311500537100065,16852.32031,9,Model_2
3064311500537100066,2484.914063,9,Model_2
3064311500537100067,6861.0625,9,Model_2
3064311500537100068,5511.611328,9,Model_2
3064311500537100069,12916.86035,9,Model_2
3064311500537100070,3078.600830078125,9,Model_2
3064311500537100071,5850.65918,9,Model_2
3064311500537100073,5628.728027,9,Model_2
3064311500537100074,5396.256836,9,Model_2
3064311500537100075,11587.51953,9,Model_2
3064311500537100076,5291.756836,9,Model_2
3064311500537100077,6361.816406,9,Model_2
3064311500537100078,3540.499755859375,9,Model_2
3064311500537100079,4246.710449,9,Model_2
3064311500537100080,6807.197754,9,Model_2
3064311500537100081,6014.409668,9,Model_2
3064311500537100082,7673.41748,9,Model_2
3064311500537100083,8777.932617,9,Model_2
3064311500537100084,3143.568848,9,Model_2
3064311500537100085,4448.327148,9,Model_2
3064311500537100086,13961.36133,9,Model_2
3064311500537100087,8989.945313,9,Model_2
3064311500537100088,6412.180664,9,Model_2
3064311500537100089,2331.283691,9,Model_2
3064311500537100090,8656.393555,9,Model_2
3064311500537100092,5879.231934,9,Model_2
3064311500537100093,3289.276855,9,Model_2
3064311500537100096,3256.188720703125,9,Model_2
3064311500537100097,8943.983398,9,Model_2
3064311500537100098,5748.640625,9,Model_2
3064311500537100099,7095.630371,9,Model_2
3064311500537100100,8305.926758,9,Model_2
3064311500537100101,7025.02832,9,Model_2
3064311500537100102,7143.072266,9,Model_2
3064311500537100104,5138.785645,9,Model_2
3064311500537100105,5746.539063,9,Model_2
3064311500537100106,4113.490234,9,Model_2
3064311500537100107,5687.675781,9,Model_2
3064311500537100111,6614.728027,9,Model_2
3064311500537100112,12452.68457,9,Model_2
3064311500537100113,8184.844727,9,Model_2
3064311500537100115,7375.296387,9,Model_2
3064311500537100116,4347.80957,9,Model_2
3064311500537100117,4830.430664,9,Model_2
3064311500537100118,8788.741211,9,Model_2
3064311500537100119,5001.324707,9,Model_2
3064311500537100121,2358.700195,9,Model_2
3064311500537100122,491.8849792480469,9,Model_2
3064311500537100123,1631.898926,9,Model_2
3064311500537100124,7874.344238,9,Model_2
3064311500537100125,3172.222656,9,Model_2
3064311500537100126,5224.041992,9,Model_2
3064311500537100127,1432.9683837890625,9,Model_2
3064311500537100128,1998.098388671875,9,Model_2
3064311500537100130,2755.94043,9,Model_2
3064311500537100131,6032.88623,9,Model_2
3064311500537100132,3255.189208984375,9,Model_2
3064311500537100133,5602.383301,9,Model_2
3064311500537100134,5280.714844,9,Model_2
3064311500537100135,3657.973633,9,Model_2
3064311500537100137,2632.424316,9,Model_2
3064311500538100007,5594.088379,9,Model_2
3064311500538100008,1274.411865234375,9,Model_2
3064311500538100012,799.1727905273438,9,Model_2
3064311500538100013,6166.12793,9,Model_2
3064311500538100014,4890.846191,9,Model_2
3064311500538100016,10241.63867,9,Model_2
3064311500538100020,3671.366699,9,Model_2
3064311500538100021,5616.815918,9,Model_2
3064311500538100022,353.87298583984375,9,Model_2
3064311500538100023,6495.570313,9,Model_2
3064311500538100024,6304.324707,9,Model_2
3064311500538100025,4789.927734,9,Model_2
3064311500538100026,7665.83252,9,Model_2
3064311500538100027,3307.683105,9,Model_2
3064311500538100028,1370.3927001953125,9,Model_2
3064311500538100029,4799.410645,9,Model_2
3064311500538100030,6272.702637,9,Model_2
3064311500538100031,6529.720703,9,Model_2
3064311500538100032,9238.411133,9,Model_2
3064311500538100033,5244.501465,9,Model_2
3064311500538100034,3324.677246,9,Model_2
3064311500538100035,7378.387695,9,Model_2
3064311500538100036,7968.456543,9,Model_2
3064311500538100037,6034.681641,9,Model_2
3064311500538100038,5439.603027,9,Model_2
3064311500538100039,9887.853516,9,Model_2
3064311500538100040,4360.221191,9,Model_2
3064311500538100041,7469.094238,9,Model_2
3064311500538100042,8171.90332,9,Model_2
3064311500538100044,14554.94434,9,Model_2
3064311500538100045,7078.102539,9,Model_2
3064311500538100046,4306.321289,9,Model_2
3064311500538100047,5631.427246,9,Model_2
3064311500538100048,7287.749512,9,Model_2
3064311500538100049,2771.300293,9,Model_2
3064311500538100050,5052.503418,9,Model_2
3064311500538100051,3311.993408203125,9,Model_2
3064311500538100052,6611.028809,9,Model_2
3064311500538100053,2333.004150390625,9,Model_2
3064311500538100054,5552.359863,9,Model_2
3064311500538100055,3898.411621,9,Model_2
3064311500538100056,7000.722656,9,Model_2
3064311500538100057,4710.793945,9,Model_2
3064311500538100058,7598.381348,9,Model_2
3064311500538100059,4706.229004,9,Model_2
3064311500538100061,3865.785156,9,Model_2
3064311500538100062,2666.228759765625,9,Model_2
3064311500538100064,10000.24512,9,Model_2
3064311500538100065,3527.597168,9,Model_2
3064311500538100067,5053.270996,9,Model_2
3064311500538100068,5290.041016,9,Model_2
3064311500538100069,4437.805664,9,Model_2
3064311500538100070,4142.850098,9,Model_2
3064311500538100071,551.0216064453125,9,Model_2
3064311500538100072,1853.2769775390625,9,Model_2
3064311500538100075,5069.558105,9,Model_2
3064311500538100076,5643.649902,9,Model_2
3064311500538100078,4656.249512,9,Model_2
3064311500538100079,9202.192383,9,Model_2
3064311500538100082,3152.319091796875,9,Model_2
3064311500538100083,4622.59082,9,Model_2
3064311500539100008,4369.400391,9,Model_2
3064311500539100013,7899.084961,9,Model_2
3064311500539100022,5217.588867,9,Model_2
3064311500539100027,2811.648681640625,9,Model_2
3064311500540100010,4875.618652,15,Model_2
3064311500540100013,10214.59277,15,Model_2
3064311500540100015,5082.047363,15,Model_2
3064311500540100019,3154.230957,15,Model_2
3064311500540100020,7124.68457,15,Model_2
3064311500540100021,1706.1334228515625,15,Model_2
3064311500540100027,5880.418945,15,Model_2
3064311500541100001,2187.01709,15,Model_2
3064311500541100005,2098.375,15,Model_2
3064311500541100007,6235.29248,15,Model_2
3064311500541100014,13856.88672,15,Model_2
3064311500541100018,17555.07031,15,Model_2
3064311500541100023,8698.615234,15,Model_2
3064311500541100027,4500.857422,15,Model_2
3064311500541100028,7816.543457,15,Model_2
3064311500541100031,4819.380371,15,Model_2
3064311500541100032,7383.070801,15,Model_2
3064311500541100033,11998.26953,15,Model_2
3064311500541100034,5941.157227,15,Model_2
3064311500541100036,8979.657227,15,Model_2
3064311500541100039,733.9637451171875,15,Model_2
3064311500541100040,9998.644531,15,Model_2
3064311500541100042,1162.160156,15,Model_2
3064311500541100043,7565.814941,15,Model_2
3064311500541100044,13738.72363,15,Model_2
3064311500541100045,14100.74219,15,Model_2
3064311500541100046,587.1732177734375,15,Model_2
3064311500541100047,972.5159301757812,15,Model_2
3064311500541100048,4660.053711,15,Model_2
3064311500541100051,7118.534668,15,Model_2
3064311500541100052,4905.610352,15,Model_2
3064311500541100053,5112.958008,15,Model_2
3064311500541100058,4021.32373,15,Model_2
3064311500541100059,1815.109375,15,Model_2
3064311500541100060,5297.446777,15,Model_2
3064311500541100061,3763.257813,15,Model_2
3064311500541100062,7290.679199,15,Model_2
3064311500541100064,6098.633301,15,Model_2
3064311500541100065,2033.6947021484375,15,Model_2
3064311500541100066,3739.605712890625,15,Model_2
3064311500541100067,1965.8116455078125,15,Model_2
3064311500541100068,4530.585449,15,Model_2
3064311500541100069,4069.228516,15,Model_2
3064311500541100072,2930.950195,15,Model_2
3064311500541100073,2970.762695,15,Model_2
3064311500541100076,4178.614746,15,Model_2
3064311500541100077,7392.731934,15,Model_2
3064311500541100078,13304.99805,15,Model_2
3064311500541100079,9310.894531,15,Model_2
3064311500541100080,4731.67041,15,Model_2
3064311500541100081,5771.010254,15,Model_2
3064311500541100082,4560.339844,15,Model_2
3064311500541100083,5103.575684,15,Model_2
3064311500541100084,2503.211426,15,Model_2
3064311500541100085,2066.678223,15,Model_2
3064311500541100086,2355.675293,15,Model_2
3064311500541100087,4697.302734,15,Model_2
3064311500541100089,6381.664063,15,Model_2
3064311500541100090,4074.220215,15,Model_2
3064311500541100092,4347.53125,15,Model_2
3064311500541100093,7479.556641,15,Model_2
3064311500541100094,5160.134766,15,Model_2
3064311500541100095,3099.900879,15,Model_2
3064311500541100097,471.7779235839844,15,Model_2
3064311500541100098,3198.596435546875,15,Model_2
3064311500541100100,8379.830078,15,Model_2
3064311500541100101,5234.608887,15,Model_2
3064311500541100103,1503.109375,15,Model_2
3064311500541100104,8628.455078,15,Model_2
3064311500541100105,4718.820801,15,Model_2
3064311500541100106,2553.604736328125,15,Model_2
3064311500541100107,2897.678955078125,15,Model_2
3064311500541100108,8155.355957,15,Model_2
3064311500541100109,10019.55176,15,Model_2
3064311500541100110,6506.09668,15,Model_2
3064311500541100112,9234.300781,15,Model_2
3064311500541100113,5212.478027,15,Model_2
3064311500542100008,8997.525391,15,Model_2
3064311500542100012,5326.577637,15,Model_2
3064311500542100013,5186.831543,15,Model_2
3064311500542100015,13551.06348,15,Model_2
3064311500542100017,6507.712891,15,Model_2
3064311500542100021,7274.517578,15,Model_2
3064311500542100023,1463.057861328125,15,Model_2
3064311500542100024,1770.0870361328125,15,Model_2
3064311500542100025,6667.419922,15,Model_2
3064311500542100027,10778.2168,15,Model_2
3064311500542100028,8578.854492,15,Model_2
3064311500542100029,5214.414063,15,Model_2
3064311500542100030,13395.57617,15,Model_2
3064311500542100033,11568.2334,15,Model_2
3064311500542100035,2912.509766,15,Model_2
3064311500542100036,878.2239990234375,15,Model_2
3064311500542100038,7511.967285,15,Model_2
3064311500542100039,4098.163574,15,Model_2
3064311500542100041,4563.256348,15,Model_2
3064311500542100042,6801.419922,15,Model_2
3064311500542100043,8462.521484,15,Model_2
3064311500542100044,4088.607666015625,15,Model_2
3064311500542100049,6903.855469,15,Model_2
3064311500542100052,589.8994750976562,15,Model_2
3064311500542100053,6881.790039,15,Model_2
3064311500542100054,6172.652344,15,Model_2
3064311500542100055,8997.753906,15,Model_2
3064311500542100056,3001.353027,15,Model_2
3064311500542100057,5615.641113,15,Model_2
3064311500542100059,5669.82959,15,Model_2
3064311500542100060,6172.952637,15,Model_2
3064311500542100062,4838.400391,15,Model_2
3064311500542100064,6837.455566,15,Model_2
3064311500542100066,14901.41016,15,Model_2
3064311500542100067,4107.284668,15,Model_2
3064311500542100068,8110.70752,15,Model_2
3064311500542100069,5668.969238,15,Model_2
3064311500542100070,7073.744141,15,Model_2
3064311500542100071,4878.024414,15,Model_2
3064311500542100072,9008.399414,15,Model_2
3064311500542100073,6024.525391,15,Model_2
3064311500542100076,5038.646484,15,Model_2
3064311500542100077,13802.85059,15,Model_2
3064311500542100081,3422.980469,15,Model_2
3064311500545100015,11335.46484,30,Model_2
3064311500545100021,5439.130371,30,Model_2
3064311500545100022,13237.24512,30,Model_2
3064311500545100023,4308.21582,30,Model_2
3064311500545100028,17038.70313,30,Model_2
3064311500545100029,3878.751708984375,30,Model_2
3064311500545100030,11033.87012,30,Model_2
3064311500545100031,3692.603759765625,30,Model_2
3064311500545100032,8195.735352,30,Model_2
3064311500545100034,5284.85791,30,Model_2
3064311500545100035,6708.380859,30,Model_2
3064311500545100036,4701.539063,30,Model_2
3064311500545100039,4576.116211,30,Model_2
3064311500545100041,4539.479492,30,Model_2
3064311500545100042,15288.60059,30,Model_2
3064311500545100043,7161.469727,30,Model_2
3064311500545100044,6890.007324,30,Model_2
3064311500545100046,9197.057617,30,Model_2
3064311500545100047,5741.645996,30,Model_2
3064311500545100048,6791.40918,30,Model_2
3064311500545100049,5280.794922,30,Model_2
3064311500545100050,9962.228516,30,Model_2
3064311500545100052,7002.993652,30,Model_2
3064311500545100054,3073.477539,30,Model_2
3064311500545100055,1636.292236328125,30,Model_2
3064311500545100056,2408.011474609375,30,Model_2
3064311500545100057,3417.806884765625,30,Model_2
3064311500545100059,7136.335449,30,Model_2
3064311500545100060,5153.146973,30,Model_2
3064311500545100061,7608.743164,30,Model_2
3064311500545100062,10367.1709,30,Model_2
3064311500545100064,4878.723633,30,Model_2
3064311500545100066,7759.440918,30,Model_2
3064311500545100068,5707.187988,30,Model_2
3064311500545100070,4435.291016,30,Model_2
3064311500545100071,17561.33594,30,Model_2
3064311500545100072,13527.68359,30,Model_2
3064311500545100073,6916.670898,30,Model_2
3064311500545100074,8442.707031,30,Model_2
3064311500545100075,8289.624023,30,Model_2
3064311500546100020,5082.978516,30,Model_2
3064311500546100022,4712.124023,30,Model_2
3064311500546100024,4140.100098,30,Model_2
3064311500546100027,1453.730224609375,30,Model_2
3064311500546100030,1286.289794921875,30,Model_2
3064311500546100035,2065.883789,30,Model_2
3064311500546100036,4913.28418,30,Model_2
3064311500546100037,4541.383789,30,Model_2
3064311500546100038,2911.816406,30,Model_2
3064311500546100039,4401.84082,30,Model_2
3064311500546100041,3097.599853515625,30,Model_2
3064311500546100044,1004.157470703125,30,Model_2
3064311500546100046,4715.189453,30,Model_2
3064311500546100048,4633.493164,30,Model_2
3064311500546100051,3811.785888671875,30,Model_2
3064311500546100052,3933.562988,30,Model_2
3064311500546100053,5035.984375,30,Model_2
3064311500546100054,5120.489258,30,Model_2
3064311500546100055,1993.063477,30,Model_2
3064311500546100056,5439.766113,30,Model_2
3064311500546100058,2771.15625,30,Model_2
3064311500546100059,5652.193359,30,Model_2
3064311500546100060,2696.226806640625,30,Model_2
3064311500546100062,6205.480469,30,Model_2
3064311500546100063,2663.751953,30,Model_2
3064311500546100064,3618.613525390625,30,Model_2
3064311500546100065,3901.570313,30,Model_2
3064311500546100066,3561.050293,30,Model_2
3064311500546100067,6320.770508,30,Model_2
3064311500546100068,4873.411133,30,Model_2
3064311500546100069,8995.458984,30,Model_2
3064311500546100070,3032.60498,30,Model_2
3064311500546100071,4708.469727,30,Model_2
3064311500546100072,3538.954833984375,30,Model_2
3064311500546100073,1564.048828,30,Model_2
3064311500546100075,1176.317871,30,Model_2
3064311500546100077,3776.523193359375,30,Model_2
3064311500546100079,1535.944091796875,30,Model_2
3064311500546100080,8304.966797,30,Model_2
3064311500546100081,3883.47168,30,Model_2
3064311500546100082,4317.07666,30,Model_2
3064311500546100084,4506.16748,30,Model_2
3064311500546100085,2795.835938,30,Model_2
3064311500546100086,3380.476074,30,Model_2
3064311500546100087,9998.990234,30,Model_2
3064311500546100088,3942.089355,30,Model_2
3064311500546100089,3059.110595703125,30,Model_2
3064311500546100090,7244.602539,30,Model_2
3064311500546100091,5393.152832,30,Model_2
3064311500546100092,3470.089599609375,30,Model_2
3064311500546100093,3431.830078,30,Model_2
3064311500546100095,1025.4605712890625,30,Model_2
3064311500546100096,9062.970703,30,Model_2
3064311500546100097,7500.902344,30,Model_2
3064311500546100098,11283.86914,30,Model_2
3064311500546100099,7938.479492,30,Model_2
3064311500546100100,3056.355712890625,30,Model_2
3064311500546100101,5870.282715,30,Model_2
3064311500549100028,7463.021484,33,Model_2
3064311500549100030,3623.293945,33,Model_2
3064311500549100036,6787.858398,33,Model_2
3064311500549100039,4680.414063,33,Model_2
3064311500549100040,1833.7059326171875,33,Model_2
3064311500549100041,3418.251953,33,Model_2
3064311500549100042,7162.700195,33,Model_2
3064311500549100043,2734.687255859375,33,Model_2
3064311500549100046,5072.789551,33,Model_2
3064311500549100047,2682.478516,33,Model_2
3064311500549100048,6317.032715,33,Model_2
3064311500549100056,6417.219727,33,Model_2
3064311500549100058,3143.439941,33,Model_2
3064311500549100059,3954.875488,33,Model_2
3064311500549100061,6411.258789,33,Model_2
3064311500549100064,4696.481934,33,Model_2
3064311500549100065,5564.609863,33,Model_2
3064311500549100066,6341.307617,33,Model_2
3064311500549100070,8509.106445,33,Model_2
3064311500549100071,2416.696289,33,Model_2
3064311500549100075,1747.8543701171875,33,Model_2
3064311500549100076,6275.211426,33,Model_2
3064311500549100084,6162.897949,33,Model_2
3064311500549100085,4961.203125,33,Model_2
3064311500549100088,1228.4918212890625,33,Model_2
3064311500549100090,4494.620117,33,Model_2
3064311500549100091,1728.151367,33,Model_2
3064311500549100092,4959.223145,33,Model_2
3064311500549100093,11436.23438,33,Model_2
3064311500549100097,3349.87793,33,Model_2
3064311500549100098,3512.64502,33,Model_2
3064311500549100102,4210.21582,33,Model_2
3064311500549100108,3274.479004,33,Model_2
3064311500549100109,2785.920166015625,33,Model_2
3064311500550100021,2872.792724609375,33,Model_2
3064311500550100032,3741.263916015625,33,Model_2
3064311500550100039,3359.45459,33,Model_2
3064311500550100046,13422.99023,33,Model_2
3064311500550100048,3220.991455078125,33,Model_2
3064311500550100049,4806.606445,33,Model_2
3064311500550100051,5512.475586,33,Model_2
3064311500550100053,3834.120361328125,33,Model_2
3064311500550100054,5207.789063,33,Model_2
3064311500550100057,3193.117431640625,33,Model_2
3064311500550100058,7319.382324,33,Model_2
3064311500550100060,4496.23291,33,Model_2
3064311500550100061,9274.34375,33,Model_2
3064311500550100062,4374.586914,33,Model_2
3064311500550100064,6614.99707,33,Model_2
3064311500550100066,2963.594727,33,Model_2
3064311500550100067,4339.951172,33,Model_2
3064311500550100068,4468.770508,33,Model_2
3064311500550100070,2880.010009765625,33,Model_2
3064311500550100071,6467.808105,33,Model_2
3064311500550100073,4014.394043,33,Model_2
3064311500550100075,2505.092285,33,Model_2
3064311500550100076,11024.79297,33,Model_2
3064311500550100077,5520.862305,33,Model_2
3064311500550100080,3179.594727,33,Model_2
3064311500550100081,7060.599609,33,Model_2
3064311500550100083,2315.652587890625,33,Model_2
3064311500550100085,8464.125977,33,Model_2
3064311500550100086,4506.478027,33,Model_2
3064311500550100087,5805.138184,33,Model_2
3064311500550100088,5650.79248,33,Model_2
3064311500550100089,6606.118164,33,Model_2
3064311500550100090,2578.900879,33,Model_2
3064311500550100091,6097.722168,33,Model_2
3064311500550100093,3739.056396484375,33,Model_2
3064311500550100094,2280.588867,33,Model_2
3064311500550100095,2851.033447265625,33,Model_2
3064311500550100096,3726.523681640625,33,Model_2
3064311500550100097,7630.069336,33,Model_2
3064311500550100098,4158.988281,33,Model_2
3064311500550100100,2629.959961,33,Model_2
3064311500550100101,5840.908203,33,Model_2
3064311500550100102,10770.40234,33,Model_2
3064311500550100103,4085.990966796875,33,Model_2
3064311500550100104,2334.42334,33,Model_2
3064311500550100107,6567.051758,33,Model_2
3064311500550100108,17752.24609,33,Model_2
3064311500550100110,4615.180176,33,Model_2
3064311500550100111,3592.876465,33,Model_2
3064311500550100112,2636.907227,33,Model_2
3064311500550100113,2193.844238,33,Model_2
3064311500550100114,2820.154785,33,Model_2
3064311500550100116,1020.4630126953124,33,Model_2
3064311500550100117,4391.919922,33,Model_2
3064311500550100118,4576.197266,33,Model_2
3064311500550100119,8352.702148,33,Model_2
3064311500550100120,7587.106445,33,Model_2
3064311500550100121,2581.646973,33,Model_2
3064311500550100122,3294.775391,33,Model_2
3064311500550100123,5101.908203,33,Model_2
3064311500550100124,6404.088867,33,Model_2
3064311500550100125,8924.576172,33,Model_2
3064311500550100126,7530.736328,33,Model_2
3064311500551100005,11622.63281,33,Model_2
3064311500551100014,5973.162109,33,Model_2
3064311500551100015,3890.900146484375,33,Model_2
3064311500551100022,8358.350586,33,Model_2
3064311500551100025,7307.381348,33,Model_2
3064311500579100005,18916.44922,6,Model_2
3064311500579100007,5332.121582,6,Model_2
3064311500579100008,29737.78516,6,Model_2
3064311500579100009,22683.47852,6,Model_2
3064311500579100010,7096.974609,6,Model_2
3064311500579100011,2365.812988,6,Model_2
3064311500579100012,4899.529785,6,Model_2
3064311500579100013,8138.064453,6,Model_2
3064311500579100016,7183.725586,6,Model_2
3064311500579100017,4599.070801,6,Model_2
3064311500579100018,6569.349609,6,Model_2
3064311500579100020,6085.914551,6,Model_2
3064311500579100021,4769.085449,6,Model_2
3064311500579100022,18167.84961,6,Model_2
3064311500579100023,16754.69922,6,Model_2
3064311500579100027,3975.204102,6,Model_2
3064311500579100028,4363.091797,6,Model_2
3064311500579100029,6528.299316,6,Model_2
3064311500579100030,6049.230957,6,Model_2
3064311500579100033,5787.76416,6,Model_2
3064311500580100016,17092.39648,6,Model_2
3064311500580100017,23486.45898,6,Model_2
3064311500580100018,1436.7943115234375,6,Model_2
3064311500580100019,6032.766602,6,Model_2
3064311500580100020,9934.610352,6,Model_2
3064311500580100023,4808.325195,6,Model_2
3064311500580100024,6560.899414,6,Model_2
3064311500580100026,9945.003906,6,Model_2
3064311500580100027,18361.47461,6,Model_2
3064311500580100028,8405.402344,6,Model_2
3064311500580100029,8788.969727,6,Model_2
3064311500580100030,9380.897461,6,Model_2
3064311500580100031,24427.88281,6,Model_2
3064311500580100035,2201.394043,6,Model_2
3064311500580100037,4757.840332,6,Model_2
3064311500580100041,8271.220703,6,Model_2
3064311500580100043,3764.470458984375,6,Model_2
3064311500580100044,12715.84766,6,Model_2
3064311500580100045,7553.462402,6,Model_2
3064311500580100048,9728.821289,6,Model_2
3064311500580100050,4609.208984,6,Model_2
3064311500583100026,31534.0332,10,Model_2
3064311500583100027,3624.36084,10,Model_2
3064311500583100028,6449.848145,10,Model_2
3064311500583100029,13636.79785,10,Model_2
3064311500583100030,14750.79102,10,Model_2
3064311500583100031,18326.16992,10,Model_2
3064311500583100033,12640.62988,10,Model_2
3064311500583100034,6775.666992,10,Model_2
3064311500583100036,10957.73535,10,Model_2
3064311500583100039,2526.489258,10,Model_2
3064311500583100040,8904.449219,10,Model_2
3064311500583100042,4311.348633,10,Model_2
3064311500583100043,5757.282227,10,Model_2
3064311500583100044,13760.99609,10,Model_2
3064311500583100046,4693.431152,10,Model_2
3064311500583100049,10230.77051,10,Model_2
3064311500583100051,7782.703613,10,Model_2
3064311500583100052,6762.322266,10,Model_2
3064311500583100053,5688.358887,10,Model_2
3064311500583100054,7068.100586,10,Model_2
3064311500583100059,39564.97266,10,Model_2
3064311500583100061,17076.53516,10,Model_2
3064311500583100063,9154.628906,10,Model_2
3064311500583100064,3981.993652,10,Model_2
3064311500583100065,11175.91504,10,Model_2
3064311500583100067,5347.299316,10,Model_2
3064311500583100069,23538.76953,10,Model_2
3064311500583100070,6199.98291,10,Model_2
3064311500583100071,6874.202148,10,Model_2
3064311500583100073,12070.18652,10,Model_2
3064311500583100074,9258.649414,10,Model_2
3064311500583100076,4077.682617,10,Model_2
3064311500583100079,12904.37793,10,Model_2
3064311500583100082,4031.062255859375,10,Model_2
3064311500583100083,19388.48828,10,Model_2
3064311500583100084,4869.312988,10,Model_2
3064311500583100085,10571.94531,10,Model_2
3064311500583100086,4708.522461,10,Model_2
3064311500583100087,7824.27832,10,Model_2
3064311500583100088,9502.045898,10,Model_2
3064311500583100089,6474.439941,10,Model_2
3064311500583100091,3671.45752,10,Model_2
3064311500583100094,9751.332031,10,Model_2
3064311500583100095,3581.430176,10,Model_2
3064311500583100097,3393.068359,10,Model_2
3064311500583100098,5312.917969,10,Model_2
3064311500583100102,6865.163574,10,Model_2
3064311500583100103,8740.749023,10,Model_2
3064311500583100104,4472.674316,10,Model_2
3064311500584100029,26242.18359,10,Model_2
3064311500584100034,23019.89258,10,Model_2
3064311500584100035,4463.157227,10,Model_2
3064311500584100036,22415.21289,10,Model_2
3064311500584100037,5565.583984,10,Model_2
3064311500584100039,12234.13672,10,Model_2
3064311500584100041,5544.430664,10,Model_2
3064311500584100043,5298.254395,10,Model_2
3064311500584100044,5676.866699,10,Model_2
3064311500584100045,1908.487548828125,10,Model_2
3064311500584100046,2614.311523,10,Model_2
3064311500584100047,3162.950195,10,Model_2
3064311500584100048,4957.250488,10,Model_2
3064311500584100050,5313.617188,10,Model_2
3064311500584100051,8637.001953,10,Model_2
3064311500584100052,10573.72656,10,Model_2
3064311500584100056,10700.82617,10,Model_2
3064311500584100057,7069.801758,10,Model_2
3064311500584100058,11129.54395,10,Model_2
3064311500584100059,4453.786621,10,Model_2
3064311500584100060,11704.63477,10,Model_2
3064311500584100062,8018.473633,10,Model_2
3064311500584100063,21362.01172,10,Model_2
3064311500584100065,14724.67188,10,Model_2
3064311500584100066,5912.243652,10,Model_2
3064311500584100067,6922.621582,10,Model_2
3064311500584100069,6615.802246,10,Model_2
3064311500584100070,4942.769531,10,Model_2
3064311500584100071,9800.225586,10,Model_2
3064311500584100072,11956.91699,10,Model_2
3064311500584100074,7627.832031,10,Model_2
3064311500584100076,14636.58984,10,Model_2
3064311500584100078,9590.874023,10,Model_2
3064311500584100079,5222.024902,10,Model_2
3064311500584100080,14125.71191,10,Model_2
3064311500584100082,5479.143555,10,Model_2
3064311500584100083,2293.361328,10,Model_2
3064311500584100084,16583.14648,10,Model_2
3064311500584100085,8514.635742,10,Model_2
3064311500584100089,9766.55957,10,Model_2
3064311500584100092,1761.425537109375,10,Model_2
3064311500584100093,6127.228516,10,Model_2
3064311500584100094,6472.385742,10,Model_2
3064311500584100095,7904.480469,10,Model_2
3064311500584100098,2388.072998046875,10,Model_2
3064311500585100031,8655.332031,10,Model_2
3064311500585100034,1402.255615234375,10,Model_2
3064311500585100037,15918.07129,10,Model_2
3064311500587100004,6989.55957,16,Model_2
3064311500587100005,16442.99023,16,Model_2
3064311500587100006,755.9038696289062,16,Model_2
3064311500587100007,1166.3941650390625,16,Model_2
3064311500587100009,14787.50684,16,Model_2
3064311500587100010,6908.810547,16,Model_2
3064311500587100013,13111.19238,16,Model_2
3064311500587100014,10208.91016,16,Model_2
3064311500587100015,15273.97852,16,Model_2
3064311500587100017,8139.34082,16,Model_2
3064311500587100018,5272.601563,16,Model_2
3064311500587100019,2814.263427734375,16,Model_2
3064311500587100022,4557.367188,16,Model_2
3064311500587100023,11662.25098,16,Model_2
3064311500587100025,6950.851074,16,Model_2
3064311500587100026,9230.886719,16,Model_2
3064311500587100027,9414.633789,16,Model_2
3064311500587100028,9285.015625,16,Model_2
3064311500587100029,5059.994141,16,Model_2
3064311500587100030,7082.805664,16,Model_2
3064311500587100031,3667.775879,16,Model_2
3064311500587100032,7782.09082,16,Model_2
3064311500587100034,5754.882813,16,Model_2
3064311500587100035,4446.774902,16,Model_2
3064311500587100036,23021.33008,16,Model_2
3064311500587100037,9043.943359,16,Model_2
3064311500587100038,15537.58594,16,Model_2
3064311500587100039,14814.26367,16,Model_2
3064311500587100040,3374.668701171875,16,Model_2
3064311500587100041,11546.31543,16,Model_2
3064311500587100044,4918.480469,16,Model_2
3064311500587100045,6695.016602,16,Model_2
3064311500587100046,8966.431641,16,Model_2
3064311500587100047,15689.29883,16,Model_2
3064311500587100049,9229.666992,16,Model_2
3064311500587100050,8782.87207,16,Model_2
3064311500587100051,8086.054199,16,Model_2
3064311500587100052,1007.920654296875,16,Model_2
3064311500587100053,10073.79395,16,Model_2
3064311500587100054,4746.939453,16,Model_2
3064311500587100057,4972.495605,16,Model_2
3064311500587100059,3766.368164,16,Model_2
3064311500587100060,14728.02637,16,Model_2
3064311500587100062,4531.430176,16,Model_2
3064311500587100063,4738.809082,16,Model_2
3064311500587100064,2820.639404296875,16,Model_2
3064311500587100065,8095.587402,16,Model_2
3064311500587100066,6485.930176,16,Model_2
3064311500587100067,6368.724609,16,Model_2
3064311500587100068,7999.219727,16,Model_2
3064311500587100069,7869.834473,16,Model_2
3064311500587100071,2269.52832,16,Model_2
3064311500587100074,7862.92041,16,Model_2
3064311500587100075,9251.958984,16,Model_2
3064311500587100077,5917.271484,16,Model_2
3064311500587100078,6827.788574,16,Model_2
3064311500587100080,1554.084228515625,16,Model_2
3064311500587100081,6336.526855,16,Model_2
3064311500587100083,3649.833740234375,16,Model_2
3064311500587100084,4791.645996,16,Model_2
3064311500587100085,1824.5028076171875,16,Model_2
3064311500587100086,1034.4339599609375,16,Model_2
3064311500587100087,5520.404297,16,Model_2
3064311500587100088,2208.313232421875,16,Model_2
3064311500587100090,2040.533935546875,16,Model_2
3064311500587100091,2528.432617,16,Model_2
3064311500587100092,4555.666504,16,Model_2
3064311500587100094,4328.635742,16,Model_2
3064311500587100095,5707.277344,16,Model_2
3064311500587100096,6090.179199,16,Model_2
3064311500587100097,2198.719970703125,16,Model_2
3064311500587100099,6293.709473,16,Model_2
3064311500587100100,10103.98828,16,Model_2
3064311500587100104,6078.758301,16,Model_2
3064311500587100109,3702.557129,16,Model_2
3064311500587100111,2056.592773,16,Model_2
3064311500587100123,2546.888427734375,16,Model_2
3064311500588100007,7054.680664,16,Model_2
3064311500588100008,5992.376953,16,Model_2
3064311500588100009,19065.02344,16,Model_2
3064311500588100012,2019.0067138671875,16,Model_2
3064311500588100013,1987.587891,16,Model_2
3064311500588100014,3310.761474609375,16,Model_2
3064311500588100016,6113.551758,16,Model_2
3064311500588100018,9287.141602,16,Model_2
3064311500588100019,4871.341309,16,Model_2
3064311500588100020,5991.165527,16,Model_2
3064311500588100022,2519.466797,16,Model_2
3064311500588100023,4653.634766,16,Model_2
3064311500588100024,3184.277099609375,16,Model_2
3064311500588100025,18227.18359,16,Model_2
3064311500588100026,3331.888916015625,16,Model_2
3064311500588100028,3405.089599609375,16,Model_2
3064311500588100029,7659.580566,16,Model_2
3064311500588100030,6348.46582,16,Model_2
3064311500588100031,7161.305664,16,Model_2
3064311500588100032,6919.102539,16,Model_2
3064311500588100033,7982.10498,16,Model_2
3064311500588100034,4872.282715,16,Model_2
3064311500588100035,5862.088379,16,Model_2
3064311500588100037,2184.201904296875,16,Model_2
3064311500588100038,4210.285156,16,Model_2
3064311500588100040,3797.715332,16,Model_2
3064311500588100041,5541.42041,16,Model_2
3064311500588100042,8033.644043,16,Model_2
3064311500588100043,841.2182617,16,Model_2
3064311500588100044,2463.103759765625,16,Model_2
3064311500588100045,8240.450195,16,Model_2
3064311500588100046,8001.311035,16,Model_2
3064311500588100047,10560.41699,16,Model_2
3064311500588100048,15834.33789,16,Model_2
3064311500588100049,9295.563477,16,Model_2
3064311500588100050,2011.0623779296875,16,Model_2
3064311500588100051,887.9095458984375,16,Model_2
3064311500588100052,4219.826172,16,Model_2
3064311500588100053,4251.212891,16,Model_2
3064311500588100055,6999.490234,16,Model_2
3064311500588100056,3947.466797,16,Model_2
3064311500588100057,11359.37109,16,Model_2
3064311500588100058,1682.545898,16,Model_2
3064311500588100059,10683.31152,16,Model_2
3064311500588100060,3619.726318359375,16,Model_2
3064311500588100061,11400.43457,16,Model_2
3064311500588100062,7989.446777,16,Model_2
3064311500588100064,5213.257813,16,Model_2
3064311500588100065,7277.820313,16,Model_2
3064311500588100066,4097.623535,16,Model_2
3064311500588100067,6785.495117,16,Model_2
3064311500588100068,1028.90918,16,Model_2
3064311500588100069,26527.41602,16,Model_2
3064311500588100070,3709.372802734375,16,Model_2
3064311500588100071,10985.41016,16,Model_2
3064311500588100073,11622.57227,16,Model_2
3064311500588100074,1202.9991455078125,16,Model_2
3064311500588100076,18105.92383,16,Model_2
3064311500588100078,8213.81543,16,Model_2
3064311500588100079,3792.195556640625,16,Model_2
3064311500588100080,5488.423828,16,Model_2
3064311500588100081,4292.062012,16,Model_2
3064311500588100082,3547.791259765625,16,Model_2
3064311500588100083,11382.84668,16,Model_2
3064311500588100084,11000.12598,16,Model_2
3064311500588100086,4546.27002,16,Model_2
3064311500588100088,7115.548828,16,Model_2
3064311500588100089,1738.2723388671875,16,Model_2
3064311500588100091,1203.6707763671875,16,Model_2
3064311500588100092,9944.041992,16,Model_2
3064311500588100094,4921.418945,16,Model_2
3064311500588100095,5550.886719,16,Model_2
3064311500588100096,5773.019043,16,Model_2
3064311500588100097,6488.572266,16,Model_2
3064311500588100098,7578.608398,16,Model_2
3064311500588100100,5502.569336,16,Model_2
3064311500588100101,6667.681152,16,Model_2
3064311500588100102,10690.61426,16,Model_2
3064311500588100103,7792.424316,16,Model_2
3064311500588100104,11670.73926,16,Model_2
3064311500588100105,16665.75977,16,Model_2
3064311500588100108,1662.264404296875,16,Model_2
3064311500588100110,8676.526367,16,Model_2
3064311500588100111,5840.205078,16,Model_2
3064311500588100112,7430.096191,16,Model_2
3064311500588100114,12147.69824,16,Model_2
3064311500588100115,4353.138184,16,Model_2
3064311500588100116,7787.678223,16,Model_2
3064311500588100118,838.1967163085938,16,Model_2
3064311500588100119,16200.63281,16,Model_2
3064311500588100122,10467.27148,16,Model_2
3064311500588100123,8393.944336,16,Model_2
3064311500588100124,15219.35352,16,Model_2
3064311500588100125,17029.55469,16,Model_2
3064311500588100126,5228.04248,16,Model_2
3064311500588100128,5931.050293,16,Model_2
3064311500588100129,9017.074219,16,Model_2
3064311500588100130,1598.690673828125,16,Model_2
3064311500588100131,5281.585449,16,Model_2
3064311500588100134,15257.01758,16,Model_2
3064311500588100136,6253.924316,16,Model_2
3064311500588100137,8935.788086,16,Model_2
3064311500588100138,2645.859130859375,16,Model_2
3064311500588100139,1622.038330078125,16,Model_2
3064311500588100140,10620.60547,16,Model_2
3064311500588100141,1610.0093994140625,16,Model_2
3064311500588100142,6544.654297,16,Model_2
3064311500588100146,1116.267822265625,16,Model_2
3064311500588100150,1681.5555419921875,16,Model_2
3064311500588100153,10127.59277,16,Model_2
3064311500588100154,2594.463867,16,Model_2
3064311500588100155,6985.838379,16,Model_2
3064311500588100164,5066.586426,16,Model_2
3064311500589100069,19847.45117,16,Model_2
3064311500589100077,7630.910156,16,Model_2
3064311500589100079,4482.296387,16,Model_2
3064311500589100080,10662.16309,16,Model_2
3064311500589100081,8264.360352,16,Model_2
3064311500589100082,2792.897461,16,Model_2
3064311500589100085,5664.220215,16,Model_2
3064311500589100086,13748.94922,16,Model_2
3064311500589100088,20218.17188,16,Model_2
3064311500589100089,5465.841797,16,Model_2
3064311500589100090,14439.62109,16,Model_2
3064311500589100093,19931.85547,16,Model_2
3064311500589100094,7675.483887,16,Model_2
3064311500591100058,5511.068359,31,Model_2
3064311500591100059,5455.311523,31,Model_2
3064311500591100060,8848.360352,31,Model_2
3064311500591100062,7990.475098,31,Model_2
3064311500591100066,12372.06152,31,Model_2
3064311500591100067,6423.192383,31,Model_2
3064311500591100068,9839.655273,31,Model_2
3064311500591100069,3854.927978515625,31,Model_2
3064311500591100070,5438.905273,31,Model_2
3064311500591100072,3035.720947265625,31,Model_2
3064311500591100077,6484.115723,31,Model_2
3064311500591100090,1067.266113,31,Model_2
3064311500591100091,3791.118164,31,Model_2
3064311500591100094,5865.449707,31,Model_2
3064311500592100107,6262.102051,31,Model_2
3064311500592100108,3607.982177734375,31,Model_2
3064311500592100109,13456.87598,31,Model_2
3064311500592100110,7831.79541,31,Model_2
3064311500592100111,11004.29199,31,Model_2
3064311500592100112,4782.709473,31,Model_2
3064311500592100114,7341.618164,31,Model_2
3064311500592100115,8365.025391,31,Model_2
3064311500592100117,4421.302246,31,Model_2
3064311500592100118,5996.05127,31,Model_2
3064311500592100119,6212.289551,31,Model_2
3064311500592100121,3665.949707,31,Model_2
3064311500592100122,2749.300048828125,31,Model_2
3064311500592100124,4149.574707,31,Model_2
3064311500592100125,4997.396484,31,Model_2
3064311500592100126,5219.322266,31,Model_2
3064311500592100127,1384.8944091796875,31,Model_2
3064311500592100128,7298.241211,31,Model_2
3064311500592100129,9852.421875,31,Model_2
3064311500592100130,2850.489990234375,31,Model_2
3064311500592100131,7661.330078,31,Model_2
3064311500592100135,9389.664063,31,Model_2
3064311500592100137,4567.452637,31,Model_2
3064311500592100138,3162.928711,31,Model_2
3064311500592100139,14842.65625,31,Model_2
3064311500592100140,3842.557129,31,Model_2
3064311500592100141,2455.031982421875,31,Model_2
3064311500592100142,2377.606934,31,Model_2
3064311500592100143,974.5085449,31,Model_2
3064311500592100144,3976.082763671875,31,Model_2
3064311500592100147,3475.833251953125,31,Model_2
3064311500592100149,3624.134033203125,31,Model_2
3064311500592100150,10703.22363,31,Model_2
3064311500592100151,7868.116699,31,Model_2
3064311500592100153,2785.242188,31,Model_2
3064311500592100154,11487.88086,31,Model_2
3064311500592100156,7011.149414,31,Model_2
3064311500592100157,3620.480469,31,Model_2
3064311500592100160,7650.32373,31,Model_2
3064311500592100161,1532.369873046875,31,Model_2
3064311500592100162,2662.387451171875,31,Model_2
3064311500592100164,9115.387695,31,Model_2
3064311500592100165,3945.296142578125,31,Model_2
3064311500592100166,3711.243164,31,Model_2
3064311500592100167,7649.347656,31,Model_2
3064311500592100168,5653.864258,31,Model_2
3064311500592100177,2454.285156,31,Model_2
3064311500601100002,13830.09277,6,Model_2
3064311500601100004,8493.613281,6,Model_2
3064311500601100005,10770.45508,6,Model_2
3064311500601100006,2600.559082,6,Model_2
3064311500601100008,15696.99609,6,Model_2
3064311500601100009,5879.079102,6,Model_2
3064311500601100013,9797.125,6,Model_2
3064311500601100014,6981.827637,6,Model_2
3064311500601100015,9315.515625,6,Model_2
3064311500601100017,9427.884766,6,Model_2
3064311500601100018,6627.911133,6,Model_2
3064311500601100019,1082.850830078125,6,Model_2
3064311500601100020,7305.852051,6,Model_2
3064311500601100021,2793.96875,6,Model_2
3064311500601100023,8768.855469,6,Model_2
3064311500601100025,4991.067383,6,Model_2
3064311500601100026,3752.342529296875,6,Model_2
3064311500601100027,4763.435059,6,Model_2
3064311500601100028,4666.273438,6,Model_2
3064311500601100029,9248.286133,6,Model_2
3064311500601100034,3466.686523,6,Model_2
3064311500601100035,6317.362305,6,Model_2
3064311500601100037,885.8413696289062,6,Model_2
3064311500602100004,8036.708984,6,Model_2
3064311500602100014,4538.356445,6,Model_2
3064311500602100015,11557.06543,6,Model_2
3064311500602100017,942.0407715,6,Model_2
3064311500602100018,6981.13916,6,Model_2
3064311500602100021,6717.647949,6,Model_2
3064311500602100022,5025.057129,6,Model_2
3064311500602100023,3492.144531,6,Model_2
3064311500602100024,28540.57813,6,Model_2
3064311500602100025,11925.24219,6,Model_2
3064311500602100026,7621.6875,6,Model_2
3064311500602100027,7005.694824,6,Model_2
3064311500602100029,6698.243652,6,Model_2
3064311500602100032,6464.617676,6,Model_2
3064311500602100033,6054.374023,6,Model_2
3064311500602100036,5050.129395,6,Model_2
3064311500602100037,15224.96387,6,Model_2
3064311500602100038,3965.82373,6,Model_2
3064311500602100040,6469.952148,6,Model_2
3064311500602100043,7191.497559,6,Model_2
3064311500602100047,3170.190673828125,6,Model_2
3064311500602100048,5076.876953,6,Model_2
3064311500602100050,3894.701172,6,Model_2
3064311500602100051,6398.302246,6,Model_2
3064311500602100053,9081.946289,6,Model_2
3064311500602100056,6738.626953,6,Model_2
3064311500602100059,7244.820801,6,Model_2
3064311500602100063,17705.9707,6,Model_2
3064311500602100068,9303.787109,6,Model_2
3064311500602100069,6116.66748,6,Model_2
3064311500603100006,13937.89746,6,Model_2
3064311500603100008,6726.169434,6,Model_2
3064311500603100010,5990.04248,6,Model_2
3064311500603100011,11050.38379,6,Model_2
3064311500603100012,7289.104004,6,Model_2
3064311500603100013,1747.8851318359375,6,Model_2
3064311500603100014,9346.285156,6,Model_2
3064311500603100015,4607.225586,6,Model_2
3064311500603100022,7957.806152,6,Model_2
3064311500603100024,3740.086914,6,Model_2
3064311500603100026,12008.49316,6,Model_2
3064311500603100027,5141.519043,6,Model_2
3064311500603100030,2250.438720703125,6,Model_2
3064311500603100033,5450.952637,6,Model_2
3064311500603100034,3437.474121,6,Model_2
3064311500603100036,4366.15918,6,Model_2
3064311500603100037,2682.236083984375,6,Model_2
3064311500603100039,1114.935302734375,6,Model_2
3064311500603100041,5693.507324,6,Model_2
3064311500603100043,5982.296875,6,Model_2
3064311500603100045,2933.696044921875,6,Model_2
3064311500603100046,4454.059082,6,Model_2
3064311500603100048,10401.97559,6,Model_2
3064311500603100049,4993.725098,6,Model_2
3064311500603100050,6254.572754,6,Model_2
3064311500603100051,5639.680664,6,Model_2
3064311500603100053,2953.114258,6,Model_2
3064311500603100054,3833.043212890625,6,Model_2
3064311500603100055,4793.449707,6,Model_2
3064311500603100058,4128.903809,6,Model_2
3064311500603100059,2764.072021484375,6,Model_2
3064311500603100060,4691.742188,6,Model_2
3064311500603100065,4881.680664,6,Model_2
3064311500603100066,4938.982422,6,Model_2
3064311500603100067,2040.388916015625,6,Model_2
3064311500603100069,10513.54785,6,Model_2
3064311500603100070,4687.35791,6,Model_2
3064311500603100074,16359.09473,6,Model_2
3064311500603100076,4284.724121,6,Model_2
3064311500604100003,11338.15039,6,Model_2
3064311500604100005,7303.650879,6,Model_2
3064311500604100007,8464.614258,6,Model_2
3064311500604100009,8768.179688,6,Model_2
3064311500604100012,5487.595215,6,Model_2
3064311500604100013,2032.038818359375,6,Model_2
3064311500604100014,19361.9668,6,Model_2
3064311500604100016,10671.87695,6,Model_2
3064311500604100018,7062.11084,6,Model_2
3064311500604100019,9300.121094,6,Model_2
3064311500604100020,5848.78418,6,Model_2
3064311500604100022,14220.59082,6,Model_2
3064311500604100023,5805.804199,6,Model_2
3064311500604100024,8511.174805,6,Model_2
3064311500604100025,2969.893555,6,Model_2
3064311500604100026,19323.4668,6,Model_2
3064311500604100028,5528.364258,6,Model_2
3064311500604100030,5360.614258,6,Model_2
3064311500604100031,4806.627441,6,Model_2
3064311500604100032,4451.148926,6,Model_2
3064311500604100033,4206.268066,6,Model_2
3064311500604100034,3498.204345703125,6,Model_2
3064311500604100035,14175.87793,6,Model_2
3064311500604100036,3649.762207,6,Model_2
3064311500604100039,6750.186035,6,Model_2
3064311500604100040,10115.33789,6,Model_2
3064311500604100044,24484.53516,6,Model_2
3064311500604100046,5606.296387,6,Model_2
3064311500605100003,6212.567383,10,Model_2
3064311500605100006,3419.811767578125,10,Model_2
3064311500605100010,6823.252441,10,Model_2
3064311500605100021,6352.803711,10,Model_2
3064311500605100026,12694.72754,10,Model_2
3064311500605100027,5139.710449,10,Model_2
3064311500605100029,7990.152832,10,Model_2
3064311500605100030,7631.335938,10,Model_2
3064311500605100032,17509.44727,10,Model_2
3064311500605100034,6025.094727,10,Model_2
3064311500605100036,5639.257324,10,Model_2
3064311500605100037,7158.856934,10,Model_2
3064311500605100038,6443.980957,10,Model_2
3064311500605100041,6026.503418,10,Model_2
3064311500605100042,9400.074219,10,Model_2
3064311500605100043,14051.62305,10,Model_2
3064311500605100044,9075.408203,10,Model_2
3064311500605100045,4483.915527,10,Model_2
3064311500606100006,21121.66602,10,Model_2
3064311500606100007,4865.192871,10,Model_2
3064311500606100009,2955.477783203125,10,Model_2
3064311500606100012,30614.82813,10,Model_2
3064311500606100015,6509.444824,10,Model_2
3064311500606100018,12458.98242,10,Model_2
3064311500606100019,13019.09668,10,Model_2
3064311500606100020,24154.25977,10,Model_2
3064311500606100023,7846.95752,10,Model_2
3064311500606100024,6722.800293,10,Model_2
3064311500606100025,6972.941895,10,Model_2
3064311500606100026,5105.805664,10,Model_2
3064311500606100027,3556.707031,10,Model_2
3064311500606100028,3877.370849609375,10,Model_2
3064311500606100029,4499.896973,10,Model_2
3064311500606100030,10107.80273,10,Model_2
3064311500606100032,8700.922852,10,Model_2
3064311500606100033,8947.514648,10,Model_2
3064311500606100034,5762.163574,10,Model_2
3064311500606100035,10267.02148,10,Model_2
3064311500606100036,4732.15625,10,Model_2
3064311500606100037,8240.150391,10,Model_2
3064311500606100039,17336.44531,10,Model_2
3064311500606100040,2182.446533203125,10,Model_2
3064311500606100041,7339.580078,10,Model_2
3064311500606100042,9086.776367,10,Model_2
3064311500606100043,10208.26074,10,Model_2
3064311500606100044,7556.90332,10,Model_2
3064311500606100046,6941.635742,10,Model_2
3064311500606100048,8431.641602,10,Model_2
3064311500606100051,9424.641602,10,Model_2
3064311500606100052,9893.5625,10,Model_2
3064311500606100053,5789.373535,10,Model_2
3064311500606100055,7161.189453,10,Model_2
3064311500606100056,4632.048828,10,Model_2
3064311500606100057,6650.036133,10,Model_2
3064311500606100058,7420.097656,10,Model_2
3064311500606100059,5728.50293,10,Model_2
3064311500606100060,5626.327637,10,Model_2
3064311500606100061,6887.588379,10,Model_2
3064311500606100063,7028.326172,10,Model_2
3064311500606100065,6467.066406,10,Model_2
3064311500606100066,7711.595215,10,Model_2
3064311500606100068,38605.99609,10,Model_2
3064311500606100070,12717.28027,10,Model_2
3064311500606100071,6689.918945,10,Model_2
3064311500606100072,3860.075927734375,10,Model_2
3064311500606100073,5357.281738,10,Model_2
3064311500606100074,7061.041504,10,Model_2
3064311500606100076,25676.28711,10,Model_2
3064311500606100077,10056.40234,10,Model_2
3064311500606100078,6803.04541,10,Model_2
3064311500606100079,13040.44043,10,Model_2
3064311500606100080,5432.459473,10,Model_2
3064311500606100081,18302.06641,10,Model_2
3064311500606100083,12525.5625,10,Model_2
3064311500606100084,1998.1217041015625,10,Model_2
3064311500606100085,8250.400391,10,Model_2
3064311500606100086,6724.634766,10,Model_2
3064311500606100088,2576.856445,10,Model_2
3064311500606100089,14308.92285,10,Model_2
3064311500606100090,15664.26172,10,Model_2
3064311500606100091,3365.777099609375,10,Model_2
3064311500606100093,4670.108887,10,Model_2
3064311500606100095,1057.2322998046875,10,Model_2
3064311500606100096,16117.14746,10,Model_2
3064311500606100097,4832.904785,10,Model_2
3064311500606100098,14254.90039,10,Model_2
3064311500606100102,685.3726196289062,10,Model_2
3064311500606100103,6838.257813,10,Model_2
3064311500606100104,4356.34375,10,Model_2
3064311500606100105,11656.29102,10,Model_2
3064311500606100107,10208.02344,10,Model_2
3064311500606100109,9269.836914,10,Model_2
3064311500606100111,12777.29199,10,Model_2
3064311500606100113,7223.335449,10,Model_2
3064311500606100114,2983.713867,10,Model_2
3064311500606100116,8770.962891,10,Model_2
3064311500606100117,3662.270508,10,Model_2
3064311500606100118,5818.917969,10,Model_2
3064311500606100119,11298.68066,10,Model_2
3064311500606100120,7704.329102,10,Model_2
3064311500606100121,6822.641602,10,Model_2
3064311500606100122,5355.192383,10,Model_2
3064311500606100123,6689.29248,10,Model_2
3064311500606100125,9916.178711,10,Model_2
3064311500606100126,8148.079102,10,Model_2
3064311500606100127,1358.201904296875,10,Model_2
3064311500606100128,1400.8934326171875,10,Model_2
3064311500606100130,6426.058105,10,Model_2
3064311500606100131,18254.6582,10,Model_2
3064311500606100133,26076.57617,10,Model_2
3064311500606100135,1912.682617,10,Model_2
3064311500606100136,6939.970703,10,Model_2
3064311500606100137,4963.483887,10,Model_2
3064311500606100140,7599.083008,10,Model_2
3064311500606100141,3224.155273,10,Model_2
3064311500606100144,4482.137207,10,Model_2
3064311500606100145,2934.873291015625,10,Model_2
3064311500606100147,2664.399658203125,10,Model_2
3064311500606100150,4449.449707,10,Model_2
3064311500606100152,1706.874267578125,10,Model_2
3064311500606100156,2241.197754,10,Model_2
3064311500606100158,2866.450927734375,10,Model_2
3064311500606100161,8051.619629,10,Model_2
3064311500606100162,3853.447754,10,Model_2
3064311500606100163,11280.74707,10,Model_2
3064311500606100169,11654.70508,10,Model_2
3064311500606100172,8195.696289,10,Model_2
3064311500606100174,877.7316895,10,Model_2
3064311500606100183,3367.397216796875,10,Model_2
3064311500607100008,9923.160156,10,Model_2
3064311500607100010,1415.45459,10,Model_2
3064311500607100011,13327.55664,10,Model_2
3064311500607100012,15181.75977,10,Model_2
3064311500607100014,2847.562744140625,10,Model_2
3064311500607100015,6006.03418,10,Model_2
3064311500607100016,10444.52051,10,Model_2
3064311500607100017,14318.18262,10,Model_2
3064311500607100018,13898.56445,10,Model_2
3064311500607100019,15295.09473,10,Model_2
3064311500607100020,17620.72656,10,Model_2
3064311500607100021,2645.221435546875,10,Model_2
3064311500607100022,15057.8252,10,Model_2
3064311500607100026,17961.33398,10,Model_2
3064311500607100028,8335.119141,10,Model_2
3064311500607100032,2050.624755859375,10,Model_2
3064311500607100035,10806.07715,10,Model_2
3064311500607100038,7380.239258,10,Model_2
3064311500607100039,5856.147461,10,Model_2
3064311500607100040,12195.52637,10,Model_2
3064311500607100043,11589.73633,10,Model_2
3064311500607100047,9844.65918,10,Model_2
3064311500607100048,9777.583008,10,Model_2
3064311500607100050,19903.68164,10,Model_2
3064311500607100051,6235.755859,10,Model_2
3064311500607100053,7762.455078,10,Model_2
3064311500607100054,3385.562012,10,Model_2
3064311500607100056,13051.06348,10,Model_2
3064311500607100061,16640.91797,10,Model_2
3064311500607100062,14838.39746,10,Model_2
3064311500607100065,18055.83789,10,Model_2
3064311500607100067,14062.60938,10,Model_2
3064311500607100070,3895.930419921875,10,Model_2
3064311500607100072,2774.293701171875,10,Model_2
3064311500607100077,8809.987305,10,Model_2
3064311500607100079,14220.11719,10,Model_2
3064311500607100080,7367.159668,10,Model_2
3064311500607100081,11573.99805,10,Model_2
3064311500607100085,10307.33398,10,Model_2
3064311500607100086,11100.30273,10,Model_2
3064311500607100087,12296.10645,10,Model_2
3064311500607100088,9152.702148,10,Model_2
3064311500607100091,12390.40527,10,Model_2
3064311500607100093,11850.91309,10,Model_2
3064311500607100099,5542.94873,10,Model_2
3064311500607100101,11559.2666,10,Model_2
3064311500607100102,25512.46875,10,Model_2
3064311500607100104,3270.140137,10,Model_2
3064311500607100106,18351.8457,10,Model_2
3064311500607100107,6168.368164,10,Model_2
3064311500607100109,5749.027344,10,Model_2
3064311500607100110,5539.915039,10,Model_2
3064311500607100112,2159.964111328125,10,Model_2
3064311500607100114,15442.4043,10,Model_2
3064311500607100116,2074.292724609375,10,Model_2
3064311500607100117,4520.208496,10,Model_2
3064311500607100119,914.3965454101562,10,Model_2
3064311500607100121,12185.0,10,Model_2
3064311500607100122,16187.16211,10,Model_2
3064311500607100123,4769.229004,10,Model_2
3064311500607100124,3588.016845703125,10,Model_2
3064311500607100125,9603.538086,10,Model_2
3064311500607100127,12035.79199,10,Model_2
3064311500607100129,4139.674316,10,Model_2
3064311500608100003,2286.689697265625,10,Model_2
3064311500608100004,38989.77344,10,Model_2
3064311500608100006,9696.318359,10,Model_2
3064311500608100007,2566.552246,10,Model_2
3064311500608100008,6976.362305,10,Model_2
3064311500608100011,21142.67578,10,Model_2
3064311500608100012,3290.312012,10,Model_2
3064311500608100014,5934.115723,10,Model_2
3064311500608100015,2398.506103515625,10,Model_2
3064311500608100018,9229.666016,10,Model_2
3064311500608100019,24100.95898,10,Model_2
3064311500608100022,9388.154297,10,Model_2
3064311500608100023,7416.833984,10,Model_2
3064311500608100024,14364.56055,10,Model_2
3064311500608100025,13900.75195,10,Model_2
3064311500608100027,10185.79785,10,Model_2
3064311500608100029,2565.438720703125,10,Model_2
3064311500608100030,15011.83008,10,Model_2
3064311500608100031,6449.111328,10,Model_2
3064311500608100033,19056.88672,10,Model_2
3064311500608100034,9859.857422,10,Model_2
3064311500608100035,12063.66113,10,Model_2
3064311500608100036,7235.609863,10,Model_2
3064311500608100037,14532.44727,10,Model_2
3064311500608100038,9248.31543,10,Model_2
3064311500608100040,8971.384766,10,Model_2
3064311500608100041,4814.743164,10,Model_2
3064311500608100042,13799.50879,10,Model_2
3064311500608100043,12559.71094,10,Model_2
3064311500608100044,11168.00195,10,Model_2
3064311500608100045,11190.83789,10,Model_2
3064311500608100046,4346.024414,10,Model_2
3064311500608100048,6147.557617,10,Model_2
3064311500608100049,6775.503906,10,Model_2
3064311500608100050,7416.52832,10,Model_2
3064311500608100053,10909.52344,10,Model_2
3064311500608100054,10223.57715,10,Model_2
3064311500608100055,5039.284668,10,Model_2
3064311500608100056,10971.08887,10,Model_2
3064311500608100059,8624.736328,10,Model_2
3064311500608100060,5883.180176,10,Model_2
3064311500608100062,7240.708496,10,Model_2
3064311500608100063,10638.97754,10,Model_2
3064311500608100070,2419.68457,10,Model_2
3064311500608100074,1720.9114990234375,10,Model_2
3064311500608100078,8635.583984,10,Model_2
3064311500609100032,28235.3418,16,Model_2
3064311500609100047,3720.202880859375,16,Model_2
3064311500609100050,1940.358398,16,Model_2
3064311500609100054,9307.657227,16,Model_2
3064311500609100070,3013.442626953125,16,Model_2
3064311500609100077,3918.518555,16,Model_2
3064311500610100007,7514.313477,16,Model_2
3064311500610100008,7616.963867,16,Model_2
3064311500610100009,13447.41016,16,Model_2
3064311500610100016,9698.196289,16,Model_2
3064311500610100019,3783.639404296875,16,Model_2
3064311500610100021,2387.555176,16,Model_2
3064311500610100023,8679.416992,16,Model_2
3064311500610100025,2859.805664,16,Model_2
3064311500610100026,6126.384766,16,Model_2
3064311500610100028,7954.78125,16,Model_2
3064311500610100029,4721.433594,16,Model_2
3064311500610100030,4873.785156,16,Model_2
3064311500610100033,7474.392578,16,Model_2
3064311500610100034,10080.84668,16,Model_2
3064311500610100036,8705.742188,16,Model_2
3064311500610100037,1152.7569580078125,16,Model_2
3064311500610100038,5051.828613,16,Model_2
3064311500610100039,29862.0293,16,Model_2
3064311500610100040,4625.911621,16,Model_2
3064311500610100042,6728.836914,16,Model_2
3064311500610100044,1662.537353515625,16,Model_2
3064311500610100045,7096.420898,16,Model_2
3064311500610100046,6612.990723,16,Model_2
3064311500610100047,7586.916504,16,Model_2
3064311500610100048,8273.306641,16,Model_2
3064311500610100052,394.5838012695313,16,Model_2
3064311500610100053,14481.61621,16,Model_2
3064311500610100054,2635.98584,16,Model_2
3064311500610100057,6003.659668,16,Model_2
3064311500610100058,13796.74609,16,Model_2
3064311500610100061,6096.428223,16,Model_2
3064311500610100063,5653.222656,16,Model_2
3064311500610100067,12061.46191,16,Model_2
3064311500610100070,4176.570801,16,Model_2
3064311500610100071,4916.868164,16,Model_2
3064311500610100072,7633.877441,16,Model_2
3064311500610100073,12791.35547,16,Model_2
3064311500610100074,7363.478027,16,Model_2
3064311500610100075,11344.76758,16,Model_2
3064311500610100076,4462.775879,16,Model_2
3064311500610100077,4903.378906,16,Model_2
3064311500610100078,3221.080810546875,16,Model_2
3064311500610100079,6174.52002,16,Model_2
3064311500610100080,7712.639648,16,Model_2
3064311500610100081,1479.2325439453125,16,Model_2
3064311500610100082,2489.381103515625,16,Model_2
3064311500610100083,8287.830078,16,Model_2
3064311500610100084,4899.720215,16,Model_2
3064311500610100085,5085.966309,16,Model_2
3064311500610100086,7122.291992,16,Model_2
3064311500610100088,4603.880859,16,Model_2
3064311500610100089,1704.938477,16,Model_2
3064311500610100091,3100.991943359375,16,Model_2
3064311500610100092,13638.09961,16,Model_2
3064311500610100094,12271.79297,16,Model_2
3064311500610100095,1791.866211,16,Model_2
3064311500610100096,2387.972900390625,16,Model_2
3064311500610100099,4286.898438,16,Model_2
3064311500610100102,3621.194336,16,Model_2
3064311500610100103,4434.521484,16,Model_2
3064311500610100104,4497.253906,16,Model_2
3064311500610100105,8367.451172,16,Model_2
3064311500610100106,3268.862305,16,Model_2
3064311500610100107,3788.677734,16,Model_2
3064311500610100112,7791.33252,16,Model_2
3064311500610100113,6332.274902,16,Model_2
3064311500610100114,6106.901367,16,Model_2
3064311500610100116,4528.417969,16,Model_2
3064311500610100117,1991.247559,16,Model_2
3064311500610100118,9811.80957,16,Model_2
3064311500610100119,5324.509277,16,Model_2
3064311500610100120,7393.915039,16,Model_2
3064311500610100121,1681.37793,16,Model_2
3064311500610100122,2228.160645,16,Model_2
3064311500610100123,9838.457031,16,Model_2
3064311500610100125,2839.331298828125,16,Model_2
3064311500610100129,4783.419434,16,Model_2
3064311500610100132,3920.217041015625,16,Model_2
3064311500610100133,16558.10742,16,Model_2
3064311500610100134,580.3568725585938,16,Model_2
3064311500611100004,2158.945801,16,Model_2
3064311500611100006,4162.192871,16,Model_2
3064311500611100007,9224.323242,16,Model_2
3064311500611100008,30643.91797,16,Model_2
3064311500611100012,6583.43457,16,Model_2
3064311500611100014,4690.722168,16,Model_2
3064311500611100016,2971.212646484375,16,Model_2
3064311500611100020,5601.111328,16,Model_2
3064311500611100021,8182.186523,16,Model_2
3064311500611100025,9868.446289,16,Model_2
3064311500611100027,6175.036621,16,Model_2
3064311500611100028,16403.62109,16,Model_2
3064311500611100033,3482.442626953125,16,Model_2
3064311500611100035,9149.017578,16,Model_2
3064311500611100036,3823.819336,16,Model_2
3064311500611100038,977.5613403320312,16,Model_2
3064311500611100040,2982.514404296875,16,Model_2
3064311500611100042,6459.617676,16,Model_2
3064311500611100044,10140.35742,16,Model_2
3064311500611100046,8661.961914,16,Model_2
3064311500611100047,8091.99707,16,Model_2
3064311500611100048,2916.357422,16,Model_2
3064311500611100050,3828.820068359375,16,Model_2
3064311500611100051,14481.26855,16,Model_2
3064311500611100052,7051.444824,16,Model_2
3064311500611100054,18998.67773,16,Model_2
3064311500611100055,7571.745605,16,Model_2
3064311500611100056,8396.959961,16,Model_2
3064311500611100057,2145.676025390625,16,Model_2
3064311500611100058,4599.762695,16,Model_2
3064311500611100059,5944.012207,16,Model_2
3064311500611100060,3679.718017578125,16,Model_2
3064311500611100063,4477.333496,16,Model_2
3064311500611100065,5031.647461,16,Model_2
3064311500611100066,3518.197021484375,16,Model_2
3064311500611100067,19341.23828,16,Model_2
3064311500611100068,14159.97559,16,Model_2
3064311500611100069,649.9620361328125,16,Model_2
3064311500611100070,10002.9248,16,Model_2
3064311500611100071,13695.68262,16,Model_2
3064311500611100073,10903.73047,16,Model_2
3064311500611100076,2575.134766,16,Model_2
3064311500611100077,1611.765137,16,Model_2
3064311500611100078,1766.618896484375,16,Model_2
3064311500611100079,29875.92578,16,Model_2
3064311500611100080,10023.09863,16,Model_2
3064311500611100082,277.70831298828125,16,Model_2
3064311500611100083,8077.149414,16,Model_2
3064311500611100084,1170.0267333984375,16,Model_2
3064311500611100085,8781.375,16,Model_2
3064311500611100087,275.4261474609375,16,Model_2
3064311500611100089,8647.273438,16,Model_2
3064311500611100090,8738.555664,16,Model_2
3064311500611100094,8326.583008,16,Model_2
3064311500611100095,5041.516602,16,Model_2
3064311500611100096,8854.152344,16,Model_2
3064311500611100097,11803.9209,16,Model_2
3064311500611100098,25138.88477,16,Model_2
3064311500611100099,21265.42773,16,Model_2
3064311500611100100,12223.01563,16,Model_2
3064311500611100102,13062.33594,16,Model_2
3064311500611100105,20649.94727,16,Model_2
3064311500611100106,21156.5625,16,Model_2
3064311500611100107,13204.5332,16,Model_2
3064311500611100108,6483.009277,16,Model_2
3064311500611100109,10049.20117,16,Model_2
3064311500611100110,12319.82129,16,Model_2
3064311500611100111,7963.151367,16,Model_2
3064311500611100113,10254.70801,16,Model_2
3064311500611100114,2299.050048828125,16,Model_2
3064311500611100115,7982.020996,16,Model_2
3064311500611100117,4495.959473,16,Model_2
3064311500611100118,6980.10498,16,Model_2
3064311500611100119,15448.60352,16,Model_2
3064311500611100120,1768.0677490234375,16,Model_2
3064311500611100121,14060.49414,16,Model_2
3064311500611100126,7283.120117,16,Model_2
3064311500611100131,3728.339355,16,Model_2
3064311500611100134,4921.76416,16,Model_2
3064311500611100138,3447.606201171875,16,Model_2
3064311500611100140,2666.675537109375,16,Model_2
3064311500612100008,9236.349609,16,Model_2
3064311500612100009,4335.316406,16,Model_2
3064311500612100012,10255.0127,16,Model_2
3064311500612100013,2741.230712890625,16,Model_2
3064311500612100014,12128.05859,16,Model_2
3064311500612100017,6471.20459,16,Model_2
3064311500612100019,5185.599609,16,Model_2
3064311500612100020,919.5302124023438,16,Model_2
3064311500612100023,194.7793884277344,16,Model_2
3064311500612100024,1223.294677734375,16,Model_2
3064311500612100025,4498.100586,16,Model_2
3064311500612100026,11276.70117,16,Model_2
3064311500612100027,2425.296387,16,Model_2
3064311500612100028,5091.768555,16,Model_2
3064311500612100030,5195.656738,16,Model_2
3064311500612100031,6480.086914,16,Model_2
3064311500612100034,4610.095703,16,Model_2
3064311500612100036,13388.42383,16,Model_2
3064311500612100037,6083.391113,16,Model_2
3064311500612100038,4375.598633,16,Model_2
3064311500612100039,4722.998047,16,Model_2
3064311500612100040,1758.3306884765625,16,Model_2
3064311500612100041,1035.4239501953125,16,Model_2
3064311500612100042,2594.274658203125,16,Model_2
3064311500612100043,3864.995117,16,Model_2
3064311500612100045,6348.264648,16,Model_2
3064311500612100046,8404.568359,16,Model_2
3064311500612100047,3038.365723,16,Model_2
3064311500612100048,3154.911865234375,16,Model_2
3064311500612100050,5820.924316,16,Model_2
3064311500612100051,7703.671875,16,Model_2
3064311500612100052,3995.763916015625,16,Model_2
3064311500612100053,12936.91504,16,Model_2
3064311500612100054,7723.325195,16,Model_2
3064311500612100055,11383.40332,16,Model_2
3064311500612100056,4078.019775390625,16,Model_2
3064311500612100058,9751.972656,16,Model_2
3064311500612100059,9855.520508,16,Model_2
3064311500612100060,3212.325684,16,Model_2
3064311500612100061,4134.119629,16,Model_2
3064311500612100063,4854.646973,16,Model_2
3064311500612100064,2776.050048828125,16,Model_2
3064311500612100065,4614.992676,16,Model_2
3064311500612100066,6934.882813,16,Model_2
3064311500612100069,12415.99414,16,Model_2
3064311500612100070,1603.0760498046875,16,Model_2
3064311500612100071,5100.36377,16,Model_2
3064311500612100073,7404.611328,16,Model_2
3064311500612100074,7679.662109,16,Model_2
3064311500612100075,3313.365723,16,Model_2
3064311500612100076,17373.25977,16,Model_2
3064311500612100077,8081.1875,16,Model_2
3064311500612100080,3252.73584,16,Model_2
3064311500612100081,4927.892578,16,Model_2
3064311500612100082,8861.975586,16,Model_2
3064311500612100084,3985.826172,16,Model_2
3064311500612100086,1703.2987060546875,16,Model_2
3064311500612100090,11695.05859,16,Model_2
3064311500612100093,12017.61914,16,Model_2
3064311500612100096,3941.423828,16,Model_2
3064311500613100072,12981.2002,31,Model_2
3064311500613100096,6876.300781,31,Model_2
3064311500613100103,12641.84863,31,Model_2
3064311500613100110,16829.67188,31,Model_2
3064311500614100010,19008.51953,31,Model_2
3064311500614100012,3760.332275390625,31,Model_2
3064311500614100013,4623.04834,31,Model_2
3064311500614100017,7118.789551,31,Model_2
3064311500614100019,3017.578125,31,Model_2
3064311500614100021,3444.346191,31,Model_2
3064311500614100022,6462.302734,31,Model_2
3064311500614100023,4140.15332,31,Model_2
3064311500614100024,4941.433105,31,Model_2
3064311500614100025,3034.705078,31,Model_2
3064311500614100027,2650.306884765625,31,Model_2
3064311500614100030,10295.94824,31,Model_2
3064311500614100032,8860.785156,31,Model_2
3064311500614100033,3871.339355,31,Model_2
3064311500614100035,9484.363281,31,Model_2
3064311500614100036,4522.949219,31,Model_2
3064311500614100037,7456.385254,31,Model_2
3064311500614100038,5297.681152,31,Model_2
3064311500614100040,7036.805176,31,Model_2
3064311500614100041,2687.144043,31,Model_2
3064311500614100042,3867.962402,31,Model_2
3064311500614100043,8674.179688,31,Model_2
3064311500614100044,13551.0918,31,Model_2
3064311500614100045,5346.408691,31,Model_2
3064311500614100046,6505.438477,31,Model_2
3064311500614100047,2585.032470703125,31,Model_2
3064311500614100048,4863.106445,31,Model_2
3064311500614100049,16029.33789,31,Model_2
3064311500614100050,4605.061523,31,Model_2
3064311500614100051,958.7608642578124,31,Model_2
3064311500614100052,2057.575927734375,31,Model_2
3064311500614100054,3116.642822265625,31,Model_2
3064311500614100055,3319.344238,31,Model_2
3064311500614100057,8125.438965,31,Model_2
3064311500614100058,6219.779785,31,Model_2
3064311500614100059,12048.52148,31,Model_2
3064311500614100060,9844.650391,31,Model_2
3064311500614100061,3049.97998,31,Model_2
3064311500614100062,4517.740723,31,Model_2
3064311500614100063,4387.45166,31,Model_2
3064311500614100064,2805.088867,31,Model_2
3064311500614100065,3108.184082,31,Model_2
3064311500614100067,9213.436523,31,Model_2
3064311500614100068,2109.683349609375,31,Model_2
3064311500614100069,4822.782227,31,Model_2
3064311500614100070,2177.028809,31,Model_2
3064311500614100071,5295.88623,31,Model_2
3064311500614100072,5562.82959,31,Model_2
3064311500614100073,11962.00781,31,Model_2
3064311500614100076,6083.441895,31,Model_2
3064311500614100077,4842.197266,31,Model_2
3064311500614100078,10139.14258,31,Model_2
3064311500614100079,7586.637695,31,Model_2
3064311500614100080,11793.48633,31,Model_2
3064311500614100081,4310.222168,31,Model_2
3064311500614100083,1789.11377,31,Model_2
3064311500614100085,2364.123047,31,Model_2
3064311500614100086,3857.904052734375,31,Model_2
3064311500614100087,4077.198974609375,31,Model_2
3064311500614100088,4254.258301,31,Model_2
3064311500614100089,6387.980957,31,Model_2
3064311500614100090,6232.040527,31,Model_2
3064311500614100092,4585.909668,31,Model_2
3064311500614100093,2151.580810546875,31,Model_2
3064311500614100094,5156.697266,31,Model_2
3064311500614100095,4481.755859,31,Model_2
3064311500614100097,9474.689453,31,Model_2
3064311500614100098,4169.570801,31,Model_2
3064311500614100099,8514.470703,31,Model_2
3064311500614100101,8604.620117,31,Model_2
3064311500614100102,5134.651855,31,Model_2
3064311500614100103,6177.96875,31,Model_2
3064311500614100104,5099.873047,31,Model_2
3064311500614100105,4814.815918,31,Model_2
3064311500614100106,7154.268555,31,Model_2
3064311500614100107,4556.085449,31,Model_2
3064311500614100108,20975.79492,31,Model_2
3064311500614100109,15205.99121,31,Model_2
3064311500614100111,5785.104004,31,Model_2
3064311500614100112,6073.67334,31,Model_2
3064311500614100113,4294.198242,31,Model_2
3064311500614100114,6277.73877,31,Model_2
3064311500614100115,10038.61523,31,Model_2
3064311500614100116,2616.350341796875,31,Model_2
3064311500614100118,4743.510742,31,Model_2
3064311500614100119,18449.84375,31,Model_2
3064311500614100120,6974.501465,31,Model_2
3064311500614100121,12366.19141,31,Model_2
3064311500614100122,3254.92041,31,Model_2
3064311500614100124,13451.77344,31,Model_2
3064311500614100126,8403.385742,31,Model_2
3064311500614100128,904.7964477539062,31,Model_2
3064311500614100130,10551.23926,31,Model_2
3064311500614100138,15469.1748,31,Model_2
3064311500614100139,3604.213379,31,Model_2
3064311500614100141,2422.20166,31,Model_2
3064311500614100144,27830.37109,31,Model_2
3064311500614100146,10008.8584,31,Model_2
3064311500614100147,7829.868652,31,Model_2
3064311500614100148,7860.013184,31,Model_2
3064311500614100152,8517.933594,31,Model_2
3064311500614100153,1754.3499755859375,31,Model_2
3064311500614100155,4739.0,31,Model_2
3064311500614100156,7569.407227,31,Model_2
3064311500614100157,7035.891113,31,Model_2
3064311500614100158,2672.652587890625,31,Model_2
3064311500614100163,381.1534729003906,31,Model_2
3064311500614100166,3518.071777,31,Model_2
3064311500614100167,1279.704102,31,Model_2
3064311500614100168,1009.431884765625,31,Model_2
3064311500614100169,3214.144287109375,31,Model_2
3064311500614100170,3994.587646484375,31,Model_2
3064311500614100171,21266.68164,31,Model_2
3064311500614100172,3935.458251953125,31,Model_2
3064311500614100173,726.6924438476562,31,Model_2
3064311500614100174,6388.15918,31,Model_2
3064311500614100175,5008.550293,31,Model_2
3064311500614100176,1393.1258544921875,31,Model_2
3064311500614100178,15576.98242,31,Model_2
3064311500614100179,4706.273926,31,Model_2
3064311500614100180,4265.071289,31,Model_2
3064311500615100010,4765.146973,31,Model_2
3064311500615100015,606.2489624023438,31,Model_2
3064311500615100021,4918.927734,31,Model_2
3064311500615100023,3570.986328,31,Model_2
3064311500615100029,7610.694336,31,Model_2
3064311500615100033,6099.272949,31,Model_2
3064311500615100035,4240.965332,31,Model_2
3064311500615100036,4073.002441,31,Model_2
3064311500615100041,5331.270508,31,Model_2
3064311500615100042,3246.740723,31,Model_2
3064311500615100043,5511.639648,31,Model_2
3064311500615100044,1932.777587890625,31,Model_2
3064311500615100045,5905.820313,31,Model_2
3064311500615100047,2665.320068359375,31,Model_2
3064311500615100048,1962.7254638671875,31,Model_2
3064311500615100049,1695.175048828125,31,Model_2
3064311500615100050,3651.479736328125,31,Model_2
3064311500615100051,2236.097656,31,Model_2
3064311500615100052,6570.559082,31,Model_2
3064311500615100054,4134.741211,31,Model_2
3064311500615100056,2437.054688,31,Model_2
3064311500615100057,3218.333008,31,Model_2
3064311500615100059,1246.999755859375,31,Model_2
3064311500615100060,4983.646973,31,Model_2
3064311500615100061,2554.198486328125,31,Model_2
3064311500615100062,3621.614258,31,Model_2
3064311500615100063,1200.623291015625,31,Model_2
3064311500615100064,4014.356934,31,Model_2
3064311500615100065,3891.024658203125,31,Model_2
3064311500615100066,2400.510986328125,31,Model_2
3064311500615100067,8616.463867,31,Model_2
3064311500615100069,5937.028809,31,Model_2
3064311500615100071,6764.680176,31,Model_2
3064311500615100072,3588.856445,31,Model_2
3064311500615100073,2583.342285,31,Model_2
3064311500615100074,3789.893066,31,Model_2
3064311500615100075,3367.727051,31,Model_2
3064311500615100077,1646.661376953125,31,Model_2
3064311500615100078,4121.237793,31,Model_2
3064311500615100079,4782.375,31,Model_2
3064311500615100081,5166.027832,31,Model_2
3064311500615100083,3219.425537109375,31,Model_2
3064311500615100084,3989.65625,31,Model_2
3064311500615100085,4002.417969,31,Model_2
3064311500615100086,8049.526855,31,Model_2
3064311500615100087,12004.19629,31,Model_2
3064311500615100090,4980.902344,31,Model_2
3064311500615100091,4775.394531,31,Model_2
3064311500615100092,5731.970215,31,Model_2
3064311500615100093,3235.111328,31,Model_2
3064311500615100094,1805.371582,31,Model_2
3064311500615100095,2080.941650390625,31,Model_2
3064311500615100096,7368.822266,31,Model_2
3064311500615100097,3052.895263671875,31,Model_2
3064311500615100098,9726.632813,31,Model_2
3064311500615100099,1835.910156,31,Model_2
3064311500615100101,4580.452637,31,Model_2
3064311500615100102,3568.402344,31,Model_2
3064311500615100103,5000.813477,31,Model_2
3064311500615100104,5132.387695,31,Model_2
3064311500615100105,7404.765625,31,Model_2
3064311500615100106,3408.095215,31,Model_2
3064311500615100108,4173.533691,31,Model_2
3064311500615100110,6053.767578,31,Model_2
3064311500615100111,7252.493164,31,Model_2
3064311500615100112,8725.695313,31,Model_2
3064311500615100113,2045.9002685546875,31,Model_2
3064311500615100114,9635.645508,31,Model_2
3064311500615100116,4045.217529296875,31,Model_2
3064311500615100117,1236.1400146484375,31,Model_2
3064311500615100119,8349.133789,31,Model_2
3064311500615100121,2720.464844,31,Model_2
3064311500615100123,4966.13916,31,Model_2
3064311500615100124,2163.212402,31,Model_2
3064311500615100125,7073.306152,31,Model_2
3064311500615100126,5199.114746,31,Model_2
3064311500615100128,4610.286621,31,Model_2
3064311500615100129,1426.4447021484375,31,Model_2
3064311500615100130,3940.064941,31,Model_2
3064311500615100131,6330.499023,31,Model_2
3064311500615100132,6957.115234,31,Model_2
3064311500615100133,18684.36328,31,Model_2
3064311500615100134,3875.156738,31,Model_2
3064311500615100136,5460.908203,31,Model_2
3064311500615100138,9778.93457,31,Model_2
3064311500615100140,15431.60449,31,Model_2
3064311500615100144,6189.191895,31,Model_2
3064311500615100145,6156.794434,31,Model_2
3064311500615100146,4920.128418,31,Model_2
3064311500615100147,3533.724121,31,Model_2
3064311500615100150,11187.25977,31,Model_2
3064311500615100152,4171.700684,31,Model_2
3064311500615100153,11020.65137,31,Model_2
3064311500615100155,23053.81836,31,Model_2
3064311500615100156,10671.4043,31,Model_2
3064311500615100159,6045.193848,31,Model_2
3064311500615100163,12774.9834,31,Model_2
3064311500615100166,336.1192321777344,31,Model_2
3064311500615100171,4938.518066,31,Model_2
3064311500615100172,4216.589844,31,Model_2
3064311500615100174,13237.40625,31,Model_2
3064311500615100176,6540.97168,31,Model_2
3064311500615100178,739.0606079101562,31,Model_2
3064311500615100179,4747.953125,31,Model_2
3064311500615100180,3145.510986328125,31,Model_2
3064311500615100181,896.1245727539062,31,Model_2
3064311500615100182,4120.737305,31,Model_2
3064311500615100184,1271.1920166015625,31,Model_2
3064311500615100185,8181.666504,31,Model_2
3064311500615100186,5258.864258,31,Model_2
3064311500615100189,13790.96094,31,Model_2
3064311500615100192,1107.1827392578125,31,Model_2
3064311500615100194,4383.99707,31,Model_2
3064311500615100196,4961.405762,31,Model_2
3064311500615100199,7969.973145,31,Model_2
3064311500615100200,395.4624023,31,Model_2
3064311500615100201,7982.842773,31,Model_2
3064311500615100202,676.5103759765625,31,Model_2
3064311500615100204,10234.61328,31,Model_2
3064311500615100208,4735.299805,31,Model_2
3064311500615100210,8555.702148,31,Model_2
3064311500615100214,2024.8082275390625,31,Model_2
3064311500615100216,8894.732422,31,Model_2
3064311500615100219,1069.2476806640625,31,Model_2
3064311500615100224,684.5156860351562,31,Model_2
3064311500616100018,9436.020508,31,Model_2
3064311500616100019,5900.650879,31,Model_2
3064311500616100025,8331.661133,31,Model_2
3064311500616100026,5871.664063,31,Model_2
3064311500616100029,5653.183105,31,Model_2
3064311500616100033,4412.687988,31,Model_2
3064311500616100036,6134.728027,31,Model_2
3064311500616100039,4915.748535,31,Model_2
3064311500616100040,11443.9043,31,Model_2
3064311500616100042,4385.899902,31,Model_2
3064311500616100043,1596.6346435546875,31,Model_2
3064311500616100044,8286.208984,31,Model_2
3064311500616100045,3668.270996,31,Model_2
3064311500616100046,3831.0,31,Model_2
3064311500616100047,5530.987305,31,Model_2
3064311500616100048,3604.439697265625,31,Model_2
3064311500616100051,5099.455566,31,Model_2
3064311500616100052,4349.971191,31,Model_2
3064311500616100056,6735.330078,31,Model_2
3064311500616100057,4886.598145,31,Model_2
3064311500616100059,4995.069824,31,Model_2
3064311500616100061,2918.833984,31,Model_2
3064311500616100062,2830.092773,31,Model_2
3064311500616100063,4372.843262,31,Model_2
3064311500616100064,4461.782715,31,Model_2
3064311500616100066,5953.811035,31,Model_2
3064311500616100067,1761.78125,31,Model_2
3064311500616100068,9081.673828,31,Model_2
3064311500616100069,5821.650879,31,Model_2
3064311500616100070,2062.577148,31,Model_2
3064311500616100072,4364.482422,31,Model_2
3064311500616100073,8270.147461,31,Model_2
3064311500616100074,7169.99707,31,Model_2
3064311500616100076,611.6666870117188,31,Model_2
3064311500616100077,5003.715332,31,Model_2
3064311500616100078,3931.115966796875,31,Model_2
3064311500616100079,7675.391602,31,Model_2
3064311500616100080,3918.020751953125,31,Model_2
3064311500616100081,3625.839599609375,31,Model_2
3064311500616100082,5457.051758,31,Model_2
3064311500616100084,3900.742919921875,31,Model_2
3064311500616100085,7254.157715,31,Model_2
3064311500616100086,2937.967041015625,31,Model_2
3064311500616100088,6984.052246,31,Model_2
3064311500616100091,2358.363037109375,31,Model_2
3064311500616100092,8905.631836,31,Model_2
3064311500616100093,1902.341064453125,31,Model_2
3064311500616100094,9445.900391,31,Model_2
3064311500616100095,2980.230957,31,Model_2
3064311500616100096,6353.163086,31,Model_2
3064311500616100097,6164.380859,31,Model_2
3064311500616100099,7442.604492,31,Model_2
3064311500616100100,5807.175781,31,Model_2
3064311500616100101,2522.858398,31,Model_2
3064311500616100103,2591.371582,31,Model_2
3064311500616100104,2402.955078,31,Model_2
3064311500616100105,5813.64502,31,Model_2
3064311500616100106,4779.498047,31,Model_2
3064311500616100107,3777.416504,31,Model_2
3064311500616100108,3090.974365234375,31,Model_2
3064311500616100110,3650.573486328125,31,Model_2
3064311500616100113,4496.14209,31,Model_2
3064311500616100114,4025.150879,31,Model_2
3064311500616100115,2798.01123,31,Model_2
3064311500616100118,15223.32715,31,Model_2
3064311500616100119,3692.26123,31,Model_2
3064311500616100120,5231.383301,31,Model_2
3064311500616100125,7714.30127,31,Model_2
3064311500624100003,9831.685547,6,Model_2
3064311500624100004,9616.018555,6,Model_2
3064311500624100005,6410.34668,6,Model_2
3064311500624100009,3769.076904296875,6,Model_2
3064311500624100010,12927.28516,6,Model_2
3064311500624100011,5816.169922,6,Model_2
3064311500624100013,5330.140137,6,Model_2
3064311500624100015,15320.38965,6,Model_2
3064311500624100017,22299.67383,6,Model_2
3064311500624100019,4724.664551,6,Model_2
3064311500624100021,8787.498047,6,Model_2
3064311500624100022,8295.058594,6,Model_2
3064311500624100027,20109.48242,6,Model_2
3064311500624100029,7605.074707,6,Model_2
3064311500624100041,7047.388184,6,Model_2
3064311500624100045,5013.020996,6,Model_2
3064311500624100047,11134.24707,6,Model_2
3064311500624100048,10947.05469,6,Model_2
3064311500624100050,16043.76953,6,Model_2
3064311500624100051,5790.172852,6,Model_2
3064311500624100053,10092.79688,6,Model_2
3064311500624100055,5406.27002,6,Model_2
3064311500624100058,2306.308105,6,Model_2
3064311500624100059,12144.15527,6,Model_2
3064311500624100060,21075.22461,6,Model_2
3064311500624100061,6057.795898,6,Model_2
3064311500624100064,9663.145508,6,Model_2
3064311500624100067,14767.04492,6,Model_2
3064311500624100069,13409.08105,6,Model_2
3064311500624100071,17433.48242,6,Model_2
3064311500624100075,24113.59375,6,Model_2
3064311500625100010,45391.15234,6,Model_2
3064311500625100014,3300.152587890625,6,Model_2
3064311500625100019,9586.686523,6,Model_2
3064311500625100020,10385.89551,6,Model_2
3064311500625100021,9635.772461,6,Model_2
3064311500625100022,8699.738281,6,Model_2
3064311500625100025,11187.76758,6,Model_2
3064311500625100026,13694.74707,6,Model_2
3064311500625100029,31363.4082,6,Model_2
3064311500625100030,7687.835938,6,Model_2
3064311500625100032,8454.24707,6,Model_2
3064311500625100033,13468.54883,6,Model_2
3064311500625100035,12049.68164,6,Model_2
3064311500625100036,3620.656738,6,Model_2
3064311500625100040,12153.57129,6,Model_2
3064311500625100043,25941.00781,6,Model_2
3064311500625100046,14251.51172,6,Model_2
3064311500625100060,12282.09668,6,Model_2
3064311500625100062,32047.86523,6,Model_2
3064311500625100063,11997.31934,6,Model_2
3064311500625100064,13055.69434,6,Model_2
3064311500625100065,15552.17285,6,Model_2
3064311500625100069,21243.35547,6,Model_2
3064311500625100079,7789.836914,6,Model_2
3064311500625100080,20460.67188,6,Model_2
3064311500625100083,10259.44922,6,Model_2
3064311500625100086,8315.423828,6,Model_2
3064311500625100090,26482.85938,6,Model_2
3064311500625100091,10754.89648,6,Model_2
3064311500625100092,9208.523438,6,Model_2
3064311500625100096,7429.032227,6,Model_2
3064311500625100097,14323.56445,6,Model_2
3064311500625100100,19452.58789,6,Model_2
3064311500625100101,14231.4502,6,Model_2
3064311500625100104,12453.47852,6,Model_2
3064311500625100106,25814.98242,6,Model_2
3064311500625100109,5598.160645,6,Model_2
3064311500625100111,15127.53418,6,Model_2
3064311500625100113,4705.687988,6,Model_2
3064311500625100114,12487.40332,6,Model_2
3064311500625100116,15612.24316,6,Model_2
3064311500625100118,4364.651367,6,Model_2
3064311500626100006,4075.710938,6,Model_2
3064311500626100008,11919.37988,6,Model_2
3064311500626100013,19759.37305,6,Model_2
3064311500626100019,8911.175781,6,Model_2
3064311500626100020,5231.519531,6,Model_2
3064311500626100022,6723.924805,6,Model_2
3064311500626100027,11962.88477,6,Model_2
3064311500626100030,9002.770508,6,Model_2
3064311500626100032,21227.81641,6,Model_2
3064311500626100034,14982.33594,6,Model_2
3064311500626100038,15174.65332,6,Model_2
3064311500626100040,6988.321777,6,Model_2
3064311500626100047,13414.08691,6,Model_2
3064311500626100048,5323.28418,6,Model_2
3064311500626100050,11303.78906,6,Model_2
3064311500626100051,7558.464355,6,Model_2
3064311500626100053,7947.739746,6,Model_2
3064311500626100055,9371.65332,6,Model_2
3064311500626100062,7615.33252,6,Model_2
3064311500626100063,15983.35449,6,Model_2
3064311500626100067,12873.95508,6,Model_2
3064311500626100072,9386.355469,6,Model_2
3064311500626100077,15429.4834,6,Model_2
3064311500626100081,12932.12109,6,Model_2
3064311500626100083,4620.874512,6,Model_2
3064311500626100084,10090.81055,6,Model_2
3064311500626100089,19337.01563,6,Model_2
3064311500626100090,7427.310059,6,Model_2
3064311500626100091,9303.34082,6,Model_2
3064311500626100093,18841.48047,6,Model_2
3064311500626100094,3391.730224609375,6,Model_2
3064311500626100095,11476.65625,6,Model_2
3064311500626100096,8939.898438,6,Model_2
3064311500626100098,15578.41992,6,Model_2
3064311500626100101,1778.741699,6,Model_2
3064311500626100102,7640.458008,6,Model_2
3064311500626100104,17183.20703,6,Model_2
3064311500626100105,7122.432617,6,Model_2
3064311500626100106,1498.5589599609375,6,Model_2
3064311500626100108,5253.109375,6,Model_2
3064311500626100109,15618.66211,6,Model_2
3064311500626100110,5762.835449,6,Model_2
3064311500626100112,2605.064941,6,Model_2
3064311500626100114,10400.02734,6,Model_2
3064311500626100115,1836.501465,6,Model_2
3064311500626100116,9316.294922,6,Model_2
3064311500626100117,4773.265625,6,Model_2
3064311500626100118,9742.173828,6,Model_2
3064311500627100006,7853.919434,6,Model_2
3064311500627100008,12108.9502,6,Model_2
3064311500627100016,8639.658203,6,Model_2
3064311500627100018,2786.368408203125,6,Model_2
3064311500627100019,8128.044922,6,Model_2
3064311500627100020,3278.062744140625,6,Model_2
3064311500627100021,4730.875,6,Model_2
3064311500627100022,5676.845215,6,Model_2
3064311500627100023,7781.27002,6,Model_2
3064311500627100025,10129.51953,6,Model_2
3064311500627100028,13804.25,6,Model_2
3064311500627100029,2550.44873,6,Model_2
3064311500627100031,2283.535156,6,Model_2
3064311500627100033,21339.17383,6,Model_2
3064311500627100035,14381.50293,6,Model_2
3064311500627100037,8376.313477,6,Model_2
3064311500627100038,2379.905762,6,Model_2
3064311500627100039,17519.53516,6,Model_2
3064311500627100040,3949.428955078125,6,Model_2
3064311500627100041,11328.00293,6,Model_2
3064311500627100045,4641.15625,6,Model_2
3064311500627100046,18041.0,6,Model_2
3064311500627100048,8292.681641,6,Model_2
3064311500627100049,9759.454102,6,Model_2
3064311500627100050,6946.554199,6,Model_2
3064311500627100051,8464.371094,6,Model_2
3064311500627100053,2785.798828,6,Model_2
3064311500627100056,10174.29785,6,Model_2
3064311500627100057,5788.115234,6,Model_2
3064311500627100059,6650.49707,6,Model_2
3064311500627100063,4037.82373,6,Model_2
3064311500627100064,7294.532715,6,Model_2
3064311500627100066,3049.903564453125,6,Model_2
3064311500627100067,6892.897461,6,Model_2
3064311500627100069,5517.032227,6,Model_2
3064311500627100070,11841.16895,6,Model_2
3064311500627100071,3463.196044921875,6,Model_2
3064311500627100072,16291.69043,6,Model_2
3064311500627100074,3909.404297,6,Model_2
3064311500627100076,5301.486328,6,Model_2
3064311500627100077,8328.18457,6,Model_2
3064311500628100012,9805.084961,10,Model_2
3064311500628100014,6274.331055,10,Model_2
3064311500628100018,11674.78809,10,Model_2
3064311500628100021,3884.790527,10,Model_2
3064311500628100022,7424.31543,10,Model_2
3064311500628100023,5328.530273,10,Model_2
3064311500628100024,4256.70459,10,Model_2
3064311500628100025,3117.677001953125,10,Model_2
3064311500628100027,6931.693359,10,Model_2
3064311500628100029,14409.20898,10,Model_2
3064311500628100033,13374.14453,10,Model_2
3064311500628100034,5737.343262,10,Model_2
3064311500628100039,6570.988281,10,Model_2
3064311500628100042,4235.875488,10,Model_2
3064311500628100043,4335.763672,10,Model_2
3064311500628100047,1439.3526611328125,10,Model_2
3064311500628100050,4628.37207,10,Model_2
3064311500628100052,3756.005126953125,10,Model_2
3064311500628100053,12518.21484,10,Model_2
3064311500628100060,3769.42041,10,Model_2
3064311500629100007,724.2167358398438,10,Model_2
3064311500629100008,7513.615234,10,Model_2
3064311500629100010,12593.00977,10,Model_2
3064311500629100011,8480.873047,10,Model_2
3064311500629100012,8990.954102,10,Model_2
3064311500629100015,10322.70117,10,Model_2
3064311500629100018,11249.98535,10,Model_2
3064311500629100022,12238.01172,10,Model_2
3064311500629100023,1814.464844,10,Model_2
3064311500629100024,7526.629395,10,Model_2
3064311500629100025,3578.9375,10,Model_2
3064311500629100026,8217.580078,10,Model_2
3064311500629100027,5728.748047,10,Model_2
3064311500629100028,8526.477539,10,Model_2
3064311500629100029,7199.338867,10,Model_2
3064311500629100031,21288.79297,10,Model_2
3064311500629100035,11645.8916,10,Model_2
3064311500629100036,10136.16992,10,Model_2
3064311500629100037,7384.368652,10,Model_2
3064311500629100038,7975.584961,10,Model_2
3064311500629100039,10452.97363,10,Model_2
3064311500629100041,12365.52148,10,Model_2
3064311500629100045,8196.202148,10,Model_2
3064311500629100046,9085.50293,10,Model_2
3064311500629100049,8564.458008,10,Model_2
3064311500629100050,5265.155762,10,Model_2
3064311500629100053,12302.5918,10,Model_2
3064311500629100056,3625.821289,10,Model_2
3064311500629100057,7077.015137,10,Model_2
3064311500629100062,4228.092773,10,Model_2
3064311500629100066,3909.240234,10,Model_2
3064311500629100067,5542.316895,10,Model_2
3064311500629100069,11048.58203,10,Model_2
3064311500629100071,4533.353027,10,Model_2
3064311500629100076,27541.23242,10,Model_2
3064311500629100078,15059.95703,10,Model_2
3064311500629100079,3747.554199,10,Model_2
3064311500629100080,7810.555176,10,Model_2
3064311500629100081,3646.245361328125,10,Model_2
3064311500629100083,1464.946533203125,10,Model_2
3064311500629100084,4530.98877,10,Model_2
3064311500629100085,4669.201172,10,Model_2
3064311500629100086,6384.810059,10,Model_2
3064311500629100090,2711.334716796875,10,Model_2
3064311500629100091,6578.250488,10,Model_2
3064311500629100093,4066.121582,10,Model_2
3064311500629100094,7057.994141,10,Model_2
3064311500629100096,2428.285645,10,Model_2
3064311500629100099,6616.09082,10,Model_2
3064311500629100100,556.9418334960938,10,Model_2
3064311500629100101,6633.231445,10,Model_2
3064311500629100106,24470.24609,10,Model_2
3064311500629100107,6460.247559,10,Model_2
3064311500629100109,5385.91748,10,Model_2
3064311500629100110,4548.40918,10,Model_2
3064311500629100112,4377.833496,10,Model_2
3064311500629100114,6870.022949,10,Model_2
3064311500629100118,2588.766602,10,Model_2
3064311500629100121,7671.612793,10,Model_2
3064311500629100122,8225.75,10,Model_2
3064311500629100126,5412.039551,10,Model_2
3064311500629100127,6043.013672,10,Model_2
3064311500629100128,757.0961303710938,10,Model_2
3064311500629100129,18987.03516,10,Model_2
3064311500629100130,8489.083008,10,Model_2
3064311500629100131,2153.671387,10,Model_2
3064311500629100132,10129.26758,10,Model_2
3064311500629100133,4922.824707,10,Model_2
3064311500629100134,7074.976563,10,Model_2
3064311500629100135,1625.5076904296875,10,Model_2
3064311500629100138,8332.676758,10,Model_2
3064311500629100141,1452.072998046875,10,Model_2
3064311500629100143,5448.393555,10,Model_2
3064311500629100144,5850.066406,10,Model_2
3064311500629100145,5245.746582,10,Model_2
3064311500629100146,977.6471557617188,10,Model_2
3064311500629100147,8741.189453,10,Model_2
3064311500629100149,8285.073242,10,Model_2
3064311500629100150,8530.236328,10,Model_2
3064311500629100151,3456.580078,10,Model_2
3064311500629100152,3914.436767578125,10,Model_2
3064311500629100154,838.4978637695312,10,Model_2
3064311500629100155,4575.152832,10,Model_2
3064311500629100156,12196.86621,10,Model_2
3064311500629100157,3107.112548828125,10,Model_2
3064311500629100158,18541.76172,10,Model_2
3064311500629100161,3617.621094,10,Model_2
3064311500629100162,4844.163086,10,Model_2
3064311500629100164,10015.3584,10,Model_2
3064311500629100165,6075.693848,10,Model_2
3064311500629100167,3579.971923828125,10,Model_2
3064311500629100169,2976.621337890625,10,Model_2
3064311500629100170,3950.749023,10,Model_2
3064311500629100171,4529.686523,10,Model_2
3064311500629100176,10645.6377,10,Model_2
3064311500629100178,11302.06543,10,Model_2
3064311500629100181,5410.235352,10,Model_2
3064311500629100182,7450.16748,10,Model_2
3064311500629100183,4766.64209,10,Model_2
3064311500630100019,7100.588379,10,Model_2
3064311500630100021,3069.369629,10,Model_2
3064311500630100022,1866.775879,10,Model_2
3064311500630100026,9641.501953,10,Model_2
3064311500630100028,4819.462402,10,Model_2
3064311500630100029,7032.793945,10,Model_2
3064311500630100030,7477.22998,10,Model_2
3064311500630100031,15028.94043,10,Model_2
3064311500630100032,4430.583496,10,Model_2
3064311500630100037,2440.600341796875,10,Model_2
3064311500630100038,5521.482422,10,Model_2
3064311500630100042,17962.80078,10,Model_2
3064311500630100044,5447.599609,10,Model_2
3064311500630100045,15251.2373,10,Model_2
3064311500630100053,4393.387207,10,Model_2
3064311500630100054,2195.704102,10,Model_2
3064311500630100055,9469.572266,10,Model_2
3064311500630100057,13318.26367,10,Model_2
3064311500630100059,1585.9473876953125,10,Model_2
3064311500630100062,8470.647461,10,Model_2
3064311500630100063,3849.568359,10,Model_2
3064311500630100064,11497.50195,10,Model_2
3064311500630100066,15009.47461,10,Model_2
3064311500630100069,1839.658447265625,10,Model_2
3064311500630100071,6831.322266,10,Model_2
3064311500630100080,7575.29541,10,Model_2
3064311500630100083,8976.577148,10,Model_2
3064311500630100086,3775.736572265625,10,Model_2
3064311500630100092,5772.092773,10,Model_2
3064311500630100094,5978.48291,10,Model_2
3064311500630100097,4451.01123,10,Model_2
3064311500630100098,1121.7156982421875,10,Model_2
3064311500630100099,7030.072266,10,Model_2
3064311500630100100,4938.307617,10,Model_2
3064311500630100105,15462.03906,10,Model_2
3064311500630100107,10266.81641,10,Model_2
3064311500630100108,6886.69043,10,Model_2
3064311500630100112,2128.784423828125,10,Model_2
3064311500630100114,11577.80176,10,Model_2
3064311500630100115,5966.941895,10,Model_2
3064311500630100116,3704.862793,10,Model_2
3064311500630100119,1179.6783447265625,10,Model_2
3064311500630100120,8864.12207,10,Model_2
3064311500630100121,7315.597168,10,Model_2
3064311500630100122,11673.11719,10,Model_2
3064311500630100125,8574.003906,10,Model_2
3064311500630100132,8100.044922,10,Model_2
3064311500630100133,5316.703613,10,Model_2
3064311500630100135,9877.740234,10,Model_2
3064311500630100136,6330.225586,10,Model_2
3064311500630100142,2380.474121,10,Model_2
3064311500630100143,11139.75098,10,Model_2
3064311500630100145,8118.582031,10,Model_2
3064311500630100148,5321.379395,10,Model_2
3064311500630100151,6914.659668,10,Model_2
3064311500630100152,4730.581543,10,Model_2
3064311500631100010,4362.442871,10,Model_2
3064311500631100013,3143.000977,10,Model_2
3064311500631100014,6157.409668,10,Model_2
3064311500631100016,6512.843262,10,Model_2
3064311500631100019,5697.8125,10,Model_2
3064311500631100021,4346.400391,10,Model_2
3064311500631100022,7552.691895,10,Model_2
3064311500631100024,7485.884766,10,Model_2
3064311500631100025,4341.518555,10,Model_2
3064311500631100026,2912.484619140625,10,Model_2
3064311500631100027,5748.013672,10,Model_2
3064311500631100028,7083.08252,10,Model_2
3064311500631100030,5517.79248,10,Model_2
3064311500631100031,4191.706055,10,Model_2
3064311500631100032,2967.402099609375,10,Model_2
3064311500631100034,13355.95703,10,Model_2
3064311500631100035,2173.269775390625,10,Model_2
3064311500631100036,5647.022461,10,Model_2
3064311500631100037,8736.010742,10,Model_2
3064311500631100039,9158.871094,10,Model_2
3064311500631100040,5395.734863,10,Model_2
3064311500631100042,5471.169434,10,Model_2
3064311500631100044,3363.757324,10,Model_2
3064311500631100046,5260.629883,10,Model_2
3064311500631100047,1445.735595703125,10,Model_2
3064311500631100049,4591.066406,10,Model_2
3064311500631100050,9072.878906,10,Model_2
3064311500631100051,8127.438477,10,Model_2
3064311500631100053,5537.108887,10,Model_2
3064311500631100054,5295.373535,10,Model_2
3064311500631100055,4226.721191,10,Model_2
3064311500631100056,24312.32031,10,Model_2
3064311500631100057,14063.21484,10,Model_2
3064311500631100058,2529.112548828125,10,Model_2
3064311500631100059,3759.447754,10,Model_2
3064311500631100060,5238.783691,10,Model_2
3064311500631100061,8652.758789,10,Model_2
3064311500631100062,5165.490234,10,Model_2
3064311500631100064,5685.621582,10,Model_2
3064311500631100065,4262.243164,10,Model_2
3064311500631100067,21455.89453,10,Model_2
3064311500631100068,7157.972168,10,Model_2
3064311500631100070,12027.24609,10,Model_2
3064311500631100072,5335.819824,10,Model_2
3064311500631100073,5870.327148,10,Model_2
3064311500631100074,20232.25781,10,Model_2
3064311500631100076,9143.398438,10,Model_2
3064311500631100077,10303.90723,10,Model_2
3064311500631100079,5312.531738,10,Model_2
3064311500631100080,8520.923828,10,Model_2
3064311500631100081,12374.30469,10,Model_2
3064311500631100084,3897.429443359375,10,Model_2
3064311500631100087,8418.694336,10,Model_2
3064311500631100088,4304.858398,10,Model_2
3064311500631100089,1404.708984,10,Model_2
3064311500631100092,8151.135742,10,Model_2
3064311500631100093,5521.84375,10,Model_2
3064311500631100094,3088.605957,10,Model_2
3064311500631100096,5162.658203,10,Model_2
3064311500631100098,2179.242188,10,Model_2
3064311500631100099,4347.835449,10,Model_2
3064311500631100100,752.5130004882812,10,Model_2
3064311500631100108,2157.375977,10,Model_2
3064311500631100110,4094.562988,10,Model_2
3064311500631100111,5468.067383,10,Model_2
3064311500631100112,4679.957031,10,Model_2
3064311500632100012,11735.03418,16,Model_2
3064311500632100042,1846.96582,16,Model_2
3064311500633100003,3805.246094,16,Model_2
3064311500633100004,4502.633301,16,Model_2
3064311500633100005,7504.300781,16,Model_2
3064311500633100006,8269.754883,16,Model_2
3064311500633100010,4185.399902,16,Model_2
3064311500633100012,9486.980469,16,Model_2
3064311500633100015,16292.00879,16,Model_2
3064311500633100016,6901.45166,16,Model_2
3064311500633100017,20084.79297,16,Model_2
3064311500633100018,4606.742676,16,Model_2
3064311500633100019,6627.153809,16,Model_2
3064311500633100020,3043.323486328125,16,Model_2
3064311500633100021,8276.006836,16,Model_2
3064311500633100022,16108.90625,16,Model_2
3064311500633100023,4423.075195,16,Model_2
3064311500633100024,5576.826172,16,Model_2
3064311500633100025,15137.99707,16,Model_2
3064311500633100028,5957.483887,16,Model_2
3064311500633100029,2342.624512,16,Model_2
3064311500633100030,2743.410156,16,Model_2
3064311500633100031,5405.491211,16,Model_2
3064311500633100032,9121.885742,16,Model_2
3064311500633100033,2319.647705078125,16,Model_2
3064311500633100036,3662.218994140625,16,Model_2
3064311500633100037,9165.507813,16,Model_2
3064311500633100038,8678.799805,16,Model_2
3064311500633100039,9684.463867,16,Model_2
3064311500633100040,10602.20215,16,Model_2
3064311500633100041,7333.024902,16,Model_2
3064311500633100042,12669.56055,16,Model_2
3064311500633100043,4000.713379,16,Model_2
3064311500633100044,10878.78223,16,Model_2
3064311500633100045,941.1799316,16,Model_2
3064311500633100047,5127.416016,16,Model_2
3064311500633100050,1926.057373046875,16,Model_2
3064311500633100051,14152.02051,16,Model_2
3064311500633100052,4236.873047,16,Model_2
3064311500633100055,4874.286621,16,Model_2
3064311500633100057,798.5993652,16,Model_2
3064311500633100058,3746.835205078125,16,Model_2
3064311500633100059,5226.637207,16,Model_2
3064311500633100061,683.0055541992188,16,Model_2
3064311500633100062,1268.4803466796875,16,Model_2
3064311500633100063,4181.276855,16,Model_2
3064311500633100066,1947.3538818359375,16,Model_2
3064311500633100067,19721.83203,16,Model_2
3064311500633100071,2441.891602,16,Model_2
3064311500633100072,14620.15918,16,Model_2
3064311500633100075,10346.76367,16,Model_2
3064311500633100077,15841.01563,16,Model_2
3064311500633100079,4101.154297,16,Model_2
3064311500633100080,25773.05664,16,Model_2
3064311500633100084,3487.288574,16,Model_2
3064311500633100087,35626.00781,16,Model_2
3064311500633100088,14496.31055,16,Model_2
3064311500633100089,3408.563232421875,16,Model_2
3064311500633100090,4069.631836,16,Model_2
3064311500633100092,7212.433594,16,Model_2
3064311500633100094,3227.055664,16,Model_2
3064311500633100097,2864.207275390625,16,Model_2
3064311500633100102,2393.280273,16,Model_2
3064311500633100106,4845.756348,16,Model_2
3064311500633100107,3100.946777,16,Model_2
3064311500633100108,1698.7872314453125,16,Model_2
3064311500633100109,5335.260254,16,Model_2
3064311500633100110,6192.286621,16,Model_2
3064311500633100111,4223.004883,16,Model_2
3064311500633100114,3961.216064453125,16,Model_2
3064311500633100115,2440.273438,16,Model_2
3064311500633100116,4897.670898,16,Model_2
3064311500633100118,3026.829833984375,16,Model_2
3064311500633100119,3221.632324,16,Model_2
3064311500633100121,5284.741211,16,Model_2
3064311500633100124,3530.910156,16,Model_2
3064311500634100004,4768.41748,16,Model_2
3064311500634100005,7315.386719,16,Model_2
3064311500634100006,11027.41211,16,Model_2
3064311500634100009,6110.313965,16,Model_2
3064311500634100013,25440.42188,16,Model_2
3064311500634100014,6002.40332,16,Model_2
3064311500634100017,10755.66211,16,Model_2
3064311500634100018,9621.930664,16,Model_2
3064311500634100020,18985.08984,16,Model_2
3064311500634100027,3503.263427734375,16,Model_2
3064311500634100028,3467.610595703125,16,Model_2
3064311500634100029,8174.364746,16,Model_2
3064311500634100030,12036.37988,16,Model_2
3064311500634100032,16512.12109,16,Model_2
3064311500634100033,9749.724609,16,Model_2
3064311500634100034,11996.45215,16,Model_2
3064311500634100035,2207.505371,16,Model_2
3064311500634100036,3666.570068359375,16,Model_2
3064311500634100037,4068.288086,16,Model_2
3064311500634100038,5418.280273,16,Model_2
3064311500634100039,3702.398926,16,Model_2
3064311500634100040,5538.455566,16,Model_2
3064311500634100041,5628.441895,16,Model_2
3064311500634100042,15245.54785,16,Model_2
3064311500634100043,5417.211426,16,Model_2
3064311500634100044,5989.488281,16,Model_2
3064311500634100045,8944.990234,16,Model_2
3064311500634100047,10312.35156,16,Model_2
3064311500634100048,26352.88281,16,Model_2
3064311500634100049,5750.085449,16,Model_2
3064311500634100050,8420.205078,16,Model_2
3064311500634100052,8558.397461,16,Model_2
3064311500634100053,9831.007813,16,Model_2
3064311500634100054,19968.66016,16,Model_2
3064311500634100055,10230.36914,16,Model_2
3064311500634100056,1754.75293,16,Model_2
3064311500634100057,5865.944824,16,Model_2
3064311500634100062,12646.27734,16,Model_2
3064311500634100064,17998.03906,16,Model_2
3064311500634100065,2210.17627,16,Model_2
3064311500634100067,17445.19531,16,Model_2
3064311500634100069,6430.591309,16,Model_2
3064311500634100070,6995.478027,16,Model_2
3064311500634100072,12383.48242,16,Model_2
3064311500634100074,2176.356201171875,16,Model_2
3064311500634100077,20851.20898,16,Model_2
3064311500634100078,14651.68555,16,Model_2
3064311500634100079,6244.78418,16,Model_2
3064311500634100080,14017.44336,16,Model_2
3064311500634100081,5887.725586,16,Model_2
3064311500634100082,8505.333984,16,Model_2
3064311500634100083,7557.699219,16,Model_2
3064311500634100084,3662.720458984375,16,Model_2
3064311500634100085,7112.645508,16,Model_2
3064311500634100087,20708.84375,16,Model_2
3064311500634100088,5454.539063,16,Model_2
3064311500634100090,6239.53125,16,Model_2
3064311500634100092,3115.360107421875,16,Model_2
3064311500634100094,235.6811523,16,Model_2
3064311500634100095,11727.98633,16,Model_2
3064311500634100096,11755.77344,16,Model_2
3064311500634100097,6547.689453,16,Model_2
3064311500634100098,22882.82031,16,Model_2
3064311500634100101,7252.15918,16,Model_2
3064311500634100102,5830.816895,16,Model_2
3064311500634100103,8379.833008,16,Model_2
3064311500634100105,7401.027344,16,Model_2
3064311500634100106,5368.082031,16,Model_2
3064311500634100108,12667.19238,16,Model_2
3064311500634100111,11634.18164,16,Model_2
3064311500634100115,4693.260254,16,Model_2
3064311500634100116,17808.74023,16,Model_2
3064311500634100117,1934.0928955078125,16,Model_2
3064311500634100118,8014.731445,16,Model_2
3064311500634100120,15533.14258,16,Model_2
3064311500634100121,2267.661621,16,Model_2
3064311500634100122,9863.500977,16,Model_2
3064311500634100124,4857.23877,16,Model_2
3064311500634100126,4133.198242,16,Model_2
3064311500634100128,3952.42041,16,Model_2
3064311500634100130,18403.02148,16,Model_2
3064311500634100131,941.2312622070312,16,Model_2
3064311500634100132,2829.148193359375,16,Model_2
3064311500634100133,2840.442383,16,Model_2
3064311500634100134,7562.640625,16,Model_2
3064311500634100137,819.434082,16,Model_2
3064311500634100138,9448.448242,16,Model_2
3064311500634100140,6448.231934,16,Model_2
3064311500634100141,765.6687012,16,Model_2
3064311500634100142,6099.56543,16,Model_2
3064311500634100143,6257.501953,16,Model_2
3064311500634100145,4509.748535,16,Model_2
3064311500634100147,12964.30371,16,Model_2
3064311500634100149,6533.645508,16,Model_2
3064311500634100150,8202.491211,16,Model_2
3064311500634100151,2990.187988,16,Model_2
3064311500634100153,5430.188965,16,Model_2
3064311500634100155,3638.272216796875,16,Model_2
3064311500634100156,12141.57031,16,Model_2
3064311500634100157,8829.494141,16,Model_2
3064311500634100160,5314.936035,16,Model_2
3064311500634100163,6850.671387,16,Model_2
3064311500634100170,4479.29248,16,Model_2
3064311500635100006,4017.827880859375,16,Model_2
3064311500635100007,6677.430664,16,Model_2
3064311500635100008,1064.1024169921875,16,Model_2
3064311500635100010,4902.946777,16,Model_2
3064311500635100013,5477.818359,16,Model_2
3064311500635100015,2808.836181640625,16,Model_2
3064311500635100017,3039.412841796875,16,Model_2
3064311500635100019,8110.308594,16,Model_2
3064311500635100020,1386.1212158203125,16,Model_2
3064311500635100021,11142.33105,16,Model_2
3064311500635100023,4260.85498,16,Model_2
3064311500635100026,5435.706543,16,Model_2
3064311500635100030,5353.902344,16,Model_2
3064311500635100031,10905.95313,16,Model_2
3064311500635100032,2996.870605,16,Model_2
3064311500635100033,5250.381836,16,Model_2
3064311500635100034,1007.5557250976562,16,Model_2
3064311500635100036,685.9975586,16,Model_2
3064311500635100038,18948.08594,16,Model_2
3064311500635100039,4096.731445,16,Model_2
3064311500635100040,4656.687012,16,Model_2
3064311500635100041,17964.24609,16,Model_2
3064311500635100046,1471.903564453125,16,Model_2
3064311500635100049,7837.930176,16,Model_2
3064311500635100052,3810.486083984375,16,Model_2
3064311500635100054,5262.581055,16,Model_2
3064311500635100057,1948.573974609375,16,Model_2
3064311500635100058,10129.66211,16,Model_2
3064311500635100061,5426.654785,16,Model_2
3064311500635100068,5937.880371,16,Model_2
3064311500635100069,4288.742676,16,Model_2
3064311500635100072,6574.319824,16,Model_2
3064311500635100073,9122.75293,16,Model_2
3064311500635100076,5385.295898,16,Model_2
3064311500635100078,10223.44238,16,Model_2
3064311500635100079,2225.600586,16,Model_2
3064311500635100081,5508.08252,16,Model_2
3064311500635100082,9473.522461,16,Model_2
3064311500635100084,1478.236328,16,Model_2
3064311500635100087,7650.561523,16,Model_2
3064311500635100088,4584.925293,16,Model_2
3064311500635100089,4524.776367,16,Model_2
3064311500635100091,9210.819336,16,Model_2
3064311500635100092,8512.697266,16,Model_2
3064311500635100093,4117.253418,16,Model_2
3064311500635100094,3761.669677734375,16,Model_2
3064311500635100095,7091.437012,16,Model_2
3064311500635100096,19253.6875,16,Model_2
3064311500635100098,6850.312988,16,Model_2
3064311500635100099,7985.247559,16,Model_2
3064311500635100102,2271.599365234375,16,Model_2
3064311500635100105,6195.342285,16,Model_2
3064311500635100108,2682.071533203125,16,Model_2
3064311500635100109,160.8335418701172,16,Model_2
3064311500635100110,2511.473633,16,Model_2
3064311500636100005,2905.819824,31,Model_2
3064311500636100007,2871.587646484375,31,Model_2
3064311500636100008,18163.19141,31,Model_2
3064311500636100010,2317.610595703125,31,Model_2
3064311500636100014,16572.09961,31,Model_2
3064311500636100025,6930.361816,31,Model_2
3064311500636100031,2909.760009765625,31,Model_2
3064311500636100036,5131.116211,31,Model_2
3064311500636100037,6251.621094,31,Model_2
3064311500636100046,3744.695068359375,31,Model_2
3064311500636100048,6497.595703,31,Model_2
3064311500637100009,23041.72461,31,Model_2
3064311500637100011,1660.2291259765625,31,Model_2
3064311500637100016,20471.34961,31,Model_2
3064311500637100017,15379.77441,31,Model_2
3064311500637100020,13636.33789,31,Model_2
3064311500637100022,16595.73438,31,Model_2
3064311500637100024,3002.550537109375,31,Model_2
3064311500637100029,1414.8739013671875,31,Model_2
3064311500637100031,7854.193359,31,Model_2
3064311500637100032,4640.35498,31,Model_2
3064311500637100033,16347.48242,31,Model_2
3064311500637100040,5824.109375,31,Model_2
3064311500637100041,4476.700195,31,Model_2
3064311500637100043,12955.07129,31,Model_2
3064311500637100046,2717.356445,31,Model_2
3064311500637100048,3220.952148,31,Model_2
3064311500637100049,23697.75,31,Model_2
3064311500637100050,10238.45117,31,Model_2
3064311500637100054,4142.205566,31,Model_2
3064311500637100055,8375.368164,31,Model_2
3064311500637100056,6758.405762,31,Model_2
3064311500637100057,18484.04688,31,Model_2
3064311500637100058,857.5546875,31,Model_2
3064311500637100059,10116.70703,31,Model_2
3064311500637100060,3401.890625,31,Model_2
3064311500637100062,6894.025879,31,Model_2
3064311500637100063,7557.323242,31,Model_2
3064311500637100064,3172.118896484375,31,Model_2
3064311500637100065,15592.41797,31,Model_2
3064311500637100066,5968.429688,31,Model_2
3064311500637100067,2884.822754,31,Model_2
3064311500637100069,20842.08594,31,Model_2
3064311500637100072,4793.310547,31,Model_2
3064311500637100074,3565.819580078125,31,Model_2
3064311500637100075,2062.932861328125,31,Model_2
3064311500637100076,513.3444824,31,Model_2
3064311500637100077,24794.05078,31,Model_2
3064311500637100079,21160.36719,31,Model_2
3064311500637100080,2792.016602,31,Model_2
3064311500637100081,3101.577637,31,Model_2
3064311500637100082,15356.77051,31,Model_2
3064311500637100083,1527.110352,31,Model_2
3064311500637100085,4655.675293,31,Model_2
3064311500637100089,18122.78711,31,Model_2
3064311500637100090,1187.3182373046875,31,Model_2
3064311500637100092,5220.868164,31,Model_2
3064311500637100093,14857.66309,31,Model_2
3064311500637100095,7092.255371,31,Model_2
3064311500637100096,2128.276611328125,31,Model_2
3064311500637100097,8790.25,31,Model_2
3064311500637100101,7115.061523,31,Model_2
3064311500637100102,14676.31055,31,Model_2
3064311500637100104,4152.253418,31,Model_2
3064311500637100105,10594.31836,31,Model_2
3064311500637100106,2488.08252,31,Model_2
3064311500637100107,8500.285156,31,Model_2
3064311500637100108,909.8032836914062,31,Model_2
3064311500637100109,5105.451172,31,Model_2
3064311500637100111,2540.198242,31,Model_2
3064311500637100112,6291.253906,31,Model_2
3064311500637100113,2717.320068359375,31,Model_2
3064311500637100114,2051.203369140625,31,Model_2
3064311500637100115,6092.803223,31,Model_2
3064311500637100116,800.9330444335938,31,Model_2
3064311500637100117,4939.611816,31,Model_2
3064311500637100119,9759.90625,31,Model_2
3064311500637100120,16955.86523,31,Model_2
3064311500637100121,2986.537353515625,31,Model_2
3064311500637100122,7960.977539,31,Model_2
3064311500637100123,4336.626465,31,Model_2
3064311500637100126,3628.947998046875,31,Model_2
3064311500637100127,2672.611083984375,31,Model_2
3064311500637100129,7789.625488,31,Model_2
3064311500637100130,2622.15625,31,Model_2
3064311500637100131,10814.63379,31,Model_2
3064311500637100132,5105.157227,31,Model_2
3064311500637100133,7212.187988,31,Model_2
3064311500637100134,10065.9668,31,Model_2
3064311500637100136,8295.439453,31,Model_2
3064311500637100138,7192.769531,31,Model_2
3064311500637100139,13545.2832,31,Model_2
3064311500637100141,8875.365234,31,Model_2
3064311500637100143,11070.07031,31,Model_2
3064311500637100144,7462.700684,31,Model_2
3064311500637100146,8647.464844,31,Model_2
3064311500637100147,3622.085938,31,Model_2
3064311500637100148,6028.759277,31,Model_2
3064311500637100150,1416.4461669921875,31,Model_2
3064311500637100151,10071.49512,31,Model_2
3064311500637100152,9878.323242,31,Model_2
3064311500637100153,1122.8104248046875,31,Model_2
3064311500637100155,9117.65332,31,Model_2
3064311500637100157,1090.126708984375,31,Model_2
3064311500637100158,5742.78418,31,Model_2
3064311500637100160,7613.91748,31,Model_2
3064311500637100161,7202.237305,31,Model_2
3064311500637100162,8214.000977,31,Model_2
3064311500637100163,8365.19043,31,Model_2
3064311500638100001,4811.168457,31,Model_2
3064311500638100017,30160.30664,31,Model_2
3064311500638100019,3192.385254,31,Model_2
3064311500638100020,4453.882813,31,Model_2
3064311500638100023,3843.132568359375,31,Model_2
3064311500638100026,3989.297363,31,Model_2
3064311500638100027,1883.7396240234375,31,Model_2
3064311500638100029,10364.32422,31,Model_2
3064311500638100030,5245.858887,31,Model_2
3064311500638100031,251.08042907714844,31,Model_2
3064311500638100034,9940.973633,31,Model_2
3064311500638100035,965.9764404296876,31,Model_2
3064311500638100036,6017.905762,31,Model_2
3064311500638100037,20803.86523,31,Model_2
3064311500638100038,842.0120849609375,31,Model_2
3064311500638100041,8012.94043,31,Model_2
3064311500638100043,5739.427734,31,Model_2
3064311500638100046,1976.177734,31,Model_2
3064311500638100047,18504.93945,31,Model_2
3064311500638100048,5392.189453,31,Model_2
3064311500638100050,6309.007813,31,Model_2
3064311500638100051,16422.62109,31,Model_2
3064311500638100053,4603.839355,31,Model_2
3064311500638100054,8208.929688,31,Model_2
3064311500638100055,18684.48047,31,Model_2
3064311500638100056,7190.162109,31,Model_2
3064311500638100058,7118.768555,31,Model_2
3064311500638100059,7041.440918,31,Model_2
3064311500638100060,4189.331543,31,Model_2
3064311500638100061,15108.38672,31,Model_2
3064311500638100063,3458.869873046875,31,Model_2
3064311500638100064,5840.488281,31,Model_2
3064311500638100066,800.2454223632812,31,Model_2
3064311500638100067,9091.036133,31,Model_2
3064311500638100068,14448.10254,31,Model_2
3064311500638100070,1260.403809,31,Model_2
3064311500638100071,7006.969727,31,Model_2
3064311500638100072,6370.325195,31,Model_2
3064311500638100073,8792.305664,31,Model_2
3064311500638100074,5550.493164,31,Model_2
3064311500638100075,7327.022461,31,Model_2
3064311500638100077,9819.039063,31,Model_2
3064311500638100078,4182.898926,31,Model_2
3064311500638100079,8436.658203,31,Model_2
3064311500638100081,14136.66699,31,Model_2
3064311500638100082,8569.591797,31,Model_2
3064311500638100087,5789.510742,31,Model_2
3064311500638100089,12996.57422,31,Model_2
3064311500638100091,13073.73438,31,Model_2
3064311500638100092,3851.252197265625,31,Model_2
3064311500638100093,10302.88086,31,Model_2
3064311500638100094,5914.949707,31,Model_2
3064311500638100095,3169.267822265625,31,Model_2
3064311500638100096,15928.28125,31,Model_2
3064311500638100097,8248.703125,31,Model_2
3064311500638100099,5720.284668,31,Model_2
3064311500638100101,11646.61621,31,Model_2
3064311500638100102,6759.259277,31,Model_2
3064311500638100103,8568.109375,31,Model_2
3064311500638100104,11734.2832,31,Model_2
3064311500638100105,7029.467285,31,Model_2
3064311500638100106,10489.71191,31,Model_2
3064311500638100107,14682.16602,31,Model_2
3064311500638100109,4997.90918,31,Model_2
3064311500638100110,6333.219727,31,Model_2
3064311500638100111,6644.733887,31,Model_2
3064311500638100116,12232.9707,31,Model_2
3064311500638100117,10116.68945,31,Model_2
3064311500638100118,1787.87207,31,Model_2
3064311500638100121,6346.862793,31,Model_2
3064311500638100122,7371.492676,31,Model_2
3064311500638100123,5552.231934,31,Model_2
3064311500638100124,8474.548828,31,Model_2
3064311500638100126,11925.51855,31,Model_2
3064311500638100127,6162.526367,31,Model_2
3064311500638100128,14359.00781,31,Model_2
3064311500638100130,10604.24609,31,Model_2
3064311500638100133,10162.85059,31,Model_2
3064311500638100135,6353.546387,31,Model_2
3064311500638100136,9592.360352,31,Model_2
3064311500638100138,13824.37988,31,Model_2
3064311500638100140,6327.604492,31,Model_2
3064311500638100142,11217.96191,31,Model_2
3064311500638100146,3118.322021484375,31,Model_2
3064311500638100147,6408.888672,31,Model_2
3064311500638100148,4786.306641,31,Model_2
3064311500638100149,5052.141113,31,Model_2
3064311500638100150,5947.168457,31,Model_2
3064311500638100152,14605.87402,31,Model_2
3064311500638100153,1676.508301,31,Model_2
3064311500638100154,9185.381836,31,Model_2
3064311500638100156,8485.924805,31,Model_2
3064311500638100158,28047.11523,31,Model_2
3064311500638100159,10322.83496,31,Model_2
3064311500638100160,14988.12695,31,Model_2
3064311500638100161,3090.552246,31,Model_2
3064311500638100162,14377.65625,31,Model_2
3064311500638100164,8731.804688,31,Model_2
3064311500638100165,3673.281982421875,31,Model_2
3064311500638100167,1247.3240966796875,31,Model_2
3064311500638100169,1100.9310302734375,31,Model_2
3064311500638100170,13901.0459,31,Model_2
3064311500638100173,3066.449951171875,31,Model_2
3064311500638100174,10175.7041,31,Model_2
3064311500638100179,6161.668945,31,Model_2
3064311500638100181,3229.215332,31,Model_2
3064311500639100010,3503.486328,31,Model_2
3064311500639100013,8810.170898,31,Model_2
3064311500639100014,5160.871582,31,Model_2
3064311500639100016,3621.431152,31,Model_2
3064311500639100017,11804.58398,31,Model_2
3064311500639100018,6957.435059,31,Model_2
3064311500639100020,10884.62012,31,Model_2
3064311500639100022,3949.187744140625,31,Model_2
3064311500639100024,14073.45898,31,Model_2
3064311500639100026,3755.200927734375,31,Model_2
3064311500639100027,5003.167969,31,Model_2
3064311500639100028,4782.981934,31,Model_2
3064311500639100029,5920.025879,31,Model_2
3064311500639100030,11855.46582,31,Model_2
3064311500639100032,3478.544189453125,31,Model_2
3064311500639100033,8788.132813,31,Model_2
3064311500639100034,8888.835938,31,Model_2
3064311500639100035,5767.561035,31,Model_2
3064311500639100036,4633.200195,31,Model_2
3064311500639100037,9893.874023,31,Model_2
3064311500639100042,6790.450195,31,Model_2
3064311500639100043,425.6493835449219,31,Model_2
3064311500639100044,8927.15918,31,Model_2
3064311500639100045,3211.667236328125,31,Model_2
3064311500639100046,1064.7794189453125,31,Model_2
3064311500639100047,4504.981445,31,Model_2
3064311500639100048,3716.785156,31,Model_2
3064311500639100050,5210.568359,31,Model_2
3064311500639100051,4506.958008,31,Model_2
3064311500639100052,2020.136719,31,Model_2
3064311500639100053,4845.6875,31,Model_2
3064311500639100054,912.1210327148438,31,Model_2
3064311500639100059,13230.65039,31,Model_2
3064311500639100060,6076.396973,31,Model_2
3064311500639100069,2782.970458984375,31,Model_2
3064311500639100070,1595.6038818359375,31,Model_2
3064311500639100071,7108.290527,31,Model_2
3064311500639100073,7003.875488,31,Model_2
3064311500639100074,6986.307617,31,Model_2
3064311500639100075,9931.716797,31,Model_2
3064311500639100077,3337.625244140625,31,Model_2
3064311500639100078,2517.627685546875,31,Model_2
3064311500639100082,7554.774902,31,Model_2
3064311500639100085,4461.544434,31,Model_2
3064311500639100086,3247.817626953125,31,Model_2
3064311500639100087,1498.7010498046875,31,Model_2
3064311500639100088,4752.128906,31,Model_2
3064311500639100090,5158.277832,31,Model_2
3064311500639100091,7007.633301,31,Model_2
3064311500639100094,5100.09375,31,Model_2
3064311500639100096,1855.536865234375,31,Model_2
3064311500639100098,6295.849609,31,Model_2
3064311500639100099,4192.626465,31,Model_2
3064311500639100100,1268.004150390625,31,Model_2
3064311500639100102,4287.916016,31,Model_2
3064311500639100103,8486.665039,31,Model_2
3064311500639100105,7557.845703,31,Model_2
3064311500639100107,2446.291748046875,31,Model_2
3064311500639100109,3410.058594,31,Model_2
3064311500639100112,2882.382324,31,Model_2
3064311500639100113,1856.5474853515625,31,Model_2
3064311500639100114,2085.971923828125,31,Model_2
3064311500639100115,14281.45117,31,Model_2
3064311500639100116,3515.954345703125,31,Model_2
3064311500639100117,13356.52637,31,Model_2
3064311500639100119,7803.952637,31,Model_2
3064311500639100120,4928.42041,31,Model_2
3064311500639100122,9355.814453,31,Model_2
3064311500639100126,5151.628906,31,Model_2
3064311500639100129,5405.841309,31,Model_2
3064311500639100131,23922.58398,31,Model_2
3064311500639100136,13790.95996,31,Model_2
3064311500639100138,6858.848145,31,Model_2
3064311500639100142,2850.068359,31,Model_2
3064311500639100146,7810.273926,31,Model_2
3064311500639100147,11095.36035,31,Model_2
3064311500639100148,8735.704102,31,Model_2
3064311500639100151,3159.400879,31,Model_2
3064311500639100152,8249.505859,31,Model_2
3064311500639100157,4713.823242,31,Model_2
3064311500647100010,17864.85547,6,Model_2
3064311500647100012,8223.666992,6,Model_2
3064311500647100013,7668.265137,6,Model_2
3064311500647100024,13368.47363,6,Model_2
3064311500647100026,12909.96582,6,Model_2
3064311500647100030,20604.20898,6,Model_2
3064311500647100039,8746.142578,6,Model_2
3064311500647100040,7820.030762,6,Model_2
3064311500647100044,10143.51172,6,Model_2
3064311500647100046,8234.655273,6,Model_2
3064311500647100049,8181.77002,6,Model_2
3064311500647100056,18160.05078,6,Model_2
3064311500647100058,14654.76758,6,Model_2
3064311500647100061,17695.36133,6,Model_2
3064311500647100066,18408.18359,6,Model_2
3064311500647100067,9373.581055,6,Model_2
3064311500647100068,9910.969727,6,Model_2
3064311500647100078,14133.76074,6,Model_2
3064311500648100011,23401.60352,6,Model_2
3064311500648100012,4753.379395,6,Model_2
3064311500648100013,26276.70508,6,Model_2
3064311500648100014,8766.239258,6,Model_2
3064311500648100015,9444.97168,6,Model_2
3064311500648100018,7434.412598,6,Model_2
3064311500648100020,8320.338867,6,Model_2
3064311500648100022,16830.65625,6,Model_2
3064311500648100023,18709.14844,6,Model_2
3064311500648100024,23118.78906,6,Model_2
3064311500648100027,4258.749023,6,Model_2
3064311500648100030,34404.76172,6,Model_2
3064311500648100031,13309.52051,6,Model_2
3064311500648100032,4128.512207,6,Model_2
3064311500648100033,8569.477539,6,Model_2
3064311500648100034,5924.693848,6,Model_2
3064311500648100036,8106.209961,6,Model_2
3064311500648100037,12381.76855,6,Model_2
3064311500648100038,26733.26953,6,Model_2
3064311500648100039,9731.68457,6,Model_2
3064311500648100040,21730.23242,6,Model_2
3064311500648100042,18402.24023,6,Model_2
3064311500648100045,23517.25,6,Model_2
3064311500648100047,17582.77734,6,Model_2
3064311500648100048,15341.44141,6,Model_2
3064311500648100049,15160.11328,6,Model_2
3064311500648100052,10551.35254,6,Model_2
3064311500648100053,32042.94727,6,Model_2
3064311500648100054,13329.76074,6,Model_2
3064311500648100055,28743.88672,6,Model_2
3064311500648100056,5811.569336,6,Model_2
3064311500648100058,11449.75684,6,Model_2
3064311500648100060,32350.76563,6,Model_2
3064311500648100063,13789.59668,6,Model_2
3064311500648100064,10188.86621,6,Model_2
3064311500648100065,6451.934082,6,Model_2
3064311500648100067,19454.9668,6,Model_2
3064311500648100068,16197.96289,6,Model_2
3064311500648100073,7606.65625,6,Model_2
3064311500648100075,14253.38477,6,Model_2
3064311500648100079,40197.57422,6,Model_2
3064311500649100010,9713.666016,6,Model_2
3064311500649100013,14053.39746,6,Model_2
3064311500649100014,20971.51758,6,Model_2
3064311500649100016,29725.11133,6,Model_2
3064311500649100018,13251.81152,6,Model_2
3064311500649100020,3800.716309,6,Model_2
3064311500649100022,34318.13672,6,Model_2
3064311500649100023,5600.292969,6,Model_2
3064311500649100025,71685.30469,6,Model_2
3064311500649100027,18027.36914,6,Model_2
3064311500649100028,51544.09375,6,Model_2
3064311500649100030,8333.264648,6,Model_2
3064311500649100031,1952.680908203125,6,Model_2
3064311500649100036,12370.09668,6,Model_2
3064311500649100037,14218.98828,6,Model_2
3064311500649100038,33861.38672,6,Model_2
3064311500649100039,51184.65625,6,Model_2
3064311500649100040,13676.01953,6,Model_2
3064311500649100043,44942.80469,6,Model_2
3064311500649100044,7595.782715,6,Model_2
3064311500649100045,6035.512695,6,Model_2
3064311500649100048,20297.28125,6,Model_2
3064311500649100049,3757.533935546875,6,Model_2
3064311500649100050,54744.55469,6,Model_2
3064311500649100052,35209.02344,6,Model_2
3064311500649100057,10769.63184,6,Model_2
3064311500650100019,7630.05957,6,Model_2
3064311500652100013,1676.783935546875,10,Model_2
3064311500652100015,17548.8418,10,Model_2
3064311500652100017,11426.26074,10,Model_2
3064311500652100019,10017.2002,10,Model_2
3064311500652100021,2314.093505859375,10,Model_2
3064311500652100025,4582.144043,10,Model_2
3064311500652100027,1179.5416259765625,10,Model_2
3064311500652100028,10369.99316,10,Model_2
3064311500652100029,6857.834961,10,Model_2
3064311500652100030,4658.70752,10,Model_2
3064311500652100031,6151.380859,10,Model_2
3064311500652100032,6951.250488,10,Model_2
3064311500652100033,4555.030762,10,Model_2
3064311500652100034,5500.786621,10,Model_2
3064311500652100035,2686.400146484375,10,Model_2
3064311500652100036,8059.62793,10,Model_2
3064311500652100038,4691.674316,10,Model_2
3064311500652100039,5021.352051,10,Model_2
3064311500652100040,7987.924316,10,Model_2
3064311500652100041,4808.010254,10,Model_2
3064311500652100042,5261.742676,10,Model_2
3064311500652100043,2789.729492,10,Model_2
3064311500652100044,4298.415527,10,Model_2
3064311500652100046,7004.469727,10,Model_2
3064311500652100047,14258.18359,10,Model_2
3064311500652100048,3874.886962890625,10,Model_2
3064311500652100049,7040.737305,10,Model_2
3064311500652100050,3463.717041015625,10,Model_2
3064311500652100052,5166.097168,10,Model_2
3064311500652100053,6069.813477,10,Model_2
3064311500652100055,8898.568359,10,Model_2
3064311500652100057,11033.48926,10,Model_2
3064311500652100058,5622.172363,10,Model_2
3064311500652100059,6071.00293,10,Model_2
3064311500652100060,2748.803711,10,Model_2
3064311500652100061,7267.379395,10,Model_2
3064311500652100063,2927.385498046875,10,Model_2
3064311500652100065,8958.302734,10,Model_2
3064311500652100066,12202.15039,10,Model_2
3064311500652100067,7344.264648,10,Model_2
3064311500652100068,6050.856934,10,Model_2
3064311500652100069,5230.163574,10,Model_2
3064311500652100070,18653.83203,10,Model_2
3064311500652100071,1159.2767333984375,10,Model_2
3064311500652100072,12076.71387,10,Model_2
3064311500652100073,4417.643066,10,Model_2
3064311500652100074,3700.369629,10,Model_2
3064311500652100075,11022.01172,10,Model_2
3064311500652100076,3197.069336,10,Model_2
3064311500652100077,6278.332031,10,Model_2
3064311500652100079,7321.904297,10,Model_2
3064311500652100080,10401.75977,10,Model_2
3064311500652100082,3807.436279296875,10,Model_2
3064311500652100083,4183.07373,10,Model_2
3064311500652100084,11564.75098,10,Model_2
3064311500652100086,7105.952148,10,Model_2
3064311500652100087,12488.73242,10,Model_2
3064311500652100088,11897.84961,10,Model_2
3064311500652100091,2235.907227,10,Model_2
3064311500652100092,4654.749023,10,Model_2
3064311500652100093,3036.670166015625,10,Model_2
3064311500652100094,6001.73584,10,Model_2
3064311500653100005,9294.512695,10,Model_2
3064311500653100006,5995.575195,10,Model_2
3064311500653100009,1815.5504150390625,10,Model_2
3064311500653100010,4010.831543,10,Model_2
3064311500653100011,3712.290527,10,Model_2
3064311500653100012,619.0721435546875,10,Model_2
3064311500653100017,7315.897949,10,Model_2
3064311500653100018,8145.283203,10,Model_2
3064311500653100021,3891.087402,10,Model_2
3064311500653100022,8686.129883,10,Model_2
3064311500653100023,11565.70117,10,Model_2
3064311500653100028,7865.654785,10,Model_2
3064311500653100034,4898.394043,10,Model_2
3064311500653100035,17214.27734,10,Model_2
3064311500653100036,1219.468017578125,10,Model_2
3064311500653100038,3910.437744140625,10,Model_2
3064311500653100040,1066.664306640625,10,Model_2
3064311500653100044,11838.7793,10,Model_2
3064311500653100045,4265.992676,10,Model_2
3064311500653100046,4527.515625,10,Model_2
3064311500653100047,3935.787598,10,Model_2
3064311500653100049,528.6880493164062,10,Model_2
3064311500653100050,5693.788086,10,Model_2
3064311500653100053,4540.617676,10,Model_2
3064311500653100054,11388.77148,10,Model_2
3064311500653100057,7095.471191,10,Model_2
3064311500653100058,9712.441406,10,Model_2
3064311500653100060,20175.23633,10,Model_2
3064311500653100063,2256.437988,10,Model_2
3064311500653100064,4569.23584,10,Model_2
3064311500653100066,4091.702880859375,10,Model_2
3064311500653100067,6177.744141,10,Model_2
3064311500653100068,4315.035156,10,Model_2
3064311500653100070,6766.437012,10,Model_2
3064311500653100071,5437.691895,10,Model_2
3064311500653100072,5319.27832,10,Model_2
3064311500653100073,4167.033691,10,Model_2
3064311500653100074,4565.82959,10,Model_2
3064311500653100075,3175.375244140625,10,Model_2
3064311500653100076,5420.01416,10,Model_2
3064311500653100077,9009.608398,10,Model_2
3064311500653100078,13110.93848,10,Model_2
3064311500653100079,4717.803223,10,Model_2
3064311500653100080,9720.964844,10,Model_2
3064311500653100082,13757.27539,10,Model_2
3064311500653100083,4203.379883,10,Model_2
3064311500653100084,21758.70117,10,Model_2
3064311500653100085,7832.227539,10,Model_2
3064311500653100086,9589.071289,10,Model_2
3064311500653100087,2959.811767578125,10,Model_2
3064311500653100088,2406.480957,10,Model_2
3064311500653100089,4604.226563,10,Model_2
3064311500653100090,11158.27246,10,Model_2
3064311500653100091,2625.999023,10,Model_2
3064311500653100092,783.2855224609375,10,Model_2
3064311500653100093,6800.357422,10,Model_2
3064311500653100094,3234.474853515625,10,Model_2
3064311500653100097,6336.024902,10,Model_2
3064311500653100098,6276.387207,10,Model_2
3064311500653100099,7167.402832,10,Model_2
3064311500653100100,4363.291504,10,Model_2
3064311500653100101,3507.470703,10,Model_2
3064311500653100102,3211.41748,10,Model_2
3064311500653100103,4188.714355,10,Model_2
3064311500653100104,12266.33398,10,Model_2
3064311500653100105,5888.812988,10,Model_2
3064311500653100106,9024.354492,10,Model_2
3064311500653100107,4655.458496,10,Model_2
3064311500653100108,7322.737793,10,Model_2
3064311500653100110,6963.166992,10,Model_2
3064311500653100111,4919.724121,10,Model_2
3064311500653100112,3500.919434,10,Model_2
3064311500653100113,3448.783935546875,10,Model_2
3064311500653100114,3762.519775390625,10,Model_2
3064311500653100115,3675.994629,10,Model_2
3064311500653100116,1284.2303466796875,10,Model_2
3064311500653100117,2786.286621,10,Model_2
3064311500653100118,1726.663818359375,10,Model_2
3064311500653100119,10827.14551,10,Model_2
3064311500653100121,8152.976074,10,Model_2
3064311500653100122,8739.244141,10,Model_2
3064311500653100123,4498.013184,10,Model_2
3064311500653100124,6037.868164,10,Model_2
3064311500653100125,9429.514648,10,Model_2
3064311500653100126,3738.689453,10,Model_2
3064311500653100127,3452.885498046875,10,Model_2
3064311500653100128,6927.533203,10,Model_2
3064311500653100129,1568.1016845703125,10,Model_2
3064311500653100130,2465.727539,10,Model_2
3064311500653100132,5545.618652,10,Model_2
3064311500653100133,4755.249512,10,Model_2
3064311500653100134,2981.382080078125,10,Model_2
3064311500653100135,3536.183837890625,10,Model_2
3064311500653100136,5680.754395,10,Model_2
3064311500653100137,2725.431641,10,Model_2
3064311500653100138,4787.209961,10,Model_2
3064311500653100140,3077.119384765625,10,Model_2
3064311500653100141,10158.13184,10,Model_2
3064311500653100142,4921.138184,10,Model_2
3064311500653100143,1834.297363,10,Model_2
3064311500653100144,4914.657227,10,Model_2
3064311500653100145,2598.053711,10,Model_2
3064311500653100146,5674.633789,10,Model_2
3064311500653100148,7056.780273,10,Model_2
3064311500653100149,5054.092773,10,Model_2
3064311500653100150,4812.646973,10,Model_2
3064311500653100151,6069.591797,10,Model_2
3064311500653100152,1778.080078,10,Model_2
3064311500654100010,7335.702148,10,Model_2
3064311500654100011,4734.151367,10,Model_2
3064311500654100013,4335.854492,10,Model_2
3064311500654100014,6945.894531,10,Model_2
3064311500654100019,6339.053223,10,Model_2
3064311500654100021,4220.737793,10,Model_2
3064311500654100022,2845.010009765625,10,Model_2
3064311500654100024,4830.970215,10,Model_2
3064311500654100025,5175.553223,10,Model_2
3064311500654100027,6613.886719,10,Model_2
3064311500654100028,4820.08252,10,Model_2
3064311500654100030,6842.339844,10,Model_2
3064311500654100031,18563.625,10,Model_2
3064311500654100033,1521.0697021484375,10,Model_2
3064311500654100035,7437.032227,10,Model_2
3064311500654100037,6646.32959,10,Model_2
3064311500656100007,6006.407715,16,Model_2
3064311500656100008,5438.572266,16,Model_2
3064311500656100010,2242.012939453125,16,Model_2
3064311500656100011,5047.792969,16,Model_2
3064311500656100015,3940.164794921875,16,Model_2
3064311500656100017,3903.615478515625,16,Model_2
3064311500656100018,7838.268555,16,Model_2
3064311500656100020,5310.507813,16,Model_2
3064311500656100024,12088.90332,16,Model_2
3064311500656100025,4787.784668,16,Model_2
3064311500656100029,5409.237305,16,Model_2
3064311500657100010,6441.712402,16,Model_2
3064311500657100011,13283.19629,16,Model_2
3064311500657100017,1590.593505859375,16,Model_2
3064311500657100019,517.4882202148438,16,Model_2
3064311500657100024,2464.733398,16,Model_2
3064311500657100025,624.9418334960938,16,Model_2
3064311500657100028,4858.444336,16,Model_2
3064311500657100029,4489.805664,16,Model_2
3064311500657100030,5845.325684,16,Model_2
3064311500657100031,10226.67578,16,Model_2
3064311500657100034,4333.511719,16,Model_2
3064311500657100037,13129.33594,16,Model_2
3064311500657100038,5202.112305,16,Model_2
3064311500657100039,3753.965332,16,Model_2
3064311500657100040,5267.676758,16,Model_2
3064311500657100042,5030.063477,16,Model_2
3064311500657100044,3509.331787109375,16,Model_2
3064311500657100045,9130.704102,16,Model_2
3064311500657100047,7730.268555,16,Model_2
3064311500657100048,5965.319824,16,Model_2
3064311500657100049,5032.572754,16,Model_2
3064311500657100050,3869.499512,16,Model_2
3064311500657100051,3591.314453,16,Model_2
3064311500657100052,10482.64453,16,Model_2
3064311500657100053,4862.945801,16,Model_2
3064311500657100055,7975.595215,16,Model_2
3064311500657100056,3774.146240234375,16,Model_2
3064311500657100057,2927.283935546875,16,Model_2
3064311500657100058,4992.639648,16,Model_2
3064311500657100059,4488.39502,16,Model_2
3064311500657100060,5305.013672,16,Model_2
3064311500657100061,9459.996094,16,Model_2
3064311500657100062,9214.363281,16,Model_2
3064311500657100063,9681.570313,16,Model_2
3064311500657100064,3521.911133,16,Model_2
3064311500657100065,11180.7334,16,Model_2
3064311500657100066,4936.243652,16,Model_2
3064311500657100067,10280.30371,16,Model_2
3064311500657100068,2767.039794921875,16,Model_2
3064311500657100069,5034.470215,16,Model_2
3064311500657100070,4630.709961,16,Model_2
3064311500657100071,4423.194336,16,Model_2
3064311500657100072,1326.4647216796875,16,Model_2
3064311500657100073,3973.425048828125,16,Model_2
3064311500657100074,3315.814208984375,16,Model_2
3064311500657100075,6036.06543,16,Model_2
3064311500657100076,3970.991699,16,Model_2
3064311500657100077,12276.88965,16,Model_2
3064311500657100078,4239.838867,16,Model_2
3064311500657100080,1869.1727294921875,16,Model_2
3064311500657100081,3919.162841796875,16,Model_2
3064311500657100083,17887.47266,16,Model_2
3064311500657100084,2296.675293,16,Model_2
3064311500657100085,605.8460083007812,16,Model_2
3064311500657100086,630.3214721679688,16,Model_2
3064311500657100087,21032.92383,16,Model_2
3064311500657100089,572.4372559,16,Model_2
3064311500657100092,1293.3746337890625,16,Model_2
3064311500657100094,9129.431641,16,Model_2
3064311500657100095,4438.425781,16,Model_2
3064311500657100096,4225.155273,16,Model_2
3064311500657100097,4862.802734,16,Model_2
3064311500657100098,5292.28125,16,Model_2
3064311500657100099,4072.069824,16,Model_2
3064311500657100100,4652.661621,16,Model_2
3064311500658100009,3335.852294921875,16,Model_2
3064311500658100017,7265.104004,16,Model_2
3064311500658100018,3779.593994140625,16,Model_2
3064311500660100012,871.6308594,31,Model_2
3064311500660100013,22481.24414,31,Model_2
3064311500660100018,2750.853759765625,31,Model_2
3064311500660100021,5803.672852,31,Model_2
3064311500660100024,16193.07227,31,Model_2
3064311500660100025,14251.99512,31,Model_2
3064311500660100027,5398.503906,31,Model_2
3064311500660100028,4967.777344,31,Model_2
3064311500660100029,7888.67334,31,Model_2
3064311500660100030,4124.808594,31,Model_2
3064311500660100033,6193.85791,31,Model_2
3064311500660100035,13591.3457,31,Model_2
3064311500660100036,6597.956543,31,Model_2
3064311500660100037,5701.196777,31,Model_2
3064311500660100038,8285.261719,31,Model_2
3064311500660100040,8003.905273,31,Model_2
3064311500660100041,7072.402832,31,Model_2
3064311500660100045,4110.777832,31,Model_2
3064311500660100046,12596.33105,31,Model_2
3064311500660100048,7260.275879,31,Model_2
3064311500660100049,6869.867188,31,Model_2
3064311500660100050,3281.60498,31,Model_2
3064311500660100051,2649.893798828125,31,Model_2
3064311500660100054,4672.587891,31,Model_2
3064311500660100055,3297.560547,31,Model_2
3064311500660100056,3200.784668,31,Model_2
3064311500660100058,4503.39502,31,Model_2
3064311500660100059,2776.447266,31,Model_2
3064311500660100063,5364.354004,31,Model_2
3064311500660100064,2834.134277,31,Model_2
3064311500660100065,4637.635254,31,Model_2
3064311500660100068,5267.413086,31,Model_2
3064311500660100069,5002.671875,31,Model_2
3064311500660100070,5177.161133,31,Model_2
3064311500660100071,3567.236572265625,31,Model_2
3064311500660100072,5328.466309,31,Model_2
3064311500660100073,6910.484375,31,Model_2
3064311500660100078,6056.329102,31,Model_2
3064311500660100081,6147.586914,31,Model_2
3064311500660100083,3504.396240234375,31,Model_2
3064311500660100085,5107.622559,31,Model_2
3064311500660100086,5361.983398,31,Model_2
3064311500661100016,2518.319091796875,31,Model_2
3064311500661100018,5923.044434,31,Model_2
3064311500661100021,12473.76563,31,Model_2
3064311500661100022,16115.94238,31,Model_2
3064311500661100025,19534.16602,31,Model_2
3064311500661100026,9160.00293,31,Model_2
3064311500661100029,11478.5957,31,Model_2
3064311500661100031,16332.18652,31,Model_2
3064311500661100032,7208.102051,31,Model_2
3064311500661100033,7196.120117,31,Model_2
3064311500661100036,5495.796387,31,Model_2
3064311500661100039,5448.036621,31,Model_2
3064311500661100040,7559.755859,31,Model_2
3064311500661100041,3575.628418,31,Model_2
3064311500661100042,1368.6339111328125,31,Model_2
3064311500661100043,5242.451172,31,Model_2
3064311500661100047,5357.380371,31,Model_2
3064311500661100048,6494.462891,31,Model_2
3064311500661100051,14515.16699,31,Model_2
3064311500661100054,8292.807617,31,Model_2
3064311500661100055,3407.45752,31,Model_2
3064311500661100056,4211.4375,31,Model_2
3064311500661100059,3848.065918,31,Model_2
3064311500661100060,7907.872559,31,Model_2
3064311500661100062,3591.797852,31,Model_2
3064311500661100063,4418.651367,31,Model_2
3064311500661100064,4528.0625,31,Model_2
3064311500661100065,4094.90332,31,Model_2
3064311500661100066,3213.593505859375,31,Model_2
3064311500661100067,4635.152344,31,Model_2
3064311500661100068,838.3508911132812,31,Model_2
3064311500661100069,2533.508789,31,Model_2
3064311500661100070,3006.455078,31,Model_2
3064311500661100071,5263.716797,31,Model_2
3064311500661100072,8286.829102,31,Model_2
3064311500661100073,6089.095703,31,Model_2
3064311500661100074,3301.856689453125,31,Model_2
3064311500661100076,12075.97461,31,Model_2
3064311500661100077,4085.158447265625,31,Model_2
3064311500661100079,2463.181396484375,31,Model_2
3064311500661100080,912.8583374023438,31,Model_2
3064311500661100081,1177.1912841796875,31,Model_2
3064311500661100082,4924.481445,31,Model_2
3064311500661100084,4307.339844,31,Model_2
3064311500661100086,4160.982422,31,Model_2
3064311500661100087,1437.956055,31,Model_2
3064311500661100088,4634.716309,31,Model_2
3064311500661100090,4984.855957,31,Model_2
3064311500661100093,5220.330078,31,Model_2
3064311500661100094,1525.814208984375,31,Model_2
3064311500661100096,3171.703857421875,31,Model_2
3064311500661100097,9183.744141,31,Model_2
3064311500661100098,529.6329345703125,31,Model_2
3064311500661100100,3029.819580078125,31,Model_2
3064311500661100102,3404.058105,31,Model_2
3064311500661100103,8315.326172,31,Model_2
3064311500661100105,14330.46191,31,Model_2
3064311500661100106,6481.302734,31,Model_2
3064311500661100108,5647.033203,31,Model_2
3064311500661100111,4497.323242,31,Model_2
3064311500661100114,4160.558594,31,Model_2
3064311500661100116,5377.155273,31,Model_2
3064311500661100117,7642.828125,31,Model_2
3064311500662100006,6138.364258,31,Model_2
3064311500662100007,5619.553711,31,Model_2
3064311500662100008,6150.188477,31,Model_2
3064311500662100011,6910.683105,31,Model_2
3064311500662100012,21941.41211,31,Model_2
3064311500662100017,6266.290039,31,Model_2
3064311500662100018,3597.362060546875,31,Model_2
3064311500694100002,12503.50391,7,Model_2
3064311500694100004,9418.99707,7,Model_2
3064311500694100005,26733.18359,7,Model_2
3064311500694100008,21214.65234,7,Model_2
3064311500694100009,6506.146973,7,Model_2
3064311500694100010,3946.652587890625,7,Model_2
3064311500694100011,11490.51953,7,Model_2
3064311500694100012,7907.538086,7,Model_2
3064311500694100014,24754.30273,7,Model_2
3064311500694100016,9083.893555,7,Model_2
3064311500694100017,21614.94922,7,Model_2
3064311500694100018,13773.46875,7,Model_2
3064311500694100019,27677.42383,7,Model_2
3064311500694100020,12916.41016,7,Model_2
3064311500694100021,11921.69531,7,Model_2
3064311500694100022,14477.84473,7,Model_2
3064311500694100023,5862.122559,7,Model_2
3064311500694100024,8977.586914,7,Model_2
3064311500694100025,7945.606934,7,Model_2
3064311500694100026,4482.339844,7,Model_2
3064311500694100029,21674.61719,7,Model_2
3064311500694100030,15773.02539,7,Model_2
3064311500694100031,11434.91406,7,Model_2
3064311500694100032,15716.81641,7,Model_2
3064311500694100033,18540.18164,7,Model_2
3064311500694100034,9026.578125,7,Model_2
3064311500694100036,11223.58008,7,Model_2
3064311500694100037,19962.31055,7,Model_2
3064311500694100038,16951.79883,7,Model_2
3064311500694100039,32552.65234,7,Model_2
3064311500694100040,11805.48145,7,Model_2
3064311500694100041,6385.803223,7,Model_2
3064311500694100042,10611.74121,7,Model_2
3064311500694100043,10787.4502,7,Model_2
3064311500694100044,12496.7959,7,Model_2
3064311500694100045,19441.74023,7,Model_2
3064311500694100047,9695.212891,7,Model_2
3064311500694100055,5562.831055,7,Model_2
3064311500694100067,2487.300293,7,Model_2
3064311500695100010,13932.92676,7,Model_2
3064311500695100012,5370.1875,7,Model_2
3064311500695100013,28180.49023,7,Model_2
3064311500695100015,11635.77344,7,Model_2
3064311500695100016,18395.93359,7,Model_2
3064311500695100017,28155.1582,7,Model_2
3064311500695100019,5623.96582,7,Model_2
3064311500695100020,26134.90039,7,Model_2
3064311500695100021,19207.17578,7,Model_2
3064311500695100022,24648.46094,7,Model_2
3064311500695100023,27019.64063,7,Model_2
3064311500695100025,11358.49609,7,Model_2
3064311500695100026,22788.37109,7,Model_2
3064311500695100027,27306.92578,7,Model_2
3064311500695100028,7263.724121,7,Model_2
3064311500695100031,8584.53418,7,Model_2
3064311500695100032,14360.87402,7,Model_2
3064311500695100033,37891.02734,7,Model_2
3064311500695100035,22118.29297,7,Model_2
3064311500695100036,30963.41016,7,Model_2
3064311500695100037,38772.42578,7,Model_2
3064311500695100038,25194.02344,7,Model_2
3064311500695100039,15140.8418,7,Model_2
3064311500695100040,22882.41992,7,Model_2
3064311500695100044,38906.07422,7,Model_2
3064311500695100049,12227.66309,7,Model_2
3064311500695100052,6653.733398,7,Model_2
3064311500695100056,7281.132813,7,Model_2
3064311500698100002,12269.60742,11,Model_2
3064311500698100003,7159.998535,11,Model_2
3064311500698100007,6649.644043,11,Model_2
3064311500698100008,7834.393066,11,Model_2
3064311500698100009,19917.02344,11,Model_2
3064311500698100010,13586.19434,11,Model_2
3064311500698100011,3493.051513671875,11,Model_2
3064311500698100012,12467.0332,11,Model_2
3064311500698100015,10139.74707,11,Model_2
3064311500698100016,7672.724609,11,Model_2
3064311500698100019,4548.272949,11,Model_2
3064311500698100020,10028.02246,11,Model_2
3064311500698100021,12458.17285,11,Model_2
3064311500698100022,7243.388184,11,Model_2
3064311500698100025,2581.625,11,Model_2
3064311500698100026,4049.286376953125,11,Model_2
3064311500698100027,6395.713379,11,Model_2
3064311500698100028,5696.349609,11,Model_2
3064311500698100029,4578.938965,11,Model_2
3064311500698100030,4233.547852,11,Model_2
3064311500698100031,5448.165039,11,Model_2
3064311500698100032,5971.453125,11,Model_2
3064311500698100033,6662.077637,11,Model_2
3064311500698100035,1762.781005859375,11,Model_2
3064311500698100036,11789.0957,11,Model_2
3064311500698100039,7099.42627,11,Model_2
3064311500698100041,3006.94043,11,Model_2
3064311500698100043,11819.88086,11,Model_2
3064311500698100044,12459.73047,11,Model_2
3064311500698100048,3692.560547,11,Model_2
3064311500698100049,6246.086426,11,Model_2
3064311500698100051,7779.21875,11,Model_2
3064311500698100053,8853.110352,11,Model_2
3064311500698100054,5482.307617,11,Model_2
3064311500699100001,12563.24902,11,Model_2
3064311500699100002,4339.749512,11,Model_2
3064311500699100003,11739.84277,11,Model_2
3064311500699100005,17903.94922,11,Model_2
3064311500699100006,6366.117188,11,Model_2
3064311500699100007,5243.748535,11,Model_2
3064311500699100009,7261.702148,11,Model_2
3064311500699100010,16015.79883,11,Model_2
3064311500699100011,14009.47559,11,Model_2
3064311500699100012,9476.688477,11,Model_2
3064311500699100013,10740.9834,11,Model_2
3064311500699100014,8873.292969,11,Model_2
3064311500699100015,1676.997314453125,11,Model_2
3064311500699100016,2145.82666,11,Model_2
3064311500699100017,8535.836914,11,Model_2
3064311500699100018,1237.105712890625,11,Model_2
3064311500699100019,6479.50293,11,Model_2
3064311500699100020,8034.665039,11,Model_2
3064311500699100021,15521.55273,11,Model_2
3064311500699100022,4304.185547,11,Model_2
3064311500699100023,7793.469727,11,Model_2
3064311500699100024,6409.600098,11,Model_2
3064311500699100026,32503.2832,11,Model_2
3064311500699100027,11946.76758,11,Model_2
3064311500699100030,10246.66406,11,Model_2
3064311500699100032,3872.335938,11,Model_2
3064311500699100033,7552.208496,11,Model_2
3064311500699100034,7007.023438,11,Model_2
3064311500699100035,16933.5,11,Model_2
3064311500699100036,5103.071777,11,Model_2
3064311500699100037,12033.42188,11,Model_2
3064311500699100038,7955.740234,11,Model_2
3064311500699100046,7164.036133,11,Model_2
3064311500700100166,14583.42969,11,Model_2
3064311500702100002,6212.009766,17,Model_2
3064311500702100003,9553.550781,17,Model_2
3064311500702100005,9620.055664,17,Model_2
3064311500702100007,5037.428223,17,Model_2
3064311500702100008,5770.427734,17,Model_2
3064311500702100009,11523.53516,17,Model_2
3064311500702100014,8021.308105,17,Model_2
3064311500702100015,4300.92041,17,Model_2
3064311500702100017,4019.978516,17,Model_2
3064311500702100018,4106.767578,17,Model_2
3064311500702100019,6367.758789,17,Model_2
3064311500702100021,3156.645996,17,Model_2
3064311500702100022,6332.843262,17,Model_2
3064311500702100023,4082.733642578125,17,Model_2
3064311500702100024,5706.318359,17,Model_2
3064311500702100025,7883.350586,17,Model_2
3064311500702100026,3490.658691,17,Model_2
3064311500702100028,3742.505859,17,Model_2
3064311500702100029,3066.941406,17,Model_2
3064311500702100030,5783.425293,17,Model_2
3064311500702100032,3187.726563,17,Model_2
3064311500702100033,5795.11377,17,Model_2
3064311500702100034,5501.975098,17,Model_2
3064311500702100035,6359.306152,17,Model_2
3064311500702100036,7446.740234,17,Model_2
3064311500702100037,5458.38916,17,Model_2
3064311500702100038,1475.6690673828125,17,Model_2
3064311500702100039,1172.635742,17,Model_2
3064311500702100041,3851.350830078125,17,Model_2
3064311500702100042,1795.8284912109375,17,Model_2
3064311500702100043,4581.735352,17,Model_2
3064311500702100044,5880.148438,17,Model_2
3064311500702100045,1166.4146728515625,17,Model_2
3064311500702100046,5038.944336,17,Model_2
3064311500702100047,1806.1790771484375,17,Model_2
3064311500702100049,11883.92676,17,Model_2
3064311500702100051,8081.224609,17,Model_2
3064311500702100052,5884.142578,17,Model_2
3064311500702100053,2840.462891,17,Model_2
3064311500702100055,6329.777344,17,Model_2
3064311500702100056,5549.027832,17,Model_2
3064311500702100057,3535.758056640625,17,Model_2
3064311500702100059,9401.936523,17,Model_2
3064311500702100060,6395.714355,17,Model_2
3064311500702100061,6884.695801,17,Model_2
3064311500702100062,4435.464355,17,Model_2
3064311500702100064,7251.583984,17,Model_2
3064311500702100065,7276.491699,17,Model_2
3064311500702100066,8986.125,17,Model_2
3064311500702100067,7919.170898,17,Model_2
3064311500702100068,8748.59668,17,Model_2
3064311500702100069,7673.434082,17,Model_2
3064311500702100070,4308.143555,17,Model_2
3064311500702100071,3075.873779296875,17,Model_2
3064311500702100073,2376.408447265625,17,Model_2
3064311500702100075,6042.609375,17,Model_2
3064311500702100076,6302.732422,17,Model_2
3064311500702100077,2588.408691,17,Model_2
3064311500702100078,2602.118164,17,Model_2
3064311500702100079,2832.523438,17,Model_2
3064311500702100080,4118.125977,17,Model_2
3064311500702100081,10761.06836,17,Model_2
3064311500702100082,9060.405273,17,Model_2
3064311500702100084,2659.776123046875,17,Model_2
3064311500702100085,6591.516113,17,Model_2
3064311500702100087,13587.02734,17,Model_2
3064311500702100088,8318.941406,17,Model_2
3064311500702100089,2333.706298828125,17,Model_2
3064311500702100090,5450.95166,17,Model_2
3064311500702100091,1909.693848,17,Model_2
3064311500702100093,12267.53125,17,Model_2
3064311500702100094,788.8082885742188,17,Model_2
3064311500702100095,9321.90918,17,Model_2
3064311500702100096,8906.871094,17,Model_2
3064311500702100097,4526.925781,17,Model_2
3064311500702100098,3844.724609,17,Model_2
3064311500702100099,9153.794922,17,Model_2
3064311500702100100,5363.800781,17,Model_2
3064311500702100103,3837.828613,17,Model_2
3064311500702100105,3035.506348,17,Model_2
3064311500702100107,7400.250977,17,Model_2
3064311500702100112,10909.02148,17,Model_2
3064311500702100113,7275.769531,17,Model_2
3064311500702100114,4110.664551,17,Model_2
3064311500703100001,9921.481445,17,Model_2
3064311500703100002,2744.506836,17,Model_2
3064311500703100003,6129.296387,17,Model_2
3064311500703100004,7292.796387,17,Model_2
3064311500703100005,6821.009277,17,Model_2
3064311500703100006,5393.292969,17,Model_2
3064311500703100007,5206.595703,17,Model_2
3064311500703100008,5684.70752,17,Model_2
3064311500703100009,4352.682617,17,Model_2
3064311500703100010,3168.719970703125,17,Model_2
3064311500703100011,6740.302246,17,Model_2
3064311500703100012,9043.524414,17,Model_2
3064311500703100013,2729.287353515625,17,Model_2
3064311500703100015,3087.783447265625,17,Model_2
3064311500703100016,3858.227783203125,17,Model_2
3064311500703100017,4544.42041,17,Model_2
3064311500703100018,5829.085449,17,Model_2
3064311500703100019,4966.431641,17,Model_2
3064311500703100020,13490.1084,17,Model_2
3064311500703100021,4205.568848,17,Model_2
3064311500703100023,2419.971435546875,17,Model_2
3064311500703100024,3651.578369140625,17,Model_2
3064311500703100025,7711.782715,17,Model_2
3064311500703100026,2644.530517578125,17,Model_2
3064311500703100027,1937.4647216796875,17,Model_2
3064311500703100028,2827.205078,17,Model_2
3064311500703100029,3036.065673828125,17,Model_2
3064311500703100030,4682.836914,17,Model_2
3064311500703100031,9165.054688,17,Model_2
3064311500703100032,1194.301025390625,17,Model_2
3064311500703100034,3209.665283203125,17,Model_2
3064311500703100035,3557.662353515625,17,Model_2
3064311500703100036,5380.022461,17,Model_2
3064311500703100037,2502.474853515625,17,Model_2
3064311500703100038,3114.659912109375,17,Model_2
3064311500703100039,2480.164306640625,17,Model_2
3064311500703100040,4413.913086,17,Model_2
3064311500703100042,4248.917969,17,Model_2
3064311500703100045,5219.633301,17,Model_2
3064311500703100046,3476.566650390625,17,Model_2
3064311500703100047,4058.345215,17,Model_2
3064311500703100048,3821.588867,17,Model_2
3064311500703100049,2438.496337890625,17,Model_2
3064311500703100050,7070.335938,17,Model_2
3064311500703100051,1890.9342041015625,17,Model_2
3064311500703100052,1783.154052734375,17,Model_2
3064311500703100053,6969.196289,17,Model_2
3064311500703100054,3729.29834,17,Model_2
3064311500703100055,2370.415283203125,17,Model_2
3064311500703100056,4523.631836,17,Model_2
3064311500703100057,10544.64746,17,Model_2
3064311500703100058,3474.094727,17,Model_2
3064311500703100059,4146.01416,17,Model_2
3064311500703100060,2294.214111328125,17,Model_2
3064311500703100062,5143.740234,17,Model_2
3064311500703100063,12278.26563,17,Model_2
3064311500703100064,3892.294434,17,Model_2
3064311500703100065,4455.399414,17,Model_2
3064311500703100066,2084.90918,17,Model_2
3064311500703100067,4697.147949,17,Model_2
3064311500703100070,1794.655517578125,17,Model_2
3064311500703100071,1612.3350830078125,17,Model_2
3064311500703100072,13961.51465,17,Model_2
3064311500703100074,9406.938477,17,Model_2
3064311500703100075,7931.233398,17,Model_2
3064311500703100076,5703.992676,17,Model_2
3064311500703100077,8924.53125,17,Model_2
3064311500703100078,1315.5526123046875,17,Model_2
3064311500703100079,6287.968262,17,Model_2
3064311500703100080,5817.39502,17,Model_2
3064311500703100082,4777.78125,17,Model_2
3064311500703100083,5384.07373,17,Model_2
3064311500703100086,7376.415039,17,Model_2
3064311500703100087,5826.189453,17,Model_2
3064311500703100088,4843.07373,17,Model_2
3064311500703100091,2651.487060546875,17,Model_2
3064311500703100092,7797.681641,17,Model_2
3064311500703100093,7426.088379,17,Model_2
3064311500703100095,7033.146973,17,Model_2
3064311500703100096,10793.22363,17,Model_2
3064311500703100098,4852.046875,17,Model_2
3064311500703100099,11474.78906,17,Model_2
3064311500703100100,7854.231934,17,Model_2
3064311500703100101,1876.977051,17,Model_2
3064311500703100103,6330.436523,17,Model_2
3064311500703100104,6819.717285,17,Model_2
3064311500703100105,3716.485595703125,17,Model_2
3064311500703100106,4609.844727,17,Model_2
3064311500703100107,6823.936523,17,Model_2
3064311500703100109,8297.816406,17,Model_2
3064311500703100113,8837.795898,17,Model_2
3064311500703100115,2965.556396484375,17,Model_2
3064311500703100116,6384.806641,17,Model_2
3064311500703100117,9786.65332,17,Model_2
3064311500703100118,9419.939453,17,Model_2
3064311500703100120,8765.683594,17,Model_2
3064311500703100122,2579.09082,17,Model_2
3064311500703100124,5210.927246,17,Model_2
3064311500703100125,10137.34473,17,Model_2
3064311500703100126,5270.722168,17,Model_2
3064311500703100127,4992.666992,17,Model_2
3064311500703100128,4843.641602,17,Model_2
3064311500703100129,6692.307129,17,Model_2
3064311500703100130,2490.188965,17,Model_2
3064311500703100133,10485.23047,17,Model_2
3064311500703100134,4515.771973,17,Model_2
3064311500703100136,5085.662598,17,Model_2
3064311500703100137,10289.04102,17,Model_2
3064311500703100138,5952.342285,17,Model_2
3064311500703100140,5200.407227,17,Model_2
3064311500703100141,8560.196289,17,Model_2
3064311500703100142,18722.95898,17,Model_2
3064311500703100143,3588.320313,17,Model_2
3064311500703100144,8545.837891,17,Model_2
3064311500703100146,5664.130371,17,Model_2
3064311500703100147,27220.23633,17,Model_2
3064311500703100148,22471.60352,17,Model_2
3064311500703100149,4938.033203,17,Model_2
3064311500703100150,12758.43848,17,Model_2
3064311500703100151,5102.940918,17,Model_2
3064311500703100152,7513.943848,17,Model_2
3064311500703100154,7817.049316,17,Model_2
3064311500703100157,18261.4707,17,Model_2
3064311500703100158,14798.12793,17,Model_2
3064311500703100159,17524.2832,17,Model_2
3064311500703100161,5443.539063,17,Model_2
3064311500703100162,7551.996582,17,Model_2
3064311500703100163,8898.374023,17,Model_2
3064311500703100165,4755.272949,17,Model_2
3064311500703100166,12181.54883,17,Model_2
3064311500703100169,19741.62891,17,Model_2
3064311500703100170,10998.54688,17,Model_2
3064311500703100173,5055.154785,17,Model_2
3064311500703100174,1781.2423095703125,17,Model_2
3064311500703100175,6722.866699,17,Model_2
3064311500703100177,25242.58203,17,Model_2
3064311500703100180,5165.140137,17,Model_2
3064311500703100181,5548.681641,17,Model_2
3064311500703100184,12183.02734,17,Model_2
3064311500703100185,13140.50195,17,Model_2
3064311500703100186,6445.64209,17,Model_2
3064311500704100002,5904.937012,17,Model_2
3064311500704100005,5548.140137,17,Model_2
3064311500704100006,5967.305176,17,Model_2
3064311500704100009,9324.133789,17,Model_2
3064311500704100010,7029.928711,17,Model_2
3064311500704100011,5967.698242,17,Model_2
3064311500704100014,10033.55859,17,Model_2
3064311500704100015,2930.168212890625,17,Model_2
3064311500704100016,4319.253418,17,Model_2
3064311500704100018,6182.958984,17,Model_2
3064311500704100019,2409.144287109375,17,Model_2
3064311500704100020,5166.102539,17,Model_2
3064311500704100021,3093.747802734375,17,Model_2
3064311500704100022,4120.459961,17,Model_2
3064311500704100023,2305.422607421875,17,Model_2
3064311500704100024,28449.03125,17,Model_2
3064311500704100025,6336.321777,17,Model_2
3064311500704100026,5560.03418,17,Model_2
3064311500704100028,2827.820068359375,17,Model_2
3064311500704100029,9251.344727,17,Model_2
3064311500704100031,3057.631103515625,17,Model_2
3064311500704100032,522.9958496,17,Model_2
3064311500704100033,4742.475586,17,Model_2
3064311500704100034,15571.01074,17,Model_2
3064311500704100035,4715.081055,17,Model_2
3064311500704100037,13036.22168,17,Model_2
3064311500704100038,5220.650391,17,Model_2
3064311500704100039,14534.49805,17,Model_2
3064311500704100040,3387.030762,17,Model_2
3064311500704100041,7993.130859,17,Model_2
3064311500704100042,2394.339111328125,17,Model_2
3064311500704100045,826.6228637695312,17,Model_2
3064311500704100046,5969.505859,17,Model_2
3064311500704100047,5729.914063,17,Model_2
3064311500704100048,8145.716797,17,Model_2
3064311500704100049,5620.367676,17,Model_2
3064311500704100050,12711.59082,17,Model_2
3064311500704100051,2645.755371,17,Model_2
3064311500704100052,8991.879883,17,Model_2
3064311500704100053,5965.362305,17,Model_2
3064311500704100054,7798.393066,17,Model_2
3064311500704100059,5830.39502,17,Model_2
3064311500704100060,9337.485352,17,Model_2
3064311500704100062,8563.639648,17,Model_2
3064311500704100065,5324.429199,17,Model_2
3064311500704100067,4954.181641,17,Model_2
3064311500706100011,12274.66406,18,Model_2
3064311500706100013,6767.53418,18,Model_2
3064311500706100014,6444.430664,18,Model_2
3064311500706100015,7433.638184,18,Model_2
3064311500706100018,3745.313720703125,18,Model_2
3064311500706100020,10006.29688,18,Model_2
3064311500706100022,6473.923828,18,Model_2
3064311500706100023,5525.891113,18,Model_2
3064311500706100024,4989.937988,18,Model_2
3064311500706100026,5403.050781,18,Model_2
3064311500706100029,3404.178955078125,18,Model_2
3064311500706100030,7036.946289,18,Model_2
3064311500706100036,7364.833008,18,Model_2
3064311500706100037,11722.93262,18,Model_2
3064311500706100038,5882.388672,18,Model_2
3064311500707100026,11843.95605,18,Model_2
3064311500707100027,15637.68848,18,Model_2
3064311500707100028,13293.41406,18,Model_2
3064311500707100029,9749.02832,18,Model_2
3064311500707100030,1531.174072265625,18,Model_2
3064311500707100031,11485.72266,18,Model_2
3064311500707100034,5260.364746,18,Model_2
3064311500707100035,5388.1875,18,Model_2
3064311500707100037,6807.691406,18,Model_2
3064311500707100038,10765.41992,18,Model_2
3064311500707100041,9380.401367,18,Model_2
3064311500707100042,645.8984375,18,Model_2
3064311500707100043,5853.549805,18,Model_2
3064311500707100044,5364.558105,18,Model_2
3064311500707100045,3861.384766,18,Model_2
3064311500707100047,5203.569336,18,Model_2
3064311500707100048,9776.030273,18,Model_2
3064311500707100049,14364.02051,18,Model_2
3064311500707100052,10232.81445,18,Model_2
3064311500707100053,5645.637695,18,Model_2
3064311500707100055,12458.14941,18,Model_2
3064311500707100057,18974.4375,18,Model_2
3064311500707100061,10430.17383,18,Model_2
3064311500707100069,5373.860352,18,Model_2
3064311500707100075,1223.956298828125,18,Model_2
3064311500708100096,7973.137695,18,Model_2
3064311500708100104,4956.731445,18,Model_2
3064311500708100106,8510.801758,18,Model_2
3064311500708100110,5920.943359,18,Model_2
3064311500708100118,595.8914184570312,18,Model_2
3064311500711100018,6326.067871,19,Model_2
3064311500711100020,5834.894531,19,Model_2
3064311500711100021,8011.024902,19,Model_2
3064311500711100022,8966.893555,19,Model_2
3064311500711100023,5431.946777,19,Model_2
3064311500711100026,3103.333740234375,19,Model_2
3064311500711100027,9454.727539,19,Model_2
3064311500711100029,6498.473145,19,Model_2
3064311500711100030,6461.88916,19,Model_2
3064311500711100031,14782.31934,19,Model_2
3064311500711100032,9122.368164,19,Model_2
3064311500711100033,17356.71094,19,Model_2
3064311500711100036,10523.59668,19,Model_2
3064311500711100037,10353.62793,19,Model_2
3064311500711100038,15794.77246,19,Model_2
3064311500711100039,10126.4541,19,Model_2
3064311500711100040,13072.64844,19,Model_2
3064311500711100041,10982.39355,19,Model_2
3064311500711100043,5467.405273,19,Model_2
3064311500711100045,3990.729492,19,Model_2
3064311500711100047,4741.445801,19,Model_2
3064311500712100034,5675.769043,19,Model_2
3064311500712100035,1893.894531,19,Model_2
3064311500712100037,1911.3240966796875,19,Model_2
3064311500712100043,9409.798828,19,Model_2
3064311500716100005,13518.2959,7,Model_2
3064311500716100011,7294.436035,7,Model_2
3064311500716100014,8682.539063,7,Model_2
3064311500716100018,10801.54395,7,Model_2
3064311500716100020,11856.53809,7,Model_2
3064311500716100024,13748.30664,7,Model_2
3064311500716100026,14420.12793,7,Model_2
3064311500716100030,6519.84668,7,Model_2
3064311500716100031,12518.49902,7,Model_2
3064311500716100034,15755.60449,7,Model_2
3064311500716100035,6594.161133,7,Model_2
3064311500716100036,15847.76758,7,Model_2
3064311500716100038,7837.387207,7,Model_2
3064311500716100039,3928.004395,7,Model_2
3064311500716100041,8053.630859,7,Model_2
3064311500716100043,5392.77002,7,Model_2
3064311500717100010,21141.35938,7,Model_2
3064311500717100012,10744.38867,7,Model_2
3064311500717100013,24244.33984,7,Model_2
3064311500717100014,6340.48877,7,Model_2
3064311500717100015,17808.55078,7,Model_2
3064311500717100016,19979.80273,7,Model_2
3064311500717100017,13333.44531,7,Model_2
3064311500717100020,4100.026367,7,Model_2
3064311500717100021,19321.16992,7,Model_2
3064311500717100022,9655.939453,7,Model_2
3064311500717100024,9783.796875,7,Model_2
3064311500717100025,6327.873047,7,Model_2
3064311500717100027,3860.494384765625,7,Model_2
3064311500717100028,19539.70898,7,Model_2
3064311500717100029,21446.4082,7,Model_2
3064311500717100030,7423.15332,7,Model_2
3064311500717100031,9427.700195,7,Model_2
3064311500717100032,4963.685547,7,Model_2
3064311500717100033,16260.47363,7,Model_2
3064311500717100035,4609.370117,7,Model_2
3064311500717100037,4662.85498,7,Model_2
3064311500717100038,11252.54297,7,Model_2
3064311500717100039,15787.4082,7,Model_2
3064311500717100040,24742.02539,7,Model_2
3064311500717100041,4293.45752,7,Model_2
3064311500717100042,14411.31348,7,Model_2
3064311500717100043,3268.376220703125,7,Model_2
3064311500717100046,21079.69336,7,Model_2
3064311500717100047,10388.02441,7,Model_2
3064311500717100048,14974.95508,7,Model_2
3064311500717100049,8219.428711,7,Model_2
3064311500717100050,3495.893555,7,Model_2
3064311500717100051,7786.807617,7,Model_2
3064311500717100052,8894.647461,7,Model_2
3064311500717100054,8995.648438,7,Model_2
3064311500717100055,7017.621582,7,Model_2
3064311500717100057,18525.95703,7,Model_2
3064311500717100058,7741.115723,7,Model_2
3064311500717100059,5517.48877,7,Model_2
3064311500717100060,8153.370605,7,Model_2
3064311500717100061,24457.0918,7,Model_2
3064311500717100062,31885.51758,7,Model_2
3064311500717100063,1903.8941650390625,7,Model_2
3064311500717100064,8016.356934,7,Model_2
3064311500717100065,18975.86914,7,Model_2
3064311500717100066,7519.009766,7,Model_2
3064311500717100067,6076.234863,7,Model_2
3064311500717100070,5036.383789,7,Model_2
3064311500717100072,7051.768066,7,Model_2
3064311500717100073,6116.345215,7,Model_2
3064311500717100074,10089.88281,7,Model_2
3064311500717100075,7813.035156,7,Model_2
3064311500717100076,11944.82813,7,Model_2
3064311500717100077,7335.93457,7,Model_2
3064311500717100079,25544.36328,7,Model_2
3064311500717100080,6963.386719,7,Model_2
3064311500717100082,16346.94434,7,Model_2
3064311500717100084,16014.41211,7,Model_2
3064311500717100085,5734.720703,7,Model_2
3064311500717100086,4395.047852,7,Model_2
3064311500717100087,12726.20117,7,Model_2
3064311500717100088,22168.26953,7,Model_2
3064311500717100089,3430.989990234375,7,Model_2
3064311500717100091,17198.17188,7,Model_2
3064311500717100092,7856.965332,7,Model_2
3064311500717100093,5550.276367,7,Model_2
3064311500717100094,9749.067383,7,Model_2
3064311500717100095,8068.469727,7,Model_2
3064311500717100096,3294.057617,7,Model_2
3064311500717100098,4657.143555,7,Model_2
3064311500717100099,8354.130859,7,Model_2
3064311500717100100,9528.197266,7,Model_2
3064311500717100101,12153.49219,7,Model_2
3064311500717100102,5211.722656,7,Model_2
3064311500717100104,4001.20166,7,Model_2
3064311500717100105,6953.157227,7,Model_2
3064311500717100106,12056.86328,7,Model_2
3064311500717100107,24577.32813,7,Model_2
3064311500717100108,6393.039551,7,Model_2
3064311500717100109,10017.36523,7,Model_2
3064311500717100110,34557.63281,7,Model_2
3064311500717100112,19547.875,7,Model_2
3064311500717100113,5298.28125,7,Model_2
3064311500717100116,4367.720703,7,Model_2
3064311500717100118,12942.18066,7,Model_2
3064311500717100119,5193.651367,7,Model_2
3064311500717100120,6584.154785,7,Model_2
3064311500717100121,9255.701172,7,Model_2
3064311500717100125,13055.89648,7,Model_2
3064311500717100126,6576.585938,7,Model_2
3064311500717100127,20248.29102,7,Model_2
3064311500717100131,9452.064453,7,Model_2
3064311500717100134,12349.98926,7,Model_2
3064311500717100135,12004.75781,7,Model_2
3064311500717100136,16632.83203,7,Model_2
3064311500717100137,13575.40625,7,Model_2
3064311500717100138,8677.549805,7,Model_2
3064311500717100139,4945.073242,7,Model_2
3064311500717100145,12012.21777,7,Model_2
3064311500717100147,10614.3916,7,Model_2
3064311500717100153,6452.78125,7,Model_2
3064311500718100003,21847.11328,7,Model_2
3064311500718100009,27185.55273,7,Model_2
3064311500718100010,27648.10547,7,Model_2
3064311500718100011,26157.45508,7,Model_2
3064311500718100015,24037.97266,7,Model_2
3064311500718100017,8155.747559,7,Model_2
3064311500718100019,21478.67188,7,Model_2
3064311500718100020,27707.25391,7,Model_2
3064311500718100021,6543.086426,7,Model_2
3064311500718100022,26769.62891,7,Model_2
3064311500718100023,7387.010742,7,Model_2
3064311500718100024,20189.60156,7,Model_2
3064311500718100029,17086.72461,7,Model_2
3064311500718100034,6262.297363,7,Model_2
3064311500718100035,22865.67383,7,Model_2
3064311500718100036,3936.663818359375,7,Model_2
3064311500718100037,12775.56152,7,Model_2
3064311500718100038,20280.64453,7,Model_2
3064311500718100039,23923.5,7,Model_2
3064311500718100041,19363.39063,7,Model_2
3064311500718100042,14597.21582,7,Model_2
3064311500718100043,12186.39063,7,Model_2
3064311500718100044,10817.49219,7,Model_2
3064311500718100046,18526.26172,7,Model_2
3064311500718100047,5568.52832,7,Model_2
3064311500718100048,26331.14258,7,Model_2
3064311500718100050,22747.89453,7,Model_2
3064311500718100051,21094.25586,7,Model_2
3064311500718100052,16472.81641,7,Model_2
3064311500718100055,16380.02246,7,Model_2
3064311500718100056,18750.85938,7,Model_2
3064311500718100057,35553.77734,7,Model_2
3064311500718100058,6537.247559,7,Model_2
3064311500718100059,12203.12012,7,Model_2
3064311500718100060,7785.162109,7,Model_2
3064311500718100061,29052.80469,7,Model_2
3064311500718100062,30345.94727,7,Model_2
3064311500718100065,18712.43164,7,Model_2
3064311500718100066,5552.456543,7,Model_2
3064311500718100067,21629.91016,7,Model_2
3064311500718100068,22397.76758,7,Model_2
3064311500718100069,21628.57227,7,Model_2
3064311500718100070,16460.02148,7,Model_2
3064311500718100074,29303.80273,7,Model_2
3064311500718100075,11679.2793,7,Model_2
3064311500718100077,22343.58398,7,Model_2
3064311500718100078,23551.49805,7,Model_2
3064311500718100080,24613.6582,7,Model_2
3064311500718100081,14776.01367,7,Model_2
3064311500718100082,15237.7832,7,Model_2
3064311500718100083,14071.02832,7,Model_2
3064311500718100084,18214.5332,7,Model_2
3064311500718100085,21825.93359,7,Model_2
3064311500718100086,11118.32031,7,Model_2
3064311500718100088,14201.27832,7,Model_2
3064311500718100090,31655.68555,7,Model_2
3064311500718100103,5087.347656,7,Model_2
3064311500719100006,55870.88672,7,Model_2
3064311500719100008,10083.0498,7,Model_2
3064311500719100009,19087.48633,7,Model_2
3064311500719100010,7941.876953,7,Model_2
3064311500719100013,40020.98828,7,Model_2
3064311500719100014,17075.94727,7,Model_2
3064311500719100015,25731.08789,7,Model_2
3064311500719100016,21030.53906,7,Model_2
3064311500719100018,19404.33203,7,Model_2
3064311500719100020,3756.233398,7,Model_2
3064311500719100021,19517.76758,7,Model_2
3064311500719100022,28263.36719,7,Model_2
3064311500719100026,11171.86426,7,Model_2
3064311500719100027,21383.44336,7,Model_2
3064311500719100029,15330.79297,7,Model_2
3064311500719100031,27874.94727,7,Model_2
3064311500719100033,16560.90625,7,Model_2
3064311500720100008,3904.48291,11,Model_2
3064311500720100010,10271.27246,11,Model_2
3064311500720100014,6069.747559,11,Model_2
3064311500720100018,4019.609619140625,11,Model_2
3064311500720100019,5071.055176,11,Model_2
3064311500720100022,5727.439453,11,Model_2
3064311500720100023,5231.061523,11,Model_2
3064311500720100026,3825.277099609375,11,Model_2
3064311500720100027,12704.41992,11,Model_2
3064311500720100029,2757.053466796875,11,Model_2
3064311500720100033,6114.983887,11,Model_2
3064311500720100034,6138.591309,11,Model_2
3064311500720100035,11729.07031,11,Model_2
3064311500720100039,2241.637695,11,Model_2
3064311500720100043,2763.086669921875,11,Model_2
3064311500720100044,4647.820801,11,Model_2
3064311500720100047,9191.936523,11,Model_2
3064311500720100048,2584.583008,11,Model_2
3064311500720100050,3544.263184,11,Model_2
3064311500720100051,2275.237060546875,11,Model_2
3064311500720100054,4729.915039,11,Model_2
3064311500720100055,8163.403809,11,Model_2
3064311500720100058,3654.111816,11,Model_2
3064311500720100059,11121.75098,11,Model_2
3064311500721100002,2969.419922,11,Model_2
3064311500721100010,6350.423828,11,Model_2
3064311500721100013,1396.2725830078125,11,Model_2
3064311500721100014,3475.299805,11,Model_2
3064311500721100015,7149.094727,11,Model_2
3064311500721100018,7099.738281,11,Model_2
3064311500721100022,6330.842285,11,Model_2
3064311500721100028,7141.210938,11,Model_2
3064311500721100030,4869.947266,11,Model_2
3064311500721100031,13684.43555,11,Model_2
3064311500721100032,6105.102539,11,Model_2
3064311500721100035,17469.48828,11,Model_2
3064311500721100036,6666.731934,11,Model_2
3064311500721100037,21844.7168,11,Model_2
3064311500721100038,8602.985352,11,Model_2
3064311500721100040,9768.608398,11,Model_2
3064311500721100041,3127.919677734375,11,Model_2
3064311500721100042,8270.520508,11,Model_2
3064311500721100043,4397.414063,11,Model_2
3064311500721100044,9807.823242,11,Model_2
3064311500721100045,5019.34082,11,Model_2
3064311500721100046,4496.803223,11,Model_2
3064311500721100047,20602.41406,11,Model_2
3064311500721100048,8124.244629,11,Model_2
3064311500721100049,11312.70605,11,Model_2
3064311500721100050,14315.08496,11,Model_2
3064311500721100052,9134.716797,11,Model_2
3064311500721100053,7440.730469,11,Model_2
3064311500721100054,9188.816406,11,Model_2
3064311500721100057,6219.201172,11,Model_2
3064311500721100058,5895.424805,11,Model_2
3064311500721100059,4160.845215,11,Model_2
3064311500721100060,2652.181884765625,11,Model_2
3064311500721100061,9722.275391,11,Model_2
3064311500721100063,1930.37793,11,Model_2
3064311500721100064,5247.564453,11,Model_2
3064311500721100066,7238.483398,11,Model_2
3064311500721100067,3407.113281,11,Model_2
3064311500721100068,3528.918212890625,11,Model_2
3064311500721100069,6068.09375,11,Model_2
3064311500721100071,1758.508789,11,Model_2
3064311500721100072,4656.253906,11,Model_2
3064311500721100073,3840.001708984375,11,Model_2
3064311500721100074,6462.467773,11,Model_2
3064311500721100075,2383.12793,11,Model_2
3064311500721100076,4195.089844,11,Model_2
3064311500721100077,4489.20166,11,Model_2
3064311500721100079,16760.53906,11,Model_2
3064311500721100081,5007.745605,11,Model_2
3064311500721100082,9693.935547,11,Model_2
3064311500721100083,3795.581055,11,Model_2
3064311500721100084,4888.695313,11,Model_2
3064311500721100085,9224.676758,11,Model_2
3064311500721100086,4201.0625,11,Model_2
3064311500721100087,3256.675293,11,Model_2
3064311500721100088,2308.814208984375,11,Model_2
3064311500721100090,10754.74512,11,Model_2
3064311500721100091,11601.31543,11,Model_2
3064311500721100092,5101.435547,11,Model_2
3064311500721100093,7270.577637,11,Model_2
3064311500721100094,4243.788086,11,Model_2
3064311500721100095,6241.849121,11,Model_2
3064311500721100096,5734.375488,11,Model_2
3064311500721100097,5644.683594,11,Model_2
3064311500721100099,4066.864746,11,Model_2
3064311500721100101,3722.400146484375,11,Model_2
3064311500721100102,5320.815918,11,Model_2
3064311500721100103,9064.964844,11,Model_2
3064311500721100104,5859.704102,11,Model_2
3064311500721100105,5055.334473,11,Model_2
3064311500721100106,7822.616699,11,Model_2
3064311500721100107,7333.769531,11,Model_2
3064311500721100108,16246.19824,11,Model_2
3064311500721100109,4556.029785,11,Model_2
3064311500721100110,5129.575684,11,Model_2
3064311500721100111,7607.868164,11,Model_2
3064311500721100112,5550.299316,11,Model_2
3064311500721100114,8310.445313,11,Model_2
3064311500721100115,7800.136719,11,Model_2
3064311500721100116,6965.71875,11,Model_2
3064311500721100118,19006.39648,11,Model_2
3064311500721100119,5262.312012,11,Model_2
3064311500721100120,4932.269531,11,Model_2
3064311500721100121,9929.342773,11,Model_2
3064311500721100122,4429.3125,11,Model_2
3064311500721100123,11402.47168,11,Model_2
3064311500721100125,6412.29834,11,Model_2
3064311500721100126,13293.46289,11,Model_2
3064311500721100128,2977.412841796875,11,Model_2
3064311500721100129,4239.281738,11,Model_2
3064311500721100131,6827.71875,11,Model_2
3064311500721100132,11290.75293,11,Model_2
3064311500721100134,10000.64941,11,Model_2
3064311500721100135,2737.977051,11,Model_2
3064311500721100136,11825.88574,11,Model_2
3064311500721100137,8251.201172,11,Model_2
3064311500721100139,15772.19531,11,Model_2
3064311500721100140,3421.954102,11,Model_2
3064311500721100141,4434.110352,11,Model_2
3064311500721100142,6831.602051,11,Model_2
3064311500721100143,5987.878906,11,Model_2
3064311500721100144,11755.70605,11,Model_2
3064311500721100146,12157.08496,11,Model_2
3064311500721100147,11421.60938,11,Model_2
3064311500721100148,3550.478759765625,11,Model_2
3064311500721100149,8058.125488,11,Model_2
3064311500721100152,3680.421630859375,11,Model_2
3064311500721100153,15048.36328,11,Model_2
3064311500721100155,15648.60156,11,Model_2
3064311500721100158,8654.599609,11,Model_2
3064311500721100159,8821.742188,11,Model_2
3064311500721100160,8171.020996,11,Model_2
3064311500721100161,22318.54883,11,Model_2
3064311500721100163,9969.128906,11,Model_2
3064311500721100164,4460.70166,11,Model_2
3064311500721100165,7389.122559,11,Model_2
3064311500721100166,2819.691895,11,Model_2
3064311500721100167,19289.0,11,Model_2
3064311500721100169,3411.03125,11,Model_2
3064311500721100170,7596.76709,11,Model_2
3064311500721100171,16017.44629,11,Model_2
3064311500721100173,3778.634277,11,Model_2
3064311500721100174,25299.41602,11,Model_2
3064311500721100175,6672.831543,11,Model_2
3064311500721100176,4290.459961,11,Model_2
3064311500721100177,1418.3717041015625,11,Model_2
3064311500721100179,7462.756348,11,Model_2
3064311500721100180,14656.91797,11,Model_2
3064311500721100181,10607.11426,11,Model_2
3064311500721100182,4122.401855,11,Model_2
3064311500721100183,8400.051758,11,Model_2
3064311500721100184,13132.24414,11,Model_2
3064311500721100185,10414.86914,11,Model_2
3064311500721100187,7746.352539,11,Model_2
3064311500721100188,15771.4209,11,Model_2
3064311500721100189,7141.921387,11,Model_2
3064311500721100195,20350.25391,11,Model_2
3064311500721100201,12670.69043,11,Model_2
3064311500721100202,8221.889648,11,Model_2
3064311500721100204,12121.51563,11,Model_2
3064311500722100008,7742.357422,11,Model_2
3064311500722100010,27846.95508,11,Model_2
3064311500722100012,18165.63086,11,Model_2
3064311500722100013,7276.236816,11,Model_2
3064311500722100016,8625.454102,11,Model_2
3064311500722100017,6183.787598,11,Model_2
3064311500722100018,14345.29297,11,Model_2
3064311500722100022,31154.79102,11,Model_2
3064311500722100023,16997.48047,11,Model_2
3064311500722100024,22998.95117,11,Model_2
3064311500722100025,18172.29297,11,Model_2
3064311500722100026,12555.49609,11,Model_2
3064311500722100027,9631.929688,11,Model_2
3064311500722100028,6121.4375,11,Model_2
3064311500722100029,17897.56445,11,Model_2
3064311500722100031,4969.137207,11,Model_2
3064311500722100034,14310.09473,11,Model_2
3064311500722100036,26600.54492,11,Model_2
3064311500722100037,7012.300781,11,Model_2
3064311500722100038,5292.284668,11,Model_2
3064311500722100039,12729.24219,11,Model_2
3064311500722100040,13297.38477,11,Model_2
3064311500722100041,8602.545898,11,Model_2
3064311500722100042,19551.95117,11,Model_2
3064311500722100044,12131.41895,11,Model_2
3064311500722100045,34396.95313,11,Model_2
3064311500722100046,16111.98145,11,Model_2
3064311500722100047,6887.43457,11,Model_2
3064311500722100049,24593.48633,11,Model_2
3064311500722100051,12120.54004,11,Model_2
3064311500722100052,11588.38281,11,Model_2
3064311500722100054,12358.90527,11,Model_2
3064311500722100055,19197.94336,11,Model_2
3064311500722100057,19195.52734,11,Model_2
3064311500722100058,34621.76172,11,Model_2
3064311500722100059,11930.97852,11,Model_2
3064311500722100061,8556.201172,11,Model_2
3064311500722100062,10436.56543,11,Model_2
3064311500722100063,7632.441406,11,Model_2
3064311500722100064,3280.36084,11,Model_2
3064311500722100067,23831.31445,11,Model_2
3064311500722100068,13010.81055,11,Model_2
3064311500722100070,17206.14063,11,Model_2
3064311500722100071,2635.963379,11,Model_2
3064311500722100072,14613.81055,11,Model_2
3064311500722100073,14925.99219,11,Model_2
3064311500722100074,11885.18066,11,Model_2
3064311500722100077,6174.452148,11,Model_2
3064311500722100078,12103.72754,11,Model_2
3064311500722100080,14221.6416,11,Model_2
3064311500722100082,7108.509766,11,Model_2
3064311500722100083,8660.303711,11,Model_2
3064311500722100084,22813.38281,11,Model_2
3064311500722100085,3795.596191,11,Model_2
3064311500722100090,13294.23438,11,Model_2
3064311500722100094,13240.34961,11,Model_2
3064311500722100098,12227.62988,11,Model_2
3064311500722100101,12981.14258,11,Model_2
3064311500722100102,17236.35352,11,Model_2
3064311500722100105,16062.3877,11,Model_2
3064311500722100106,6717.597168,11,Model_2
3064311500722100109,4680.189941,11,Model_2
3064311500722100114,3081.55127,11,Model_2
3064311500723100012,20130.64063,11,Model_2
3064311500723100015,7687.712402,11,Model_2
3064311500723100030,4382.587402,11,Model_2
3064311500723100039,28888.69727,11,Model_2
3064311500723100050,27374.06445,11,Model_2
3064311500723100054,6474.644043,11,Model_2
3064311500723100055,6337.241699,11,Model_2
3064311500723100056,7585.313965,11,Model_2
3064311500723100058,25969.92578,11,Model_2
3064311500723100060,63821.50391,11,Model_2
3064311500723100072,2964.058594,11,Model_2
3064311500723100074,27347.87891,11,Model_2
3064311500725100001,12813.86133,17,Model_2
3064311500725100011,22284.46094,17,Model_2
3064311500725100012,12385.26172,17,Model_2
3064311500725100014,13948.54785,17,Model_2
3064311500725100017,7436.962402,17,Model_2
3064311500725100018,6195.06543,17,Model_2
3064311500725100019,10486.92773,17,Model_2
3064311500725100020,6199.271484,17,Model_2
3064311500725100021,24404.08594,17,Model_2
3064311500725100022,24514.74609,17,Model_2
3064311500725100023,13192.20215,17,Model_2
3064311500725100026,12687.59961,17,Model_2
3064311500725100027,4558.665039,17,Model_2
3064311500725100028,6314.243652,17,Model_2
3064311500725100029,31788.07813,17,Model_2
3064311500725100030,21071.55469,17,Model_2
3064311500725100031,26339.57617,17,Model_2
3064311500725100032,14470.25195,17,Model_2
3064311500725100034,8912.12207,17,Model_2
3064311500725100035,17354.64648,17,Model_2
3064311500725100036,10540.09766,17,Model_2
3064311500725100038,27363.13867,17,Model_2
3064311500725100039,16111.78027,17,Model_2
3064311500725100040,20789.20898,17,Model_2
3064311500725100041,9773.109375,17,Model_2
3064311500725100042,19151.88477,17,Model_2
3064311500725100043,1612.154541015625,17,Model_2
3064311500725100044,12598.9043,17,Model_2
3064311500725100045,13196.17188,17,Model_2
3064311500725100046,14213.97266,17,Model_2
3064311500725100047,23105.91211,17,Model_2
3064311500725100048,5151.997559,17,Model_2
3064311500725100050,9297.595703,17,Model_2
3064311500725100051,11821.87793,17,Model_2
3064311500725100052,4080.496582,17,Model_2
3064311500725100053,23493.34375,17,Model_2
3064311500725100054,24245.82813,17,Model_2
3064311500725100055,25005.39844,17,Model_2
3064311500725100056,8922.319336,17,Model_2
3064311500725100057,11006.13477,17,Model_2
3064311500725100058,20389.20898,17,Model_2
3064311500725100059,13403.03613,17,Model_2
3064311500725100060,18242.51367,17,Model_2
3064311500725100061,10615.38574,17,Model_2
3064311500725100062,17376.50195,17,Model_2
3064311500725100063,7179.756348,17,Model_2
3064311500725100064,4890.663574,17,Model_2
3064311500725100065,11876.85352,17,Model_2
3064311500725100067,8483.106445,17,Model_2
3064311500725100068,15854.00391,17,Model_2
3064311500725100069,10880.11914,17,Model_2
3064311500725100071,22916.62109,17,Model_2
3064311500725100072,11809.05469,17,Model_2
3064311500725100073,2338.161133,17,Model_2
3064311500725100074,24466.41406,17,Model_2
3064311500725100075,10467.8125,17,Model_2
3064311500725100076,15223.67871,17,Model_2
3064311500725100077,21852.78711,17,Model_2
3064311500725100080,14860.75391,17,Model_2
3064311500725100081,19975.69141,17,Model_2
3064311500725100082,6689.20752,17,Model_2
3064311500725100083,12459.97852,17,Model_2
3064311500725100085,4452.987793,17,Model_2
3064311500725100087,11142.96289,17,Model_2
3064311500725100088,18027.61914,17,Model_2
3064311500725100090,10892.32813,17,Model_2
3064311500725100091,10028.29785,17,Model_2
3064311500725100092,8766.759766,17,Model_2
3064311500725100093,16644.70117,17,Model_2
3064311500725100100,11863.14844,17,Model_2
3064311500725100101,10318.2002,17,Model_2
3064311500725100107,5332.725586,17,Model_2
3064311500726100011,6831.570313,17,Model_2
3064311500726100013,7369.245117,17,Model_2
3064311500726100017,42721.23828,17,Model_2
3064311500726100018,6838.248535,17,Model_2
3064311500726100021,6617.55957,17,Model_2
3064311500726100023,25213.30078,17,Model_2
3064311500726100024,5205.777832,17,Model_2
3064311500726100025,20534.27344,17,Model_2
3064311500726100026,10003.40137,17,Model_2
3064311500726100027,10351.26758,17,Model_2
3064311500726100032,12213.85645,17,Model_2
3064311500726100034,20336.18164,17,Model_2
3064311500726100036,15812.71094,17,Model_2
3064311500726100040,29248.05859,17,Model_2
3064311500726100041,4847.986816,17,Model_2
3064311500726100042,22503.66211,17,Model_2
3064311500726100043,18032.66016,17,Model_2
3064311500726100044,11893.83496,17,Model_2
3064311500726100045,18282.52734,17,Model_2
3064311500726100046,14556.2832,17,Model_2
3064311500726100048,29006.82227,17,Model_2
3064311500726100049,13794.5957,17,Model_2
3064311500726100052,4388.03418,17,Model_2
3064311500726100053,19950.86719,17,Model_2
3064311500726100054,5387.521973,17,Model_2
3064311500726100055,11208.55273,17,Model_2
3064311500726100056,24691.58398,17,Model_2
3064311500726100057,2852.765380859375,17,Model_2
3064311500726100058,10146.04297,17,Model_2
3064311500726100059,21445.64844,17,Model_2
3064311500726100063,6084.342285,17,Model_2
3064311500726100066,12476.60547,17,Model_2
3064311500726100067,15517.4043,17,Model_2
3064311500726100069,23391.13867,17,Model_2
3064311500726100070,16405.08203,17,Model_2
3064311500726100071,13784.44531,17,Model_2
3064311500726100072,24355.02734,17,Model_2
3064311500726100073,5927.339844,17,Model_2
3064311500726100075,24142.4668,17,Model_2
3064311500726100077,17728.77344,17,Model_2
3064311500726100078,9702.685547,17,Model_2
3064311500726100079,16797.77344,17,Model_2
3064311500726100082,15000.63672,17,Model_2
3064311500726100083,27258.29883,17,Model_2
3064311500726100085,17977.61328,17,Model_2
3064311500726100086,6021.039551,17,Model_2
3064311500726100087,10661.67969,17,Model_2
3064311500726100088,16159.90137,17,Model_2
3064311500726100089,12628.13086,17,Model_2
3064311500726100090,16534.37695,17,Model_2
3064311500726100091,10664.53906,17,Model_2
3064311500726100092,13040.14941,17,Model_2
3064311500726100093,9917.794922,17,Model_2
3064311500726100096,12278.96582,17,Model_2
3064311500726100097,5964.759766,17,Model_2
3064311500726100098,18193.39648,17,Model_2
3064311500726100100,18348.17188,17,Model_2
3064311500726100103,14200.30957,17,Model_2
3064311500726100104,15707.57422,17,Model_2
3064311500726100107,12700.15137,17,Model_2
3064311500726100110,10263.4082,17,Model_2
3064311500726100111,8800.404297,17,Model_2
3064311500726100114,13610.06445,17,Model_2
3064311500726100116,8353.044922,17,Model_2
3064311500726100117,16312.55469,17,Model_2
3064311500726100118,1953.2401123046875,17,Model_2
3064311500726100119,7938.944824,17,Model_2
3064311500726100120,6407.017578,17,Model_2
3064311500726100121,15963.96777,17,Model_2
3064311500726100125,7398.434082,17,Model_2
3064311500726100127,10258.83887,17,Model_2
3064311500726100129,9451.311523,17,Model_2
3064311500726100130,15559.15332,17,Model_2
3064311500726100137,7307.910156,17,Model_2
3064311500727100010,8180.39502,17,Model_2
3064311500727100012,3622.220947265625,17,Model_2
3064311500727100018,6205.726074,17,Model_2
3064311500727100020,7187.647461,17,Model_2
3064311500727100023,6295.841797,17,Model_2
3064311500727100024,2891.633301,17,Model_2
3064311500727100026,4821.026855,17,Model_2
3064311500727100027,10820.79688,17,Model_2
3064311500727100029,5031.640625,17,Model_2
3064311500727100030,12337.49121,17,Model_2
3064311500727100031,3375.144775390625,17,Model_2
3064311500727100032,7239.069824,17,Model_2
3064311500727100033,5008.340332,17,Model_2
3064311500727100034,13663.5459,17,Model_2
3064311500727100036,2122.086669921875,17,Model_2
3064311500727100037,6424.702637,17,Model_2
3064311500727100039,953.4287719726562,17,Model_2
3064311500727100040,6714.078613,17,Model_2
3064311500727100041,5131.880371,17,Model_2
3064311500727100042,5532.911133,17,Model_2
3064311500727100043,7844.630859,17,Model_2
3064311500727100045,4796.859863,17,Model_2
3064311500727100046,6430.745605,17,Model_2
3064311500727100047,18233.35547,17,Model_2
3064311500727100048,9995.796875,17,Model_2
3064311500727100049,7633.107422,17,Model_2
3064311500727100051,9862.50293,17,Model_2
3064311500727100052,4008.661621,17,Model_2
3064311500727100053,5504.115234,17,Model_2
3064311500727100054,5950.155762,17,Model_2
3064311500727100056,3536.301513671875,17,Model_2
3064311500727100057,4481.397949,17,Model_2
3064311500727100058,4731.560547,17,Model_2
3064311500727100059,3922.521240234375,17,Model_2
3064311500727100060,2819.295166015625,17,Model_2
3064311500727100061,6943.199707,17,Model_2
3064311500727100062,12134.41406,17,Model_2
3064311500727100064,7768.09668,17,Model_2
3064311500727100065,7201.205566,17,Model_2
3064311500727100067,8846.387695,17,Model_2
3064311500727100068,1812.422607421875,17,Model_2
3064311500727100069,11242.00391,17,Model_2
3064311500727100070,4551.263672,17,Model_2
3064311500727100071,6650.97168,17,Model_2
3064311500727100073,14145.00293,17,Model_2
3064311500727100074,10205.16992,17,Model_2
3064311500727100075,5865.585938,17,Model_2
3064311500727100076,13064.81738,17,Model_2
3064311500727100077,3998.345458984375,17,Model_2
3064311500727100078,3563.061767578125,17,Model_2
3064311500727100080,3987.555908203125,17,Model_2
3064311500727100081,9359.141602,17,Model_2
3064311500727100082,14167.75781,17,Model_2
3064311500727100083,3735.131348,17,Model_2
3064311500727100084,10428.43945,17,Model_2
3064311500727100085,8701.338867,17,Model_2
3064311500727100086,21981.51172,17,Model_2
3064311500727100087,3388.092529296875,17,Model_2
3064311500727100088,11305.2002,17,Model_2
3064311500727100090,6268.188965,17,Model_2
3064311500727100091,4903.908691,17,Model_2
3064311500727100092,4476.950684,17,Model_2
3064311500727100093,5829.545898,17,Model_2
3064311500727100094,4400.647461,17,Model_2
3064311500727100095,6675.476074,17,Model_2
3064311500727100096,5515.432617,17,Model_2
3064311500727100097,5466.529785,17,Model_2
3064311500727100098,10475.61523,17,Model_2
3064311500727100099,6641.37207,17,Model_2
3064311500727100100,13300.65918,17,Model_2
3064311500727100101,5459.327148,17,Model_2
3064311500727100102,4033.862548828125,17,Model_2
3064311500727100103,1750.755371,17,Model_2
3064311500727100104,4171.033203,17,Model_2
3064311500727100105,14120.94922,17,Model_2
3064311500727100107,4567.121582,17,Model_2
3064311500727100108,10822.33008,17,Model_2
3064311500727100109,3823.708008,17,Model_2
3064311500727100110,18466.84375,17,Model_2
3064311500727100111,3912.772461,17,Model_2
3064311500727100112,4787.568848,17,Model_2
3064311500727100113,7899.027832,17,Model_2
3064311500727100114,4387.70166,17,Model_2
3064311500727100115,3648.160156,17,Model_2
3064311500727100116,7523.229004,17,Model_2
3064311500727100117,4537.304199,17,Model_2
3064311500727100118,10592.59668,17,Model_2
3064311500727100120,5277.873047,17,Model_2
3064311500727100121,20120.74023,17,Model_2
3064311500727100122,2218.760254,17,Model_2
3064311500727100124,7591.248047,17,Model_2
3064311500727100125,3935.779297,17,Model_2
3064311500727100126,5526.698242,17,Model_2
3064311500727100130,6651.074219,17,Model_2
3064311500727100131,2459.063720703125,17,Model_2
3064311500727100132,6903.70459,17,Model_2
3064311500727100133,5859.024414,17,Model_2
3064311500727100134,10256.10059,17,Model_2
3064311500727100135,4689.200195,17,Model_2
3064311500727100136,558.7448120117188,17,Model_2
3064311500729100007,5740.179688,18,Model_2
3064311500729100009,7437.421875,18,Model_2
3064311500729100012,1221.385254,18,Model_2
3064311500729100016,4523.326172,18,Model_2
3064311500729100020,5817.643066,18,Model_2
3064311500729100022,5309.689941,18,Model_2
3064311500729100026,2556.464111328125,18,Model_2
3064311500729100027,1181.750977,18,Model_2
3064311500729100028,4627.766113,18,Model_2
3064311500729100029,18876.05273,18,Model_2
3064311500729100030,3635.781738,18,Model_2
3064311500729100031,1898.8433837890625,18,Model_2
3064311500729100033,1222.0809326171875,18,Model_2
3064311500729100034,4480.189941,18,Model_2
3064311500729100035,3814.082763671875,18,Model_2
3064311500729100036,5517.841309,18,Model_2
3064311500729100037,7560.590332,18,Model_2
3064311500729100040,6862.62207,18,Model_2
3064311500729100041,3934.302734,18,Model_2
3064311500729100042,4398.369141,18,Model_2
3064311500729100043,9258.583984,18,Model_2
3064311500729100044,4091.710205078125,18,Model_2
3064311500729100045,13526.07813,18,Model_2
3064311500729100046,1227.476563,18,Model_2
3064311500729100047,12794.63867,18,Model_2
3064311500729100050,5640.597168,18,Model_2
3064311500729100051,4488.695801,18,Model_2
3064311500729100052,7722.385742,18,Model_2
3064311500729100053,3214.272461,18,Model_2
3064311500729100054,6037.76709,18,Model_2
3064311500729100055,2514.283691,18,Model_2
3064311500729100056,7645.277344,18,Model_2
3064311500729100057,6053.893555,18,Model_2
3064311500729100058,13429.09668,18,Model_2
3064311500729100059,3607.751465,18,Model_2
3064311500729100060,8440.874023,18,Model_2
3064311500729100061,4387.751465,18,Model_2
3064311500729100062,3640.697021484375,18,Model_2
3064311500729100063,10772.47852,18,Model_2
3064311500729100064,6355.465332,18,Model_2
3064311500729100065,1607.456543,18,Model_2
3064311500729100066,4658.219238,18,Model_2
3064311500729100067,14456.28809,18,Model_2
3064311500729100069,1466.430908203125,18,Model_2
3064311500729100070,5810.029297,18,Model_2
3064311500729100071,7814.634766,18,Model_2
3064311500729100072,5407.967285,18,Model_2
3064311500729100073,2819.013427734375,18,Model_2
3064311500729100074,6929.919922,18,Model_2
3064311500729100075,9745.397461,18,Model_2
3064311500729100076,6635.194336,18,Model_2
3064311500729100078,1994.886962890625,18,Model_2
3064311500729100079,9478.859375,18,Model_2
3064311500729100080,2529.266357421875,18,Model_2
3064311500729100081,3108.136474609375,18,Model_2
3064311500729100082,7998.210449,18,Model_2
3064311500729100083,5170.689941,18,Model_2
3064311500729100084,5893.095703,18,Model_2
3064311500729100085,12541.70313,18,Model_2
3064311500729100086,5040.467773,18,Model_2
3064311500729100087,4965.059082,18,Model_2
3064311500729100088,5973.58252,18,Model_2
3064311500729100089,6841.678223,18,Model_2
3064311500729100090,2930.901367,18,Model_2
3064311500729100091,3050.454833984375,18,Model_2
3064311500729100092,3834.262451171875,18,Model_2
3064311500729100093,9063.573242,18,Model_2
3064311500729100094,7351.168945,18,Model_2
3064311500729100096,6230.205566,18,Model_2
3064311500729100097,4878.035645,18,Model_2
3064311500729100098,3314.550293,18,Model_2
3064311500729100099,2754.987548828125,18,Model_2
3064311500729100100,3984.678711,18,Model_2
3064311500729100101,4115.000488,18,Model_2
3064311500729100102,22183.84375,18,Model_2
3064311500729100103,7385.52002,18,Model_2
3064311500729100105,4993.016602,18,Model_2
3064311500729100106,9916.393555,18,Model_2
3064311500729100107,3610.429931640625,18,Model_2
3064311500729100108,2596.978027,18,Model_2
3064311500729100109,7916.578613,18,Model_2
3064311500729100110,2692.721435546875,18,Model_2
3064311500729100111,2913.078369140625,18,Model_2
3064311500729100112,3860.903809,18,Model_2
3064311500729100113,9197.861328,18,Model_2
3064311500729100115,5639.336914,18,Model_2
3064311500729100116,5879.258301,18,Model_2
3064311500729100117,8548.707031,18,Model_2
3064311500729100118,13342.50195,18,Model_2
3064311500729100119,3859.713134765625,18,Model_2
3064311500729100120,8650.072266,18,Model_2
3064311500729100121,5691.134766,18,Model_2
3064311500729100122,13872.68652,18,Model_2
3064311500729100123,6756.118164,18,Model_2
3064311500729100124,9135.206055,18,Model_2
3064311500729100128,7443.808105,18,Model_2
3064311500729100129,7111.179199,18,Model_2
3064311500729100131,8521.712891,18,Model_2
3064311500729100132,8743.800781,18,Model_2
3064311500729100133,10990.60352,18,Model_2
3064311500729100134,8164.743164,18,Model_2
3064311500729100136,8042.829102,18,Model_2
3064311500729100139,5648.508301,18,Model_2
3064311500729100140,4170.854492,18,Model_2
3064311500729100143,3075.480712890625,18,Model_2
3064311500729100144,8537.118164,18,Model_2
3064311500729100146,9233.124023,18,Model_2
3064311500729100147,4989.703613,18,Model_2
3064311500729100148,9373.381836,18,Model_2
3064311500729100151,5257.029297,18,Model_2
3064311500729100152,5684.126953,18,Model_2
3064311500729100154,8084.220703,18,Model_2
3064311500729100159,3985.510254,18,Model_2
3064311500729100163,5012.554199,18,Model_2
3064311500729100167,2933.415527,18,Model_2
3064311500729100168,397.8830261230469,18,Model_2
3064311500730100008,17805.26758,18,Model_2
3064311500730100010,1258.771484,18,Model_2
3064311500730100016,10203.52539,18,Model_2
3064311500730100017,3323.662109,18,Model_2
3064311500730100018,5083.185059,18,Model_2
3064311500730100022,13239.53809,18,Model_2
3064311500730100023,11851.35352,18,Model_2
3064311500730100028,5745.254883,18,Model_2
3064311500730100033,12349.4707,18,Model_2
3064311500730100035,2317.60498,18,Model_2
3064311500730100040,11382.08398,18,Model_2
3064311500730100043,9839.599609,18,Model_2
3064311500730100044,9667.063477,18,Model_2
3064311500730100045,12642.8877,18,Model_2
3064311500730100046,1695.381591796875,18,Model_2
3064311500730100047,4193.714355,18,Model_2
3064311500730100048,18334.6543,18,Model_2
3064311500730100052,16663.96094,18,Model_2
3064311500730100054,2511.062012,18,Model_2
3064311500730100055,16806.39453,18,Model_2
3064311500730100058,8069.709473,18,Model_2
3064311500730100059,18098.84961,18,Model_2
3064311500730100060,8572.772461,18,Model_2
3064311500730100061,4940.870605,18,Model_2
3064311500730100063,9716.405273,18,Model_2
3064311500730100066,3830.38916,18,Model_2
3064311500730100067,23594.49023,18,Model_2
3064311500730100070,2502.000977,18,Model_2
3064311500730100071,5155.859863,18,Model_2
3064311500730100072,7909.844238,18,Model_2
3064311500730100073,1206.516845703125,18,Model_2
3064311500730100077,9636.432617,18,Model_2
3064311500730100079,1954.774169921875,18,Model_2
3064311500730100081,1096.664063,18,Model_2
3064311500730100087,23966.83789,18,Model_2
3064311500730100088,29900.63672,18,Model_2
3064311500730100089,15761.71484,18,Model_2
3064311500730100091,23566.77539,18,Model_2
3064311500730100093,7302.640625,18,Model_2
3064311500730100097,18618.31055,18,Model_2
3064311500730100098,16104.53516,18,Model_2
3064311500730100099,16576.75977,18,Model_2
3064311500730100100,14641.19824,18,Model_2
3064311500730100101,9004.236328,18,Model_2
3064311500730100102,7032.041504,18,Model_2
3064311500730100104,8431.012695,18,Model_2
3064311500730100105,11195.49121,18,Model_2
3064311500730100106,21655.27148,18,Model_2
3064311500730100107,7011.559082,18,Model_2
3064311500730100108,12905.98242,18,Model_2
3064311500730100109,11805.02051,18,Model_2
3064311500730100110,21376.51953,18,Model_2
3064311500730100114,2847.318603515625,18,Model_2
3064311500730100117,9536.227539,18,Model_2
3064311500730100118,10820.89746,18,Model_2
3064311500730100119,4613.566406,18,Model_2
3064311500730100120,11574.04492,18,Model_2
3064311500730100121,19929.88672,18,Model_2
3064311500730100123,2292.942626953125,18,Model_2
3064311500730100124,7509.530273,18,Model_2
3064311500730100129,7176.437012,18,Model_2
3064311500730100130,8217.697266,18,Model_2
3064311500730100131,5382.121094,18,Model_2
3064311500730100132,11046.46094,18,Model_2
3064311500730100133,6832.23291,18,Model_2
3064311500730100136,2624.697998046875,18,Model_2
3064311500730100141,2782.81543,18,Model_2
3064311500730100146,2206.620849609375,18,Model_2
3064311500731100006,9038.818359,18,Model_2
3064311500731100009,6074.956543,18,Model_2
3064311500731100015,11819.63965,18,Model_2
3064311500731100023,8572.978516,18,Model_2
3064311500731100024,12629.08887,18,Model_2
3064311500731100027,2910.723633,18,Model_2
3064311500731100028,8097.154297,18,Model_2
3064311500731100030,8970.848633,18,Model_2
3064311500731100031,1576.7340087890625,18,Model_2
3064311500731100035,5277.757813,18,Model_2
3064311500731100037,3972.485107421875,18,Model_2
3064311500731100040,5828.046875,18,Model_2
3064311500731100042,4697.508301,18,Model_2
3064311500731100043,10086.81348,18,Model_2
3064311500731100044,3149.479248046875,18,Model_2
3064311500731100046,13263.30371,18,Model_2
3064311500731100049,1067.460205078125,18,Model_2
3064311500731100052,1226.170166015625,18,Model_2
3064311500731100053,1776.663330078125,18,Model_2
3064311500731100054,11324.0957,18,Model_2
3064311500731100056,362.8934326171875,18,Model_2
3064311500731100057,3319.192626953125,18,Model_2
3064311500731100058,7246.422363,18,Model_2
3064311500731100059,17208.61328,18,Model_2
3064311500731100060,11323.89844,18,Model_2
3064311500731100061,2342.333251953125,18,Model_2
3064311500731100063,1693.230469,18,Model_2
3064311500731100065,7273.16748,18,Model_2
3064311500731100066,3512.127685546875,18,Model_2
3064311500731100071,9538.177734,18,Model_2
3064311500731100072,1385.6785888671875,18,Model_2
3064311500731100073,22902.96484,18,Model_2
3064311500731100074,19785.22852,18,Model_2
3064311500731100077,19696.38086,18,Model_2
3064311500731100082,10637.34668,18,Model_2
3064311500731100083,19099.72656,18,Model_2
3064311500731100090,6244.725098,18,Model_2
3064311500731100091,6060.438965,18,Model_2
3064311500731100093,6052.692871,18,Model_2
3064311500731100096,8252.893555,18,Model_2
3064311500733100016,5331.460449,19,Model_2
3064311500733100017,11343.53027,19,Model_2
3064311500733100019,6117.250488,19,Model_2
3064311500733100024,5431.799316,19,Model_2
3064311500733100025,5083.439941,19,Model_2
3064311500733100026,5161.727051,19,Model_2
3064311500733100027,8905.083008,19,Model_2
3064311500733100028,12115.89844,19,Model_2
3064311500733100029,11416.86426,19,Model_2
3064311500733100031,4706.182617,19,Model_2
3064311500733100033,2982.160645,19,Model_2
3064311500733100034,4603.216309,19,Model_2
3064311500733100035,4578.825684,19,Model_2
3064311500733100036,3757.216552734375,19,Model_2
3064311500733100037,6170.406738,19,Model_2
3064311500733100038,4226.604492,19,Model_2
3064311500733100040,18831.15039,19,Model_2
3064311500733100041,12637.0957,19,Model_2
3064311500733100042,9199.113281,19,Model_2
3064311500733100043,14095.21387,19,Model_2
3064311500733100044,16655.7207,19,Model_2
3064311500733100045,5551.905762,19,Model_2
3064311500733100046,7502.273438,19,Model_2
3064311500733100047,19321.13281,19,Model_2
3064311500733100048,13737.71875,19,Model_2
3064311500733100051,42206.97656,19,Model_2
3064311500733100053,3246.622314453125,19,Model_2
3064311500733100054,25405.51758,19,Model_2
3064311500733100056,7707.87207,19,Model_2
3064311500733100057,4433.063477,19,Model_2
3064311500733100058,6579.26123,19,Model_2
3064311500733100059,2092.069824,19,Model_2
3064311500733100060,1939.493164,19,Model_2
3064311500733100061,6727.725586,19,Model_2
3064311500733100062,3457.802978515625,19,Model_2
3064311500733100067,2698.262939453125,19,Model_2
3064311500733100069,20252.04297,19,Model_2
3064311500733100070,2568.68457,19,Model_2
3064311500733100071,6270.885742,19,Model_2
3064311500733100073,7949.869629,19,Model_2
3064311500733100076,5931.069336,19,Model_2
3064311500733100082,4645.248535,19,Model_2
3064311500733100083,6003.530273,19,Model_2
3064311500733100085,7989.484375,19,Model_2
3064311500733100086,9611.235352,19,Model_2
3064311500733100087,3496.438477,19,Model_2
3064311500734100019,4809.121582,19,Model_2
3064311500734100020,6428.331055,19,Model_2
3064311500734100023,2195.950195,19,Model_2
3064311500734100024,17753.75586,19,Model_2
3064311500734100026,21090.61914,19,Model_2
3064311500734100028,7240.567383,19,Model_2
3064311500734100029,9341.47168,19,Model_2
3064311500734100032,4489.738281,19,Model_2
3064311500734100033,4254.729492,19,Model_2
3064311500734100034,4525.414063,19,Model_2
3064311500734100035,13707.15332,19,Model_2
3064311500734100036,10232.05078,19,Model_2
3064311500734100038,9990.595703,19,Model_2
3064311500734100039,7854.167969,19,Model_2
3064311500734100040,9231.344727,19,Model_2
3064311500734100041,12553.29102,19,Model_2
3064311500734100042,3767.548095703125,19,Model_2
3064311500734100044,10595.73438,19,Model_2
3064311500734100045,2550.176758,19,Model_2
3064311500734100046,4951.285645,19,Model_2
3064311500734100048,14688.85059,19,Model_2
3064311500734100050,5192.873535,19,Model_2
3064311500734100053,11690.68555,19,Model_2
3064311500734100054,2742.87793,19,Model_2
3064311500734100055,9402.168945,19,Model_2
3064311500734100059,22306.01563,19,Model_2
3064311500734100064,3361.766113,19,Model_2
3064311500734100066,1648.69873,19,Model_2
3064311500734100070,16972.83789,19,Model_2
3064311500734100078,22107.28516,19,Model_2
3064311500734100094,7532.203613,19,Model_2
3064311500734100095,15366.59082,19,Model_2
3064311500734100106,17763.97656,19,Model_2
3064311500734100113,21503.44531,19,Model_2
3064311500734100117,11430.43652,19,Model_2
3064311500734100133,4649.577148,19,Model_2
3064311500734100150,5577.570801,19,Model_2
3064311500735100003,12222.26953,19,Model_2
3064311500735100013,3739.38916,19,Model_2
3064311500735100016,1166.615478515625,19,Model_2
3064311500735100018,5540.316895,19,Model_2
3064311500735100020,9518.1875,19,Model_2
3064311500735100024,7234.213867,19,Model_2
3064311500735100026,8112.930664,19,Model_2
3064311500735100028,4344.138672,19,Model_2
3064311500735100032,4806.989258,19,Model_2
3064311500735100035,11589.32227,19,Model_2
3064311500735100036,8804.730469,19,Model_2
3064311500735100037,4328.537109,19,Model_2
3064311500735100039,6033.337891,19,Model_2
3064311500735100040,12463.39844,19,Model_2
3064311500735100051,5198.660645,19,Model_2
3064311500735100054,6903.439941,19,Model_2
3064311500735100057,6336.9375,19,Model_2
3064311500735100059,3942.474365234375,19,Model_2
3064311500735100060,81208.90625,19,Model_2
3064311500735100062,15591.74902,19,Model_2
3064311500735100063,3257.027099609375,19,Model_2
3064311500735100064,5795.389648,19,Model_2
3064311500735100065,19873.03711,19,Model_2
3064311500735100066,4444.282715,19,Model_2
3064311500735100073,37842.0,19,Model_2
3064311500735100074,12697.09082,19,Model_2
3064311500735100076,11813.28125,19,Model_2
3064311500735100084,5089.74707,19,Model_2
3064311500735100086,4447.48877,19,Model_2
3064311500735100088,17106.80078,19,Model_2
3064311500735100092,3031.260498046875,19,Model_2
3064311500735100093,4858.445313,19,Model_2
3064311500735100095,7407.203125,19,Model_2
3064311500735100098,13012.0498,19,Model_2
3064311500735100105,12025.11621,19,Model_2
3064311500735100109,9412.80957,19,Model_2
3064311500735100110,13519.58398,19,Model_2
3064311500735100118,4728.436035,19,Model_2
3064311500735100121,19509.16406,19,Model_2
3064311500735100123,11426.06836,19,Model_2
3064311500735100128,8341.989258,19,Model_2
3064311500735100129,5737.793457,19,Model_2
3064311500735100135,5969.161621,19,Model_2
3064311500735100137,4567.177734,19,Model_2
3064311500735100141,5735.287598,19,Model_2
3064311500735100147,4913.097168,19,Model_2
3064311500739100008,16581.68555,7,Model_2
3064311500739100016,9747.849609,7,Model_2
3064311500739100020,6325.393555,7,Model_2
3064311500739100027,15157.81348,7,Model_2
3064311500739100034,10373.12207,7,Model_2
3064311500739100054,11189.70313,7,Model_2
3064311500739100057,12207.26855,7,Model_2
3064311500739100067,7792.034668,7,Model_2
3064311500739100075,4321.586914,7,Model_2
3064311500739100078,8877.570313,7,Model_2
3064311500739100080,11647.84766,7,Model_2
3064311500739100093,8108.937012,7,Model_2
3064311500739100096,6698.271973,7,Model_2
3064311500739100105,11062.1416,7,Model_2
3064311500739100106,6603.476074,7,Model_2
3064311500739100123,13063.63477,7,Model_2
3064311500740100012,15787.83105,7,Model_2
3064311500740100018,9675.509766,7,Model_2
3064311500740100019,17771.54688,7,Model_2
3064311500740100024,4429.328613,7,Model_2
3064311500740100025,17046.40625,7,Model_2
3064311500740100026,9120.191406,7,Model_2
3064311500740100027,2860.518798828125,7,Model_2
3064311500740100029,5907.17334,7,Model_2
3064311500740100030,7716.255371,7,Model_2
3064311500740100031,5906.260742,7,Model_2
3064311500740100034,5787.416504,7,Model_2
3064311500740100035,26023.09375,7,Model_2
3064311500740100036,9380.661133,7,Model_2
3064311500740100037,15766.80469,7,Model_2
3064311500740100038,11739.32813,7,Model_2
3064311500740100040,9961.675781,7,Model_2
3064311500740100042,8922.126953,7,Model_2
3064311500740100043,2098.137695,7,Model_2
3064311500740100044,8232.681641,7,Model_2
3064311500740100045,8951.547852,7,Model_2
3064311500740100047,11329.52051,7,Model_2
3064311500740100048,9591.84668,7,Model_2
3064311500740100049,12642.79492,7,Model_2
3064311500740100050,9833.169922,7,Model_2
3064311500740100051,5660.966309,7,Model_2
3064311500740100052,6246.144043,7,Model_2
3064311500740100053,5473.855469,7,Model_2
3064311500740100054,9805.661133,7,Model_2
3064311500740100055,24637.0332,7,Model_2
3064311500740100058,17483.77734,7,Model_2
3064311500740100059,10262.00781,7,Model_2
3064311500740100061,4344.802734,7,Model_2
3064311500740100062,8111.314453,7,Model_2
3064311500740100063,4150.830566,7,Model_2
3064311500740100064,7917.998047,7,Model_2
3064311500740100066,17740.43359,7,Model_2
3064311500740100067,3453.583251953125,7,Model_2
3064311500740100068,19752.74414,7,Model_2
3064311500740100069,12525.47461,7,Model_2
3064311500740100072,7442.648438,7,Model_2
3064311500740100073,3815.625732421875,7,Model_2
3064311500740100074,17611.32617,7,Model_2
3064311500740100077,5187.885254,7,Model_2
3064311500740100078,3305.941895,7,Model_2
3064311500740100079,9847.288086,7,Model_2
3064311500740100080,8339.044922,7,Model_2
3064311500740100081,6134.524902,7,Model_2
3064311500740100082,19158.42578,7,Model_2
3064311500740100083,5852.305176,7,Model_2
3064311500740100084,21915.1582,7,Model_2
3064311500740100085,7427.919922,7,Model_2
3064311500740100087,4029.557129,7,Model_2
3064311500740100088,5908.516602,7,Model_2
3064311500740100089,23676.30859,7,Model_2
3064311500740100092,8268.557617,7,Model_2
3064311500740100093,4705.368164,7,Model_2
3064311500740100094,6371.072754,7,Model_2
3064311500740100095,6586.849609,7,Model_2
3064311500740100096,9786.577148,7,Model_2
3064311500740100097,6638.520508,7,Model_2
3064311500740100098,15611.88184,7,Model_2
3064311500740100101,9178.789063,7,Model_2
3064311500740100102,17385.19727,7,Model_2
3064311500740100103,11903.64648,7,Model_2
3064311500740100104,7483.779297,7,Model_2
3064311500740100105,5104.646973,7,Model_2
3064311500740100106,7481.598633,7,Model_2
3064311500740100108,4724.923828,7,Model_2
3064311500740100110,6588.095703,7,Model_2
3064311500740100112,14803.21191,7,Model_2
3064311500740100114,8422.442383,7,Model_2
3064311500740100115,17143.58008,7,Model_2
3064311500740100116,2633.257568359375,7,Model_2
3064311500740100117,7639.093262,7,Model_2
3064311500740100118,9875.74707,7,Model_2
3064311500740100119,5651.541992,7,Model_2
3064311500740100120,10987.75195,7,Model_2
3064311500740100121,2998.975586,7,Model_2
3064311500740100122,21201.05273,7,Model_2
3064311500740100123,10619.50293,7,Model_2
3064311500740100126,3433.487548828125,7,Model_2
3064311500740100128,13182.46387,7,Model_2
3064311500740100129,10225.82813,7,Model_2
3064311500740100130,17665.6543,7,Model_2
3064311500740100132,16150.50391,7,Model_2
3064311500740100133,5289.268066,7,Model_2
3064311500740100134,6195.497559,7,Model_2
3064311500740100135,8675.598633,7,Model_2
3064311500740100137,3235.103027,7,Model_2
3064311500740100138,15664.01953,7,Model_2
3064311500740100139,33910.90234,7,Model_2
3064311500740100140,9295.953125,7,Model_2
3064311500740100141,19375.26953,7,Model_2
3064311500740100142,12699.22559,7,Model_2
3064311500740100143,7359.811523,7,Model_2
3064311500740100144,12704.78223,7,Model_2
3064311500740100145,12534.7373,7,Model_2
3064311500740100147,3428.106201171875,7,Model_2
3064311500740100149,12221.46484,7,Model_2
3064311500740100151,14447.66504,7,Model_2
3064311500740100152,9307.864258,7,Model_2
3064311500740100155,7957.191406,7,Model_2
3064311500740100157,7067.539551,7,Model_2
3064311500740100161,7793.216309,7,Model_2
3064311500741100009,27745.23438,7,Model_2
3064311500741100011,5564.303711,7,Model_2
3064311500741100012,3560.696533203125,7,Model_2
3064311500741100015,12491.04199,7,Model_2
3064311500741100018,4016.114013671875,7,Model_2
3064311500741100019,15598.94434,7,Model_2
3064311500741100020,25591.16992,7,Model_2
3064311500741100022,18862.55078,7,Model_2
3064311500741100023,11085.38184,7,Model_2
3064311500741100024,26334.94141,7,Model_2
3064311500741100026,19288.15625,7,Model_2
3064311500741100028,19579.57813,7,Model_2
3064311500741100030,30220.49805,7,Model_2
3064311500741100032,2577.151855,7,Model_2
3064311500741100033,3256.027587890625,7,Model_2
3064311500741100034,20684.37109,7,Model_2
3064311500741100036,11709.03027,7,Model_2
3064311500741100038,27055.57031,7,Model_2
3064311500741100040,25091.74414,7,Model_2
3064311500741100041,26481.51172,7,Model_2
3064311500741100042,28714.5918,7,Model_2
3064311500741100043,5633.145508,7,Model_2
3064311500741100044,22945.39063,7,Model_2
3064311500741100045,4736.738281,7,Model_2
3064311500741100046,16438.98242,7,Model_2
3064311500741100049,23271.18945,7,Model_2
3064311500741100050,10834.69141,7,Model_2
3064311500741100051,6544.803223,7,Model_2
3064311500741100052,14610.19238,7,Model_2
3064311500741100054,16896.33008,7,Model_2
3064311500741100055,22582.88281,7,Model_2
3064311500741100056,6319.852051,7,Model_2
3064311500741100057,24457.59961,7,Model_2
3064311500741100061,6734.634277,7,Model_2
3064311500741100062,18385.6875,7,Model_2
3064311500741100063,14968.45801,7,Model_2
3064311500741100064,16474.34961,7,Model_2
3064311500741100065,35963.15234,7,Model_2
3064311500741100067,13488.86426,7,Model_2
3064311500741100068,13641.1748,7,Model_2
3064311500741100069,10945.07617,7,Model_2
3064311500741100070,19919.28125,7,Model_2
3064311500741100071,9961.505859,7,Model_2
3064311500741100073,22096.39453,7,Model_2
3064311500741100075,9403.558594,7,Model_2
3064311500741100076,19274.43555,7,Model_2
3064311500741100077,17113.21289,7,Model_2
3064311500741100078,16640.90039,7,Model_2
3064311500741100079,41101.59766,7,Model_2
3064311500741100080,4073.516113,7,Model_2
3064311500741100081,7296.302734,7,Model_2
3064311500741100084,10991.50586,7,Model_2
3064311500741100085,14910.87793,7,Model_2
3064311500741100087,13295.53223,7,Model_2
3064311500741100089,2796.144043,7,Model_2
3064311500741100090,11233.53906,7,Model_2
3064311500741100091,34158.28516,7,Model_2
3064311500741100092,17879.24805,7,Model_2
3064311500741100093,3487.574707,7,Model_2
3064311500741100094,7772.859863,7,Model_2
3064311500741100095,11997.88477,7,Model_2
3064311500741100096,8445.318359,7,Model_2
3064311500741100097,17830.05664,7,Model_2
3064311500741100098,16071.54297,7,Model_2
3064311500741100101,14258.85156,7,Model_2
3064311500741100102,12667.24414,7,Model_2
3064311500741100103,7159.35791,7,Model_2
3064311500741100104,8224.676758,7,Model_2
3064311500741100105,17541.44531,7,Model_2
3064311500741100106,10657.91602,7,Model_2
3064311500741100108,14386.40527,7,Model_2
3064311500741100109,7502.001953,7,Model_2
3064311500741100110,5431.007324,7,Model_2
3064311500741100111,14460.3252,7,Model_2
3064311500741100115,18411.33789,7,Model_2
3064311500741100118,10171.8877,7,Model_2
3064311500741100119,8339.077148,7,Model_2
3064311500741100120,10710.25,7,Model_2
3064311500741100121,19228.0332,7,Model_2
3064311500741100122,12141.59082,7,Model_2
3064311500741100124,4538.320313,7,Model_2
3064311500742100006,7565.102539,7,Model_2
3064311500742100010,18212.04883,7,Model_2
3064311500742100011,37170.45703,7,Model_2
3064311500742100012,6174.537598,7,Model_2
3064311500742100013,27061.22656,7,Model_2
3064311500742100015,14145.5293,7,Model_2
3064311500742100016,28069.04492,7,Model_2
3064311500742100018,14114.00586,7,Model_2
3064311500742100019,3976.123779296875,7,Model_2
3064311500742100020,14446.51758,7,Model_2
3064311500742100021,10082.26855,7,Model_2
3064311500742100022,19798.2168,7,Model_2
3064311500742100025,3948.155762,7,Model_2
3064311500742100027,13957.3291,7,Model_2
3064311500742100028,28677.99805,7,Model_2
3064311500742100031,3888.283447265625,7,Model_2
3064311500742100032,7231.424805,7,Model_2
3064311500742100033,21265.33398,7,Model_2
3064311500742100035,12179.82129,7,Model_2
3064311500742100036,9640.941406,7,Model_2
3064311500742100038,20728.42383,7,Model_2
3064311500742100040,11825.78516,7,Model_2
3064311500742100041,6388.085938,7,Model_2
3064311500742100042,33158.01172,7,Model_2
3064311500742100045,21841.90625,7,Model_2
3064311500742100046,11206.875,7,Model_2
3064311500742100048,5921.167969,7,Model_2
3064311500742100050,9097.729492,7,Model_2
3064311500742100051,10680.33008,7,Model_2
3064311500742100052,23867.45508,7,Model_2
3064311500742100053,6257.863281,7,Model_2
3064311500742100056,3750.663574,7,Model_2
3064311500743100007,7035.949219,11,Model_2
3064311500743100012,7701.793945,11,Model_2
3064311500743100014,11855.51074,11,Model_2
3064311500743100017,2149.946289,11,Model_2
3064311500743100018,3168.523438,11,Model_2
3064311500743100020,8157.759766,11,Model_2
3064311500743100021,5047.735352,11,Model_2
3064311500743100022,4563.736816,11,Model_2
3064311500743100023,7753.400879,11,Model_2
3064311500743100024,2540.884277,11,Model_2
3064311500743100027,3210.047607421875,11,Model_2
3064311500743100028,5450.130859,11,Model_2
3064311500743100029,4906.954102,11,Model_2
3064311500743100030,8580.5625,11,Model_2
3064311500743100031,7120.531738,11,Model_2
3064311500743100032,5004.242188,11,Model_2
3064311500743100033,10541.73633,11,Model_2
3064311500743100034,1871.375488,11,Model_2
3064311500743100035,3013.647461,11,Model_2
3064311500743100038,5812.721191,11,Model_2
3064311500743100044,5019.583496,11,Model_2
3064311500743100045,6340.510254,11,Model_2
3064311500743100046,8189.278809,11,Model_2
3064311500743100048,5413.240723,11,Model_2
3064311500743100050,1385.256591796875,11,Model_2
3064311500743100056,4632.888672,11,Model_2
3064311500743100058,4387.797852,11,Model_2
3064311500743100060,980.2102661132812,11,Model_2
3064311500743100062,2666.864990234375,11,Model_2
3064311500743100065,5378.719727,11,Model_2
3064311500743100068,4646.009766,11,Model_2
3064311500744100010,3760.419434,11,Model_2
3064311500744100012,3300.040283203125,11,Model_2
3064311500744100013,16264.14063,11,Model_2
3064311500744100019,7470.436035,11,Model_2
3064311500744100022,9532.924805,11,Model_2
3064311500744100023,7078.811035,11,Model_2
3064311500744100024,15529.27344,11,Model_2
3064311500744100030,11760.56738,11,Model_2
3064311500744100031,8447.453125,11,Model_2
3064311500744100038,7658.211426,11,Model_2
3064311500744100039,23718.62891,11,Model_2
3064311500744100040,4643.231445,11,Model_2
3064311500744100041,3164.253662109375,11,Model_2
3064311500744100042,5465.351563,11,Model_2
3064311500744100044,6542.029785,11,Model_2
3064311500744100045,11231.44238,11,Model_2
3064311500744100046,8675.257813,11,Model_2
3064311500744100047,9698.561523,11,Model_2
3064311500744100048,4480.992188,11,Model_2
3064311500744100049,18827.23047,11,Model_2
3064311500744100050,5313.753906,11,Model_2
3064311500744100051,7088.013672,11,Model_2
3064311500744100052,10832.67773,11,Model_2
3064311500744100053,4988.69043,11,Model_2
3064311500744100054,5391.590332,11,Model_2
3064311500744100058,9620.173828,11,Model_2
3064311500744100060,3262.258301,11,Model_2
3064311500744100062,10527.70313,11,Model_2
3064311500744100063,11583.07129,11,Model_2
3064311500744100064,8670.033203,11,Model_2
3064311500744100066,6185.474121,11,Model_2
3064311500744100067,5478.884277,11,Model_2
3064311500744100068,13569.62305,11,Model_2
3064311500744100069,8217.647461,11,Model_2
3064311500744100071,16012.83887,11,Model_2
3064311500744100073,3194.53125,11,Model_2
3064311500744100074,8528.708984,11,Model_2
3064311500744100076,9099.103516,11,Model_2
3064311500744100079,5411.607422,11,Model_2
3064311500744100080,6466.045898,11,Model_2
3064311500744100081,3220.469970703125,11,Model_2
3064311500744100084,4264.252441,11,Model_2
3064311500744100085,13541.31055,11,Model_2
3064311500744100086,28190.20898,11,Model_2
3064311500744100087,7183.900879,11,Model_2
3064311500744100088,11164.15527,11,Model_2
3064311500744100089,7111.430664,11,Model_2
3064311500744100090,5717.216309,11,Model_2
3064311500744100091,6142.008301,11,Model_2
3064311500744100092,4476.686523,11,Model_2
3064311500744100095,3413.414063,11,Model_2
3064311500744100096,5826.452637,11,Model_2
3064311500744100097,4923.841797,11,Model_2
3064311500744100098,8632.423828,11,Model_2
3064311500744100099,11962.41992,11,Model_2
3064311500744100100,9629.291992,11,Model_2
3064311500744100101,5135.034668,11,Model_2
3064311500744100103,7002.304199,11,Model_2
3064311500744100104,5138.083984,11,Model_2
3064311500744100106,20054.49609,11,Model_2
3064311500744100107,15140.97852,11,Model_2
3064311500744100108,2867.223145,11,Model_2
3064311500744100109,19419.83398,11,Model_2
3064311500744100112,5475.95752,11,Model_2
3064311500744100113,16238.47754,11,Model_2
3064311500744100114,5408.745605,11,Model_2
3064311500744100115,13956.6377,11,Model_2
3064311500744100116,7738.243164,11,Model_2
3064311500744100117,5869.592773,11,Model_2
3064311500744100119,1323.5924072265625,11,Model_2
3064311500744100120,10133.00586,11,Model_2
3064311500744100122,5339.051758,11,Model_2
3064311500744100123,6431.067383,11,Model_2
3064311500744100125,5102.751953,11,Model_2
3064311500744100126,5109.938477,11,Model_2
3064311500744100127,3791.207763671875,11,Model_2
3064311500744100128,3849.26123,11,Model_2
3064311500744100130,11408.99121,11,Model_2
3064311500744100131,3770.431152,11,Model_2
3064311500744100132,6488.087891,11,Model_2
3064311500744100133,7020.984375,11,Model_2
3064311500744100134,6825.476074,11,Model_2
3064311500744100135,7097.386719,11,Model_2
3064311500744100137,5304.384766,11,Model_2
3064311500744100138,2721.13916,11,Model_2
3064311500744100139,6467.562988,11,Model_2
3064311500744100140,5175.492676,11,Model_2
3064311500744100142,6597.041016,11,Model_2
3064311500744100143,10510.87402,11,Model_2
3064311500744100144,3524.104492,11,Model_2
3064311500744100145,4222.635254,11,Model_2
3064311500744100146,4818.5,11,Model_2
3064311500744100147,7827.855469,11,Model_2
3064311500744100148,12083.95898,11,Model_2
3064311500744100150,4849.032715,11,Model_2
3064311500744100151,10686.08496,11,Model_2
3064311500744100152,8733.703125,11,Model_2
3064311500744100154,7277.963379,11,Model_2
3064311500744100155,5456.15918,11,Model_2
3064311500744100157,3391.237793,11,Model_2
3064311500744100158,10013.27441,11,Model_2
3064311500744100159,5482.435547,11,Model_2
3064311500744100160,7047.993164,11,Model_2
3064311500744100161,1510.291992,11,Model_2
3064311500744100162,16039.67188,11,Model_2
3064311500744100164,7124.02002,11,Model_2
3064311500744100165,9307.556641,11,Model_2
3064311500744100166,3246.512207,11,Model_2
3064311500744100167,6623.594727,11,Model_2
3064311500744100168,13013.18555,11,Model_2
3064311500744100169,10232.75586,11,Model_2
3064311500744100170,6710.791016,11,Model_2
3064311500744100172,4362.876465,11,Model_2
3064311500744100174,5474.24707,11,Model_2
3064311500744100175,12476.10059,11,Model_2
3064311500744100176,4010.044922,11,Model_2
3064311500744100177,6669.95166,11,Model_2
3064311500744100178,9617.204102,11,Model_2
3064311500744100179,7114.808105,11,Model_2
3064311500744100180,2182.118408203125,11,Model_2
3064311500744100181,10912.11816,11,Model_2
3064311500744100182,8140.700195,11,Model_2
3064311500744100183,3146.149658203125,11,Model_2
3064311500744100184,6987.156738,11,Model_2
3064311500744100185,14304.69336,11,Model_2
3064311500744100186,6123.729492,11,Model_2
3064311500744100187,8146.049316,11,Model_2
3064311500744100188,2689.809082,11,Model_2
3064311500744100189,8989.782227,11,Model_2
3064311500744100191,6105.690918,11,Model_2
3064311500744100192,5535.109863,11,Model_2
3064311500744100194,6494.550293,11,Model_2
3064311500744100196,2818.173583984375,11,Model_2
3064311500744100197,4356.288574,11,Model_2
3064311500744100198,6944.63916,11,Model_2
3064311500744100199,17470.41016,11,Model_2
3064311500744100200,12038.29785,11,Model_2
3064311500744100201,3252.749023,11,Model_2
3064311500744100202,5402.23584,11,Model_2
3064311500744100203,8307.458008,11,Model_2
3064311500744100207,3725.850586,11,Model_2
3064311500744100209,9011.313477,11,Model_2
3064311500744100210,4283.222656,11,Model_2
3064311500744100211,4222.08252,11,Model_2
3064311500745100002,13221.53613,11,Model_2
3064311500745100003,30034.5918,11,Model_2
3064311500745100004,3259.807373046875,11,Model_2
3064311500745100006,3180.234130859375,11,Model_2
3064311500745100008,3994.636962890625,11,Model_2
3064311500745100010,13926.5459,11,Model_2
3064311500745100015,16160.64844,11,Model_2
3064311500745100018,23157.99414,11,Model_2
3064311500745100020,2665.749023,11,Model_2
3064311500745100021,11691.68945,11,Model_2
3064311500745100022,5812.324707,11,Model_2
3064311500745100023,13047.12012,11,Model_2
3064311500745100024,28032.63867,11,Model_2
3064311500745100025,11147.35938,11,Model_2
3064311500745100026,6440.632813,11,Model_2
3064311500745100028,9305.105469,11,Model_2
3064311500745100029,22739.45508,11,Model_2
3064311500745100035,18287.3418,11,Model_2
3064311500745100037,28368.60547,11,Model_2
3064311500745100038,19881.12695,11,Model_2
3064311500745100039,27443.36133,11,Model_2
3064311500745100043,7663.171387,11,Model_2
3064311500745100044,31531.23633,11,Model_2
3064311500745100047,20565.60938,11,Model_2
3064311500745100049,14120.3457,11,Model_2
3064311500745100051,9269.453125,11,Model_2
3064311500745100052,7389.123047,11,Model_2
3064311500745100053,9946.191406,11,Model_2
3064311500745100054,29105.41992,11,Model_2
3064311500745100055,19831.66992,11,Model_2
3064311500745100057,5142.774414,11,Model_2
3064311500745100058,15821.47656,11,Model_2
3064311500745100059,11923.52441,11,Model_2
3064311500745100060,9527.915039,11,Model_2
3064311500745100061,17328.70313,11,Model_2
3064311500745100062,30794.33203,11,Model_2
3064311500745100065,18149.7793,11,Model_2
3064311500745100066,10844.70996,11,Model_2
3064311500745100067,16051.63086,11,Model_2
3064311500745100068,21831.13867,11,Model_2
3064311500745100070,18351.06836,11,Model_2
3064311500745100071,23484.0293,11,Model_2
3064311500745100073,12532.21582,11,Model_2
3064311500745100074,24334.54688,11,Model_2
3064311500745100075,2379.572509765625,11,Model_2
3064311500745100076,27616.52539,11,Model_2
3064311500745100077,15433.61621,11,Model_2
3064311500745100078,28041.82813,11,Model_2
3064311500745100079,9982.250977,11,Model_2
3064311500745100080,8054.086426,11,Model_2
3064311500745100081,8561.808594,11,Model_2
3064311500745100082,18562.84766,11,Model_2
3064311500745100083,11774.12891,11,Model_2
3064311500745100085,7964.333008,11,Model_2
3064311500745100086,10865.60742,11,Model_2
3064311500745100087,22596.92383,11,Model_2
3064311500745100089,20566.88672,11,Model_2
3064311500745100090,15708.32813,11,Model_2
3064311500745100091,19705.2832,11,Model_2
3064311500745100094,13238.68359,11,Model_2
3064311500745100096,25305.30859,11,Model_2
3064311500745100097,15364.13574,11,Model_2
3064311500745100098,10282.29688,11,Model_2
3064311500745100099,14025.8252,11,Model_2
3064311500745100101,14835.19238,11,Model_2
3064311500745100102,4273.444336,11,Model_2
3064311500745100103,12778.03711,11,Model_2
3064311500745100104,31850.10352,11,Model_2
3064311500745100106,12594.68066,11,Model_2
3064311500745100107,11284.6875,11,Model_2
3064311500745100108,18857.55859,11,Model_2
3064311500745100109,12222.50488,11,Model_2
3064311500745100115,12408.23633,11,Model_2
3064311500745100117,17586.62305,11,Model_2
3064311500746100008,25308.23242,11,Model_2
3064311500746100010,3554.510986328125,11,Model_2
3064311500746100011,4078.578613,11,Model_2
3064311500746100014,4857.828613,11,Model_2
3064311500746100015,17278.55469,11,Model_2
3064311500746100018,36068.75391,11,Model_2
3064311500746100021,20887.06836,11,Model_2
3064311500746100022,16406.67969,11,Model_2
3064311500746100025,19055.00586,11,Model_2
3064311500746100026,9804.675781,11,Model_2
3064311500746100030,10073.06934,11,Model_2
3064311500746100032,5790.416016,11,Model_2
3064311500746100033,16535.14258,11,Model_2
3064311500746100040,5739.227051,11,Model_2
3064311500746100045,30852.64258,11,Model_2
3064311500746100051,15674.28809,11,Model_2
3064311500746100053,39881.66797,11,Model_2
3064311500746100056,15753.35156,11,Model_2
3064311500746100059,15957.14648,11,Model_2
3064311500746100061,2663.26416,11,Model_2
3064311500748100001,9900.888672,17,Model_2
3064311500748100007,3676.129883,17,Model_2
3064311500748100009,9470.836914,17,Model_2
3064311500748100010,12718.60352,17,Model_2
3064311500748100012,12679.33496,17,Model_2
3064311500748100013,1904.0643310546875,17,Model_2
3064311500748100016,9751.483398,17,Model_2
3064311500748100017,1928.694336,17,Model_2
3064311500748100019,17037.79883,17,Model_2
3064311500748100021,8222.476563,17,Model_2
3064311500748100023,10573.58008,17,Model_2
3064311500748100027,12567.13574,17,Model_2
3064311500748100028,9883.694336,17,Model_2
3064311500748100030,6695.151855,17,Model_2
3064311500748100031,6988.59375,17,Model_2
3064311500748100032,9344.432617,17,Model_2
3064311500748100037,25081.03711,17,Model_2
3064311500748100038,5922.483887,17,Model_2
3064311500748100040,10833.60059,17,Model_2
3064311500748100041,8056.989746,17,Model_2
3064311500748100042,8499.236328,17,Model_2
3064311500748100043,12612.12109,17,Model_2
3064311500748100045,11449.55859,17,Model_2
3064311500748100046,17539.34961,17,Model_2
3064311500748100047,21948.99023,17,Model_2
3064311500748100049,8421.085938,17,Model_2
3064311500748100051,9954.65332,17,Model_2
3064311500748100052,18923.97461,17,Model_2
3064311500748100053,4058.177978515625,17,Model_2
3064311500748100054,8478.830078,17,Model_2
3064311500748100055,14835.04297,17,Model_2
3064311500748100056,10563.42578,17,Model_2
3064311500748100058,18710.94141,17,Model_2
3064311500748100059,7966.696289,17,Model_2
3064311500748100060,27173.69727,17,Model_2
3064311500748100061,3699.245361328125,17,Model_2
3064311500748100062,4464.225586,17,Model_2
3064311500748100064,6459.52832,17,Model_2
3064311500748100065,7754.884766,17,Model_2
3064311500748100067,14030.36621,17,Model_2
3064311500748100068,9104.748047,17,Model_2
3064311500748100070,6977.109375,17,Model_2
3064311500748100071,3694.522216796875,17,Model_2
3064311500748100073,12667.05176,17,Model_2
3064311500748100074,5231.064941,17,Model_2
3064311500748100075,14323.60547,17,Model_2
3064311500748100077,6505.062988,17,Model_2
3064311500748100078,5051.285645,17,Model_2
3064311500748100079,7166.208496,17,Model_2
3064311500748100080,7582.67627,17,Model_2
3064311500748100081,3858.84375,17,Model_2
3064311500748100082,6627.503418,17,Model_2
3064311500748100083,3501.681152,17,Model_2
3064311500748100085,4523.692383,17,Model_2
3064311500748100087,4956.95752,17,Model_2
3064311500748100088,6063.963379,17,Model_2
3064311500748100090,5162.895996,17,Model_2
3064311500748100091,11731.16699,17,Model_2
3064311500748100092,4651.96875,17,Model_2
3064311500748100093,6870.32666,17,Model_2
3064311500748100094,4056.290039,17,Model_2
3064311500748100096,2808.342041015625,17,Model_2
3064311500748100097,5097.824707,17,Model_2
3064311500748100098,5029.227051,17,Model_2
3064311500748100100,6339.776367,17,Model_2
3064311500748100101,3796.261962890625,17,Model_2
3064311500748100102,2122.231201171875,17,Model_2
3064311500748100103,9178.09668,17,Model_2
3064311500748100104,7828.26123,17,Model_2
3064311500748100105,3838.40332,17,Model_2
3064311500748100106,2963.836181640625,17,Model_2
3064311500748100107,2649.018555,17,Model_2
3064311500748100109,4151.636719,17,Model_2
3064311500748100110,8975.560547,17,Model_2
3064311500748100111,4333.316895,17,Model_2
3064311500748100112,7631.495605,17,Model_2
3064311500748100113,3507.969482421875,17,Model_2
3064311500748100114,7910.891113,17,Model_2
3064311500748100116,5938.555176,17,Model_2
3064311500748100117,5192.700195,17,Model_2
3064311500748100118,1931.6890869140625,17,Model_2
3064311500748100119,5676.979004,17,Model_2
3064311500748100121,6924.033203,17,Model_2
3064311500748100122,8650.923828,17,Model_2
3064311500748100123,3118.822266,17,Model_2
3064311500748100124,8262.796875,17,Model_2
3064311500748100126,7412.899414,17,Model_2
3064311500748100127,3791.881348,17,Model_2
3064311500748100128,6260.017578,17,Model_2
3064311500748100130,1936.0047607421875,17,Model_2
3064311500748100131,5010.10791,17,Model_2
3064311500748100133,3018.875977,17,Model_2
3064311500748100134,5152.964844,17,Model_2
3064311500748100136,5198.483398,17,Model_2
3064311500748100138,6777.976074,17,Model_2
3064311500748100140,6755.648438,17,Model_2
3064311500748100146,5094.887695,17,Model_2
3064311500748100154,4691.725586,17,Model_2
3064311500749100004,8605.369141,17,Model_2
3064311500749100010,17729.10742,17,Model_2
3064311500749100013,7525.405273,17,Model_2
3064311500749100015,18318.82227,17,Model_2
3064311500749100023,16131.15332,17,Model_2
3064311500749100024,12897.06055,17,Model_2
3064311500749100026,9760.164063,17,Model_2
3064311500749100027,6059.043457,17,Model_2
3064311500749100029,8494.673828,17,Model_2
3064311500749100030,26971.31836,17,Model_2
3064311500749100032,10096.73145,17,Model_2
3064311500749100033,11730.14258,17,Model_2
3064311500749100034,6182.722656,17,Model_2
3064311500749100035,6806.111328,17,Model_2
3064311500749100036,16729.3418,17,Model_2
3064311500749100037,10923.96875,17,Model_2
3064311500749100038,7661.23584,17,Model_2
3064311500749100039,12193.36816,17,Model_2
3064311500749100040,11475.39941,17,Model_2
3064311500749100043,25066.64063,17,Model_2
3064311500749100044,14500.31445,17,Model_2
3064311500749100045,2937.186035,17,Model_2
3064311500749100046,6693.89209,17,Model_2
3064311500749100047,7430.147949,17,Model_2
3064311500749100048,7070.748535,17,Model_2
3064311500749100050,5552.932617,17,Model_2
3064311500749100051,9443.939453,17,Model_2
3064311500749100052,19719.46094,17,Model_2
3064311500749100053,17839.15625,17,Model_2
3064311500749100054,3186.740234,17,Model_2
3064311500749100055,2011.015869140625,17,Model_2
3064311500749100056,4506.477539,17,Model_2
3064311500749100057,13699.14746,17,Model_2
3064311500749100058,17073.56055,17,Model_2
3064311500749100059,9279.979492,17,Model_2
3064311500749100060,12437.94727,17,Model_2
3064311500749100061,9089.398438,17,Model_2
3064311500749100062,4958.272461,17,Model_2
3064311500749100063,2640.180419921875,17,Model_2
3064311500749100064,452.22406005859375,17,Model_2
3064311500749100065,4112.794434,17,Model_2
3064311500749100066,7006.369629,17,Model_2
3064311500749100067,1623.9437255859375,17,Model_2
3064311500749100069,5455.158203,17,Model_2
3064311500749100072,8902.65625,17,Model_2
3064311500749100073,945.4879150390624,17,Model_2
3064311500749100074,11828.39258,17,Model_2
3064311500749100075,10777.66211,17,Model_2
3064311500749100076,4416.984375,17,Model_2
3064311500749100077,6516.60791,17,Model_2
3064311500749100078,4255.635742,17,Model_2
3064311500749100079,2098.67041,17,Model_2
3064311500749100080,6375.137207,17,Model_2
3064311500749100081,3308.169677734375,17,Model_2
3064311500749100082,3240.445801,17,Model_2
3064311500749100083,660.7305908203125,17,Model_2
3064311500749100086,6828.871582,17,Model_2
3064311500749100087,1895.349121,17,Model_2
3064311500749100088,4901.467285,17,Model_2
3064311500749100089,4583.1875,17,Model_2
3064311500749100090,5206.495605,17,Model_2
3064311500749100093,4766.370605,17,Model_2
3064311500749100094,4411.172852,17,Model_2
3064311500749100095,1920.96875,17,Model_2
3064311500749100096,6753.560547,17,Model_2
3064311500749100097,5054.900391,17,Model_2
3064311500749100098,8531.544922,17,Model_2
3064311500749100099,16536.46289,17,Model_2
3064311500749100100,4638.704102,17,Model_2
3064311500749100101,2378.983154296875,17,Model_2
3064311500749100102,7882.09375,17,Model_2
3064311500749100103,5109.660156,17,Model_2
3064311500749100104,3939.316895,17,Model_2
3064311500749100105,7184.422363,17,Model_2
3064311500749100106,1558.647949,17,Model_2
3064311500749100107,4235.473633,17,Model_2
3064311500749100108,7601.943848,17,Model_2
3064311500749100111,3192.144775390625,17,Model_2
3064311500749100112,9552.282227,17,Model_2
3064311500749100113,3586.008056640625,17,Model_2
3064311500749100114,4507.543457,17,Model_2
3064311500749100115,9846.404297,17,Model_2
3064311500749100116,6332.310547,17,Model_2
3064311500749100117,2355.011962890625,17,Model_2
3064311500749100118,6013.564453,17,Model_2
3064311500749100119,4924.722656,17,Model_2
3064311500749100120,1825.601074,17,Model_2
3064311500749100122,4334.268555,17,Model_2
3064311500749100123,3795.828857421875,17,Model_2
3064311500749100124,4156.121094,17,Model_2
3064311500749100125,6623.249512,17,Model_2
3064311500749100126,5305.554199,17,Model_2
3064311500749100128,6134.197266,17,Model_2
3064311500749100129,4784.174805,17,Model_2
3064311500749100130,9404.073242,17,Model_2
3064311500749100131,5622.349609,17,Model_2
3064311500749100133,2258.259766,17,Model_2
3064311500749100134,3657.610595703125,17,Model_2
3064311500749100135,2231.709473,17,Model_2
3064311500749100136,5902.172363,17,Model_2
3064311500749100137,5468.281738,17,Model_2
3064311500749100138,8952.816406,17,Model_2
3064311500749100139,2153.460693359375,17,Model_2
3064311500749100140,5239.134277,17,Model_2
3064311500749100141,10038.69141,17,Model_2
3064311500749100142,9921.167969,17,Model_2
3064311500749100144,5941.335938,17,Model_2
3064311500749100145,6382.636719,17,Model_2
3064311500749100147,5346.611816,17,Model_2
3064311500749100148,7378.249512,17,Model_2
3064311500749100150,3468.929199,17,Model_2
3064311500749100154,4705.261719,17,Model_2
3064311500749100155,4859.604004,17,Model_2
3064311500749100156,5256.779785,17,Model_2
3064311500749100157,5059.407715,17,Model_2
3064311500749100159,6668.205078,17,Model_2
3064311500749100161,9063.40332,17,Model_2
3064311500749100162,8671.957031,17,Model_2
3064311500749100163,9283.006836,17,Model_2
3064311500749100164,5409.63916,17,Model_2
3064311500749100165,5379.867188,17,Model_2
3064311500749100166,5429.969238,17,Model_2
3064311500749100167,8904.291992,17,Model_2
3064311500749100172,5068.13623,17,Model_2
3064311500749100173,5773.592285,17,Model_2
3064311500749100174,3763.243408203125,17,Model_2
3064311500749100175,8278.853516,17,Model_2
3064311500749100176,6057.973145,17,Model_2
3064311500749100177,6073.308594,17,Model_2
3064311500749100178,6199.925293,17,Model_2
3064311500749100180,4978.067383,17,Model_2
3064311500749100181,3845.267333984375,17,Model_2
3064311500749100182,9778.864258,17,Model_2
3064311500749100183,4367.959961,17,Model_2
3064311500749100184,4851.231445,17,Model_2
3064311500749100185,5239.27002,17,Model_2
3064311500749100186,5458.715332,17,Model_2
3064311500749100188,3265.887207,17,Model_2
3064311500749100190,6284.320801,17,Model_2
3064311500749100191,998.9052124023438,17,Model_2
3064311500749100192,8739.748047,17,Model_2
3064311500749100193,9637.959961,17,Model_2
3064311500749100194,3639.180664,17,Model_2
3064311500749100195,8592.332031,17,Model_2
3064311500749100196,3075.915039,17,Model_2
3064311500749100197,4679.112793,17,Model_2
3064311500749100198,3898.467529296875,17,Model_2
3064311500749100200,3898.426513671875,17,Model_2
3064311500749100202,4317.452637,17,Model_2
3064311500749100203,2194.66748,17,Model_2
3064311500749100204,2648.93457,17,Model_2
3064311500749100206,5721.243652,17,Model_2
3064311500749100207,4042.341309,17,Model_2
3064311500749100209,6123.093262,17,Model_2
3064311500749100210,5604.522949,17,Model_2
3064311500749100211,5115.298828,17,Model_2
3064311500749100213,6943.039063,17,Model_2
3064311500749100216,4154.767578,17,Model_2
3064311500749100220,10125.17285,17,Model_2
3064311500749100222,4754.651855,17,Model_2
3064311500749100224,6083.056152,17,Model_2
3064311500749100226,9052.880859,17,Model_2
3064311500749100232,6104.285645,17,Model_2
3064311500749100233,4461.438477,17,Model_2
3064311500749100234,2718.36084,17,Model_2
3064311500749100236,5970.820801,17,Model_2
3064311500749100237,4046.347412109375,17,Model_2
3064311500750100016,7984.384766,17,Model_2
3064311500750100024,10898.70605,17,Model_2
3064311500750100026,2365.290039,17,Model_2
3064311500750100027,3997.020508,17,Model_2
3064311500750100028,12017.25586,17,Model_2
3064311500750100029,6341.429199,17,Model_2
3064311500750100030,3051.630126953125,17,Model_2
3064311500750100031,6770.195313,17,Model_2
3064311500750100032,4732.902832,17,Model_2
3064311500750100033,7056.583496,17,Model_2
3064311500750100036,3564.197754,17,Model_2
3064311500750100037,11025.25781,17,Model_2
3064311500750100038,10147.20313,17,Model_2
3064311500750100039,5758.854004,17,Model_2
3064311500750100041,6917.523926,17,Model_2
3064311500750100042,1959.288574,17,Model_2
3064311500750100043,2759.103271484375,17,Model_2
3064311500750100044,2174.508544921875,17,Model_2
3064311500750100046,2679.10498,17,Model_2
3064311500750100047,11161.06445,17,Model_2
3064311500750100048,16994.18945,17,Model_2
3064311500750100049,1448.01709,17,Model_2
3064311500750100052,6091.09668,17,Model_2
3064311500750100053,1677.1632080078125,17,Model_2
3064311500750100054,911.4119873046876,17,Model_2
3064311500750100056,5330.828125,17,Model_2
3064311500750100057,4065.456055,17,Model_2
3064311500750100058,4243.216309,17,Model_2
3064311500750100060,6542.697266,17,Model_2
3064311500750100061,5647.429199,17,Model_2
3064311500750100062,8134.855957,17,Model_2
3064311500750100064,931.3154907226562,17,Model_2
3064311500750100065,4848.11084,17,Model_2
3064311500750100066,7865.526367,17,Model_2
3064311500750100067,1758.557129,17,Model_2
3064311500750100068,5055.399902,17,Model_2
3064311500750100069,656.5696411132812,17,Model_2
3064311500750100071,5029.974121,17,Model_2
3064311500750100072,1835.656005859375,17,Model_2
3064311500750100073,4628.197754,17,Model_2
3064311500750100076,2414.919677734375,17,Model_2
3064311500750100077,5761.763672,17,Model_2
3064311500750100078,4850.290039,17,Model_2
3064311500750100080,6535.679688,17,Model_2
3064311500750100081,4256.42334,17,Model_2
3064311500750100082,2653.594482421875,17,Model_2
3064311500750100083,5321.345215,17,Model_2
3064311500750100084,3692.955566,17,Model_2
3064311500750100086,2265.850098,17,Model_2
3064311500750100087,2152.441650390625,17,Model_2
3064311500750100088,4803.944336,17,Model_2
3064311500750100089,5176.753418,17,Model_2
3064311500750100090,5624.040039,17,Model_2
3064311500750100091,2276.114501953125,17,Model_2
3064311500750100092,1938.026367,17,Model_2
3064311500750100093,2584.440918,17,Model_2
3064311500750100094,1624.185302734375,17,Model_2
3064311500750100096,7421.852051,17,Model_2
3064311500750100097,9795.916992,17,Model_2
3064311500750100098,4108.90625,17,Model_2
3064311500750100099,6132.411133,17,Model_2
3064311500750100100,5099.197266,17,Model_2
3064311500750100101,1608.4356689453125,17,Model_2
3064311500750100102,8502.879883,17,Model_2
3064311500750100103,7562.425293,17,Model_2
3064311500750100106,3161.700684,17,Model_2
3064311500750100107,3662.664551,17,Model_2
3064311500750100110,6788.106934,17,Model_2
3064311500750100111,3789.740478515625,17,Model_2
3064311500750100112,4385.407227,17,Model_2
3064311500750100113,2889.542969,17,Model_2
3064311500750100114,7364.652344,17,Model_2
3064311500750100116,4149.016113,17,Model_2
3064311500750100117,3996.819824,17,Model_2
3064311500750100118,2921.654297,17,Model_2
3064311500750100119,2690.063232421875,17,Model_2
3064311500750100120,4060.523926,17,Model_2
3064311500750100121,7977.072266,17,Model_2
3064311500750100123,6500.387207,17,Model_2
3064311500750100124,5025.33252,17,Model_2
3064311500750100125,3956.813477,17,Model_2
3064311500750100128,3759.786376953125,17,Model_2
3064311500750100129,6391.586426,17,Model_2
3064311500750100130,6053.160156,17,Model_2
3064311500750100132,6019.120117,17,Model_2
3064311500750100133,2688.094970703125,17,Model_2
3064311500750100136,3589.978027,17,Model_2
3064311500752100010,13958.75293,18,Model_2
3064311500752100012,2032.2254638671875,18,Model_2
3064311500752100014,7841.132813,18,Model_2
3064311500752100016,3133.144287109375,18,Model_2
3064311500752100018,11191.21094,18,Model_2
3064311500752100019,3325.52002,18,Model_2
3064311500752100022,10170.44922,18,Model_2
3064311500752100023,8812.700195,18,Model_2
3064311500752100025,5801.29248,18,Model_2
3064311500752100027,5532.875977,18,Model_2
3064311500752100028,10669.90723,18,Model_2
3064311500752100029,17320.3457,18,Model_2
3064311500752100031,4105.915527,18,Model_2
3064311500752100034,4501.0,18,Model_2
3064311500752100035,13524.28027,18,Model_2
3064311500752100036,9949.96875,18,Model_2
3064311500752100037,11147.85156,18,Model_2
3064311500752100038,1938.3975830078125,18,Model_2
3064311500752100039,4346.029297,18,Model_2
3064311500752100040,1432.149902,18,Model_2
3064311500752100041,8928.334961,18,Model_2
3064311500752100042,1825.2762451171875,18,Model_2
3064311500752100044,1072.289306640625,18,Model_2
3064311500752100046,5361.495605,18,Model_2
3064311500752100047,3453.791748046875,18,Model_2
3064311500752100048,5757.746582,18,Model_2
3064311500752100051,8712.918945,18,Model_2
3064311500752100052,8319.549805,18,Model_2
3064311500752100053,1500.626953,18,Model_2
3064311500752100054,5215.247559,18,Model_2
3064311500752100055,5269.51123,18,Model_2
3064311500752100056,4995.847168,18,Model_2
3064311500752100057,12171.4375,18,Model_2
3064311500752100058,7809.927246,18,Model_2
3064311500752100059,15906.09375,18,Model_2
3064311500752100060,14603.61035,18,Model_2
3064311500752100062,4120.255371,18,Model_2
3064311500752100064,9287.318359,18,Model_2
3064311500752100065,6175.735352,18,Model_2
3064311500752100066,17568.0,18,Model_2
3064311500752100067,4958.224609,18,Model_2
3064311500752100068,9628.902344,18,Model_2
3064311500752100069,9947.054688,18,Model_2
3064311500752100070,6054.120117,18,Model_2
3064311500752100071,9351.199219,18,Model_2
3064311500752100072,12501.25293,18,Model_2
3064311500752100074,13479.73242,18,Model_2
3064311500752100075,4440.252441,18,Model_2
3064311500752100076,6036.603027,18,Model_2
3064311500752100077,5019.94043,18,Model_2
3064311500752100078,12010.12207,18,Model_2
3064311500752100080,4787.368164,18,Model_2
3064311500752100081,4665.96582,18,Model_2
3064311500752100082,5952.468262,18,Model_2
3064311500752100083,8178.124023,18,Model_2
3064311500752100084,3972.828125,18,Model_2
3064311500752100085,8045.876953,18,Model_2
3064311500752100086,9100.208008,18,Model_2
3064311500752100087,10677.15723,18,Model_2
3064311500752100088,8314.985352,18,Model_2
3064311500752100089,6060.873047,18,Model_2
3064311500752100090,16816.54492,18,Model_2
3064311500752100091,12654.9541,18,Model_2
3064311500752100093,3646.279297,18,Model_2
3064311500752100095,7957.009277,18,Model_2
3064311500752100096,10185.82129,18,Model_2
3064311500752100097,7551.991211,18,Model_2
3064311500752100098,5831.327637,18,Model_2
3064311500752100099,5579.234863,18,Model_2
3064311500752100100,6873.167969,18,Model_2
3064311500752100102,513.9492188,18,Model_2
3064311500752100103,7211.880371,18,Model_2
3064311500752100104,1611.26709,18,Model_2
3064311500752100105,6102.608398,18,Model_2
3064311500752100106,7941.196777,18,Model_2
3064311500752100108,4443.790527,18,Model_2
3064311500752100109,7952.315918,18,Model_2
3064311500752100111,4977.355469,18,Model_2
3064311500752100112,8337.422852,18,Model_2
3064311500752100113,5948.883789,18,Model_2
3064311500752100114,5964.229004,18,Model_2
3064311500752100115,7445.665527,18,Model_2
3064311500752100116,15089.54102,18,Model_2
3064311500752100117,3601.967773,18,Model_2
3064311500752100118,2101.154297,18,Model_2
3064311500752100119,9260.12793,18,Model_2
3064311500752100120,7156.675293,18,Model_2
3064311500752100121,5183.166504,18,Model_2
3064311500752100122,7469.23584,18,Model_2
3064311500752100124,5012.086914,18,Model_2
3064311500752100126,6393.300293,18,Model_2
3064311500752100127,4578.729004,18,Model_2
3064311500752100128,7962.115234,18,Model_2
3064311500752100129,13560.25977,18,Model_2
3064311500752100134,4737.807617,18,Model_2
3064311500753100006,5900.673828,18,Model_2
3064311500753100007,14073.47363,18,Model_2
3064311500753100008,5004.768555,18,Model_2
3064311500753100015,909.0775146484376,18,Model_2
3064311500753100018,3889.851806640625,18,Model_2
3064311500753100019,6459.487305,18,Model_2
3064311500753100021,1829.7659912109375,18,Model_2
3064311500753100023,13226.85742,18,Model_2
3064311500753100026,5075.509766,18,Model_2
3064311500753100027,8148.186035,18,Model_2
3064311500753100029,6704.193359,18,Model_2
3064311500753100031,3648.178223,18,Model_2
3064311500753100032,2773.945068359375,18,Model_2
3064311500753100035,5489.504395,18,Model_2
3064311500753100036,14510.27246,18,Model_2
3064311500753100037,11336.34277,18,Model_2
3064311500753100040,3524.113281,18,Model_2
3064311500753100041,10413.37695,18,Model_2
3064311500753100042,3430.731201171875,18,Model_2
3064311500753100043,5291.042969,18,Model_2
3064311500753100044,150.3054656982422,18,Model_2
3064311500753100046,5949.052246,18,Model_2
3064311500753100049,9097.40625,18,Model_2
3064311500753100050,12125.69531,18,Model_2
3064311500753100051,8407.046875,18,Model_2
3064311500753100053,7207.595215,18,Model_2
3064311500753100055,6934.214844,18,Model_2
3064311500753100058,7608.130371,18,Model_2
3064311500753100062,18459.94531,18,Model_2
3064311500753100064,2486.458740234375,18,Model_2
3064311500753100066,5889.472168,18,Model_2
3064311500753100068,10439.33594,18,Model_2
3064311500753100069,8611.710938,18,Model_2
3064311500753100070,2235.989258,18,Model_2
3064311500753100071,1253.464599609375,18,Model_2
3064311500753100072,5990.023438,18,Model_2
3064311500753100073,5824.617676,18,Model_2
3064311500753100074,8643.308594,18,Model_2
3064311500753100076,12382.06738,18,Model_2
3064311500753100078,4328.913574,18,Model_2
3064311500753100079,12372.19043,18,Model_2
3064311500753100080,3210.089844,18,Model_2
3064311500753100082,8155.632324,18,Model_2
3064311500753100083,12705.4873,18,Model_2
3064311500753100086,1190.145263671875,18,Model_2
3064311500753100088,8704.137695,18,Model_2
3064311500753100089,1430.8148193359375,18,Model_2
3064311500753100092,5440.491699,18,Model_2
3064311500753100094,9653.079102,18,Model_2
3064311500753100095,7181.155273,18,Model_2
3064311500753100098,5761.958496,18,Model_2
3064311500753100099,7458.025879,18,Model_2
3064311500753100100,8096.088379,18,Model_2
3064311500753100101,6023.477539,18,Model_2
3064311500753100104,10386.70801,18,Model_2
3064311500753100105,10695.29883,18,Model_2
3064311500753100106,17631.70508,18,Model_2
3064311500753100107,5748.456543,18,Model_2
3064311500753100109,9878.069336,18,Model_2
3064311500753100110,3474.76416,18,Model_2
3064311500753100111,20164.98438,18,Model_2
3064311500753100112,4261.192383,18,Model_2
3064311500753100114,5613.896973,18,Model_2
3064311500753100115,5669.460449,18,Model_2
3064311500753100116,7097.270996,18,Model_2
3064311500753100118,12426.64063,18,Model_2
3064311500753100119,9504.790039,18,Model_2
3064311500753100120,9687.636719,18,Model_2
3064311500753100121,2857.632568359375,18,Model_2
3064311500753100122,302.5436096191406,18,Model_2
3064311500753100123,7325.817871,18,Model_2
3064311500753100124,8554.292969,18,Model_2
3064311500753100125,5720.581055,18,Model_2
3064311500753100126,10270.49707,18,Model_2
3064311500753100127,7431.412598,18,Model_2
3064311500753100128,6692.692383,18,Model_2
3064311500753100131,11193.00684,18,Model_2
3064311500753100132,12326.13574,18,Model_2
3064311500753100133,3807.148926,18,Model_2
3064311500753100135,11644.74707,18,Model_2
3064311500753100137,3030.86084,18,Model_2
3064311500753100138,6283.665527,18,Model_2
3064311500753100139,15422.31348,18,Model_2
3064311500753100140,9873.535156,18,Model_2
3064311500753100141,7441.454102,18,Model_2
3064311500753100142,8087.121582,18,Model_2
3064311500753100143,7896.138672,18,Model_2
3064311500753100144,7736.483887,18,Model_2
3064311500753100145,9470.600586,18,Model_2
3064311500753100147,8060.606445,18,Model_2
3064311500753100148,8814.161133,18,Model_2
3064311500753100150,5173.188477,18,Model_2
3064311500753100151,12838.06738,18,Model_2
3064311500753100152,17077.56836,18,Model_2
3064311500753100155,7515.104492,18,Model_2
3064311500753100157,9114.550781,18,Model_2
3064311500753100158,12253.48438,18,Model_2
3064311500753100159,6170.873047,18,Model_2
3064311500753100160,3666.995117,18,Model_2
3064311500753100161,9614.981445,18,Model_2
3064311500753100162,2753.244873046875,18,Model_2
3064311500753100163,9277.228516,18,Model_2
3064311500753100165,15192.625,18,Model_2
3064311500753100166,6467.188965,18,Model_2
3064311500753100170,8853.952148,18,Model_2
3064311500753100181,1602.5391845703125,18,Model_2
3064311500754100011,19200.08984,18,Model_2
3064311500754100013,8560.608398,18,Model_2
3064311500754100016,5104.821289,18,Model_2
3064311500754100018,4465.996582,18,Model_2
3064311500754100019,3178.630371,18,Model_2
3064311500754100021,9312.239258,18,Model_2
3064311500754100023,5589.111328,18,Model_2
3064311500754100024,7847.75,18,Model_2
3064311500754100025,4564.128418,18,Model_2
3064311500754100026,12640.06934,18,Model_2
3064311500754100027,8788.950195,18,Model_2
3064311500754100028,5798.641602,18,Model_2
3064311500754100029,8841.904297,18,Model_2
3064311500754100030,16666.72852,18,Model_2
3064311500754100031,1974.242676,18,Model_2
3064311500754100033,8095.466797,18,Model_2
3064311500754100034,6655.177246,18,Model_2
3064311500754100035,1093.349853515625,18,Model_2
3064311500754100036,1687.5635986328125,18,Model_2
3064311500754100037,1797.392578,18,Model_2
3064311500754100038,5891.185547,18,Model_2
3064311500754100039,10502.58203,18,Model_2
3064311500754100040,9663.597656,18,Model_2
3064311500754100041,6689.337891,18,Model_2
3064311500754100042,9887.794922,18,Model_2
3064311500754100043,5028.34082,18,Model_2
3064311500754100044,4937.875488,18,Model_2
3064311500754100045,3237.444580078125,18,Model_2
3064311500754100046,6278.514648,18,Model_2
3064311500754100048,9857.509766,18,Model_2
3064311500754100050,3117.450927734375,18,Model_2
3064311500754100051,5906.398438,18,Model_2
3064311500754100052,7661.513672,18,Model_2
3064311500754100053,4082.80127,18,Model_2
3064311500754100054,5460.215332,18,Model_2
3064311500754100055,9199.775391,18,Model_2
3064311500754100056,3321.765625,18,Model_2
3064311500754100057,3987.699707,18,Model_2
3064311500754100058,3265.31543,18,Model_2
3064311500754100059,6171.387207,18,Model_2
3064311500754100060,4949.147461,18,Model_2
3064311500754100061,4647.09668,18,Model_2
3064311500754100062,4597.9375,18,Model_2
3064311500754100064,6733.899902,18,Model_2
3064311500754100065,4784.95166,18,Model_2
3064311500754100066,4320.806152,18,Model_2
3064311500754100067,3511.995361328125,18,Model_2
3064311500754100068,6707.444824,18,Model_2
3064311500754100069,9646.613281,18,Model_2
3064311500754100070,8877.915039,18,Model_2
3064311500754100071,12471.8291,18,Model_2
3064311500754100073,5080.133789,18,Model_2
3064311500754100074,6946.229492,18,Model_2
3064311500754100075,3326.899902,18,Model_2
3064311500754100076,6865.0625,18,Model_2
3064311500754100077,4425.841797,18,Model_2
3064311500754100078,4182.124512,18,Model_2
3064311500754100080,4639.85791,18,Model_2
3064311500754100081,6477.332031,18,Model_2
3064311500754100082,5230.296875,18,Model_2
3064311500754100083,9181.03125,18,Model_2
3064311500754100084,6290.222168,18,Model_2
3064311500754100085,2710.842285,18,Model_2
3064311500754100086,7452.702148,18,Model_2
3064311500754100088,7861.562988,18,Model_2
3064311500754100089,1683.838867,18,Model_2
3064311500754100090,5943.016113,18,Model_2
3064311500754100092,2718.888184,18,Model_2
3064311500754100093,1794.8548583984375,18,Model_2
3064311500754100094,8037.934082,18,Model_2
3064311500754100095,8609.436523,18,Model_2
3064311500754100096,7351.338867,18,Model_2
3064311500754100097,7562.496094,18,Model_2
3064311500754100098,5802.26123,18,Model_2
3064311500754100099,2768.445068359375,18,Model_2
3064311500754100100,5769.665527,18,Model_2
3064311500754100101,2080.396973,18,Model_2
3064311500754100104,6065.168945,18,Model_2
3064311500754100108,3442.847900390625,18,Model_2
3064311500756100003,9262.400391,19,Model_2
3064311500756100010,8253.84668,19,Model_2
3064311500756100015,9391.068359,19,Model_2
3064311500756100016,4611.311523,19,Model_2
3064311500756100017,8602.658203,19,Model_2
3064311500756100018,2643.738037109375,19,Model_2
3064311500756100019,7204.376953,19,Model_2
3064311500756100020,5839.628418,19,Model_2
3064311500756100023,3283.21875,19,Model_2
3064311500756100024,8339.634766,19,Model_2
3064311500756100025,2423.674316,19,Model_2
3064311500756100026,3672.141113,19,Model_2
3064311500756100027,3598.818359,19,Model_2
3064311500756100029,5507.387695,19,Model_2
3064311500756100030,16271.34863,19,Model_2
3064311500756100031,4049.299805,19,Model_2
3064311500756100032,4242.348633,19,Model_2
3064311500756100033,2641.492431640625,19,Model_2
3064311500756100034,4023.310791015625,19,Model_2
3064311500756100036,3732.095215,19,Model_2
3064311500756100037,4243.305176,19,Model_2
3064311500756100038,11714.56934,19,Model_2
3064311500756100039,4789.615234,19,Model_2
3064311500756100040,3480.358642578125,19,Model_2
3064311500756100041,4497.179688,19,Model_2
3064311500756100042,3393.951416015625,19,Model_2
3064311500756100043,15229.26465,19,Model_2
3064311500756100044,4556.80957,19,Model_2
3064311500756100045,2330.175293,19,Model_2
3064311500756100049,4460.115723,19,Model_2
3064311500756100051,4745.02832,19,Model_2
3064311500756100052,9927.726563,19,Model_2
3064311500756100053,4672.480469,19,Model_2
3064311500756100055,4858.925293,19,Model_2
3064311500756100059,6472.560547,19,Model_2
3064311500756100061,6087.717773,19,Model_2
3064311500756100062,6802.063965,19,Model_2
3064311500756100063,3118.593017578125,19,Model_2
3064311500756100064,1193.4752197265625,19,Model_2
3064311500756100066,8843.244141,19,Model_2
3064311500756100068,5443.342285,19,Model_2
3064311500756100070,14250.36621,19,Model_2
3064311500756100071,1762.7586669921875,19,Model_2
3064311500756100073,3271.885254,19,Model_2
3064311500756100077,2692.105224609375,19,Model_2
3064311500756100081,6081.954102,19,Model_2
3064311500756100082,7987.059082,19,Model_2
3064311500756100086,6720.325195,19,Model_2
3064311500756100089,6538.313965,19,Model_2
3064311500756100091,7594.120117,19,Model_2
3064311500756100092,3866.213623046875,19,Model_2
3064311500756100094,6542.279297,19,Model_2
3064311500756100095,664.3433227539062,19,Model_2
3064311500757100018,15939.3418,19,Model_2
3064311500757100032,7373.484375,19,Model_2
3064311500757100034,1750.3380126953125,19,Model_2
3064311500757100035,3666.69043,19,Model_2
3064311500757100036,4981.080566,19,Model_2
3064311500757100037,9418.669922,19,Model_2
3064311500757100038,2992.242431640625,19,Model_2
3064311500757100039,3612.921875,19,Model_2
3064311500757100040,643.8048095703125,19,Model_2
3064311500757100043,3213.068603515625,19,Model_2
3064311500757100045,7011.653809,19,Model_2
3064311500757100046,3991.869384765625,19,Model_2
3064311500757100047,3139.083496,19,Model_2
3064311500757100049,5595.682129,19,Model_2
3064311500757100050,1963.5413818359375,19,Model_2
3064311500757100052,9796.208008,19,Model_2
3064311500757100054,5357.17041,19,Model_2
3064311500757100055,6084.404297,19,Model_2
3064311500757100056,3711.052734,19,Model_2
3064311500757100059,5483.726563,19,Model_2
3064311500757100060,6026.68457,19,Model_2
3064311500757100062,8386.824219,19,Model_2
3064311500757100063,6781.525879,19,Model_2
3064311500757100064,7220.278809,19,Model_2
3064311500757100065,5446.714844,19,Model_2
3064311500757100066,2730.231445,19,Model_2
3064311500757100067,1097.3577880859375,19,Model_2
3064311500757100068,3893.49707,19,Model_2
3064311500757100069,2956.132568359375,19,Model_2
3064311500757100070,3851.400146484375,19,Model_2
3064311500757100071,8192.231445,19,Model_2
3064311500757100073,3497.088379,19,Model_2
3064311500757100074,9003.863281,19,Model_2
3064311500757100076,4736.313477,19,Model_2
3064311500757100077,4155.755859,19,Model_2
3064311500757100079,3791.722900390625,19,Model_2
3064311500757100080,14730.72559,19,Model_2
3064311500757100082,17075.95508,19,Model_2
3064311500757100084,8086.897461,19,Model_2
3064311500757100085,4198.995117,19,Model_2
3064311500757100086,8021.763672,19,Model_2
3064311500757100087,5057.349609,19,Model_2
3064311500757100088,4463.951172,19,Model_2
3064311500757100089,4708.72998,19,Model_2
3064311500757100090,11731.14453,19,Model_2
3064311500757100092,5800.487305,19,Model_2
3064311500757100094,17487.32422,19,Model_2
3064311500757100095,8052.583008,19,Model_2
3064311500757100096,6203.687988,19,Model_2
3064311500757100097,3684.076416015625,19,Model_2
3064311500757100098,5437.353027,19,Model_2
3064311500757100099,6397.742188,19,Model_2
3064311500757100100,6615.322266,19,Model_2
3064311500757100110,12966.96289,19,Model_2
3064311500757100113,5778.364258,19,Model_2
3064311500757100114,696.407959,19,Model_2
3064311500757100115,4448.464355,19,Model_2
3064311500757100116,1047.905517578125,19,Model_2
3064311500757100117,8235.794922,19,Model_2
3064311500757100120,895.9686279296875,19,Model_2
3064311500758100010,6764.200684,19,Model_2
3064311500758100016,6358.857422,19,Model_2
3064311500758100020,11448.48047,19,Model_2
3064311500758100021,5719.255371,19,Model_2
3064311500758100024,25038.95117,19,Model_2
3064311500758100026,3957.400391,19,Model_2
3064311500758100027,20470.48047,19,Model_2
3064311500758100030,15465.4502,19,Model_2
3064311500758100037,6257.910156,19,Model_2
3064311500758100038,25639.06055,19,Model_2
3064311500758100039,6441.230469,19,Model_2
3064311500758100040,13137.37012,19,Model_2
3064311500758100045,14827.54883,19,Model_2
3064311500758100050,4785.149414,19,Model_2
3064311500758100053,5012.086426,19,Model_2
3064311500758100054,9744.12207,19,Model_2
3064311500758100059,20185.85156,19,Model_2
3064311500758100063,3715.541259765625,19,Model_2
3064311500758100069,7241.290039,19,Model_2
3064311500758100076,7005.117188,19,Model_2
3064311500758100083,6831.067383,19,Model_2
3064311500758100086,5343.718262,19,Model_2
3064311500758100087,5930.51416,19,Model_2
3064311500758100088,11873.30176,19,Model_2
3064311500758100093,7747.160645,19,Model_2
3064311500758100095,8540.288086,19,Model_2
3064311500758100097,11863.33691,19,Model_2
3064311500758100098,18159.65234,19,Model_2
3064311500758100100,5990.612793,19,Model_2
3064311500758100106,9160.358398,19,Model_2
3064311500758100107,836.2267456054688,19,Model_2
3064311500758100108,5154.299805,19,Model_2
3064311500758100109,4105.652344,19,Model_2
3064311500758100112,7034.601074,19,Model_2
3064311500758100113,10545.41504,19,Model_2
3064311500758100114,2837.862060546875,19,Model_2
3064311500758100116,4299.217773,19,Model_2
3064311500758100117,6035.345703,19,Model_2
3064311500758100118,5639.023926,19,Model_2
3064311500758100119,8016.529297,19,Model_2
3064311500758100121,5443.749023,19,Model_2
3064311500758100124,5274.168945,19,Model_2
3064311500758100125,8329.928711,19,Model_2
3064311500758100127,3354.841064453125,19,Model_2
3064311500758100128,8882.444336,19,Model_2
3064311500758100129,4076.493408203125,19,Model_2
3064311500758100131,4615.685059,19,Model_2
3064311500758100133,14083.03906,19,Model_2
3064311500758100137,7120.290039,19,Model_2
3064311500758100139,7324.875488,19,Model_2
3064311500758100141,4319.985352,19,Model_2
3064311500758100143,5613.272461,19,Model_2
3064311500758100145,6272.807617,19,Model_2
3064311500763100011,6745.535156,7,Model_2
3064311500763100012,7587.205078,7,Model_2
3064311500763100015,4560.864258,7,Model_2
3064311500763100016,8137.562988,7,Model_2
3064311500763100018,8322.455078,7,Model_2
3064311500763100021,7486.330078,7,Model_2
3064311500763100022,13092.74316,7,Model_2
3064311500763100023,9128.608398,7,Model_2
3064311500763100026,17386.72266,7,Model_2
3064311500763100027,6923.511719,7,Model_2
3064311500763100029,11986.76465,7,Model_2
3064311500763100030,6776.435059,7,Model_2
3064311500763100032,10237.17188,7,Model_2
3064311500763100033,12972.77637,7,Model_2
3064311500763100034,6546.649414,7,Model_2
3064311500763100035,6704.819824,7,Model_2
3064311500763100036,9608.189453,7,Model_2
3064311500763100037,6723.066895,7,Model_2
3064311500763100038,8061.133789,7,Model_2
3064311500763100040,9216.938477,7,Model_2
3064311500763100041,8027.812012,7,Model_2
3064311500763100042,9185.683594,7,Model_2
3064311500763100043,8568.200195,7,Model_2
3064311500763100044,13921.79004,7,Model_2
3064311500763100045,11078.85059,7,Model_2
3064311500763100046,4645.013672,7,Model_2
3064311500763100049,7525.706543,7,Model_2
3064311500763100050,4807.612305,7,Model_2
3064311500763100051,15061.56836,7,Model_2
3064311500763100052,15148.85254,7,Model_2
3064311500763100053,10794.73242,7,Model_2
3064311500763100054,12632.91309,7,Model_2
3064311500763100055,12672.24609,7,Model_2
3064311500763100057,5021.451172,7,Model_2
3064311500763100058,5433.591309,7,Model_2
3064311500763100059,10658.69043,7,Model_2
3064311500763100060,9602.322266,7,Model_2
3064311500763100061,20149.6582,7,Model_2
3064311500763100062,7403.553711,7,Model_2
3064311500763100063,4842.200195,7,Model_2
3064311500763100065,5138.996582,7,Model_2
3064311500763100066,7277.066406,7,Model_2
3064311500763100067,18202.46875,7,Model_2
3064311500763100068,5199.380371,7,Model_2
3064311500763100069,1651.3668212890625,7,Model_2
3064311500763100072,12403.06738,7,Model_2
3064311500763100073,5020.375977,7,Model_2
3064311500763100074,16719.64063,7,Model_2
3064311500763100077,2885.517333984375,7,Model_2
3064311500763100078,3575.224121,7,Model_2
3064311500763100081,4591.267578,7,Model_2
3064311500763100082,6375.431152,7,Model_2
3064311500763100083,1338.951904296875,7,Model_2
3064311500763100084,6874.60791,7,Model_2
3064311500763100086,9152.331055,7,Model_2
3064311500763100089,7459.545898,7,Model_2
3064311500764100015,17107.20117,7,Model_2
3064311500764100019,7399.617188,7,Model_2
3064311500764100028,8166.056641,7,Model_2
3064311500764100029,3271.182129,7,Model_2
3064311500764100031,9147.141602,7,Model_2
3064311500764100033,12189.2207,7,Model_2
3064311500764100036,7137.021484,7,Model_2
3064311500764100037,8240.053711,7,Model_2
3064311500764100038,7719.793457,7,Model_2
3064311500764100039,2361.229248046875,7,Model_2
3064311500764100040,9306.584961,7,Model_2
3064311500764100042,9809.165039,7,Model_2
3064311500764100043,6779.36377,7,Model_2
3064311500764100044,14008.62695,7,Model_2
3064311500764100045,4078.507568359375,7,Model_2
3064311500764100046,3327.412598,7,Model_2
3064311500764100047,4363.77002,7,Model_2
3064311500764100048,11300.19043,7,Model_2
3064311500764100049,8545.792969,7,Model_2
3064311500764100050,7900.916016,7,Model_2
3064311500764100051,15660.03613,7,Model_2
3064311500764100052,5580.211914,7,Model_2
3064311500764100053,13061.24902,7,Model_2
3064311500764100055,12938.92383,7,Model_2
3064311500764100056,5348.521973,7,Model_2
3064311500764100057,6020.349121,7,Model_2
3064311500764100058,1399.853027,7,Model_2
3064311500764100059,13432.68262,7,Model_2
3064311500764100060,7092.979004,7,Model_2
3064311500764100061,5884.04541,7,Model_2
3064311500764100062,5174.369629,7,Model_2
3064311500764100063,5910.381348,7,Model_2
3064311500764100064,3187.490478515625,7,Model_2
3064311500764100065,6358.352539,7,Model_2
3064311500764100067,9888.62207,7,Model_2
3064311500764100068,1166.637939453125,7,Model_2
3064311500764100069,9056.298828,7,Model_2
3064311500764100070,7064.754883,7,Model_2
3064311500764100072,7906.178711,7,Model_2
3064311500764100073,14666.58594,7,Model_2
3064311500764100074,4976.396484,7,Model_2
3064311500764100075,6961.300781,7,Model_2
3064311500764100076,12513.12109,7,Model_2
3064311500764100077,5091.279297,7,Model_2
3064311500764100078,1975.843262,7,Model_2
3064311500764100079,22972.56055,7,Model_2
3064311500764100080,6642.102539,7,Model_2
3064311500764100081,4910.053711,7,Model_2
3064311500764100083,6987.952148,7,Model_2
3064311500764100084,3686.191895,7,Model_2
3064311500764100085,9271.505859,7,Model_2
3064311500764100086,15796.68262,7,Model_2
3064311500764100087,9459.292969,7,Model_2
3064311500764100088,10668.97168,7,Model_2
3064311500764100089,8057.583008,7,Model_2
3064311500764100090,3656.608154296875,7,Model_2
3064311500764100091,5853.447754,7,Model_2
3064311500764100093,8700.972656,7,Model_2
3064311500764100094,10154.72461,7,Model_2
3064311500764100095,15143.56641,7,Model_2
3064311500764100096,12300.3584,7,Model_2
3064311500764100098,7095.507813,7,Model_2
3064311500764100099,7159.520996,7,Model_2
3064311500764100101,5973.466309,7,Model_2
3064311500764100102,11532.1543,7,Model_2
3064311500764100104,18791.46094,7,Model_2
3064311500764100105,9895.270508,7,Model_2
3064311500764100106,16881.00586,7,Model_2
3064311500764100107,12244.36035,7,Model_2
3064311500764100108,3409.787841796875,7,Model_2
3064311500764100109,3036.311767578125,7,Model_2
3064311500764100112,12855.85742,7,Model_2
3064311500764100113,3728.437988,7,Model_2
3064311500764100114,9076.333008,7,Model_2
3064311500764100115,4314.308594,7,Model_2
3064311500764100116,11883.55273,7,Model_2
3064311500764100117,8355.967773,7,Model_2
3064311500764100118,3600.648193359375,7,Model_2
3064311500764100119,9837.96875,7,Model_2
3064311500764100120,10862.49316,7,Model_2
3064311500764100121,12226.72852,7,Model_2
3064311500764100122,24898.1582,7,Model_2
3064311500764100123,8745.785156,7,Model_2
3064311500764100124,4523.17334,7,Model_2
3064311500764100125,6155.288574,7,Model_2
3064311500764100126,3729.196289,7,Model_2
3064311500765100011,3074.364258,7,Model_2
3064311500765100014,8880.174805,7,Model_2
3064311500765100015,9089.201172,7,Model_2
3064311500765100018,4179.20459,7,Model_2
3064311500767100016,2321.296630859375,11,Model_2
3064311500767100017,1855.676758,11,Model_2
3064311500767100019,4834.722656,11,Model_2
3064311500767100026,5106.391602,11,Model_2
3064311500767100029,2713.312255859375,11,Model_2
3064311500767100034,10713.50781,11,Model_2
3064311500767100038,6381.886719,11,Model_2
3064311500767100039,11047.93652,11,Model_2
3064311500767100040,7574.418457,11,Model_2
3064311500767100041,3803.941895,11,Model_2
3064311500767100044,3829.644287109375,11,Model_2
3064311500767100045,14287.98926,11,Model_2
3064311500767100046,5406.433105,11,Model_2
3064311500767100048,5462.416992,11,Model_2
3064311500767100049,13898.14063,11,Model_2
3064311500767100050,9722.290039,11,Model_2
3064311500767100051,2704.854492,11,Model_2
3064311500767100052,5828.754395,11,Model_2
3064311500767100053,4567.212891,11,Model_2
3064311500767100054,2878.698486328125,11,Model_2
3064311500767100055,4843.695313,11,Model_2
3064311500767100056,2728.237305,11,Model_2
3064311500767100058,7032.055176,11,Model_2
3064311500767100059,3472.092773,11,Model_2
3064311500767100060,6158.02832,11,Model_2
3064311500767100061,5993.630859,11,Model_2
3064311500767100062,3038.487305,11,Model_2
3064311500767100063,4361.922852,11,Model_2
3064311500767100064,2916.757080078125,11,Model_2
3064311500767100065,6527.811523,11,Model_2
3064311500767100066,6720.141113,11,Model_2
3064311500767100067,4806.133789,11,Model_2
3064311500767100070,1932.1810302734375,11,Model_2
3064311500767100071,4624.191895,11,Model_2
3064311500767100072,1207.081787109375,11,Model_2
3064311500767100073,10533.85449,11,Model_2
3064311500767100074,4244.663086,11,Model_2
3064311500767100075,4466.173828,11,Model_2
3064311500767100076,5927.550293,11,Model_2
3064311500767100077,2494.077637,11,Model_2
3064311500767100078,4817.312988,11,Model_2
3064311500767100079,3714.738037109375,11,Model_2
3064311500767100080,9995.274414,11,Model_2
3064311500767100081,1988.4539794921875,11,Model_2
3064311500767100082,4248.728027,11,Model_2
3064311500767100085,3806.043212890625,11,Model_2
3064311500767100086,2814.478271484375,11,Model_2
3064311500767100087,2399.267822265625,11,Model_2
3064311500767100088,2525.695068359375,11,Model_2
3064311500767100089,5905.20166,11,Model_2
3064311500767100091,7734.37207,11,Model_2
3064311500767100092,5199.279297,11,Model_2
3064311500767100093,12734.43652,11,Model_2
3064311500767100094,3853.325195,11,Model_2
3064311500767100095,4342.513184,11,Model_2
3064311500767100096,1733.710938,11,Model_2
3064311500767100097,9228.082031,11,Model_2
3064311500767100098,6921.453125,11,Model_2
3064311500767100099,5609.946777,11,Model_2
3064311500767100100,9324.104492,11,Model_2
3064311500767100101,4997.818359,11,Model_2
3064311500767100102,2786.305664,11,Model_2
3064311500767100103,4842.550781,11,Model_2
3064311500767100105,4602.583984,11,Model_2
3064311500767100106,6526.17334,11,Model_2
3064311500767100107,4422.572266,11,Model_2
3064311500767100108,5220.956543,11,Model_2
3064311500767100109,4130.958984,11,Model_2
3064311500767100111,1089.9708251953125,11,Model_2
3064311500767100112,4053.682129,11,Model_2
3064311500767100116,6590.244629,11,Model_2
3064311500767100117,5770.164551,11,Model_2
3064311500767100118,5027.833008,11,Model_2
3064311500767100119,6001.54834,11,Model_2
3064311500767100120,6177.354004,11,Model_2
3064311500767100121,7318.041504,11,Model_2
3064311500767100123,5891.501465,11,Model_2
3064311500767100124,6350.999023,11,Model_2
3064311500767100125,3377.874023,11,Model_2
3064311500767100127,8082.780273,11,Model_2
3064311500768100007,11142.18457,11,Model_2
3064311500768100010,9916.121094,11,Model_2
3064311500768100011,9552.220703,11,Model_2
3064311500768100014,10377.29102,11,Model_2
3064311500768100018,13932.57324,11,Model_2
3064311500768100020,4041.909912109375,11,Model_2
3064311500768100021,20772.14844,11,Model_2
3064311500768100022,19617.97656,11,Model_2
3064311500768100024,8513.258789,11,Model_2
3064311500768100027,14634.4209,11,Model_2
3064311500768100028,6530.654785,11,Model_2
3064311500768100029,14734.44531,11,Model_2
3064311500768100030,11954.46777,11,Model_2
3064311500768100032,7213.476074,11,Model_2
3064311500768100033,11856.50977,11,Model_2
3064311500768100034,9373.014648,11,Model_2
3064311500768100035,15670.31055,11,Model_2
3064311500768100036,7640.706055,11,Model_2
3064311500768100037,8748.72168,11,Model_2
3064311500768100038,6351.532715,11,Model_2
3064311500768100039,6455.817383,11,Model_2
3064311500768100040,8681.638672,11,Model_2
3064311500768100041,1845.773926,11,Model_2
3064311500768100042,6658.578613,11,Model_2
3064311500768100043,4731.173828,11,Model_2
3064311500768100044,14281.83594,11,Model_2
3064311500768100045,10684.72754,11,Model_2
3064311500768100047,6992.491211,11,Model_2
3064311500768100048,8787.4375,11,Model_2
3064311500768100049,15878.4834,11,Model_2
3064311500768100050,3732.730224609375,11,Model_2
3064311500768100051,9171.512695,11,Model_2
3064311500768100052,6330.310059,11,Model_2
3064311500768100053,13691.01953,11,Model_2
3064311500768100054,6739.112793,11,Model_2
3064311500768100056,5039.712402,11,Model_2
3064311500768100057,5169.651367,11,Model_2
3064311500768100058,7501.499023,11,Model_2
3064311500768100059,12690.23438,11,Model_2
3064311500768100060,6329.90918,11,Model_2
3064311500768100063,8886.945313,11,Model_2
3064311500768100064,7774.13916,11,Model_2
3064311500768100065,5432.383301,11,Model_2
3064311500768100066,4288.296875,11,Model_2
3064311500768100067,5929.75,11,Model_2
3064311500768100068,7520.921387,11,Model_2
3064311500768100069,899.1720581054688,11,Model_2
3064311500768100070,3727.776123046875,11,Model_2
3064311500768100071,9701.482422,11,Model_2
3064311500768100072,7580.193848,11,Model_2
3064311500768100073,2955.57373,11,Model_2
3064311500768100074,12609.4668,11,Model_2
3064311500768100075,9888.112305,11,Model_2
3064311500768100076,10424.44043,11,Model_2
3064311500768100078,7903.734375,11,Model_2
3064311500768100079,2324.703369140625,11,Model_2
3064311500768100082,4062.427246,11,Model_2
3064311500768100083,2102.578857421875,11,Model_2
3064311500768100084,3413.886719,11,Model_2
3064311500768100085,2855.548828,11,Model_2
3064311500768100086,10185.78711,11,Model_2
3064311500768100088,9763.696289,11,Model_2
3064311500768100090,4254.006836,11,Model_2
3064311500768100091,11413.88965,11,Model_2
3064311500768100092,11824.76074,11,Model_2
3064311500768100093,5407.187988,11,Model_2
3064311500768100094,4680.879883,11,Model_2
3064311500768100095,3221.745605,11,Model_2
3064311500768100096,5358.469238,11,Model_2
3064311500768100097,5282.85498,11,Model_2
3064311500768100098,1743.7640380859375,11,Model_2
3064311500768100099,5509.90625,11,Model_2
3064311500768100100,4169.654297,11,Model_2
3064311500768100101,9506.96582,11,Model_2
3064311500768100102,3683.696777,11,Model_2
3064311500768100103,10053.41406,11,Model_2
3064311500768100104,6352.479004,11,Model_2
3064311500768100105,2749.779541015625,11,Model_2
3064311500768100106,4645.699707,11,Model_2
3064311500768100107,6058.089355,11,Model_2
3064311500768100108,6726.909668,11,Model_2
3064311500768100109,2968.629395,11,Model_2
3064311500768100111,1320.691895,11,Model_2
3064311500768100112,10985.7959,11,Model_2
3064311500768100113,7127.866211,11,Model_2
3064311500768100114,6520.353027,11,Model_2
3064311500768100115,5586.45459,11,Model_2
3064311500768100116,2595.937988,11,Model_2
3064311500768100118,6674.310547,11,Model_2
3064311500768100119,7915.729004,11,Model_2
3064311500768100120,2922.118896484375,11,Model_2
3064311500768100121,8578.176758,11,Model_2
3064311500768100122,5098.944336,11,Model_2
3064311500768100123,4291.238281,11,Model_2
3064311500768100124,8148.186523,11,Model_2
3064311500768100125,7067.437012,11,Model_2
3064311500768100126,5083.412109,11,Model_2
3064311500768100128,6893.64209,11,Model_2
3064311500768100129,2686.55127,11,Model_2
3064311500768100130,5435.348145,11,Model_2
3064311500768100132,11202.30664,11,Model_2
3064311500768100133,7577.066406,11,Model_2
3064311500768100134,10498.46191,11,Model_2
3064311500768100135,2635.408691,11,Model_2
3064311500768100136,4009.005126953125,11,Model_2
3064311500768100137,5371.737793,11,Model_2
3064311500769100004,9969.06543,11,Model_2
3064311500769100005,5796.908203,11,Model_2
3064311500769100012,8221.884766,11,Model_2
3064311500769100013,14831.07031,11,Model_2
3064311500769100016,23660.30273,11,Model_2
3064311500769100019,15211.37402,11,Model_2
3064311500769100023,11114.24805,11,Model_2
3064311500771100014,4495.828125,17,Model_2
3064311500771100016,1897.170654296875,17,Model_2
3064311500771100019,4075.089599609375,17,Model_2
3064311500771100022,5686.094238,17,Model_2
3064311500771100024,7158.46582,17,Model_2
3064311500771100028,1809.742919921875,17,Model_2
3064311500771100029,6413.723633,17,Model_2
3064311500771100030,5402.361816,17,Model_2
3064311500771100031,6487.242188,17,Model_2
3064311500771100032,3389.499512,17,Model_2
3064311500771100034,2275.447509765625,17,Model_2
3064311500771100035,3846.814941,17,Model_2
3064311500771100038,4760.800781,17,Model_2
3064311500771100039,4651.806641,17,Model_2
3064311500771100040,2318.226318359375,17,Model_2
3064311500771100042,3616.785156,17,Model_2
3064311500771100043,4750.644531,17,Model_2
3064311500771100044,6162.283691,17,Model_2
3064311500771100045,4048.305664,17,Model_2
3064311500771100047,3207.968505859375,17,Model_2
3064311500771100049,7200.763672,17,Model_2
3064311500771100050,2612.046142578125,17,Model_2
3064311500771100051,3962.476074,17,Model_2
3064311500771100052,3515.683837890625,17,Model_2
3064311500771100054,5262.225098,17,Model_2
3064311500771100056,3502.294677734375,17,Model_2
3064311500771100057,1313.9254150390625,17,Model_2
3064311500771100058,5618.239258,17,Model_2
3064311500771100060,3028.781982421875,17,Model_2
3064311500772100026,6248.016113,17,Model_2
3064311500772100028,4410.96875,17,Model_2
3064311500772100031,6463.680664,17,Model_2
3064311500772100032,3728.688965,17,Model_2
3064311500772100033,5873.761719,17,Model_2
3064311500772100040,2689.396484,17,Model_2
3064311500772100042,6623.157227,17,Model_2
3064311500772100044,3150.73877,17,Model_2
3064311500772100045,3658.816162109375,17,Model_2
3064311500772100047,3323.297119140625,17,Model_2
3064311500772100054,4256.439453,17,Model_2
3064311500772100055,1857.1878662109375,17,Model_2
3064311500772100057,6653.429199,17,Model_2
3064311500772100059,3578.287109,17,Model_2
3064311500772100060,4009.087402,17,Model_2
3064311500772100061,5078.399414,17,Model_2
3064311500772100062,7391.475098,17,Model_2
3064311500772100063,1201.3919677734375,17,Model_2
3064311500772100064,3841.491211,17,Model_2
3064311500772100067,3765.865723,17,Model_2
3064311500772100068,4017.486816,17,Model_2
3064311500772100069,3276.566406,17,Model_2
3064311500772100070,4090.941650390625,17,Model_2
3064311500772100072,4510.576172,17,Model_2
3064311500772100073,7390.65332,17,Model_2
3064311500772100074,3538.321044921875,17,Model_2
3064311500772100075,2225.112793,17,Model_2
3064311500772100077,3813.830078,17,Model_2
3064311500772100078,3049.03125,17,Model_2
3064311500772100079,2858.78125,17,Model_2
3064311500772100080,6533.38916,17,Model_2
3064311500772100081,4735.960938,17,Model_2
3064311500772100082,4038.655517578125,17,Model_2
3064311500772100083,4561.061035,17,Model_2
3064311500772100085,4768.671875,17,Model_2
3064311500772100086,4285.673828,17,Model_2
3064311500772100087,2947.703613,17,Model_2
3064311500772100088,7041.572266,17,Model_2
3064311500772100089,1740.296875,17,Model_2
3064311500772100090,7017.815918,17,Model_2
3064311500772100092,4766.978027,17,Model_2
3064311500772100093,3339.345458984375,17,Model_2
3064311500772100094,1101.320556640625,17,Model_2
3064311500772100095,5972.678223,17,Model_2
3064311500772100097,1497.152099609375,17,Model_2
3064311500772100098,5518.231934,17,Model_2
3064311500772100099,3575.411133,17,Model_2
3064311500772100100,2650.285156,17,Model_2
3064311500772100101,5926.129395,17,Model_2
3064311500772100102,6946.507813,17,Model_2
3064311500772100103,2645.052978515625,17,Model_2
3064311500772100107,4091.901855,17,Model_2
3064311500772100109,4625.991211,17,Model_2
3064311500772100110,6726.059082,17,Model_2
3064311500772100111,6757.732422,17,Model_2
3064311500772100112,9116.892578,17,Model_2
3064311500772100114,3376.439697265625,17,Model_2
3064311500772100117,3259.966797,17,Model_2
3064311500772100121,2598.369384765625,17,Model_2
3064311500772100123,6092.470215,17,Model_2
3064311500772100129,5908.463379,17,Model_2
3064311500772100130,5766.898926,17,Model_2
3064311500775100011,3170.739746,18,Model_2
3064311500775100014,3167.09082,18,Model_2
3064311500775100015,5798.726563,18,Model_2
3064311500775100019,6395.318848,18,Model_2
3064311500775100020,8093.715332,18,Model_2
3064311500775100021,14319.63281,18,Model_2
3064311500775100022,5233.367188,18,Model_2
3064311500775100028,14023.1416,18,Model_2
3064311500775100029,7372.494629,18,Model_2
3064311500775100034,3001.547852,18,Model_2
3064311500775100035,5768.893555,18,Model_2
3064311500775100041,6395.869141,18,Model_2
3064311500775100046,6381.349609,18,Model_2
3064311500775100052,4184.741211,18,Model_2
3064311500775100055,4748.758789,18,Model_2
3064311500775100056,4437.912598,18,Model_2
3064311500775100059,4187.140137,18,Model_2
3064311500776100028,8411.255859,18,Model_2
3064311500776100029,13074.375,18,Model_2
3064311500776100032,3579.998047,18,Model_2
3064311500776100034,16953.63672,18,Model_2
3064311500776100037,8949.462891,18,Model_2
3064311500776100039,862.5049438476562,18,Model_2
3064311500776100040,6031.915527,18,Model_2
3064311500776100041,14887.11816,18,Model_2
3064311500776100043,3416.680664,18,Model_2
3064311500776100044,5803.174316,18,Model_2
3064311500776100045,11733.77441,18,Model_2
3064311500776100046,7456.091309,18,Model_2
3064311500776100048,2124.351318359375,18,Model_2
3064311500776100050,3418.133301,18,Model_2
3064311500776100051,4735.58252,18,Model_2
3064311500776100053,6400.805176,18,Model_2
3064311500776100054,9564.472656,18,Model_2
3064311500776100056,2693.166259765625,18,Model_2
3064311500776100058,4147.671387,18,Model_2
3064311500776100059,3248.893555,18,Model_2
3064311500776100062,5453.180664,18,Model_2
3064311500776100063,3866.974853515625,18,Model_2
3064311500776100064,6923.210449,18,Model_2
3064311500776100066,7736.309082,18,Model_2
3064311500776100067,5951.975098,18,Model_2
3064311500776100068,4862.848633,18,Model_2
3064311500776100069,9544.728516,18,Model_2
3064311500776100070,4835.273438,18,Model_2
3064311500776100071,3403.683105,18,Model_2
3064311500776100072,5781.28125,18,Model_2
3064311500776100073,10387.77734,18,Model_2
3064311500776100074,4854.084473,18,Model_2
3064311500776100075,13761.75977,18,Model_2
3064311500776100076,5792.252441,18,Model_2
3064311500776100078,2784.029297,18,Model_2
3064311500776100079,6025.319824,18,Model_2
3064311500776100080,3609.824951171875,18,Model_2
3064311500776100081,8008.20166,18,Model_2
3064311500776100082,3691.639648,18,Model_2
3064311500776100084,4581.468262,18,Model_2
3064311500776100085,474.7765197753906,18,Model_2
3064311500776100086,4779.549805,18,Model_2
3064311500776100087,6175.037598,18,Model_2
3064311500776100091,3781.04541,18,Model_2
3064311500776100092,5046.519531,18,Model_2
3064311500776100093,8135.236328,18,Model_2
3064311500776100094,6755.217773,18,Model_2
3064311500776100095,8477.220703,18,Model_2
3064311500776100097,5574.624512,18,Model_2
3064311500776100099,27128.51563,18,Model_2
3064311500776100100,9110.819336,18,Model_2
3064311500776100101,7038.58252,18,Model_2
3064311500776100102,5010.294434,18,Model_2
3064311500776100103,20988.62109,18,Model_2
3064311500776100105,8215.292969,18,Model_2
3064311500776100106,6516.265137,18,Model_2
3064311500776100107,10246.20801,18,Model_2
3064311500776100108,11656.0752,18,Model_2
3064311500776100109,9810.223633,18,Model_2
3064311500776100110,4865.123535,18,Model_2
3064311500776100112,7988.726074,18,Model_2
3064311500777100002,5602.527832,18,Model_2
3064311500777100011,8208.628906,18,Model_2
3064311500777100014,10708.34375,18,Model_2
3064311500777100015,4467.028809,18,Model_2
3064311500777100016,5808.785156,18,Model_2
3064311500777100017,5259.890625,18,Model_2
3064311500777100019,3950.160400390625,18,Model_2
3064311500777100020,3840.510986328125,18,Model_2
3064311500777100022,419.7113037109375,18,Model_2
3064311500777100023,1910.034668,18,Model_2
3064311500777100024,5308.014648,18,Model_2
3064311500777100025,4230.693848,18,Model_2
3064311500777100026,4303.454102,18,Model_2
3064311500777100028,11827.77832,18,Model_2
3064311500777100029,3431.353759765625,18,Model_2
3064311500777100030,13017.33301,18,Model_2
3064311500777100035,7907.424316,18,Model_2
3064311500777100038,8379.102539,18,Model_2
3064311500777100040,4798.433594,18,Model_2
3064311500777100043,6877.69043,18,Model_2
3064311500777100047,5695.783203,18,Model_2
3064311500779100004,2605.35498,19,Model_2
3064311500779100005,3627.097412109375,19,Model_2
3064311500779100011,8364.893555,19,Model_2
3064311500779100012,5400.785156,19,Model_2
3064311500779100016,4761.067383,19,Model_2
3064311500779100019,2516.125,19,Model_2
3064311500779100024,4257.63916,19,Model_2
3064311500780100006,8236.719727,19,Model_2
3064311500780100014,7246.59082,19,Model_2
3064311500780100016,6294.445801,19,Model_2
3064311500780100017,4129.766113,19,Model_2
3064311500780100024,4233.67334,19,Model_2
3064311500780100027,7067.653809,19,Model_2
3064311500780100028,4127.807129,19,Model_2
3064311500780100029,3205.634277,19,Model_2
3064311500780100030,4414.124023,19,Model_2
3064311500780100031,3399.430664,19,Model_2
3064311500780100032,3263.882813,19,Model_2
3064311500780100033,5793.325684,19,Model_2
3064311500781100011,3658.216797,19,Model_2
3064311500781100014,5100.982422,19,Model_2
3064311500781100017,1993.736816,19,Model_2
3064311500781100018,5317.137695,19,Model_2
3064311500781100019,1608.061523,19,Model_2
3064311500781100020,3933.501708984375,19,Model_2
3064311500781100021,6409.108887,19,Model_2
