Embryo,Truth image,Test image,Slice number,Truth objects,Test objects,Object IoU threshold,Object TP,Object FP,Object FN,Object Precision,Object Recall/Sensitivity,Object Jaccard Index,Object F-measure
Embryo01,mosaic_Cellbound3_z3_DAPI_mask.tif,added_image_z3_DAPI_mask.tif,1,1560,1535,0.5,1291,244,269,0.841,0.828,0.716,0.834
Embryo01,mosaic_Cellbound3_z3_DAPI_mask.tif,added_image_z3_DAPI_mask.tif,1,1560,1535,0.55,1271,264,289,0.828,0.815,0.697,0.821
Embryo01,mosaic_Cellbound3_z3_DAPI_mask.tif,added_image_z3_DAPI_mask.tif,1,1560,1535,0.6,1236,299,324,0.805,0.792,0.665,0.799
Embryo01,mosaic_Cellbound3_z3_DAPI_mask.tif,added_image_z3_DAPI_mask.tif,1,1560,1535,0.65,1191,344,369,0.776,0.763,0.626,0.77
Embryo01,mosaic_Cellbound3_z3_DAPI_mask.tif,added_image_z3_DAPI_mask.tif,1,1560,1535,0.7,1135,400,425,0.739,0.728,0.579,0.733
Embryo01,mosaic_Cellbound3_z3_DAPI_mask.tif,added_image_z3_DAPI_mask.tif,1,1560,1535,0.75,1086,449,474,0.707,0.696,0.541,0.702
Embryo01,mosaic_Cellbound3_z3_DAPI_mask.tif,added_image_z3_DAPI_mask.tif,1,1560,1535,0.8,1014,521,546,0.661,0.65,0.487,0.655
Embryo01,mosaic_Cellbound3_z3_DAPI_mask.tif,added_image_z3_DAPI_mask.tif,1,1560,1535,0.85,896,639,664,0.584,0.574,0.407,0.579
Embryo01,mosaic_Cellbound3_z3_DAPI_mask.tif,added_image_z3_DAPI_mask.tif,1,1560,1535,0.9,623,912,937,0.406,0.399,0.252,0.403
Embryo01,mosaic_Cellbound3_z3_DAPI_mask.tif,added_image_z3_DAPI_mask.tif,1,1560,1535,0.95,165,1370,1395,0.107,0.106,0.056,0.107
Embryo01,mosaic_Cellbound3_z3_DAPI_mask.tif,added_image_z3_DAPI_mask.tif,1,1560,1535,1.0,0,1535,1560,0.0,0.0,0.0,
Embryo01,mosaic_Cellbound3_z3_DAPI_mask.tif,average_image_z3_DAPI_mask.tif,1,1560,1536,0.5,1288,248,272,0.839,0.826,0.712,0.832
Embryo01,mosaic_Cellbound3_z3_DAPI_mask.tif,average_image_z3_DAPI_mask.tif,1,1560,1536,0.55,1267,269,293,0.825,0.812,0.693,0.818
Embryo01,mosaic_Cellbound3_z3_DAPI_mask.tif,average_image_z3_DAPI_mask.tif,1,1560,1536,0.6,1238,298,322,0.806,0.794,0.666,0.8
Embryo01,mosaic_Cellbound3_z3_DAPI_mask.tif,average_image_z3_DAPI_mask.tif,1,1560,1536,0.65,1191,345,369,0.775,0.763,0.625,0.769
Embryo01,mosaic_Cellbound3_z3_DAPI_mask.tif,average_image_z3_DAPI_mask.tif,1,1560,1536,0.7,1146,390,414,0.746,0.735,0.588,0.74
Embryo01,mosaic_Cellbound3_z3_DAPI_mask.tif,average_image_z3_DAPI_mask.tif,1,1560,1536,0.75,1094,442,466,0.712,0.701,0.546,0.707
Embryo01,mosaic_Cellbound3_z3_DAPI_mask.tif,average_image_z3_DAPI_mask.tif,1,1560,1536,0.8,1025,511,535,0.667,0.657,0.495,0.662
Embryo01,mosaic_Cellbound3_z3_DAPI_mask.tif,average_image_z3_DAPI_mask.tif,1,1560,1536,0.85,887,649,673,0.577,0.569,0.402,0.573
Embryo01,mosaic_Cellbound3_z3_DAPI_mask.tif,average_image_z3_DAPI_mask.tif,1,1560,1536,0.9,604,932,956,0.393,0.387,0.242,0.39
Embryo01,mosaic_Cellbound3_z3_DAPI_mask.tif,average_image_z3_DAPI_mask.tif,1,1560,1536,0.95,147,1389,1413,0.096,0.094,0.05,0.095
Embryo01,mosaic_Cellbound3_z3_DAPI_mask.tif,average_image_z3_DAPI_mask.tif,1,1560,1536,1.0,0,1536,1560,0.0,0.0,0.0,
Embryo01,mosaic_Cellbound3_z3_DAPI_mask.tif,max_image_z3_DAPI_mask.tif,1,1560,1434,0.5,1153,281,407,0.804,0.739,0.626,0.77
Embryo01,mosaic_Cellbound3_z3_DAPI_mask.tif,max_image_z3_DAPI_mask.tif,1,1560,1434,0.55,1117,317,443,0.779,0.716,0.595,0.746
Embryo01,mosaic_Cellbound3_z3_DAPI_mask.tif,max_image_z3_DAPI_mask.tif,1,1560,1434,0.6,1079,355,481,0.752,0.692,0.563,0.721
Embryo01,mosaic_Cellbound3_z3_DAPI_mask.tif,max_image_z3_DAPI_mask.tif,1,1560,1434,0.65,1027,407,533,0.716,0.658,0.522,0.686
Embryo01,mosaic_Cellbound3_z3_DAPI_mask.tif,max_image_z3_DAPI_mask.tif,1,1560,1434,0.7,959,475,601,0.669,0.615,0.471,0.641
Embryo01,mosaic_Cellbound3_z3_DAPI_mask.tif,max_image_z3_DAPI_mask.tif,1,1560,1434,0.75,890,544,670,0.621,0.571,0.423,0.595
Embryo01,mosaic_Cellbound3_z3_DAPI_mask.tif,max_image_z3_DAPI_mask.tif,1,1560,1434,0.8,781,653,779,0.545,0.501,0.353,0.522
Embryo01,mosaic_Cellbound3_z3_DAPI_mask.tif,max_image_z3_DAPI_mask.tif,1,1560,1434,0.85,618,816,942,0.431,0.396,0.26,0.413
Embryo01,mosaic_Cellbound3_z3_DAPI_mask.tif,max_image_z3_DAPI_mask.tif,1,1560,1434,0.9,398,1036,1162,0.278,0.255,0.153,0.266
Embryo01,mosaic_Cellbound3_z3_DAPI_mask.tif,max_image_z3_DAPI_mask.tif,1,1560,1434,0.95,122,1312,1438,0.085,0.078,0.042,0.081
Embryo01,mosaic_Cellbound3_z3_DAPI_mask.tif,max_image_z3_DAPI_mask.tif,1,1560,1434,1.0,0,1434,1560,0.0,0.0,0.0,
Embryo01,mosaic_Cellbound3_z3_DAPI_mask.tif,mosaic_Cellbound1_z3_DAPI_mask.tif,1,1560,1150,0.5,777,373,783,0.676,0.498,0.402,0.573
Embryo01,mosaic_Cellbound3_z3_DAPI_mask.tif,mosaic_Cellbound1_z3_DAPI_mask.tif,1,1560,1150,0.55,713,437,847,0.62,0.457,0.357,0.526
Embryo01,mosaic_Cellbound3_z3_DAPI_mask.tif,mosaic_Cellbound1_z3_DAPI_mask.tif,1,1560,1150,0.6,635,515,925,0.552,0.407,0.306,0.469
Embryo01,mosaic_Cellbound3_z3_DAPI_mask.tif,mosaic_Cellbound1_z3_DAPI_mask.tif,1,1560,1150,0.65,554,596,1006,0.482,0.355,0.257,0.409
Embryo01,mosaic_Cellbound3_z3_DAPI_mask.tif,mosaic_Cellbound1_z3_DAPI_mask.tif,1,1560,1150,0.7,449,701,1111,0.39,0.288,0.199,0.331
Embryo01,mosaic_Cellbound3_z3_DAPI_mask.tif,mosaic_Cellbound1_z3_DAPI_mask.tif,1,1560,1150,0.75,336,814,1224,0.292,0.215,0.142,0.248
Embryo01,mosaic_Cellbound3_z3_DAPI_mask.tif,mosaic_Cellbound1_z3_DAPI_mask.tif,1,1560,1150,0.8,204,946,1356,0.177,0.131,0.081,0.151
Embryo01,mosaic_Cellbound3_z3_DAPI_mask.tif,mosaic_Cellbound1_z3_DAPI_mask.tif,1,1560,1150,0.85,84,1066,1476,0.073,0.054,0.032,0.062
Embryo01,mosaic_Cellbound3_z3_DAPI_mask.tif,mosaic_Cellbound1_z3_DAPI_mask.tif,1,1560,1150,0.9,16,1134,1544,0.014,0.01,0.006,0.012
Embryo01,mosaic_Cellbound3_z3_DAPI_mask.tif,mosaic_Cellbound1_z3_DAPI_mask.tif,1,1560,1150,0.95,0,1150,1560,0.0,0.0,0.0,
Embryo01,mosaic_Cellbound3_z3_DAPI_mask.tif,mosaic_Cellbound1_z3_DAPI_mask.tif,1,1560,1150,1.0,0,1150,1560,0.0,0.0,0.0,
Embryo01,mosaic_Cellbound3_z3_DAPI_mask.tif,mosaic_Cellbound2_z3_DAPI_mask.tif,1,1560,2534,0.5,651,1883,909,0.257,0.417,0.189,0.318
Embryo01,mosaic_Cellbound3_z3_DAPI_mask.tif,mosaic_Cellbound2_z3_DAPI_mask.tif,1,1560,2534,0.55,558,1976,1002,0.22,0.358,0.158,0.273
Embryo01,mosaic_Cellbound3_z3_DAPI_mask.tif,mosaic_Cellbound2_z3_DAPI_mask.tif,1,1560,2534,0.6,456,2078,1104,0.18,0.292,0.125,0.223
Embryo01,mosaic_Cellbound3_z3_DAPI_mask.tif,mosaic_Cellbound2_z3_DAPI_mask.tif,1,1560,2534,0.65,347,2187,1213,0.137,0.222,0.093,0.17
Embryo01,mosaic_Cellbound3_z3_DAPI_mask.tif,mosaic_Cellbound2_z3_DAPI_mask.tif,1,1560,2534,0.7,253,2281,1307,0.1,0.162,0.066,0.124
Embryo01,mosaic_Cellbound3_z3_DAPI_mask.tif,mosaic_Cellbound2_z3_DAPI_mask.tif,1,1560,2534,0.75,166,2368,1394,0.066,0.106,0.042,0.081
Embryo01,mosaic_Cellbound3_z3_DAPI_mask.tif,mosaic_Cellbound2_z3_DAPI_mask.tif,1,1560,2534,0.8,87,2447,1473,0.034,0.056,0.022,0.043
Embryo01,mosaic_Cellbound3_z3_DAPI_mask.tif,mosaic_Cellbound2_z3_DAPI_mask.tif,1,1560,2534,0.85,24,2510,1536,0.009,0.015,0.006,0.012
Embryo01,mosaic_Cellbound3_z3_DAPI_mask.tif,mosaic_Cellbound2_z3_DAPI_mask.tif,1,1560,2534,0.9,2,2532,1558,0.0007893,0.001,0.0004888,0.000977
Embryo01,mosaic_Cellbound3_z3_DAPI_mask.tif,mosaic_Cellbound2_z3_DAPI_mask.tif,1,1560,2534,0.95,0,2534,1560,0.0,0.0,0.0,
Embryo01,mosaic_Cellbound3_z3_DAPI_mask.tif,mosaic_Cellbound2_z3_DAPI_mask.tif,1,1560,2534,1.0,0,2534,1560,0.0,0.0,0.0,
Embryo01,mosaic_Cellbound3_z3_DAPI_mask.tif,mosaic_PolyT_z3_DAPI_mask.tif,1,1560,1278,0.5,803,475,757,0.628,0.515,0.395,0.566
Embryo01,mosaic_Cellbound3_z3_DAPI_mask.tif,mosaic_PolyT_z3_DAPI_mask.tif,1,1560,1278,0.55,725,553,835,0.567,0.465,0.343,0.511
Embryo01,mosaic_Cellbound3_z3_DAPI_mask.tif,mosaic_PolyT_z3_DAPI_mask.tif,1,1560,1278,0.6,649,629,911,0.508,0.416,0.296,0.457
Embryo01,mosaic_Cellbound3_z3_DAPI_mask.tif,mosaic_PolyT_z3_DAPI_mask.tif,1,1560,1278,0.65,555,723,1005,0.434,0.356,0.243,0.391
Embryo01,mosaic_Cellbound3_z3_DAPI_mask.tif,mosaic_PolyT_z3_DAPI_mask.tif,1,1560,1278,0.7,474,804,1086,0.371,0.304,0.201,0.334
Embryo01,mosaic_Cellbound3_z3_DAPI_mask.tif,mosaic_PolyT_z3_DAPI_mask.tif,1,1560,1278,0.75,348,930,1212,0.272,0.223,0.14,0.245
Embryo01,mosaic_Cellbound3_z3_DAPI_mask.tif,mosaic_PolyT_z3_DAPI_mask.tif,1,1560,1278,0.8,220,1058,1340,0.172,0.141,0.084,0.155
Embryo01,mosaic_Cellbound3_z3_DAPI_mask.tif,mosaic_PolyT_z3_DAPI_mask.tif,1,1560,1278,0.85,103,1175,1457,0.081,0.066,0.038,0.073
Embryo01,mosaic_Cellbound3_z3_DAPI_mask.tif,mosaic_PolyT_z3_DAPI_mask.tif,1,1560,1278,0.9,28,1250,1532,0.022,0.018,0.01,0.02
Embryo01,mosaic_Cellbound3_z3_DAPI_mask.tif,mosaic_PolyT_z3_DAPI_mask.tif,1,1560,1278,0.95,0,1278,1560,0.0,0.0,0.0,
Embryo01,mosaic_Cellbound3_z3_DAPI_mask.tif,mosaic_PolyT_z3_DAPI_mask.tif,1,1560,1278,1.0,0,1278,1560,0.0,0.0,0.0,
Embryo02,mosaic_Cellbound3_z3_DAPI_mask.tif,added_image_z3_DAPI_mask.tif,1,1894,1883,0.5,1602,281,292,0.851,0.846,0.737,0.848
Embryo02,mosaic_Cellbound3_z3_DAPI_mask.tif,added_image_z3_DAPI_mask.tif,1,1894,1883,0.55,1562,321,332,0.83,0.825,0.705,0.827
Embryo02,mosaic_Cellbound3_z3_DAPI_mask.tif,added_image_z3_DAPI_mask.tif,1,1894,1883,0.6,1524,359,370,0.809,0.805,0.676,0.807
Embryo02,mosaic_Cellbound3_z3_DAPI_mask.tif,added_image_z3_DAPI_mask.tif,1,1894,1883,0.65,1475,408,419,0.783,0.779,0.641,0.781
Embryo02,mosaic_Cellbound3_z3_DAPI_mask.tif,added_image_z3_DAPI_mask.tif,1,1894,1883,0.7,1414,469,480,0.751,0.747,0.598,0.749
Embryo02,mosaic_Cellbound3_z3_DAPI_mask.tif,added_image_z3_DAPI_mask.tif,1,1894,1883,0.75,1349,534,545,0.716,0.712,0.556,0.714
Embryo02,mosaic_Cellbound3_z3_DAPI_mask.tif,added_image_z3_DAPI_mask.tif,1,1894,1883,0.8,1252,631,642,0.665,0.661,0.496,0.663
Embryo02,mosaic_Cellbound3_z3_DAPI_mask.tif,added_image_z3_DAPI_mask.tif,1,1894,1883,0.85,1082,801,812,0.575,0.571,0.401,0.573
Embryo02,mosaic_Cellbound3_z3_DAPI_mask.tif,added_image_z3_DAPI_mask.tif,1,1894,1883,0.9,801,1082,1093,0.425,0.423,0.269,0.424
Embryo02,mosaic_Cellbound3_z3_DAPI_mask.tif,added_image_z3_DAPI_mask.tif,1,1894,1883,0.95,333,1550,1561,0.177,0.176,0.097,0.176
Embryo02,mosaic_Cellbound3_z3_DAPI_mask.tif,added_image_z3_DAPI_mask.tif,1,1894,1883,1.0,0,1883,1894,0.0,0.0,0.0,
Embryo02,mosaic_Cellbound3_z3_DAPI_mask.tif,average_image_z3_DAPI_mask.tif,1,1894,1883,0.5,1597,286,297,0.848,0.843,0.733,0.846
Embryo02,mosaic_Cellbound3_z3_DAPI_mask.tif,average_image_z3_DAPI_mask.tif,1,1894,1883,0.55,1556,327,338,0.826,0.822,0.701,0.824
Embryo02,mosaic_Cellbound3_z3_DAPI_mask.tif,average_image_z3_DAPI_mask.tif,1,1894,1883,0.6,1518,365,376,0.806,0.801,0.672,0.804
Embryo02,mosaic_Cellbound3_z3_DAPI_mask.tif,average_image_z3_DAPI_mask.tif,1,1894,1883,0.65,1471,412,423,0.781,0.777,0.638,0.779
Embryo02,mosaic_Cellbound3_z3_DAPI_mask.tif,average_image_z3_DAPI_mask.tif,1,1894,1883,0.7,1409,474,485,0.748,0.744,0.595,0.746
Embryo02,mosaic_Cellbound3_z3_DAPI_mask.tif,average_image_z3_DAPI_mask.tif,1,1894,1883,0.75,1341,542,553,0.712,0.708,0.55,0.71
Embryo02,mosaic_Cellbound3_z3_DAPI_mask.tif,average_image_z3_DAPI_mask.tif,1,1894,1883,0.8,1250,633,644,0.664,0.66,0.495,0.662
Embryo02,mosaic_Cellbound3_z3_DAPI_mask.tif,average_image_z3_DAPI_mask.tif,1,1894,1883,0.85,1075,808,819,0.571,0.568,0.398,0.569
Embryo02,mosaic_Cellbound3_z3_DAPI_mask.tif,average_image_z3_DAPI_mask.tif,1,1894,1883,0.9,798,1085,1096,0.424,0.421,0.268,0.423
Embryo02,mosaic_Cellbound3_z3_DAPI_mask.tif,average_image_z3_DAPI_mask.tif,1,1894,1883,0.95,325,1558,1569,0.173,0.172,0.094,0.172
Embryo02,mosaic_Cellbound3_z3_DAPI_mask.tif,average_image_z3_DAPI_mask.tif,1,1894,1883,1.0,0,1883,1894,0.0,0.0,0.0,
Embryo02,mosaic_Cellbound3_z3_DAPI_mask.tif,max_image_z3_DAPI_mask.tif,1,1894,1742,0.5,1442,300,452,0.828,0.761,0.657,0.793
Embryo02,mosaic_Cellbound3_z3_DAPI_mask.tif,max_image_z3_DAPI_mask.tif,1,1894,1742,0.55,1405,337,489,0.807,0.742,0.63,0.773
Embryo02,mosaic_Cellbound3_z3_DAPI_mask.tif,max_image_z3_DAPI_mask.tif,1,1894,1742,0.6,1347,395,547,0.773,0.711,0.588,0.741
Embryo02,mosaic_Cellbound3_z3_DAPI_mask.tif,max_image_z3_DAPI_mask.tif,1,1894,1742,0.65,1268,474,626,0.728,0.669,0.535,0.697
Embryo02,mosaic_Cellbound3_z3_DAPI_mask.tif,max_image_z3_DAPI_mask.tif,1,1894,1742,0.7,1194,548,700,0.685,0.63,0.489,0.657
Embryo02,mosaic_Cellbound3_z3_DAPI_mask.tif,max_image_z3_DAPI_mask.tif,1,1894,1742,0.75,1080,662,814,0.62,0.57,0.423,0.594
Embryo02,mosaic_Cellbound3_z3_DAPI_mask.tif,max_image_z3_DAPI_mask.tif,1,1894,1742,0.8,965,777,929,0.554,0.51,0.361,0.531
Embryo02,mosaic_Cellbound3_z3_DAPI_mask.tif,max_image_z3_DAPI_mask.tif,1,1894,1742,0.85,790,952,1104,0.454,0.417,0.278,0.435
Embryo02,mosaic_Cellbound3_z3_DAPI_mask.tif,max_image_z3_DAPI_mask.tif,1,1894,1742,0.9,571,1171,1323,0.328,0.301,0.186,0.314
Embryo02,mosaic_Cellbound3_z3_DAPI_mask.tif,max_image_z3_DAPI_mask.tif,1,1894,1742,0.95,309,1433,1585,0.177,0.163,0.093,0.17
Embryo02,mosaic_Cellbound3_z3_DAPI_mask.tif,max_image_z3_DAPI_mask.tif,1,1894,1742,1.0,0,1742,1894,0.0,0.0,0.0,
Embryo02,mosaic_Cellbound3_z3_DAPI_mask.tif,mosaic_Cellbound1_z3_DAPI_mask.tif,1,1894,1460,0.5,1000,460,894,0.685,0.528,0.425,0.596
Embryo02,mosaic_Cellbound3_z3_DAPI_mask.tif,mosaic_Cellbound1_z3_DAPI_mask.tif,1,1894,1460,0.55,929,531,965,0.636,0.49,0.383,0.554
Embryo02,mosaic_Cellbound3_z3_DAPI_mask.tif,mosaic_Cellbound1_z3_DAPI_mask.tif,1,1894,1460,0.6,827,633,1067,0.566,0.437,0.327,0.493
Embryo02,mosaic_Cellbound3_z3_DAPI_mask.tif,mosaic_Cellbound1_z3_DAPI_mask.tif,1,1894,1460,0.65,722,738,1172,0.495,0.381,0.274,0.431
Embryo02,mosaic_Cellbound3_z3_DAPI_mask.tif,mosaic_Cellbound1_z3_DAPI_mask.tif,1,1894,1460,0.7,586,874,1308,0.401,0.309,0.212,0.349
Embryo02,mosaic_Cellbound3_z3_DAPI_mask.tif,mosaic_Cellbound1_z3_DAPI_mask.tif,1,1894,1460,0.75,437,1023,1457,0.299,0.231,0.15,0.261
Embryo02,mosaic_Cellbound3_z3_DAPI_mask.tif,mosaic_Cellbound1_z3_DAPI_mask.tif,1,1894,1460,0.8,285,1175,1609,0.195,0.15,0.093,0.17
Embryo02,mosaic_Cellbound3_z3_DAPI_mask.tif,mosaic_Cellbound1_z3_DAPI_mask.tif,1,1894,1460,0.85,130,1330,1764,0.089,0.069,0.04,0.078
Embryo02,mosaic_Cellbound3_z3_DAPI_mask.tif,mosaic_Cellbound1_z3_DAPI_mask.tif,1,1894,1460,0.9,28,1432,1866,0.019,0.015,0.008,0.017
Embryo02,mosaic_Cellbound3_z3_DAPI_mask.tif,mosaic_Cellbound1_z3_DAPI_mask.tif,1,1894,1460,0.95,0,1460,1894,0.0,0.0,0.0,
Embryo02,mosaic_Cellbound3_z3_DAPI_mask.tif,mosaic_Cellbound1_z3_DAPI_mask.tif,1,1894,1460,1.0,0,1460,1894,0.0,0.0,0.0,
Embryo02,mosaic_Cellbound3_z3_DAPI_mask.tif,mosaic_Cellbound2_z3_DAPI_mask.tif,1,1894,2426,0.5,826,1600,1068,0.34,0.436,0.236,0.382
Embryo02,mosaic_Cellbound3_z3_DAPI_mask.tif,mosaic_Cellbound2_z3_DAPI_mask.tif,1,1894,2426,0.55,678,1748,1216,0.279,0.358,0.186,0.314
Embryo02,mosaic_Cellbound3_z3_DAPI_mask.tif,mosaic_Cellbound2_z3_DAPI_mask.tif,1,1894,2426,0.6,548,1878,1346,0.226,0.289,0.145,0.254
Embryo02,mosaic_Cellbound3_z3_DAPI_mask.tif,mosaic_Cellbound2_z3_DAPI_mask.tif,1,1894,2426,0.65,431,1995,1463,0.178,0.228,0.111,0.2
Embryo02,mosaic_Cellbound3_z3_DAPI_mask.tif,mosaic_Cellbound2_z3_DAPI_mask.tif,1,1894,2426,0.7,310,2116,1584,0.128,0.164,0.077,0.144
Embryo02,mosaic_Cellbound3_z3_DAPI_mask.tif,mosaic_Cellbound2_z3_DAPI_mask.tif,1,1894,2426,0.75,219,2207,1675,0.09,0.116,0.053,0.101
Embryo02,mosaic_Cellbound3_z3_DAPI_mask.tif,mosaic_Cellbound2_z3_DAPI_mask.tif,1,1894,2426,0.8,129,2297,1765,0.053,0.068,0.031,0.06
Embryo02,mosaic_Cellbound3_z3_DAPI_mask.tif,mosaic_Cellbound2_z3_DAPI_mask.tif,1,1894,2426,0.85,53,2373,1841,0.022,0.028,0.012,0.025
Embryo02,mosaic_Cellbound3_z3_DAPI_mask.tif,mosaic_Cellbound2_z3_DAPI_mask.tif,1,1894,2426,0.9,6,2420,1888,0.002,0.003,0.001,0.003
Embryo02,mosaic_Cellbound3_z3_DAPI_mask.tif,mosaic_Cellbound2_z3_DAPI_mask.tif,1,1894,2426,0.95,0,2426,1894,0.0,0.0,0.0,
Embryo02,mosaic_Cellbound3_z3_DAPI_mask.tif,mosaic_Cellbound2_z3_DAPI_mask.tif,1,1894,2426,1.0,0,2426,1894,0.0,0.0,0.0,
Embryo02,mosaic_Cellbound3_z3_DAPI_mask.tif,mosaic_PolyT_z3_DAPI_mask.tif,1,1894,1390,0.5,938,452,956,0.675,0.495,0.4,0.571
Embryo02,mosaic_Cellbound3_z3_DAPI_mask.tif,mosaic_PolyT_z3_DAPI_mask.tif,1,1894,1390,0.55,855,535,1039,0.615,0.451,0.352,0.521
Embryo02,mosaic_Cellbound3_z3_DAPI_mask.tif,mosaic_PolyT_z3_DAPI_mask.tif,1,1894,1390,0.6,731,659,1163,0.526,0.386,0.286,0.445
Embryo02,mosaic_Cellbound3_z3_DAPI_mask.tif,mosaic_PolyT_z3_DAPI_mask.tif,1,1894,1390,0.65,629,761,1265,0.453,0.332,0.237,0.383
Embryo02,mosaic_Cellbound3_z3_DAPI_mask.tif,mosaic_PolyT_z3_DAPI_mask.tif,1,1894,1390,0.7,537,853,1357,0.386,0.284,0.195,0.327
Embryo02,mosaic_Cellbound3_z3_DAPI_mask.tif,mosaic_PolyT_z3_DAPI_mask.tif,1,1894,1390,0.75,394,996,1500,0.283,0.208,0.136,0.24
Embryo02,mosaic_Cellbound3_z3_DAPI_mask.tif,mosaic_PolyT_z3_DAPI_mask.tif,1,1894,1390,0.8,238,1152,1656,0.171,0.126,0.078,0.145
Embryo02,mosaic_Cellbound3_z3_DAPI_mask.tif,mosaic_PolyT_z3_DAPI_mask.tif,1,1894,1390,0.85,118,1272,1776,0.085,0.062,0.037,0.072
Embryo02,mosaic_Cellbound3_z3_DAPI_mask.tif,mosaic_PolyT_z3_DAPI_mask.tif,1,1894,1390,0.9,30,1360,1864,0.022,0.016,0.009,0.018
Embryo02,mosaic_Cellbound3_z3_DAPI_mask.tif,mosaic_PolyT_z3_DAPI_mask.tif,1,1894,1390,0.95,0,1390,1894,0.0,0.0,0.0,
Embryo02,mosaic_Cellbound3_z3_DAPI_mask.tif,mosaic_PolyT_z3_DAPI_mask.tif,1,1894,1390,1.0,0,1390,1894,0.0,0.0,0.0,
Embryo03,mosaic_Cellbound3_z3_DAPI_mask.tif,added_image_z3_DAPI_mask.tif,1,1723,1685,0.5,1449,236,274,0.86,0.841,0.74,0.85
Embryo03,mosaic_Cellbound3_z3_DAPI_mask.tif,added_image_z3_DAPI_mask.tif,1,1723,1685,0.55,1414,271,309,0.839,0.821,0.709,0.83
Embryo03,mosaic_Cellbound3_z3_DAPI_mask.tif,added_image_z3_DAPI_mask.tif,1,1723,1685,0.6,1376,309,347,0.817,0.799,0.677,0.808
Embryo03,mosaic_Cellbound3_z3_DAPI_mask.tif,added_image_z3_DAPI_mask.tif,1,1723,1685,0.65,1329,356,394,0.789,0.771,0.639,0.78
Embryo03,mosaic_Cellbound3_z3_DAPI_mask.tif,added_image_z3_DAPI_mask.tif,1,1723,1685,0.7,1277,408,446,0.758,0.741,0.599,0.749
Embryo03,mosaic_Cellbound3_z3_DAPI_mask.tif,added_image_z3_DAPI_mask.tif,1,1723,1685,0.75,1228,457,495,0.729,0.713,0.563,0.721
Embryo03,mosaic_Cellbound3_z3_DAPI_mask.tif,added_image_z3_DAPI_mask.tif,1,1723,1685,0.8,1133,552,590,0.672,0.658,0.498,0.665
Embryo03,mosaic_Cellbound3_z3_DAPI_mask.tif,added_image_z3_DAPI_mask.tif,1,1723,1685,0.85,980,705,743,0.582,0.569,0.404,0.575
Embryo03,mosaic_Cellbound3_z3_DAPI_mask.tif,added_image_z3_DAPI_mask.tif,1,1723,1685,0.9,719,966,1004,0.427,0.417,0.267,0.422
Embryo03,mosaic_Cellbound3_z3_DAPI_mask.tif,added_image_z3_DAPI_mask.tif,1,1723,1685,0.95,277,1408,1446,0.164,0.161,0.088,0.163
Embryo03,mosaic_Cellbound3_z3_DAPI_mask.tif,added_image_z3_DAPI_mask.tif,1,1723,1685,1.0,0,1685,1723,0.0,0.0,0.0,
Embryo03,mosaic_Cellbound3_z3_DAPI_mask.tif,average_image_z3_DAPI_mask.tif,1,1723,1691,0.5,1451,240,272,0.858,0.842,0.739,0.85
Embryo03,mosaic_Cellbound3_z3_DAPI_mask.tif,average_image_z3_DAPI_mask.tif,1,1723,1691,0.55,1418,273,305,0.839,0.823,0.71,0.831
Embryo03,mosaic_Cellbound3_z3_DAPI_mask.tif,average_image_z3_DAPI_mask.tif,1,1723,1691,0.6,1375,316,348,0.813,0.798,0.674,0.806
Embryo03,mosaic_Cellbound3_z3_DAPI_mask.tif,average_image_z3_DAPI_mask.tif,1,1723,1691,0.65,1330,361,393,0.787,0.772,0.638,0.779
Embryo03,mosaic_Cellbound3_z3_DAPI_mask.tif,average_image_z3_DAPI_mask.tif,1,1723,1691,0.7,1269,422,454,0.75,0.737,0.592,0.743
Embryo03,mosaic_Cellbound3_z3_DAPI_mask.tif,average_image_z3_DAPI_mask.tif,1,1723,1691,0.75,1217,474,506,0.72,0.706,0.554,0.713
Embryo03,mosaic_Cellbound3_z3_DAPI_mask.tif,average_image_z3_DAPI_mask.tif,1,1723,1691,0.8,1118,573,605,0.661,0.649,0.487,0.655
Embryo03,mosaic_Cellbound3_z3_DAPI_mask.tif,average_image_z3_DAPI_mask.tif,1,1723,1691,0.85,970,721,753,0.574,0.563,0.397,0.568
Embryo03,mosaic_Cellbound3_z3_DAPI_mask.tif,average_image_z3_DAPI_mask.tif,1,1723,1691,0.9,713,978,1010,0.422,0.414,0.264,0.418
Embryo03,mosaic_Cellbound3_z3_DAPI_mask.tif,average_image_z3_DAPI_mask.tif,1,1723,1691,0.95,263,1428,1460,0.156,0.153,0.083,0.154
Embryo03,mosaic_Cellbound3_z3_DAPI_mask.tif,average_image_z3_DAPI_mask.tif,1,1723,1691,1.0,0,1691,1723,0.0,0.0,0.0,
Embryo03,mosaic_Cellbound3_z3_DAPI_mask.tif,max_image_z3_DAPI_mask.tif,1,1723,1464,0.5,1298,166,425,0.887,0.753,0.687,0.815
Embryo03,mosaic_Cellbound3_z3_DAPI_mask.tif,max_image_z3_DAPI_mask.tif,1,1723,1464,0.55,1257,207,466,0.859,0.73,0.651,0.789
Embryo03,mosaic_Cellbound3_z3_DAPI_mask.tif,max_image_z3_DAPI_mask.tif,1,1723,1464,0.6,1212,252,511,0.828,0.703,0.614,0.761
Embryo03,mosaic_Cellbound3_z3_DAPI_mask.tif,max_image_z3_DAPI_mask.tif,1,1723,1464,0.65,1149,315,574,0.785,0.667,0.564,0.721
Embryo03,mosaic_Cellbound3_z3_DAPI_mask.tif,max_image_z3_DAPI_mask.tif,1,1723,1464,0.7,1085,379,638,0.741,0.63,0.516,0.681
Embryo03,mosaic_Cellbound3_z3_DAPI_mask.tif,max_image_z3_DAPI_mask.tif,1,1723,1464,0.75,1007,457,716,0.688,0.584,0.462,0.632
Embryo03,mosaic_Cellbound3_z3_DAPI_mask.tif,max_image_z3_DAPI_mask.tif,1,1723,1464,0.8,891,573,832,0.609,0.517,0.388,0.559
Embryo03,mosaic_Cellbound3_z3_DAPI_mask.tif,max_image_z3_DAPI_mask.tif,1,1723,1464,0.85,737,727,986,0.503,0.428,0.301,0.463
Embryo03,mosaic_Cellbound3_z3_DAPI_mask.tif,max_image_z3_DAPI_mask.tif,1,1723,1464,0.9,527,937,1196,0.36,0.306,0.198,0.331
Embryo03,mosaic_Cellbound3_z3_DAPI_mask.tif,max_image_z3_DAPI_mask.tif,1,1723,1464,0.95,247,1217,1476,0.169,0.143,0.084,0.155
Embryo03,mosaic_Cellbound3_z3_DAPI_mask.tif,max_image_z3_DAPI_mask.tif,1,1723,1464,1.0,0,1464,1723,0.0,0.0,0.0,
Embryo03,mosaic_Cellbound3_z3_DAPI_mask.tif,mosaic_Cellbound1_z3_DAPI_mask.tif,1,1723,961,0.5,774,187,949,0.805,0.449,0.405,0.577
Embryo03,mosaic_Cellbound3_z3_DAPI_mask.tif,mosaic_Cellbound1_z3_DAPI_mask.tif,1,1723,961,0.55,719,242,1004,0.748,0.417,0.366,0.536
Embryo03,mosaic_Cellbound3_z3_DAPI_mask.tif,mosaic_Cellbound1_z3_DAPI_mask.tif,1,1723,961,0.6,662,299,1061,0.689,0.384,0.327,0.493
Embryo03,mosaic_Cellbound3_z3_DAPI_mask.tif,mosaic_Cellbound1_z3_DAPI_mask.tif,1,1723,961,0.65,590,371,1133,0.614,0.342,0.282,0.44
Embryo03,mosaic_Cellbound3_z3_DAPI_mask.tif,mosaic_Cellbound1_z3_DAPI_mask.tif,1,1723,961,0.7,500,461,1223,0.52,0.29,0.229,0.373
Embryo03,mosaic_Cellbound3_z3_DAPI_mask.tif,mosaic_Cellbound1_z3_DAPI_mask.tif,1,1723,961,0.75,384,577,1339,0.4,0.223,0.167,0.286
Embryo03,mosaic_Cellbound3_z3_DAPI_mask.tif,mosaic_Cellbound1_z3_DAPI_mask.tif,1,1723,961,0.8,266,695,1457,0.277,0.154,0.11,0.198
Embryo03,mosaic_Cellbound3_z3_DAPI_mask.tif,mosaic_Cellbound1_z3_DAPI_mask.tif,1,1723,961,0.85,135,826,1588,0.14,0.078,0.053,0.101
Embryo03,mosaic_Cellbound3_z3_DAPI_mask.tif,mosaic_Cellbound1_z3_DAPI_mask.tif,1,1723,961,0.9,40,921,1683,0.042,0.023,0.015,0.03
Embryo03,mosaic_Cellbound3_z3_DAPI_mask.tif,mosaic_Cellbound1_z3_DAPI_mask.tif,1,1723,961,0.95,1,960,1722,0.001,0.0005804,0.0003727,0.0007452
Embryo03,mosaic_Cellbound3_z3_DAPI_mask.tif,mosaic_Cellbound1_z3_DAPI_mask.tif,1,1723,961,1.0,0,961,1723,0.0,0.0,0.0,
Embryo03,mosaic_Cellbound3_z3_DAPI_mask.tif,mosaic_Cellbound2_z3_DAPI_mask.tif,1,1723,3316,0.5,663,2653,1060,0.2,0.385,0.152,0.263
Embryo03,mosaic_Cellbound3_z3_DAPI_mask.tif,mosaic_Cellbound2_z3_DAPI_mask.tif,1,1723,3316,0.55,557,2759,1166,0.168,0.323,0.124,0.221
Embryo03,mosaic_Cellbound3_z3_DAPI_mask.tif,mosaic_Cellbound2_z3_DAPI_mask.tif,1,1723,3316,0.6,462,2854,1261,0.139,0.268,0.101,0.183
Embryo03,mosaic_Cellbound3_z3_DAPI_mask.tif,mosaic_Cellbound2_z3_DAPI_mask.tif,1,1723,3316,0.65,368,2948,1355,0.111,0.214,0.079,0.146
Embryo03,mosaic_Cellbound3_z3_DAPI_mask.tif,mosaic_Cellbound2_z3_DAPI_mask.tif,1,1723,3316,0.7,269,3047,1454,0.081,0.156,0.056,0.107
Embryo03,mosaic_Cellbound3_z3_DAPI_mask.tif,mosaic_Cellbound2_z3_DAPI_mask.tif,1,1723,3316,0.75,176,3140,1547,0.053,0.102,0.036,0.07
Embryo03,mosaic_Cellbound3_z3_DAPI_mask.tif,mosaic_Cellbound2_z3_DAPI_mask.tif,1,1723,3316,0.8,96,3220,1627,0.029,0.056,0.019,0.038
Embryo03,mosaic_Cellbound3_z3_DAPI_mask.tif,mosaic_Cellbound2_z3_DAPI_mask.tif,1,1723,3316,0.85,32,3284,1691,0.01,0.019,0.006,0.013
Embryo03,mosaic_Cellbound3_z3_DAPI_mask.tif,mosaic_Cellbound2_z3_DAPI_mask.tif,1,1723,3316,0.9,5,3311,1718,0.002,0.003,0.0009932,0.002
Embryo03,mosaic_Cellbound3_z3_DAPI_mask.tif,mosaic_Cellbound2_z3_DAPI_mask.tif,1,1723,3316,0.95,0,3316,1723,0.0,0.0,0.0,
Embryo03,mosaic_Cellbound3_z3_DAPI_mask.tif,mosaic_Cellbound2_z3_DAPI_mask.tif,1,1723,3316,1.0,0,3316,1723,0.0,0.0,0.0,
Embryo03,mosaic_Cellbound3_z3_DAPI_mask.tif,mosaic_PolyT_z3_DAPI_mask.tif,1,1723,1441,0.5,943,498,780,0.654,0.547,0.425,0.596
Embryo03,mosaic_Cellbound3_z3_DAPI_mask.tif,mosaic_PolyT_z3_DAPI_mask.tif,1,1723,1441,0.55,890,551,833,0.618,0.517,0.391,0.563
Embryo03,mosaic_Cellbound3_z3_DAPI_mask.tif,mosaic_PolyT_z3_DAPI_mask.tif,1,1723,1441,0.6,813,628,910,0.564,0.472,0.346,0.514
Embryo03,mosaic_Cellbound3_z3_DAPI_mask.tif,mosaic_PolyT_z3_DAPI_mask.tif,1,1723,1441,0.65,733,708,990,0.509,0.425,0.302,0.463
Embryo03,mosaic_Cellbound3_z3_DAPI_mask.tif,mosaic_PolyT_z3_DAPI_mask.tif,1,1723,1441,0.7,621,820,1102,0.431,0.36,0.244,0.393
Embryo03,mosaic_Cellbound3_z3_DAPI_mask.tif,mosaic_PolyT_z3_DAPI_mask.tif,1,1723,1441,0.75,516,925,1207,0.358,0.299,0.195,0.326
Embryo03,mosaic_Cellbound3_z3_DAPI_mask.tif,mosaic_PolyT_z3_DAPI_mask.tif,1,1723,1441,0.8,366,1075,1357,0.254,0.212,0.131,0.231
Embryo03,mosaic_Cellbound3_z3_DAPI_mask.tif,mosaic_PolyT_z3_DAPI_mask.tif,1,1723,1441,0.85,185,1256,1538,0.128,0.107,0.062,0.117
Embryo03,mosaic_Cellbound3_z3_DAPI_mask.tif,mosaic_PolyT_z3_DAPI_mask.tif,1,1723,1441,0.9,48,1393,1675,0.033,0.028,0.015,0.03
Embryo03,mosaic_Cellbound3_z3_DAPI_mask.tif,mosaic_PolyT_z3_DAPI_mask.tif,1,1723,1441,0.95,1,1440,1722,0.000694,0.0005804,0.0003162,0.0006321
Embryo03,mosaic_Cellbound3_z3_DAPI_mask.tif,mosaic_PolyT_z3_DAPI_mask.tif,1,1723,1441,1.0,0,1441,1723,0.0,0.0,0.0,
Embryo04,mosaic_Cellbound3_z3_DAPI_mask.tif,added_image_z3_DAPI_mask.tif,1,1045,1145,0.5,819,326,226,0.715,0.784,0.597,0.748
Embryo04,mosaic_Cellbound3_z3_DAPI_mask.tif,added_image_z3_DAPI_mask.tif,1,1045,1145,0.55,801,344,244,0.7,0.767,0.577,0.732
Embryo04,mosaic_Cellbound3_z3_DAPI_mask.tif,added_image_z3_DAPI_mask.tif,1,1045,1145,0.6,775,370,270,0.677,0.742,0.548,0.708
Embryo04,mosaic_Cellbound3_z3_DAPI_mask.tif,added_image_z3_DAPI_mask.tif,1,1045,1145,0.65,748,397,297,0.653,0.716,0.519,0.683
Embryo04,mosaic_Cellbound3_z3_DAPI_mask.tif,added_image_z3_DAPI_mask.tif,1,1045,1145,0.7,713,432,332,0.623,0.682,0.483,0.651
Embryo04,mosaic_Cellbound3_z3_DAPI_mask.tif,added_image_z3_DAPI_mask.tif,1,1045,1145,0.75,679,466,366,0.593,0.65,0.449,0.62
Embryo04,mosaic_Cellbound3_z3_DAPI_mask.tif,added_image_z3_DAPI_mask.tif,1,1045,1145,0.8,626,519,419,0.547,0.599,0.4,0.572
Embryo04,mosaic_Cellbound3_z3_DAPI_mask.tif,added_image_z3_DAPI_mask.tif,1,1045,1145,0.85,539,606,506,0.471,0.516,0.326,0.492
Embryo04,mosaic_Cellbound3_z3_DAPI_mask.tif,added_image_z3_DAPI_mask.tif,1,1045,1145,0.9,387,758,658,0.338,0.37,0.215,0.353
Embryo04,mosaic_Cellbound3_z3_DAPI_mask.tif,added_image_z3_DAPI_mask.tif,1,1045,1145,0.95,154,991,891,0.134,0.147,0.076,0.141
Embryo04,mosaic_Cellbound3_z3_DAPI_mask.tif,added_image_z3_DAPI_mask.tif,1,1045,1145,1.0,0,1145,1045,0.0,0.0,0.0,
Embryo04,mosaic_Cellbound3_z3_DAPI_mask.tif,average_image_z3_DAPI_mask.tif,1,1045,1135,0.5,825,310,220,0.727,0.789,0.609,0.757
Embryo04,mosaic_Cellbound3_z3_DAPI_mask.tif,average_image_z3_DAPI_mask.tif,1,1045,1135,0.55,807,328,238,0.711,0.772,0.588,0.74
Embryo04,mosaic_Cellbound3_z3_DAPI_mask.tif,average_image_z3_DAPI_mask.tif,1,1045,1135,0.6,782,353,263,0.689,0.748,0.559,0.717
Embryo04,mosaic_Cellbound3_z3_DAPI_mask.tif,average_image_z3_DAPI_mask.tif,1,1045,1135,0.65,756,379,289,0.666,0.723,0.531,0.694
Embryo04,mosaic_Cellbound3_z3_DAPI_mask.tif,average_image_z3_DAPI_mask.tif,1,1045,1135,0.7,720,415,325,0.634,0.689,0.493,0.661
Embryo04,mosaic_Cellbound3_z3_DAPI_mask.tif,average_image_z3_DAPI_mask.tif,1,1045,1135,0.75,689,446,356,0.607,0.659,0.462,0.632
Embryo04,mosaic_Cellbound3_z3_DAPI_mask.tif,average_image_z3_DAPI_mask.tif,1,1045,1135,0.8,629,506,416,0.554,0.602,0.406,0.577
Embryo04,mosaic_Cellbound3_z3_DAPI_mask.tif,average_image_z3_DAPI_mask.tif,1,1045,1135,0.85,545,590,500,0.48,0.522,0.333,0.5
Embryo04,mosaic_Cellbound3_z3_DAPI_mask.tif,average_image_z3_DAPI_mask.tif,1,1045,1135,0.9,383,752,662,0.337,0.367,0.213,0.351
Embryo04,mosaic_Cellbound3_z3_DAPI_mask.tif,average_image_z3_DAPI_mask.tif,1,1045,1135,0.95,150,985,895,0.132,0.144,0.074,0.138
Embryo04,mosaic_Cellbound3_z3_DAPI_mask.tif,average_image_z3_DAPI_mask.tif,1,1045,1135,1.0,0,1135,1045,0.0,0.0,0.0,
Embryo04,mosaic_Cellbound3_z3_DAPI_mask.tif,max_image_z3_DAPI_mask.tif,1,1045,897,0.5,732,165,313,0.816,0.7,0.605,0.754
Embryo04,mosaic_Cellbound3_z3_DAPI_mask.tif,max_image_z3_DAPI_mask.tif,1,1045,897,0.55,712,185,333,0.794,0.681,0.579,0.733
Embryo04,mosaic_Cellbound3_z3_DAPI_mask.tif,max_image_z3_DAPI_mask.tif,1,1045,897,0.6,685,212,360,0.764,0.656,0.545,0.705
Embryo04,mosaic_Cellbound3_z3_DAPI_mask.tif,max_image_z3_DAPI_mask.tif,1,1045,897,0.65,657,240,388,0.732,0.629,0.511,0.677
Embryo04,mosaic_Cellbound3_z3_DAPI_mask.tif,max_image_z3_DAPI_mask.tif,1,1045,897,0.7,617,280,428,0.688,0.59,0.466,0.635
Embryo04,mosaic_Cellbound3_z3_DAPI_mask.tif,max_image_z3_DAPI_mask.tif,1,1045,897,0.75,569,328,476,0.634,0.544,0.414,0.586
Embryo04,mosaic_Cellbound3_z3_DAPI_mask.tif,max_image_z3_DAPI_mask.tif,1,1045,897,0.8,508,389,537,0.566,0.486,0.354,0.523
Embryo04,mosaic_Cellbound3_z3_DAPI_mask.tif,max_image_z3_DAPI_mask.tif,1,1045,897,0.85,438,459,607,0.488,0.419,0.291,0.451
Embryo04,mosaic_Cellbound3_z3_DAPI_mask.tif,max_image_z3_DAPI_mask.tif,1,1045,897,0.9,330,567,715,0.368,0.316,0.205,0.34
Embryo04,mosaic_Cellbound3_z3_DAPI_mask.tif,max_image_z3_DAPI_mask.tif,1,1045,897,0.95,187,710,858,0.208,0.179,0.107,0.193
Embryo04,mosaic_Cellbound3_z3_DAPI_mask.tif,max_image_z3_DAPI_mask.tif,1,1045,897,1.0,0,897,1045,0.0,0.0,0.0,
Embryo04,mosaic_Cellbound3_z3_DAPI_mask.tif,mosaic_Cellbound1_z3_DAPI_mask.tif,1,1045,818,0.5,460,358,585,0.562,0.44,0.328,0.494
Embryo04,mosaic_Cellbound3_z3_DAPI_mask.tif,mosaic_Cellbound1_z3_DAPI_mask.tif,1,1045,818,0.55,429,389,616,0.524,0.411,0.299,0.461
Embryo04,mosaic_Cellbound3_z3_DAPI_mask.tif,mosaic_Cellbound1_z3_DAPI_mask.tif,1,1045,818,0.6,386,432,659,0.472,0.369,0.261,0.414
Embryo04,mosaic_Cellbound3_z3_DAPI_mask.tif,mosaic_Cellbound1_z3_DAPI_mask.tif,1,1045,818,0.65,326,492,719,0.399,0.312,0.212,0.35
Embryo04,mosaic_Cellbound3_z3_DAPI_mask.tif,mosaic_Cellbound1_z3_DAPI_mask.tif,1,1045,818,0.7,283,535,762,0.346,0.271,0.179,0.304
Embryo04,mosaic_Cellbound3_z3_DAPI_mask.tif,mosaic_Cellbound1_z3_DAPI_mask.tif,1,1045,818,0.75,237,581,808,0.29,0.227,0.146,0.254
Embryo04,mosaic_Cellbound3_z3_DAPI_mask.tif,mosaic_Cellbound1_z3_DAPI_mask.tif,1,1045,818,0.8,183,635,862,0.224,0.175,0.109,0.196
Embryo04,mosaic_Cellbound3_z3_DAPI_mask.tif,mosaic_Cellbound1_z3_DAPI_mask.tif,1,1045,818,0.85,91,727,954,0.111,0.087,0.051,0.098
Embryo04,mosaic_Cellbound3_z3_DAPI_mask.tif,mosaic_Cellbound1_z3_DAPI_mask.tif,1,1045,818,0.9,28,790,1017,0.034,0.027,0.015,0.03
Embryo04,mosaic_Cellbound3_z3_DAPI_mask.tif,mosaic_Cellbound1_z3_DAPI_mask.tif,1,1045,818,0.95,0,818,1045,0.0,0.0,0.0,
Embryo04,mosaic_Cellbound3_z3_DAPI_mask.tif,mosaic_Cellbound1_z3_DAPI_mask.tif,1,1045,818,1.0,0,818,1045,0.0,0.0,0.0,
Embryo04,mosaic_Cellbound3_z3_DAPI_mask.tif,mosaic_Cellbound2_z3_DAPI_mask.tif,1,1045,3182,0.5,364,2818,681,0.114,0.348,0.094,0.172
Embryo04,mosaic_Cellbound3_z3_DAPI_mask.tif,mosaic_Cellbound2_z3_DAPI_mask.tif,1,1045,3182,0.55,304,2878,741,0.096,0.291,0.077,0.144
Embryo04,mosaic_Cellbound3_z3_DAPI_mask.tif,mosaic_Cellbound2_z3_DAPI_mask.tif,1,1045,3182,0.6,257,2925,788,0.081,0.246,0.065,0.122
Embryo04,mosaic_Cellbound3_z3_DAPI_mask.tif,mosaic_Cellbound2_z3_DAPI_mask.tif,1,1045,3182,0.65,201,2981,844,0.063,0.192,0.05,0.095
Embryo04,mosaic_Cellbound3_z3_DAPI_mask.tif,mosaic_Cellbound2_z3_DAPI_mask.tif,1,1045,3182,0.7,144,3038,901,0.045,0.138,0.035,0.068
Embryo04,mosaic_Cellbound3_z3_DAPI_mask.tif,mosaic_Cellbound2_z3_DAPI_mask.tif,1,1045,3182,0.75,84,3098,961,0.026,0.08,0.02,0.04
Embryo04,mosaic_Cellbound3_z3_DAPI_mask.tif,mosaic_Cellbound2_z3_DAPI_mask.tif,1,1045,3182,0.8,51,3131,994,0.016,0.049,0.012,0.024
Embryo04,mosaic_Cellbound3_z3_DAPI_mask.tif,mosaic_Cellbound2_z3_DAPI_mask.tif,1,1045,3182,0.85,24,3158,1021,0.008,0.023,0.006,0.011
Embryo04,mosaic_Cellbound3_z3_DAPI_mask.tif,mosaic_Cellbound2_z3_DAPI_mask.tif,1,1045,3182,0.9,6,3176,1039,0.002,0.006,0.001,0.003
Embryo04,mosaic_Cellbound3_z3_DAPI_mask.tif,mosaic_Cellbound2_z3_DAPI_mask.tif,1,1045,3182,0.95,0,3182,1045,0.0,0.0,0.0,
Embryo04,mosaic_Cellbound3_z3_DAPI_mask.tif,mosaic_Cellbound2_z3_DAPI_mask.tif,1,1045,3182,1.0,0,3182,1045,0.0,0.0,0.0,
Embryo04,mosaic_Cellbound3_z3_DAPI_mask.tif,mosaic_PolyT_z3_DAPI_mask.tif,1,1045,710,0.5,457,253,588,0.644,0.437,0.352,0.521
Embryo04,mosaic_Cellbound3_z3_DAPI_mask.tif,mosaic_PolyT_z3_DAPI_mask.tif,1,1045,710,0.55,426,284,619,0.6,0.408,0.321,0.485
Embryo04,mosaic_Cellbound3_z3_DAPI_mask.tif,mosaic_PolyT_z3_DAPI_mask.tif,1,1045,710,0.6,393,317,652,0.554,0.376,0.289,0.448
Embryo04,mosaic_Cellbound3_z3_DAPI_mask.tif,mosaic_PolyT_z3_DAPI_mask.tif,1,1045,710,0.65,351,359,694,0.494,0.336,0.25,0.4
Embryo04,mosaic_Cellbound3_z3_DAPI_mask.tif,mosaic_PolyT_z3_DAPI_mask.tif,1,1045,710,0.7,290,420,755,0.408,0.278,0.198,0.33
Embryo04,mosaic_Cellbound3_z3_DAPI_mask.tif,mosaic_PolyT_z3_DAPI_mask.tif,1,1045,710,0.75,238,472,807,0.335,0.228,0.157,0.271
Embryo04,mosaic_Cellbound3_z3_DAPI_mask.tif,mosaic_PolyT_z3_DAPI_mask.tif,1,1045,710,0.8,177,533,868,0.249,0.169,0.112,0.202
Embryo04,mosaic_Cellbound3_z3_DAPI_mask.tif,mosaic_PolyT_z3_DAPI_mask.tif,1,1045,710,0.85,86,624,959,0.121,0.082,0.052,0.098
Embryo04,mosaic_Cellbound3_z3_DAPI_mask.tif,mosaic_PolyT_z3_DAPI_mask.tif,1,1045,710,0.9,21,689,1024,0.03,0.02,0.012,0.024
Embryo04,mosaic_Cellbound3_z3_DAPI_mask.tif,mosaic_PolyT_z3_DAPI_mask.tif,1,1045,710,0.95,0,710,1045,0.0,0.0,0.0,
Embryo04,mosaic_Cellbound3_z3_DAPI_mask.tif,mosaic_PolyT_z3_DAPI_mask.tif,1,1045,710,1.0,0,710,1045,0.0,0.0,0.0,
Embryo05,mosaic_Cellbound3_z3_DAPI_mask.tif,added_image_z3_DAPI_mask.tif,1,2555,2458,0.5,2088,370,467,0.849,0.817,0.714,0.833
Embryo05,mosaic_Cellbound3_z3_DAPI_mask.tif,added_image_z3_DAPI_mask.tif,1,2555,2458,0.55,2040,418,515,0.83,0.798,0.686,0.814
Embryo05,mosaic_Cellbound3_z3_DAPI_mask.tif,added_image_z3_DAPI_mask.tif,1,2555,2458,0.6,1987,471,568,0.808,0.778,0.657,0.793
Embryo05,mosaic_Cellbound3_z3_DAPI_mask.tif,added_image_z3_DAPI_mask.tif,1,2555,2458,0.65,1915,543,640,0.779,0.75,0.618,0.764
Embryo05,mosaic_Cellbound3_z3_DAPI_mask.tif,added_image_z3_DAPI_mask.tif,1,2555,2458,0.7,1838,620,717,0.748,0.719,0.579,0.733
Embryo05,mosaic_Cellbound3_z3_DAPI_mask.tif,added_image_z3_DAPI_mask.tif,1,2555,2458,0.75,1730,728,825,0.704,0.677,0.527,0.69
Embryo05,mosaic_Cellbound3_z3_DAPI_mask.tif,added_image_z3_DAPI_mask.tif,1,2555,2458,0.8,1577,881,978,0.642,0.617,0.459,0.629
Embryo05,mosaic_Cellbound3_z3_DAPI_mask.tif,added_image_z3_DAPI_mask.tif,1,2555,2458,0.85,1338,1120,1217,0.544,0.524,0.364,0.534
Embryo05,mosaic_Cellbound3_z3_DAPI_mask.tif,added_image_z3_DAPI_mask.tif,1,2555,2458,0.9,883,1575,1672,0.359,0.346,0.214,0.352
Embryo05,mosaic_Cellbound3_z3_DAPI_mask.tif,added_image_z3_DAPI_mask.tif,1,2555,2458,0.95,198,2260,2357,0.081,0.077,0.041,0.079
Embryo05,mosaic_Cellbound3_z3_DAPI_mask.tif,added_image_z3_DAPI_mask.tif,1,2555,2458,1.0,0,2458,2555,0.0,0.0,0.0,
Embryo05,mosaic_Cellbound3_z3_DAPI_mask.tif,average_image_z3_DAPI_mask.tif,1,2555,2424,0.5,2074,350,481,0.856,0.812,0.714,0.833
Embryo05,mosaic_Cellbound3_z3_DAPI_mask.tif,average_image_z3_DAPI_mask.tif,1,2555,2424,0.55,2029,395,526,0.837,0.794,0.688,0.815
Embryo05,mosaic_Cellbound3_z3_DAPI_mask.tif,average_image_z3_DAPI_mask.tif,1,2555,2424,0.6,1975,449,580,0.815,0.773,0.657,0.793
Embryo05,mosaic_Cellbound3_z3_DAPI_mask.tif,average_image_z3_DAPI_mask.tif,1,2555,2424,0.65,1910,514,645,0.788,0.748,0.622,0.767
Embryo05,mosaic_Cellbound3_z3_DAPI_mask.tif,average_image_z3_DAPI_mask.tif,1,2555,2424,0.7,1823,601,732,0.752,0.714,0.578,0.732
Embryo05,mosaic_Cellbound3_z3_DAPI_mask.tif,average_image_z3_DAPI_mask.tif,1,2555,2424,0.75,1721,703,834,0.71,0.674,0.528,0.691
Embryo05,mosaic_Cellbound3_z3_DAPI_mask.tif,average_image_z3_DAPI_mask.tif,1,2555,2424,0.8,1578,846,977,0.651,0.618,0.464,0.634
Embryo05,mosaic_Cellbound3_z3_DAPI_mask.tif,average_image_z3_DAPI_mask.tif,1,2555,2424,0.85,1338,1086,1217,0.552,0.524,0.367,0.537
Embryo05,mosaic_Cellbound3_z3_DAPI_mask.tif,average_image_z3_DAPI_mask.tif,1,2555,2424,0.9,868,1556,1687,0.358,0.34,0.211,0.349
Embryo05,mosaic_Cellbound3_z3_DAPI_mask.tif,average_image_z3_DAPI_mask.tif,1,2555,2424,0.95,195,2229,2360,0.08,0.076,0.041,0.078
Embryo05,mosaic_Cellbound3_z3_DAPI_mask.tif,average_image_z3_DAPI_mask.tif,1,2555,2424,1.0,0,2424,2555,0.0,0.0,0.0,
Embryo05,mosaic_Cellbound3_z3_DAPI_mask.tif,max_image_z3_DAPI_mask.tif,1,2555,2209,0.5,1798,411,757,0.814,0.704,0.606,0.755
Embryo05,mosaic_Cellbound3_z3_DAPI_mask.tif,max_image_z3_DAPI_mask.tif,1,2555,2209,0.55,1740,469,815,0.788,0.681,0.575,0.73
Embryo05,mosaic_Cellbound3_z3_DAPI_mask.tif,max_image_z3_DAPI_mask.tif,1,2555,2209,0.6,1650,559,905,0.747,0.646,0.53,0.693
Embryo05,mosaic_Cellbound3_z3_DAPI_mask.tif,max_image_z3_DAPI_mask.tif,1,2555,2209,0.65,1543,666,1012,0.699,0.604,0.479,0.648
Embryo05,mosaic_Cellbound3_z3_DAPI_mask.tif,max_image_z3_DAPI_mask.tif,1,2555,2209,0.7,1408,801,1147,0.637,0.551,0.42,0.591
Embryo05,mosaic_Cellbound3_z3_DAPI_mask.tif,max_image_z3_DAPI_mask.tif,1,2555,2209,0.75,1258,951,1297,0.569,0.492,0.359,0.528
Embryo05,mosaic_Cellbound3_z3_DAPI_mask.tif,max_image_z3_DAPI_mask.tif,1,2555,2209,0.8,1041,1168,1514,0.471,0.407,0.28,0.437
Embryo05,mosaic_Cellbound3_z3_DAPI_mask.tif,max_image_z3_DAPI_mask.tif,1,2555,2209,0.85,735,1474,1820,0.333,0.288,0.182,0.309
Embryo05,mosaic_Cellbound3_z3_DAPI_mask.tif,max_image_z3_DAPI_mask.tif,1,2555,2209,0.9,431,1778,2124,0.195,0.169,0.099,0.181
Embryo05,mosaic_Cellbound3_z3_DAPI_mask.tif,max_image_z3_DAPI_mask.tif,1,2555,2209,0.95,96,2113,2459,0.043,0.038,0.021,0.04
Embryo05,mosaic_Cellbound3_z3_DAPI_mask.tif,max_image_z3_DAPI_mask.tif,1,2555,2209,1.0,0,2209,2555,0.0,0.0,0.0,
Embryo05,mosaic_Cellbound3_z3_DAPI_mask.tif,mosaic_Cellbound1_z3_DAPI_mask.tif,1,2555,1855,0.5,1376,479,1179,0.742,0.539,0.454,0.624
Embryo05,mosaic_Cellbound3_z3_DAPI_mask.tif,mosaic_Cellbound1_z3_DAPI_mask.tif,1,2555,1855,0.55,1274,581,1281,0.687,0.499,0.406,0.578
Embryo05,mosaic_Cellbound3_z3_DAPI_mask.tif,mosaic_Cellbound1_z3_DAPI_mask.tif,1,2555,1855,0.6,1163,692,1392,0.627,0.455,0.358,0.527
Embryo05,mosaic_Cellbound3_z3_DAPI_mask.tif,mosaic_Cellbound1_z3_DAPI_mask.tif,1,2555,1855,0.65,1015,840,1540,0.547,0.397,0.299,0.46
Embryo05,mosaic_Cellbound3_z3_DAPI_mask.tif,mosaic_Cellbound1_z3_DAPI_mask.tif,1,2555,1855,0.7,847,1008,1708,0.457,0.332,0.238,0.384
Embryo05,mosaic_Cellbound3_z3_DAPI_mask.tif,mosaic_Cellbound1_z3_DAPI_mask.tif,1,2555,1855,0.75,660,1195,1895,0.356,0.258,0.176,0.299
Embryo05,mosaic_Cellbound3_z3_DAPI_mask.tif,mosaic_Cellbound1_z3_DAPI_mask.tif,1,2555,1855,0.8,425,1430,2130,0.229,0.166,0.107,0.193
Embryo05,mosaic_Cellbound3_z3_DAPI_mask.tif,mosaic_Cellbound1_z3_DAPI_mask.tif,1,2555,1855,0.85,188,1667,2367,0.101,0.074,0.045,0.085
Embryo05,mosaic_Cellbound3_z3_DAPI_mask.tif,mosaic_Cellbound1_z3_DAPI_mask.tif,1,2555,1855,0.9,50,1805,2505,0.027,0.02,0.011,0.023
Embryo05,mosaic_Cellbound3_z3_DAPI_mask.tif,mosaic_Cellbound1_z3_DAPI_mask.tif,1,2555,1855,0.95,1,1854,2554,0.0005391,0.0003914,0.0002268,0.0004535
Embryo05,mosaic_Cellbound3_z3_DAPI_mask.tif,mosaic_Cellbound1_z3_DAPI_mask.tif,1,2555,1855,1.0,0,1855,2555,0.0,0.0,0.0,
Embryo05,mosaic_Cellbound3_z3_DAPI_mask.tif,mosaic_Cellbound2_z3_DAPI_mask.tif,1,2555,3167,0.5,1175,1992,1380,0.371,0.46,0.258,0.411
Embryo05,mosaic_Cellbound3_z3_DAPI_mask.tif,mosaic_Cellbound2_z3_DAPI_mask.tif,1,2555,3167,0.55,1030,2137,1525,0.325,0.403,0.22,0.36
Embryo05,mosaic_Cellbound3_z3_DAPI_mask.tif,mosaic_Cellbound2_z3_DAPI_mask.tif,1,2555,3167,0.6,848,2319,1707,0.268,0.332,0.174,0.296
Embryo05,mosaic_Cellbound3_z3_DAPI_mask.tif,mosaic_Cellbound2_z3_DAPI_mask.tif,1,2555,3167,0.65,683,2484,1872,0.216,0.267,0.136,0.239
Embryo05,mosaic_Cellbound3_z3_DAPI_mask.tif,mosaic_Cellbound2_z3_DAPI_mask.tif,1,2555,3167,0.7,510,2657,2045,0.161,0.2,0.098,0.178
Embryo05,mosaic_Cellbound3_z3_DAPI_mask.tif,mosaic_Cellbound2_z3_DAPI_mask.tif,1,2555,3167,0.75,341,2826,2214,0.108,0.133,0.063,0.119
Embryo05,mosaic_Cellbound3_z3_DAPI_mask.tif,mosaic_Cellbound2_z3_DAPI_mask.tif,1,2555,3167,0.8,189,2978,2366,0.06,0.074,0.034,0.066
Embryo05,mosaic_Cellbound3_z3_DAPI_mask.tif,mosaic_Cellbound2_z3_DAPI_mask.tif,1,2555,3167,0.85,74,3093,2481,0.023,0.029,0.013,0.026
Embryo05,mosaic_Cellbound3_z3_DAPI_mask.tif,mosaic_Cellbound2_z3_DAPI_mask.tif,1,2555,3167,0.9,18,3149,2537,0.006,0.007,0.003,0.006
Embryo05,mosaic_Cellbound3_z3_DAPI_mask.tif,mosaic_Cellbound2_z3_DAPI_mask.tif,1,2555,3167,0.95,0,3167,2555,0.0,0.0,0.0,
Embryo05,mosaic_Cellbound3_z3_DAPI_mask.tif,mosaic_Cellbound2_z3_DAPI_mask.tif,1,2555,3167,1.0,0,3167,2555,0.0,0.0,0.0,
Embryo05,mosaic_Cellbound3_z3_DAPI_mask.tif,mosaic_PolyT_z3_DAPI_mask.tif,1,2555,1945,0.5,1403,542,1152,0.721,0.549,0.453,0.624
Embryo05,mosaic_Cellbound3_z3_DAPI_mask.tif,mosaic_PolyT_z3_DAPI_mask.tif,1,2555,1945,0.55,1314,631,1241,0.676,0.514,0.412,0.584
Embryo05,mosaic_Cellbound3_z3_DAPI_mask.tif,mosaic_PolyT_z3_DAPI_mask.tif,1,2555,1945,0.6,1193,752,1362,0.613,0.467,0.361,0.53
Embryo05,mosaic_Cellbound3_z3_DAPI_mask.tif,mosaic_PolyT_z3_DAPI_mask.tif,1,2555,1945,0.65,1057,888,1498,0.543,0.414,0.307,0.47
Embryo05,mosaic_Cellbound3_z3_DAPI_mask.tif,mosaic_PolyT_z3_DAPI_mask.tif,1,2555,1945,0.7,923,1022,1632,0.475,0.361,0.258,0.41
Embryo05,mosaic_Cellbound3_z3_DAPI_mask.tif,mosaic_PolyT_z3_DAPI_mask.tif,1,2555,1945,0.75,732,1213,1823,0.376,0.286,0.194,0.325
Embryo05,mosaic_Cellbound3_z3_DAPI_mask.tif,mosaic_PolyT_z3_DAPI_mask.tif,1,2555,1945,0.8,511,1434,2044,0.263,0.2,0.128,0.227
Embryo05,mosaic_Cellbound3_z3_DAPI_mask.tif,mosaic_PolyT_z3_DAPI_mask.tif,1,2555,1945,0.85,261,1684,2294,0.134,0.102,0.062,0.116
Embryo05,mosaic_Cellbound3_z3_DAPI_mask.tif,mosaic_PolyT_z3_DAPI_mask.tif,1,2555,1945,0.9,68,1877,2487,0.035,0.027,0.015,0.03
Embryo05,mosaic_Cellbound3_z3_DAPI_mask.tif,mosaic_PolyT_z3_DAPI_mask.tif,1,2555,1945,0.95,2,1943,2553,0.001,0.0007828,0.0004446,0.0008889
Embryo05,mosaic_Cellbound3_z3_DAPI_mask.tif,mosaic_PolyT_z3_DAPI_mask.tif,1,2555,1945,1.0,0,1945,2555,0.0,0.0,0.0,
Embryo06,mosaic_Cellbound3_z3_DAPI_mask.tif,added_image_z3_DAPI_mask.tif,1,1598,1621,0.5,1331,290,267,0.821,0.833,0.705,0.827
Embryo06,mosaic_Cellbound3_z3_DAPI_mask.tif,added_image_z3_DAPI_mask.tif,1,1598,1621,0.55,1315,306,283,0.811,0.823,0.691,0.817
Embryo06,mosaic_Cellbound3_z3_DAPI_mask.tif,added_image_z3_DAPI_mask.tif,1,1598,1621,0.6,1277,344,321,0.788,0.799,0.658,0.793
Embryo06,mosaic_Cellbound3_z3_DAPI_mask.tif,added_image_z3_DAPI_mask.tif,1,1598,1621,0.65,1245,376,353,0.768,0.779,0.631,0.774
Embryo06,mosaic_Cellbound3_z3_DAPI_mask.tif,added_image_z3_DAPI_mask.tif,1,1598,1621,0.7,1199,422,399,0.74,0.75,0.594,0.745
Embryo06,mosaic_Cellbound3_z3_DAPI_mask.tif,added_image_z3_DAPI_mask.tif,1,1598,1621,0.75,1139,482,459,0.703,0.713,0.548,0.708
Embryo06,mosaic_Cellbound3_z3_DAPI_mask.tif,added_image_z3_DAPI_mask.tif,1,1598,1621,0.8,1062,559,536,0.655,0.665,0.492,0.66
Embryo06,mosaic_Cellbound3_z3_DAPI_mask.tif,added_image_z3_DAPI_mask.tif,1,1598,1621,0.85,919,702,679,0.567,0.575,0.4,0.571
Embryo06,mosaic_Cellbound3_z3_DAPI_mask.tif,added_image_z3_DAPI_mask.tif,1,1598,1621,0.9,618,1003,980,0.381,0.387,0.238,0.384
Embryo06,mosaic_Cellbound3_z3_DAPI_mask.tif,added_image_z3_DAPI_mask.tif,1,1598,1621,0.95,170,1451,1428,0.105,0.106,0.056,0.106
Embryo06,mosaic_Cellbound3_z3_DAPI_mask.tif,added_image_z3_DAPI_mask.tif,1,1598,1621,1.0,0,1621,1598,0.0,0.0,0.0,
Embryo06,mosaic_Cellbound3_z3_DAPI_mask.tif,average_image_z3_DAPI_mask.tif,1,1598,1620,0.5,1325,295,273,0.818,0.829,0.7,0.823
Embryo06,mosaic_Cellbound3_z3_DAPI_mask.tif,average_image_z3_DAPI_mask.tif,1,1598,1620,0.55,1309,311,289,0.808,0.819,0.686,0.814
Embryo06,mosaic_Cellbound3_z3_DAPI_mask.tif,average_image_z3_DAPI_mask.tif,1,1598,1620,0.6,1270,350,328,0.784,0.795,0.652,0.789
Embryo06,mosaic_Cellbound3_z3_DAPI_mask.tif,average_image_z3_DAPI_mask.tif,1,1598,1620,0.65,1238,382,360,0.764,0.775,0.625,0.769
Embryo06,mosaic_Cellbound3_z3_DAPI_mask.tif,average_image_z3_DAPI_mask.tif,1,1598,1620,0.7,1197,423,401,0.739,0.749,0.592,0.744
Embryo06,mosaic_Cellbound3_z3_DAPI_mask.tif,average_image_z3_DAPI_mask.tif,1,1598,1620,0.75,1143,477,455,0.706,0.715,0.551,0.71
Embryo06,mosaic_Cellbound3_z3_DAPI_mask.tif,average_image_z3_DAPI_mask.tif,1,1598,1620,0.8,1060,560,538,0.654,0.663,0.491,0.659
Embryo06,mosaic_Cellbound3_z3_DAPI_mask.tif,average_image_z3_DAPI_mask.tif,1,1598,1620,0.85,923,697,675,0.57,0.578,0.402,0.574
Embryo06,mosaic_Cellbound3_z3_DAPI_mask.tif,average_image_z3_DAPI_mask.tif,1,1598,1620,0.9,613,1007,985,0.378,0.384,0.235,0.381
Embryo06,mosaic_Cellbound3_z3_DAPI_mask.tif,average_image_z3_DAPI_mask.tif,1,1598,1620,0.95,177,1443,1421,0.109,0.111,0.058,0.11
Embryo06,mosaic_Cellbound3_z3_DAPI_mask.tif,average_image_z3_DAPI_mask.tif,1,1598,1620,1.0,0,1620,1598,0.0,0.0,0.0,
Embryo06,mosaic_Cellbound3_z3_DAPI_mask.tif,max_image_z3_DAPI_mask.tif,1,1598,1552,0.5,1220,332,378,0.786,0.763,0.632,0.775
Embryo06,mosaic_Cellbound3_z3_DAPI_mask.tif,max_image_z3_DAPI_mask.tif,1,1598,1552,0.55,1179,373,419,0.76,0.738,0.598,0.749
Embryo06,mosaic_Cellbound3_z3_DAPI_mask.tif,max_image_z3_DAPI_mask.tif,1,1598,1552,0.6,1136,416,462,0.732,0.711,0.564,0.721
Embryo06,mosaic_Cellbound3_z3_DAPI_mask.tif,max_image_z3_DAPI_mask.tif,1,1598,1552,0.65,1081,471,517,0.697,0.676,0.522,0.686
Embryo06,mosaic_Cellbound3_z3_DAPI_mask.tif,max_image_z3_DAPI_mask.tif,1,1598,1552,0.7,1017,535,581,0.655,0.636,0.477,0.646
Embryo06,mosaic_Cellbound3_z3_DAPI_mask.tif,max_image_z3_DAPI_mask.tif,1,1598,1552,0.75,918,634,680,0.591,0.574,0.411,0.583
Embryo06,mosaic_Cellbound3_z3_DAPI_mask.tif,max_image_z3_DAPI_mask.tif,1,1598,1552,0.8,791,761,807,0.51,0.495,0.335,0.502
Embryo06,mosaic_Cellbound3_z3_DAPI_mask.tif,max_image_z3_DAPI_mask.tif,1,1598,1552,0.85,601,951,997,0.387,0.376,0.236,0.382
Embryo06,mosaic_Cellbound3_z3_DAPI_mask.tif,max_image_z3_DAPI_mask.tif,1,1598,1552,0.9,375,1177,1223,0.242,0.235,0.135,0.238
Embryo06,mosaic_Cellbound3_z3_DAPI_mask.tif,max_image_z3_DAPI_mask.tif,1,1598,1552,0.95,162,1390,1436,0.104,0.101,0.054,0.103
Embryo06,mosaic_Cellbound3_z3_DAPI_mask.tif,max_image_z3_DAPI_mask.tif,1,1598,1552,1.0,0,1552,1598,0.0,0.0,0.0,
Embryo06,mosaic_Cellbound3_z3_DAPI_mask.tif,mosaic_Cellbound1_z3_DAPI_mask.tif,1,1598,1406,0.5,981,425,617,0.698,0.614,0.485,0.653
Embryo06,mosaic_Cellbound3_z3_DAPI_mask.tif,mosaic_Cellbound1_z3_DAPI_mask.tif,1,1598,1406,0.55,928,478,670,0.66,0.581,0.447,0.618
Embryo06,mosaic_Cellbound3_z3_DAPI_mask.tif,mosaic_Cellbound1_z3_DAPI_mask.tif,1,1598,1406,0.6,860,546,738,0.612,0.538,0.401,0.573
Embryo06,mosaic_Cellbound3_z3_DAPI_mask.tif,mosaic_Cellbound1_z3_DAPI_mask.tif,1,1598,1406,0.65,785,621,813,0.558,0.491,0.354,0.523
Embryo06,mosaic_Cellbound3_z3_DAPI_mask.tif,mosaic_Cellbound1_z3_DAPI_mask.tif,1,1598,1406,0.7,679,727,919,0.483,0.425,0.292,0.452
Embryo06,mosaic_Cellbound3_z3_DAPI_mask.tif,mosaic_Cellbound1_z3_DAPI_mask.tif,1,1598,1406,0.75,563,843,1035,0.4,0.352,0.231,0.375
Embryo06,mosaic_Cellbound3_z3_DAPI_mask.tif,mosaic_Cellbound1_z3_DAPI_mask.tif,1,1598,1406,0.8,415,991,1183,0.295,0.26,0.16,0.276
Embryo06,mosaic_Cellbound3_z3_DAPI_mask.tif,mosaic_Cellbound1_z3_DAPI_mask.tif,1,1598,1406,0.85,213,1193,1385,0.151,0.133,0.076,0.142
Embryo06,mosaic_Cellbound3_z3_DAPI_mask.tif,mosaic_Cellbound1_z3_DAPI_mask.tif,1,1598,1406,0.9,48,1358,1550,0.034,0.03,0.016,0.032
Embryo06,mosaic_Cellbound3_z3_DAPI_mask.tif,mosaic_Cellbound1_z3_DAPI_mask.tif,1,1598,1406,0.95,1,1405,1597,0.0007112,0.0006258,0.000333,0.0006658
Embryo06,mosaic_Cellbound3_z3_DAPI_mask.tif,mosaic_Cellbound1_z3_DAPI_mask.tif,1,1598,1406,1.0,0,1406,1598,0.0,0.0,0.0,
Embryo06,mosaic_Cellbound3_z3_DAPI_mask.tif,mosaic_Cellbound2_z3_DAPI_mask.tif,1,1598,1953,0.5,744,1209,854,0.381,0.466,0.265,0.419
Embryo06,mosaic_Cellbound3_z3_DAPI_mask.tif,mosaic_Cellbound2_z3_DAPI_mask.tif,1,1598,1953,0.55,632,1321,966,0.324,0.395,0.217,0.356
Embryo06,mosaic_Cellbound3_z3_DAPI_mask.tif,mosaic_Cellbound2_z3_DAPI_mask.tif,1,1598,1953,0.6,530,1423,1068,0.271,0.332,0.175,0.299
Embryo06,mosaic_Cellbound3_z3_DAPI_mask.tif,mosaic_Cellbound2_z3_DAPI_mask.tif,1,1598,1953,0.65,405,1548,1193,0.207,0.253,0.129,0.228
Embryo06,mosaic_Cellbound3_z3_DAPI_mask.tif,mosaic_Cellbound2_z3_DAPI_mask.tif,1,1598,1953,0.7,288,1665,1310,0.147,0.18,0.088,0.162
Embryo06,mosaic_Cellbound3_z3_DAPI_mask.tif,mosaic_Cellbound2_z3_DAPI_mask.tif,1,1598,1953,0.75,188,1765,1410,0.096,0.118,0.056,0.106
Embryo06,mosaic_Cellbound3_z3_DAPI_mask.tif,mosaic_Cellbound2_z3_DAPI_mask.tif,1,1598,1953,0.8,101,1852,1497,0.052,0.063,0.029,0.057
Embryo06,mosaic_Cellbound3_z3_DAPI_mask.tif,mosaic_Cellbound2_z3_DAPI_mask.tif,1,1598,1953,0.85,35,1918,1563,0.018,0.022,0.01,0.02
Embryo06,mosaic_Cellbound3_z3_DAPI_mask.tif,mosaic_Cellbound2_z3_DAPI_mask.tif,1,1598,1953,0.9,6,1947,1592,0.003,0.004,0.002,0.003
Embryo06,mosaic_Cellbound3_z3_DAPI_mask.tif,mosaic_Cellbound2_z3_DAPI_mask.tif,1,1598,1953,0.95,0,1953,1598,0.0,0.0,0.0,
Embryo06,mosaic_Cellbound3_z3_DAPI_mask.tif,mosaic_Cellbound2_z3_DAPI_mask.tif,1,1598,1953,1.0,0,1953,1598,0.0,0.0,0.0,
Embryo06,mosaic_Cellbound3_z3_DAPI_mask.tif,mosaic_PolyT_z3_DAPI_mask.tif,1,1598,1248,0.5,857,391,741,0.687,0.536,0.431,0.602
Embryo06,mosaic_Cellbound3_z3_DAPI_mask.tif,mosaic_PolyT_z3_DAPI_mask.tif,1,1598,1248,0.55,795,453,803,0.637,0.497,0.388,0.559
Embryo06,mosaic_Cellbound3_z3_DAPI_mask.tif,mosaic_PolyT_z3_DAPI_mask.tif,1,1598,1248,0.6,727,521,871,0.583,0.455,0.343,0.511
Embryo06,mosaic_Cellbound3_z3_DAPI_mask.tif,mosaic_PolyT_z3_DAPI_mask.tif,1,1598,1248,0.65,649,599,949,0.52,0.406,0.295,0.456
Embryo06,mosaic_Cellbound3_z3_DAPI_mask.tif,mosaic_PolyT_z3_DAPI_mask.tif,1,1598,1248,0.7,564,684,1034,0.452,0.353,0.247,0.396
Embryo06,mosaic_Cellbound3_z3_DAPI_mask.tif,mosaic_PolyT_z3_DAPI_mask.tif,1,1598,1248,0.75,460,788,1138,0.369,0.288,0.193,0.323
Embryo06,mosaic_Cellbound3_z3_DAPI_mask.tif,mosaic_PolyT_z3_DAPI_mask.tif,1,1598,1248,0.8,311,937,1287,0.249,0.195,0.123,0.219
Embryo06,mosaic_Cellbound3_z3_DAPI_mask.tif,mosaic_PolyT_z3_DAPI_mask.tif,1,1598,1248,0.85,154,1094,1444,0.123,0.096,0.057,0.108
Embryo06,mosaic_Cellbound3_z3_DAPI_mask.tif,mosaic_PolyT_z3_DAPI_mask.tif,1,1598,1248,0.9,43,1205,1555,0.034,0.027,0.015,0.03
Embryo06,mosaic_Cellbound3_z3_DAPI_mask.tif,mosaic_PolyT_z3_DAPI_mask.tif,1,1598,1248,0.95,0,1248,1598,0.0,0.0,0.0,
Embryo06,mosaic_Cellbound3_z3_DAPI_mask.tif,mosaic_PolyT_z3_DAPI_mask.tif,1,1598,1248,1.0,0,1248,1598,0.0,0.0,0.0,
Embryo07,mosaic_Cellbound3_z3_DAPI_mask.tif,added_image_z3_DAPI_mask.tif,1,1524,1539,0.5,1306,233,218,0.849,0.857,0.743,0.853
Embryo07,mosaic_Cellbound3_z3_DAPI_mask.tif,added_image_z3_DAPI_mask.tif,1,1524,1539,0.55,1284,255,240,0.834,0.843,0.722,0.838
Embryo07,mosaic_Cellbound3_z3_DAPI_mask.tif,added_image_z3_DAPI_mask.tif,1,1524,1539,0.6,1251,288,273,0.813,0.821,0.69,0.817
Embryo07,mosaic_Cellbound3_z3_DAPI_mask.tif,added_image_z3_DAPI_mask.tif,1,1524,1539,0.65,1204,335,320,0.782,0.79,0.648,0.786
Embryo07,mosaic_Cellbound3_z3_DAPI_mask.tif,added_image_z3_DAPI_mask.tif,1,1524,1539,0.7,1163,376,361,0.756,0.763,0.612,0.759
Embryo07,mosaic_Cellbound3_z3_DAPI_mask.tif,added_image_z3_DAPI_mask.tif,1,1524,1539,0.75,1102,437,422,0.716,0.723,0.562,0.72
Embryo07,mosaic_Cellbound3_z3_DAPI_mask.tif,added_image_z3_DAPI_mask.tif,1,1524,1539,0.8,1020,519,504,0.663,0.669,0.499,0.666
Embryo07,mosaic_Cellbound3_z3_DAPI_mask.tif,added_image_z3_DAPI_mask.tif,1,1524,1539,0.85,870,669,654,0.565,0.571,0.397,0.568
Embryo07,mosaic_Cellbound3_z3_DAPI_mask.tif,added_image_z3_DAPI_mask.tif,1,1524,1539,0.9,598,941,926,0.389,0.392,0.243,0.39
Embryo07,mosaic_Cellbound3_z3_DAPI_mask.tif,added_image_z3_DAPI_mask.tif,1,1524,1539,0.95,164,1375,1360,0.107,0.108,0.057,0.107
Embryo07,mosaic_Cellbound3_z3_DAPI_mask.tif,added_image_z3_DAPI_mask.tif,1,1524,1539,1.0,0,1539,1524,0.0,0.0,0.0,
Embryo07,mosaic_Cellbound3_z3_DAPI_mask.tif,average_image_z3_DAPI_mask.tif,1,1524,1531,0.5,1297,234,227,0.847,0.851,0.738,0.849
Embryo07,mosaic_Cellbound3_z3_DAPI_mask.tif,average_image_z3_DAPI_mask.tif,1,1524,1531,0.55,1277,254,247,0.834,0.838,0.718,0.836
Embryo07,mosaic_Cellbound3_z3_DAPI_mask.tif,average_image_z3_DAPI_mask.tif,1,1524,1531,0.6,1244,287,280,0.813,0.816,0.687,0.814
Embryo07,mosaic_Cellbound3_z3_DAPI_mask.tif,average_image_z3_DAPI_mask.tif,1,1524,1531,0.65,1198,333,326,0.782,0.786,0.645,0.784
Embryo07,mosaic_Cellbound3_z3_DAPI_mask.tif,average_image_z3_DAPI_mask.tif,1,1524,1531,0.7,1153,378,371,0.753,0.757,0.606,0.755
Embryo07,mosaic_Cellbound3_z3_DAPI_mask.tif,average_image_z3_DAPI_mask.tif,1,1524,1531,0.75,1097,434,427,0.717,0.72,0.56,0.718
Embryo07,mosaic_Cellbound3_z3_DAPI_mask.tif,average_image_z3_DAPI_mask.tif,1,1524,1531,0.8,1015,516,509,0.663,0.666,0.498,0.664
Embryo07,mosaic_Cellbound3_z3_DAPI_mask.tif,average_image_z3_DAPI_mask.tif,1,1524,1531,0.85,866,665,658,0.566,0.568,0.396,0.567
Embryo07,mosaic_Cellbound3_z3_DAPI_mask.tif,average_image_z3_DAPI_mask.tif,1,1524,1531,0.9,596,935,928,0.389,0.391,0.242,0.39
Embryo07,mosaic_Cellbound3_z3_DAPI_mask.tif,average_image_z3_DAPI_mask.tif,1,1524,1531,0.95,163,1368,1361,0.106,0.107,0.056,0.107
Embryo07,mosaic_Cellbound3_z3_DAPI_mask.tif,average_image_z3_DAPI_mask.tif,1,1524,1531,1.0,0,1531,1524,0.0,0.0,0.0,
Embryo07,mosaic_Cellbound3_z3_DAPI_mask.tif,max_image_z3_DAPI_mask.tif,1,1524,1469,0.5,1213,256,311,0.826,0.796,0.681,0.811
Embryo07,mosaic_Cellbound3_z3_DAPI_mask.tif,max_image_z3_DAPI_mask.tif,1,1524,1469,0.55,1176,293,348,0.801,0.772,0.647,0.786
Embryo07,mosaic_Cellbound3_z3_DAPI_mask.tif,max_image_z3_DAPI_mask.tif,1,1524,1469,0.6,1133,336,391,0.771,0.743,0.609,0.757
Embryo07,mosaic_Cellbound3_z3_DAPI_mask.tif,max_image_z3_DAPI_mask.tif,1,1524,1469,0.65,1076,393,448,0.732,0.706,0.561,0.719
Embryo07,mosaic_Cellbound3_z3_DAPI_mask.tif,max_image_z3_DAPI_mask.tif,1,1524,1469,0.7,1010,459,514,0.688,0.663,0.509,0.675
Embryo07,mosaic_Cellbound3_z3_DAPI_mask.tif,max_image_z3_DAPI_mask.tif,1,1524,1469,0.75,927,542,597,0.631,0.608,0.449,0.619
Embryo07,mosaic_Cellbound3_z3_DAPI_mask.tif,max_image_z3_DAPI_mask.tif,1,1524,1469,0.8,809,660,715,0.551,0.531,0.37,0.541
Embryo07,mosaic_Cellbound3_z3_DAPI_mask.tif,max_image_z3_DAPI_mask.tif,1,1524,1469,0.85,643,826,881,0.438,0.422,0.274,0.43
Embryo07,mosaic_Cellbound3_z3_DAPI_mask.tif,max_image_z3_DAPI_mask.tif,1,1524,1469,0.9,412,1057,1112,0.28,0.27,0.16,0.275
Embryo07,mosaic_Cellbound3_z3_DAPI_mask.tif,max_image_z3_DAPI_mask.tif,1,1524,1469,0.95,123,1346,1401,0.084,0.081,0.043,0.082
Embryo07,mosaic_Cellbound3_z3_DAPI_mask.tif,max_image_z3_DAPI_mask.tif,1,1524,1469,1.0,0,1469,1524,0.0,0.0,0.0,
Embryo07,mosaic_Cellbound3_z3_DAPI_mask.tif,mosaic_Cellbound1_z3_DAPI_mask.tif,1,1524,1233,0.5,888,345,636,0.72,0.583,0.475,0.644
Embryo07,mosaic_Cellbound3_z3_DAPI_mask.tif,mosaic_Cellbound1_z3_DAPI_mask.tif,1,1524,1233,0.55,827,406,697,0.671,0.543,0.428,0.6
Embryo07,mosaic_Cellbound3_z3_DAPI_mask.tif,mosaic_Cellbound1_z3_DAPI_mask.tif,1,1524,1233,0.6,756,477,768,0.613,0.496,0.378,0.548
Embryo07,mosaic_Cellbound3_z3_DAPI_mask.tif,mosaic_Cellbound1_z3_DAPI_mask.tif,1,1524,1233,0.65,644,589,880,0.522,0.423,0.305,0.467
Embryo07,mosaic_Cellbound3_z3_DAPI_mask.tif,mosaic_Cellbound1_z3_DAPI_mask.tif,1,1524,1233,0.7,542,691,982,0.44,0.356,0.245,0.393
Embryo07,mosaic_Cellbound3_z3_DAPI_mask.tif,mosaic_Cellbound1_z3_DAPI_mask.tif,1,1524,1233,0.75,425,808,1099,0.345,0.279,0.182,0.308
Embryo07,mosaic_Cellbound3_z3_DAPI_mask.tif,mosaic_Cellbound1_z3_DAPI_mask.tif,1,1524,1233,0.8,261,972,1263,0.212,0.171,0.105,0.189
Embryo07,mosaic_Cellbound3_z3_DAPI_mask.tif,mosaic_Cellbound1_z3_DAPI_mask.tif,1,1524,1233,0.85,137,1096,1387,0.111,0.09,0.052,0.099
Embryo07,mosaic_Cellbound3_z3_DAPI_mask.tif,mosaic_Cellbound1_z3_DAPI_mask.tif,1,1524,1233,0.9,31,1202,1493,0.025,0.02,0.011,0.022
Embryo07,mosaic_Cellbound3_z3_DAPI_mask.tif,mosaic_Cellbound1_z3_DAPI_mask.tif,1,1524,1233,0.95,3,1230,1521,0.002,0.002,0.001,0.002
Embryo07,mosaic_Cellbound3_z3_DAPI_mask.tif,mosaic_Cellbound1_z3_DAPI_mask.tif,1,1524,1233,1.0,0,1233,1524,0.0,0.0,0.0,
Embryo07,mosaic_Cellbound3_z3_DAPI_mask.tif,mosaic_Cellbound2_z3_DAPI_mask.tif,1,1524,1375,0.5,842,533,682,0.612,0.552,0.409,0.581
Embryo07,mosaic_Cellbound3_z3_DAPI_mask.tif,mosaic_Cellbound2_z3_DAPI_mask.tif,1,1524,1375,0.55,739,636,785,0.537,0.485,0.342,0.51
Embryo07,mosaic_Cellbound3_z3_DAPI_mask.tif,mosaic_Cellbound2_z3_DAPI_mask.tif,1,1524,1375,0.6,631,744,893,0.459,0.414,0.278,0.435
Embryo07,mosaic_Cellbound3_z3_DAPI_mask.tif,mosaic_Cellbound2_z3_DAPI_mask.tif,1,1524,1375,0.65,508,867,1016,0.369,0.333,0.212,0.35
Embryo07,mosaic_Cellbound3_z3_DAPI_mask.tif,mosaic_Cellbound2_z3_DAPI_mask.tif,1,1524,1375,0.7,391,984,1133,0.284,0.257,0.156,0.27
Embryo07,mosaic_Cellbound3_z3_DAPI_mask.tif,mosaic_Cellbound2_z3_DAPI_mask.tif,1,1524,1375,0.75,268,1107,1256,0.195,0.176,0.102,0.185
Embryo07,mosaic_Cellbound3_z3_DAPI_mask.tif,mosaic_Cellbound2_z3_DAPI_mask.tif,1,1524,1375,0.8,133,1242,1391,0.097,0.087,0.048,0.092
Embryo07,mosaic_Cellbound3_z3_DAPI_mask.tif,mosaic_Cellbound2_z3_DAPI_mask.tif,1,1524,1375,0.85,47,1328,1477,0.034,0.031,0.016,0.032
Embryo07,mosaic_Cellbound3_z3_DAPI_mask.tif,mosaic_Cellbound2_z3_DAPI_mask.tif,1,1524,1375,0.9,6,1369,1518,0.004,0.004,0.002,0.004
Embryo07,mosaic_Cellbound3_z3_DAPI_mask.tif,mosaic_Cellbound2_z3_DAPI_mask.tif,1,1524,1375,0.95,0,1375,1524,0.0,0.0,0.0,
Embryo07,mosaic_Cellbound3_z3_DAPI_mask.tif,mosaic_Cellbound2_z3_DAPI_mask.tif,1,1524,1375,1.0,0,1375,1524,0.0,0.0,0.0,
Embryo07,mosaic_Cellbound3_z3_DAPI_mask.tif,mosaic_PolyT_z3_DAPI_mask.tif,1,1524,1179,0.5,939,240,585,0.796,0.616,0.532,0.695
Embryo07,mosaic_Cellbound3_z3_DAPI_mask.tif,mosaic_PolyT_z3_DAPI_mask.tif,1,1524,1179,0.55,883,296,641,0.749,0.579,0.485,0.653
Embryo07,mosaic_Cellbound3_z3_DAPI_mask.tif,mosaic_PolyT_z3_DAPI_mask.tif,1,1524,1179,0.6,813,366,711,0.69,0.533,0.43,0.602
Embryo07,mosaic_Cellbound3_z3_DAPI_mask.tif,mosaic_PolyT_z3_DAPI_mask.tif,1,1524,1179,0.65,735,444,789,0.623,0.482,0.373,0.544
Embryo07,mosaic_Cellbound3_z3_DAPI_mask.tif,mosaic_PolyT_z3_DAPI_mask.tif,1,1524,1179,0.7,666,513,858,0.565,0.437,0.327,0.493
Embryo07,mosaic_Cellbound3_z3_DAPI_mask.tif,mosaic_PolyT_z3_DAPI_mask.tif,1,1524,1179,0.75,558,621,966,0.473,0.366,0.26,0.413
Embryo07,mosaic_Cellbound3_z3_DAPI_mask.tif,mosaic_PolyT_z3_DAPI_mask.tif,1,1524,1179,0.8,394,785,1130,0.334,0.259,0.171,0.292
Embryo07,mosaic_Cellbound3_z3_DAPI_mask.tif,mosaic_PolyT_z3_DAPI_mask.tif,1,1524,1179,0.85,210,969,1314,0.178,0.138,0.084,0.155
Embryo07,mosaic_Cellbound3_z3_DAPI_mask.tif,mosaic_PolyT_z3_DAPI_mask.tif,1,1524,1179,0.9,44,1135,1480,0.037,0.029,0.017,0.033
Embryo07,mosaic_Cellbound3_z3_DAPI_mask.tif,mosaic_PolyT_z3_DAPI_mask.tif,1,1524,1179,0.95,0,1179,1524,0.0,0.0,0.0,
Embryo07,mosaic_Cellbound3_z3_DAPI_mask.tif,mosaic_PolyT_z3_DAPI_mask.tif,1,1524,1179,1.0,0,1179,1524,0.0,0.0,0.0,
Embryo08,mosaic_Cellbound3_z3_DAPI_mask.tif,added_image_z3_DAPI_mask.tif,1,1340,1367,0.5,1125,242,215,0.823,0.84,0.711,0.831
Embryo08,mosaic_Cellbound3_z3_DAPI_mask.tif,added_image_z3_DAPI_mask.tif,1,1340,1367,0.55,1101,266,239,0.805,0.822,0.686,0.813
Embryo08,mosaic_Cellbound3_z3_DAPI_mask.tif,added_image_z3_DAPI_mask.tif,1,1340,1367,0.6,1077,290,263,0.788,0.804,0.661,0.796
Embryo08,mosaic_Cellbound3_z3_DAPI_mask.tif,added_image_z3_DAPI_mask.tif,1,1340,1367,0.65,1034,333,306,0.756,0.772,0.618,0.764
Embryo08,mosaic_Cellbound3_z3_DAPI_mask.tif,added_image_z3_DAPI_mask.tif,1,1340,1367,0.7,1003,364,337,0.734,0.749,0.589,0.741
Embryo08,mosaic_Cellbound3_z3_DAPI_mask.tif,added_image_z3_DAPI_mask.tif,1,1340,1367,0.75,947,420,393,0.693,0.707,0.538,0.7
Embryo08,mosaic_Cellbound3_z3_DAPI_mask.tif,added_image_z3_DAPI_mask.tif,1,1340,1367,0.8,867,500,473,0.634,0.647,0.471,0.641
Embryo08,mosaic_Cellbound3_z3_DAPI_mask.tif,added_image_z3_DAPI_mask.tif,1,1340,1367,0.85,737,630,603,0.539,0.55,0.374,0.545
Embryo08,mosaic_Cellbound3_z3_DAPI_mask.tif,added_image_z3_DAPI_mask.tif,1,1340,1367,0.9,532,835,808,0.389,0.397,0.245,0.393
Embryo08,mosaic_Cellbound3_z3_DAPI_mask.tif,added_image_z3_DAPI_mask.tif,1,1340,1367,0.95,232,1135,1108,0.17,0.173,0.094,0.171
Embryo08,mosaic_Cellbound3_z3_DAPI_mask.tif,added_image_z3_DAPI_mask.tif,1,1340,1367,1.0,0,1367,1340,0.0,0.0,0.0,
Embryo08,mosaic_Cellbound3_z3_DAPI_mask.tif,average_image_z3_DAPI_mask.tif,1,1340,1361,0.5,1119,242,221,0.822,0.835,0.707,0.829
Embryo08,mosaic_Cellbound3_z3_DAPI_mask.tif,average_image_z3_DAPI_mask.tif,1,1340,1361,0.55,1092,269,248,0.802,0.815,0.679,0.809
Embryo08,mosaic_Cellbound3_z3_DAPI_mask.tif,average_image_z3_DAPI_mask.tif,1,1340,1361,0.6,1070,291,270,0.786,0.799,0.656,0.792
Embryo08,mosaic_Cellbound3_z3_DAPI_mask.tif,average_image_z3_DAPI_mask.tif,1,1340,1361,0.65,1032,329,308,0.758,0.77,0.618,0.764
Embryo08,mosaic_Cellbound3_z3_DAPI_mask.tif,average_image_z3_DAPI_mask.tif,1,1340,1361,0.7,998,363,342,0.733,0.745,0.586,0.739
Embryo08,mosaic_Cellbound3_z3_DAPI_mask.tif,average_image_z3_DAPI_mask.tif,1,1340,1361,0.75,941,420,399,0.691,0.702,0.535,0.697
Embryo08,mosaic_Cellbound3_z3_DAPI_mask.tif,average_image_z3_DAPI_mask.tif,1,1340,1361,0.8,862,499,478,0.633,0.643,0.469,0.638
Embryo08,mosaic_Cellbound3_z3_DAPI_mask.tif,average_image_z3_DAPI_mask.tif,1,1340,1361,0.85,727,634,613,0.534,0.543,0.368,0.538
Embryo08,mosaic_Cellbound3_z3_DAPI_mask.tif,average_image_z3_DAPI_mask.tif,1,1340,1361,0.9,534,827,806,0.392,0.399,0.246,0.395
Embryo08,mosaic_Cellbound3_z3_DAPI_mask.tif,average_image_z3_DAPI_mask.tif,1,1340,1361,0.95,226,1135,1114,0.166,0.169,0.091,0.167
Embryo08,mosaic_Cellbound3_z3_DAPI_mask.tif,average_image_z3_DAPI_mask.tif,1,1340,1361,1.0,0,1361,1340,0.0,0.0,0.0,
Embryo08,mosaic_Cellbound3_z3_DAPI_mask.tif,max_image_z3_DAPI_mask.tif,1,1340,1279,0.5,1050,229,290,0.821,0.784,0.669,0.802
Embryo08,mosaic_Cellbound3_z3_DAPI_mask.tif,max_image_z3_DAPI_mask.tif,1,1340,1279,0.55,1025,254,315,0.801,0.765,0.643,0.783
Embryo08,mosaic_Cellbound3_z3_DAPI_mask.tif,max_image_z3_DAPI_mask.tif,1,1340,1279,0.6,988,291,352,0.772,0.737,0.606,0.754
Embryo08,mosaic_Cellbound3_z3_DAPI_mask.tif,max_image_z3_DAPI_mask.tif,1,1340,1279,0.65,937,342,403,0.733,0.699,0.557,0.716
Embryo08,mosaic_Cellbound3_z3_DAPI_mask.tif,max_image_z3_DAPI_mask.tif,1,1340,1279,0.7,881,398,459,0.689,0.657,0.507,0.673
Embryo08,mosaic_Cellbound3_z3_DAPI_mask.tif,max_image_z3_DAPI_mask.tif,1,1340,1279,0.75,802,477,538,0.627,0.599,0.441,0.612
Embryo08,mosaic_Cellbound3_z3_DAPI_mask.tif,max_image_z3_DAPI_mask.tif,1,1340,1279,0.8,706,573,634,0.552,0.527,0.369,0.539
Embryo08,mosaic_Cellbound3_z3_DAPI_mask.tif,max_image_z3_DAPI_mask.tif,1,1340,1279,0.85,586,693,754,0.458,0.437,0.288,0.447
Embryo08,mosaic_Cellbound3_z3_DAPI_mask.tif,max_image_z3_DAPI_mask.tif,1,1340,1279,0.9,445,834,895,0.348,0.332,0.205,0.34
Embryo08,mosaic_Cellbound3_z3_DAPI_mask.tif,max_image_z3_DAPI_mask.tif,1,1340,1279,0.95,282,997,1058,0.22,0.21,0.121,0.215
Embryo08,mosaic_Cellbound3_z3_DAPI_mask.tif,max_image_z3_DAPI_mask.tif,1,1340,1279,1.0,0,1279,1340,0.0,0.0,0.0,
Embryo08,mosaic_Cellbound3_z3_DAPI_mask.tif,mosaic_Cellbound1_z3_DAPI_mask.tif,1,1340,1036,0.5,706,330,634,0.681,0.527,0.423,0.594
Embryo08,mosaic_Cellbound3_z3_DAPI_mask.tif,mosaic_Cellbound1_z3_DAPI_mask.tif,1,1340,1036,0.55,662,374,678,0.639,0.494,0.386,0.557
Embryo08,mosaic_Cellbound3_z3_DAPI_mask.tif,mosaic_Cellbound1_z3_DAPI_mask.tif,1,1340,1036,0.6,611,425,729,0.59,0.456,0.346,0.514
Embryo08,mosaic_Cellbound3_z3_DAPI_mask.tif,mosaic_Cellbound1_z3_DAPI_mask.tif,1,1340,1036,0.65,546,490,794,0.527,0.407,0.298,0.46
Embryo08,mosaic_Cellbound3_z3_DAPI_mask.tif,mosaic_Cellbound1_z3_DAPI_mask.tif,1,1340,1036,0.7,453,583,887,0.437,0.338,0.236,0.381
Embryo08,mosaic_Cellbound3_z3_DAPI_mask.tif,mosaic_Cellbound1_z3_DAPI_mask.tif,1,1340,1036,0.75,353,683,987,0.341,0.263,0.174,0.297
Embryo08,mosaic_Cellbound3_z3_DAPI_mask.tif,mosaic_Cellbound1_z3_DAPI_mask.tif,1,1340,1036,0.8,264,772,1076,0.255,0.197,0.125,0.222
Embryo08,mosaic_Cellbound3_z3_DAPI_mask.tif,mosaic_Cellbound1_z3_DAPI_mask.tif,1,1340,1036,0.85,143,893,1197,0.138,0.107,0.064,0.12
Embryo08,mosaic_Cellbound3_z3_DAPI_mask.tif,mosaic_Cellbound1_z3_DAPI_mask.tif,1,1340,1036,0.9,39,997,1301,0.038,0.029,0.017,0.033
Embryo08,mosaic_Cellbound3_z3_DAPI_mask.tif,mosaic_Cellbound1_z3_DAPI_mask.tif,1,1340,1036,0.95,1,1035,1339,0.0009653,0.0007463,0.0004211,0.0008418
Embryo08,mosaic_Cellbound3_z3_DAPI_mask.tif,mosaic_Cellbound1_z3_DAPI_mask.tif,1,1340,1036,1.0,0,1036,1340,0.0,0.0,0.0,
Embryo08,mosaic_Cellbound3_z3_DAPI_mask.tif,mosaic_Cellbound2_z3_DAPI_mask.tif,1,1340,1982,0.5,477,1505,863,0.241,0.356,0.168,0.287
Embryo08,mosaic_Cellbound3_z3_DAPI_mask.tif,mosaic_Cellbound2_z3_DAPI_mask.tif,1,1340,1982,0.55,407,1575,933,0.205,0.304,0.14,0.245
Embryo08,mosaic_Cellbound3_z3_DAPI_mask.tif,mosaic_Cellbound2_z3_DAPI_mask.tif,1,1340,1982,0.6,316,1666,1024,0.159,0.236,0.105,0.19
Embryo08,mosaic_Cellbound3_z3_DAPI_mask.tif,mosaic_Cellbound2_z3_DAPI_mask.tif,1,1340,1982,0.65,243,1739,1097,0.123,0.181,0.079,0.146
Embryo08,mosaic_Cellbound3_z3_DAPI_mask.tif,mosaic_Cellbound2_z3_DAPI_mask.tif,1,1340,1982,0.7,180,1802,1160,0.091,0.134,0.057,0.108
Embryo08,mosaic_Cellbound3_z3_DAPI_mask.tif,mosaic_Cellbound2_z3_DAPI_mask.tif,1,1340,1982,0.75,124,1858,1216,0.063,0.093,0.039,0.075
Embryo08,mosaic_Cellbound3_z3_DAPI_mask.tif,mosaic_Cellbound2_z3_DAPI_mask.tif,1,1340,1982,0.8,60,1922,1280,0.03,0.045,0.018,0.036
Embryo08,mosaic_Cellbound3_z3_DAPI_mask.tif,mosaic_Cellbound2_z3_DAPI_mask.tif,1,1340,1982,0.85,27,1955,1313,0.014,0.02,0.008,0.016
Embryo08,mosaic_Cellbound3_z3_DAPI_mask.tif,mosaic_Cellbound2_z3_DAPI_mask.tif,1,1340,1982,0.9,3,1979,1337,0.002,0.002,0.0009039,0.002
Embryo08,mosaic_Cellbound3_z3_DAPI_mask.tif,mosaic_Cellbound2_z3_DAPI_mask.tif,1,1340,1982,0.95,0,1982,1340,0.0,0.0,0.0,
Embryo08,mosaic_Cellbound3_z3_DAPI_mask.tif,mosaic_Cellbound2_z3_DAPI_mask.tif,1,1340,1982,1.0,0,1982,1340,0.0,0.0,0.0,
Embryo08,mosaic_Cellbound3_z3_DAPI_mask.tif,mosaic_PolyT_z3_DAPI_mask.tif,1,1340,1193,0.5,806,387,534,0.676,0.601,0.467,0.636
Embryo08,mosaic_Cellbound3_z3_DAPI_mask.tif,mosaic_PolyT_z3_DAPI_mask.tif,1,1340,1193,0.55,756,437,584,0.634,0.564,0.425,0.597
Embryo08,mosaic_Cellbound3_z3_DAPI_mask.tif,mosaic_PolyT_z3_DAPI_mask.tif,1,1340,1193,0.6,703,490,637,0.589,0.525,0.384,0.555
Embryo08,mosaic_Cellbound3_z3_DAPI_mask.tif,mosaic_PolyT_z3_DAPI_mask.tif,1,1340,1193,0.65,624,569,716,0.523,0.466,0.327,0.493
Embryo08,mosaic_Cellbound3_z3_DAPI_mask.tif,mosaic_PolyT_z3_DAPI_mask.tif,1,1340,1193,0.7,540,653,800,0.453,0.403,0.271,0.426
Embryo08,mosaic_Cellbound3_z3_DAPI_mask.tif,mosaic_PolyT_z3_DAPI_mask.tif,1,1340,1193,0.75,458,735,882,0.384,0.342,0.221,0.362
Embryo08,mosaic_Cellbound3_z3_DAPI_mask.tif,mosaic_PolyT_z3_DAPI_mask.tif,1,1340,1193,0.8,330,863,1010,0.277,0.246,0.15,0.261
Embryo08,mosaic_Cellbound3_z3_DAPI_mask.tif,mosaic_PolyT_z3_DAPI_mask.tif,1,1340,1193,0.85,198,995,1142,0.166,0.148,0.085,0.156
Embryo08,mosaic_Cellbound3_z3_DAPI_mask.tif,mosaic_PolyT_z3_DAPI_mask.tif,1,1340,1193,0.9,57,1136,1283,0.048,0.043,0.023,0.045
Embryo08,mosaic_Cellbound3_z3_DAPI_mask.tif,mosaic_PolyT_z3_DAPI_mask.tif,1,1340,1193,0.95,0,1193,1340,0.0,0.0,0.0,
Embryo08,mosaic_Cellbound3_z3_DAPI_mask.tif,mosaic_PolyT_z3_DAPI_mask.tif,1,1340,1193,1.0,0,1193,1340,0.0,0.0,0.0,
Embryo09,mosaic_Cellbound3_z3_DAPI_mask.tif,added_image_z3_DAPI_mask.tif,1,2111,2400,0.5,1776,624,335,0.74,0.841,0.649,0.787
Embryo09,mosaic_Cellbound3_z3_DAPI_mask.tif,added_image_z3_DAPI_mask.tif,1,2111,2400,0.55,1733,667,378,0.722,0.821,0.624,0.768
Embryo09,mosaic_Cellbound3_z3_DAPI_mask.tif,added_image_z3_DAPI_mask.tif,1,2111,2400,0.6,1687,713,424,0.703,0.799,0.597,0.748
Embryo09,mosaic_Cellbound3_z3_DAPI_mask.tif,added_image_z3_DAPI_mask.tif,1,2111,2400,0.65,1637,763,474,0.682,0.775,0.57,0.726
Embryo09,mosaic_Cellbound3_z3_DAPI_mask.tif,added_image_z3_DAPI_mask.tif,1,2111,2400,0.7,1567,833,544,0.653,0.742,0.532,0.695
Embryo09,mosaic_Cellbound3_z3_DAPI_mask.tif,added_image_z3_DAPI_mask.tif,1,2111,2400,0.75,1469,931,642,0.612,0.696,0.483,0.651
Embryo09,mosaic_Cellbound3_z3_DAPI_mask.tif,added_image_z3_DAPI_mask.tif,1,2111,2400,0.8,1339,1061,772,0.558,0.634,0.422,0.594
Embryo09,mosaic_Cellbound3_z3_DAPI_mask.tif,added_image_z3_DAPI_mask.tif,1,2111,2400,0.85,1116,1284,995,0.465,0.529,0.329,0.495
Embryo09,mosaic_Cellbound3_z3_DAPI_mask.tif,added_image_z3_DAPI_mask.tif,1,2111,2400,0.9,731,1669,1380,0.305,0.346,0.193,0.324
Embryo09,mosaic_Cellbound3_z3_DAPI_mask.tif,added_image_z3_DAPI_mask.tif,1,2111,2400,0.95,125,2275,1986,0.052,0.059,0.028,0.055
Embryo09,mosaic_Cellbound3_z3_DAPI_mask.tif,added_image_z3_DAPI_mask.tif,1,2111,2400,1.0,0,2400,2111,0.0,0.0,0.0,
Embryo09,mosaic_Cellbound3_z3_DAPI_mask.tif,average_image_z3_DAPI_mask.tif,1,2111,2377,0.5,1777,600,334,0.748,0.842,0.655,0.792
Embryo09,mosaic_Cellbound3_z3_DAPI_mask.tif,average_image_z3_DAPI_mask.tif,1,2111,2377,0.55,1734,643,377,0.729,0.821,0.63,0.773
Embryo09,mosaic_Cellbound3_z3_DAPI_mask.tif,average_image_z3_DAPI_mask.tif,1,2111,2377,0.6,1692,685,419,0.712,0.802,0.605,0.754
Embryo09,mosaic_Cellbound3_z3_DAPI_mask.tif,average_image_z3_DAPI_mask.tif,1,2111,2377,0.65,1640,737,471,0.69,0.777,0.576,0.731
Embryo09,mosaic_Cellbound3_z3_DAPI_mask.tif,average_image_z3_DAPI_mask.tif,1,2111,2377,0.7,1575,802,536,0.663,0.746,0.541,0.702
Embryo09,mosaic_Cellbound3_z3_DAPI_mask.tif,average_image_z3_DAPI_mask.tif,1,2111,2377,0.75,1479,898,632,0.622,0.701,0.492,0.659
Embryo09,mosaic_Cellbound3_z3_DAPI_mask.tif,average_image_z3_DAPI_mask.tif,1,2111,2377,0.8,1346,1031,765,0.566,0.638,0.428,0.6
Embryo09,mosaic_Cellbound3_z3_DAPI_mask.tif,average_image_z3_DAPI_mask.tif,1,2111,2377,0.85,1127,1250,984,0.474,0.534,0.335,0.502
Embryo09,mosaic_Cellbound3_z3_DAPI_mask.tif,average_image_z3_DAPI_mask.tif,1,2111,2377,0.9,727,1650,1384,0.306,0.344,0.193,0.324
Embryo09,mosaic_Cellbound3_z3_DAPI_mask.tif,average_image_z3_DAPI_mask.tif,1,2111,2377,0.95,130,2247,1981,0.055,0.062,0.03,0.058
Embryo09,mosaic_Cellbound3_z3_DAPI_mask.tif,average_image_z3_DAPI_mask.tif,1,2111,2377,1.0,0,2377,2111,0.0,0.0,0.0,
Embryo09,mosaic_Cellbound3_z3_DAPI_mask.tif,max_image_z3_DAPI_mask.tif,1,2111,2217,0.5,1586,631,525,0.715,0.751,0.578,0.733
Embryo09,mosaic_Cellbound3_z3_DAPI_mask.tif,max_image_z3_DAPI_mask.tif,1,2111,2217,0.55,1535,682,576,0.692,0.727,0.55,0.709
Embryo09,mosaic_Cellbound3_z3_DAPI_mask.tif,max_image_z3_DAPI_mask.tif,1,2111,2217,0.6,1454,763,657,0.656,0.689,0.506,0.672
Embryo09,mosaic_Cellbound3_z3_DAPI_mask.tif,max_image_z3_DAPI_mask.tif,1,2111,2217,0.65,1369,848,742,0.618,0.649,0.463,0.633
Embryo09,mosaic_Cellbound3_z3_DAPI_mask.tif,max_image_z3_DAPI_mask.tif,1,2111,2217,0.7,1240,977,871,0.559,0.587,0.402,0.573
Embryo09,mosaic_Cellbound3_z3_DAPI_mask.tif,max_image_z3_DAPI_mask.tif,1,2111,2217,0.75,1077,1140,1034,0.486,0.51,0.331,0.498
Embryo09,mosaic_Cellbound3_z3_DAPI_mask.tif,max_image_z3_DAPI_mask.tif,1,2111,2217,0.8,848,1369,1263,0.382,0.402,0.244,0.392
Embryo09,mosaic_Cellbound3_z3_DAPI_mask.tif,max_image_z3_DAPI_mask.tif,1,2111,2217,0.85,559,1658,1552,0.252,0.265,0.148,0.258
Embryo09,mosaic_Cellbound3_z3_DAPI_mask.tif,max_image_z3_DAPI_mask.tif,1,2111,2217,0.9,201,2016,1910,0.091,0.095,0.049,0.093
Embryo09,mosaic_Cellbound3_z3_DAPI_mask.tif,max_image_z3_DAPI_mask.tif,1,2111,2217,0.95,7,2210,2104,0.003,0.003,0.002,0.003
Embryo09,mosaic_Cellbound3_z3_DAPI_mask.tif,max_image_z3_DAPI_mask.tif,1,2111,2217,1.0,0,2217,2111,0.0,0.0,0.0,
Embryo09,mosaic_Cellbound3_z3_DAPI_mask.tif,mosaic_Cellbound1_z3_DAPI_mask.tif,1,2111,2189,0.5,1530,659,581,0.699,0.725,0.552,0.712
Embryo09,mosaic_Cellbound3_z3_DAPI_mask.tif,mosaic_Cellbound1_z3_DAPI_mask.tif,1,2111,2189,0.55,1470,719,641,0.672,0.696,0.519,0.684
Embryo09,mosaic_Cellbound3_z3_DAPI_mask.tif,mosaic_Cellbound1_z3_DAPI_mask.tif,1,2111,2189,0.6,1393,796,718,0.636,0.66,0.479,0.648
Embryo09,mosaic_Cellbound3_z3_DAPI_mask.tif,mosaic_Cellbound1_z3_DAPI_mask.tif,1,2111,2189,0.65,1301,888,810,0.594,0.616,0.434,0.605
Embryo09,mosaic_Cellbound3_z3_DAPI_mask.tif,mosaic_Cellbound1_z3_DAPI_mask.tif,1,2111,2189,0.7,1176,1013,935,0.537,0.557,0.376,0.547
Embryo09,mosaic_Cellbound3_z3_DAPI_mask.tif,mosaic_Cellbound1_z3_DAPI_mask.tif,1,2111,2189,0.75,1014,1175,1097,0.463,0.48,0.309,0.472
Embryo09,mosaic_Cellbound3_z3_DAPI_mask.tif,mosaic_Cellbound1_z3_DAPI_mask.tif,1,2111,2189,0.8,786,1403,1325,0.359,0.372,0.224,0.366
Embryo09,mosaic_Cellbound3_z3_DAPI_mask.tif,mosaic_Cellbound1_z3_DAPI_mask.tif,1,2111,2189,0.85,489,1700,1622,0.223,0.232,0.128,0.227
Embryo09,mosaic_Cellbound3_z3_DAPI_mask.tif,mosaic_Cellbound1_z3_DAPI_mask.tif,1,2111,2189,0.9,161,2028,1950,0.074,0.076,0.039,0.075
Embryo09,mosaic_Cellbound3_z3_DAPI_mask.tif,mosaic_Cellbound1_z3_DAPI_mask.tif,1,2111,2189,0.95,2,2187,2109,0.0009137,0.0009474,0.0004653,0.0009302
Embryo09,mosaic_Cellbound3_z3_DAPI_mask.tif,mosaic_Cellbound1_z3_DAPI_mask.tif,1,2111,2189,1.0,0,2189,2111,0.0,0.0,0.0,
Embryo09,mosaic_Cellbound3_z3_DAPI_mask.tif,mosaic_Cellbound2_z3_DAPI_mask.tif,1,2111,3291,0.5,1038,2253,1073,0.315,0.492,0.238,0.384
Embryo09,mosaic_Cellbound3_z3_DAPI_mask.tif,mosaic_Cellbound2_z3_DAPI_mask.tif,1,2111,3291,0.55,899,2392,1212,0.273,0.426,0.2,0.333
Embryo09,mosaic_Cellbound3_z3_DAPI_mask.tif,mosaic_Cellbound2_z3_DAPI_mask.tif,1,2111,3291,0.6,764,2527,1347,0.232,0.362,0.165,0.283
Embryo09,mosaic_Cellbound3_z3_DAPI_mask.tif,mosaic_Cellbound2_z3_DAPI_mask.tif,1,2111,3291,0.65,609,2682,1502,0.185,0.288,0.127,0.225
Embryo09,mosaic_Cellbound3_z3_DAPI_mask.tif,mosaic_Cellbound2_z3_DAPI_mask.tif,1,2111,3291,0.7,449,2842,1662,0.136,0.213,0.091,0.166
Embryo09,mosaic_Cellbound3_z3_DAPI_mask.tif,mosaic_Cellbound2_z3_DAPI_mask.tif,1,2111,3291,0.75,283,3008,1828,0.086,0.134,0.055,0.105
Embryo09,mosaic_Cellbound3_z3_DAPI_mask.tif,mosaic_Cellbound2_z3_DAPI_mask.tif,1,2111,3291,0.8,143,3148,1968,0.043,0.068,0.027,0.053
Embryo09,mosaic_Cellbound3_z3_DAPI_mask.tif,mosaic_Cellbound2_z3_DAPI_mask.tif,1,2111,3291,0.85,63,3228,2048,0.019,0.03,0.012,0.023
Embryo09,mosaic_Cellbound3_z3_DAPI_mask.tif,mosaic_Cellbound2_z3_DAPI_mask.tif,1,2111,3291,0.9,9,3282,2102,0.003,0.004,0.002,0.003
Embryo09,mosaic_Cellbound3_z3_DAPI_mask.tif,mosaic_Cellbound2_z3_DAPI_mask.tif,1,2111,3291,0.95,0,3291,2111,0.0,0.0,0.0,
Embryo09,mosaic_Cellbound3_z3_DAPI_mask.tif,mosaic_Cellbound2_z3_DAPI_mask.tif,1,2111,3291,1.0,0,3291,2111,0.0,0.0,0.0,
Embryo09,mosaic_Cellbound3_z3_DAPI_mask.tif,mosaic_PolyT_z3_DAPI_mask.tif,1,2111,1913,0.5,1370,543,741,0.716,0.649,0.516,0.681
Embryo09,mosaic_Cellbound3_z3_DAPI_mask.tif,mosaic_PolyT_z3_DAPI_mask.tif,1,2111,1913,0.55,1289,624,822,0.674,0.611,0.471,0.641
Embryo09,mosaic_Cellbound3_z3_DAPI_mask.tif,mosaic_PolyT_z3_DAPI_mask.tif,1,2111,1913,0.6,1187,726,924,0.62,0.562,0.418,0.59
Embryo09,mosaic_Cellbound3_z3_DAPI_mask.tif,mosaic_PolyT_z3_DAPI_mask.tif,1,2111,1913,0.65,1103,810,1008,0.577,0.523,0.378,0.548
Embryo09,mosaic_Cellbound3_z3_DAPI_mask.tif,mosaic_PolyT_z3_DAPI_mask.tif,1,2111,1913,0.7,983,930,1128,0.514,0.466,0.323,0.489
Embryo09,mosaic_Cellbound3_z3_DAPI_mask.tif,mosaic_PolyT_z3_DAPI_mask.tif,1,2111,1913,0.75,816,1097,1295,0.427,0.387,0.254,0.406
Embryo09,mosaic_Cellbound3_z3_DAPI_mask.tif,mosaic_PolyT_z3_DAPI_mask.tif,1,2111,1913,0.8,612,1301,1499,0.32,0.29,0.179,0.304
Embryo09,mosaic_Cellbound3_z3_DAPI_mask.tif,mosaic_PolyT_z3_DAPI_mask.tif,1,2111,1913,0.85,331,1582,1780,0.173,0.157,0.09,0.165
Embryo09,mosaic_Cellbound3_z3_DAPI_mask.tif,mosaic_PolyT_z3_DAPI_mask.tif,1,2111,1913,0.9,70,1843,2041,0.037,0.033,0.018,0.035
Embryo09,mosaic_Cellbound3_z3_DAPI_mask.tif,mosaic_PolyT_z3_DAPI_mask.tif,1,2111,1913,0.95,1,1912,2110,0.0005227,0.0004737,0.0002486,0.000497
Embryo09,mosaic_Cellbound3_z3_DAPI_mask.tif,mosaic_PolyT_z3_DAPI_mask.tif,1,2111,1913,1.0,0,1913,2111,0.0,0.0,0.0,
Embryo10,mosaic_Cellbound3_z3_DAPI_mask.tif,added_image_z3_DAPI_mask.tif,1,1148,1273,0.5,898,375,250,0.705,0.782,0.59,0.742
Embryo10,mosaic_Cellbound3_z3_DAPI_mask.tif,added_image_z3_DAPI_mask.tif,1,1148,1273,0.55,874,399,274,0.687,0.761,0.565,0.722
Embryo10,mosaic_Cellbound3_z3_DAPI_mask.tif,added_image_z3_DAPI_mask.tif,1,1148,1273,0.6,848,425,300,0.666,0.739,0.539,0.701
Embryo10,mosaic_Cellbound3_z3_DAPI_mask.tif,added_image_z3_DAPI_mask.tif,1,1148,1273,0.65,818,455,330,0.643,0.713,0.51,0.676
Embryo10,mosaic_Cellbound3_z3_DAPI_mask.tif,added_image_z3_DAPI_mask.tif,1,1148,1273,0.7,781,492,367,0.614,0.68,0.476,0.645
Embryo10,mosaic_Cellbound3_z3_DAPI_mask.tif,added_image_z3_DAPI_mask.tif,1,1148,1273,0.75,726,547,422,0.57,0.632,0.428,0.6
Embryo10,mosaic_Cellbound3_z3_DAPI_mask.tif,added_image_z3_DAPI_mask.tif,1,1148,1273,0.8,664,609,484,0.522,0.578,0.378,0.549
Embryo10,mosaic_Cellbound3_z3_DAPI_mask.tif,added_image_z3_DAPI_mask.tif,1,1148,1273,0.85,560,713,588,0.44,0.488,0.301,0.463
Embryo10,mosaic_Cellbound3_z3_DAPI_mask.tif,added_image_z3_DAPI_mask.tif,1,1148,1273,0.9,357,916,791,0.28,0.311,0.173,0.295
Embryo10,mosaic_Cellbound3_z3_DAPI_mask.tif,added_image_z3_DAPI_mask.tif,1,1148,1273,0.95,56,1217,1092,0.044,0.049,0.024,0.046
Embryo10,mosaic_Cellbound3_z3_DAPI_mask.tif,added_image_z3_DAPI_mask.tif,1,1148,1273,1.0,0,1273,1148,0.0,0.0,0.0,
Embryo10,mosaic_Cellbound3_z3_DAPI_mask.tif,average_image_z3_DAPI_mask.tif,1,1148,1282,0.5,901,381,247,0.703,0.785,0.589,0.742
Embryo10,mosaic_Cellbound3_z3_DAPI_mask.tif,average_image_z3_DAPI_mask.tif,1,1148,1282,0.55,877,405,271,0.684,0.764,0.565,0.722
Embryo10,mosaic_Cellbound3_z3_DAPI_mask.tif,average_image_z3_DAPI_mask.tif,1,1148,1282,0.6,851,431,297,0.664,0.741,0.539,0.7
Embryo10,mosaic_Cellbound3_z3_DAPI_mask.tif,average_image_z3_DAPI_mask.tif,1,1148,1282,0.65,817,465,331,0.637,0.712,0.507,0.672
Embryo10,mosaic_Cellbound3_z3_DAPI_mask.tif,average_image_z3_DAPI_mask.tif,1,1148,1282,0.7,783,499,365,0.611,0.682,0.475,0.644
Embryo10,mosaic_Cellbound3_z3_DAPI_mask.tif,average_image_z3_DAPI_mask.tif,1,1148,1282,0.75,727,555,421,0.567,0.633,0.427,0.598
Embryo10,mosaic_Cellbound3_z3_DAPI_mask.tif,average_image_z3_DAPI_mask.tif,1,1148,1282,0.8,663,619,485,0.517,0.578,0.375,0.546
Embryo10,mosaic_Cellbound3_z3_DAPI_mask.tif,average_image_z3_DAPI_mask.tif,1,1148,1282,0.85,560,722,588,0.437,0.488,0.299,0.461
Embryo10,mosaic_Cellbound3_z3_DAPI_mask.tif,average_image_z3_DAPI_mask.tif,1,1148,1282,0.9,357,925,791,0.278,0.311,0.172,0.294
Embryo10,mosaic_Cellbound3_z3_DAPI_mask.tif,average_image_z3_DAPI_mask.tif,1,1148,1282,0.95,61,1221,1087,0.048,0.053,0.026,0.05
Embryo10,mosaic_Cellbound3_z3_DAPI_mask.tif,average_image_z3_DAPI_mask.tif,1,1148,1282,1.0,0,1282,1148,0.0,0.0,0.0,
Embryo10,mosaic_Cellbound3_z3_DAPI_mask.tif,max_image_z3_DAPI_mask.tif,1,1148,1181,0.5,805,376,343,0.682,0.701,0.528,0.691
Embryo10,mosaic_Cellbound3_z3_DAPI_mask.tif,max_image_z3_DAPI_mask.tif,1,1148,1181,0.55,776,405,372,0.657,0.676,0.5,0.666
Embryo10,mosaic_Cellbound3_z3_DAPI_mask.tif,max_image_z3_DAPI_mask.tif,1,1148,1181,0.6,743,438,405,0.629,0.647,0.468,0.638
Embryo10,mosaic_Cellbound3_z3_DAPI_mask.tif,max_image_z3_DAPI_mask.tif,1,1148,1181,0.65,701,480,447,0.594,0.611,0.431,0.602
Embryo10,mosaic_Cellbound3_z3_DAPI_mask.tif,max_image_z3_DAPI_mask.tif,1,1148,1181,0.7,640,541,508,0.542,0.557,0.379,0.55
Embryo10,mosaic_Cellbound3_z3_DAPI_mask.tif,max_image_z3_DAPI_mask.tif,1,1148,1181,0.75,562,619,586,0.476,0.49,0.318,0.483
Embryo10,mosaic_Cellbound3_z3_DAPI_mask.tif,max_image_z3_DAPI_mask.tif,1,1148,1181,0.8,473,708,675,0.401,0.412,0.255,0.406
Embryo10,mosaic_Cellbound3_z3_DAPI_mask.tif,max_image_z3_DAPI_mask.tif,1,1148,1181,0.85,346,835,802,0.293,0.301,0.174,0.297
Embryo10,mosaic_Cellbound3_z3_DAPI_mask.tif,max_image_z3_DAPI_mask.tif,1,1148,1181,0.9,174,1007,974,0.147,0.152,0.081,0.149
Embryo10,mosaic_Cellbound3_z3_DAPI_mask.tif,max_image_z3_DAPI_mask.tif,1,1148,1181,0.95,30,1151,1118,0.025,0.026,0.013,0.026
Embryo10,mosaic_Cellbound3_z3_DAPI_mask.tif,max_image_z3_DAPI_mask.tif,1,1148,1181,1.0,0,1181,1148,0.0,0.0,0.0,
Embryo10,mosaic_Cellbound3_z3_DAPI_mask.tif,mosaic_Cellbound1_z3_DAPI_mask.tif,1,1148,1109,0.5,698,411,450,0.629,0.608,0.448,0.619
Embryo10,mosaic_Cellbound3_z3_DAPI_mask.tif,mosaic_Cellbound1_z3_DAPI_mask.tif,1,1148,1109,0.55,663,446,485,0.598,0.578,0.416,0.588
Embryo10,mosaic_Cellbound3_z3_DAPI_mask.tif,mosaic_Cellbound1_z3_DAPI_mask.tif,1,1148,1109,0.6,624,485,524,0.563,0.544,0.382,0.553
Embryo10,mosaic_Cellbound3_z3_DAPI_mask.tif,mosaic_Cellbound1_z3_DAPI_mask.tif,1,1148,1109,0.65,579,530,569,0.522,0.504,0.345,0.513
Embryo10,mosaic_Cellbound3_z3_DAPI_mask.tif,mosaic_Cellbound1_z3_DAPI_mask.tif,1,1148,1109,0.7,520,589,628,0.469,0.453,0.299,0.461
Embryo10,mosaic_Cellbound3_z3_DAPI_mask.tif,mosaic_Cellbound1_z3_DAPI_mask.tif,1,1148,1109,0.75,446,663,702,0.402,0.389,0.246,0.395
Embryo10,mosaic_Cellbound3_z3_DAPI_mask.tif,mosaic_Cellbound1_z3_DAPI_mask.tif,1,1148,1109,0.8,355,754,793,0.32,0.309,0.187,0.315
Embryo10,mosaic_Cellbound3_z3_DAPI_mask.tif,mosaic_Cellbound1_z3_DAPI_mask.tif,1,1148,1109,0.85,233,876,915,0.21,0.203,0.115,0.206
Embryo10,mosaic_Cellbound3_z3_DAPI_mask.tif,mosaic_Cellbound1_z3_DAPI_mask.tif,1,1148,1109,0.9,94,1015,1054,0.085,0.082,0.043,0.083
Embryo10,mosaic_Cellbound3_z3_DAPI_mask.tif,mosaic_Cellbound1_z3_DAPI_mask.tif,1,1148,1109,0.95,3,1106,1145,0.003,0.003,0.001,0.003
Embryo10,mosaic_Cellbound3_z3_DAPI_mask.tif,mosaic_Cellbound1_z3_DAPI_mask.tif,1,1148,1109,1.0,0,1109,1148,0.0,0.0,0.0,
Embryo10,mosaic_Cellbound3_z3_DAPI_mask.tif,mosaic_Cellbound2_z3_DAPI_mask.tif,1,1148,2970,0.5,495,2475,653,0.167,0.431,0.137,0.24
Embryo10,mosaic_Cellbound3_z3_DAPI_mask.tif,mosaic_Cellbound2_z3_DAPI_mask.tif,1,1148,2970,0.55,432,2538,716,0.145,0.376,0.117,0.21
Embryo10,mosaic_Cellbound3_z3_DAPI_mask.tif,mosaic_Cellbound2_z3_DAPI_mask.tif,1,1148,2970,0.6,376,2594,772,0.127,0.328,0.1,0.183
Embryo10,mosaic_Cellbound3_z3_DAPI_mask.tif,mosaic_Cellbound2_z3_DAPI_mask.tif,1,1148,2970,0.65,295,2675,853,0.099,0.257,0.077,0.143
Embryo10,mosaic_Cellbound3_z3_DAPI_mask.tif,mosaic_Cellbound2_z3_DAPI_mask.tif,1,1148,2970,0.7,220,2750,928,0.074,0.192,0.056,0.107
Embryo10,mosaic_Cellbound3_z3_DAPI_mask.tif,mosaic_Cellbound2_z3_DAPI_mask.tif,1,1148,2970,0.75,143,2827,1005,0.048,0.125,0.036,0.069
Embryo10,mosaic_Cellbound3_z3_DAPI_mask.tif,mosaic_Cellbound2_z3_DAPI_mask.tif,1,1148,2970,0.8,96,2874,1052,0.032,0.084,0.024,0.047
Embryo10,mosaic_Cellbound3_z3_DAPI_mask.tif,mosaic_Cellbound2_z3_DAPI_mask.tif,1,1148,2970,0.85,49,2921,1099,0.016,0.043,0.012,0.024
Embryo10,mosaic_Cellbound3_z3_DAPI_mask.tif,mosaic_Cellbound2_z3_DAPI_mask.tif,1,1148,2970,0.9,9,2961,1139,0.003,0.008,0.002,0.004
Embryo10,mosaic_Cellbound3_z3_DAPI_mask.tif,mosaic_Cellbound2_z3_DAPI_mask.tif,1,1148,2970,0.95,0,2970,1148,0.0,0.0,0.0,
Embryo10,mosaic_Cellbound3_z3_DAPI_mask.tif,mosaic_Cellbound2_z3_DAPI_mask.tif,1,1148,2970,1.0,0,2970,1148,0.0,0.0,0.0,
Embryo10,mosaic_Cellbound3_z3_DAPI_mask.tif,mosaic_PolyT_z3_DAPI_mask.tif,1,1148,935,0.5,624,311,524,0.667,0.544,0.428,0.599
Embryo10,mosaic_Cellbound3_z3_DAPI_mask.tif,mosaic_PolyT_z3_DAPI_mask.tif,1,1148,935,0.55,589,346,559,0.63,0.513,0.394,0.566
Embryo10,mosaic_Cellbound3_z3_DAPI_mask.tif,mosaic_PolyT_z3_DAPI_mask.tif,1,1148,935,0.6,546,389,602,0.584,0.476,0.355,0.524
Embryo10,mosaic_Cellbound3_z3_DAPI_mask.tif,mosaic_PolyT_z3_DAPI_mask.tif,1,1148,935,0.65,490,445,658,0.524,0.427,0.308,0.47
Embryo10,mosaic_Cellbound3_z3_DAPI_mask.tif,mosaic_PolyT_z3_DAPI_mask.tif,1,1148,935,0.7,439,496,709,0.47,0.382,0.267,0.422
Embryo10,mosaic_Cellbound3_z3_DAPI_mask.tif,mosaic_PolyT_z3_DAPI_mask.tif,1,1148,935,0.75,366,569,782,0.391,0.319,0.213,0.351
Embryo10,mosaic_Cellbound3_z3_DAPI_mask.tif,mosaic_PolyT_z3_DAPI_mask.tif,1,1148,935,0.8,277,658,871,0.296,0.241,0.153,0.266
Embryo10,mosaic_Cellbound3_z3_DAPI_mask.tif,mosaic_PolyT_z3_DAPI_mask.tif,1,1148,935,0.85,150,785,998,0.16,0.131,0.078,0.144
Embryo10,mosaic_Cellbound3_z3_DAPI_mask.tif,mosaic_PolyT_z3_DAPI_mask.tif,1,1148,935,0.9,44,891,1104,0.047,0.038,0.022,0.042
Embryo10,mosaic_Cellbound3_z3_DAPI_mask.tif,mosaic_PolyT_z3_DAPI_mask.tif,1,1148,935,0.95,3,932,1145,0.003,0.003,0.001,0.003
Embryo10,mosaic_Cellbound3_z3_DAPI_mask.tif,mosaic_PolyT_z3_DAPI_mask.tif,1,1148,935,1.0,0,935,1148,0.0,0.0,0.0,
Embryo11,mosaic_Cellbound3_z3_DAPI_mask.tif,added_image_z3_DAPI_mask.tif,1,1761,1780,0.5,1452,328,309,0.816,0.825,0.695,0.82
Embryo11,mosaic_Cellbound3_z3_DAPI_mask.tif,added_image_z3_DAPI_mask.tif,1,1761,1780,0.55,1411,369,350,0.793,0.801,0.662,0.797
Embryo11,mosaic_Cellbound3_z3_DAPI_mask.tif,added_image_z3_DAPI_mask.tif,1,1761,1780,0.6,1374,406,387,0.772,0.78,0.634,0.776
Embryo11,mosaic_Cellbound3_z3_DAPI_mask.tif,added_image_z3_DAPI_mask.tif,1,1761,1780,0.65,1319,461,442,0.741,0.749,0.594,0.745
Embryo11,mosaic_Cellbound3_z3_DAPI_mask.tif,added_image_z3_DAPI_mask.tif,1,1761,1780,0.7,1267,513,494,0.712,0.719,0.557,0.716
Embryo11,mosaic_Cellbound3_z3_DAPI_mask.tif,added_image_z3_DAPI_mask.tif,1,1761,1780,0.75,1185,595,576,0.666,0.673,0.503,0.669
Embryo11,mosaic_Cellbound3_z3_DAPI_mask.tif,added_image_z3_DAPI_mask.tif,1,1761,1780,0.8,1060,720,701,0.596,0.602,0.427,0.599
Embryo11,mosaic_Cellbound3_z3_DAPI_mask.tif,added_image_z3_DAPI_mask.tif,1,1761,1780,0.85,873,907,888,0.49,0.496,0.327,0.493
Embryo11,mosaic_Cellbound3_z3_DAPI_mask.tif,added_image_z3_DAPI_mask.tif,1,1761,1780,0.9,548,1232,1213,0.308,0.311,0.183,0.31
Embryo11,mosaic_Cellbound3_z3_DAPI_mask.tif,added_image_z3_DAPI_mask.tif,1,1761,1780,0.95,87,1693,1674,0.049,0.049,0.025,0.049
Embryo11,mosaic_Cellbound3_z3_DAPI_mask.tif,added_image_z3_DAPI_mask.tif,1,1761,1780,1.0,0,1780,1761,0.0,0.0,0.0,
Embryo11,mosaic_Cellbound3_z3_DAPI_mask.tif,average_image_z3_DAPI_mask.tif,1,1761,1774,0.5,1456,318,305,0.821,0.827,0.7,0.824
Embryo11,mosaic_Cellbound3_z3_DAPI_mask.tif,average_image_z3_DAPI_mask.tif,1,1761,1774,0.55,1416,358,345,0.798,0.804,0.668,0.801
Embryo11,mosaic_Cellbound3_z3_DAPI_mask.tif,average_image_z3_DAPI_mask.tif,1,1761,1774,0.6,1379,395,382,0.777,0.783,0.64,0.78
Embryo11,mosaic_Cellbound3_z3_DAPI_mask.tif,average_image_z3_DAPI_mask.tif,1,1761,1774,0.65,1326,448,435,0.747,0.753,0.6,0.75
Embryo11,mosaic_Cellbound3_z3_DAPI_mask.tif,average_image_z3_DAPI_mask.tif,1,1761,1774,0.7,1272,502,489,0.717,0.722,0.562,0.72
Embryo11,mosaic_Cellbound3_z3_DAPI_mask.tif,average_image_z3_DAPI_mask.tif,1,1761,1774,0.75,1180,594,581,0.665,0.67,0.501,0.668
Embryo11,mosaic_Cellbound3_z3_DAPI_mask.tif,average_image_z3_DAPI_mask.tif,1,1761,1774,0.8,1060,714,701,0.598,0.602,0.428,0.6
Embryo11,mosaic_Cellbound3_z3_DAPI_mask.tif,average_image_z3_DAPI_mask.tif,1,1761,1774,0.85,874,900,887,0.493,0.496,0.328,0.494
Embryo11,mosaic_Cellbound3_z3_DAPI_mask.tif,average_image_z3_DAPI_mask.tif,1,1761,1774,0.9,549,1225,1212,0.309,0.312,0.184,0.311
Embryo11,mosaic_Cellbound3_z3_DAPI_mask.tif,average_image_z3_DAPI_mask.tif,1,1761,1774,0.95,87,1687,1674,0.049,0.049,0.025,0.049
Embryo11,mosaic_Cellbound3_z3_DAPI_mask.tif,average_image_z3_DAPI_mask.tif,1,1761,1774,1.0,0,1774,1761,0.0,0.0,0.0,
Embryo11,mosaic_Cellbound3_z3_DAPI_mask.tif,max_image_z3_DAPI_mask.tif,1,1761,1566,0.5,1226,340,535,0.783,0.696,0.584,0.737
Embryo11,mosaic_Cellbound3_z3_DAPI_mask.tif,max_image_z3_DAPI_mask.tif,1,1761,1566,0.55,1178,388,583,0.752,0.669,0.548,0.708
Embryo11,mosaic_Cellbound3_z3_DAPI_mask.tif,max_image_z3_DAPI_mask.tif,1,1761,1566,0.6,1110,456,651,0.709,0.63,0.501,0.667
Embryo11,mosaic_Cellbound3_z3_DAPI_mask.tif,max_image_z3_DAPI_mask.tif,1,1761,1566,0.65,1016,550,745,0.649,0.577,0.44,0.611
Embryo11,mosaic_Cellbound3_z3_DAPI_mask.tif,max_image_z3_DAPI_mask.tif,1,1761,1566,0.7,916,650,845,0.585,0.52,0.38,0.551
Embryo11,mosaic_Cellbound3_z3_DAPI_mask.tif,max_image_z3_DAPI_mask.tif,1,1761,1566,0.75,771,795,990,0.492,0.438,0.302,0.463
Embryo11,mosaic_Cellbound3_z3_DAPI_mask.tif,max_image_z3_DAPI_mask.tif,1,1761,1566,0.8,627,939,1134,0.4,0.356,0.232,0.377
Embryo11,mosaic_Cellbound3_z3_DAPI_mask.tif,max_image_z3_DAPI_mask.tif,1,1761,1566,0.85,426,1140,1335,0.272,0.242,0.147,0.256
Embryo11,mosaic_Cellbound3_z3_DAPI_mask.tif,max_image_z3_DAPI_mask.tif,1,1761,1566,0.9,180,1386,1581,0.115,0.102,0.057,0.108
Embryo11,mosaic_Cellbound3_z3_DAPI_mask.tif,max_image_z3_DAPI_mask.tif,1,1761,1566,0.95,26,1540,1735,0.017,0.015,0.008,0.016
Embryo11,mosaic_Cellbound3_z3_DAPI_mask.tif,max_image_z3_DAPI_mask.tif,1,1761,1566,1.0,0,1566,1761,0.0,0.0,0.0,
Embryo11,mosaic_Cellbound3_z3_DAPI_mask.tif,mosaic_Cellbound1_z3_DAPI_mask.tif,1,1761,1432,0.5,1037,395,724,0.724,0.589,0.481,0.65
Embryo11,mosaic_Cellbound3_z3_DAPI_mask.tif,mosaic_Cellbound1_z3_DAPI_mask.tif,1,1761,1432,0.55,981,451,780,0.685,0.557,0.443,0.614
Embryo11,mosaic_Cellbound3_z3_DAPI_mask.tif,mosaic_Cellbound1_z3_DAPI_mask.tif,1,1761,1432,0.6,898,534,863,0.627,0.51,0.391,0.562
Embryo11,mosaic_Cellbound3_z3_DAPI_mask.tif,mosaic_Cellbound1_z3_DAPI_mask.tif,1,1761,1432,0.65,804,628,957,0.561,0.457,0.337,0.504
Embryo11,mosaic_Cellbound3_z3_DAPI_mask.tif,mosaic_Cellbound1_z3_DAPI_mask.tif,1,1761,1432,0.7,685,747,1076,0.478,0.389,0.273,0.429
Embryo11,mosaic_Cellbound3_z3_DAPI_mask.tif,mosaic_Cellbound1_z3_DAPI_mask.tif,1,1761,1432,0.75,561,871,1200,0.392,0.319,0.213,0.351
Embryo11,mosaic_Cellbound3_z3_DAPI_mask.tif,mosaic_Cellbound1_z3_DAPI_mask.tif,1,1761,1432,0.8,408,1024,1353,0.285,0.232,0.146,0.256
Embryo11,mosaic_Cellbound3_z3_DAPI_mask.tif,mosaic_Cellbound1_z3_DAPI_mask.tif,1,1761,1432,0.85,217,1215,1544,0.152,0.123,0.073,0.136
Embryo11,mosaic_Cellbound3_z3_DAPI_mask.tif,mosaic_Cellbound1_z3_DAPI_mask.tif,1,1761,1432,0.9,58,1374,1703,0.041,0.033,0.019,0.036
Embryo11,mosaic_Cellbound3_z3_DAPI_mask.tif,mosaic_Cellbound1_z3_DAPI_mask.tif,1,1761,1432,0.95,3,1429,1758,0.002,0.002,0.0009404,0.002
Embryo11,mosaic_Cellbound3_z3_DAPI_mask.tif,mosaic_Cellbound1_z3_DAPI_mask.tif,1,1761,1432,1.0,0,1432,1761,0.0,0.0,0.0,
Embryo11,mosaic_Cellbound3_z3_DAPI_mask.tif,mosaic_Cellbound2_z3_DAPI_mask.tif,1,1761,2697,0.5,861,1836,900,0.319,0.489,0.239,0.386
Embryo11,mosaic_Cellbound3_z3_DAPI_mask.tif,mosaic_Cellbound2_z3_DAPI_mask.tif,1,1761,2697,0.55,774,1923,987,0.287,0.44,0.21,0.347
Embryo11,mosaic_Cellbound3_z3_DAPI_mask.tif,mosaic_Cellbound2_z3_DAPI_mask.tif,1,1761,2697,0.6,654,2043,1107,0.242,0.371,0.172,0.293
Embryo11,mosaic_Cellbound3_z3_DAPI_mask.tif,mosaic_Cellbound2_z3_DAPI_mask.tif,1,1761,2697,0.65,535,2162,1226,0.198,0.304,0.136,0.24
Embryo11,mosaic_Cellbound3_z3_DAPI_mask.tif,mosaic_Cellbound2_z3_DAPI_mask.tif,1,1761,2697,0.7,399,2298,1362,0.148,0.227,0.098,0.179
Embryo11,mosaic_Cellbound3_z3_DAPI_mask.tif,mosaic_Cellbound2_z3_DAPI_mask.tif,1,1761,2697,0.75,282,2415,1479,0.105,0.16,0.068,0.127
Embryo11,mosaic_Cellbound3_z3_DAPI_mask.tif,mosaic_Cellbound2_z3_DAPI_mask.tif,1,1761,2697,0.8,168,2529,1593,0.062,0.095,0.039,0.075
Embryo11,mosaic_Cellbound3_z3_DAPI_mask.tif,mosaic_Cellbound2_z3_DAPI_mask.tif,1,1761,2697,0.85,75,2622,1686,0.028,0.043,0.017,0.034
Embryo11,mosaic_Cellbound3_z3_DAPI_mask.tif,mosaic_Cellbound2_z3_DAPI_mask.tif,1,1761,2697,0.9,23,2674,1738,0.009,0.013,0.005,0.01
Embryo11,mosaic_Cellbound3_z3_DAPI_mask.tif,mosaic_Cellbound2_z3_DAPI_mask.tif,1,1761,2697,0.95,2,2695,1759,0.0007416,0.001,0.0004488,0.0008973
Embryo11,mosaic_Cellbound3_z3_DAPI_mask.tif,mosaic_Cellbound2_z3_DAPI_mask.tif,1,1761,2697,1.0,0,2697,1761,0.0,0.0,0.0,
Embryo11,mosaic_Cellbound3_z3_DAPI_mask.tif,mosaic_PolyT_z3_DAPI_mask.tif,1,1761,1472,0.5,1125,347,636,0.764,0.639,0.534,0.696
Embryo11,mosaic_Cellbound3_z3_DAPI_mask.tif,mosaic_PolyT_z3_DAPI_mask.tif,1,1761,1472,0.55,1074,398,687,0.73,0.61,0.497,0.664
Embryo11,mosaic_Cellbound3_z3_DAPI_mask.tif,mosaic_PolyT_z3_DAPI_mask.tif,1,1761,1472,0.6,1016,456,745,0.69,0.577,0.458,0.629
Embryo11,mosaic_Cellbound3_z3_DAPI_mask.tif,mosaic_PolyT_z3_DAPI_mask.tif,1,1761,1472,0.65,928,544,833,0.63,0.527,0.403,0.574
Embryo11,mosaic_Cellbound3_z3_DAPI_mask.tif,mosaic_PolyT_z3_DAPI_mask.tif,1,1761,1472,0.7,820,652,941,0.557,0.466,0.34,0.507
Embryo11,mosaic_Cellbound3_z3_DAPI_mask.tif,mosaic_PolyT_z3_DAPI_mask.tif,1,1761,1472,0.75,709,763,1052,0.482,0.403,0.281,0.439
Embryo11,mosaic_Cellbound3_z3_DAPI_mask.tif,mosaic_PolyT_z3_DAPI_mask.tif,1,1761,1472,0.8,540,932,1221,0.367,0.307,0.201,0.334
Embryo11,mosaic_Cellbound3_z3_DAPI_mask.tif,mosaic_PolyT_z3_DAPI_mask.tif,1,1761,1472,0.85,311,1161,1450,0.211,0.177,0.106,0.192
Embryo11,mosaic_Cellbound3_z3_DAPI_mask.tif,mosaic_PolyT_z3_DAPI_mask.tif,1,1761,1472,0.9,102,1370,1659,0.069,0.058,0.033,0.063
Embryo11,mosaic_Cellbound3_z3_DAPI_mask.tif,mosaic_PolyT_z3_DAPI_mask.tif,1,1761,1472,0.95,5,1467,1756,0.003,0.003,0.002,0.003
Embryo11,mosaic_Cellbound3_z3_DAPI_mask.tif,mosaic_PolyT_z3_DAPI_mask.tif,1,1761,1472,1.0,0,1472,1761,0.0,0.0,0.0,
Embryo12,mosaic_Cellbound3_z3_DAPI_mask.tif,added_image_z3_DAPI_mask.tif,1,1173,1567,0.5,971,596,202,0.62,0.828,0.549,0.709
Embryo12,mosaic_Cellbound3_z3_DAPI_mask.tif,added_image_z3_DAPI_mask.tif,1,1173,1567,0.55,946,621,227,0.604,0.806,0.527,0.691
Embryo12,mosaic_Cellbound3_z3_DAPI_mask.tif,added_image_z3_DAPI_mask.tif,1,1173,1567,0.6,919,648,254,0.586,0.783,0.505,0.671
Embryo12,mosaic_Cellbound3_z3_DAPI_mask.tif,added_image_z3_DAPI_mask.tif,1,1173,1567,0.65,893,674,280,0.57,0.761,0.483,0.652
Embryo12,mosaic_Cellbound3_z3_DAPI_mask.tif,added_image_z3_DAPI_mask.tif,1,1173,1567,0.7,859,708,314,0.548,0.732,0.457,0.627
Embryo12,mosaic_Cellbound3_z3_DAPI_mask.tif,added_image_z3_DAPI_mask.tif,1,1173,1567,0.75,810,757,363,0.517,0.691,0.42,0.591
Embryo12,mosaic_Cellbound3_z3_DAPI_mask.tif,added_image_z3_DAPI_mask.tif,1,1173,1567,0.8,727,840,446,0.464,0.62,0.361,0.531
Embryo12,mosaic_Cellbound3_z3_DAPI_mask.tif,added_image_z3_DAPI_mask.tif,1,1173,1567,0.85,634,933,539,0.405,0.54,0.301,0.463
Embryo12,mosaic_Cellbound3_z3_DAPI_mask.tif,added_image_z3_DAPI_mask.tif,1,1173,1567,0.9,412,1155,761,0.263,0.351,0.177,0.301
Embryo12,mosaic_Cellbound3_z3_DAPI_mask.tif,added_image_z3_DAPI_mask.tif,1,1173,1567,0.95,67,1500,1106,0.043,0.057,0.025,0.049
Embryo12,mosaic_Cellbound3_z3_DAPI_mask.tif,added_image_z3_DAPI_mask.tif,1,1173,1567,1.0,0,1567,1173,0.0,0.0,0.0,
Embryo12,mosaic_Cellbound3_z3_DAPI_mask.tif,average_image_z3_DAPI_mask.tif,1,1173,1578,0.5,974,604,199,0.617,0.83,0.548,0.708
Embryo12,mosaic_Cellbound3_z3_DAPI_mask.tif,average_image_z3_DAPI_mask.tif,1,1173,1578,0.55,947,631,226,0.6,0.807,0.525,0.688
Embryo12,mosaic_Cellbound3_z3_DAPI_mask.tif,average_image_z3_DAPI_mask.tif,1,1173,1578,0.6,922,656,251,0.584,0.786,0.504,0.67
Embryo12,mosaic_Cellbound3_z3_DAPI_mask.tif,average_image_z3_DAPI_mask.tif,1,1173,1578,0.65,899,679,274,0.57,0.766,0.485,0.654
Embryo12,mosaic_Cellbound3_z3_DAPI_mask.tif,average_image_z3_DAPI_mask.tif,1,1173,1578,0.7,865,713,308,0.548,0.737,0.459,0.629
Embryo12,mosaic_Cellbound3_z3_DAPI_mask.tif,average_image_z3_DAPI_mask.tif,1,1173,1578,0.75,812,766,361,0.515,0.692,0.419,0.59
Embryo12,mosaic_Cellbound3_z3_DAPI_mask.tif,average_image_z3_DAPI_mask.tif,1,1173,1578,0.8,731,847,442,0.463,0.623,0.362,0.531
Embryo12,mosaic_Cellbound3_z3_DAPI_mask.tif,average_image_z3_DAPI_mask.tif,1,1173,1578,0.85,631,947,542,0.4,0.538,0.298,0.459
Embryo12,mosaic_Cellbound3_z3_DAPI_mask.tif,average_image_z3_DAPI_mask.tif,1,1173,1578,0.9,411,1167,762,0.26,0.35,0.176,0.299
Embryo12,mosaic_Cellbound3_z3_DAPI_mask.tif,average_image_z3_DAPI_mask.tif,1,1173,1578,0.95,65,1513,1108,0.041,0.055,0.024,0.047
Embryo12,mosaic_Cellbound3_z3_DAPI_mask.tif,average_image_z3_DAPI_mask.tif,1,1173,1578,1.0,0,1578,1173,0.0,0.0,0.0,
Embryo12,mosaic_Cellbound3_z3_DAPI_mask.tif,max_image_z3_DAPI_mask.tif,1,1173,1686,0.5,896,790,277,0.531,0.764,0.456,0.627
Embryo12,mosaic_Cellbound3_z3_DAPI_mask.tif,max_image_z3_DAPI_mask.tif,1,1173,1686,0.55,869,817,304,0.515,0.741,0.437,0.608
Embryo12,mosaic_Cellbound3_z3_DAPI_mask.tif,max_image_z3_DAPI_mask.tif,1,1173,1686,0.6,831,855,342,0.493,0.708,0.41,0.581
Embryo12,mosaic_Cellbound3_z3_DAPI_mask.tif,max_image_z3_DAPI_mask.tif,1,1173,1686,0.65,791,895,382,0.469,0.674,0.382,0.553
Embryo12,mosaic_Cellbound3_z3_DAPI_mask.tif,max_image_z3_DAPI_mask.tif,1,1173,1686,0.7,737,949,436,0.437,0.628,0.347,0.516
Embryo12,mosaic_Cellbound3_z3_DAPI_mask.tif,max_image_z3_DAPI_mask.tif,1,1173,1686,0.75,662,1024,511,0.393,0.564,0.301,0.463
Embryo12,mosaic_Cellbound3_z3_DAPI_mask.tif,max_image_z3_DAPI_mask.tif,1,1173,1686,0.8,553,1133,620,0.328,0.471,0.24,0.387
Embryo12,mosaic_Cellbound3_z3_DAPI_mask.tif,max_image_z3_DAPI_mask.tif,1,1173,1686,0.85,396,1290,777,0.235,0.338,0.161,0.277
Embryo12,mosaic_Cellbound3_z3_DAPI_mask.tif,max_image_z3_DAPI_mask.tif,1,1173,1686,0.9,167,1519,1006,0.099,0.142,0.062,0.117
Embryo12,mosaic_Cellbound3_z3_DAPI_mask.tif,max_image_z3_DAPI_mask.tif,1,1173,1686,0.95,11,1675,1162,0.007,0.009,0.004,0.008
Embryo12,mosaic_Cellbound3_z3_DAPI_mask.tif,max_image_z3_DAPI_mask.tif,1,1173,1686,1.0,0,1686,1173,0.0,0.0,0.0,
Embryo12,mosaic_Cellbound3_z3_DAPI_mask.tif,mosaic_Cellbound1_z3_DAPI_mask.tif,1,1173,1687,0.5,886,801,287,0.525,0.755,0.449,0.62
Embryo12,mosaic_Cellbound3_z3_DAPI_mask.tif,mosaic_Cellbound1_z3_DAPI_mask.tif,1,1173,1687,0.55,857,830,316,0.508,0.731,0.428,0.599
Embryo12,mosaic_Cellbound3_z3_DAPI_mask.tif,mosaic_Cellbound1_z3_DAPI_mask.tif,1,1173,1687,0.6,816,871,357,0.484,0.696,0.399,0.571
Embryo12,mosaic_Cellbound3_z3_DAPI_mask.tif,mosaic_Cellbound1_z3_DAPI_mask.tif,1,1173,1687,0.65,773,914,400,0.458,0.659,0.37,0.541
Embryo12,mosaic_Cellbound3_z3_DAPI_mask.tif,mosaic_Cellbound1_z3_DAPI_mask.tif,1,1173,1687,0.7,710,977,463,0.421,0.605,0.33,0.497
Embryo12,mosaic_Cellbound3_z3_DAPI_mask.tif,mosaic_Cellbound1_z3_DAPI_mask.tif,1,1173,1687,0.75,636,1051,537,0.377,0.542,0.286,0.445
Embryo12,mosaic_Cellbound3_z3_DAPI_mask.tif,mosaic_Cellbound1_z3_DAPI_mask.tif,1,1173,1687,0.8,535,1152,638,0.317,0.456,0.23,0.374
Embryo12,mosaic_Cellbound3_z3_DAPI_mask.tif,mosaic_Cellbound1_z3_DAPI_mask.tif,1,1173,1687,0.85,389,1298,784,0.231,0.332,0.157,0.272
Embryo12,mosaic_Cellbound3_z3_DAPI_mask.tif,mosaic_Cellbound1_z3_DAPI_mask.tif,1,1173,1687,0.9,137,1550,1036,0.081,0.117,0.05,0.096
Embryo12,mosaic_Cellbound3_z3_DAPI_mask.tif,mosaic_Cellbound1_z3_DAPI_mask.tif,1,1173,1687,0.95,5,1682,1168,0.003,0.004,0.002,0.003
Embryo12,mosaic_Cellbound3_z3_DAPI_mask.tif,mosaic_Cellbound1_z3_DAPI_mask.tif,1,1173,1687,1.0,0,1687,1173,0.0,0.0,0.0,
Embryo12,mosaic_Cellbound3_z3_DAPI_mask.tif,mosaic_Cellbound2_z3_DAPI_mask.tif,1,1173,2200,0.5,594,1606,579,0.27,0.506,0.214,0.352
Embryo12,mosaic_Cellbound3_z3_DAPI_mask.tif,mosaic_Cellbound2_z3_DAPI_mask.tif,1,1173,2200,0.55,533,1667,640,0.242,0.454,0.188,0.316
Embryo12,mosaic_Cellbound3_z3_DAPI_mask.tif,mosaic_Cellbound2_z3_DAPI_mask.tif,1,1173,2200,0.6,444,1756,729,0.202,0.379,0.152,0.263
Embryo12,mosaic_Cellbound3_z3_DAPI_mask.tif,mosaic_Cellbound2_z3_DAPI_mask.tif,1,1173,2200,0.65,363,1837,810,0.165,0.309,0.121,0.215
Embryo12,mosaic_Cellbound3_z3_DAPI_mask.tif,mosaic_Cellbound2_z3_DAPI_mask.tif,1,1173,2200,0.7,276,1924,897,0.125,0.235,0.089,0.164
Embryo12,mosaic_Cellbound3_z3_DAPI_mask.tif,mosaic_Cellbound2_z3_DAPI_mask.tif,1,1173,2200,0.75,189,2011,984,0.086,0.161,0.059,0.112
Embryo12,mosaic_Cellbound3_z3_DAPI_mask.tif,mosaic_Cellbound2_z3_DAPI_mask.tif,1,1173,2200,0.8,112,2088,1061,0.051,0.095,0.034,0.066
Embryo12,mosaic_Cellbound3_z3_DAPI_mask.tif,mosaic_Cellbound2_z3_DAPI_mask.tif,1,1173,2200,0.85,47,2153,1126,0.021,0.04,0.014,0.028
Embryo12,mosaic_Cellbound3_z3_DAPI_mask.tif,mosaic_Cellbound2_z3_DAPI_mask.tif,1,1173,2200,0.9,8,2192,1165,0.004,0.007,0.002,0.005
Embryo12,mosaic_Cellbound3_z3_DAPI_mask.tif,mosaic_Cellbound2_z3_DAPI_mask.tif,1,1173,2200,0.95,0,2200,1173,0.0,0.0,0.0,
Embryo12,mosaic_Cellbound3_z3_DAPI_mask.tif,mosaic_Cellbound2_z3_DAPI_mask.tif,1,1173,2200,1.0,0,2200,1173,0.0,0.0,0.0,
Embryo12,mosaic_Cellbound3_z3_DAPI_mask.tif,mosaic_PolyT_z3_DAPI_mask.tif,1,1173,1059,0.5,712,347,461,0.672,0.607,0.468,0.638
Embryo12,mosaic_Cellbound3_z3_DAPI_mask.tif,mosaic_PolyT_z3_DAPI_mask.tif,1,1173,1059,0.55,674,385,499,0.636,0.575,0.433,0.604
Embryo12,mosaic_Cellbound3_z3_DAPI_mask.tif,mosaic_PolyT_z3_DAPI_mask.tif,1,1173,1059,0.6,636,423,537,0.601,0.542,0.398,0.57
Embryo12,mosaic_Cellbound3_z3_DAPI_mask.tif,mosaic_PolyT_z3_DAPI_mask.tif,1,1173,1059,0.65,583,476,590,0.551,0.497,0.354,0.522
Embryo12,mosaic_Cellbound3_z3_DAPI_mask.tif,mosaic_PolyT_z3_DAPI_mask.tif,1,1173,1059,0.7,528,531,645,0.499,0.45,0.31,0.473
Embryo12,mosaic_Cellbound3_z3_DAPI_mask.tif,mosaic_PolyT_z3_DAPI_mask.tif,1,1173,1059,0.75,450,609,723,0.425,0.384,0.253,0.403
Embryo12,mosaic_Cellbound3_z3_DAPI_mask.tif,mosaic_PolyT_z3_DAPI_mask.tif,1,1173,1059,0.8,348,711,825,0.329,0.297,0.185,0.312
Embryo12,mosaic_Cellbound3_z3_DAPI_mask.tif,mosaic_PolyT_z3_DAPI_mask.tif,1,1173,1059,0.85,211,848,962,0.199,0.18,0.104,0.189
Embryo12,mosaic_Cellbound3_z3_DAPI_mask.tif,mosaic_PolyT_z3_DAPI_mask.tif,1,1173,1059,0.9,69,990,1104,0.065,0.059,0.032,0.062
Embryo12,mosaic_Cellbound3_z3_DAPI_mask.tif,mosaic_PolyT_z3_DAPI_mask.tif,1,1173,1059,0.95,2,1057,1171,0.002,0.002,0.0008969,0.002
Embryo12,mosaic_Cellbound3_z3_DAPI_mask.tif,mosaic_PolyT_z3_DAPI_mask.tif,1,1173,1059,1.0,0,1059,1173,0.0,0.0,0.0,
Embryo13,mosaic_Cellbound3_z3_DAPI_mask.tif,added_image_z3_DAPI_mask.tif,1,1175,1240,0.5,785,455,390,0.633,0.668,0.482,0.65
Embryo13,mosaic_Cellbound3_z3_DAPI_mask.tif,added_image_z3_DAPI_mask.tif,1,1175,1240,0.55,748,492,427,0.603,0.637,0.449,0.619
Embryo13,mosaic_Cellbound3_z3_DAPI_mask.tif,added_image_z3_DAPI_mask.tif,1,1175,1240,0.6,707,533,468,0.57,0.602,0.414,0.586
Embryo13,mosaic_Cellbound3_z3_DAPI_mask.tif,added_image_z3_DAPI_mask.tif,1,1175,1240,0.65,650,590,525,0.524,0.553,0.368,0.538
Embryo13,mosaic_Cellbound3_z3_DAPI_mask.tif,added_image_z3_DAPI_mask.tif,1,1175,1240,0.7,581,659,594,0.469,0.494,0.317,0.481
Embryo13,mosaic_Cellbound3_z3_DAPI_mask.tif,added_image_z3_DAPI_mask.tif,1,1175,1240,0.75,506,734,669,0.408,0.431,0.265,0.419
Embryo13,mosaic_Cellbound3_z3_DAPI_mask.tif,added_image_z3_DAPI_mask.tif,1,1175,1240,0.8,397,843,778,0.32,0.338,0.197,0.329
Embryo13,mosaic_Cellbound3_z3_DAPI_mask.tif,added_image_z3_DAPI_mask.tif,1,1175,1240,0.85,264,976,911,0.213,0.225,0.123,0.219
Embryo13,mosaic_Cellbound3_z3_DAPI_mask.tif,added_image_z3_DAPI_mask.tif,1,1175,1240,0.9,106,1134,1069,0.085,0.09,0.046,0.088
Embryo13,mosaic_Cellbound3_z3_DAPI_mask.tif,added_image_z3_DAPI_mask.tif,1,1175,1240,0.95,11,1229,1164,0.009,0.009,0.005,0.009
Embryo13,mosaic_Cellbound3_z3_DAPI_mask.tif,added_image_z3_DAPI_mask.tif,1,1175,1240,1.0,0,1240,1175,0.0,0.0,0.0,
Embryo13,mosaic_Cellbound3_z3_DAPI_mask.tif,average_image_z3_DAPI_mask.tif,1,1175,1256,0.5,789,467,386,0.628,0.671,0.481,0.649
Embryo13,mosaic_Cellbound3_z3_DAPI_mask.tif,average_image_z3_DAPI_mask.tif,1,1175,1256,0.55,750,506,425,0.597,0.638,0.446,0.617
Embryo13,mosaic_Cellbound3_z3_DAPI_mask.tif,average_image_z3_DAPI_mask.tif,1,1175,1256,0.6,708,548,467,0.564,0.603,0.411,0.582
Embryo13,mosaic_Cellbound3_z3_DAPI_mask.tif,average_image_z3_DAPI_mask.tif,1,1175,1256,0.65,652,604,523,0.519,0.555,0.366,0.536
Embryo13,mosaic_Cellbound3_z3_DAPI_mask.tif,average_image_z3_DAPI_mask.tif,1,1175,1256,0.7,579,677,596,0.461,0.493,0.313,0.476
Embryo13,mosaic_Cellbound3_z3_DAPI_mask.tif,average_image_z3_DAPI_mask.tif,1,1175,1256,0.75,510,746,665,0.406,0.434,0.265,0.42
Embryo13,mosaic_Cellbound3_z3_DAPI_mask.tif,average_image_z3_DAPI_mask.tif,1,1175,1256,0.8,390,866,785,0.311,0.332,0.191,0.321
Embryo13,mosaic_Cellbound3_z3_DAPI_mask.tif,average_image_z3_DAPI_mask.tif,1,1175,1256,0.85,263,993,912,0.209,0.224,0.121,0.216
Embryo13,mosaic_Cellbound3_z3_DAPI_mask.tif,average_image_z3_DAPI_mask.tif,1,1175,1256,0.9,116,1140,1059,0.092,0.099,0.05,0.095
Embryo13,mosaic_Cellbound3_z3_DAPI_mask.tif,average_image_z3_DAPI_mask.tif,1,1175,1256,0.95,13,1243,1162,0.01,0.011,0.005,0.011
Embryo13,mosaic_Cellbound3_z3_DAPI_mask.tif,average_image_z3_DAPI_mask.tif,1,1175,1256,1.0,0,1256,1175,0.0,0.0,0.0,
Embryo13,mosaic_Cellbound3_z3_DAPI_mask.tif,max_image_z3_DAPI_mask.tif,1,1175,1129,0.5,704,425,471,0.624,0.599,0.44,0.611
Embryo13,mosaic_Cellbound3_z3_DAPI_mask.tif,max_image_z3_DAPI_mask.tif,1,1175,1129,0.55,664,465,511,0.588,0.565,0.405,0.576
Embryo13,mosaic_Cellbound3_z3_DAPI_mask.tif,max_image_z3_DAPI_mask.tif,1,1175,1129,0.6,606,523,569,0.537,0.516,0.357,0.526
Embryo13,mosaic_Cellbound3_z3_DAPI_mask.tif,max_image_z3_DAPI_mask.tif,1,1175,1129,0.65,535,594,640,0.474,0.455,0.302,0.464
Embryo13,mosaic_Cellbound3_z3_DAPI_mask.tif,max_image_z3_DAPI_mask.tif,1,1175,1129,0.7,450,679,725,0.399,0.383,0.243,0.391
Embryo13,mosaic_Cellbound3_z3_DAPI_mask.tif,max_image_z3_DAPI_mask.tif,1,1175,1129,0.75,370,759,805,0.328,0.315,0.191,0.321
Embryo13,mosaic_Cellbound3_z3_DAPI_mask.tif,max_image_z3_DAPI_mask.tif,1,1175,1129,0.8,280,849,895,0.248,0.238,0.138,0.243
Embryo13,mosaic_Cellbound3_z3_DAPI_mask.tif,max_image_z3_DAPI_mask.tif,1,1175,1129,0.85,170,959,1005,0.151,0.145,0.08,0.148
Embryo13,mosaic_Cellbound3_z3_DAPI_mask.tif,max_image_z3_DAPI_mask.tif,1,1175,1129,0.9,59,1070,1116,0.052,0.05,0.026,0.051
Embryo13,mosaic_Cellbound3_z3_DAPI_mask.tif,max_image_z3_DAPI_mask.tif,1,1175,1129,0.95,9,1120,1166,0.008,0.008,0.004,0.008
Embryo13,mosaic_Cellbound3_z3_DAPI_mask.tif,max_image_z3_DAPI_mask.tif,1,1175,1129,1.0,0,1129,1175,0.0,0.0,0.0,
Embryo13,mosaic_Cellbound3_z3_DAPI_mask.tif,mosaic_Cellbound1_z3_DAPI_mask.tif,1,1175,1169,0.5,604,565,571,0.517,0.514,0.347,0.515
Embryo13,mosaic_Cellbound3_z3_DAPI_mask.tif,mosaic_Cellbound1_z3_DAPI_mask.tif,1,1175,1169,0.55,554,615,621,0.474,0.471,0.309,0.473
Embryo13,mosaic_Cellbound3_z3_DAPI_mask.tif,mosaic_Cellbound1_z3_DAPI_mask.tif,1,1175,1169,0.6,505,664,670,0.432,0.43,0.275,0.431
Embryo13,mosaic_Cellbound3_z3_DAPI_mask.tif,mosaic_Cellbound1_z3_DAPI_mask.tif,1,1175,1169,0.65,448,721,727,0.383,0.381,0.236,0.382
Embryo13,mosaic_Cellbound3_z3_DAPI_mask.tif,mosaic_Cellbound1_z3_DAPI_mask.tif,1,1175,1169,0.7,371,798,804,0.317,0.316,0.188,0.317
Embryo13,mosaic_Cellbound3_z3_DAPI_mask.tif,mosaic_Cellbound1_z3_DAPI_mask.tif,1,1175,1169,0.75,306,863,869,0.262,0.26,0.15,0.261
Embryo13,mosaic_Cellbound3_z3_DAPI_mask.tif,mosaic_Cellbound1_z3_DAPI_mask.tif,1,1175,1169,0.8,205,964,970,0.175,0.174,0.096,0.175
Embryo13,mosaic_Cellbound3_z3_DAPI_mask.tif,mosaic_Cellbound1_z3_DAPI_mask.tif,1,1175,1169,0.85,100,1069,1075,0.086,0.085,0.045,0.085
Embryo13,mosaic_Cellbound3_z3_DAPI_mask.tif,mosaic_Cellbound1_z3_DAPI_mask.tif,1,1175,1169,0.9,21,1148,1154,0.018,0.018,0.009,0.018
Embryo13,mosaic_Cellbound3_z3_DAPI_mask.tif,mosaic_Cellbound1_z3_DAPI_mask.tif,1,1175,1169,0.95,0,1169,1175,0.0,0.0,0.0,
Embryo13,mosaic_Cellbound3_z3_DAPI_mask.tif,mosaic_Cellbound1_z3_DAPI_mask.tif,1,1175,1169,1.0,0,1169,1175,0.0,0.0,0.0,
Embryo13,mosaic_Cellbound3_z3_DAPI_mask.tif,mosaic_Cellbound2_z3_DAPI_mask.tif,1,1175,2744,0.5,442,2302,733,0.161,0.376,0.127,0.226
Embryo13,mosaic_Cellbound3_z3_DAPI_mask.tif,mosaic_Cellbound2_z3_DAPI_mask.tif,1,1175,2744,0.55,400,2344,775,0.146,0.34,0.114,0.204
Embryo13,mosaic_Cellbound3_z3_DAPI_mask.tif,mosaic_Cellbound2_z3_DAPI_mask.tif,1,1175,2744,0.6,335,2409,840,0.122,0.285,0.093,0.171
Embryo13,mosaic_Cellbound3_z3_DAPI_mask.tif,mosaic_Cellbound2_z3_DAPI_mask.tif,1,1175,2744,0.65,265,2479,910,0.097,0.226,0.073,0.135
Embryo13,mosaic_Cellbound3_z3_DAPI_mask.tif,mosaic_Cellbound2_z3_DAPI_mask.tif,1,1175,2744,0.7,189,2555,986,0.069,0.161,0.051,0.096
Embryo13,mosaic_Cellbound3_z3_DAPI_mask.tif,mosaic_Cellbound2_z3_DAPI_mask.tif,1,1175,2744,0.75,118,2626,1057,0.043,0.1,0.031,0.06
Embryo13,mosaic_Cellbound3_z3_DAPI_mask.tif,mosaic_Cellbound2_z3_DAPI_mask.tif,1,1175,2744,0.8,55,2689,1120,0.02,0.047,0.014,0.028
Embryo13,mosaic_Cellbound3_z3_DAPI_mask.tif,mosaic_Cellbound2_z3_DAPI_mask.tif,1,1175,2744,0.85,19,2725,1156,0.007,0.016,0.005,0.01
Embryo13,mosaic_Cellbound3_z3_DAPI_mask.tif,mosaic_Cellbound2_z3_DAPI_mask.tif,1,1175,2744,0.9,2,2742,1173,0.0007289,0.002,0.0005106,0.001
Embryo13,mosaic_Cellbound3_z3_DAPI_mask.tif,mosaic_Cellbound2_z3_DAPI_mask.tif,1,1175,2744,0.95,0,2744,1175,0.0,0.0,0.0,
Embryo13,mosaic_Cellbound3_z3_DAPI_mask.tif,mosaic_Cellbound2_z3_DAPI_mask.tif,1,1175,2744,1.0,0,2744,1175,0.0,0.0,0.0,
Embryo13,mosaic_Cellbound3_z3_DAPI_mask.tif,mosaic_PolyT_z3_DAPI_mask.tif,1,1175,995,0.5,567,428,608,0.57,0.483,0.354,0.523
Embryo13,mosaic_Cellbound3_z3_DAPI_mask.tif,mosaic_PolyT_z3_DAPI_mask.tif,1,1175,995,0.55,521,474,654,0.524,0.443,0.316,0.48
Embryo13,mosaic_Cellbound3_z3_DAPI_mask.tif,mosaic_PolyT_z3_DAPI_mask.tif,1,1175,995,0.6,467,528,708,0.469,0.397,0.274,0.43
Embryo13,mosaic_Cellbound3_z3_DAPI_mask.tif,mosaic_PolyT_z3_DAPI_mask.tif,1,1175,995,0.65,408,587,767,0.41,0.347,0.232,0.376
Embryo13,mosaic_Cellbound3_z3_DAPI_mask.tif,mosaic_PolyT_z3_DAPI_mask.tif,1,1175,995,0.7,341,654,834,0.343,0.29,0.186,0.314
Embryo13,mosaic_Cellbound3_z3_DAPI_mask.tif,mosaic_PolyT_z3_DAPI_mask.tif,1,1175,995,0.75,277,718,898,0.278,0.236,0.146,0.255
Embryo13,mosaic_Cellbound3_z3_DAPI_mask.tif,mosaic_PolyT_z3_DAPI_mask.tif,1,1175,995,0.8,197,798,978,0.198,0.168,0.1,0.182
Embryo13,mosaic_Cellbound3_z3_DAPI_mask.tif,mosaic_PolyT_z3_DAPI_mask.tif,1,1175,995,0.85,96,899,1079,0.096,0.082,0.046,0.088
Embryo13,mosaic_Cellbound3_z3_DAPI_mask.tif,mosaic_PolyT_z3_DAPI_mask.tif,1,1175,995,0.9,22,973,1153,0.022,0.019,0.01,0.02
Embryo13,mosaic_Cellbound3_z3_DAPI_mask.tif,mosaic_PolyT_z3_DAPI_mask.tif,1,1175,995,0.95,0,995,1175,0.0,0.0,0.0,
Embryo13,mosaic_Cellbound3_z3_DAPI_mask.tif,mosaic_PolyT_z3_DAPI_mask.tif,1,1175,995,1.0,0,995,1175,0.0,0.0,0.0,
