Embryo,Truth image,Test image,Slice number,Truth objects,Test objects,Object IoU threshold,Object TP,Object FP,Object FN,Object Precision,Object Recall/Sensitivity,Object Jaccard Index,Object F-measure
Embryo01,mosaic_Cellbound3_z3_DAPI_mask_endo.tif,added_image_z3_DAPI_mask_endo.tif,1,48,50,0.5,42,8,6,0.84,0.875,0.75,0.857
Embryo01,mosaic_Cellbound3_z3_DAPI_mask_endo.tif,added_image_z3_DAPI_mask_endo.tif,1,48,50,0.55,41,9,7,0.82,0.854,0.719,0.837
Embryo01,mosaic_Cellbound3_z3_DAPI_mask_endo.tif,added_image_z3_DAPI_mask_endo.tif,1,48,50,0.6,41,9,7,0.82,0.854,0.719,0.837
Embryo01,mosaic_Cellbound3_z3_DAPI_mask_endo.tif,added_image_z3_DAPI_mask_endo.tif,1,48,50,0.65,41,9,7,0.82,0.854,0.719,0.837
Embryo01,mosaic_Cellbound3_z3_DAPI_mask_endo.tif,added_image_z3_DAPI_mask_endo.tif,1,48,50,0.7,40,10,8,0.8,0.833,0.69,0.816
Embryo01,mosaic_Cellbound3_z3_DAPI_mask_endo.tif,added_image_z3_DAPI_mask_endo.tif,1,48,50,0.75,36,14,12,0.72,0.75,0.581,0.735
Embryo01,mosaic_Cellbound3_z3_DAPI_mask_endo.tif,added_image_z3_DAPI_mask_endo.tif,1,48,50,0.8,36,14,12,0.72,0.75,0.581,0.735
Embryo01,mosaic_Cellbound3_z3_DAPI_mask_endo.tif,added_image_z3_DAPI_mask_endo.tif,1,48,50,0.85,34,16,14,0.68,0.708,0.531,0.694
Embryo01,mosaic_Cellbound3_z3_DAPI_mask_endo.tif,added_image_z3_DAPI_mask_endo.tif,1,48,50,0.9,30,20,18,0.6,0.625,0.441,0.612
Embryo01,mosaic_Cellbound3_z3_DAPI_mask_endo.tif,added_image_z3_DAPI_mask_endo.tif,1,48,50,0.95,7,43,41,0.14,0.146,0.077,0.143
Embryo01,mosaic_Cellbound3_z3_DAPI_mask_endo.tif,added_image_z3_DAPI_mask_endo.tif,1,48,50,1.0,0,50,48,0.0,0.0,0.0,
Embryo01,mosaic_Cellbound3_z3_DAPI_mask_endo.tif,average_image_z3_DAPI_mask_endo.tif,1,48,44,0.5,39,5,9,0.886,0.812,0.736,0.848
Embryo01,mosaic_Cellbound3_z3_DAPI_mask_endo.tif,average_image_z3_DAPI_mask_endo.tif,1,48,44,0.55,38,6,10,0.864,0.792,0.704,0.826
Embryo01,mosaic_Cellbound3_z3_DAPI_mask_endo.tif,average_image_z3_DAPI_mask_endo.tif,1,48,44,0.6,37,7,11,0.841,0.771,0.673,0.804
Embryo01,mosaic_Cellbound3_z3_DAPI_mask_endo.tif,average_image_z3_DAPI_mask_endo.tif,1,48,44,0.65,37,7,11,0.841,0.771,0.673,0.804
Embryo01,mosaic_Cellbound3_z3_DAPI_mask_endo.tif,average_image_z3_DAPI_mask_endo.tif,1,48,44,0.7,37,7,11,0.841,0.771,0.673,0.804
Embryo01,mosaic_Cellbound3_z3_DAPI_mask_endo.tif,average_image_z3_DAPI_mask_endo.tif,1,48,44,0.75,37,7,11,0.841,0.771,0.673,0.804
Embryo01,mosaic_Cellbound3_z3_DAPI_mask_endo.tif,average_image_z3_DAPI_mask_endo.tif,1,48,44,0.8,35,9,13,0.795,0.729,0.614,0.761
Embryo01,mosaic_Cellbound3_z3_DAPI_mask_endo.tif,average_image_z3_DAPI_mask_endo.tif,1,48,44,0.85,33,11,15,0.75,0.688,0.559,0.717
Embryo01,mosaic_Cellbound3_z3_DAPI_mask_endo.tif,average_image_z3_DAPI_mask_endo.tif,1,48,44,0.9,24,20,24,0.545,0.5,0.353,0.522
Embryo01,mosaic_Cellbound3_z3_DAPI_mask_endo.tif,average_image_z3_DAPI_mask_endo.tif,1,48,44,0.95,7,37,41,0.159,0.146,0.082,0.152
Embryo01,mosaic_Cellbound3_z3_DAPI_mask_endo.tif,average_image_z3_DAPI_mask_endo.tif,1,48,44,1.0,0,44,48,0.0,0.0,0.0,
Embryo01,mosaic_Cellbound3_z3_DAPI_mask_endo.tif,max_image_z3_DAPI_mask_endo.tif,1,48,45,0.5,38,7,10,0.844,0.792,0.691,0.817
Embryo01,mosaic_Cellbound3_z3_DAPI_mask_endo.tif,max_image_z3_DAPI_mask_endo.tif,1,48,45,0.55,37,8,11,0.822,0.771,0.661,0.796
Embryo01,mosaic_Cellbound3_z3_DAPI_mask_endo.tif,max_image_z3_DAPI_mask_endo.tif,1,48,45,0.6,37,8,11,0.822,0.771,0.661,0.796
Embryo01,mosaic_Cellbound3_z3_DAPI_mask_endo.tif,max_image_z3_DAPI_mask_endo.tif,1,48,45,0.65,36,9,12,0.8,0.75,0.632,0.774
Embryo01,mosaic_Cellbound3_z3_DAPI_mask_endo.tif,max_image_z3_DAPI_mask_endo.tif,1,48,45,0.7,36,9,12,0.8,0.75,0.632,0.774
Embryo01,mosaic_Cellbound3_z3_DAPI_mask_endo.tif,max_image_z3_DAPI_mask_endo.tif,1,48,45,0.75,34,11,14,0.756,0.708,0.576,0.731
Embryo01,mosaic_Cellbound3_z3_DAPI_mask_endo.tif,max_image_z3_DAPI_mask_endo.tif,1,48,45,0.8,30,15,18,0.667,0.625,0.476,0.645
Embryo01,mosaic_Cellbound3_z3_DAPI_mask_endo.tif,max_image_z3_DAPI_mask_endo.tif,1,48,45,0.85,23,22,25,0.511,0.479,0.329,0.495
Embryo01,mosaic_Cellbound3_z3_DAPI_mask_endo.tif,max_image_z3_DAPI_mask_endo.tif,1,48,45,0.9,14,31,34,0.311,0.292,0.177,0.301
Embryo01,mosaic_Cellbound3_z3_DAPI_mask_endo.tif,max_image_z3_DAPI_mask_endo.tif,1,48,45,0.95,8,37,40,0.178,0.167,0.094,0.172
Embryo01,mosaic_Cellbound3_z3_DAPI_mask_endo.tif,max_image_z3_DAPI_mask_endo.tif,1,48,45,1.0,0,45,48,0.0,0.0,0.0,
Embryo01,mosaic_Cellbound3_z3_DAPI_mask_endo.tif,mosaic_Cellbound1_z3_DAPI_mask_endo.tif,1,48,44,0.5,32,12,16,0.727,0.667,0.533,0.696
Embryo01,mosaic_Cellbound3_z3_DAPI_mask_endo.tif,mosaic_Cellbound1_z3_DAPI_mask_endo.tif,1,48,44,0.55,31,13,17,0.705,0.646,0.508,0.674
Embryo01,mosaic_Cellbound3_z3_DAPI_mask_endo.tif,mosaic_Cellbound1_z3_DAPI_mask_endo.tif,1,48,44,0.6,28,16,20,0.636,0.583,0.438,0.609
Embryo01,mosaic_Cellbound3_z3_DAPI_mask_endo.tif,mosaic_Cellbound1_z3_DAPI_mask_endo.tif,1,48,44,0.65,25,19,23,0.568,0.521,0.373,0.543
Embryo01,mosaic_Cellbound3_z3_DAPI_mask_endo.tif,mosaic_Cellbound1_z3_DAPI_mask_endo.tif,1,48,44,0.7,23,21,25,0.523,0.479,0.333,0.5
Embryo01,mosaic_Cellbound3_z3_DAPI_mask_endo.tif,mosaic_Cellbound1_z3_DAPI_mask_endo.tif,1,48,44,0.75,18,26,30,0.409,0.375,0.243,0.391
Embryo01,mosaic_Cellbound3_z3_DAPI_mask_endo.tif,mosaic_Cellbound1_z3_DAPI_mask_endo.tif,1,48,44,0.8,12,32,36,0.273,0.25,0.15,0.261
Embryo01,mosaic_Cellbound3_z3_DAPI_mask_endo.tif,mosaic_Cellbound1_z3_DAPI_mask_endo.tif,1,48,44,0.85,6,38,42,0.136,0.125,0.07,0.13
Embryo01,mosaic_Cellbound3_z3_DAPI_mask_endo.tif,mosaic_Cellbound1_z3_DAPI_mask_endo.tif,1,48,44,0.9,2,42,46,0.045,0.042,0.022,0.043
Embryo01,mosaic_Cellbound3_z3_DAPI_mask_endo.tif,mosaic_Cellbound1_z3_DAPI_mask_endo.tif,1,48,44,0.95,1,43,47,0.023,0.021,0.011,0.022
Embryo01,mosaic_Cellbound3_z3_DAPI_mask_endo.tif,mosaic_Cellbound1_z3_DAPI_mask_endo.tif,1,48,44,1.0,0,44,48,0.0,0.0,0.0,
Embryo01,mosaic_Cellbound3_z3_DAPI_mask_endo.tif,mosaic_Cellbound2_z3_DAPI_mask_endo.tif,1,48,63,0.5,27,36,21,0.429,0.562,0.321,0.486
Embryo01,mosaic_Cellbound3_z3_DAPI_mask_endo.tif,mosaic_Cellbound2_z3_DAPI_mask_endo.tif,1,48,63,0.55,26,37,22,0.413,0.542,0.306,0.468
Embryo01,mosaic_Cellbound3_z3_DAPI_mask_endo.tif,mosaic_Cellbound2_z3_DAPI_mask_endo.tif,1,48,63,0.6,20,43,28,0.317,0.417,0.22,0.36
Embryo01,mosaic_Cellbound3_z3_DAPI_mask_endo.tif,mosaic_Cellbound2_z3_DAPI_mask_endo.tif,1,48,63,0.65,13,50,35,0.206,0.271,0.133,0.234
Embryo01,mosaic_Cellbound3_z3_DAPI_mask_endo.tif,mosaic_Cellbound2_z3_DAPI_mask_endo.tif,1,48,63,0.7,10,53,38,0.159,0.208,0.099,0.18
Embryo01,mosaic_Cellbound3_z3_DAPI_mask_endo.tif,mosaic_Cellbound2_z3_DAPI_mask_endo.tif,1,48,63,0.75,6,57,42,0.095,0.125,0.057,0.108
Embryo01,mosaic_Cellbound3_z3_DAPI_mask_endo.tif,mosaic_Cellbound2_z3_DAPI_mask_endo.tif,1,48,63,0.8,4,59,44,0.063,0.083,0.037,0.072
Embryo01,mosaic_Cellbound3_z3_DAPI_mask_endo.tif,mosaic_Cellbound2_z3_DAPI_mask_endo.tif,1,48,63,0.85,3,60,45,0.048,0.062,0.028,0.054
Embryo01,mosaic_Cellbound3_z3_DAPI_mask_endo.tif,mosaic_Cellbound2_z3_DAPI_mask_endo.tif,1,48,63,0.9,1,62,47,0.016,0.021,0.009,0.018
Embryo01,mosaic_Cellbound3_z3_DAPI_mask_endo.tif,mosaic_Cellbound2_z3_DAPI_mask_endo.tif,1,48,63,0.95,0,63,48,0.0,0.0,0.0,
Embryo01,mosaic_Cellbound3_z3_DAPI_mask_endo.tif,mosaic_Cellbound2_z3_DAPI_mask_endo.tif,1,48,63,1.0,0,63,48,0.0,0.0,0.0,
Embryo01,mosaic_Cellbound3_z3_DAPI_mask_endo.tif,mosaic_PolyT_z3_DAPI_mask_endo.tif,1,48,43,0.5,23,20,25,0.535,0.479,0.338,0.505
Embryo01,mosaic_Cellbound3_z3_DAPI_mask_endo.tif,mosaic_PolyT_z3_DAPI_mask_endo.tif,1,48,43,0.55,21,22,27,0.488,0.438,0.3,0.462
Embryo01,mosaic_Cellbound3_z3_DAPI_mask_endo.tif,mosaic_PolyT_z3_DAPI_mask_endo.tif,1,48,43,0.6,16,27,32,0.372,0.333,0.213,0.352
Embryo01,mosaic_Cellbound3_z3_DAPI_mask_endo.tif,mosaic_PolyT_z3_DAPI_mask_endo.tif,1,48,43,0.65,15,28,33,0.349,0.312,0.197,0.33
Embryo01,mosaic_Cellbound3_z3_DAPI_mask_endo.tif,mosaic_PolyT_z3_DAPI_mask_endo.tif,1,48,43,0.7,8,35,40,0.186,0.167,0.096,0.176
Embryo01,mosaic_Cellbound3_z3_DAPI_mask_endo.tif,mosaic_PolyT_z3_DAPI_mask_endo.tif,1,48,43,0.75,5,38,43,0.116,0.104,0.058,0.11
Embryo01,mosaic_Cellbound3_z3_DAPI_mask_endo.tif,mosaic_PolyT_z3_DAPI_mask_endo.tif,1,48,43,0.8,3,40,45,0.07,0.062,0.034,0.066
Embryo01,mosaic_Cellbound3_z3_DAPI_mask_endo.tif,mosaic_PolyT_z3_DAPI_mask_endo.tif,1,48,43,0.85,1,42,47,0.023,0.021,0.011,0.022
Embryo01,mosaic_Cellbound3_z3_DAPI_mask_endo.tif,mosaic_PolyT_z3_DAPI_mask_endo.tif,1,48,43,0.9,0,43,48,0.0,0.0,0.0,
Embryo01,mosaic_Cellbound3_z3_DAPI_mask_endo.tif,mosaic_PolyT_z3_DAPI_mask_endo.tif,1,48,43,0.95,0,43,48,0.0,0.0,0.0,
Embryo01,mosaic_Cellbound3_z3_DAPI_mask_endo.tif,mosaic_PolyT_z3_DAPI_mask_endo.tif,1,48,43,1.0,0,43,48,0.0,0.0,0.0,
Embryo03,mosaic_Cellbound3_z3_DAPI_mask_endo.tif,added_image_z3_DAPI_mask_endo.tif,1,121,134,0.5,101,33,20,0.754,0.835,0.656,0.792
Embryo03,mosaic_Cellbound3_z3_DAPI_mask_endo.tif,added_image_z3_DAPI_mask_endo.tif,1,121,134,0.55,100,34,21,0.746,0.826,0.645,0.784
Embryo03,mosaic_Cellbound3_z3_DAPI_mask_endo.tif,added_image_z3_DAPI_mask_endo.tif,1,121,134,0.6,96,38,25,0.716,0.793,0.604,0.753
Embryo03,mosaic_Cellbound3_z3_DAPI_mask_endo.tif,added_image_z3_DAPI_mask_endo.tif,1,121,134,0.65,92,42,29,0.687,0.76,0.564,0.722
Embryo03,mosaic_Cellbound3_z3_DAPI_mask_endo.tif,added_image_z3_DAPI_mask_endo.tif,1,121,134,0.7,86,48,35,0.642,0.711,0.509,0.675
Embryo03,mosaic_Cellbound3_z3_DAPI_mask_endo.tif,added_image_z3_DAPI_mask_endo.tif,1,121,134,0.75,81,53,40,0.604,0.669,0.466,0.635
Embryo03,mosaic_Cellbound3_z3_DAPI_mask_endo.tif,added_image_z3_DAPI_mask_endo.tif,1,121,134,0.8,79,55,42,0.59,0.653,0.449,0.62
Embryo03,mosaic_Cellbound3_z3_DAPI_mask_endo.tif,added_image_z3_DAPI_mask_endo.tif,1,121,134,0.85,75,59,46,0.56,0.62,0.417,0.588
Embryo03,mosaic_Cellbound3_z3_DAPI_mask_endo.tif,added_image_z3_DAPI_mask_endo.tif,1,121,134,0.9,66,68,55,0.493,0.545,0.349,0.518
Embryo03,mosaic_Cellbound3_z3_DAPI_mask_endo.tif,added_image_z3_DAPI_mask_endo.tif,1,121,134,0.95,42,92,79,0.313,0.347,0.197,0.329
Embryo03,mosaic_Cellbound3_z3_DAPI_mask_endo.tif,added_image_z3_DAPI_mask_endo.tif,1,121,134,1.0,0,134,121,0.0,0.0,0.0,
Embryo03,mosaic_Cellbound3_z3_DAPI_mask_endo.tif,average_image_z3_DAPI_mask_endo.tif,1,121,133,0.5,101,32,20,0.759,0.835,0.66,0.795
Embryo03,mosaic_Cellbound3_z3_DAPI_mask_endo.tif,average_image_z3_DAPI_mask_endo.tif,1,121,133,0.55,101,32,20,0.759,0.835,0.66,0.795
Embryo03,mosaic_Cellbound3_z3_DAPI_mask_endo.tif,average_image_z3_DAPI_mask_endo.tif,1,121,133,0.6,96,37,25,0.722,0.793,0.608,0.756
Embryo03,mosaic_Cellbound3_z3_DAPI_mask_endo.tif,average_image_z3_DAPI_mask_endo.tif,1,121,133,0.65,94,39,27,0.707,0.777,0.588,0.74
Embryo03,mosaic_Cellbound3_z3_DAPI_mask_endo.tif,average_image_z3_DAPI_mask_endo.tif,1,121,133,0.7,89,44,32,0.669,0.736,0.539,0.701
Embryo03,mosaic_Cellbound3_z3_DAPI_mask_endo.tif,average_image_z3_DAPI_mask_endo.tif,1,121,133,0.75,83,50,38,0.624,0.686,0.485,0.654
Embryo03,mosaic_Cellbound3_z3_DAPI_mask_endo.tif,average_image_z3_DAPI_mask_endo.tif,1,121,133,0.8,78,55,43,0.586,0.645,0.443,0.614
Embryo03,mosaic_Cellbound3_z3_DAPI_mask_endo.tif,average_image_z3_DAPI_mask_endo.tif,1,121,133,0.85,74,59,47,0.556,0.612,0.411,0.583
Embryo03,mosaic_Cellbound3_z3_DAPI_mask_endo.tif,average_image_z3_DAPI_mask_endo.tif,1,121,133,0.9,69,64,52,0.519,0.57,0.373,0.543
Embryo03,mosaic_Cellbound3_z3_DAPI_mask_endo.tif,average_image_z3_DAPI_mask_endo.tif,1,121,133,0.95,37,96,84,0.278,0.306,0.171,0.291
Embryo03,mosaic_Cellbound3_z3_DAPI_mask_endo.tif,average_image_z3_DAPI_mask_endo.tif,1,121,133,1.0,0,133,121,0.0,0.0,0.0,
Embryo03,mosaic_Cellbound3_z3_DAPI_mask_endo.tif,max_image_z3_DAPI_mask_endo.tif,1,121,114,0.5,102,12,19,0.895,0.843,0.767,0.868
Embryo03,mosaic_Cellbound3_z3_DAPI_mask_endo.tif,max_image_z3_DAPI_mask_endo.tif,1,121,114,0.55,101,13,20,0.886,0.835,0.754,0.86
Embryo03,mosaic_Cellbound3_z3_DAPI_mask_endo.tif,max_image_z3_DAPI_mask_endo.tif,1,121,114,0.6,98,16,23,0.86,0.81,0.715,0.834
Embryo03,mosaic_Cellbound3_z3_DAPI_mask_endo.tif,max_image_z3_DAPI_mask_endo.tif,1,121,114,0.65,96,18,25,0.842,0.793,0.691,0.817
Embryo03,mosaic_Cellbound3_z3_DAPI_mask_endo.tif,max_image_z3_DAPI_mask_endo.tif,1,121,114,0.7,92,22,29,0.807,0.76,0.643,0.783
Embryo03,mosaic_Cellbound3_z3_DAPI_mask_endo.tif,max_image_z3_DAPI_mask_endo.tif,1,121,114,0.75,90,24,31,0.789,0.744,0.621,0.766
Embryo03,mosaic_Cellbound3_z3_DAPI_mask_endo.tif,max_image_z3_DAPI_mask_endo.tif,1,121,114,0.8,88,26,33,0.772,0.727,0.599,0.749
Embryo03,mosaic_Cellbound3_z3_DAPI_mask_endo.tif,max_image_z3_DAPI_mask_endo.tif,1,121,114,0.85,85,29,36,0.746,0.702,0.567,0.723
Embryo03,mosaic_Cellbound3_z3_DAPI_mask_endo.tif,max_image_z3_DAPI_mask_endo.tif,1,121,114,0.9,73,41,48,0.64,0.603,0.451,0.621
Embryo03,mosaic_Cellbound3_z3_DAPI_mask_endo.tif,max_image_z3_DAPI_mask_endo.tif,1,121,114,0.95,43,71,78,0.377,0.355,0.224,0.366
Embryo03,mosaic_Cellbound3_z3_DAPI_mask_endo.tif,max_image_z3_DAPI_mask_endo.tif,1,121,114,1.0,0,114,121,0.0,0.0,0.0,
Embryo03,mosaic_Cellbound3_z3_DAPI_mask_endo.tif,mosaic_Cellbound1_z3_DAPI_mask_endo.tif,1,121,2,0.5,0,2,121,0.0,0.0,0.0,
Embryo03,mosaic_Cellbound3_z3_DAPI_mask_endo.tif,mosaic_Cellbound1_z3_DAPI_mask_endo.tif,1,121,2,0.55,0,2,121,0.0,0.0,0.0,
Embryo03,mosaic_Cellbound3_z3_DAPI_mask_endo.tif,mosaic_Cellbound1_z3_DAPI_mask_endo.tif,1,121,2,0.6,0,2,121,0.0,0.0,0.0,
Embryo03,mosaic_Cellbound3_z3_DAPI_mask_endo.tif,mosaic_Cellbound1_z3_DAPI_mask_endo.tif,1,121,2,0.65,0,2,121,0.0,0.0,0.0,
Embryo03,mosaic_Cellbound3_z3_DAPI_mask_endo.tif,mosaic_Cellbound1_z3_DAPI_mask_endo.tif,1,121,2,0.7,0,2,121,0.0,0.0,0.0,
Embryo03,mosaic_Cellbound3_z3_DAPI_mask_endo.tif,mosaic_Cellbound1_z3_DAPI_mask_endo.tif,1,121,2,0.75,0,2,121,0.0,0.0,0.0,
Embryo03,mosaic_Cellbound3_z3_DAPI_mask_endo.tif,mosaic_Cellbound1_z3_DAPI_mask_endo.tif,1,121,2,0.8,0,2,121,0.0,0.0,0.0,
Embryo03,mosaic_Cellbound3_z3_DAPI_mask_endo.tif,mosaic_Cellbound1_z3_DAPI_mask_endo.tif,1,121,2,0.85,0,2,121,0.0,0.0,0.0,
Embryo03,mosaic_Cellbound3_z3_DAPI_mask_endo.tif,mosaic_Cellbound1_z3_DAPI_mask_endo.tif,1,121,2,0.9,0,2,121,0.0,0.0,0.0,
Embryo03,mosaic_Cellbound3_z3_DAPI_mask_endo.tif,mosaic_Cellbound1_z3_DAPI_mask_endo.tif,1,121,2,0.95,0,2,121,0.0,0.0,0.0,
Embryo03,mosaic_Cellbound3_z3_DAPI_mask_endo.tif,mosaic_Cellbound1_z3_DAPI_mask_endo.tif,1,121,2,1.0,0,2,121,0.0,0.0,0.0,
Embryo03,mosaic_Cellbound3_z3_DAPI_mask_endo.tif,mosaic_Cellbound2_z3_DAPI_mask_endo.tif,1,121,989,0.5,12,977,109,0.012,0.099,0.011,0.022
Embryo03,mosaic_Cellbound3_z3_DAPI_mask_endo.tif,mosaic_Cellbound2_z3_DAPI_mask_endo.tif,1,121,989,0.55,12,977,109,0.012,0.099,0.011,0.022
Embryo03,mosaic_Cellbound3_z3_DAPI_mask_endo.tif,mosaic_Cellbound2_z3_DAPI_mask_endo.tif,1,121,989,0.6,8,981,113,0.008,0.066,0.007,0.014
Embryo03,mosaic_Cellbound3_z3_DAPI_mask_endo.tif,mosaic_Cellbound2_z3_DAPI_mask_endo.tif,1,121,989,0.65,6,983,115,0.006,0.05,0.005,0.011
Embryo03,mosaic_Cellbound3_z3_DAPI_mask_endo.tif,mosaic_Cellbound2_z3_DAPI_mask_endo.tif,1,121,989,0.7,5,984,116,0.005,0.041,0.005,0.009
Embryo03,mosaic_Cellbound3_z3_DAPI_mask_endo.tif,mosaic_Cellbound2_z3_DAPI_mask_endo.tif,1,121,989,0.75,3,986,118,0.003,0.025,0.003,0.005
Embryo03,mosaic_Cellbound3_z3_DAPI_mask_endo.tif,mosaic_Cellbound2_z3_DAPI_mask_endo.tif,1,121,989,0.8,0,989,121,0.0,0.0,0.0,
Embryo03,mosaic_Cellbound3_z3_DAPI_mask_endo.tif,mosaic_Cellbound2_z3_DAPI_mask_endo.tif,1,121,989,0.85,0,989,121,0.0,0.0,0.0,
Embryo03,mosaic_Cellbound3_z3_DAPI_mask_endo.tif,mosaic_Cellbound2_z3_DAPI_mask_endo.tif,1,121,989,0.9,0,989,121,0.0,0.0,0.0,
Embryo03,mosaic_Cellbound3_z3_DAPI_mask_endo.tif,mosaic_Cellbound2_z3_DAPI_mask_endo.tif,1,121,989,0.95,0,989,121,0.0,0.0,0.0,
Embryo03,mosaic_Cellbound3_z3_DAPI_mask_endo.tif,mosaic_Cellbound2_z3_DAPI_mask_endo.tif,1,121,989,1.0,0,989,121,0.0,0.0,0.0,
Embryo03,mosaic_Cellbound3_z3_DAPI_mask_endo.tif,mosaic_PolyT_z3_DAPI_mask_endo.tif,1,121,52,0.5,14,38,107,0.269,0.116,0.088,0.162
Embryo03,mosaic_Cellbound3_z3_DAPI_mask_endo.tif,mosaic_PolyT_z3_DAPI_mask_endo.tif,1,121,52,0.55,12,40,109,0.231,0.099,0.075,0.139
Embryo03,mosaic_Cellbound3_z3_DAPI_mask_endo.tif,mosaic_PolyT_z3_DAPI_mask_endo.tif,1,121,52,0.6,9,43,112,0.173,0.074,0.055,0.104
Embryo03,mosaic_Cellbound3_z3_DAPI_mask_endo.tif,mosaic_PolyT_z3_DAPI_mask_endo.tif,1,121,52,0.65,7,45,114,0.135,0.058,0.042,0.081
Embryo03,mosaic_Cellbound3_z3_DAPI_mask_endo.tif,mosaic_PolyT_z3_DAPI_mask_endo.tif,1,121,52,0.7,5,47,116,0.096,0.041,0.03,0.058
Embryo03,mosaic_Cellbound3_z3_DAPI_mask_endo.tif,mosaic_PolyT_z3_DAPI_mask_endo.tif,1,121,52,0.75,3,49,118,0.058,0.025,0.018,0.035
Embryo03,mosaic_Cellbound3_z3_DAPI_mask_endo.tif,mosaic_PolyT_z3_DAPI_mask_endo.tif,1,121,52,0.8,3,49,118,0.058,0.025,0.018,0.035
Embryo03,mosaic_Cellbound3_z3_DAPI_mask_endo.tif,mosaic_PolyT_z3_DAPI_mask_endo.tif,1,121,52,0.85,1,51,120,0.019,0.008,0.006,0.012
Embryo03,mosaic_Cellbound3_z3_DAPI_mask_endo.tif,mosaic_PolyT_z3_DAPI_mask_endo.tif,1,121,52,0.9,0,52,121,0.0,0.0,0.0,
Embryo03,mosaic_Cellbound3_z3_DAPI_mask_endo.tif,mosaic_PolyT_z3_DAPI_mask_endo.tif,1,121,52,0.95,0,52,121,0.0,0.0,0.0,
Embryo03,mosaic_Cellbound3_z3_DAPI_mask_endo.tif,mosaic_PolyT_z3_DAPI_mask_endo.tif,1,121,52,1.0,0,52,121,0.0,0.0,0.0,
Embryo04,mosaic_Cellbound3_z3_DAPI_mask_endo.tif,added_image_z3_DAPI_mask_endo.tif,1,131,215,0.5,68,147,63,0.316,0.519,0.245,0.393
Embryo04,mosaic_Cellbound3_z3_DAPI_mask_endo.tif,added_image_z3_DAPI_mask_endo.tif,1,131,215,0.55,66,149,65,0.307,0.504,0.236,0.382
Embryo04,mosaic_Cellbound3_z3_DAPI_mask_endo.tif,added_image_z3_DAPI_mask_endo.tif,1,131,215,0.6,59,156,72,0.274,0.45,0.206,0.341
Embryo04,mosaic_Cellbound3_z3_DAPI_mask_endo.tif,added_image_z3_DAPI_mask_endo.tif,1,131,215,0.65,58,157,73,0.27,0.443,0.201,0.335
Embryo04,mosaic_Cellbound3_z3_DAPI_mask_endo.tif,added_image_z3_DAPI_mask_endo.tif,1,131,215,0.7,52,163,79,0.242,0.397,0.177,0.301
Embryo04,mosaic_Cellbound3_z3_DAPI_mask_endo.tif,added_image_z3_DAPI_mask_endo.tif,1,131,215,0.75,50,165,81,0.233,0.382,0.169,0.289
Embryo04,mosaic_Cellbound3_z3_DAPI_mask_endo.tif,added_image_z3_DAPI_mask_endo.tif,1,131,215,0.8,41,174,90,0.191,0.313,0.134,0.237
Embryo04,mosaic_Cellbound3_z3_DAPI_mask_endo.tif,added_image_z3_DAPI_mask_endo.tif,1,131,215,0.85,34,181,97,0.158,0.26,0.109,0.197
Embryo04,mosaic_Cellbound3_z3_DAPI_mask_endo.tif,added_image_z3_DAPI_mask_endo.tif,1,131,215,0.9,28,187,103,0.13,0.214,0.088,0.162
Embryo04,mosaic_Cellbound3_z3_DAPI_mask_endo.tif,added_image_z3_DAPI_mask_endo.tif,1,131,215,0.95,10,205,121,0.047,0.076,0.03,0.058
Embryo04,mosaic_Cellbound3_z3_DAPI_mask_endo.tif,added_image_z3_DAPI_mask_endo.tif,1,131,215,1.0,0,215,131,0.0,0.0,0.0,
Embryo04,mosaic_Cellbound3_z3_DAPI_mask_endo.tif,average_image_z3_DAPI_mask_endo.tif,1,131,214,0.5,69,145,62,0.322,0.527,0.25,0.4
Embryo04,mosaic_Cellbound3_z3_DAPI_mask_endo.tif,average_image_z3_DAPI_mask_endo.tif,1,131,214,0.55,67,147,64,0.313,0.511,0.241,0.388
Embryo04,mosaic_Cellbound3_z3_DAPI_mask_endo.tif,average_image_z3_DAPI_mask_endo.tif,1,131,214,0.6,61,153,70,0.285,0.466,0.215,0.354
Embryo04,mosaic_Cellbound3_z3_DAPI_mask_endo.tif,average_image_z3_DAPI_mask_endo.tif,1,131,214,0.65,59,155,72,0.276,0.45,0.206,0.342
Embryo04,mosaic_Cellbound3_z3_DAPI_mask_endo.tif,average_image_z3_DAPI_mask_endo.tif,1,131,214,0.7,54,160,77,0.252,0.412,0.186,0.313
Embryo04,mosaic_Cellbound3_z3_DAPI_mask_endo.tif,average_image_z3_DAPI_mask_endo.tif,1,131,214,0.75,51,163,80,0.238,0.389,0.173,0.296
Embryo04,mosaic_Cellbound3_z3_DAPI_mask_endo.tif,average_image_z3_DAPI_mask_endo.tif,1,131,214,0.8,42,172,89,0.196,0.321,0.139,0.243
Embryo04,mosaic_Cellbound3_z3_DAPI_mask_endo.tif,average_image_z3_DAPI_mask_endo.tif,1,131,214,0.85,34,180,97,0.159,0.26,0.109,0.197
Embryo04,mosaic_Cellbound3_z3_DAPI_mask_endo.tif,average_image_z3_DAPI_mask_endo.tif,1,131,214,0.9,28,186,103,0.131,0.214,0.088,0.162
Embryo04,mosaic_Cellbound3_z3_DAPI_mask_endo.tif,average_image_z3_DAPI_mask_endo.tif,1,131,214,0.95,10,204,121,0.047,0.076,0.03,0.058
Embryo04,mosaic_Cellbound3_z3_DAPI_mask_endo.tif,average_image_z3_DAPI_mask_endo.tif,1,131,214,1.0,0,214,131,0.0,0.0,0.0,
Embryo04,mosaic_Cellbound3_z3_DAPI_mask_endo.tif,max_image_z3_DAPI_mask_endo.tif,1,131,129,0.5,76,53,55,0.589,0.58,0.413,0.585
Embryo04,mosaic_Cellbound3_z3_DAPI_mask_endo.tif,max_image_z3_DAPI_mask_endo.tif,1,131,129,0.55,74,55,57,0.574,0.565,0.398,0.569
Embryo04,mosaic_Cellbound3_z3_DAPI_mask_endo.tif,max_image_z3_DAPI_mask_endo.tif,1,131,129,0.6,69,60,62,0.535,0.527,0.361,0.531
Embryo04,mosaic_Cellbound3_z3_DAPI_mask_endo.tif,max_image_z3_DAPI_mask_endo.tif,1,131,129,0.65,65,64,66,0.504,0.496,0.333,0.5
Embryo04,mosaic_Cellbound3_z3_DAPI_mask_endo.tif,max_image_z3_DAPI_mask_endo.tif,1,131,129,0.7,63,66,68,0.488,0.481,0.32,0.485
Embryo04,mosaic_Cellbound3_z3_DAPI_mask_endo.tif,max_image_z3_DAPI_mask_endo.tif,1,131,129,0.75,58,71,73,0.45,0.443,0.287,0.446
Embryo04,mosaic_Cellbound3_z3_DAPI_mask_endo.tif,max_image_z3_DAPI_mask_endo.tif,1,131,129,0.8,53,76,78,0.411,0.405,0.256,0.408
Embryo04,mosaic_Cellbound3_z3_DAPI_mask_endo.tif,max_image_z3_DAPI_mask_endo.tif,1,131,129,0.85,51,78,80,0.395,0.389,0.244,0.392
Embryo04,mosaic_Cellbound3_z3_DAPI_mask_endo.tif,max_image_z3_DAPI_mask_endo.tif,1,131,129,0.9,44,85,87,0.341,0.336,0.204,0.338
Embryo04,mosaic_Cellbound3_z3_DAPI_mask_endo.tif,max_image_z3_DAPI_mask_endo.tif,1,131,129,0.95,29,100,102,0.225,0.221,0.126,0.223
Embryo04,mosaic_Cellbound3_z3_DAPI_mask_endo.tif,max_image_z3_DAPI_mask_endo.tif,1,131,129,1.0,0,129,131,0.0,0.0,0.0,
Embryo04,mosaic_Cellbound3_z3_DAPI_mask_endo.tif,mosaic_Cellbound1_z3_DAPI_mask_endo.tif,1,131,112,0.5,15,97,116,0.134,0.115,0.066,0.123
Embryo04,mosaic_Cellbound3_z3_DAPI_mask_endo.tif,mosaic_Cellbound1_z3_DAPI_mask_endo.tif,1,131,112,0.55,14,98,117,0.125,0.107,0.061,0.115
Embryo04,mosaic_Cellbound3_z3_DAPI_mask_endo.tif,mosaic_Cellbound1_z3_DAPI_mask_endo.tif,1,131,112,0.6,10,102,121,0.089,0.076,0.043,0.082
Embryo04,mosaic_Cellbound3_z3_DAPI_mask_endo.tif,mosaic_Cellbound1_z3_DAPI_mask_endo.tif,1,131,112,0.65,6,106,125,0.054,0.046,0.025,0.049
Embryo04,mosaic_Cellbound3_z3_DAPI_mask_endo.tif,mosaic_Cellbound1_z3_DAPI_mask_endo.tif,1,131,112,0.7,6,106,125,0.054,0.046,0.025,0.049
Embryo04,mosaic_Cellbound3_z3_DAPI_mask_endo.tif,mosaic_Cellbound1_z3_DAPI_mask_endo.tif,1,131,112,0.75,5,107,126,0.045,0.038,0.021,0.041
Embryo04,mosaic_Cellbound3_z3_DAPI_mask_endo.tif,mosaic_Cellbound1_z3_DAPI_mask_endo.tif,1,131,112,0.8,3,109,128,0.027,0.023,0.013,0.025
Embryo04,mosaic_Cellbound3_z3_DAPI_mask_endo.tif,mosaic_Cellbound1_z3_DAPI_mask_endo.tif,1,131,112,0.85,1,111,130,0.009,0.008,0.004,0.008
Embryo04,mosaic_Cellbound3_z3_DAPI_mask_endo.tif,mosaic_Cellbound1_z3_DAPI_mask_endo.tif,1,131,112,0.9,0,112,131,0.0,0.0,0.0,
Embryo04,mosaic_Cellbound3_z3_DAPI_mask_endo.tif,mosaic_Cellbound1_z3_DAPI_mask_endo.tif,1,131,112,0.95,0,112,131,0.0,0.0,0.0,
Embryo04,mosaic_Cellbound3_z3_DAPI_mask_endo.tif,mosaic_Cellbound1_z3_DAPI_mask_endo.tif,1,131,112,1.0,0,112,131,0.0,0.0,0.0,
Embryo04,mosaic_Cellbound3_z3_DAPI_mask_endo.tif,mosaic_Cellbound2_z3_DAPI_mask_endo.tif,1,131,1514,0.5,10,1504,121,0.007,0.076,0.006,0.012
Embryo04,mosaic_Cellbound3_z3_DAPI_mask_endo.tif,mosaic_Cellbound2_z3_DAPI_mask_endo.tif,1,131,1514,0.55,7,1507,124,0.005,0.053,0.004,0.009
Embryo04,mosaic_Cellbound3_z3_DAPI_mask_endo.tif,mosaic_Cellbound2_z3_DAPI_mask_endo.tif,1,131,1514,0.6,7,1507,124,0.005,0.053,0.004,0.009
Embryo04,mosaic_Cellbound3_z3_DAPI_mask_endo.tif,mosaic_Cellbound2_z3_DAPI_mask_endo.tif,1,131,1514,0.65,3,1511,128,0.002,0.023,0.002,0.004
Embryo04,mosaic_Cellbound3_z3_DAPI_mask_endo.tif,mosaic_Cellbound2_z3_DAPI_mask_endo.tif,1,131,1514,0.7,2,1512,129,0.001,0.015,0.001,0.002
Embryo04,mosaic_Cellbound3_z3_DAPI_mask_endo.tif,mosaic_Cellbound2_z3_DAPI_mask_endo.tif,1,131,1514,0.75,0,1514,131,0.0,0.0,0.0,
Embryo04,mosaic_Cellbound3_z3_DAPI_mask_endo.tif,mosaic_Cellbound2_z3_DAPI_mask_endo.tif,1,131,1514,0.8,0,1514,131,0.0,0.0,0.0,
Embryo04,mosaic_Cellbound3_z3_DAPI_mask_endo.tif,mosaic_Cellbound2_z3_DAPI_mask_endo.tif,1,131,1514,0.85,0,1514,131,0.0,0.0,0.0,
Embryo04,mosaic_Cellbound3_z3_DAPI_mask_endo.tif,mosaic_Cellbound2_z3_DAPI_mask_endo.tif,1,131,1514,0.9,0,1514,131,0.0,0.0,0.0,
Embryo04,mosaic_Cellbound3_z3_DAPI_mask_endo.tif,mosaic_Cellbound2_z3_DAPI_mask_endo.tif,1,131,1514,0.95,0,1514,131,0.0,0.0,0.0,
Embryo04,mosaic_Cellbound3_z3_DAPI_mask_endo.tif,mosaic_Cellbound2_z3_DAPI_mask_endo.tif,1,131,1514,1.0,0,1514,131,0.0,0.0,0.0,
Embryo04,mosaic_Cellbound3_z3_DAPI_mask_endo.tif,mosaic_PolyT_z3_DAPI_mask_endo.tif,1,131,55,0.5,17,38,114,0.309,0.13,0.101,0.183
Embryo04,mosaic_Cellbound3_z3_DAPI_mask_endo.tif,mosaic_PolyT_z3_DAPI_mask_endo.tif,1,131,55,0.55,17,38,114,0.309,0.13,0.101,0.183
Embryo04,mosaic_Cellbound3_z3_DAPI_mask_endo.tif,mosaic_PolyT_z3_DAPI_mask_endo.tif,1,131,55,0.6,17,38,114,0.309,0.13,0.101,0.183
Embryo04,mosaic_Cellbound3_z3_DAPI_mask_endo.tif,mosaic_PolyT_z3_DAPI_mask_endo.tif,1,131,55,0.65,14,41,117,0.255,0.107,0.081,0.151
Embryo04,mosaic_Cellbound3_z3_DAPI_mask_endo.tif,mosaic_PolyT_z3_DAPI_mask_endo.tif,1,131,55,0.7,10,45,121,0.182,0.076,0.057,0.108
Embryo04,mosaic_Cellbound3_z3_DAPI_mask_endo.tif,mosaic_PolyT_z3_DAPI_mask_endo.tif,1,131,55,0.75,9,46,122,0.164,0.069,0.051,0.097
Embryo04,mosaic_Cellbound3_z3_DAPI_mask_endo.tif,mosaic_PolyT_z3_DAPI_mask_endo.tif,1,131,55,0.8,7,48,124,0.127,0.053,0.039,0.075
Embryo04,mosaic_Cellbound3_z3_DAPI_mask_endo.tif,mosaic_PolyT_z3_DAPI_mask_endo.tif,1,131,55,0.85,4,51,127,0.073,0.031,0.022,0.043
Embryo04,mosaic_Cellbound3_z3_DAPI_mask_endo.tif,mosaic_PolyT_z3_DAPI_mask_endo.tif,1,131,55,0.9,1,54,130,0.018,0.008,0.005,0.011
Embryo04,mosaic_Cellbound3_z3_DAPI_mask_endo.tif,mosaic_PolyT_z3_DAPI_mask_endo.tif,1,131,55,0.95,0,55,131,0.0,0.0,0.0,
Embryo04,mosaic_Cellbound3_z3_DAPI_mask_endo.tif,mosaic_PolyT_z3_DAPI_mask_endo.tif,1,131,55,1.0,0,55,131,0.0,0.0,0.0,
Embryo05,mosaic_Cellbound3_z3_DAPI_mask_endo.tif,added_image_z3_DAPI_mask_endo.tif,1,153,145,0.5,110,35,43,0.759,0.719,0.585,0.738
Embryo05,mosaic_Cellbound3_z3_DAPI_mask_endo.tif,added_image_z3_DAPI_mask_endo.tif,1,153,145,0.55,108,37,45,0.745,0.706,0.568,0.725
Embryo05,mosaic_Cellbound3_z3_DAPI_mask_endo.tif,added_image_z3_DAPI_mask_endo.tif,1,153,145,0.6,102,43,51,0.703,0.667,0.52,0.685
Embryo05,mosaic_Cellbound3_z3_DAPI_mask_endo.tif,added_image_z3_DAPI_mask_endo.tif,1,153,145,0.65,101,44,52,0.697,0.66,0.513,0.678
Embryo05,mosaic_Cellbound3_z3_DAPI_mask_endo.tif,added_image_z3_DAPI_mask_endo.tif,1,153,145,0.7,98,47,55,0.676,0.641,0.49,0.658
Embryo05,mosaic_Cellbound3_z3_DAPI_mask_endo.tif,added_image_z3_DAPI_mask_endo.tif,1,153,145,0.75,90,55,63,0.621,0.588,0.433,0.604
Embryo05,mosaic_Cellbound3_z3_DAPI_mask_endo.tif,added_image_z3_DAPI_mask_endo.tif,1,153,145,0.8,85,60,68,0.586,0.556,0.399,0.57
Embryo05,mosaic_Cellbound3_z3_DAPI_mask_endo.tif,added_image_z3_DAPI_mask_endo.tif,1,153,145,0.85,77,68,76,0.531,0.503,0.348,0.517
Embryo05,mosaic_Cellbound3_z3_DAPI_mask_endo.tif,added_image_z3_DAPI_mask_endo.tif,1,153,145,0.9,68,77,85,0.469,0.444,0.296,0.456
Embryo05,mosaic_Cellbound3_z3_DAPI_mask_endo.tif,added_image_z3_DAPI_mask_endo.tif,1,153,145,0.95,30,115,123,0.207,0.196,0.112,0.201
Embryo05,mosaic_Cellbound3_z3_DAPI_mask_endo.tif,added_image_z3_DAPI_mask_endo.tif,1,153,145,1.0,0,145,153,0.0,0.0,0.0,
Embryo05,mosaic_Cellbound3_z3_DAPI_mask_endo.tif,average_image_z3_DAPI_mask_endo.tif,1,153,143,0.5,109,34,44,0.762,0.712,0.583,0.736
Embryo05,mosaic_Cellbound3_z3_DAPI_mask_endo.tif,average_image_z3_DAPI_mask_endo.tif,1,153,143,0.55,107,36,46,0.748,0.699,0.566,0.723
Embryo05,mosaic_Cellbound3_z3_DAPI_mask_endo.tif,average_image_z3_DAPI_mask_endo.tif,1,153,143,0.6,103,40,50,0.72,0.673,0.534,0.696
Embryo05,mosaic_Cellbound3_z3_DAPI_mask_endo.tif,average_image_z3_DAPI_mask_endo.tif,1,153,143,0.65,102,41,51,0.713,0.667,0.526,0.689
Embryo05,mosaic_Cellbound3_z3_DAPI_mask_endo.tif,average_image_z3_DAPI_mask_endo.tif,1,153,143,0.7,99,44,54,0.692,0.647,0.503,0.669
Embryo05,mosaic_Cellbound3_z3_DAPI_mask_endo.tif,average_image_z3_DAPI_mask_endo.tif,1,153,143,0.75,92,51,61,0.643,0.601,0.451,0.622
Embryo05,mosaic_Cellbound3_z3_DAPI_mask_endo.tif,average_image_z3_DAPI_mask_endo.tif,1,153,143,0.8,86,57,67,0.601,0.562,0.41,0.581
Embryo05,mosaic_Cellbound3_z3_DAPI_mask_endo.tif,average_image_z3_DAPI_mask_endo.tif,1,153,143,0.85,78,65,75,0.545,0.51,0.358,0.527
Embryo05,mosaic_Cellbound3_z3_DAPI_mask_endo.tif,average_image_z3_DAPI_mask_endo.tif,1,153,143,0.9,67,76,86,0.469,0.438,0.293,0.453
Embryo05,mosaic_Cellbound3_z3_DAPI_mask_endo.tif,average_image_z3_DAPI_mask_endo.tif,1,153,143,0.95,31,112,122,0.217,0.203,0.117,0.209
Embryo05,mosaic_Cellbound3_z3_DAPI_mask_endo.tif,average_image_z3_DAPI_mask_endo.tif,1,153,143,1.0,0,143,153,0.0,0.0,0.0,
Embryo05,mosaic_Cellbound3_z3_DAPI_mask_endo.tif,max_image_z3_DAPI_mask_endo.tif,1,153,124,0.5,93,31,60,0.75,0.608,0.505,0.671
Embryo05,mosaic_Cellbound3_z3_DAPI_mask_endo.tif,max_image_z3_DAPI_mask_endo.tif,1,153,124,0.55,93,31,60,0.75,0.608,0.505,0.671
Embryo05,mosaic_Cellbound3_z3_DAPI_mask_endo.tif,max_image_z3_DAPI_mask_endo.tif,1,153,124,0.6,90,34,63,0.726,0.588,0.481,0.65
Embryo05,mosaic_Cellbound3_z3_DAPI_mask_endo.tif,max_image_z3_DAPI_mask_endo.tif,1,153,124,0.65,87,37,66,0.702,0.569,0.458,0.628
Embryo05,mosaic_Cellbound3_z3_DAPI_mask_endo.tif,max_image_z3_DAPI_mask_endo.tif,1,153,124,0.7,80,44,73,0.645,0.523,0.406,0.578
Embryo05,mosaic_Cellbound3_z3_DAPI_mask_endo.tif,max_image_z3_DAPI_mask_endo.tif,1,153,124,0.75,76,48,77,0.613,0.497,0.378,0.549
Embryo05,mosaic_Cellbound3_z3_DAPI_mask_endo.tif,max_image_z3_DAPI_mask_endo.tif,1,153,124,0.8,72,52,81,0.581,0.471,0.351,0.52
Embryo05,mosaic_Cellbound3_z3_DAPI_mask_endo.tif,max_image_z3_DAPI_mask_endo.tif,1,153,124,0.85,65,59,88,0.524,0.425,0.307,0.469
Embryo05,mosaic_Cellbound3_z3_DAPI_mask_endo.tif,max_image_z3_DAPI_mask_endo.tif,1,153,124,0.9,52,72,101,0.419,0.34,0.231,0.375
Embryo05,mosaic_Cellbound3_z3_DAPI_mask_endo.tif,max_image_z3_DAPI_mask_endo.tif,1,153,124,0.95,22,102,131,0.177,0.144,0.086,0.159
Embryo05,mosaic_Cellbound3_z3_DAPI_mask_endo.tif,max_image_z3_DAPI_mask_endo.tif,1,153,124,1.0,0,124,153,0.0,0.0,0.0,
Embryo05,mosaic_Cellbound3_z3_DAPI_mask_endo.tif,mosaic_Cellbound1_z3_DAPI_mask_endo.tif,1,153,48,0.5,23,25,130,0.479,0.15,0.129,0.229
Embryo05,mosaic_Cellbound3_z3_DAPI_mask_endo.tif,mosaic_Cellbound1_z3_DAPI_mask_endo.tif,1,153,48,0.55,21,27,132,0.438,0.137,0.117,0.209
Embryo05,mosaic_Cellbound3_z3_DAPI_mask_endo.tif,mosaic_Cellbound1_z3_DAPI_mask_endo.tif,1,153,48,0.6,14,34,139,0.292,0.092,0.075,0.139
Embryo05,mosaic_Cellbound3_z3_DAPI_mask_endo.tif,mosaic_Cellbound1_z3_DAPI_mask_endo.tif,1,153,48,0.65,10,38,143,0.208,0.065,0.052,0.1
Embryo05,mosaic_Cellbound3_z3_DAPI_mask_endo.tif,mosaic_Cellbound1_z3_DAPI_mask_endo.tif,1,153,48,0.7,10,38,143,0.208,0.065,0.052,0.1
Embryo05,mosaic_Cellbound3_z3_DAPI_mask_endo.tif,mosaic_Cellbound1_z3_DAPI_mask_endo.tif,1,153,48,0.75,8,40,145,0.167,0.052,0.041,0.08
Embryo05,mosaic_Cellbound3_z3_DAPI_mask_endo.tif,mosaic_Cellbound1_z3_DAPI_mask_endo.tif,1,153,48,0.8,7,41,146,0.146,0.046,0.036,0.07
Embryo05,mosaic_Cellbound3_z3_DAPI_mask_endo.tif,mosaic_Cellbound1_z3_DAPI_mask_endo.tif,1,153,48,0.85,4,44,149,0.083,0.026,0.02,0.04
Embryo05,mosaic_Cellbound3_z3_DAPI_mask_endo.tif,mosaic_Cellbound1_z3_DAPI_mask_endo.tif,1,153,48,0.9,1,47,152,0.021,0.007,0.005,0.01
Embryo05,mosaic_Cellbound3_z3_DAPI_mask_endo.tif,mosaic_Cellbound1_z3_DAPI_mask_endo.tif,1,153,48,0.95,0,48,153,0.0,0.0,0.0,
Embryo05,mosaic_Cellbound3_z3_DAPI_mask_endo.tif,mosaic_Cellbound1_z3_DAPI_mask_endo.tif,1,153,48,1.0,0,48,153,0.0,0.0,0.0,
Embryo05,mosaic_Cellbound3_z3_DAPI_mask_endo.tif,mosaic_Cellbound2_z3_DAPI_mask_endo.tif,1,153,984,0.5,11,973,142,0.011,0.072,0.01,0.019
Embryo05,mosaic_Cellbound3_z3_DAPI_mask_endo.tif,mosaic_Cellbound2_z3_DAPI_mask_endo.tif,1,153,984,0.55,10,974,143,0.01,0.065,0.009,0.018
Embryo05,mosaic_Cellbound3_z3_DAPI_mask_endo.tif,mosaic_Cellbound2_z3_DAPI_mask_endo.tif,1,153,984,0.6,9,975,144,0.009,0.059,0.008,0.016
Embryo05,mosaic_Cellbound3_z3_DAPI_mask_endo.tif,mosaic_Cellbound2_z3_DAPI_mask_endo.tif,1,153,984,0.65,4,980,149,0.004,0.026,0.004,0.007
Embryo05,mosaic_Cellbound3_z3_DAPI_mask_endo.tif,mosaic_Cellbound2_z3_DAPI_mask_endo.tif,1,153,984,0.7,1,983,152,0.001,0.007,0.0008803,0.002
Embryo05,mosaic_Cellbound3_z3_DAPI_mask_endo.tif,mosaic_Cellbound2_z3_DAPI_mask_endo.tif,1,153,984,0.75,0,984,153,0.0,0.0,0.0,
Embryo05,mosaic_Cellbound3_z3_DAPI_mask_endo.tif,mosaic_Cellbound2_z3_DAPI_mask_endo.tif,1,153,984,0.8,0,984,153,0.0,0.0,0.0,
Embryo05,mosaic_Cellbound3_z3_DAPI_mask_endo.tif,mosaic_Cellbound2_z3_DAPI_mask_endo.tif,1,153,984,0.85,0,984,153,0.0,0.0,0.0,
Embryo05,mosaic_Cellbound3_z3_DAPI_mask_endo.tif,mosaic_Cellbound2_z3_DAPI_mask_endo.tif,1,153,984,0.9,0,984,153,0.0,0.0,0.0,
Embryo05,mosaic_Cellbound3_z3_DAPI_mask_endo.tif,mosaic_Cellbound2_z3_DAPI_mask_endo.tif,1,153,984,0.95,0,984,153,0.0,0.0,0.0,
Embryo05,mosaic_Cellbound3_z3_DAPI_mask_endo.tif,mosaic_Cellbound2_z3_DAPI_mask_endo.tif,1,153,984,1.0,0,984,153,0.0,0.0,0.0,
Embryo05,mosaic_Cellbound3_z3_DAPI_mask_endo.tif,mosaic_PolyT_z3_DAPI_mask_endo.tif,1,153,71,0.5,40,31,113,0.563,0.261,0.217,0.357
Embryo05,mosaic_Cellbound3_z3_DAPI_mask_endo.tif,mosaic_PolyT_z3_DAPI_mask_endo.tif,1,153,71,0.55,34,37,119,0.479,0.222,0.179,0.304
Embryo05,mosaic_Cellbound3_z3_DAPI_mask_endo.tif,mosaic_PolyT_z3_DAPI_mask_endo.tif,1,153,71,0.6,30,41,123,0.423,0.196,0.155,0.268
Embryo05,mosaic_Cellbound3_z3_DAPI_mask_endo.tif,mosaic_PolyT_z3_DAPI_mask_endo.tif,1,153,71,0.65,28,43,125,0.394,0.183,0.143,0.25
Embryo05,mosaic_Cellbound3_z3_DAPI_mask_endo.tif,mosaic_PolyT_z3_DAPI_mask_endo.tif,1,153,71,0.7,26,45,127,0.366,0.17,0.131,0.232
Embryo05,mosaic_Cellbound3_z3_DAPI_mask_endo.tif,mosaic_PolyT_z3_DAPI_mask_endo.tif,1,153,71,0.75,23,48,130,0.324,0.15,0.114,0.205
Embryo05,mosaic_Cellbound3_z3_DAPI_mask_endo.tif,mosaic_PolyT_z3_DAPI_mask_endo.tif,1,153,71,0.8,16,55,137,0.225,0.105,0.077,0.143
Embryo05,mosaic_Cellbound3_z3_DAPI_mask_endo.tif,mosaic_PolyT_z3_DAPI_mask_endo.tif,1,153,71,0.85,15,56,138,0.211,0.098,0.072,0.134
Embryo05,mosaic_Cellbound3_z3_DAPI_mask_endo.tif,mosaic_PolyT_z3_DAPI_mask_endo.tif,1,153,71,0.9,10,61,143,0.141,0.065,0.047,0.089
Embryo05,mosaic_Cellbound3_z3_DAPI_mask_endo.tif,mosaic_PolyT_z3_DAPI_mask_endo.tif,1,153,71,0.95,2,69,151,0.028,0.013,0.009,0.018
Embryo05,mosaic_Cellbound3_z3_DAPI_mask_endo.tif,mosaic_PolyT_z3_DAPI_mask_endo.tif,1,153,71,1.0,0,71,153,0.0,0.0,0.0,
Embryo06,mosaic_Cellbound3_z3_DAPI_mask_endo.tif,added_image_z3_DAPI_mask_endo.tif,1,110,152,0.5,54,98,56,0.355,0.491,0.26,0.412
Embryo06,mosaic_Cellbound3_z3_DAPI_mask_endo.tif,added_image_z3_DAPI_mask_endo.tif,1,110,152,0.55,54,98,56,0.355,0.491,0.26,0.412
Embryo06,mosaic_Cellbound3_z3_DAPI_mask_endo.tif,added_image_z3_DAPI_mask_endo.tif,1,110,152,0.6,51,101,59,0.336,0.464,0.242,0.389
Embryo06,mosaic_Cellbound3_z3_DAPI_mask_endo.tif,added_image_z3_DAPI_mask_endo.tif,1,110,152,0.65,50,102,60,0.329,0.455,0.236,0.382
Embryo06,mosaic_Cellbound3_z3_DAPI_mask_endo.tif,added_image_z3_DAPI_mask_endo.tif,1,110,152,0.7,47,105,63,0.309,0.427,0.219,0.359
Embryo06,mosaic_Cellbound3_z3_DAPI_mask_endo.tif,added_image_z3_DAPI_mask_endo.tif,1,110,152,0.75,43,109,67,0.283,0.391,0.196,0.328
Embryo06,mosaic_Cellbound3_z3_DAPI_mask_endo.tif,added_image_z3_DAPI_mask_endo.tif,1,110,152,0.8,39,113,71,0.257,0.355,0.175,0.298
Embryo06,mosaic_Cellbound3_z3_DAPI_mask_endo.tif,added_image_z3_DAPI_mask_endo.tif,1,110,152,0.85,37,115,73,0.243,0.336,0.164,0.282
Embryo06,mosaic_Cellbound3_z3_DAPI_mask_endo.tif,added_image_z3_DAPI_mask_endo.tif,1,110,152,0.9,32,120,78,0.211,0.291,0.139,0.244
Embryo06,mosaic_Cellbound3_z3_DAPI_mask_endo.tif,added_image_z3_DAPI_mask_endo.tif,1,110,152,0.95,17,135,93,0.112,0.155,0.069,0.13
Embryo06,mosaic_Cellbound3_z3_DAPI_mask_endo.tif,added_image_z3_DAPI_mask_endo.tif,1,110,152,1.0,0,152,110,0.0,0.0,0.0,
Embryo06,mosaic_Cellbound3_z3_DAPI_mask_endo.tif,average_image_z3_DAPI_mask_endo.tif,1,110,151,0.5,56,95,54,0.371,0.509,0.273,0.429
Embryo06,mosaic_Cellbound3_z3_DAPI_mask_endo.tif,average_image_z3_DAPI_mask_endo.tif,1,110,151,0.55,56,95,54,0.371,0.509,0.273,0.429
Embryo06,mosaic_Cellbound3_z3_DAPI_mask_endo.tif,average_image_z3_DAPI_mask_endo.tif,1,110,151,0.6,53,98,57,0.351,0.482,0.255,0.406
Embryo06,mosaic_Cellbound3_z3_DAPI_mask_endo.tif,average_image_z3_DAPI_mask_endo.tif,1,110,151,0.65,51,100,59,0.338,0.464,0.243,0.391
Embryo06,mosaic_Cellbound3_z3_DAPI_mask_endo.tif,average_image_z3_DAPI_mask_endo.tif,1,110,151,0.7,50,101,60,0.331,0.455,0.237,0.383
Embryo06,mosaic_Cellbound3_z3_DAPI_mask_endo.tif,average_image_z3_DAPI_mask_endo.tif,1,110,151,0.75,45,106,65,0.298,0.409,0.208,0.345
Embryo06,mosaic_Cellbound3_z3_DAPI_mask_endo.tif,average_image_z3_DAPI_mask_endo.tif,1,110,151,0.8,42,109,68,0.278,0.382,0.192,0.322
Embryo06,mosaic_Cellbound3_z3_DAPI_mask_endo.tif,average_image_z3_DAPI_mask_endo.tif,1,110,151,0.85,39,112,71,0.258,0.355,0.176,0.299
Embryo06,mosaic_Cellbound3_z3_DAPI_mask_endo.tif,average_image_z3_DAPI_mask_endo.tif,1,110,151,0.9,32,119,78,0.212,0.291,0.14,0.245
Embryo06,mosaic_Cellbound3_z3_DAPI_mask_endo.tif,average_image_z3_DAPI_mask_endo.tif,1,110,151,0.95,19,132,91,0.126,0.173,0.079,0.146
Embryo06,mosaic_Cellbound3_z3_DAPI_mask_endo.tif,average_image_z3_DAPI_mask_endo.tif,1,110,151,1.0,0,151,110,0.0,0.0,0.0,
Embryo06,mosaic_Cellbound3_z3_DAPI_mask_endo.tif,max_image_z3_DAPI_mask_endo.tif,1,110,144,0.5,70,74,40,0.486,0.636,0.38,0.551
Embryo06,mosaic_Cellbound3_z3_DAPI_mask_endo.tif,max_image_z3_DAPI_mask_endo.tif,1,110,144,0.55,68,76,42,0.472,0.618,0.366,0.535
Embryo06,mosaic_Cellbound3_z3_DAPI_mask_endo.tif,max_image_z3_DAPI_mask_endo.tif,1,110,144,0.6,65,79,45,0.451,0.591,0.344,0.512
Embryo06,mosaic_Cellbound3_z3_DAPI_mask_endo.tif,max_image_z3_DAPI_mask_endo.tif,1,110,144,0.65,61,83,49,0.424,0.555,0.316,0.48
Embryo06,mosaic_Cellbound3_z3_DAPI_mask_endo.tif,max_image_z3_DAPI_mask_endo.tif,1,110,144,0.7,59,85,51,0.41,0.536,0.303,0.465
Embryo06,mosaic_Cellbound3_z3_DAPI_mask_endo.tif,max_image_z3_DAPI_mask_endo.tif,1,110,144,0.75,57,87,53,0.396,0.518,0.289,0.449
Embryo06,mosaic_Cellbound3_z3_DAPI_mask_endo.tif,max_image_z3_DAPI_mask_endo.tif,1,110,144,0.8,53,91,57,0.368,0.482,0.264,0.417
Embryo06,mosaic_Cellbound3_z3_DAPI_mask_endo.tif,max_image_z3_DAPI_mask_endo.tif,1,110,144,0.85,49,95,61,0.34,0.445,0.239,0.386
Embryo06,mosaic_Cellbound3_z3_DAPI_mask_endo.tif,max_image_z3_DAPI_mask_endo.tif,1,110,144,0.9,47,97,63,0.326,0.427,0.227,0.37
Embryo06,mosaic_Cellbound3_z3_DAPI_mask_endo.tif,max_image_z3_DAPI_mask_endo.tif,1,110,144,0.95,28,116,82,0.194,0.255,0.124,0.22
Embryo06,mosaic_Cellbound3_z3_DAPI_mask_endo.tif,max_image_z3_DAPI_mask_endo.tif,1,110,144,1.0,0,144,110,0.0,0.0,0.0,
Embryo06,mosaic_Cellbound3_z3_DAPI_mask_endo.tif,mosaic_Cellbound1_z3_DAPI_mask_endo.tif,1,110,169,0.5,27,142,83,0.16,0.245,0.107,0.194
Embryo06,mosaic_Cellbound3_z3_DAPI_mask_endo.tif,mosaic_Cellbound1_z3_DAPI_mask_endo.tif,1,110,169,0.55,24,145,86,0.142,0.218,0.094,0.172
Embryo06,mosaic_Cellbound3_z3_DAPI_mask_endo.tif,mosaic_Cellbound1_z3_DAPI_mask_endo.tif,1,110,169,0.6,20,149,90,0.118,0.182,0.077,0.143
Embryo06,mosaic_Cellbound3_z3_DAPI_mask_endo.tif,mosaic_Cellbound1_z3_DAPI_mask_endo.tif,1,110,169,0.65,18,151,92,0.107,0.164,0.069,0.129
Embryo06,mosaic_Cellbound3_z3_DAPI_mask_endo.tif,mosaic_Cellbound1_z3_DAPI_mask_endo.tif,1,110,169,0.7,13,156,97,0.077,0.118,0.049,0.093
Embryo06,mosaic_Cellbound3_z3_DAPI_mask_endo.tif,mosaic_Cellbound1_z3_DAPI_mask_endo.tif,1,110,169,0.75,12,157,98,0.071,0.109,0.045,0.086
Embryo06,mosaic_Cellbound3_z3_DAPI_mask_endo.tif,mosaic_Cellbound1_z3_DAPI_mask_endo.tif,1,110,169,0.8,10,159,100,0.059,0.091,0.037,0.072
Embryo06,mosaic_Cellbound3_z3_DAPI_mask_endo.tif,mosaic_Cellbound1_z3_DAPI_mask_endo.tif,1,110,169,0.85,9,160,101,0.053,0.082,0.033,0.065
Embryo06,mosaic_Cellbound3_z3_DAPI_mask_endo.tif,mosaic_Cellbound1_z3_DAPI_mask_endo.tif,1,110,169,0.9,6,163,104,0.036,0.055,0.022,0.043
Embryo06,mosaic_Cellbound3_z3_DAPI_mask_endo.tif,mosaic_Cellbound1_z3_DAPI_mask_endo.tif,1,110,169,0.95,0,169,110,0.0,0.0,0.0,
Embryo06,mosaic_Cellbound3_z3_DAPI_mask_endo.tif,mosaic_Cellbound1_z3_DAPI_mask_endo.tif,1,110,169,1.0,0,169,110,0.0,0.0,0.0,
Embryo06,mosaic_Cellbound3_z3_DAPI_mask_endo.tif,mosaic_Cellbound2_z3_DAPI_mask_endo.tif,1,110,449,0.5,11,438,99,0.024,0.1,0.02,0.039
Embryo06,mosaic_Cellbound3_z3_DAPI_mask_endo.tif,mosaic_Cellbound2_z3_DAPI_mask_endo.tif,1,110,449,0.55,9,440,101,0.02,0.082,0.016,0.032
Embryo06,mosaic_Cellbound3_z3_DAPI_mask_endo.tif,mosaic_Cellbound2_z3_DAPI_mask_endo.tif,1,110,449,0.6,7,442,103,0.016,0.064,0.013,0.025
Embryo06,mosaic_Cellbound3_z3_DAPI_mask_endo.tif,mosaic_Cellbound2_z3_DAPI_mask_endo.tif,1,110,449,0.65,7,442,103,0.016,0.064,0.013,0.025
Embryo06,mosaic_Cellbound3_z3_DAPI_mask_endo.tif,mosaic_Cellbound2_z3_DAPI_mask_endo.tif,1,110,449,0.7,6,443,104,0.013,0.055,0.011,0.021
Embryo06,mosaic_Cellbound3_z3_DAPI_mask_endo.tif,mosaic_Cellbound2_z3_DAPI_mask_endo.tif,1,110,449,0.75,4,445,106,0.009,0.036,0.007,0.014
Embryo06,mosaic_Cellbound3_z3_DAPI_mask_endo.tif,mosaic_Cellbound2_z3_DAPI_mask_endo.tif,1,110,449,0.8,3,446,107,0.007,0.027,0.005,0.011
Embryo06,mosaic_Cellbound3_z3_DAPI_mask_endo.tif,mosaic_Cellbound2_z3_DAPI_mask_endo.tif,1,110,449,0.85,2,447,108,0.004,0.018,0.004,0.007
Embryo06,mosaic_Cellbound3_z3_DAPI_mask_endo.tif,mosaic_Cellbound2_z3_DAPI_mask_endo.tif,1,110,449,0.9,0,449,110,0.0,0.0,0.0,
Embryo06,mosaic_Cellbound3_z3_DAPI_mask_endo.tif,mosaic_Cellbound2_z3_DAPI_mask_endo.tif,1,110,449,0.95,0,449,110,0.0,0.0,0.0,
Embryo06,mosaic_Cellbound3_z3_DAPI_mask_endo.tif,mosaic_Cellbound2_z3_DAPI_mask_endo.tif,1,110,449,1.0,0,449,110,0.0,0.0,0.0,
Embryo06,mosaic_Cellbound3_z3_DAPI_mask_endo.tif,mosaic_PolyT_z3_DAPI_mask_endo.tif,1,110,91,0.5,31,60,79,0.341,0.282,0.182,0.308
Embryo06,mosaic_Cellbound3_z3_DAPI_mask_endo.tif,mosaic_PolyT_z3_DAPI_mask_endo.tif,1,110,91,0.55,29,62,81,0.319,0.264,0.169,0.289
Embryo06,mosaic_Cellbound3_z3_DAPI_mask_endo.tif,mosaic_PolyT_z3_DAPI_mask_endo.tif,1,110,91,0.6,28,63,82,0.308,0.255,0.162,0.279
Embryo06,mosaic_Cellbound3_z3_DAPI_mask_endo.tif,mosaic_PolyT_z3_DAPI_mask_endo.tif,1,110,91,0.65,27,64,83,0.297,0.245,0.155,0.269
Embryo06,mosaic_Cellbound3_z3_DAPI_mask_endo.tif,mosaic_PolyT_z3_DAPI_mask_endo.tif,1,110,91,0.7,23,68,87,0.253,0.209,0.129,0.229
Embryo06,mosaic_Cellbound3_z3_DAPI_mask_endo.tif,mosaic_PolyT_z3_DAPI_mask_endo.tif,1,110,91,0.75,20,71,90,0.22,0.182,0.11,0.199
Embryo06,mosaic_Cellbound3_z3_DAPI_mask_endo.tif,mosaic_PolyT_z3_DAPI_mask_endo.tif,1,110,91,0.8,18,73,92,0.198,0.164,0.098,0.179
Embryo06,mosaic_Cellbound3_z3_DAPI_mask_endo.tif,mosaic_PolyT_z3_DAPI_mask_endo.tif,1,110,91,0.85,13,78,97,0.143,0.118,0.069,0.129
Embryo06,mosaic_Cellbound3_z3_DAPI_mask_endo.tif,mosaic_PolyT_z3_DAPI_mask_endo.tif,1,110,91,0.9,8,83,102,0.088,0.073,0.041,0.08
Embryo06,mosaic_Cellbound3_z3_DAPI_mask_endo.tif,mosaic_PolyT_z3_DAPI_mask_endo.tif,1,110,91,0.95,1,90,109,0.011,0.009,0.005,0.01
Embryo06,mosaic_Cellbound3_z3_DAPI_mask_endo.tif,mosaic_PolyT_z3_DAPI_mask_endo.tif,1,110,91,1.0,0,91,110,0.0,0.0,0.0,
Embryo07,mosaic_Cellbound3_z3_DAPI_mask_endo.tif,added_image_z3_DAPI_mask_endo.tif,1,25,31,0.5,24,7,1,0.774,0.96,0.75,0.857
Embryo07,mosaic_Cellbound3_z3_DAPI_mask_endo.tif,added_image_z3_DAPI_mask_endo.tif,1,25,31,0.55,24,7,1,0.774,0.96,0.75,0.857
Embryo07,mosaic_Cellbound3_z3_DAPI_mask_endo.tif,added_image_z3_DAPI_mask_endo.tif,1,25,31,0.6,23,8,2,0.742,0.92,0.697,0.821
Embryo07,mosaic_Cellbound3_z3_DAPI_mask_endo.tif,added_image_z3_DAPI_mask_endo.tif,1,25,31,0.65,23,8,2,0.742,0.92,0.697,0.821
Embryo07,mosaic_Cellbound3_z3_DAPI_mask_endo.tif,added_image_z3_DAPI_mask_endo.tif,1,25,31,0.7,21,10,4,0.677,0.84,0.6,0.75
Embryo07,mosaic_Cellbound3_z3_DAPI_mask_endo.tif,added_image_z3_DAPI_mask_endo.tif,1,25,31,0.75,21,10,4,0.677,0.84,0.6,0.75
Embryo07,mosaic_Cellbound3_z3_DAPI_mask_endo.tif,added_image_z3_DAPI_mask_endo.tif,1,25,31,0.8,19,12,6,0.613,0.76,0.514,0.679
Embryo07,mosaic_Cellbound3_z3_DAPI_mask_endo.tif,added_image_z3_DAPI_mask_endo.tif,1,25,31,0.85,17,14,8,0.548,0.68,0.436,0.607
Embryo07,mosaic_Cellbound3_z3_DAPI_mask_endo.tif,added_image_z3_DAPI_mask_endo.tif,1,25,31,0.9,15,16,10,0.484,0.6,0.366,0.536
Embryo07,mosaic_Cellbound3_z3_DAPI_mask_endo.tif,added_image_z3_DAPI_mask_endo.tif,1,25,31,0.95,7,24,18,0.226,0.28,0.143,0.25
Embryo07,mosaic_Cellbound3_z3_DAPI_mask_endo.tif,added_image_z3_DAPI_mask_endo.tif,1,25,31,1.0,0,31,25,0.0,0.0,0.0,
Embryo07,mosaic_Cellbound3_z3_DAPI_mask_endo.tif,average_image_z3_DAPI_mask_endo.tif,1,25,30,0.5,23,7,2,0.767,0.92,0.719,0.836
Embryo07,mosaic_Cellbound3_z3_DAPI_mask_endo.tif,average_image_z3_DAPI_mask_endo.tif,1,25,30,0.55,23,7,2,0.767,0.92,0.719,0.836
Embryo07,mosaic_Cellbound3_z3_DAPI_mask_endo.tif,average_image_z3_DAPI_mask_endo.tif,1,25,30,0.6,22,8,3,0.733,0.88,0.667,0.8
Embryo07,mosaic_Cellbound3_z3_DAPI_mask_endo.tif,average_image_z3_DAPI_mask_endo.tif,1,25,30,0.65,22,8,3,0.733,0.88,0.667,0.8
Embryo07,mosaic_Cellbound3_z3_DAPI_mask_endo.tif,average_image_z3_DAPI_mask_endo.tif,1,25,30,0.7,21,9,4,0.7,0.84,0.618,0.764
Embryo07,mosaic_Cellbound3_z3_DAPI_mask_endo.tif,average_image_z3_DAPI_mask_endo.tif,1,25,30,0.75,21,9,4,0.7,0.84,0.618,0.764
Embryo07,mosaic_Cellbound3_z3_DAPI_mask_endo.tif,average_image_z3_DAPI_mask_endo.tif,1,25,30,0.8,20,10,5,0.667,0.8,0.571,0.727
Embryo07,mosaic_Cellbound3_z3_DAPI_mask_endo.tif,average_image_z3_DAPI_mask_endo.tif,1,25,30,0.85,17,13,8,0.567,0.68,0.447,0.618
Embryo07,mosaic_Cellbound3_z3_DAPI_mask_endo.tif,average_image_z3_DAPI_mask_endo.tif,1,25,30,0.9,15,15,10,0.5,0.6,0.375,0.545
Embryo07,mosaic_Cellbound3_z3_DAPI_mask_endo.tif,average_image_z3_DAPI_mask_endo.tif,1,25,30,0.95,6,24,19,0.2,0.24,0.122,0.218
Embryo07,mosaic_Cellbound3_z3_DAPI_mask_endo.tif,average_image_z3_DAPI_mask_endo.tif,1,25,30,1.0,0,30,25,0.0,0.0,0.0,
Embryo07,mosaic_Cellbound3_z3_DAPI_mask_endo.tif,max_image_z3_DAPI_mask_endo.tif,1,25,26,0.5,22,4,3,0.846,0.88,0.759,0.863
Embryo07,mosaic_Cellbound3_z3_DAPI_mask_endo.tif,max_image_z3_DAPI_mask_endo.tif,1,25,26,0.55,21,5,4,0.808,0.84,0.7,0.824
Embryo07,mosaic_Cellbound3_z3_DAPI_mask_endo.tif,max_image_z3_DAPI_mask_endo.tif,1,25,26,0.6,19,7,6,0.731,0.76,0.594,0.745
Embryo07,mosaic_Cellbound3_z3_DAPI_mask_endo.tif,max_image_z3_DAPI_mask_endo.tif,1,25,26,0.65,19,7,6,0.731,0.76,0.594,0.745
Embryo07,mosaic_Cellbound3_z3_DAPI_mask_endo.tif,max_image_z3_DAPI_mask_endo.tif,1,25,26,0.7,19,7,6,0.731,0.76,0.594,0.745
Embryo07,mosaic_Cellbound3_z3_DAPI_mask_endo.tif,max_image_z3_DAPI_mask_endo.tif,1,25,26,0.75,19,7,6,0.731,0.76,0.594,0.745
Embryo07,mosaic_Cellbound3_z3_DAPI_mask_endo.tif,max_image_z3_DAPI_mask_endo.tif,1,25,26,0.8,18,8,7,0.692,0.72,0.545,0.706
Embryo07,mosaic_Cellbound3_z3_DAPI_mask_endo.tif,max_image_z3_DAPI_mask_endo.tif,1,25,26,0.85,17,9,8,0.654,0.68,0.5,0.667
Embryo07,mosaic_Cellbound3_z3_DAPI_mask_endo.tif,max_image_z3_DAPI_mask_endo.tif,1,25,26,0.9,12,14,13,0.462,0.48,0.308,0.471
Embryo07,mosaic_Cellbound3_z3_DAPI_mask_endo.tif,max_image_z3_DAPI_mask_endo.tif,1,25,26,0.95,2,24,23,0.077,0.08,0.041,0.078
Embryo07,mosaic_Cellbound3_z3_DAPI_mask_endo.tif,max_image_z3_DAPI_mask_endo.tif,1,25,26,1.0,0,26,25,0.0,0.0,0.0,
Embryo07,mosaic_Cellbound3_z3_DAPI_mask_endo.tif,mosaic_Cellbound1_z3_DAPI_mask_endo.tif,1,25,14,0.5,10,4,15,0.714,0.4,0.345,0.513
Embryo07,mosaic_Cellbound3_z3_DAPI_mask_endo.tif,mosaic_Cellbound1_z3_DAPI_mask_endo.tif,1,25,14,0.55,9,5,16,0.643,0.36,0.3,0.462
Embryo07,mosaic_Cellbound3_z3_DAPI_mask_endo.tif,mosaic_Cellbound1_z3_DAPI_mask_endo.tif,1,25,14,0.6,8,6,17,0.571,0.32,0.258,0.41
Embryo07,mosaic_Cellbound3_z3_DAPI_mask_endo.tif,mosaic_Cellbound1_z3_DAPI_mask_endo.tif,1,25,14,0.65,7,7,18,0.5,0.28,0.219,0.359
Embryo07,mosaic_Cellbound3_z3_DAPI_mask_endo.tif,mosaic_Cellbound1_z3_DAPI_mask_endo.tif,1,25,14,0.7,5,9,20,0.357,0.2,0.147,0.256
Embryo07,mosaic_Cellbound3_z3_DAPI_mask_endo.tif,mosaic_Cellbound1_z3_DAPI_mask_endo.tif,1,25,14,0.75,4,10,21,0.286,0.16,0.114,0.205
Embryo07,mosaic_Cellbound3_z3_DAPI_mask_endo.tif,mosaic_Cellbound1_z3_DAPI_mask_endo.tif,1,25,14,0.8,1,13,24,0.071,0.04,0.026,0.051
Embryo07,mosaic_Cellbound3_z3_DAPI_mask_endo.tif,mosaic_Cellbound1_z3_DAPI_mask_endo.tif,1,25,14,0.85,1,13,24,0.071,0.04,0.026,0.051
Embryo07,mosaic_Cellbound3_z3_DAPI_mask_endo.tif,mosaic_Cellbound1_z3_DAPI_mask_endo.tif,1,25,14,0.9,0,14,25,0.0,0.0,0.0,
Embryo07,mosaic_Cellbound3_z3_DAPI_mask_endo.tif,mosaic_Cellbound1_z3_DAPI_mask_endo.tif,1,25,14,0.95,0,14,25,0.0,0.0,0.0,
Embryo07,mosaic_Cellbound3_z3_DAPI_mask_endo.tif,mosaic_Cellbound1_z3_DAPI_mask_endo.tif,1,25,14,1.0,0,14,25,0.0,0.0,0.0,
Embryo07,mosaic_Cellbound3_z3_DAPI_mask_endo.tif,mosaic_Cellbound2_z3_DAPI_mask_endo.tif,1,25,7,0.5,2,5,23,0.286,0.08,0.067,0.125
Embryo07,mosaic_Cellbound3_z3_DAPI_mask_endo.tif,mosaic_Cellbound2_z3_DAPI_mask_endo.tif,1,25,7,0.55,1,6,24,0.143,0.04,0.032,0.062
Embryo07,mosaic_Cellbound3_z3_DAPI_mask_endo.tif,mosaic_Cellbound2_z3_DAPI_mask_endo.tif,1,25,7,0.6,0,7,25,0.0,0.0,0.0,
Embryo07,mosaic_Cellbound3_z3_DAPI_mask_endo.tif,mosaic_Cellbound2_z3_DAPI_mask_endo.tif,1,25,7,0.65,0,7,25,0.0,0.0,0.0,
Embryo07,mosaic_Cellbound3_z3_DAPI_mask_endo.tif,mosaic_Cellbound2_z3_DAPI_mask_endo.tif,1,25,7,0.7,0,7,25,0.0,0.0,0.0,
Embryo07,mosaic_Cellbound3_z3_DAPI_mask_endo.tif,mosaic_Cellbound2_z3_DAPI_mask_endo.tif,1,25,7,0.75,0,7,25,0.0,0.0,0.0,
Embryo07,mosaic_Cellbound3_z3_DAPI_mask_endo.tif,mosaic_Cellbound2_z3_DAPI_mask_endo.tif,1,25,7,0.8,0,7,25,0.0,0.0,0.0,
Embryo07,mosaic_Cellbound3_z3_DAPI_mask_endo.tif,mosaic_Cellbound2_z3_DAPI_mask_endo.tif,1,25,7,0.85,0,7,25,0.0,0.0,0.0,
Embryo07,mosaic_Cellbound3_z3_DAPI_mask_endo.tif,mosaic_Cellbound2_z3_DAPI_mask_endo.tif,1,25,7,0.9,0,7,25,0.0,0.0,0.0,
Embryo07,mosaic_Cellbound3_z3_DAPI_mask_endo.tif,mosaic_Cellbound2_z3_DAPI_mask_endo.tif,1,25,7,0.95,0,7,25,0.0,0.0,0.0,
Embryo07,mosaic_Cellbound3_z3_DAPI_mask_endo.tif,mosaic_Cellbound2_z3_DAPI_mask_endo.tif,1,25,7,1.0,0,7,25,0.0,0.0,0.0,
Embryo07,mosaic_Cellbound3_z3_DAPI_mask_endo.tif,mosaic_PolyT_z3_DAPI_mask_endo.tif,1,25,9,0.5,9,0,16,1.0,0.36,0.36,0.529
Embryo07,mosaic_Cellbound3_z3_DAPI_mask_endo.tif,mosaic_PolyT_z3_DAPI_mask_endo.tif,1,25,9,0.55,6,3,19,0.667,0.24,0.214,0.353
Embryo07,mosaic_Cellbound3_z3_DAPI_mask_endo.tif,mosaic_PolyT_z3_DAPI_mask_endo.tif,1,25,9,0.6,6,3,19,0.667,0.24,0.214,0.353
Embryo07,mosaic_Cellbound3_z3_DAPI_mask_endo.tif,mosaic_PolyT_z3_DAPI_mask_endo.tif,1,25,9,0.65,6,3,19,0.667,0.24,0.214,0.353
Embryo07,mosaic_Cellbound3_z3_DAPI_mask_endo.tif,mosaic_PolyT_z3_DAPI_mask_endo.tif,1,25,9,0.7,4,5,21,0.444,0.16,0.133,0.235
Embryo07,mosaic_Cellbound3_z3_DAPI_mask_endo.tif,mosaic_PolyT_z3_DAPI_mask_endo.tif,1,25,9,0.75,3,6,22,0.333,0.12,0.097,0.176
Embryo07,mosaic_Cellbound3_z3_DAPI_mask_endo.tif,mosaic_PolyT_z3_DAPI_mask_endo.tif,1,25,9,0.8,3,6,22,0.333,0.12,0.097,0.176
Embryo07,mosaic_Cellbound3_z3_DAPI_mask_endo.tif,mosaic_PolyT_z3_DAPI_mask_endo.tif,1,25,9,0.85,1,8,24,0.111,0.04,0.03,0.059
Embryo07,mosaic_Cellbound3_z3_DAPI_mask_endo.tif,mosaic_PolyT_z3_DAPI_mask_endo.tif,1,25,9,0.9,1,8,24,0.111,0.04,0.03,0.059
Embryo07,mosaic_Cellbound3_z3_DAPI_mask_endo.tif,mosaic_PolyT_z3_DAPI_mask_endo.tif,1,25,9,0.95,0,9,25,0.0,0.0,0.0,
Embryo07,mosaic_Cellbound3_z3_DAPI_mask_endo.tif,mosaic_PolyT_z3_DAPI_mask_endo.tif,1,25,9,1.0,0,9,25,0.0,0.0,0.0,
Embryo08,mosaic_Cellbound3_z3_DAPI_mask_endo.tif,added_image_z3_DAPI_mask_endo.tif,1,118,126,0.5,98,28,20,0.778,0.831,0.671,0.803
Embryo08,mosaic_Cellbound3_z3_DAPI_mask_endo.tif,added_image_z3_DAPI_mask_endo.tif,1,118,126,0.55,94,32,24,0.746,0.797,0.627,0.77
Embryo08,mosaic_Cellbound3_z3_DAPI_mask_endo.tif,added_image_z3_DAPI_mask_endo.tif,1,118,126,0.6,93,33,25,0.738,0.788,0.616,0.762
Embryo08,mosaic_Cellbound3_z3_DAPI_mask_endo.tif,added_image_z3_DAPI_mask_endo.tif,1,118,126,0.65,90,36,28,0.714,0.763,0.584,0.738
Embryo08,mosaic_Cellbound3_z3_DAPI_mask_endo.tif,added_image_z3_DAPI_mask_endo.tif,1,118,126,0.7,89,37,29,0.706,0.754,0.574,0.73
Embryo08,mosaic_Cellbound3_z3_DAPI_mask_endo.tif,added_image_z3_DAPI_mask_endo.tif,1,118,126,0.75,88,38,30,0.698,0.746,0.564,0.721
Embryo08,mosaic_Cellbound3_z3_DAPI_mask_endo.tif,added_image_z3_DAPI_mask_endo.tif,1,118,126,0.8,83,43,35,0.659,0.703,0.516,0.68
Embryo08,mosaic_Cellbound3_z3_DAPI_mask_endo.tif,added_image_z3_DAPI_mask_endo.tif,1,118,126,0.85,77,49,41,0.611,0.653,0.461,0.631
Embryo08,mosaic_Cellbound3_z3_DAPI_mask_endo.tif,added_image_z3_DAPI_mask_endo.tif,1,118,126,0.9,67,59,51,0.532,0.568,0.379,0.549
Embryo08,mosaic_Cellbound3_z3_DAPI_mask_endo.tif,added_image_z3_DAPI_mask_endo.tif,1,118,126,0.95,41,85,77,0.325,0.347,0.202,0.336
Embryo08,mosaic_Cellbound3_z3_DAPI_mask_endo.tif,added_image_z3_DAPI_mask_endo.tif,1,118,126,1.0,0,126,118,0.0,0.0,0.0,
Embryo08,mosaic_Cellbound3_z3_DAPI_mask_endo.tif,average_image_z3_DAPI_mask_endo.tif,1,118,130,0.5,99,31,19,0.762,0.839,0.664,0.798
Embryo08,mosaic_Cellbound3_z3_DAPI_mask_endo.tif,average_image_z3_DAPI_mask_endo.tif,1,118,130,0.55,94,36,24,0.723,0.797,0.61,0.758
Embryo08,mosaic_Cellbound3_z3_DAPI_mask_endo.tif,average_image_z3_DAPI_mask_endo.tif,1,118,130,0.6,92,38,26,0.708,0.78,0.59,0.742
Embryo08,mosaic_Cellbound3_z3_DAPI_mask_endo.tif,average_image_z3_DAPI_mask_endo.tif,1,118,130,0.65,89,41,29,0.685,0.754,0.56,0.718
Embryo08,mosaic_Cellbound3_z3_DAPI_mask_endo.tif,average_image_z3_DAPI_mask_endo.tif,1,118,130,0.7,88,42,30,0.677,0.746,0.55,0.71
Embryo08,mosaic_Cellbound3_z3_DAPI_mask_endo.tif,average_image_z3_DAPI_mask_endo.tif,1,118,130,0.75,85,45,33,0.654,0.72,0.521,0.685
Embryo08,mosaic_Cellbound3_z3_DAPI_mask_endo.tif,average_image_z3_DAPI_mask_endo.tif,1,118,130,0.8,81,49,37,0.623,0.686,0.485,0.653
Embryo08,mosaic_Cellbound3_z3_DAPI_mask_endo.tif,average_image_z3_DAPI_mask_endo.tif,1,118,130,0.85,75,55,43,0.577,0.636,0.434,0.605
Embryo08,mosaic_Cellbound3_z3_DAPI_mask_endo.tif,average_image_z3_DAPI_mask_endo.tif,1,118,130,0.9,66,64,52,0.508,0.559,0.363,0.532
Embryo08,mosaic_Cellbound3_z3_DAPI_mask_endo.tif,average_image_z3_DAPI_mask_endo.tif,1,118,130,0.95,39,91,79,0.3,0.331,0.187,0.315
Embryo08,mosaic_Cellbound3_z3_DAPI_mask_endo.tif,average_image_z3_DAPI_mask_endo.tif,1,118,130,1.0,0,130,118,0.0,0.0,0.0,
Embryo08,mosaic_Cellbound3_z3_DAPI_mask_endo.tif,max_image_z3_DAPI_mask_endo.tif,1,118,112,0.5,94,18,24,0.839,0.797,0.691,0.817
Embryo08,mosaic_Cellbound3_z3_DAPI_mask_endo.tif,max_image_z3_DAPI_mask_endo.tif,1,118,112,0.55,92,20,26,0.821,0.78,0.667,0.8
Embryo08,mosaic_Cellbound3_z3_DAPI_mask_endo.tif,max_image_z3_DAPI_mask_endo.tif,1,118,112,0.6,89,23,29,0.795,0.754,0.631,0.774
Embryo08,mosaic_Cellbound3_z3_DAPI_mask_endo.tif,max_image_z3_DAPI_mask_endo.tif,1,118,112,0.65,88,24,30,0.786,0.746,0.62,0.765
Embryo08,mosaic_Cellbound3_z3_DAPI_mask_endo.tif,max_image_z3_DAPI_mask_endo.tif,1,118,112,0.7,88,24,30,0.786,0.746,0.62,0.765
Embryo08,mosaic_Cellbound3_z3_DAPI_mask_endo.tif,max_image_z3_DAPI_mask_endo.tif,1,118,112,0.75,86,26,32,0.768,0.729,0.597,0.748
Embryo08,mosaic_Cellbound3_z3_DAPI_mask_endo.tif,max_image_z3_DAPI_mask_endo.tif,1,118,112,0.8,79,33,39,0.705,0.669,0.523,0.687
Embryo08,mosaic_Cellbound3_z3_DAPI_mask_endo.tif,max_image_z3_DAPI_mask_endo.tif,1,118,112,0.85,74,38,44,0.661,0.627,0.474,0.643
Embryo08,mosaic_Cellbound3_z3_DAPI_mask_endo.tif,max_image_z3_DAPI_mask_endo.tif,1,118,112,0.9,71,41,47,0.634,0.602,0.447,0.617
Embryo08,mosaic_Cellbound3_z3_DAPI_mask_endo.tif,max_image_z3_DAPI_mask_endo.tif,1,118,112,0.95,48,64,70,0.429,0.407,0.264,0.417
Embryo08,mosaic_Cellbound3_z3_DAPI_mask_endo.tif,max_image_z3_DAPI_mask_endo.tif,1,118,112,1.0,0,112,118,0.0,0.0,0.0,
Embryo08,mosaic_Cellbound3_z3_DAPI_mask_endo.tif,mosaic_Cellbound1_z3_DAPI_mask_endo.tif,1,118,64,0.5,31,33,87,0.484,0.263,0.205,0.341
Embryo08,mosaic_Cellbound3_z3_DAPI_mask_endo.tif,mosaic_Cellbound1_z3_DAPI_mask_endo.tif,1,118,64,0.55,28,36,90,0.438,0.237,0.182,0.308
Embryo08,mosaic_Cellbound3_z3_DAPI_mask_endo.tif,mosaic_Cellbound1_z3_DAPI_mask_endo.tif,1,118,64,0.6,23,41,95,0.359,0.195,0.145,0.253
Embryo08,mosaic_Cellbound3_z3_DAPI_mask_endo.tif,mosaic_Cellbound1_z3_DAPI_mask_endo.tif,1,118,64,0.65,19,45,99,0.297,0.161,0.117,0.209
Embryo08,mosaic_Cellbound3_z3_DAPI_mask_endo.tif,mosaic_Cellbound1_z3_DAPI_mask_endo.tif,1,118,64,0.7,12,52,106,0.188,0.102,0.071,0.132
Embryo08,mosaic_Cellbound3_z3_DAPI_mask_endo.tif,mosaic_Cellbound1_z3_DAPI_mask_endo.tif,1,118,64,0.75,8,56,110,0.125,0.068,0.046,0.088
Embryo08,mosaic_Cellbound3_z3_DAPI_mask_endo.tif,mosaic_Cellbound1_z3_DAPI_mask_endo.tif,1,118,64,0.8,5,59,113,0.078,0.042,0.028,0.055
Embryo08,mosaic_Cellbound3_z3_DAPI_mask_endo.tif,mosaic_Cellbound1_z3_DAPI_mask_endo.tif,1,118,64,0.85,4,60,114,0.062,0.034,0.022,0.044
Embryo08,mosaic_Cellbound3_z3_DAPI_mask_endo.tif,mosaic_Cellbound1_z3_DAPI_mask_endo.tif,1,118,64,0.9,1,63,117,0.016,0.008,0.006,0.011
Embryo08,mosaic_Cellbound3_z3_DAPI_mask_endo.tif,mosaic_Cellbound1_z3_DAPI_mask_endo.tif,1,118,64,0.95,0,64,118,0.0,0.0,0.0,
Embryo08,mosaic_Cellbound3_z3_DAPI_mask_endo.tif,mosaic_Cellbound1_z3_DAPI_mask_endo.tif,1,118,64,1.0,0,64,118,0.0,0.0,0.0,
Embryo08,mosaic_Cellbound3_z3_DAPI_mask_endo.tif,mosaic_Cellbound2_z3_DAPI_mask_endo.tif,1,118,285,0.5,13,272,105,0.046,0.11,0.033,0.065
Embryo08,mosaic_Cellbound3_z3_DAPI_mask_endo.tif,mosaic_Cellbound2_z3_DAPI_mask_endo.tif,1,118,285,0.55,9,276,109,0.032,0.076,0.023,0.045
Embryo08,mosaic_Cellbound3_z3_DAPI_mask_endo.tif,mosaic_Cellbound2_z3_DAPI_mask_endo.tif,1,118,285,0.6,6,279,112,0.021,0.051,0.015,0.03
Embryo08,mosaic_Cellbound3_z3_DAPI_mask_endo.tif,mosaic_Cellbound2_z3_DAPI_mask_endo.tif,1,118,285,0.65,3,282,115,0.011,0.025,0.007,0.015
Embryo08,mosaic_Cellbound3_z3_DAPI_mask_endo.tif,mosaic_Cellbound2_z3_DAPI_mask_endo.tif,1,118,285,0.7,1,284,117,0.004,0.008,0.002,0.005
Embryo08,mosaic_Cellbound3_z3_DAPI_mask_endo.tif,mosaic_Cellbound2_z3_DAPI_mask_endo.tif,1,118,285,0.75,0,285,118,0.0,0.0,0.0,
Embryo08,mosaic_Cellbound3_z3_DAPI_mask_endo.tif,mosaic_Cellbound2_z3_DAPI_mask_endo.tif,1,118,285,0.8,0,285,118,0.0,0.0,0.0,
Embryo08,mosaic_Cellbound3_z3_DAPI_mask_endo.tif,mosaic_Cellbound2_z3_DAPI_mask_endo.tif,1,118,285,0.85,0,285,118,0.0,0.0,0.0,
Embryo08,mosaic_Cellbound3_z3_DAPI_mask_endo.tif,mosaic_Cellbound2_z3_DAPI_mask_endo.tif,1,118,285,0.9,0,285,118,0.0,0.0,0.0,
Embryo08,mosaic_Cellbound3_z3_DAPI_mask_endo.tif,mosaic_Cellbound2_z3_DAPI_mask_endo.tif,1,118,285,0.95,0,285,118,0.0,0.0,0.0,
Embryo08,mosaic_Cellbound3_z3_DAPI_mask_endo.tif,mosaic_Cellbound2_z3_DAPI_mask_endo.tif,1,118,285,1.0,0,285,118,0.0,0.0,0.0,
Embryo08,mosaic_Cellbound3_z3_DAPI_mask_endo.tif,mosaic_PolyT_z3_DAPI_mask_endo.tif,1,118,93,0.5,68,25,50,0.731,0.576,0.476,0.645
Embryo08,mosaic_Cellbound3_z3_DAPI_mask_endo.tif,mosaic_PolyT_z3_DAPI_mask_endo.tif,1,118,93,0.55,66,27,52,0.71,0.559,0.455,0.626
Embryo08,mosaic_Cellbound3_z3_DAPI_mask_endo.tif,mosaic_PolyT_z3_DAPI_mask_endo.tif,1,118,93,0.6,61,32,57,0.656,0.517,0.407,0.578
Embryo08,mosaic_Cellbound3_z3_DAPI_mask_endo.tif,mosaic_PolyT_z3_DAPI_mask_endo.tif,1,118,93,0.65,54,39,64,0.581,0.458,0.344,0.512
Embryo08,mosaic_Cellbound3_z3_DAPI_mask_endo.tif,mosaic_PolyT_z3_DAPI_mask_endo.tif,1,118,93,0.7,50,43,68,0.538,0.424,0.311,0.474
Embryo08,mosaic_Cellbound3_z3_DAPI_mask_endo.tif,mosaic_PolyT_z3_DAPI_mask_endo.tif,1,118,93,0.75,47,46,71,0.505,0.398,0.287,0.445
Embryo08,mosaic_Cellbound3_z3_DAPI_mask_endo.tif,mosaic_PolyT_z3_DAPI_mask_endo.tif,1,118,93,0.8,43,50,75,0.462,0.364,0.256,0.408
Embryo08,mosaic_Cellbound3_z3_DAPI_mask_endo.tif,mosaic_PolyT_z3_DAPI_mask_endo.tif,1,118,93,0.85,31,62,87,0.333,0.263,0.172,0.294
Embryo08,mosaic_Cellbound3_z3_DAPI_mask_endo.tif,mosaic_PolyT_z3_DAPI_mask_endo.tif,1,118,93,0.9,22,71,96,0.237,0.186,0.116,0.209
Embryo08,mosaic_Cellbound3_z3_DAPI_mask_endo.tif,mosaic_PolyT_z3_DAPI_mask_endo.tif,1,118,93,0.95,3,90,115,0.032,0.025,0.014,0.028
Embryo08,mosaic_Cellbound3_z3_DAPI_mask_endo.tif,mosaic_PolyT_z3_DAPI_mask_endo.tif,1,118,93,1.0,0,93,118,0.0,0.0,0.0,
Embryo09,mosaic_Cellbound3_z3_DAPI_mask_endo.tif,added_image_z3_DAPI_mask_endo.tif,1,22,39,0.5,17,22,5,0.436,0.773,0.386,0.557
Embryo09,mosaic_Cellbound3_z3_DAPI_mask_endo.tif,added_image_z3_DAPI_mask_endo.tif,1,22,39,0.55,17,22,5,0.436,0.773,0.386,0.557
Embryo09,mosaic_Cellbound3_z3_DAPI_mask_endo.tif,added_image_z3_DAPI_mask_endo.tif,1,22,39,0.6,14,25,8,0.359,0.636,0.298,0.459
Embryo09,mosaic_Cellbound3_z3_DAPI_mask_endo.tif,added_image_z3_DAPI_mask_endo.tif,1,22,39,0.65,13,26,9,0.333,0.591,0.271,0.426
Embryo09,mosaic_Cellbound3_z3_DAPI_mask_endo.tif,added_image_z3_DAPI_mask_endo.tif,1,22,39,0.7,12,27,10,0.308,0.545,0.245,0.393
Embryo09,mosaic_Cellbound3_z3_DAPI_mask_endo.tif,added_image_z3_DAPI_mask_endo.tif,1,22,39,0.75,12,27,10,0.308,0.545,0.245,0.393
Embryo09,mosaic_Cellbound3_z3_DAPI_mask_endo.tif,added_image_z3_DAPI_mask_endo.tif,1,22,39,0.8,12,27,10,0.308,0.545,0.245,0.393
Embryo09,mosaic_Cellbound3_z3_DAPI_mask_endo.tif,added_image_z3_DAPI_mask_endo.tif,1,22,39,0.85,8,31,14,0.205,0.364,0.151,0.262
Embryo09,mosaic_Cellbound3_z3_DAPI_mask_endo.tif,added_image_z3_DAPI_mask_endo.tif,1,22,39,0.9,5,34,17,0.128,0.227,0.089,0.164
Embryo09,mosaic_Cellbound3_z3_DAPI_mask_endo.tif,added_image_z3_DAPI_mask_endo.tif,1,22,39,0.95,0,39,22,0.0,0.0,0.0,
Embryo09,mosaic_Cellbound3_z3_DAPI_mask_endo.tif,added_image_z3_DAPI_mask_endo.tif,1,22,39,1.0,0,39,22,0.0,0.0,0.0,
Embryo09,mosaic_Cellbound3_z3_DAPI_mask_endo.tif,average_image_z3_DAPI_mask_endo.tif,1,22,40,0.5,19,21,3,0.475,0.864,0.442,0.613
Embryo09,mosaic_Cellbound3_z3_DAPI_mask_endo.tif,average_image_z3_DAPI_mask_endo.tif,1,22,40,0.55,19,21,3,0.475,0.864,0.442,0.613
Embryo09,mosaic_Cellbound3_z3_DAPI_mask_endo.tif,average_image_z3_DAPI_mask_endo.tif,1,22,40,0.6,15,25,7,0.375,0.682,0.319,0.484
Embryo09,mosaic_Cellbound3_z3_DAPI_mask_endo.tif,average_image_z3_DAPI_mask_endo.tif,1,22,40,0.65,13,27,9,0.325,0.591,0.265,0.419
Embryo09,mosaic_Cellbound3_z3_DAPI_mask_endo.tif,average_image_z3_DAPI_mask_endo.tif,1,22,40,0.7,13,27,9,0.325,0.591,0.265,0.419
Embryo09,mosaic_Cellbound3_z3_DAPI_mask_endo.tif,average_image_z3_DAPI_mask_endo.tif,1,22,40,0.75,13,27,9,0.325,0.591,0.265,0.419
Embryo09,mosaic_Cellbound3_z3_DAPI_mask_endo.tif,average_image_z3_DAPI_mask_endo.tif,1,22,40,0.8,13,27,9,0.325,0.591,0.265,0.419
Embryo09,mosaic_Cellbound3_z3_DAPI_mask_endo.tif,average_image_z3_DAPI_mask_endo.tif,1,22,40,0.85,9,31,13,0.225,0.409,0.17,0.29
Embryo09,mosaic_Cellbound3_z3_DAPI_mask_endo.tif,average_image_z3_DAPI_mask_endo.tif,1,22,40,0.9,6,34,16,0.15,0.273,0.107,0.194
Embryo09,mosaic_Cellbound3_z3_DAPI_mask_endo.tif,average_image_z3_DAPI_mask_endo.tif,1,22,40,0.95,0,40,22,0.0,0.0,0.0,
Embryo09,mosaic_Cellbound3_z3_DAPI_mask_endo.tif,average_image_z3_DAPI_mask_endo.tif,1,22,40,1.0,0,40,22,0.0,0.0,0.0,
Embryo09,mosaic_Cellbound3_z3_DAPI_mask_endo.tif,max_image_z3_DAPI_mask_endo.tif,1,22,44,0.5,16,28,6,0.364,0.727,0.32,0.485
Embryo09,mosaic_Cellbound3_z3_DAPI_mask_endo.tif,max_image_z3_DAPI_mask_endo.tif,1,22,44,0.55,14,30,8,0.318,0.636,0.269,0.424
Embryo09,mosaic_Cellbound3_z3_DAPI_mask_endo.tif,max_image_z3_DAPI_mask_endo.tif,1,22,44,0.6,12,32,10,0.273,0.545,0.222,0.364
Embryo09,mosaic_Cellbound3_z3_DAPI_mask_endo.tif,max_image_z3_DAPI_mask_endo.tif,1,22,44,0.65,10,34,12,0.227,0.455,0.179,0.303
Embryo09,mosaic_Cellbound3_z3_DAPI_mask_endo.tif,max_image_z3_DAPI_mask_endo.tif,1,22,44,0.7,7,37,15,0.159,0.318,0.119,0.212
Embryo09,mosaic_Cellbound3_z3_DAPI_mask_endo.tif,max_image_z3_DAPI_mask_endo.tif,1,22,44,0.75,6,38,16,0.136,0.273,0.1,0.182
Embryo09,mosaic_Cellbound3_z3_DAPI_mask_endo.tif,max_image_z3_DAPI_mask_endo.tif,1,22,44,0.8,6,38,16,0.136,0.273,0.1,0.182
Embryo09,mosaic_Cellbound3_z3_DAPI_mask_endo.tif,max_image_z3_DAPI_mask_endo.tif,1,22,44,0.85,5,39,17,0.114,0.227,0.082,0.152
Embryo09,mosaic_Cellbound3_z3_DAPI_mask_endo.tif,max_image_z3_DAPI_mask_endo.tif,1,22,44,0.9,2,42,20,0.045,0.091,0.031,0.061
Embryo09,mosaic_Cellbound3_z3_DAPI_mask_endo.tif,max_image_z3_DAPI_mask_endo.tif,1,22,44,0.95,0,44,22,0.0,0.0,0.0,
Embryo09,mosaic_Cellbound3_z3_DAPI_mask_endo.tif,max_image_z3_DAPI_mask_endo.tif,1,22,44,1.0,0,44,22,0.0,0.0,0.0,
Embryo09,mosaic_Cellbound3_z3_DAPI_mask_endo.tif,mosaic_Cellbound1_z3_DAPI_mask_endo.tif,1,22,47,0.5,10,37,12,0.213,0.455,0.169,0.29
Embryo09,mosaic_Cellbound3_z3_DAPI_mask_endo.tif,mosaic_Cellbound1_z3_DAPI_mask_endo.tif,1,22,47,0.55,9,38,13,0.191,0.409,0.15,0.261
Embryo09,mosaic_Cellbound3_z3_DAPI_mask_endo.tif,mosaic_Cellbound1_z3_DAPI_mask_endo.tif,1,22,47,0.6,6,41,16,0.128,0.273,0.095,0.174
Embryo09,mosaic_Cellbound3_z3_DAPI_mask_endo.tif,mosaic_Cellbound1_z3_DAPI_mask_endo.tif,1,22,47,0.65,6,41,16,0.128,0.273,0.095,0.174
Embryo09,mosaic_Cellbound3_z3_DAPI_mask_endo.tif,mosaic_Cellbound1_z3_DAPI_mask_endo.tif,1,22,47,0.7,5,42,17,0.106,0.227,0.078,0.145
Embryo09,mosaic_Cellbound3_z3_DAPI_mask_endo.tif,mosaic_Cellbound1_z3_DAPI_mask_endo.tif,1,22,47,0.75,4,43,18,0.085,0.182,0.062,0.116
Embryo09,mosaic_Cellbound3_z3_DAPI_mask_endo.tif,mosaic_Cellbound1_z3_DAPI_mask_endo.tif,1,22,47,0.8,2,45,20,0.043,0.091,0.03,0.058
Embryo09,mosaic_Cellbound3_z3_DAPI_mask_endo.tif,mosaic_Cellbound1_z3_DAPI_mask_endo.tif,1,22,47,0.85,2,45,20,0.043,0.091,0.03,0.058
Embryo09,mosaic_Cellbound3_z3_DAPI_mask_endo.tif,mosaic_Cellbound1_z3_DAPI_mask_endo.tif,1,22,47,0.9,2,45,20,0.043,0.091,0.03,0.058
Embryo09,mosaic_Cellbound3_z3_DAPI_mask_endo.tif,mosaic_Cellbound1_z3_DAPI_mask_endo.tif,1,22,47,0.95,0,47,22,0.0,0.0,0.0,
Embryo09,mosaic_Cellbound3_z3_DAPI_mask_endo.tif,mosaic_Cellbound1_z3_DAPI_mask_endo.tif,1,22,47,1.0,0,47,22,0.0,0.0,0.0,
Embryo09,mosaic_Cellbound3_z3_DAPI_mask_endo.tif,mosaic_Cellbound2_z3_DAPI_mask_endo.tif,1,22,115,0.5,5,110,17,0.043,0.227,0.038,0.073
Embryo09,mosaic_Cellbound3_z3_DAPI_mask_endo.tif,mosaic_Cellbound2_z3_DAPI_mask_endo.tif,1,22,115,0.55,3,112,19,0.026,0.136,0.022,0.044
Embryo09,mosaic_Cellbound3_z3_DAPI_mask_endo.tif,mosaic_Cellbound2_z3_DAPI_mask_endo.tif,1,22,115,0.6,2,113,20,0.017,0.091,0.015,0.029
Embryo09,mosaic_Cellbound3_z3_DAPI_mask_endo.tif,mosaic_Cellbound2_z3_DAPI_mask_endo.tif,1,22,115,0.65,0,115,22,0.0,0.0,0.0,
Embryo09,mosaic_Cellbound3_z3_DAPI_mask_endo.tif,mosaic_Cellbound2_z3_DAPI_mask_endo.tif,1,22,115,0.7,0,115,22,0.0,0.0,0.0,
Embryo09,mosaic_Cellbound3_z3_DAPI_mask_endo.tif,mosaic_Cellbound2_z3_DAPI_mask_endo.tif,1,22,115,0.75,0,115,22,0.0,0.0,0.0,
Embryo09,mosaic_Cellbound3_z3_DAPI_mask_endo.tif,mosaic_Cellbound2_z3_DAPI_mask_endo.tif,1,22,115,0.8,0,115,22,0.0,0.0,0.0,
Embryo09,mosaic_Cellbound3_z3_DAPI_mask_endo.tif,mosaic_Cellbound2_z3_DAPI_mask_endo.tif,1,22,115,0.85,0,115,22,0.0,0.0,0.0,
Embryo09,mosaic_Cellbound3_z3_DAPI_mask_endo.tif,mosaic_Cellbound2_z3_DAPI_mask_endo.tif,1,22,115,0.9,0,115,22,0.0,0.0,0.0,
Embryo09,mosaic_Cellbound3_z3_DAPI_mask_endo.tif,mosaic_Cellbound2_z3_DAPI_mask_endo.tif,1,22,115,0.95,0,115,22,0.0,0.0,0.0,
Embryo09,mosaic_Cellbound3_z3_DAPI_mask_endo.tif,mosaic_Cellbound2_z3_DAPI_mask_endo.tif,1,22,115,1.0,0,115,22,0.0,0.0,0.0,
Embryo09,mosaic_Cellbound3_z3_DAPI_mask_endo.tif,mosaic_PolyT_z3_DAPI_mask_endo.tif,1,22,12,0.5,6,6,16,0.5,0.273,0.214,0.353
Embryo09,mosaic_Cellbound3_z3_DAPI_mask_endo.tif,mosaic_PolyT_z3_DAPI_mask_endo.tif,1,22,12,0.55,6,6,16,0.5,0.273,0.214,0.353
Embryo09,mosaic_Cellbound3_z3_DAPI_mask_endo.tif,mosaic_PolyT_z3_DAPI_mask_endo.tif,1,22,12,0.6,6,6,16,0.5,0.273,0.214,0.353
Embryo09,mosaic_Cellbound3_z3_DAPI_mask_endo.tif,mosaic_PolyT_z3_DAPI_mask_endo.tif,1,22,12,0.65,5,7,17,0.417,0.227,0.172,0.294
Embryo09,mosaic_Cellbound3_z3_DAPI_mask_endo.tif,mosaic_PolyT_z3_DAPI_mask_endo.tif,1,22,12,0.7,4,8,18,0.333,0.182,0.133,0.235
Embryo09,mosaic_Cellbound3_z3_DAPI_mask_endo.tif,mosaic_PolyT_z3_DAPI_mask_endo.tif,1,22,12,0.75,4,8,18,0.333,0.182,0.133,0.235
Embryo09,mosaic_Cellbound3_z3_DAPI_mask_endo.tif,mosaic_PolyT_z3_DAPI_mask_endo.tif,1,22,12,0.8,4,8,18,0.333,0.182,0.133,0.235
Embryo09,mosaic_Cellbound3_z3_DAPI_mask_endo.tif,mosaic_PolyT_z3_DAPI_mask_endo.tif,1,22,12,0.85,2,10,20,0.167,0.091,0.062,0.118
Embryo09,mosaic_Cellbound3_z3_DAPI_mask_endo.tif,mosaic_PolyT_z3_DAPI_mask_endo.tif,1,22,12,0.9,0,12,22,0.0,0.0,0.0,
Embryo09,mosaic_Cellbound3_z3_DAPI_mask_endo.tif,mosaic_PolyT_z3_DAPI_mask_endo.tif,1,22,12,0.95,0,12,22,0.0,0.0,0.0,
Embryo09,mosaic_Cellbound3_z3_DAPI_mask_endo.tif,mosaic_PolyT_z3_DAPI_mask_endo.tif,1,22,12,1.0,0,12,22,0.0,0.0,0.0,
Embryo10,mosaic_Cellbound3_z3_DAPI_mask_endo.tif,added_image_z3_DAPI_mask_endo.tif,1,78,122,0.5,47,75,31,0.385,0.603,0.307,0.47
Embryo10,mosaic_Cellbound3_z3_DAPI_mask_endo.tif,added_image_z3_DAPI_mask_endo.tif,1,78,122,0.55,43,79,35,0.352,0.551,0.274,0.43
Embryo10,mosaic_Cellbound3_z3_DAPI_mask_endo.tif,added_image_z3_DAPI_mask_endo.tif,1,78,122,0.6,42,80,36,0.344,0.538,0.266,0.42
Embryo10,mosaic_Cellbound3_z3_DAPI_mask_endo.tif,added_image_z3_DAPI_mask_endo.tif,1,78,122,0.65,40,82,38,0.328,0.513,0.25,0.4
Embryo10,mosaic_Cellbound3_z3_DAPI_mask_endo.tif,added_image_z3_DAPI_mask_endo.tif,1,78,122,0.7,33,89,45,0.27,0.423,0.198,0.33
Embryo10,mosaic_Cellbound3_z3_DAPI_mask_endo.tif,added_image_z3_DAPI_mask_endo.tif,1,78,122,0.75,29,93,49,0.238,0.372,0.17,0.29
Embryo10,mosaic_Cellbound3_z3_DAPI_mask_endo.tif,added_image_z3_DAPI_mask_endo.tif,1,78,122,0.8,24,98,54,0.197,0.308,0.136,0.24
Embryo10,mosaic_Cellbound3_z3_DAPI_mask_endo.tif,added_image_z3_DAPI_mask_endo.tif,1,78,122,0.85,20,102,58,0.164,0.256,0.111,0.2
Embryo10,mosaic_Cellbound3_z3_DAPI_mask_endo.tif,added_image_z3_DAPI_mask_endo.tif,1,78,122,0.9,13,109,65,0.107,0.167,0.07,0.13
Embryo10,mosaic_Cellbound3_z3_DAPI_mask_endo.tif,added_image_z3_DAPI_mask_endo.tif,1,78,122,0.95,4,118,74,0.033,0.051,0.02,0.04
Embryo10,mosaic_Cellbound3_z3_DAPI_mask_endo.tif,added_image_z3_DAPI_mask_endo.tif,1,78,122,1.0,0,122,78,0.0,0.0,0.0,
Embryo10,mosaic_Cellbound3_z3_DAPI_mask_endo.tif,average_image_z3_DAPI_mask_endo.tif,1,78,122,0.5,50,72,28,0.41,0.641,0.333,0.5
Embryo10,mosaic_Cellbound3_z3_DAPI_mask_endo.tif,average_image_z3_DAPI_mask_endo.tif,1,78,122,0.55,45,77,33,0.369,0.577,0.29,0.45
Embryo10,mosaic_Cellbound3_z3_DAPI_mask_endo.tif,average_image_z3_DAPI_mask_endo.tif,1,78,122,0.6,42,80,36,0.344,0.538,0.266,0.42
Embryo10,mosaic_Cellbound3_z3_DAPI_mask_endo.tif,average_image_z3_DAPI_mask_endo.tif,1,78,122,0.65,38,84,40,0.311,0.487,0.235,0.38
Embryo10,mosaic_Cellbound3_z3_DAPI_mask_endo.tif,average_image_z3_DAPI_mask_endo.tif,1,78,122,0.7,33,89,45,0.27,0.423,0.198,0.33
Embryo10,mosaic_Cellbound3_z3_DAPI_mask_endo.tif,average_image_z3_DAPI_mask_endo.tif,1,78,122,0.75,29,93,49,0.238,0.372,0.17,0.29
Embryo10,mosaic_Cellbound3_z3_DAPI_mask_endo.tif,average_image_z3_DAPI_mask_endo.tif,1,78,122,0.8,25,97,53,0.205,0.321,0.143,0.25
Embryo10,mosaic_Cellbound3_z3_DAPI_mask_endo.tif,average_image_z3_DAPI_mask_endo.tif,1,78,122,0.85,21,101,57,0.172,0.269,0.117,0.21
Embryo10,mosaic_Cellbound3_z3_DAPI_mask_endo.tif,average_image_z3_DAPI_mask_endo.tif,1,78,122,0.9,13,109,65,0.107,0.167,0.07,0.13
Embryo10,mosaic_Cellbound3_z3_DAPI_mask_endo.tif,average_image_z3_DAPI_mask_endo.tif,1,78,122,0.95,4,118,74,0.033,0.051,0.02,0.04
Embryo10,mosaic_Cellbound3_z3_DAPI_mask_endo.tif,average_image_z3_DAPI_mask_endo.tif,1,78,122,1.0,0,122,78,0.0,0.0,0.0,
Embryo10,mosaic_Cellbound3_z3_DAPI_mask_endo.tif,max_image_z3_DAPI_mask_endo.tif,1,78,89,0.5,32,57,46,0.36,0.41,0.237,0.383
Embryo10,mosaic_Cellbound3_z3_DAPI_mask_endo.tif,max_image_z3_DAPI_mask_endo.tif,1,78,89,0.55,30,59,48,0.337,0.385,0.219,0.359
Embryo10,mosaic_Cellbound3_z3_DAPI_mask_endo.tif,max_image_z3_DAPI_mask_endo.tif,1,78,89,0.6,28,61,50,0.315,0.359,0.201,0.335
Embryo10,mosaic_Cellbound3_z3_DAPI_mask_endo.tif,max_image_z3_DAPI_mask_endo.tif,1,78,89,0.65,24,65,54,0.27,0.308,0.168,0.287
Embryo10,mosaic_Cellbound3_z3_DAPI_mask_endo.tif,max_image_z3_DAPI_mask_endo.tif,1,78,89,0.7,20,69,58,0.225,0.256,0.136,0.24
Embryo10,mosaic_Cellbound3_z3_DAPI_mask_endo.tif,max_image_z3_DAPI_mask_endo.tif,1,78,89,0.75,18,71,60,0.202,0.231,0.121,0.216
Embryo10,mosaic_Cellbound3_z3_DAPI_mask_endo.tif,max_image_z3_DAPI_mask_endo.tif,1,78,89,0.8,15,74,63,0.169,0.192,0.099,0.18
Embryo10,mosaic_Cellbound3_z3_DAPI_mask_endo.tif,max_image_z3_DAPI_mask_endo.tif,1,78,89,0.85,12,77,66,0.135,0.154,0.077,0.144
Embryo10,mosaic_Cellbound3_z3_DAPI_mask_endo.tif,max_image_z3_DAPI_mask_endo.tif,1,78,89,0.9,9,80,69,0.101,0.115,0.057,0.108
Embryo10,mosaic_Cellbound3_z3_DAPI_mask_endo.tif,max_image_z3_DAPI_mask_endo.tif,1,78,89,0.95,4,85,74,0.045,0.051,0.025,0.048
Embryo10,mosaic_Cellbound3_z3_DAPI_mask_endo.tif,max_image_z3_DAPI_mask_endo.tif,1,78,89,1.0,0,89,78,0.0,0.0,0.0,
Embryo10,mosaic_Cellbound3_z3_DAPI_mask_endo.tif,mosaic_Cellbound1_z3_DAPI_mask_endo.tif,1,78,95,0.5,18,77,60,0.189,0.231,0.116,0.208
Embryo10,mosaic_Cellbound3_z3_DAPI_mask_endo.tif,mosaic_Cellbound1_z3_DAPI_mask_endo.tif,1,78,95,0.55,17,78,61,0.179,0.218,0.109,0.197
Embryo10,mosaic_Cellbound3_z3_DAPI_mask_endo.tif,mosaic_Cellbound1_z3_DAPI_mask_endo.tif,1,78,95,0.6,16,79,62,0.168,0.205,0.102,0.185
Embryo10,mosaic_Cellbound3_z3_DAPI_mask_endo.tif,mosaic_Cellbound1_z3_DAPI_mask_endo.tif,1,78,95,0.65,15,80,63,0.158,0.192,0.095,0.173
Embryo10,mosaic_Cellbound3_z3_DAPI_mask_endo.tif,mosaic_Cellbound1_z3_DAPI_mask_endo.tif,1,78,95,0.7,12,83,66,0.126,0.154,0.075,0.139
Embryo10,mosaic_Cellbound3_z3_DAPI_mask_endo.tif,mosaic_Cellbound1_z3_DAPI_mask_endo.tif,1,78,95,0.75,9,86,69,0.095,0.115,0.055,0.104
Embryo10,mosaic_Cellbound3_z3_DAPI_mask_endo.tif,mosaic_Cellbound1_z3_DAPI_mask_endo.tif,1,78,95,0.8,5,90,73,0.053,0.064,0.03,0.058
Embryo10,mosaic_Cellbound3_z3_DAPI_mask_endo.tif,mosaic_Cellbound1_z3_DAPI_mask_endo.tif,1,78,95,0.85,1,94,77,0.011,0.013,0.006,0.012
Embryo10,mosaic_Cellbound3_z3_DAPI_mask_endo.tif,mosaic_Cellbound1_z3_DAPI_mask_endo.tif,1,78,95,0.9,1,94,77,0.011,0.013,0.006,0.012
Embryo10,mosaic_Cellbound3_z3_DAPI_mask_endo.tif,mosaic_Cellbound1_z3_DAPI_mask_endo.tif,1,78,95,0.95,0,95,78,0.0,0.0,0.0,
Embryo10,mosaic_Cellbound3_z3_DAPI_mask_endo.tif,mosaic_Cellbound1_z3_DAPI_mask_endo.tif,1,78,95,1.0,0,95,78,0.0,0.0,0.0,
Embryo10,mosaic_Cellbound3_z3_DAPI_mask_endo.tif,mosaic_Cellbound2_z3_DAPI_mask_endo.tif,1,78,636,0.5,8,628,70,0.013,0.103,0.011,0.022
Embryo10,mosaic_Cellbound3_z3_DAPI_mask_endo.tif,mosaic_Cellbound2_z3_DAPI_mask_endo.tif,1,78,636,0.55,7,629,71,0.011,0.09,0.01,0.02
Embryo10,mosaic_Cellbound3_z3_DAPI_mask_endo.tif,mosaic_Cellbound2_z3_DAPI_mask_endo.tif,1,78,636,0.6,5,631,73,0.008,0.064,0.007,0.014
Embryo10,mosaic_Cellbound3_z3_DAPI_mask_endo.tif,mosaic_Cellbound2_z3_DAPI_mask_endo.tif,1,78,636,0.65,4,632,74,0.006,0.051,0.006,0.011
Embryo10,mosaic_Cellbound3_z3_DAPI_mask_endo.tif,mosaic_Cellbound2_z3_DAPI_mask_endo.tif,1,78,636,0.7,3,633,75,0.005,0.038,0.004,0.008
Embryo10,mosaic_Cellbound3_z3_DAPI_mask_endo.tif,mosaic_Cellbound2_z3_DAPI_mask_endo.tif,1,78,636,0.75,3,633,75,0.005,0.038,0.004,0.008
Embryo10,mosaic_Cellbound3_z3_DAPI_mask_endo.tif,mosaic_Cellbound2_z3_DAPI_mask_endo.tif,1,78,636,0.8,1,635,77,0.002,0.013,0.001,0.003
Embryo10,mosaic_Cellbound3_z3_DAPI_mask_endo.tif,mosaic_Cellbound2_z3_DAPI_mask_endo.tif,1,78,636,0.85,0,636,78,0.0,0.0,0.0,
Embryo10,mosaic_Cellbound3_z3_DAPI_mask_endo.tif,mosaic_Cellbound2_z3_DAPI_mask_endo.tif,1,78,636,0.9,0,636,78,0.0,0.0,0.0,
Embryo10,mosaic_Cellbound3_z3_DAPI_mask_endo.tif,mosaic_Cellbound2_z3_DAPI_mask_endo.tif,1,78,636,0.95,0,636,78,0.0,0.0,0.0,
Embryo10,mosaic_Cellbound3_z3_DAPI_mask_endo.tif,mosaic_Cellbound2_z3_DAPI_mask_endo.tif,1,78,636,1.0,0,636,78,0.0,0.0,0.0,
Embryo10,mosaic_Cellbound3_z3_DAPI_mask_endo.tif,mosaic_PolyT_z3_DAPI_mask_endo.tif,1,78,54,0.5,13,41,65,0.241,0.167,0.109,0.197
Embryo10,mosaic_Cellbound3_z3_DAPI_mask_endo.tif,mosaic_PolyT_z3_DAPI_mask_endo.tif,1,78,54,0.55,12,42,66,0.222,0.154,0.1,0.182
Embryo10,mosaic_Cellbound3_z3_DAPI_mask_endo.tif,mosaic_PolyT_z3_DAPI_mask_endo.tif,1,78,54,0.6,11,43,67,0.204,0.141,0.091,0.167
Embryo10,mosaic_Cellbound3_z3_DAPI_mask_endo.tif,mosaic_PolyT_z3_DAPI_mask_endo.tif,1,78,54,0.65,10,44,68,0.185,0.128,0.082,0.152
Embryo10,mosaic_Cellbound3_z3_DAPI_mask_endo.tif,mosaic_PolyT_z3_DAPI_mask_endo.tif,1,78,54,0.7,8,46,70,0.148,0.103,0.065,0.121
Embryo10,mosaic_Cellbound3_z3_DAPI_mask_endo.tif,mosaic_PolyT_z3_DAPI_mask_endo.tif,1,78,54,0.75,5,49,73,0.093,0.064,0.039,0.076
Embryo10,mosaic_Cellbound3_z3_DAPI_mask_endo.tif,mosaic_PolyT_z3_DAPI_mask_endo.tif,1,78,54,0.8,5,49,73,0.093,0.064,0.039,0.076
Embryo10,mosaic_Cellbound3_z3_DAPI_mask_endo.tif,mosaic_PolyT_z3_DAPI_mask_endo.tif,1,78,54,0.85,2,52,76,0.037,0.026,0.015,0.03
Embryo10,mosaic_Cellbound3_z3_DAPI_mask_endo.tif,mosaic_PolyT_z3_DAPI_mask_endo.tif,1,78,54,0.9,1,53,77,0.019,0.013,0.008,0.015
Embryo10,mosaic_Cellbound3_z3_DAPI_mask_endo.tif,mosaic_PolyT_z3_DAPI_mask_endo.tif,1,78,54,0.95,0,54,78,0.0,0.0,0.0,
Embryo10,mosaic_Cellbound3_z3_DAPI_mask_endo.tif,mosaic_PolyT_z3_DAPI_mask_endo.tif,1,78,54,1.0,0,54,78,0.0,0.0,0.0,
Embryo11,mosaic_Cellbound3_z3_DAPI_mask_endo.tif,added_image_z3_DAPI_mask_endo.tif,1,36,31,0.5,27,4,9,0.871,0.75,0.675,0.806
Embryo11,mosaic_Cellbound3_z3_DAPI_mask_endo.tif,added_image_z3_DAPI_mask_endo.tif,1,36,31,0.55,27,4,9,0.871,0.75,0.675,0.806
Embryo11,mosaic_Cellbound3_z3_DAPI_mask_endo.tif,added_image_z3_DAPI_mask_endo.tif,1,36,31,0.6,27,4,9,0.871,0.75,0.675,0.806
Embryo11,mosaic_Cellbound3_z3_DAPI_mask_endo.tif,added_image_z3_DAPI_mask_endo.tif,1,36,31,0.65,27,4,9,0.871,0.75,0.675,0.806
Embryo11,mosaic_Cellbound3_z3_DAPI_mask_endo.tif,added_image_z3_DAPI_mask_endo.tif,1,36,31,0.7,24,7,12,0.774,0.667,0.558,0.716
Embryo11,mosaic_Cellbound3_z3_DAPI_mask_endo.tif,added_image_z3_DAPI_mask_endo.tif,1,36,31,0.75,24,7,12,0.774,0.667,0.558,0.716
Embryo11,mosaic_Cellbound3_z3_DAPI_mask_endo.tif,added_image_z3_DAPI_mask_endo.tif,1,36,31,0.8,22,9,14,0.71,0.611,0.489,0.657
Embryo11,mosaic_Cellbound3_z3_DAPI_mask_endo.tif,added_image_z3_DAPI_mask_endo.tif,1,36,31,0.85,19,12,17,0.613,0.528,0.396,0.567
Embryo11,mosaic_Cellbound3_z3_DAPI_mask_endo.tif,added_image_z3_DAPI_mask_endo.tif,1,36,31,0.9,13,18,23,0.419,0.361,0.241,0.388
Embryo11,mosaic_Cellbound3_z3_DAPI_mask_endo.tif,added_image_z3_DAPI_mask_endo.tif,1,36,31,0.95,7,24,29,0.226,0.194,0.117,0.209
Embryo11,mosaic_Cellbound3_z3_DAPI_mask_endo.tif,added_image_z3_DAPI_mask_endo.tif,1,36,31,1.0,0,31,36,0.0,0.0,0.0,
Embryo11,mosaic_Cellbound3_z3_DAPI_mask_endo.tif,average_image_z3_DAPI_mask_endo.tif,1,36,31,0.5,27,4,9,0.871,0.75,0.675,0.806
Embryo11,mosaic_Cellbound3_z3_DAPI_mask_endo.tif,average_image_z3_DAPI_mask_endo.tif,1,36,31,0.55,27,4,9,0.871,0.75,0.675,0.806
Embryo11,mosaic_Cellbound3_z3_DAPI_mask_endo.tif,average_image_z3_DAPI_mask_endo.tif,1,36,31,0.6,27,4,9,0.871,0.75,0.675,0.806
Embryo11,mosaic_Cellbound3_z3_DAPI_mask_endo.tif,average_image_z3_DAPI_mask_endo.tif,1,36,31,0.65,26,5,10,0.839,0.722,0.634,0.776
Embryo11,mosaic_Cellbound3_z3_DAPI_mask_endo.tif,average_image_z3_DAPI_mask_endo.tif,1,36,31,0.7,24,7,12,0.774,0.667,0.558,0.716
Embryo11,mosaic_Cellbound3_z3_DAPI_mask_endo.tif,average_image_z3_DAPI_mask_endo.tif,1,36,31,0.75,24,7,12,0.774,0.667,0.558,0.716
Embryo11,mosaic_Cellbound3_z3_DAPI_mask_endo.tif,average_image_z3_DAPI_mask_endo.tif,1,36,31,0.8,22,9,14,0.71,0.611,0.489,0.657
Embryo11,mosaic_Cellbound3_z3_DAPI_mask_endo.tif,average_image_z3_DAPI_mask_endo.tif,1,36,31,0.85,19,12,17,0.613,0.528,0.396,0.567
Embryo11,mosaic_Cellbound3_z3_DAPI_mask_endo.tif,average_image_z3_DAPI_mask_endo.tif,1,36,31,0.9,13,18,23,0.419,0.361,0.241,0.388
Embryo11,mosaic_Cellbound3_z3_DAPI_mask_endo.tif,average_image_z3_DAPI_mask_endo.tif,1,36,31,0.95,7,24,29,0.226,0.194,0.117,0.209
Embryo11,mosaic_Cellbound3_z3_DAPI_mask_endo.tif,average_image_z3_DAPI_mask_endo.tif,1,36,31,1.0,0,31,36,0.0,0.0,0.0,
Embryo11,mosaic_Cellbound3_z3_DAPI_mask_endo.tif,max_image_z3_DAPI_mask_endo.tif,1,36,25,0.5,23,2,13,0.92,0.639,0.605,0.754
Embryo11,mosaic_Cellbound3_z3_DAPI_mask_endo.tif,max_image_z3_DAPI_mask_endo.tif,1,36,25,0.55,23,2,13,0.92,0.639,0.605,0.754
Embryo11,mosaic_Cellbound3_z3_DAPI_mask_endo.tif,max_image_z3_DAPI_mask_endo.tif,1,36,25,0.6,23,2,13,0.92,0.639,0.605,0.754
Embryo11,mosaic_Cellbound3_z3_DAPI_mask_endo.tif,max_image_z3_DAPI_mask_endo.tif,1,36,25,0.65,20,5,16,0.8,0.556,0.488,0.656
Embryo11,mosaic_Cellbound3_z3_DAPI_mask_endo.tif,max_image_z3_DAPI_mask_endo.tif,1,36,25,0.7,18,7,18,0.72,0.5,0.419,0.59
Embryo11,mosaic_Cellbound3_z3_DAPI_mask_endo.tif,max_image_z3_DAPI_mask_endo.tif,1,36,25,0.75,18,7,18,0.72,0.5,0.419,0.59
Embryo11,mosaic_Cellbound3_z3_DAPI_mask_endo.tif,max_image_z3_DAPI_mask_endo.tif,1,36,25,0.8,18,7,18,0.72,0.5,0.419,0.59
Embryo11,mosaic_Cellbound3_z3_DAPI_mask_endo.tif,max_image_z3_DAPI_mask_endo.tif,1,36,25,0.85,17,8,19,0.68,0.472,0.386,0.557
Embryo11,mosaic_Cellbound3_z3_DAPI_mask_endo.tif,max_image_z3_DAPI_mask_endo.tif,1,36,25,0.9,13,12,23,0.52,0.361,0.271,0.426
Embryo11,mosaic_Cellbound3_z3_DAPI_mask_endo.tif,max_image_z3_DAPI_mask_endo.tif,1,36,25,0.95,6,19,30,0.24,0.167,0.109,0.197
Embryo11,mosaic_Cellbound3_z3_DAPI_mask_endo.tif,max_image_z3_DAPI_mask_endo.tif,1,36,25,1.0,0,25,36,0.0,0.0,0.0,
Embryo11,mosaic_Cellbound3_z3_DAPI_mask_endo.tif,mosaic_Cellbound1_z3_DAPI_mask_endo.tif,1,36,24,0.5,16,8,20,0.667,0.444,0.364,0.533
Embryo11,mosaic_Cellbound3_z3_DAPI_mask_endo.tif,mosaic_Cellbound1_z3_DAPI_mask_endo.tif,1,36,24,0.55,14,10,22,0.583,0.389,0.304,0.467
Embryo11,mosaic_Cellbound3_z3_DAPI_mask_endo.tif,mosaic_Cellbound1_z3_DAPI_mask_endo.tif,1,36,24,0.6,12,12,24,0.5,0.333,0.25,0.4
Embryo11,mosaic_Cellbound3_z3_DAPI_mask_endo.tif,mosaic_Cellbound1_z3_DAPI_mask_endo.tif,1,36,24,0.65,12,12,24,0.5,0.333,0.25,0.4
Embryo11,mosaic_Cellbound3_z3_DAPI_mask_endo.tif,mosaic_Cellbound1_z3_DAPI_mask_endo.tif,1,36,24,0.7,9,15,27,0.375,0.25,0.176,0.3
Embryo11,mosaic_Cellbound3_z3_DAPI_mask_endo.tif,mosaic_Cellbound1_z3_DAPI_mask_endo.tif,1,36,24,0.75,9,15,27,0.375,0.25,0.176,0.3
Embryo11,mosaic_Cellbound3_z3_DAPI_mask_endo.tif,mosaic_Cellbound1_z3_DAPI_mask_endo.tif,1,36,24,0.8,7,17,29,0.292,0.194,0.132,0.233
Embryo11,mosaic_Cellbound3_z3_DAPI_mask_endo.tif,mosaic_Cellbound1_z3_DAPI_mask_endo.tif,1,36,24,0.85,4,20,32,0.167,0.111,0.071,0.133
Embryo11,mosaic_Cellbound3_z3_DAPI_mask_endo.tif,mosaic_Cellbound1_z3_DAPI_mask_endo.tif,1,36,24,0.9,0,24,36,0.0,0.0,0.0,
Embryo11,mosaic_Cellbound3_z3_DAPI_mask_endo.tif,mosaic_Cellbound1_z3_DAPI_mask_endo.tif,1,36,24,0.95,0,24,36,0.0,0.0,0.0,
Embryo11,mosaic_Cellbound3_z3_DAPI_mask_endo.tif,mosaic_Cellbound1_z3_DAPI_mask_endo.tif,1,36,24,1.0,0,24,36,0.0,0.0,0.0,
Embryo11,mosaic_Cellbound3_z3_DAPI_mask_endo.tif,mosaic_Cellbound2_z3_DAPI_mask_endo.tif,1,36,25,0.5,10,15,26,0.4,0.278,0.196,0.328
Embryo11,mosaic_Cellbound3_z3_DAPI_mask_endo.tif,mosaic_Cellbound2_z3_DAPI_mask_endo.tif,1,36,25,0.55,9,16,27,0.36,0.25,0.173,0.295
Embryo11,mosaic_Cellbound3_z3_DAPI_mask_endo.tif,mosaic_Cellbound2_z3_DAPI_mask_endo.tif,1,36,25,0.6,7,18,29,0.28,0.194,0.13,0.23
Embryo11,mosaic_Cellbound3_z3_DAPI_mask_endo.tif,mosaic_Cellbound2_z3_DAPI_mask_endo.tif,1,36,25,0.65,5,20,31,0.2,0.139,0.089,0.164
Embryo11,mosaic_Cellbound3_z3_DAPI_mask_endo.tif,mosaic_Cellbound2_z3_DAPI_mask_endo.tif,1,36,25,0.7,2,23,34,0.08,0.056,0.034,0.066
Embryo11,mosaic_Cellbound3_z3_DAPI_mask_endo.tif,mosaic_Cellbound2_z3_DAPI_mask_endo.tif,1,36,25,0.75,1,24,35,0.04,0.028,0.017,0.033
Embryo11,mosaic_Cellbound3_z3_DAPI_mask_endo.tif,mosaic_Cellbound2_z3_DAPI_mask_endo.tif,1,36,25,0.8,0,25,36,0.0,0.0,0.0,
Embryo11,mosaic_Cellbound3_z3_DAPI_mask_endo.tif,mosaic_Cellbound2_z3_DAPI_mask_endo.tif,1,36,25,0.85,0,25,36,0.0,0.0,0.0,
Embryo11,mosaic_Cellbound3_z3_DAPI_mask_endo.tif,mosaic_Cellbound2_z3_DAPI_mask_endo.tif,1,36,25,0.9,0,25,36,0.0,0.0,0.0,
Embryo11,mosaic_Cellbound3_z3_DAPI_mask_endo.tif,mosaic_Cellbound2_z3_DAPI_mask_endo.tif,1,36,25,0.95,0,25,36,0.0,0.0,0.0,
Embryo11,mosaic_Cellbound3_z3_DAPI_mask_endo.tif,mosaic_Cellbound2_z3_DAPI_mask_endo.tif,1,36,25,1.0,0,25,36,0.0,0.0,0.0,
Embryo11,mosaic_Cellbound3_z3_DAPI_mask_endo.tif,mosaic_PolyT_z3_DAPI_mask_endo.tif,1,36,28,0.5,17,11,19,0.607,0.472,0.362,0.531
Embryo11,mosaic_Cellbound3_z3_DAPI_mask_endo.tif,mosaic_PolyT_z3_DAPI_mask_endo.tif,1,36,28,0.55,14,14,22,0.5,0.389,0.28,0.438
Embryo11,mosaic_Cellbound3_z3_DAPI_mask_endo.tif,mosaic_PolyT_z3_DAPI_mask_endo.tif,1,36,28,0.6,12,16,24,0.429,0.333,0.231,0.375
Embryo11,mosaic_Cellbound3_z3_DAPI_mask_endo.tif,mosaic_PolyT_z3_DAPI_mask_endo.tif,1,36,28,0.65,11,17,25,0.393,0.306,0.208,0.344
Embryo11,mosaic_Cellbound3_z3_DAPI_mask_endo.tif,mosaic_PolyT_z3_DAPI_mask_endo.tif,1,36,28,0.7,11,17,25,0.393,0.306,0.208,0.344
Embryo11,mosaic_Cellbound3_z3_DAPI_mask_endo.tif,mosaic_PolyT_z3_DAPI_mask_endo.tif,1,36,28,0.75,9,19,27,0.321,0.25,0.164,0.281
Embryo11,mosaic_Cellbound3_z3_DAPI_mask_endo.tif,mosaic_PolyT_z3_DAPI_mask_endo.tif,1,36,28,0.8,9,19,27,0.321,0.25,0.164,0.281
Embryo11,mosaic_Cellbound3_z3_DAPI_mask_endo.tif,mosaic_PolyT_z3_DAPI_mask_endo.tif,1,36,28,0.85,8,20,28,0.286,0.222,0.143,0.25
Embryo11,mosaic_Cellbound3_z3_DAPI_mask_endo.tif,mosaic_PolyT_z3_DAPI_mask_endo.tif,1,36,28,0.9,4,24,32,0.143,0.111,0.067,0.125
Embryo11,mosaic_Cellbound3_z3_DAPI_mask_endo.tif,mosaic_PolyT_z3_DAPI_mask_endo.tif,1,36,28,0.95,1,27,35,0.036,0.028,0.016,0.031
Embryo11,mosaic_Cellbound3_z3_DAPI_mask_endo.tif,mosaic_PolyT_z3_DAPI_mask_endo.tif,1,36,28,1.0,0,28,36,0.0,0.0,0.0,
Embryo12,mosaic_Cellbound3_z3_DAPI_mask_endo.tif,added_image_z3_DAPI_mask_endo.tif,1,44,109,0.5,28,81,16,0.257,0.636,0.224,0.366
Embryo12,mosaic_Cellbound3_z3_DAPI_mask_endo.tif,added_image_z3_DAPI_mask_endo.tif,1,44,109,0.55,28,81,16,0.257,0.636,0.224,0.366
Embryo12,mosaic_Cellbound3_z3_DAPI_mask_endo.tif,added_image_z3_DAPI_mask_endo.tif,1,44,109,0.6,26,83,18,0.239,0.591,0.205,0.34
Embryo12,mosaic_Cellbound3_z3_DAPI_mask_endo.tif,added_image_z3_DAPI_mask_endo.tif,1,44,109,0.65,26,83,18,0.239,0.591,0.205,0.34
Embryo12,mosaic_Cellbound3_z3_DAPI_mask_endo.tif,added_image_z3_DAPI_mask_endo.tif,1,44,109,0.7,26,83,18,0.239,0.591,0.205,0.34
Embryo12,mosaic_Cellbound3_z3_DAPI_mask_endo.tif,added_image_z3_DAPI_mask_endo.tif,1,44,109,0.75,23,86,21,0.211,0.523,0.177,0.301
Embryo12,mosaic_Cellbound3_z3_DAPI_mask_endo.tif,added_image_z3_DAPI_mask_endo.tif,1,44,109,0.8,19,90,25,0.174,0.432,0.142,0.248
Embryo12,mosaic_Cellbound3_z3_DAPI_mask_endo.tif,added_image_z3_DAPI_mask_endo.tif,1,44,109,0.85,14,95,30,0.128,0.318,0.101,0.183
Embryo12,mosaic_Cellbound3_z3_DAPI_mask_endo.tif,added_image_z3_DAPI_mask_endo.tif,1,44,109,0.9,6,103,38,0.055,0.136,0.041,0.078
Embryo12,mosaic_Cellbound3_z3_DAPI_mask_endo.tif,added_image_z3_DAPI_mask_endo.tif,1,44,109,0.95,0,109,44,0.0,0.0,0.0,
Embryo12,mosaic_Cellbound3_z3_DAPI_mask_endo.tif,added_image_z3_DAPI_mask_endo.tif,1,44,109,1.0,0,109,44,0.0,0.0,0.0,
Embryo12,mosaic_Cellbound3_z3_DAPI_mask_endo.tif,average_image_z3_DAPI_mask_endo.tif,1,44,110,0.5,28,82,16,0.255,0.636,0.222,0.364
Embryo12,mosaic_Cellbound3_z3_DAPI_mask_endo.tif,average_image_z3_DAPI_mask_endo.tif,1,44,110,0.55,28,82,16,0.255,0.636,0.222,0.364
Embryo12,mosaic_Cellbound3_z3_DAPI_mask_endo.tif,average_image_z3_DAPI_mask_endo.tif,1,44,110,0.6,26,84,18,0.236,0.591,0.203,0.338
Embryo12,mosaic_Cellbound3_z3_DAPI_mask_endo.tif,average_image_z3_DAPI_mask_endo.tif,1,44,110,0.65,26,84,18,0.236,0.591,0.203,0.338
Embryo12,mosaic_Cellbound3_z3_DAPI_mask_endo.tif,average_image_z3_DAPI_mask_endo.tif,1,44,110,0.7,26,84,18,0.236,0.591,0.203,0.338
Embryo12,mosaic_Cellbound3_z3_DAPI_mask_endo.tif,average_image_z3_DAPI_mask_endo.tif,1,44,110,0.75,24,86,20,0.218,0.545,0.185,0.312
Embryo12,mosaic_Cellbound3_z3_DAPI_mask_endo.tif,average_image_z3_DAPI_mask_endo.tif,1,44,110,0.8,19,91,25,0.173,0.432,0.141,0.247
Embryo12,mosaic_Cellbound3_z3_DAPI_mask_endo.tif,average_image_z3_DAPI_mask_endo.tif,1,44,110,0.85,13,97,31,0.118,0.295,0.092,0.169
Embryo12,mosaic_Cellbound3_z3_DAPI_mask_endo.tif,average_image_z3_DAPI_mask_endo.tif,1,44,110,0.9,6,104,38,0.055,0.136,0.041,0.078
Embryo12,mosaic_Cellbound3_z3_DAPI_mask_endo.tif,average_image_z3_DAPI_mask_endo.tif,1,44,110,0.95,0,110,44,0.0,0.0,0.0,
Embryo12,mosaic_Cellbound3_z3_DAPI_mask_endo.tif,average_image_z3_DAPI_mask_endo.tif,1,44,110,1.0,0,110,44,0.0,0.0,0.0,
Embryo12,mosaic_Cellbound3_z3_DAPI_mask_endo.tif,max_image_z3_DAPI_mask_endo.tif,1,44,130,0.5,25,105,19,0.192,0.568,0.168,0.287
Embryo12,mosaic_Cellbound3_z3_DAPI_mask_endo.tif,max_image_z3_DAPI_mask_endo.tif,1,44,130,0.55,25,105,19,0.192,0.568,0.168,0.287
Embryo12,mosaic_Cellbound3_z3_DAPI_mask_endo.tif,max_image_z3_DAPI_mask_endo.tif,1,44,130,0.6,23,107,21,0.177,0.523,0.152,0.264
Embryo12,mosaic_Cellbound3_z3_DAPI_mask_endo.tif,max_image_z3_DAPI_mask_endo.tif,1,44,130,0.65,22,108,22,0.169,0.5,0.145,0.253
Embryo12,mosaic_Cellbound3_z3_DAPI_mask_endo.tif,max_image_z3_DAPI_mask_endo.tif,1,44,130,0.7,22,108,22,0.169,0.5,0.145,0.253
Embryo12,mosaic_Cellbound3_z3_DAPI_mask_endo.tif,max_image_z3_DAPI_mask_endo.tif,1,44,130,0.75,18,112,26,0.138,0.409,0.115,0.207
Embryo12,mosaic_Cellbound3_z3_DAPI_mask_endo.tif,max_image_z3_DAPI_mask_endo.tif,1,44,130,0.8,15,115,29,0.115,0.341,0.094,0.172
Embryo12,mosaic_Cellbound3_z3_DAPI_mask_endo.tif,max_image_z3_DAPI_mask_endo.tif,1,44,130,0.85,10,120,34,0.077,0.227,0.061,0.115
Embryo12,mosaic_Cellbound3_z3_DAPI_mask_endo.tif,max_image_z3_DAPI_mask_endo.tif,1,44,130,0.9,4,126,40,0.031,0.091,0.024,0.046
Embryo12,mosaic_Cellbound3_z3_DAPI_mask_endo.tif,max_image_z3_DAPI_mask_endo.tif,1,44,130,0.95,0,130,44,0.0,0.0,0.0,
Embryo12,mosaic_Cellbound3_z3_DAPI_mask_endo.tif,max_image_z3_DAPI_mask_endo.tif,1,44,130,1.0,0,130,44,0.0,0.0,0.0,
Embryo12,mosaic_Cellbound3_z3_DAPI_mask_endo.tif,mosaic_Cellbound1_z3_DAPI_mask_endo.tif,1,44,125,0.5,24,101,20,0.192,0.545,0.166,0.284
Embryo12,mosaic_Cellbound3_z3_DAPI_mask_endo.tif,mosaic_Cellbound1_z3_DAPI_mask_endo.tif,1,44,125,0.55,24,101,20,0.192,0.545,0.166,0.284
Embryo12,mosaic_Cellbound3_z3_DAPI_mask_endo.tif,mosaic_Cellbound1_z3_DAPI_mask_endo.tif,1,44,125,0.6,23,102,21,0.184,0.523,0.158,0.272
Embryo12,mosaic_Cellbound3_z3_DAPI_mask_endo.tif,mosaic_Cellbound1_z3_DAPI_mask_endo.tif,1,44,125,0.65,19,106,25,0.152,0.432,0.127,0.225
Embryo12,mosaic_Cellbound3_z3_DAPI_mask_endo.tif,mosaic_Cellbound1_z3_DAPI_mask_endo.tif,1,44,125,0.7,18,107,26,0.144,0.409,0.119,0.213
Embryo12,mosaic_Cellbound3_z3_DAPI_mask_endo.tif,mosaic_Cellbound1_z3_DAPI_mask_endo.tif,1,44,125,0.75,17,108,27,0.136,0.386,0.112,0.201
Embryo12,mosaic_Cellbound3_z3_DAPI_mask_endo.tif,mosaic_Cellbound1_z3_DAPI_mask_endo.tif,1,44,125,0.8,12,113,32,0.096,0.273,0.076,0.142
Embryo12,mosaic_Cellbound3_z3_DAPI_mask_endo.tif,mosaic_Cellbound1_z3_DAPI_mask_endo.tif,1,44,125,0.85,9,116,35,0.072,0.205,0.056,0.107
Embryo12,mosaic_Cellbound3_z3_DAPI_mask_endo.tif,mosaic_Cellbound1_z3_DAPI_mask_endo.tif,1,44,125,0.9,4,121,40,0.032,0.091,0.024,0.047
Embryo12,mosaic_Cellbound3_z3_DAPI_mask_endo.tif,mosaic_Cellbound1_z3_DAPI_mask_endo.tif,1,44,125,0.95,0,125,44,0.0,0.0,0.0,
Embryo12,mosaic_Cellbound3_z3_DAPI_mask_endo.tif,mosaic_Cellbound1_z3_DAPI_mask_endo.tif,1,44,125,1.0,0,125,44,0.0,0.0,0.0,
Embryo12,mosaic_Cellbound3_z3_DAPI_mask_endo.tif,mosaic_Cellbound2_z3_DAPI_mask_endo.tif,1,44,175,0.5,20,155,24,0.114,0.455,0.101,0.183
Embryo12,mosaic_Cellbound3_z3_DAPI_mask_endo.tif,mosaic_Cellbound2_z3_DAPI_mask_endo.tif,1,44,175,0.55,19,156,25,0.109,0.432,0.095,0.174
Embryo12,mosaic_Cellbound3_z3_DAPI_mask_endo.tif,mosaic_Cellbound2_z3_DAPI_mask_endo.tif,1,44,175,0.6,17,158,27,0.097,0.386,0.084,0.155
Embryo12,mosaic_Cellbound3_z3_DAPI_mask_endo.tif,mosaic_Cellbound2_z3_DAPI_mask_endo.tif,1,44,175,0.65,16,159,28,0.091,0.364,0.079,0.146
Embryo12,mosaic_Cellbound3_z3_DAPI_mask_endo.tif,mosaic_Cellbound2_z3_DAPI_mask_endo.tif,1,44,175,0.7,14,161,30,0.08,0.318,0.068,0.128
Embryo12,mosaic_Cellbound3_z3_DAPI_mask_endo.tif,mosaic_Cellbound2_z3_DAPI_mask_endo.tif,1,44,175,0.75,14,161,30,0.08,0.318,0.068,0.128
Embryo12,mosaic_Cellbound3_z3_DAPI_mask_endo.tif,mosaic_Cellbound2_z3_DAPI_mask_endo.tif,1,44,175,0.8,9,166,35,0.051,0.205,0.043,0.082
Embryo12,mosaic_Cellbound3_z3_DAPI_mask_endo.tif,mosaic_Cellbound2_z3_DAPI_mask_endo.tif,1,44,175,0.85,8,167,36,0.046,0.182,0.038,0.073
Embryo12,mosaic_Cellbound3_z3_DAPI_mask_endo.tif,mosaic_Cellbound2_z3_DAPI_mask_endo.tif,1,44,175,0.9,2,173,42,0.011,0.045,0.009,0.018
Embryo12,mosaic_Cellbound3_z3_DAPI_mask_endo.tif,mosaic_Cellbound2_z3_DAPI_mask_endo.tif,1,44,175,0.95,0,175,44,0.0,0.0,0.0,
Embryo12,mosaic_Cellbound3_z3_DAPI_mask_endo.tif,mosaic_Cellbound2_z3_DAPI_mask_endo.tif,1,44,175,1.0,0,175,44,0.0,0.0,0.0,
Embryo12,mosaic_Cellbound3_z3_DAPI_mask_endo.tif,mosaic_PolyT_z3_DAPI_mask_endo.tif,1,44,37,0.5,12,25,32,0.324,0.273,0.174,0.296
Embryo12,mosaic_Cellbound3_z3_DAPI_mask_endo.tif,mosaic_PolyT_z3_DAPI_mask_endo.tif,1,44,37,0.55,11,26,33,0.297,0.25,0.157,0.272
Embryo12,mosaic_Cellbound3_z3_DAPI_mask_endo.tif,mosaic_PolyT_z3_DAPI_mask_endo.tif,1,44,37,0.6,11,26,33,0.297,0.25,0.157,0.272
Embryo12,mosaic_Cellbound3_z3_DAPI_mask_endo.tif,mosaic_PolyT_z3_DAPI_mask_endo.tif,1,44,37,0.65,11,26,33,0.297,0.25,0.157,0.272
Embryo12,mosaic_Cellbound3_z3_DAPI_mask_endo.tif,mosaic_PolyT_z3_DAPI_mask_endo.tif,1,44,37,0.7,9,28,35,0.243,0.205,0.125,0.222
Embryo12,mosaic_Cellbound3_z3_DAPI_mask_endo.tif,mosaic_PolyT_z3_DAPI_mask_endo.tif,1,44,37,0.75,7,30,37,0.189,0.159,0.095,0.173
Embryo12,mosaic_Cellbound3_z3_DAPI_mask_endo.tif,mosaic_PolyT_z3_DAPI_mask_endo.tif,1,44,37,0.8,4,33,40,0.108,0.091,0.052,0.099
Embryo12,mosaic_Cellbound3_z3_DAPI_mask_endo.tif,mosaic_PolyT_z3_DAPI_mask_endo.tif,1,44,37,0.85,1,36,43,0.027,0.023,0.013,0.025
Embryo12,mosaic_Cellbound3_z3_DAPI_mask_endo.tif,mosaic_PolyT_z3_DAPI_mask_endo.tif,1,44,37,0.9,1,36,43,0.027,0.023,0.013,0.025
Embryo12,mosaic_Cellbound3_z3_DAPI_mask_endo.tif,mosaic_PolyT_z3_DAPI_mask_endo.tif,1,44,37,0.95,0,37,44,0.0,0.0,0.0,
Embryo12,mosaic_Cellbound3_z3_DAPI_mask_endo.tif,mosaic_PolyT_z3_DAPI_mask_endo.tif,1,44,37,1.0,0,37,44,0.0,0.0,0.0,
Embryo13,mosaic_Cellbound3_z3_DAPI_mask_endo.tif,added_image_z3_DAPI_mask_endo.tif,1,79,80,0.5,37,43,42,0.463,0.468,0.303,0.465
Embryo13,mosaic_Cellbound3_z3_DAPI_mask_endo.tif,added_image_z3_DAPI_mask_endo.tif,1,79,80,0.55,36,44,43,0.45,0.456,0.293,0.453
Embryo13,mosaic_Cellbound3_z3_DAPI_mask_endo.tif,added_image_z3_DAPI_mask_endo.tif,1,79,80,0.6,32,48,47,0.4,0.405,0.252,0.403
Embryo13,mosaic_Cellbound3_z3_DAPI_mask_endo.tif,added_image_z3_DAPI_mask_endo.tif,1,79,80,0.65,28,52,51,0.35,0.354,0.214,0.352
Embryo13,mosaic_Cellbound3_z3_DAPI_mask_endo.tif,added_image_z3_DAPI_mask_endo.tif,1,79,80,0.7,25,55,54,0.312,0.316,0.187,0.314
Embryo13,mosaic_Cellbound3_z3_DAPI_mask_endo.tif,added_image_z3_DAPI_mask_endo.tif,1,79,80,0.75,25,55,54,0.312,0.316,0.187,0.314
Embryo13,mosaic_Cellbound3_z3_DAPI_mask_endo.tif,added_image_z3_DAPI_mask_endo.tif,1,79,80,0.8,23,57,56,0.287,0.291,0.169,0.289
Embryo13,mosaic_Cellbound3_z3_DAPI_mask_endo.tif,added_image_z3_DAPI_mask_endo.tif,1,79,80,0.85,17,63,62,0.212,0.215,0.12,0.214
Embryo13,mosaic_Cellbound3_z3_DAPI_mask_endo.tif,added_image_z3_DAPI_mask_endo.tif,1,79,80,0.9,10,70,69,0.125,0.127,0.067,0.126
Embryo13,mosaic_Cellbound3_z3_DAPI_mask_endo.tif,added_image_z3_DAPI_mask_endo.tif,1,79,80,0.95,1,79,78,0.013,0.013,0.006,0.013
Embryo13,mosaic_Cellbound3_z3_DAPI_mask_endo.tif,added_image_z3_DAPI_mask_endo.tif,1,79,80,1.0,0,80,79,0.0,0.0,0.0,
Embryo13,mosaic_Cellbound3_z3_DAPI_mask_endo.tif,average_image_z3_DAPI_mask_endo.tif,1,79,79,0.5,39,40,40,0.494,0.494,0.328,0.494
Embryo13,mosaic_Cellbound3_z3_DAPI_mask_endo.tif,average_image_z3_DAPI_mask_endo.tif,1,79,79,0.55,38,41,41,0.481,0.481,0.317,0.481
Embryo13,mosaic_Cellbound3_z3_DAPI_mask_endo.tif,average_image_z3_DAPI_mask_endo.tif,1,79,79,0.6,32,47,47,0.405,0.405,0.254,0.405
Embryo13,mosaic_Cellbound3_z3_DAPI_mask_endo.tif,average_image_z3_DAPI_mask_endo.tif,1,79,79,0.65,29,50,50,0.367,0.367,0.225,0.367
Embryo13,mosaic_Cellbound3_z3_DAPI_mask_endo.tif,average_image_z3_DAPI_mask_endo.tif,1,79,79,0.7,25,54,54,0.316,0.316,0.188,0.316
Embryo13,mosaic_Cellbound3_z3_DAPI_mask_endo.tif,average_image_z3_DAPI_mask_endo.tif,1,79,79,0.75,25,54,54,0.316,0.316,0.188,0.316
Embryo13,mosaic_Cellbound3_z3_DAPI_mask_endo.tif,average_image_z3_DAPI_mask_endo.tif,1,79,79,0.8,23,56,56,0.291,0.291,0.17,0.291
Embryo13,mosaic_Cellbound3_z3_DAPI_mask_endo.tif,average_image_z3_DAPI_mask_endo.tif,1,79,79,0.85,19,60,60,0.241,0.241,0.137,0.241
Embryo13,mosaic_Cellbound3_z3_DAPI_mask_endo.tif,average_image_z3_DAPI_mask_endo.tif,1,79,79,0.9,10,69,69,0.127,0.127,0.068,0.127
Embryo13,mosaic_Cellbound3_z3_DAPI_mask_endo.tif,average_image_z3_DAPI_mask_endo.tif,1,79,79,0.95,1,78,78,0.013,0.013,0.006,0.013
Embryo13,mosaic_Cellbound3_z3_DAPI_mask_endo.tif,average_image_z3_DAPI_mask_endo.tif,1,79,79,1.0,0,79,79,0.0,0.0,0.0,
Embryo13,mosaic_Cellbound3_z3_DAPI_mask_endo.tif,max_image_z3_DAPI_mask_endo.tif,1,79,76,0.5,34,42,45,0.447,0.43,0.281,0.439
Embryo13,mosaic_Cellbound3_z3_DAPI_mask_endo.tif,max_image_z3_DAPI_mask_endo.tif,1,79,76,0.55,34,42,45,0.447,0.43,0.281,0.439
Embryo13,mosaic_Cellbound3_z3_DAPI_mask_endo.tif,max_image_z3_DAPI_mask_endo.tif,1,79,76,0.6,29,47,50,0.382,0.367,0.23,0.374
Embryo13,mosaic_Cellbound3_z3_DAPI_mask_endo.tif,max_image_z3_DAPI_mask_endo.tif,1,79,76,0.65,27,49,52,0.355,0.342,0.211,0.348
Embryo13,mosaic_Cellbound3_z3_DAPI_mask_endo.tif,max_image_z3_DAPI_mask_endo.tif,1,79,76,0.7,24,52,55,0.316,0.304,0.183,0.31
Embryo13,mosaic_Cellbound3_z3_DAPI_mask_endo.tif,max_image_z3_DAPI_mask_endo.tif,1,79,76,0.75,19,57,60,0.25,0.241,0.14,0.245
Embryo13,mosaic_Cellbound3_z3_DAPI_mask_endo.tif,max_image_z3_DAPI_mask_endo.tif,1,79,76,0.8,17,59,62,0.224,0.215,0.123,0.219
Embryo13,mosaic_Cellbound3_z3_DAPI_mask_endo.tif,max_image_z3_DAPI_mask_endo.tif,1,79,76,0.85,14,62,65,0.184,0.177,0.099,0.181
Embryo13,mosaic_Cellbound3_z3_DAPI_mask_endo.tif,max_image_z3_DAPI_mask_endo.tif,1,79,76,0.9,12,64,67,0.158,0.152,0.084,0.155
Embryo13,mosaic_Cellbound3_z3_DAPI_mask_endo.tif,max_image_z3_DAPI_mask_endo.tif,1,79,76,0.95,2,74,77,0.026,0.025,0.013,0.026
Embryo13,mosaic_Cellbound3_z3_DAPI_mask_endo.tif,max_image_z3_DAPI_mask_endo.tif,1,79,76,1.0,0,76,79,0.0,0.0,0.0,
Embryo13,mosaic_Cellbound3_z3_DAPI_mask_endo.tif,mosaic_Cellbound1_z3_DAPI_mask_endo.tif,1,79,69,0.5,17,52,62,0.246,0.215,0.13,0.23
Embryo13,mosaic_Cellbound3_z3_DAPI_mask_endo.tif,mosaic_Cellbound1_z3_DAPI_mask_endo.tif,1,79,69,0.55,8,61,71,0.116,0.101,0.057,0.108
Embryo13,mosaic_Cellbound3_z3_DAPI_mask_endo.tif,mosaic_Cellbound1_z3_DAPI_mask_endo.tif,1,79,69,0.6,7,62,72,0.101,0.089,0.05,0.095
Embryo13,mosaic_Cellbound3_z3_DAPI_mask_endo.tif,mosaic_Cellbound1_z3_DAPI_mask_endo.tif,1,79,69,0.65,7,62,72,0.101,0.089,0.05,0.095
Embryo13,mosaic_Cellbound3_z3_DAPI_mask_endo.tif,mosaic_Cellbound1_z3_DAPI_mask_endo.tif,1,79,69,0.7,5,64,74,0.072,0.063,0.035,0.068
Embryo13,mosaic_Cellbound3_z3_DAPI_mask_endo.tif,mosaic_Cellbound1_z3_DAPI_mask_endo.tif,1,79,69,0.75,3,66,76,0.043,0.038,0.021,0.041
Embryo13,mosaic_Cellbound3_z3_DAPI_mask_endo.tif,mosaic_Cellbound1_z3_DAPI_mask_endo.tif,1,79,69,0.8,3,66,76,0.043,0.038,0.021,0.041
Embryo13,mosaic_Cellbound3_z3_DAPI_mask_endo.tif,mosaic_Cellbound1_z3_DAPI_mask_endo.tif,1,79,69,0.85,1,68,78,0.014,0.013,0.007,0.014
Embryo13,mosaic_Cellbound3_z3_DAPI_mask_endo.tif,mosaic_Cellbound1_z3_DAPI_mask_endo.tif,1,79,69,0.9,0,69,79,0.0,0.0,0.0,
Embryo13,mosaic_Cellbound3_z3_DAPI_mask_endo.tif,mosaic_Cellbound1_z3_DAPI_mask_endo.tif,1,79,69,0.95,0,69,79,0.0,0.0,0.0,
Embryo13,mosaic_Cellbound3_z3_DAPI_mask_endo.tif,mosaic_Cellbound1_z3_DAPI_mask_endo.tif,1,79,69,1.0,0,69,79,0.0,0.0,0.0,
Embryo13,mosaic_Cellbound3_z3_DAPI_mask_endo.tif,mosaic_Cellbound2_z3_DAPI_mask_endo.tif,1,79,288,0.5,7,281,72,0.024,0.089,0.019,0.038
Embryo13,mosaic_Cellbound3_z3_DAPI_mask_endo.tif,mosaic_Cellbound2_z3_DAPI_mask_endo.tif,1,79,288,0.55,6,282,73,0.021,0.076,0.017,0.033
Embryo13,mosaic_Cellbound3_z3_DAPI_mask_endo.tif,mosaic_Cellbound2_z3_DAPI_mask_endo.tif,1,79,288,0.6,4,284,75,0.014,0.051,0.011,0.022
Embryo13,mosaic_Cellbound3_z3_DAPI_mask_endo.tif,mosaic_Cellbound2_z3_DAPI_mask_endo.tif,1,79,288,0.65,3,285,76,0.01,0.038,0.008,0.016
Embryo13,mosaic_Cellbound3_z3_DAPI_mask_endo.tif,mosaic_Cellbound2_z3_DAPI_mask_endo.tif,1,79,288,0.7,2,286,77,0.007,0.025,0.005,0.011
Embryo13,mosaic_Cellbound3_z3_DAPI_mask_endo.tif,mosaic_Cellbound2_z3_DAPI_mask_endo.tif,1,79,288,0.75,1,287,78,0.003,0.013,0.003,0.005
Embryo13,mosaic_Cellbound3_z3_DAPI_mask_endo.tif,mosaic_Cellbound2_z3_DAPI_mask_endo.tif,1,79,288,0.8,0,288,79,0.0,0.0,0.0,
Embryo13,mosaic_Cellbound3_z3_DAPI_mask_endo.tif,mosaic_Cellbound2_z3_DAPI_mask_endo.tif,1,79,288,0.85,0,288,79,0.0,0.0,0.0,
Embryo13,mosaic_Cellbound3_z3_DAPI_mask_endo.tif,mosaic_Cellbound2_z3_DAPI_mask_endo.tif,1,79,288,0.9,0,288,79,0.0,0.0,0.0,
Embryo13,mosaic_Cellbound3_z3_DAPI_mask_endo.tif,mosaic_Cellbound2_z3_DAPI_mask_endo.tif,1,79,288,0.95,0,288,79,0.0,0.0,0.0,
Embryo13,mosaic_Cellbound3_z3_DAPI_mask_endo.tif,mosaic_Cellbound2_z3_DAPI_mask_endo.tif,1,79,288,1.0,0,288,79,0.0,0.0,0.0,
Embryo13,mosaic_Cellbound3_z3_DAPI_mask_endo.tif,mosaic_PolyT_z3_DAPI_mask_endo.tif,1,79,47,0.5,17,30,62,0.362,0.215,0.156,0.27
Embryo13,mosaic_Cellbound3_z3_DAPI_mask_endo.tif,mosaic_PolyT_z3_DAPI_mask_endo.tif,1,79,47,0.55,14,33,65,0.298,0.177,0.125,0.222
Embryo13,mosaic_Cellbound3_z3_DAPI_mask_endo.tif,mosaic_PolyT_z3_DAPI_mask_endo.tif,1,79,47,0.6,12,35,67,0.255,0.152,0.105,0.19
Embryo13,mosaic_Cellbound3_z3_DAPI_mask_endo.tif,mosaic_PolyT_z3_DAPI_mask_endo.tif,1,79,47,0.65,11,36,68,0.234,0.139,0.096,0.175
Embryo13,mosaic_Cellbound3_z3_DAPI_mask_endo.tif,mosaic_PolyT_z3_DAPI_mask_endo.tif,1,79,47,0.7,8,39,71,0.17,0.101,0.068,0.127
Embryo13,mosaic_Cellbound3_z3_DAPI_mask_endo.tif,mosaic_PolyT_z3_DAPI_mask_endo.tif,1,79,47,0.75,7,40,72,0.149,0.089,0.059,0.111
Embryo13,mosaic_Cellbound3_z3_DAPI_mask_endo.tif,mosaic_PolyT_z3_DAPI_mask_endo.tif,1,79,47,0.8,1,46,78,0.021,0.013,0.008,0.016
Embryo13,mosaic_Cellbound3_z3_DAPI_mask_endo.tif,mosaic_PolyT_z3_DAPI_mask_endo.tif,1,79,47,0.85,1,46,78,0.021,0.013,0.008,0.016
Embryo13,mosaic_Cellbound3_z3_DAPI_mask_endo.tif,mosaic_PolyT_z3_DAPI_mask_endo.tif,1,79,47,0.9,0,47,79,0.0,0.0,0.0,
Embryo13,mosaic_Cellbound3_z3_DAPI_mask_endo.tif,mosaic_PolyT_z3_DAPI_mask_endo.tif,1,79,47,0.95,0,47,79,0.0,0.0,0.0,
Embryo13,mosaic_Cellbound3_z3_DAPI_mask_endo.tif,mosaic_PolyT_z3_DAPI_mask_endo.tif,1,79,47,1.0,0,47,79,0.0,0.0,0.0,
