Embryo,Truth image,Test image,Slice number,Truth objects,Test objects,Object IoU threshold,Object TP,Object FP,Object FN,Object Precision,Object Recall/Sensitivity,Object Jaccard Index,Object F-measure
Embryo01,mosaic_Cellbound3_z3_DAPI_mask_ecto.tif,added_image_z3_DAPI_mask_ecto.tif,1,281,250,0.5,227,23,54,0.908,0.808,0.747,0.855
Embryo01,mosaic_Cellbound3_z3_DAPI_mask_ecto.tif,added_image_z3_DAPI_mask_ecto.tif,1,281,250,0.55,224,26,57,0.896,0.797,0.73,0.844
Embryo01,mosaic_Cellbound3_z3_DAPI_mask_ecto.tif,added_image_z3_DAPI_mask_ecto.tif,1,281,250,0.6,220,30,61,0.88,0.783,0.707,0.829
Embryo01,mosaic_Cellbound3_z3_DAPI_mask_ecto.tif,added_image_z3_DAPI_mask_ecto.tif,1,281,250,0.65,218,32,63,0.872,0.776,0.696,0.821
Embryo01,mosaic_Cellbound3_z3_DAPI_mask_ecto.tif,added_image_z3_DAPI_mask_ecto.tif,1,281,250,0.7,210,40,71,0.84,0.747,0.654,0.791
Embryo01,mosaic_Cellbound3_z3_DAPI_mask_ecto.tif,added_image_z3_DAPI_mask_ecto.tif,1,281,250,0.75,203,47,78,0.812,0.722,0.619,0.765
Embryo01,mosaic_Cellbound3_z3_DAPI_mask_ecto.tif,added_image_z3_DAPI_mask_ecto.tif,1,281,250,0.8,187,63,94,0.748,0.665,0.544,0.704
Embryo01,mosaic_Cellbound3_z3_DAPI_mask_ecto.tif,added_image_z3_DAPI_mask_ecto.tif,1,281,250,0.85,159,91,122,0.636,0.566,0.427,0.599
Embryo01,mosaic_Cellbound3_z3_DAPI_mask_ecto.tif,added_image_z3_DAPI_mask_ecto.tif,1,281,250,0.9,104,146,177,0.416,0.37,0.244,0.392
Embryo01,mosaic_Cellbound3_z3_DAPI_mask_ecto.tif,added_image_z3_DAPI_mask_ecto.tif,1,281,250,0.95,29,221,252,0.116,0.103,0.058,0.109
Embryo01,mosaic_Cellbound3_z3_DAPI_mask_ecto.tif,added_image_z3_DAPI_mask_ecto.tif,1,281,250,1.0,0,250,281,0.0,0.0,0.0,
Embryo01,mosaic_Cellbound3_z3_DAPI_mask_ecto.tif,average_image_z3_DAPI_mask_ecto.tif,1,281,246,0.5,220,26,61,0.894,0.783,0.717,0.835
Embryo01,mosaic_Cellbound3_z3_DAPI_mask_ecto.tif,average_image_z3_DAPI_mask_ecto.tif,1,281,246,0.55,219,27,62,0.89,0.779,0.711,0.831
Embryo01,mosaic_Cellbound3_z3_DAPI_mask_ecto.tif,average_image_z3_DAPI_mask_ecto.tif,1,281,246,0.6,216,30,65,0.878,0.769,0.695,0.82
Embryo01,mosaic_Cellbound3_z3_DAPI_mask_ecto.tif,average_image_z3_DAPI_mask_ecto.tif,1,281,246,0.65,212,34,69,0.862,0.754,0.673,0.805
Embryo01,mosaic_Cellbound3_z3_DAPI_mask_ecto.tif,average_image_z3_DAPI_mask_ecto.tif,1,281,246,0.7,207,39,74,0.841,0.737,0.647,0.786
Embryo01,mosaic_Cellbound3_z3_DAPI_mask_ecto.tif,average_image_z3_DAPI_mask_ecto.tif,1,281,246,0.75,197,49,84,0.801,0.701,0.597,0.748
Embryo01,mosaic_Cellbound3_z3_DAPI_mask_ecto.tif,average_image_z3_DAPI_mask_ecto.tif,1,281,246,0.8,184,62,97,0.748,0.655,0.536,0.698
Embryo01,mosaic_Cellbound3_z3_DAPI_mask_ecto.tif,average_image_z3_DAPI_mask_ecto.tif,1,281,246,0.85,156,90,125,0.634,0.555,0.42,0.592
Embryo01,mosaic_Cellbound3_z3_DAPI_mask_ecto.tif,average_image_z3_DAPI_mask_ecto.tif,1,281,246,0.9,112,134,169,0.455,0.399,0.27,0.425
Embryo01,mosaic_Cellbound3_z3_DAPI_mask_ecto.tif,average_image_z3_DAPI_mask_ecto.tif,1,281,246,0.95,25,221,256,0.102,0.089,0.05,0.095
Embryo01,mosaic_Cellbound3_z3_DAPI_mask_ecto.tif,average_image_z3_DAPI_mask_ecto.tif,1,281,246,1.0,0,246,281,0.0,0.0,0.0,
Embryo01,mosaic_Cellbound3_z3_DAPI_mask_ecto.tif,max_image_z3_DAPI_mask_ecto.tif,1,281,216,0.5,188,28,93,0.87,0.669,0.608,0.757
Embryo01,mosaic_Cellbound3_z3_DAPI_mask_ecto.tif,max_image_z3_DAPI_mask_ecto.tif,1,281,216,0.55,183,33,98,0.847,0.651,0.583,0.736
Embryo01,mosaic_Cellbound3_z3_DAPI_mask_ecto.tif,max_image_z3_DAPI_mask_ecto.tif,1,281,216,0.6,181,35,100,0.838,0.644,0.573,0.728
Embryo01,mosaic_Cellbound3_z3_DAPI_mask_ecto.tif,max_image_z3_DAPI_mask_ecto.tif,1,281,216,0.65,173,43,108,0.801,0.616,0.534,0.696
Embryo01,mosaic_Cellbound3_z3_DAPI_mask_ecto.tif,max_image_z3_DAPI_mask_ecto.tif,1,281,216,0.7,165,51,116,0.764,0.587,0.497,0.664
Embryo01,mosaic_Cellbound3_z3_DAPI_mask_ecto.tif,max_image_z3_DAPI_mask_ecto.tif,1,281,216,0.75,160,56,121,0.741,0.569,0.475,0.644
Embryo01,mosaic_Cellbound3_z3_DAPI_mask_ecto.tif,max_image_z3_DAPI_mask_ecto.tif,1,281,216,0.8,146,70,135,0.676,0.52,0.416,0.588
Embryo01,mosaic_Cellbound3_z3_DAPI_mask_ecto.tif,max_image_z3_DAPI_mask_ecto.tif,1,281,216,0.85,120,96,161,0.556,0.427,0.318,0.483
Embryo01,mosaic_Cellbound3_z3_DAPI_mask_ecto.tif,max_image_z3_DAPI_mask_ecto.tif,1,281,216,0.9,81,135,200,0.375,0.288,0.195,0.326
Embryo01,mosaic_Cellbound3_z3_DAPI_mask_ecto.tif,max_image_z3_DAPI_mask_ecto.tif,1,281,216,0.95,21,195,260,0.097,0.075,0.044,0.085
Embryo01,mosaic_Cellbound3_z3_DAPI_mask_ecto.tif,max_image_z3_DAPI_mask_ecto.tif,1,281,216,1.0,0,216,281,0.0,0.0,0.0,
Embryo01,mosaic_Cellbound3_z3_DAPI_mask_ecto.tif,mosaic_Cellbound1_z3_DAPI_mask_ecto.tif,1,281,155,0.5,114,41,167,0.735,0.406,0.354,0.523
Embryo01,mosaic_Cellbound3_z3_DAPI_mask_ecto.tif,mosaic_Cellbound1_z3_DAPI_mask_ecto.tif,1,281,155,0.55,106,49,175,0.684,0.377,0.321,0.486
Embryo01,mosaic_Cellbound3_z3_DAPI_mask_ecto.tif,mosaic_Cellbound1_z3_DAPI_mask_ecto.tif,1,281,155,0.6,94,61,187,0.606,0.335,0.275,0.431
Embryo01,mosaic_Cellbound3_z3_DAPI_mask_ecto.tif,mosaic_Cellbound1_z3_DAPI_mask_ecto.tif,1,281,155,0.65,87,68,194,0.561,0.31,0.249,0.399
Embryo01,mosaic_Cellbound3_z3_DAPI_mask_ecto.tif,mosaic_Cellbound1_z3_DAPI_mask_ecto.tif,1,281,155,0.7,73,82,208,0.471,0.26,0.201,0.335
Embryo01,mosaic_Cellbound3_z3_DAPI_mask_ecto.tif,mosaic_Cellbound1_z3_DAPI_mask_ecto.tif,1,281,155,0.75,53,102,228,0.342,0.189,0.138,0.243
Embryo01,mosaic_Cellbound3_z3_DAPI_mask_ecto.tif,mosaic_Cellbound1_z3_DAPI_mask_ecto.tif,1,281,155,0.8,35,120,246,0.226,0.125,0.087,0.161
Embryo01,mosaic_Cellbound3_z3_DAPI_mask_ecto.tif,mosaic_Cellbound1_z3_DAPI_mask_ecto.tif,1,281,155,0.85,19,136,262,0.123,0.068,0.046,0.087
Embryo01,mosaic_Cellbound3_z3_DAPI_mask_ecto.tif,mosaic_Cellbound1_z3_DAPI_mask_ecto.tif,1,281,155,0.9,5,150,276,0.032,0.018,0.012,0.023
Embryo01,mosaic_Cellbound3_z3_DAPI_mask_ecto.tif,mosaic_Cellbound1_z3_DAPI_mask_ecto.tif,1,281,155,0.95,0,155,281,0.0,0.0,0.0,
Embryo01,mosaic_Cellbound3_z3_DAPI_mask_ecto.tif,mosaic_Cellbound1_z3_DAPI_mask_ecto.tif,1,281,155,1.0,0,155,281,0.0,0.0,0.0,
Embryo01,mosaic_Cellbound3_z3_DAPI_mask_ecto.tif,mosaic_Cellbound2_z3_DAPI_mask_ecto.tif,1,281,223,0.5,112,111,169,0.502,0.399,0.286,0.444
Embryo01,mosaic_Cellbound3_z3_DAPI_mask_ecto.tif,mosaic_Cellbound2_z3_DAPI_mask_ecto.tif,1,281,223,0.55,99,124,182,0.444,0.352,0.244,0.393
Embryo01,mosaic_Cellbound3_z3_DAPI_mask_ecto.tif,mosaic_Cellbound2_z3_DAPI_mask_ecto.tif,1,281,223,0.6,78,145,203,0.35,0.278,0.183,0.31
Embryo01,mosaic_Cellbound3_z3_DAPI_mask_ecto.tif,mosaic_Cellbound2_z3_DAPI_mask_ecto.tif,1,281,223,0.65,63,160,218,0.283,0.224,0.143,0.25
Embryo01,mosaic_Cellbound3_z3_DAPI_mask_ecto.tif,mosaic_Cellbound2_z3_DAPI_mask_ecto.tif,1,281,223,0.7,39,184,242,0.175,0.139,0.084,0.155
Embryo01,mosaic_Cellbound3_z3_DAPI_mask_ecto.tif,mosaic_Cellbound2_z3_DAPI_mask_ecto.tif,1,281,223,0.75,27,196,254,0.121,0.096,0.057,0.107
Embryo01,mosaic_Cellbound3_z3_DAPI_mask_ecto.tif,mosaic_Cellbound2_z3_DAPI_mask_ecto.tif,1,281,223,0.8,15,208,266,0.067,0.053,0.031,0.06
Embryo01,mosaic_Cellbound3_z3_DAPI_mask_ecto.tif,mosaic_Cellbound2_z3_DAPI_mask_ecto.tif,1,281,223,0.85,5,218,276,0.022,0.018,0.01,0.02
Embryo01,mosaic_Cellbound3_z3_DAPI_mask_ecto.tif,mosaic_Cellbound2_z3_DAPI_mask_ecto.tif,1,281,223,0.9,1,222,280,0.004,0.004,0.002,0.004
Embryo01,mosaic_Cellbound3_z3_DAPI_mask_ecto.tif,mosaic_Cellbound2_z3_DAPI_mask_ecto.tif,1,281,223,0.95,0,223,281,0.0,0.0,0.0,
Embryo01,mosaic_Cellbound3_z3_DAPI_mask_ecto.tif,mosaic_Cellbound2_z3_DAPI_mask_ecto.tif,1,281,223,1.0,0,223,281,0.0,0.0,0.0,
Embryo01,mosaic_Cellbound3_z3_DAPI_mask_ecto.tif,mosaic_PolyT_z3_DAPI_mask_ecto.tif,1,281,226,0.5,163,63,118,0.721,0.58,0.474,0.643
Embryo01,mosaic_Cellbound3_z3_DAPI_mask_ecto.tif,mosaic_PolyT_z3_DAPI_mask_ecto.tif,1,281,226,0.55,148,78,133,0.655,0.527,0.412,0.584
Embryo01,mosaic_Cellbound3_z3_DAPI_mask_ecto.tif,mosaic_PolyT_z3_DAPI_mask_ecto.tif,1,281,226,0.6,134,92,147,0.593,0.477,0.359,0.529
Embryo01,mosaic_Cellbound3_z3_DAPI_mask_ecto.tif,mosaic_PolyT_z3_DAPI_mask_ecto.tif,1,281,226,0.65,120,106,161,0.531,0.427,0.31,0.473
Embryo01,mosaic_Cellbound3_z3_DAPI_mask_ecto.tif,mosaic_PolyT_z3_DAPI_mask_ecto.tif,1,281,226,0.7,106,120,175,0.469,0.377,0.264,0.418
Embryo01,mosaic_Cellbound3_z3_DAPI_mask_ecto.tif,mosaic_PolyT_z3_DAPI_mask_ecto.tif,1,281,226,0.75,81,145,200,0.358,0.288,0.19,0.32
Embryo01,mosaic_Cellbound3_z3_DAPI_mask_ecto.tif,mosaic_PolyT_z3_DAPI_mask_ecto.tif,1,281,226,0.8,59,167,222,0.261,0.21,0.132,0.233
Embryo01,mosaic_Cellbound3_z3_DAPI_mask_ecto.tif,mosaic_PolyT_z3_DAPI_mask_ecto.tif,1,281,226,0.85,30,196,251,0.133,0.107,0.063,0.118
Embryo01,mosaic_Cellbound3_z3_DAPI_mask_ecto.tif,mosaic_PolyT_z3_DAPI_mask_ecto.tif,1,281,226,0.9,9,217,272,0.04,0.032,0.018,0.036
Embryo01,mosaic_Cellbound3_z3_DAPI_mask_ecto.tif,mosaic_PolyT_z3_DAPI_mask_ecto.tif,1,281,226,0.95,0,226,281,0.0,0.0,0.0,
Embryo01,mosaic_Cellbound3_z3_DAPI_mask_ecto.tif,mosaic_PolyT_z3_DAPI_mask_ecto.tif,1,281,226,1.0,0,226,281,0.0,0.0,0.0,
Embryo02,mosaic_Cellbound3_z3_DAPI_mask_ecto.tif,added_image_z3_DAPI_mask_ecto.tif,1,35,26,0.5,21,5,14,0.808,0.6,0.525,0.689
Embryo02,mosaic_Cellbound3_z3_DAPI_mask_ecto.tif,added_image_z3_DAPI_mask_ecto.tif,1,35,26,0.55,21,5,14,0.808,0.6,0.525,0.689
Embryo02,mosaic_Cellbound3_z3_DAPI_mask_ecto.tif,added_image_z3_DAPI_mask_ecto.tif,1,35,26,0.6,20,6,15,0.769,0.571,0.488,0.656
Embryo02,mosaic_Cellbound3_z3_DAPI_mask_ecto.tif,added_image_z3_DAPI_mask_ecto.tif,1,35,26,0.65,17,9,18,0.654,0.486,0.386,0.557
Embryo02,mosaic_Cellbound3_z3_DAPI_mask_ecto.tif,added_image_z3_DAPI_mask_ecto.tif,1,35,26,0.7,17,9,18,0.654,0.486,0.386,0.557
Embryo02,mosaic_Cellbound3_z3_DAPI_mask_ecto.tif,added_image_z3_DAPI_mask_ecto.tif,1,35,26,0.75,14,12,21,0.538,0.4,0.298,0.459
Embryo02,mosaic_Cellbound3_z3_DAPI_mask_ecto.tif,added_image_z3_DAPI_mask_ecto.tif,1,35,26,0.8,13,13,22,0.5,0.371,0.271,0.426
Embryo02,mosaic_Cellbound3_z3_DAPI_mask_ecto.tif,added_image_z3_DAPI_mask_ecto.tif,1,35,26,0.85,9,17,26,0.346,0.257,0.173,0.295
Embryo02,mosaic_Cellbound3_z3_DAPI_mask_ecto.tif,added_image_z3_DAPI_mask_ecto.tif,1,35,26,0.9,5,21,30,0.192,0.143,0.089,0.164
Embryo02,mosaic_Cellbound3_z3_DAPI_mask_ecto.tif,added_image_z3_DAPI_mask_ecto.tif,1,35,26,0.95,2,24,33,0.077,0.057,0.034,0.066
Embryo02,mosaic_Cellbound3_z3_DAPI_mask_ecto.tif,added_image_z3_DAPI_mask_ecto.tif,1,35,26,1.0,0,26,35,0.0,0.0,0.0,
Embryo02,mosaic_Cellbound3_z3_DAPI_mask_ecto.tif,average_image_z3_DAPI_mask_ecto.tif,1,35,28,0.5,23,5,12,0.821,0.657,0.575,0.73
Embryo02,mosaic_Cellbound3_z3_DAPI_mask_ecto.tif,average_image_z3_DAPI_mask_ecto.tif,1,35,28,0.55,23,5,12,0.821,0.657,0.575,0.73
Embryo02,mosaic_Cellbound3_z3_DAPI_mask_ecto.tif,average_image_z3_DAPI_mask_ecto.tif,1,35,28,0.6,22,6,13,0.786,0.629,0.537,0.698
Embryo02,mosaic_Cellbound3_z3_DAPI_mask_ecto.tif,average_image_z3_DAPI_mask_ecto.tif,1,35,28,0.65,19,9,16,0.679,0.543,0.432,0.603
Embryo02,mosaic_Cellbound3_z3_DAPI_mask_ecto.tif,average_image_z3_DAPI_mask_ecto.tif,1,35,28,0.7,19,9,16,0.679,0.543,0.432,0.603
Embryo02,mosaic_Cellbound3_z3_DAPI_mask_ecto.tif,average_image_z3_DAPI_mask_ecto.tif,1,35,28,0.75,15,13,20,0.536,0.429,0.312,0.476
Embryo02,mosaic_Cellbound3_z3_DAPI_mask_ecto.tif,average_image_z3_DAPI_mask_ecto.tif,1,35,28,0.8,15,13,20,0.536,0.429,0.312,0.476
Embryo02,mosaic_Cellbound3_z3_DAPI_mask_ecto.tif,average_image_z3_DAPI_mask_ecto.tif,1,35,28,0.85,8,20,27,0.286,0.229,0.145,0.254
Embryo02,mosaic_Cellbound3_z3_DAPI_mask_ecto.tif,average_image_z3_DAPI_mask_ecto.tif,1,35,28,0.9,5,23,30,0.179,0.143,0.086,0.159
Embryo02,mosaic_Cellbound3_z3_DAPI_mask_ecto.tif,average_image_z3_DAPI_mask_ecto.tif,1,35,28,0.95,2,26,33,0.071,0.057,0.033,0.063
Embryo02,mosaic_Cellbound3_z3_DAPI_mask_ecto.tif,average_image_z3_DAPI_mask_ecto.tif,1,35,28,1.0,0,28,35,0.0,0.0,0.0,
Embryo02,mosaic_Cellbound3_z3_DAPI_mask_ecto.tif,max_image_z3_DAPI_mask_ecto.tif,1,35,23,0.5,15,8,20,0.652,0.429,0.349,0.517
Embryo02,mosaic_Cellbound3_z3_DAPI_mask_ecto.tif,max_image_z3_DAPI_mask_ecto.tif,1,35,23,0.55,14,9,21,0.609,0.4,0.318,0.483
Embryo02,mosaic_Cellbound3_z3_DAPI_mask_ecto.tif,max_image_z3_DAPI_mask_ecto.tif,1,35,23,0.6,13,10,22,0.565,0.371,0.289,0.448
Embryo02,mosaic_Cellbound3_z3_DAPI_mask_ecto.tif,max_image_z3_DAPI_mask_ecto.tif,1,35,23,0.65,10,13,25,0.435,0.286,0.208,0.345
Embryo02,mosaic_Cellbound3_z3_DAPI_mask_ecto.tif,max_image_z3_DAPI_mask_ecto.tif,1,35,23,0.7,9,14,26,0.391,0.257,0.184,0.31
Embryo02,mosaic_Cellbound3_z3_DAPI_mask_ecto.tif,max_image_z3_DAPI_mask_ecto.tif,1,35,23,0.75,9,14,26,0.391,0.257,0.184,0.31
Embryo02,mosaic_Cellbound3_z3_DAPI_mask_ecto.tif,max_image_z3_DAPI_mask_ecto.tif,1,35,23,0.8,9,14,26,0.391,0.257,0.184,0.31
Embryo02,mosaic_Cellbound3_z3_DAPI_mask_ecto.tif,max_image_z3_DAPI_mask_ecto.tif,1,35,23,0.85,8,15,27,0.348,0.229,0.16,0.276
Embryo02,mosaic_Cellbound3_z3_DAPI_mask_ecto.tif,max_image_z3_DAPI_mask_ecto.tif,1,35,23,0.9,4,19,31,0.174,0.114,0.074,0.138
Embryo02,mosaic_Cellbound3_z3_DAPI_mask_ecto.tif,max_image_z3_DAPI_mask_ecto.tif,1,35,23,0.95,2,21,33,0.087,0.057,0.036,0.069
Embryo02,mosaic_Cellbound3_z3_DAPI_mask_ecto.tif,max_image_z3_DAPI_mask_ecto.tif,1,35,23,1.0,0,23,35,0.0,0.0,0.0,
Embryo02,mosaic_Cellbound3_z3_DAPI_mask_ecto.tif,mosaic_Cellbound1_z3_DAPI_mask_ecto.tif,1,35,21,0.5,13,8,22,0.619,0.371,0.302,0.464
Embryo02,mosaic_Cellbound3_z3_DAPI_mask_ecto.tif,mosaic_Cellbound1_z3_DAPI_mask_ecto.tif,1,35,21,0.55,10,11,25,0.476,0.286,0.217,0.357
Embryo02,mosaic_Cellbound3_z3_DAPI_mask_ecto.tif,mosaic_Cellbound1_z3_DAPI_mask_ecto.tif,1,35,21,0.6,7,14,28,0.333,0.2,0.143,0.25
Embryo02,mosaic_Cellbound3_z3_DAPI_mask_ecto.tif,mosaic_Cellbound1_z3_DAPI_mask_ecto.tif,1,35,21,0.65,5,16,30,0.238,0.143,0.098,0.179
Embryo02,mosaic_Cellbound3_z3_DAPI_mask_ecto.tif,mosaic_Cellbound1_z3_DAPI_mask_ecto.tif,1,35,21,0.7,5,16,30,0.238,0.143,0.098,0.179
Embryo02,mosaic_Cellbound3_z3_DAPI_mask_ecto.tif,mosaic_Cellbound1_z3_DAPI_mask_ecto.tif,1,35,21,0.75,4,17,31,0.19,0.114,0.077,0.143
Embryo02,mosaic_Cellbound3_z3_DAPI_mask_ecto.tif,mosaic_Cellbound1_z3_DAPI_mask_ecto.tif,1,35,21,0.8,3,18,32,0.143,0.086,0.057,0.107
Embryo02,mosaic_Cellbound3_z3_DAPI_mask_ecto.tif,mosaic_Cellbound1_z3_DAPI_mask_ecto.tif,1,35,21,0.85,1,20,34,0.048,0.029,0.018,0.036
Embryo02,mosaic_Cellbound3_z3_DAPI_mask_ecto.tif,mosaic_Cellbound1_z3_DAPI_mask_ecto.tif,1,35,21,0.9,0,21,35,0.0,0.0,0.0,
Embryo02,mosaic_Cellbound3_z3_DAPI_mask_ecto.tif,mosaic_Cellbound1_z3_DAPI_mask_ecto.tif,1,35,21,0.95,0,21,35,0.0,0.0,0.0,
Embryo02,mosaic_Cellbound3_z3_DAPI_mask_ecto.tif,mosaic_Cellbound1_z3_DAPI_mask_ecto.tif,1,35,21,1.0,0,21,35,0.0,0.0,0.0,
Embryo02,mosaic_Cellbound3_z3_DAPI_mask_ecto.tif,mosaic_Cellbound2_z3_DAPI_mask_ecto.tif,1,35,33,0.5,11,22,24,0.333,0.314,0.193,0.324
Embryo02,mosaic_Cellbound3_z3_DAPI_mask_ecto.tif,mosaic_Cellbound2_z3_DAPI_mask_ecto.tif,1,35,33,0.55,8,25,27,0.242,0.229,0.133,0.235
Embryo02,mosaic_Cellbound3_z3_DAPI_mask_ecto.tif,mosaic_Cellbound2_z3_DAPI_mask_ecto.tif,1,35,33,0.6,7,26,28,0.212,0.2,0.115,0.206
Embryo02,mosaic_Cellbound3_z3_DAPI_mask_ecto.tif,mosaic_Cellbound2_z3_DAPI_mask_ecto.tif,1,35,33,0.65,7,26,28,0.212,0.2,0.115,0.206
Embryo02,mosaic_Cellbound3_z3_DAPI_mask_ecto.tif,mosaic_Cellbound2_z3_DAPI_mask_ecto.tif,1,35,33,0.7,4,29,31,0.121,0.114,0.062,0.118
Embryo02,mosaic_Cellbound3_z3_DAPI_mask_ecto.tif,mosaic_Cellbound2_z3_DAPI_mask_ecto.tif,1,35,33,0.75,2,31,33,0.061,0.057,0.03,0.059
Embryo02,mosaic_Cellbound3_z3_DAPI_mask_ecto.tif,mosaic_Cellbound2_z3_DAPI_mask_ecto.tif,1,35,33,0.8,1,32,34,0.03,0.029,0.015,0.029
Embryo02,mosaic_Cellbound3_z3_DAPI_mask_ecto.tif,mosaic_Cellbound2_z3_DAPI_mask_ecto.tif,1,35,33,0.85,0,33,35,0.0,0.0,0.0,
Embryo02,mosaic_Cellbound3_z3_DAPI_mask_ecto.tif,mosaic_Cellbound2_z3_DAPI_mask_ecto.tif,1,35,33,0.9,0,33,35,0.0,0.0,0.0,
Embryo02,mosaic_Cellbound3_z3_DAPI_mask_ecto.tif,mosaic_Cellbound2_z3_DAPI_mask_ecto.tif,1,35,33,0.95,0,33,35,0.0,0.0,0.0,
Embryo02,mosaic_Cellbound3_z3_DAPI_mask_ecto.tif,mosaic_Cellbound2_z3_DAPI_mask_ecto.tif,1,35,33,1.0,0,33,35,0.0,0.0,0.0,
Embryo02,mosaic_Cellbound3_z3_DAPI_mask_ecto.tif,mosaic_PolyT_z3_DAPI_mask_ecto.tif,1,35,25,0.5,18,7,17,0.72,0.514,0.429,0.6
Embryo02,mosaic_Cellbound3_z3_DAPI_mask_ecto.tif,mosaic_PolyT_z3_DAPI_mask_ecto.tif,1,35,25,0.55,17,8,18,0.68,0.486,0.395,0.567
Embryo02,mosaic_Cellbound3_z3_DAPI_mask_ecto.tif,mosaic_PolyT_z3_DAPI_mask_ecto.tif,1,35,25,0.6,13,12,22,0.52,0.371,0.277,0.433
Embryo02,mosaic_Cellbound3_z3_DAPI_mask_ecto.tif,mosaic_PolyT_z3_DAPI_mask_ecto.tif,1,35,25,0.65,12,13,23,0.48,0.343,0.25,0.4
Embryo02,mosaic_Cellbound3_z3_DAPI_mask_ecto.tif,mosaic_PolyT_z3_DAPI_mask_ecto.tif,1,35,25,0.7,11,14,24,0.44,0.314,0.224,0.367
Embryo02,mosaic_Cellbound3_z3_DAPI_mask_ecto.tif,mosaic_PolyT_z3_DAPI_mask_ecto.tif,1,35,25,0.75,8,17,27,0.32,0.229,0.154,0.267
Embryo02,mosaic_Cellbound3_z3_DAPI_mask_ecto.tif,mosaic_PolyT_z3_DAPI_mask_ecto.tif,1,35,25,0.8,4,21,31,0.16,0.114,0.071,0.133
Embryo02,mosaic_Cellbound3_z3_DAPI_mask_ecto.tif,mosaic_PolyT_z3_DAPI_mask_ecto.tif,1,35,25,0.85,1,24,34,0.04,0.029,0.017,0.033
Embryo02,mosaic_Cellbound3_z3_DAPI_mask_ecto.tif,mosaic_PolyT_z3_DAPI_mask_ecto.tif,1,35,25,0.9,1,24,34,0.04,0.029,0.017,0.033
Embryo02,mosaic_Cellbound3_z3_DAPI_mask_ecto.tif,mosaic_PolyT_z3_DAPI_mask_ecto.tif,1,35,25,0.95,0,25,35,0.0,0.0,0.0,
Embryo02,mosaic_Cellbound3_z3_DAPI_mask_ecto.tif,mosaic_PolyT_z3_DAPI_mask_ecto.tif,1,35,25,1.0,0,25,35,0.0,0.0,0.0,
Embryo03,mosaic_Cellbound3_z3_DAPI_mask_ecto.tif,added_image_z3_DAPI_mask_ecto.tif,1,58,51,0.5,47,4,11,0.922,0.81,0.758,0.862
Embryo03,mosaic_Cellbound3_z3_DAPI_mask_ecto.tif,added_image_z3_DAPI_mask_ecto.tif,1,58,51,0.55,47,4,11,0.922,0.81,0.758,0.862
Embryo03,mosaic_Cellbound3_z3_DAPI_mask_ecto.tif,added_image_z3_DAPI_mask_ecto.tif,1,58,51,0.6,45,6,13,0.882,0.776,0.703,0.826
Embryo03,mosaic_Cellbound3_z3_DAPI_mask_ecto.tif,added_image_z3_DAPI_mask_ecto.tif,1,58,51,0.65,43,8,15,0.843,0.741,0.652,0.789
Embryo03,mosaic_Cellbound3_z3_DAPI_mask_ecto.tif,added_image_z3_DAPI_mask_ecto.tif,1,58,51,0.7,43,8,15,0.843,0.741,0.652,0.789
Embryo03,mosaic_Cellbound3_z3_DAPI_mask_ecto.tif,added_image_z3_DAPI_mask_ecto.tif,1,58,51,0.75,43,8,15,0.843,0.741,0.652,0.789
Embryo03,mosaic_Cellbound3_z3_DAPI_mask_ecto.tif,added_image_z3_DAPI_mask_ecto.tif,1,58,51,0.8,43,8,15,0.843,0.741,0.652,0.789
Embryo03,mosaic_Cellbound3_z3_DAPI_mask_ecto.tif,added_image_z3_DAPI_mask_ecto.tif,1,58,51,0.85,37,14,21,0.725,0.638,0.514,0.679
Embryo03,mosaic_Cellbound3_z3_DAPI_mask_ecto.tif,added_image_z3_DAPI_mask_ecto.tif,1,58,51,0.9,29,22,29,0.569,0.5,0.362,0.532
Embryo03,mosaic_Cellbound3_z3_DAPI_mask_ecto.tif,added_image_z3_DAPI_mask_ecto.tif,1,58,51,0.95,11,40,47,0.216,0.19,0.112,0.202
Embryo03,mosaic_Cellbound3_z3_DAPI_mask_ecto.tif,added_image_z3_DAPI_mask_ecto.tif,1,58,51,1.0,0,51,58,0.0,0.0,0.0,
Embryo03,mosaic_Cellbound3_z3_DAPI_mask_ecto.tif,average_image_z3_DAPI_mask_ecto.tif,1,58,50,0.5,46,4,12,0.92,0.793,0.742,0.852
Embryo03,mosaic_Cellbound3_z3_DAPI_mask_ecto.tif,average_image_z3_DAPI_mask_ecto.tif,1,58,50,0.55,46,4,12,0.92,0.793,0.742,0.852
Embryo03,mosaic_Cellbound3_z3_DAPI_mask_ecto.tif,average_image_z3_DAPI_mask_ecto.tif,1,58,50,0.6,45,5,13,0.9,0.776,0.714,0.833
Embryo03,mosaic_Cellbound3_z3_DAPI_mask_ecto.tif,average_image_z3_DAPI_mask_ecto.tif,1,58,50,0.65,43,7,15,0.86,0.741,0.662,0.796
Embryo03,mosaic_Cellbound3_z3_DAPI_mask_ecto.tif,average_image_z3_DAPI_mask_ecto.tif,1,58,50,0.7,43,7,15,0.86,0.741,0.662,0.796
Embryo03,mosaic_Cellbound3_z3_DAPI_mask_ecto.tif,average_image_z3_DAPI_mask_ecto.tif,1,58,50,0.75,43,7,15,0.86,0.741,0.662,0.796
Embryo03,mosaic_Cellbound3_z3_DAPI_mask_ecto.tif,average_image_z3_DAPI_mask_ecto.tif,1,58,50,0.8,42,8,16,0.84,0.724,0.636,0.778
Embryo03,mosaic_Cellbound3_z3_DAPI_mask_ecto.tif,average_image_z3_DAPI_mask_ecto.tif,1,58,50,0.85,36,14,22,0.72,0.621,0.5,0.667
Embryo03,mosaic_Cellbound3_z3_DAPI_mask_ecto.tif,average_image_z3_DAPI_mask_ecto.tif,1,58,50,0.9,28,22,30,0.56,0.483,0.35,0.519
Embryo03,mosaic_Cellbound3_z3_DAPI_mask_ecto.tif,average_image_z3_DAPI_mask_ecto.tif,1,58,50,0.95,9,41,49,0.18,0.155,0.091,0.167
Embryo03,mosaic_Cellbound3_z3_DAPI_mask_ecto.tif,average_image_z3_DAPI_mask_ecto.tif,1,58,50,1.0,0,50,58,0.0,0.0,0.0,
Embryo03,mosaic_Cellbound3_z3_DAPI_mask_ecto.tif,max_image_z3_DAPI_mask_ecto.tif,1,58,42,0.5,36,6,22,0.857,0.621,0.562,0.72
Embryo03,mosaic_Cellbound3_z3_DAPI_mask_ecto.tif,max_image_z3_DAPI_mask_ecto.tif,1,58,42,0.55,35,7,23,0.833,0.603,0.538,0.7
Embryo03,mosaic_Cellbound3_z3_DAPI_mask_ecto.tif,max_image_z3_DAPI_mask_ecto.tif,1,58,42,0.6,35,7,23,0.833,0.603,0.538,0.7
Embryo03,mosaic_Cellbound3_z3_DAPI_mask_ecto.tif,max_image_z3_DAPI_mask_ecto.tif,1,58,42,0.65,33,9,25,0.786,0.569,0.493,0.66
Embryo03,mosaic_Cellbound3_z3_DAPI_mask_ecto.tif,max_image_z3_DAPI_mask_ecto.tif,1,58,42,0.7,32,10,26,0.762,0.552,0.471,0.64
Embryo03,mosaic_Cellbound3_z3_DAPI_mask_ecto.tif,max_image_z3_DAPI_mask_ecto.tif,1,58,42,0.75,27,15,31,0.643,0.466,0.37,0.54
Embryo03,mosaic_Cellbound3_z3_DAPI_mask_ecto.tif,max_image_z3_DAPI_mask_ecto.tif,1,58,42,0.8,21,21,37,0.5,0.362,0.266,0.42
Embryo03,mosaic_Cellbound3_z3_DAPI_mask_ecto.tif,max_image_z3_DAPI_mask_ecto.tif,1,58,42,0.85,17,25,41,0.405,0.293,0.205,0.34
Embryo03,mosaic_Cellbound3_z3_DAPI_mask_ecto.tif,max_image_z3_DAPI_mask_ecto.tif,1,58,42,0.9,13,29,45,0.31,0.224,0.149,0.26
Embryo03,mosaic_Cellbound3_z3_DAPI_mask_ecto.tif,max_image_z3_DAPI_mask_ecto.tif,1,58,42,0.95,2,40,56,0.048,0.034,0.02,0.04
Embryo03,mosaic_Cellbound3_z3_DAPI_mask_ecto.tif,max_image_z3_DAPI_mask_ecto.tif,1,58,42,1.0,0,42,58,0.0,0.0,0.0,
Embryo03,mosaic_Cellbound3_z3_DAPI_mask_ecto.tif,mosaic_Cellbound1_z3_DAPI_mask_ecto.tif,1,58,40,0.5,33,7,25,0.825,0.569,0.508,0.673
Embryo03,mosaic_Cellbound3_z3_DAPI_mask_ecto.tif,mosaic_Cellbound1_z3_DAPI_mask_ecto.tif,1,58,40,0.55,33,7,25,0.825,0.569,0.508,0.673
Embryo03,mosaic_Cellbound3_z3_DAPI_mask_ecto.tif,mosaic_Cellbound1_z3_DAPI_mask_ecto.tif,1,58,40,0.6,32,8,26,0.8,0.552,0.485,0.653
Embryo03,mosaic_Cellbound3_z3_DAPI_mask_ecto.tif,mosaic_Cellbound1_z3_DAPI_mask_ecto.tif,1,58,40,0.65,29,11,29,0.725,0.5,0.42,0.592
Embryo03,mosaic_Cellbound3_z3_DAPI_mask_ecto.tif,mosaic_Cellbound1_z3_DAPI_mask_ecto.tif,1,58,40,0.7,27,13,31,0.675,0.466,0.38,0.551
Embryo03,mosaic_Cellbound3_z3_DAPI_mask_ecto.tif,mosaic_Cellbound1_z3_DAPI_mask_ecto.tif,1,58,40,0.75,18,22,40,0.45,0.31,0.225,0.367
Embryo03,mosaic_Cellbound3_z3_DAPI_mask_ecto.tif,mosaic_Cellbound1_z3_DAPI_mask_ecto.tif,1,58,40,0.8,12,28,46,0.3,0.207,0.14,0.245
Embryo03,mosaic_Cellbound3_z3_DAPI_mask_ecto.tif,mosaic_Cellbound1_z3_DAPI_mask_ecto.tif,1,58,40,0.85,7,33,51,0.175,0.121,0.077,0.143
Embryo03,mosaic_Cellbound3_z3_DAPI_mask_ecto.tif,mosaic_Cellbound1_z3_DAPI_mask_ecto.tif,1,58,40,0.9,2,38,56,0.05,0.034,0.021,0.041
Embryo03,mosaic_Cellbound3_z3_DAPI_mask_ecto.tif,mosaic_Cellbound1_z3_DAPI_mask_ecto.tif,1,58,40,0.95,0,40,58,0.0,0.0,0.0,
Embryo03,mosaic_Cellbound3_z3_DAPI_mask_ecto.tif,mosaic_Cellbound1_z3_DAPI_mask_ecto.tif,1,58,40,1.0,0,40,58,0.0,0.0,0.0,
Embryo03,mosaic_Cellbound3_z3_DAPI_mask_ecto.tif,mosaic_Cellbound2_z3_DAPI_mask_ecto.tif,1,58,52,0.5,30,22,28,0.577,0.517,0.375,0.545
Embryo03,mosaic_Cellbound3_z3_DAPI_mask_ecto.tif,mosaic_Cellbound2_z3_DAPI_mask_ecto.tif,1,58,52,0.55,26,26,32,0.5,0.448,0.31,0.473
Embryo03,mosaic_Cellbound3_z3_DAPI_mask_ecto.tif,mosaic_Cellbound2_z3_DAPI_mask_ecto.tif,1,58,52,0.6,25,27,33,0.481,0.431,0.294,0.455
Embryo03,mosaic_Cellbound3_z3_DAPI_mask_ecto.tif,mosaic_Cellbound2_z3_DAPI_mask_ecto.tif,1,58,52,0.65,21,31,37,0.404,0.362,0.236,0.382
Embryo03,mosaic_Cellbound3_z3_DAPI_mask_ecto.tif,mosaic_Cellbound2_z3_DAPI_mask_ecto.tif,1,58,52,0.7,16,36,42,0.308,0.276,0.17,0.291
Embryo03,mosaic_Cellbound3_z3_DAPI_mask_ecto.tif,mosaic_Cellbound2_z3_DAPI_mask_ecto.tif,1,58,52,0.75,10,42,48,0.192,0.172,0.1,0.182
Embryo03,mosaic_Cellbound3_z3_DAPI_mask_ecto.tif,mosaic_Cellbound2_z3_DAPI_mask_ecto.tif,1,58,52,0.8,2,50,56,0.038,0.034,0.019,0.036
Embryo03,mosaic_Cellbound3_z3_DAPI_mask_ecto.tif,mosaic_Cellbound2_z3_DAPI_mask_ecto.tif,1,58,52,0.85,0,52,58,0.0,0.0,0.0,
Embryo03,mosaic_Cellbound3_z3_DAPI_mask_ecto.tif,mosaic_Cellbound2_z3_DAPI_mask_ecto.tif,1,58,52,0.9,0,52,58,0.0,0.0,0.0,
Embryo03,mosaic_Cellbound3_z3_DAPI_mask_ecto.tif,mosaic_Cellbound2_z3_DAPI_mask_ecto.tif,1,58,52,0.95,0,52,58,0.0,0.0,0.0,
Embryo03,mosaic_Cellbound3_z3_DAPI_mask_ecto.tif,mosaic_Cellbound2_z3_DAPI_mask_ecto.tif,1,58,52,1.0,0,52,58,0.0,0.0,0.0,
Embryo03,mosaic_Cellbound3_z3_DAPI_mask_ecto.tif,mosaic_PolyT_z3_DAPI_mask_ecto.tif,1,58,47,0.5,38,9,20,0.809,0.655,0.567,0.724
Embryo03,mosaic_Cellbound3_z3_DAPI_mask_ecto.tif,mosaic_PolyT_z3_DAPI_mask_ecto.tif,1,58,47,0.55,35,12,23,0.745,0.603,0.5,0.667
Embryo03,mosaic_Cellbound3_z3_DAPI_mask_ecto.tif,mosaic_PolyT_z3_DAPI_mask_ecto.tif,1,58,47,0.6,31,16,27,0.66,0.534,0.419,0.59
Embryo03,mosaic_Cellbound3_z3_DAPI_mask_ecto.tif,mosaic_PolyT_z3_DAPI_mask_ecto.tif,1,58,47,0.65,29,18,29,0.617,0.5,0.382,0.552
Embryo03,mosaic_Cellbound3_z3_DAPI_mask_ecto.tif,mosaic_PolyT_z3_DAPI_mask_ecto.tif,1,58,47,0.7,27,20,31,0.574,0.466,0.346,0.514
Embryo03,mosaic_Cellbound3_z3_DAPI_mask_ecto.tif,mosaic_PolyT_z3_DAPI_mask_ecto.tif,1,58,47,0.75,23,24,35,0.489,0.397,0.28,0.438
Embryo03,mosaic_Cellbound3_z3_DAPI_mask_ecto.tif,mosaic_PolyT_z3_DAPI_mask_ecto.tif,1,58,47,0.8,17,30,41,0.362,0.293,0.193,0.324
Embryo03,mosaic_Cellbound3_z3_DAPI_mask_ecto.tif,mosaic_PolyT_z3_DAPI_mask_ecto.tif,1,58,47,0.85,9,38,49,0.191,0.155,0.094,0.171
Embryo03,mosaic_Cellbound3_z3_DAPI_mask_ecto.tif,mosaic_PolyT_z3_DAPI_mask_ecto.tif,1,58,47,0.9,2,45,56,0.043,0.034,0.019,0.038
Embryo03,mosaic_Cellbound3_z3_DAPI_mask_ecto.tif,mosaic_PolyT_z3_DAPI_mask_ecto.tif,1,58,47,0.95,1,46,57,0.021,0.017,0.01,0.019
Embryo03,mosaic_Cellbound3_z3_DAPI_mask_ecto.tif,mosaic_PolyT_z3_DAPI_mask_ecto.tif,1,58,47,1.0,0,47,58,0.0,0.0,0.0,
Embryo04,mosaic_Cellbound3_z3_DAPI_mask_ecto.tif,added_image_z3_DAPI_mask_ecto.tif,1,129,139,0.5,109,30,20,0.784,0.845,0.686,0.813
Embryo04,mosaic_Cellbound3_z3_DAPI_mask_ecto.tif,added_image_z3_DAPI_mask_ecto.tif,1,129,139,0.55,107,32,22,0.77,0.829,0.665,0.799
Embryo04,mosaic_Cellbound3_z3_DAPI_mask_ecto.tif,added_image_z3_DAPI_mask_ecto.tif,1,129,139,0.6,106,33,23,0.763,0.822,0.654,0.791
Embryo04,mosaic_Cellbound3_z3_DAPI_mask_ecto.tif,added_image_z3_DAPI_mask_ecto.tif,1,129,139,0.65,103,36,26,0.741,0.798,0.624,0.769
Embryo04,mosaic_Cellbound3_z3_DAPI_mask_ecto.tif,added_image_z3_DAPI_mask_ecto.tif,1,129,139,0.7,100,39,29,0.719,0.775,0.595,0.746
Embryo04,mosaic_Cellbound3_z3_DAPI_mask_ecto.tif,added_image_z3_DAPI_mask_ecto.tif,1,129,139,0.75,96,43,33,0.691,0.744,0.558,0.716
Embryo04,mosaic_Cellbound3_z3_DAPI_mask_ecto.tif,added_image_z3_DAPI_mask_ecto.tif,1,129,139,0.8,90,49,39,0.647,0.698,0.506,0.672
Embryo04,mosaic_Cellbound3_z3_DAPI_mask_ecto.tif,added_image_z3_DAPI_mask_ecto.tif,1,129,139,0.85,81,58,48,0.583,0.628,0.433,0.604
Embryo04,mosaic_Cellbound3_z3_DAPI_mask_ecto.tif,added_image_z3_DAPI_mask_ecto.tif,1,129,139,0.9,55,84,74,0.396,0.426,0.258,0.41
Embryo04,mosaic_Cellbound3_z3_DAPI_mask_ecto.tif,added_image_z3_DAPI_mask_ecto.tif,1,129,139,0.95,21,118,108,0.151,0.163,0.085,0.157
Embryo04,mosaic_Cellbound3_z3_DAPI_mask_ecto.tif,added_image_z3_DAPI_mask_ecto.tif,1,129,139,1.0,0,139,129,0.0,0.0,0.0,
Embryo04,mosaic_Cellbound3_z3_DAPI_mask_ecto.tif,average_image_z3_DAPI_mask_ecto.tif,1,129,142,0.5,112,30,17,0.789,0.868,0.704,0.827
Embryo04,mosaic_Cellbound3_z3_DAPI_mask_ecto.tif,average_image_z3_DAPI_mask_ecto.tif,1,129,142,0.55,110,32,19,0.775,0.853,0.683,0.812
Embryo04,mosaic_Cellbound3_z3_DAPI_mask_ecto.tif,average_image_z3_DAPI_mask_ecto.tif,1,129,142,0.6,108,34,21,0.761,0.837,0.663,0.797
Embryo04,mosaic_Cellbound3_z3_DAPI_mask_ecto.tif,average_image_z3_DAPI_mask_ecto.tif,1,129,142,0.65,106,36,23,0.746,0.822,0.642,0.782
Embryo04,mosaic_Cellbound3_z3_DAPI_mask_ecto.tif,average_image_z3_DAPI_mask_ecto.tif,1,129,142,0.7,104,38,25,0.732,0.806,0.623,0.768
Embryo04,mosaic_Cellbound3_z3_DAPI_mask_ecto.tif,average_image_z3_DAPI_mask_ecto.tif,1,129,142,0.75,99,43,30,0.697,0.767,0.576,0.731
Embryo04,mosaic_Cellbound3_z3_DAPI_mask_ecto.tif,average_image_z3_DAPI_mask_ecto.tif,1,129,142,0.8,94,48,35,0.662,0.729,0.531,0.694
Embryo04,mosaic_Cellbound3_z3_DAPI_mask_ecto.tif,average_image_z3_DAPI_mask_ecto.tif,1,129,142,0.85,86,56,43,0.606,0.667,0.465,0.635
Embryo04,mosaic_Cellbound3_z3_DAPI_mask_ecto.tif,average_image_z3_DAPI_mask_ecto.tif,1,129,142,0.9,61,81,68,0.43,0.473,0.29,0.45
Embryo04,mosaic_Cellbound3_z3_DAPI_mask_ecto.tif,average_image_z3_DAPI_mask_ecto.tif,1,129,142,0.95,20,122,109,0.141,0.155,0.08,0.148
Embryo04,mosaic_Cellbound3_z3_DAPI_mask_ecto.tif,average_image_z3_DAPI_mask_ecto.tif,1,129,142,1.0,0,142,129,0.0,0.0,0.0,
Embryo04,mosaic_Cellbound3_z3_DAPI_mask_ecto.tif,max_image_z3_DAPI_mask_ecto.tif,1,129,115,0.5,91,24,38,0.791,0.705,0.595,0.746
Embryo04,mosaic_Cellbound3_z3_DAPI_mask_ecto.tif,max_image_z3_DAPI_mask_ecto.tif,1,129,115,0.55,88,27,41,0.765,0.682,0.564,0.721
Embryo04,mosaic_Cellbound3_z3_DAPI_mask_ecto.tif,max_image_z3_DAPI_mask_ecto.tif,1,129,115,0.6,82,33,47,0.713,0.636,0.506,0.672
Embryo04,mosaic_Cellbound3_z3_DAPI_mask_ecto.tif,max_image_z3_DAPI_mask_ecto.tif,1,129,115,0.65,80,35,49,0.696,0.62,0.488,0.656
Embryo04,mosaic_Cellbound3_z3_DAPI_mask_ecto.tif,max_image_z3_DAPI_mask_ecto.tif,1,129,115,0.7,73,42,56,0.635,0.566,0.427,0.598
Embryo04,mosaic_Cellbound3_z3_DAPI_mask_ecto.tif,max_image_z3_DAPI_mask_ecto.tif,1,129,115,0.75,71,44,58,0.617,0.55,0.41,0.582
Embryo04,mosaic_Cellbound3_z3_DAPI_mask_ecto.tif,max_image_z3_DAPI_mask_ecto.tif,1,129,115,0.8,59,56,70,0.513,0.457,0.319,0.484
Embryo04,mosaic_Cellbound3_z3_DAPI_mask_ecto.tif,max_image_z3_DAPI_mask_ecto.tif,1,129,115,0.85,46,69,83,0.4,0.357,0.232,0.377
Embryo04,mosaic_Cellbound3_z3_DAPI_mask_ecto.tif,max_image_z3_DAPI_mask_ecto.tif,1,129,115,0.9,21,94,108,0.183,0.163,0.094,0.172
Embryo04,mosaic_Cellbound3_z3_DAPI_mask_ecto.tif,max_image_z3_DAPI_mask_ecto.tif,1,129,115,0.95,4,111,125,0.035,0.031,0.017,0.033
Embryo04,mosaic_Cellbound3_z3_DAPI_mask_ecto.tif,max_image_z3_DAPI_mask_ecto.tif,1,129,115,1.0,0,115,129,0.0,0.0,0.0,
Embryo04,mosaic_Cellbound3_z3_DAPI_mask_ecto.tif,mosaic_Cellbound1_z3_DAPI_mask_ecto.tif,1,129,119,0.5,88,31,41,0.739,0.682,0.55,0.71
Embryo04,mosaic_Cellbound3_z3_DAPI_mask_ecto.tif,mosaic_Cellbound1_z3_DAPI_mask_ecto.tif,1,129,119,0.55,83,36,46,0.697,0.643,0.503,0.669
Embryo04,mosaic_Cellbound3_z3_DAPI_mask_ecto.tif,mosaic_Cellbound1_z3_DAPI_mask_ecto.tif,1,129,119,0.6,77,42,52,0.647,0.597,0.45,0.621
Embryo04,mosaic_Cellbound3_z3_DAPI_mask_ecto.tif,mosaic_Cellbound1_z3_DAPI_mask_ecto.tif,1,129,119,0.65,71,48,58,0.597,0.55,0.401,0.573
Embryo04,mosaic_Cellbound3_z3_DAPI_mask_ecto.tif,mosaic_Cellbound1_z3_DAPI_mask_ecto.tif,1,129,119,0.7,65,54,64,0.546,0.504,0.355,0.524
Embryo04,mosaic_Cellbound3_z3_DAPI_mask_ecto.tif,mosaic_Cellbound1_z3_DAPI_mask_ecto.tif,1,129,119,0.75,60,59,69,0.504,0.465,0.319,0.484
Embryo04,mosaic_Cellbound3_z3_DAPI_mask_ecto.tif,mosaic_Cellbound1_z3_DAPI_mask_ecto.tif,1,129,119,0.8,49,70,80,0.412,0.38,0.246,0.395
Embryo04,mosaic_Cellbound3_z3_DAPI_mask_ecto.tif,mosaic_Cellbound1_z3_DAPI_mask_ecto.tif,1,129,119,0.85,33,86,96,0.277,0.256,0.153,0.266
Embryo04,mosaic_Cellbound3_z3_DAPI_mask_ecto.tif,mosaic_Cellbound1_z3_DAPI_mask_ecto.tif,1,129,119,0.9,14,105,115,0.118,0.109,0.06,0.113
Embryo04,mosaic_Cellbound3_z3_DAPI_mask_ecto.tif,mosaic_Cellbound1_z3_DAPI_mask_ecto.tif,1,129,119,0.95,1,118,128,0.008,0.008,0.004,0.008
Embryo04,mosaic_Cellbound3_z3_DAPI_mask_ecto.tif,mosaic_Cellbound1_z3_DAPI_mask_ecto.tif,1,129,119,1.0,0,119,129,0.0,0.0,0.0,
Embryo04,mosaic_Cellbound3_z3_DAPI_mask_ecto.tif,mosaic_Cellbound2_z3_DAPI_mask_ecto.tif,1,129,127,0.5,80,47,49,0.63,0.62,0.455,0.625
Embryo04,mosaic_Cellbound3_z3_DAPI_mask_ecto.tif,mosaic_Cellbound2_z3_DAPI_mask_ecto.tif,1,129,127,0.55,70,57,59,0.551,0.543,0.376,0.547
Embryo04,mosaic_Cellbound3_z3_DAPI_mask_ecto.tif,mosaic_Cellbound2_z3_DAPI_mask_ecto.tif,1,129,127,0.6,63,64,66,0.496,0.488,0.326,0.492
Embryo04,mosaic_Cellbound3_z3_DAPI_mask_ecto.tif,mosaic_Cellbound2_z3_DAPI_mask_ecto.tif,1,129,127,0.65,53,74,76,0.417,0.411,0.261,0.414
Embryo04,mosaic_Cellbound3_z3_DAPI_mask_ecto.tif,mosaic_Cellbound2_z3_DAPI_mask_ecto.tif,1,129,127,0.7,38,89,91,0.299,0.295,0.174,0.297
Embryo04,mosaic_Cellbound3_z3_DAPI_mask_ecto.tif,mosaic_Cellbound2_z3_DAPI_mask_ecto.tif,1,129,127,0.75,24,103,105,0.189,0.186,0.103,0.188
Embryo04,mosaic_Cellbound3_z3_DAPI_mask_ecto.tif,mosaic_Cellbound2_z3_DAPI_mask_ecto.tif,1,129,127,0.8,16,111,113,0.126,0.124,0.067,0.125
Embryo04,mosaic_Cellbound3_z3_DAPI_mask_ecto.tif,mosaic_Cellbound2_z3_DAPI_mask_ecto.tif,1,129,127,0.85,7,120,122,0.055,0.054,0.028,0.055
Embryo04,mosaic_Cellbound3_z3_DAPI_mask_ecto.tif,mosaic_Cellbound2_z3_DAPI_mask_ecto.tif,1,129,127,0.9,2,125,127,0.016,0.016,0.008,0.016
Embryo04,mosaic_Cellbound3_z3_DAPI_mask_ecto.tif,mosaic_Cellbound2_z3_DAPI_mask_ecto.tif,1,129,127,0.95,1,126,128,0.008,0.008,0.004,0.008
Embryo04,mosaic_Cellbound3_z3_DAPI_mask_ecto.tif,mosaic_Cellbound2_z3_DAPI_mask_ecto.tif,1,129,127,1.0,0,127,129,0.0,0.0,0.0,
Embryo04,mosaic_Cellbound3_z3_DAPI_mask_ecto.tif,mosaic_PolyT_z3_DAPI_mask_ecto.tif,1,129,88,0.5,65,23,64,0.739,0.504,0.428,0.599
Embryo04,mosaic_Cellbound3_z3_DAPI_mask_ecto.tif,mosaic_PolyT_z3_DAPI_mask_ecto.tif,1,129,88,0.55,58,30,71,0.659,0.45,0.365,0.535
Embryo04,mosaic_Cellbound3_z3_DAPI_mask_ecto.tif,mosaic_PolyT_z3_DAPI_mask_ecto.tif,1,129,88,0.6,54,34,75,0.614,0.419,0.331,0.498
Embryo04,mosaic_Cellbound3_z3_DAPI_mask_ecto.tif,mosaic_PolyT_z3_DAPI_mask_ecto.tif,1,129,88,0.65,47,41,82,0.534,0.364,0.276,0.433
Embryo04,mosaic_Cellbound3_z3_DAPI_mask_ecto.tif,mosaic_PolyT_z3_DAPI_mask_ecto.tif,1,129,88,0.7,41,47,88,0.466,0.318,0.233,0.378
Embryo04,mosaic_Cellbound3_z3_DAPI_mask_ecto.tif,mosaic_PolyT_z3_DAPI_mask_ecto.tif,1,129,88,0.75,37,51,92,0.42,0.287,0.206,0.341
Embryo04,mosaic_Cellbound3_z3_DAPI_mask_ecto.tif,mosaic_PolyT_z3_DAPI_mask_ecto.tif,1,129,88,0.8,29,59,100,0.33,0.225,0.154,0.267
Embryo04,mosaic_Cellbound3_z3_DAPI_mask_ecto.tif,mosaic_PolyT_z3_DAPI_mask_ecto.tif,1,129,88,0.85,15,73,114,0.17,0.116,0.074,0.138
Embryo04,mosaic_Cellbound3_z3_DAPI_mask_ecto.tif,mosaic_PolyT_z3_DAPI_mask_ecto.tif,1,129,88,0.9,5,83,124,0.057,0.039,0.024,0.046
Embryo04,mosaic_Cellbound3_z3_DAPI_mask_ecto.tif,mosaic_PolyT_z3_DAPI_mask_ecto.tif,1,129,88,0.95,0,88,129,0.0,0.0,0.0,
Embryo04,mosaic_Cellbound3_z3_DAPI_mask_ecto.tif,mosaic_PolyT_z3_DAPI_mask_ecto.tif,1,129,88,1.0,0,88,129,0.0,0.0,0.0,
Embryo05,mosaic_Cellbound3_z3_DAPI_mask_ecto.tif,added_image_z3_DAPI_mask_ecto.tif,1,806,758,0.5,670,88,136,0.884,0.831,0.749,0.857
Embryo05,mosaic_Cellbound3_z3_DAPI_mask_ecto.tif,added_image_z3_DAPI_mask_ecto.tif,1,806,758,0.55,660,98,146,0.871,0.819,0.73,0.844
Embryo05,mosaic_Cellbound3_z3_DAPI_mask_ecto.tif,added_image_z3_DAPI_mask_ecto.tif,1,806,758,0.6,648,110,158,0.855,0.804,0.707,0.829
Embryo05,mosaic_Cellbound3_z3_DAPI_mask_ecto.tif,added_image_z3_DAPI_mask_ecto.tif,1,806,758,0.65,626,132,180,0.826,0.777,0.667,0.801
Embryo05,mosaic_Cellbound3_z3_DAPI_mask_ecto.tif,added_image_z3_DAPI_mask_ecto.tif,1,806,758,0.7,611,147,195,0.806,0.758,0.641,0.781
Embryo05,mosaic_Cellbound3_z3_DAPI_mask_ecto.tif,added_image_z3_DAPI_mask_ecto.tif,1,806,758,0.75,580,178,226,0.765,0.72,0.589,0.742
Embryo05,mosaic_Cellbound3_z3_DAPI_mask_ecto.tif,added_image_z3_DAPI_mask_ecto.tif,1,806,758,0.8,541,217,265,0.714,0.671,0.529,0.692
Embryo05,mosaic_Cellbound3_z3_DAPI_mask_ecto.tif,added_image_z3_DAPI_mask_ecto.tif,1,806,758,0.85,473,285,333,0.624,0.587,0.434,0.605
Embryo05,mosaic_Cellbound3_z3_DAPI_mask_ecto.tif,added_image_z3_DAPI_mask_ecto.tif,1,806,758,0.9,329,429,477,0.434,0.408,0.266,0.421
Embryo05,mosaic_Cellbound3_z3_DAPI_mask_ecto.tif,added_image_z3_DAPI_mask_ecto.tif,1,806,758,0.95,80,678,726,0.106,0.099,0.054,0.102
Embryo05,mosaic_Cellbound3_z3_DAPI_mask_ecto.tif,added_image_z3_DAPI_mask_ecto.tif,1,806,758,1.0,0,758,806,0.0,0.0,0.0,
Embryo05,mosaic_Cellbound3_z3_DAPI_mask_ecto.tif,average_image_z3_DAPI_mask_ecto.tif,1,806,747,0.5,663,84,143,0.888,0.823,0.745,0.854
Embryo05,mosaic_Cellbound3_z3_DAPI_mask_ecto.tif,average_image_z3_DAPI_mask_ecto.tif,1,806,747,0.55,652,95,154,0.873,0.809,0.724,0.84
Embryo05,mosaic_Cellbound3_z3_DAPI_mask_ecto.tif,average_image_z3_DAPI_mask_ecto.tif,1,806,747,0.6,641,106,165,0.858,0.795,0.703,0.825
Embryo05,mosaic_Cellbound3_z3_DAPI_mask_ecto.tif,average_image_z3_DAPI_mask_ecto.tif,1,806,747,0.65,621,126,185,0.831,0.77,0.666,0.8
Embryo05,mosaic_Cellbound3_z3_DAPI_mask_ecto.tif,average_image_z3_DAPI_mask_ecto.tif,1,806,747,0.7,605,142,201,0.81,0.751,0.638,0.779
Embryo05,mosaic_Cellbound3_z3_DAPI_mask_ecto.tif,average_image_z3_DAPI_mask_ecto.tif,1,806,747,0.75,575,172,231,0.77,0.713,0.588,0.741
Embryo05,mosaic_Cellbound3_z3_DAPI_mask_ecto.tif,average_image_z3_DAPI_mask_ecto.tif,1,806,747,0.8,536,211,270,0.718,0.665,0.527,0.69
Embryo05,mosaic_Cellbound3_z3_DAPI_mask_ecto.tif,average_image_z3_DAPI_mask_ecto.tif,1,806,747,0.85,470,277,336,0.629,0.583,0.434,0.605
Embryo05,mosaic_Cellbound3_z3_DAPI_mask_ecto.tif,average_image_z3_DAPI_mask_ecto.tif,1,806,747,0.9,324,423,482,0.434,0.402,0.264,0.417
Embryo05,mosaic_Cellbound3_z3_DAPI_mask_ecto.tif,average_image_z3_DAPI_mask_ecto.tif,1,806,747,0.95,75,672,731,0.1,0.093,0.051,0.097
Embryo05,mosaic_Cellbound3_z3_DAPI_mask_ecto.tif,average_image_z3_DAPI_mask_ecto.tif,1,806,747,1.0,0,747,806,0.0,0.0,0.0,
Embryo05,mosaic_Cellbound3_z3_DAPI_mask_ecto.tif,max_image_z3_DAPI_mask_ecto.tif,1,806,687,0.5,591,96,215,0.86,0.733,0.655,0.792
Embryo05,mosaic_Cellbound3_z3_DAPI_mask_ecto.tif,max_image_z3_DAPI_mask_ecto.tif,1,806,687,0.55,578,109,228,0.841,0.717,0.632,0.774
Embryo05,mosaic_Cellbound3_z3_DAPI_mask_ecto.tif,max_image_z3_DAPI_mask_ecto.tif,1,806,687,0.6,557,130,249,0.811,0.691,0.595,0.746
Embryo05,mosaic_Cellbound3_z3_DAPI_mask_ecto.tif,max_image_z3_DAPI_mask_ecto.tif,1,806,687,0.65,524,163,282,0.763,0.65,0.541,0.702
Embryo05,mosaic_Cellbound3_z3_DAPI_mask_ecto.tif,max_image_z3_DAPI_mask_ecto.tif,1,806,687,0.7,484,203,322,0.705,0.6,0.48,0.648
Embryo05,mosaic_Cellbound3_z3_DAPI_mask_ecto.tif,max_image_z3_DAPI_mask_ecto.tif,1,806,687,0.75,442,245,364,0.643,0.548,0.421,0.592
Embryo05,mosaic_Cellbound3_z3_DAPI_mask_ecto.tif,max_image_z3_DAPI_mask_ecto.tif,1,806,687,0.8,386,301,420,0.562,0.479,0.349,0.517
Embryo05,mosaic_Cellbound3_z3_DAPI_mask_ecto.tif,max_image_z3_DAPI_mask_ecto.tif,1,806,687,0.85,299,388,507,0.435,0.371,0.25,0.401
Embryo05,mosaic_Cellbound3_z3_DAPI_mask_ecto.tif,max_image_z3_DAPI_mask_ecto.tif,1,806,687,0.9,184,503,622,0.268,0.228,0.141,0.246
Embryo05,mosaic_Cellbound3_z3_DAPI_mask_ecto.tif,max_image_z3_DAPI_mask_ecto.tif,1,806,687,0.95,43,644,763,0.063,0.053,0.03,0.058
Embryo05,mosaic_Cellbound3_z3_DAPI_mask_ecto.tif,max_image_z3_DAPI_mask_ecto.tif,1,806,687,1.0,0,687,806,0.0,0.0,0.0,
Embryo05,mosaic_Cellbound3_z3_DAPI_mask_ecto.tif,mosaic_Cellbound1_z3_DAPI_mask_ecto.tif,1,806,569,0.5,423,146,383,0.743,0.525,0.444,0.615
Embryo05,mosaic_Cellbound3_z3_DAPI_mask_ecto.tif,mosaic_Cellbound1_z3_DAPI_mask_ecto.tif,1,806,569,0.55,391,178,415,0.687,0.485,0.397,0.569
Embryo05,mosaic_Cellbound3_z3_DAPI_mask_ecto.tif,mosaic_Cellbound1_z3_DAPI_mask_ecto.tif,1,806,569,0.6,351,218,455,0.617,0.435,0.343,0.511
Embryo05,mosaic_Cellbound3_z3_DAPI_mask_ecto.tif,mosaic_Cellbound1_z3_DAPI_mask_ecto.tif,1,806,569,0.65,296,273,510,0.52,0.367,0.274,0.431
Embryo05,mosaic_Cellbound3_z3_DAPI_mask_ecto.tif,mosaic_Cellbound1_z3_DAPI_mask_ecto.tif,1,806,569,0.7,235,334,571,0.413,0.292,0.206,0.342
Embryo05,mosaic_Cellbound3_z3_DAPI_mask_ecto.tif,mosaic_Cellbound1_z3_DAPI_mask_ecto.tif,1,806,569,0.75,188,381,618,0.33,0.233,0.158,0.273
Embryo05,mosaic_Cellbound3_z3_DAPI_mask_ecto.tif,mosaic_Cellbound1_z3_DAPI_mask_ecto.tif,1,806,569,0.8,111,458,695,0.195,0.138,0.088,0.161
Embryo05,mosaic_Cellbound3_z3_DAPI_mask_ecto.tif,mosaic_Cellbound1_z3_DAPI_mask_ecto.tif,1,806,569,0.85,51,518,755,0.09,0.063,0.039,0.074
Embryo05,mosaic_Cellbound3_z3_DAPI_mask_ecto.tif,mosaic_Cellbound1_z3_DAPI_mask_ecto.tif,1,806,569,0.9,9,560,797,0.016,0.011,0.007,0.013
Embryo05,mosaic_Cellbound3_z3_DAPI_mask_ecto.tif,mosaic_Cellbound1_z3_DAPI_mask_ecto.tif,1,806,569,0.95,2,567,804,0.004,0.002,0.001,0.003
Embryo05,mosaic_Cellbound3_z3_DAPI_mask_ecto.tif,mosaic_Cellbound1_z3_DAPI_mask_ecto.tif,1,806,569,1.0,0,569,806,0.0,0.0,0.0,
Embryo05,mosaic_Cellbound3_z3_DAPI_mask_ecto.tif,mosaic_Cellbound2_z3_DAPI_mask_ecto.tif,1,806,578,0.5,314,264,492,0.543,0.39,0.293,0.454
Embryo05,mosaic_Cellbound3_z3_DAPI_mask_ecto.tif,mosaic_Cellbound2_z3_DAPI_mask_ecto.tif,1,806,578,0.55,265,313,541,0.458,0.329,0.237,0.383
Embryo05,mosaic_Cellbound3_z3_DAPI_mask_ecto.tif,mosaic_Cellbound2_z3_DAPI_mask_ecto.tif,1,806,578,0.6,206,372,600,0.356,0.256,0.175,0.298
Embryo05,mosaic_Cellbound3_z3_DAPI_mask_ecto.tif,mosaic_Cellbound2_z3_DAPI_mask_ecto.tif,1,806,578,0.65,156,422,650,0.27,0.194,0.127,0.225
Embryo05,mosaic_Cellbound3_z3_DAPI_mask_ecto.tif,mosaic_Cellbound2_z3_DAPI_mask_ecto.tif,1,806,578,0.7,110,468,696,0.19,0.136,0.086,0.159
Embryo05,mosaic_Cellbound3_z3_DAPI_mask_ecto.tif,mosaic_Cellbound2_z3_DAPI_mask_ecto.tif,1,806,578,0.75,73,505,733,0.126,0.091,0.056,0.105
Embryo05,mosaic_Cellbound3_z3_DAPI_mask_ecto.tif,mosaic_Cellbound2_z3_DAPI_mask_ecto.tif,1,806,578,0.8,26,552,780,0.045,0.032,0.019,0.038
Embryo05,mosaic_Cellbound3_z3_DAPI_mask_ecto.tif,mosaic_Cellbound2_z3_DAPI_mask_ecto.tif,1,806,578,0.85,5,573,801,0.009,0.006,0.004,0.007
Embryo05,mosaic_Cellbound3_z3_DAPI_mask_ecto.tif,mosaic_Cellbound2_z3_DAPI_mask_ecto.tif,1,806,578,0.9,1,577,805,0.002,0.001,0.0007231,0.001
Embryo05,mosaic_Cellbound3_z3_DAPI_mask_ecto.tif,mosaic_Cellbound2_z3_DAPI_mask_ecto.tif,1,806,578,0.95,0,578,806,0.0,0.0,0.0,
Embryo05,mosaic_Cellbound3_z3_DAPI_mask_ecto.tif,mosaic_Cellbound2_z3_DAPI_mask_ecto.tif,1,806,578,1.0,0,578,806,0.0,0.0,0.0,
Embryo05,mosaic_Cellbound3_z3_DAPI_mask_ecto.tif,mosaic_PolyT_z3_DAPI_mask_ecto.tif,1,806,560,0.5,426,134,380,0.761,0.529,0.453,0.624
Embryo05,mosaic_Cellbound3_z3_DAPI_mask_ecto.tif,mosaic_PolyT_z3_DAPI_mask_ecto.tif,1,806,560,0.55,396,164,410,0.707,0.491,0.408,0.58
Embryo05,mosaic_Cellbound3_z3_DAPI_mask_ecto.tif,mosaic_PolyT_z3_DAPI_mask_ecto.tif,1,806,560,0.6,363,197,443,0.648,0.45,0.362,0.531
Embryo05,mosaic_Cellbound3_z3_DAPI_mask_ecto.tif,mosaic_PolyT_z3_DAPI_mask_ecto.tif,1,806,560,0.65,329,231,477,0.588,0.408,0.317,0.482
Embryo05,mosaic_Cellbound3_z3_DAPI_mask_ecto.tif,mosaic_PolyT_z3_DAPI_mask_ecto.tif,1,806,560,0.7,290,270,516,0.518,0.36,0.27,0.425
Embryo05,mosaic_Cellbound3_z3_DAPI_mask_ecto.tif,mosaic_PolyT_z3_DAPI_mask_ecto.tif,1,806,560,0.75,229,331,577,0.409,0.284,0.201,0.335
Embryo05,mosaic_Cellbound3_z3_DAPI_mask_ecto.tif,mosaic_PolyT_z3_DAPI_mask_ecto.tif,1,806,560,0.8,158,402,648,0.282,0.196,0.131,0.231
Embryo05,mosaic_Cellbound3_z3_DAPI_mask_ecto.tif,mosaic_PolyT_z3_DAPI_mask_ecto.tif,1,806,560,0.85,72,488,734,0.129,0.089,0.056,0.105
Embryo05,mosaic_Cellbound3_z3_DAPI_mask_ecto.tif,mosaic_PolyT_z3_DAPI_mask_ecto.tif,1,806,560,0.9,27,533,779,0.048,0.033,0.02,0.04
Embryo05,mosaic_Cellbound3_z3_DAPI_mask_ecto.tif,mosaic_PolyT_z3_DAPI_mask_ecto.tif,1,806,560,0.95,0,560,806,0.0,0.0,0.0,
Embryo05,mosaic_Cellbound3_z3_DAPI_mask_ecto.tif,mosaic_PolyT_z3_DAPI_mask_ecto.tif,1,806,560,1.0,0,560,806,0.0,0.0,0.0,
Embryo06,mosaic_Cellbound3_z3_DAPI_mask_ecto.tif,added_image_z3_DAPI_mask_ecto.tif,1,378,368,0.5,325,43,53,0.883,0.86,0.772,0.871
Embryo06,mosaic_Cellbound3_z3_DAPI_mask_ecto.tif,added_image_z3_DAPI_mask_ecto.tif,1,378,368,0.55,324,44,54,0.88,0.857,0.768,0.869
Embryo06,mosaic_Cellbound3_z3_DAPI_mask_ecto.tif,added_image_z3_DAPI_mask_ecto.tif,1,378,368,0.6,318,50,60,0.864,0.841,0.743,0.853
Embryo06,mosaic_Cellbound3_z3_DAPI_mask_ecto.tif,added_image_z3_DAPI_mask_ecto.tif,1,378,368,0.65,311,57,67,0.845,0.823,0.715,0.834
Embryo06,mosaic_Cellbound3_z3_DAPI_mask_ecto.tif,added_image_z3_DAPI_mask_ecto.tif,1,378,368,0.7,303,65,75,0.823,0.802,0.684,0.812
Embryo06,mosaic_Cellbound3_z3_DAPI_mask_ecto.tif,added_image_z3_DAPI_mask_ecto.tif,1,378,368,0.75,287,81,91,0.78,0.759,0.625,0.769
Embryo06,mosaic_Cellbound3_z3_DAPI_mask_ecto.tif,added_image_z3_DAPI_mask_ecto.tif,1,378,368,0.8,259,109,119,0.704,0.685,0.532,0.694
Embryo06,mosaic_Cellbound3_z3_DAPI_mask_ecto.tif,added_image_z3_DAPI_mask_ecto.tif,1,378,368,0.85,208,160,170,0.565,0.55,0.387,0.558
Embryo06,mosaic_Cellbound3_z3_DAPI_mask_ecto.tif,added_image_z3_DAPI_mask_ecto.tif,1,378,368,0.9,128,240,250,0.348,0.339,0.207,0.343
Embryo06,mosaic_Cellbound3_z3_DAPI_mask_ecto.tif,added_image_z3_DAPI_mask_ecto.tif,1,378,368,0.95,25,343,353,0.068,0.066,0.035,0.067
Embryo06,mosaic_Cellbound3_z3_DAPI_mask_ecto.tif,added_image_z3_DAPI_mask_ecto.tif,1,378,368,1.0,0,368,378,0.0,0.0,0.0,
Embryo06,mosaic_Cellbound3_z3_DAPI_mask_ecto.tif,average_image_z3_DAPI_mask_ecto.tif,1,378,372,0.5,320,52,58,0.86,0.847,0.744,0.853
Embryo06,mosaic_Cellbound3_z3_DAPI_mask_ecto.tif,average_image_z3_DAPI_mask_ecto.tif,1,378,372,0.55,319,53,59,0.858,0.844,0.74,0.851
Embryo06,mosaic_Cellbound3_z3_DAPI_mask_ecto.tif,average_image_z3_DAPI_mask_ecto.tif,1,378,372,0.6,313,59,65,0.841,0.828,0.716,0.835
Embryo06,mosaic_Cellbound3_z3_DAPI_mask_ecto.tif,average_image_z3_DAPI_mask_ecto.tif,1,378,372,0.65,306,66,72,0.823,0.81,0.689,0.816
Embryo06,mosaic_Cellbound3_z3_DAPI_mask_ecto.tif,average_image_z3_DAPI_mask_ecto.tif,1,378,372,0.7,298,74,80,0.801,0.788,0.659,0.795
Embryo06,mosaic_Cellbound3_z3_DAPI_mask_ecto.tif,average_image_z3_DAPI_mask_ecto.tif,1,378,372,0.75,286,86,92,0.769,0.757,0.616,0.763
Embryo06,mosaic_Cellbound3_z3_DAPI_mask_ecto.tif,average_image_z3_DAPI_mask_ecto.tif,1,378,372,0.8,255,117,123,0.685,0.675,0.515,0.68
Embryo06,mosaic_Cellbound3_z3_DAPI_mask_ecto.tif,average_image_z3_DAPI_mask_ecto.tif,1,378,372,0.85,207,165,171,0.556,0.548,0.381,0.552
Embryo06,mosaic_Cellbound3_z3_DAPI_mask_ecto.tif,average_image_z3_DAPI_mask_ecto.tif,1,378,372,0.9,127,245,251,0.341,0.336,0.204,0.339
Embryo06,mosaic_Cellbound3_z3_DAPI_mask_ecto.tif,average_image_z3_DAPI_mask_ecto.tif,1,378,372,0.95,27,345,351,0.073,0.071,0.037,0.072
Embryo06,mosaic_Cellbound3_z3_DAPI_mask_ecto.tif,average_image_z3_DAPI_mask_ecto.tif,1,378,372,1.0,0,372,378,0.0,0.0,0.0,
Embryo06,mosaic_Cellbound3_z3_DAPI_mask_ecto.tif,max_image_z3_DAPI_mask_ecto.tif,1,378,345,0.5,282,63,96,0.817,0.746,0.639,0.78
Embryo06,mosaic_Cellbound3_z3_DAPI_mask_ecto.tif,max_image_z3_DAPI_mask_ecto.tif,1,378,345,0.55,273,72,105,0.791,0.722,0.607,0.755
Embryo06,mosaic_Cellbound3_z3_DAPI_mask_ecto.tif,max_image_z3_DAPI_mask_ecto.tif,1,378,345,0.6,264,81,114,0.765,0.698,0.575,0.73
Embryo06,mosaic_Cellbound3_z3_DAPI_mask_ecto.tif,max_image_z3_DAPI_mask_ecto.tif,1,378,345,0.65,247,98,131,0.716,0.653,0.519,0.683
Embryo06,mosaic_Cellbound3_z3_DAPI_mask_ecto.tif,max_image_z3_DAPI_mask_ecto.tif,1,378,345,0.7,231,114,147,0.67,0.611,0.47,0.639
Embryo06,mosaic_Cellbound3_z3_DAPI_mask_ecto.tif,max_image_z3_DAPI_mask_ecto.tif,1,378,345,0.75,207,138,171,0.6,0.548,0.401,0.573
Embryo06,mosaic_Cellbound3_z3_DAPI_mask_ecto.tif,max_image_z3_DAPI_mask_ecto.tif,1,378,345,0.8,165,180,213,0.478,0.437,0.296,0.456
Embryo06,mosaic_Cellbound3_z3_DAPI_mask_ecto.tif,max_image_z3_DAPI_mask_ecto.tif,1,378,345,0.85,104,241,274,0.301,0.275,0.168,0.288
Embryo06,mosaic_Cellbound3_z3_DAPI_mask_ecto.tif,max_image_z3_DAPI_mask_ecto.tif,1,378,345,0.9,24,321,354,0.07,0.063,0.034,0.066
Embryo06,mosaic_Cellbound3_z3_DAPI_mask_ecto.tif,max_image_z3_DAPI_mask_ecto.tif,1,378,345,0.95,3,342,375,0.009,0.008,0.004,0.008
Embryo06,mosaic_Cellbound3_z3_DAPI_mask_ecto.tif,max_image_z3_DAPI_mask_ecto.tif,1,378,345,1.0,0,345,378,0.0,0.0,0.0,
Embryo06,mosaic_Cellbound3_z3_DAPI_mask_ecto.tif,mosaic_Cellbound1_z3_DAPI_mask_ecto.tif,1,378,343,0.5,281,62,97,0.819,0.743,0.639,0.779
Embryo06,mosaic_Cellbound3_z3_DAPI_mask_ecto.tif,mosaic_Cellbound1_z3_DAPI_mask_ecto.tif,1,378,343,0.55,271,72,107,0.79,0.717,0.602,0.752
Embryo06,mosaic_Cellbound3_z3_DAPI_mask_ecto.tif,mosaic_Cellbound1_z3_DAPI_mask_ecto.tif,1,378,343,0.6,259,84,119,0.755,0.685,0.561,0.718
Embryo06,mosaic_Cellbound3_z3_DAPI_mask_ecto.tif,mosaic_Cellbound1_z3_DAPI_mask_ecto.tif,1,378,343,0.65,238,105,140,0.694,0.63,0.493,0.66
Embryo06,mosaic_Cellbound3_z3_DAPI_mask_ecto.tif,mosaic_Cellbound1_z3_DAPI_mask_ecto.tif,1,378,343,0.7,219,124,159,0.638,0.579,0.436,0.607
Embryo06,mosaic_Cellbound3_z3_DAPI_mask_ecto.tif,mosaic_Cellbound1_z3_DAPI_mask_ecto.tif,1,378,343,0.75,193,150,185,0.563,0.511,0.366,0.535
Embryo06,mosaic_Cellbound3_z3_DAPI_mask_ecto.tif,mosaic_Cellbound1_z3_DAPI_mask_ecto.tif,1,378,343,0.8,151,192,227,0.44,0.399,0.265,0.419
Embryo06,mosaic_Cellbound3_z3_DAPI_mask_ecto.tif,mosaic_Cellbound1_z3_DAPI_mask_ecto.tif,1,378,343,0.85,86,257,292,0.251,0.228,0.135,0.239
Embryo06,mosaic_Cellbound3_z3_DAPI_mask_ecto.tif,mosaic_Cellbound1_z3_DAPI_mask_ecto.tif,1,378,343,0.9,19,324,359,0.055,0.05,0.027,0.053
Embryo06,mosaic_Cellbound3_z3_DAPI_mask_ecto.tif,mosaic_Cellbound1_z3_DAPI_mask_ecto.tif,1,378,343,0.95,2,341,376,0.006,0.005,0.003,0.006
Embryo06,mosaic_Cellbound3_z3_DAPI_mask_ecto.tif,mosaic_Cellbound1_z3_DAPI_mask_ecto.tif,1,378,343,1.0,0,343,378,0.0,0.0,0.0,
Embryo06,mosaic_Cellbound3_z3_DAPI_mask_ecto.tif,mosaic_Cellbound2_z3_DAPI_mask_ecto.tif,1,378,354,0.5,235,119,143,0.664,0.622,0.473,0.642
Embryo06,mosaic_Cellbound3_z3_DAPI_mask_ecto.tif,mosaic_Cellbound2_z3_DAPI_mask_ecto.tif,1,378,354,0.55,206,148,172,0.582,0.545,0.392,0.563
Embryo06,mosaic_Cellbound3_z3_DAPI_mask_ecto.tif,mosaic_Cellbound2_z3_DAPI_mask_ecto.tif,1,378,354,0.6,182,172,196,0.514,0.481,0.331,0.497
Embryo06,mosaic_Cellbound3_z3_DAPI_mask_ecto.tif,mosaic_Cellbound2_z3_DAPI_mask_ecto.tif,1,378,354,0.65,159,195,219,0.449,0.421,0.277,0.434
Embryo06,mosaic_Cellbound3_z3_DAPI_mask_ecto.tif,mosaic_Cellbound2_z3_DAPI_mask_ecto.tif,1,378,354,0.7,121,233,257,0.342,0.32,0.198,0.331
Embryo06,mosaic_Cellbound3_z3_DAPI_mask_ecto.tif,mosaic_Cellbound2_z3_DAPI_mask_ecto.tif,1,378,354,0.75,82,272,296,0.232,0.217,0.126,0.224
Embryo06,mosaic_Cellbound3_z3_DAPI_mask_ecto.tif,mosaic_Cellbound2_z3_DAPI_mask_ecto.tif,1,378,354,0.8,50,304,328,0.141,0.132,0.073,0.137
Embryo06,mosaic_Cellbound3_z3_DAPI_mask_ecto.tif,mosaic_Cellbound2_z3_DAPI_mask_ecto.tif,1,378,354,0.85,18,336,360,0.051,0.048,0.025,0.049
Embryo06,mosaic_Cellbound3_z3_DAPI_mask_ecto.tif,mosaic_Cellbound2_z3_DAPI_mask_ecto.tif,1,378,354,0.9,2,352,376,0.006,0.005,0.003,0.005
Embryo06,mosaic_Cellbound3_z3_DAPI_mask_ecto.tif,mosaic_Cellbound2_z3_DAPI_mask_ecto.tif,1,378,354,0.95,0,354,378,0.0,0.0,0.0,
Embryo06,mosaic_Cellbound3_z3_DAPI_mask_ecto.tif,mosaic_Cellbound2_z3_DAPI_mask_ecto.tif,1,378,354,1.0,0,354,378,0.0,0.0,0.0,
Embryo06,mosaic_Cellbound3_z3_DAPI_mask_ecto.tif,mosaic_PolyT_z3_DAPI_mask_ecto.tif,1,378,324,0.5,224,100,154,0.691,0.593,0.469,0.638
Embryo06,mosaic_Cellbound3_z3_DAPI_mask_ecto.tif,mosaic_PolyT_z3_DAPI_mask_ecto.tif,1,378,324,0.55,206,118,172,0.636,0.545,0.415,0.587
Embryo06,mosaic_Cellbound3_z3_DAPI_mask_ecto.tif,mosaic_PolyT_z3_DAPI_mask_ecto.tif,1,378,324,0.6,195,129,183,0.602,0.516,0.385,0.556
Embryo06,mosaic_Cellbound3_z3_DAPI_mask_ecto.tif,mosaic_PolyT_z3_DAPI_mask_ecto.tif,1,378,324,0.65,176,148,202,0.543,0.466,0.335,0.501
Embryo06,mosaic_Cellbound3_z3_DAPI_mask_ecto.tif,mosaic_PolyT_z3_DAPI_mask_ecto.tif,1,378,324,0.7,152,172,226,0.469,0.402,0.276,0.433
Embryo06,mosaic_Cellbound3_z3_DAPI_mask_ecto.tif,mosaic_PolyT_z3_DAPI_mask_ecto.tif,1,378,324,0.75,114,210,264,0.352,0.302,0.194,0.325
Embryo06,mosaic_Cellbound3_z3_DAPI_mask_ecto.tif,mosaic_PolyT_z3_DAPI_mask_ecto.tif,1,378,324,0.8,72,252,306,0.222,0.19,0.114,0.205
Embryo06,mosaic_Cellbound3_z3_DAPI_mask_ecto.tif,mosaic_PolyT_z3_DAPI_mask_ecto.tif,1,378,324,0.85,36,288,342,0.111,0.095,0.054,0.103
Embryo06,mosaic_Cellbound3_z3_DAPI_mask_ecto.tif,mosaic_PolyT_z3_DAPI_mask_ecto.tif,1,378,324,0.9,8,316,370,0.025,0.021,0.012,0.023
Embryo06,mosaic_Cellbound3_z3_DAPI_mask_ecto.tif,mosaic_PolyT_z3_DAPI_mask_ecto.tif,1,378,324,0.95,0,324,378,0.0,0.0,0.0,
Embryo06,mosaic_Cellbound3_z3_DAPI_mask_ecto.tif,mosaic_PolyT_z3_DAPI_mask_ecto.tif,1,378,324,1.0,0,324,378,0.0,0.0,0.0,
Embryo07,mosaic_Cellbound3_z3_DAPI_mask_ecto.tif,added_image_z3_DAPI_mask_ecto.tif,1,204,207,0.5,175,32,29,0.845,0.858,0.742,0.852
Embryo07,mosaic_Cellbound3_z3_DAPI_mask_ecto.tif,added_image_z3_DAPI_mask_ecto.tif,1,204,207,0.55,174,33,30,0.841,0.853,0.734,0.847
Embryo07,mosaic_Cellbound3_z3_DAPI_mask_ecto.tif,added_image_z3_DAPI_mask_ecto.tif,1,204,207,0.6,166,41,38,0.802,0.814,0.678,0.808
Embryo07,mosaic_Cellbound3_z3_DAPI_mask_ecto.tif,added_image_z3_DAPI_mask_ecto.tif,1,204,207,0.65,160,47,44,0.773,0.784,0.637,0.779
Embryo07,mosaic_Cellbound3_z3_DAPI_mask_ecto.tif,added_image_z3_DAPI_mask_ecto.tif,1,204,207,0.7,154,53,50,0.744,0.755,0.599,0.749
Embryo07,mosaic_Cellbound3_z3_DAPI_mask_ecto.tif,added_image_z3_DAPI_mask_ecto.tif,1,204,207,0.75,142,65,62,0.686,0.696,0.528,0.691
Embryo07,mosaic_Cellbound3_z3_DAPI_mask_ecto.tif,added_image_z3_DAPI_mask_ecto.tif,1,204,207,0.8,134,73,70,0.647,0.657,0.484,0.652
Embryo07,mosaic_Cellbound3_z3_DAPI_mask_ecto.tif,added_image_z3_DAPI_mask_ecto.tif,1,204,207,0.85,108,99,96,0.522,0.529,0.356,0.526
Embryo07,mosaic_Cellbound3_z3_DAPI_mask_ecto.tif,added_image_z3_DAPI_mask_ecto.tif,1,204,207,0.9,63,144,141,0.304,0.309,0.181,0.307
Embryo07,mosaic_Cellbound3_z3_DAPI_mask_ecto.tif,added_image_z3_DAPI_mask_ecto.tif,1,204,207,0.95,13,194,191,0.063,0.064,0.033,0.063
Embryo07,mosaic_Cellbound3_z3_DAPI_mask_ecto.tif,added_image_z3_DAPI_mask_ecto.tif,1,204,207,1.0,0,207,204,0.0,0.0,0.0,
Embryo07,mosaic_Cellbound3_z3_DAPI_mask_ecto.tif,average_image_z3_DAPI_mask_ecto.tif,1,204,204,0.5,173,31,31,0.848,0.848,0.736,0.848
Embryo07,mosaic_Cellbound3_z3_DAPI_mask_ecto.tif,average_image_z3_DAPI_mask_ecto.tif,1,204,204,0.55,172,32,32,0.843,0.843,0.729,0.843
Embryo07,mosaic_Cellbound3_z3_DAPI_mask_ecto.tif,average_image_z3_DAPI_mask_ecto.tif,1,204,204,0.6,164,40,40,0.804,0.804,0.672,0.804
Embryo07,mosaic_Cellbound3_z3_DAPI_mask_ecto.tif,average_image_z3_DAPI_mask_ecto.tif,1,204,204,0.65,158,46,46,0.775,0.775,0.632,0.775
Embryo07,mosaic_Cellbound3_z3_DAPI_mask_ecto.tif,average_image_z3_DAPI_mask_ecto.tif,1,204,204,0.7,152,52,52,0.745,0.745,0.594,0.745
Embryo07,mosaic_Cellbound3_z3_DAPI_mask_ecto.tif,average_image_z3_DAPI_mask_ecto.tif,1,204,204,0.75,143,61,61,0.701,0.701,0.54,0.701
Embryo07,mosaic_Cellbound3_z3_DAPI_mask_ecto.tif,average_image_z3_DAPI_mask_ecto.tif,1,204,204,0.8,135,69,69,0.662,0.662,0.495,0.662
Embryo07,mosaic_Cellbound3_z3_DAPI_mask_ecto.tif,average_image_z3_DAPI_mask_ecto.tif,1,204,204,0.85,112,92,92,0.549,0.549,0.378,0.549
Embryo07,mosaic_Cellbound3_z3_DAPI_mask_ecto.tif,average_image_z3_DAPI_mask_ecto.tif,1,204,204,0.9,63,141,141,0.309,0.309,0.183,0.309
Embryo07,mosaic_Cellbound3_z3_DAPI_mask_ecto.tif,average_image_z3_DAPI_mask_ecto.tif,1,204,204,0.95,12,192,192,0.059,0.059,0.03,0.059
Embryo07,mosaic_Cellbound3_z3_DAPI_mask_ecto.tif,average_image_z3_DAPI_mask_ecto.tif,1,204,204,1.0,0,204,204,0.0,0.0,0.0,
Embryo07,mosaic_Cellbound3_z3_DAPI_mask_ecto.tif,max_image_z3_DAPI_mask_ecto.tif,1,204,192,0.5,142,50,62,0.74,0.696,0.559,0.717
Embryo07,mosaic_Cellbound3_z3_DAPI_mask_ecto.tif,max_image_z3_DAPI_mask_ecto.tif,1,204,192,0.55,134,58,70,0.698,0.657,0.511,0.677
Embryo07,mosaic_Cellbound3_z3_DAPI_mask_ecto.tif,max_image_z3_DAPI_mask_ecto.tif,1,204,192,0.6,129,63,75,0.672,0.632,0.483,0.652
Embryo07,mosaic_Cellbound3_z3_DAPI_mask_ecto.tif,max_image_z3_DAPI_mask_ecto.tif,1,204,192,0.65,119,73,85,0.62,0.583,0.43,0.601
Embryo07,mosaic_Cellbound3_z3_DAPI_mask_ecto.tif,max_image_z3_DAPI_mask_ecto.tif,1,204,192,0.7,103,89,101,0.536,0.505,0.352,0.52
Embryo07,mosaic_Cellbound3_z3_DAPI_mask_ecto.tif,max_image_z3_DAPI_mask_ecto.tif,1,204,192,0.75,91,101,113,0.474,0.446,0.298,0.46
Embryo07,mosaic_Cellbound3_z3_DAPI_mask_ecto.tif,max_image_z3_DAPI_mask_ecto.tif,1,204,192,0.8,67,125,137,0.349,0.328,0.204,0.338
Embryo07,mosaic_Cellbound3_z3_DAPI_mask_ecto.tif,max_image_z3_DAPI_mask_ecto.tif,1,204,192,0.85,32,160,172,0.167,0.157,0.088,0.162
Embryo07,mosaic_Cellbound3_z3_DAPI_mask_ecto.tif,max_image_z3_DAPI_mask_ecto.tif,1,204,192,0.9,11,181,193,0.057,0.054,0.029,0.056
Embryo07,mosaic_Cellbound3_z3_DAPI_mask_ecto.tif,max_image_z3_DAPI_mask_ecto.tif,1,204,192,0.95,0,192,204,0.0,0.0,0.0,
Embryo07,mosaic_Cellbound3_z3_DAPI_mask_ecto.tif,max_image_z3_DAPI_mask_ecto.tif,1,204,192,1.0,0,192,204,0.0,0.0,0.0,
Embryo07,mosaic_Cellbound3_z3_DAPI_mask_ecto.tif,mosaic_Cellbound1_z3_DAPI_mask_ecto.tif,1,204,192,0.5,130,62,74,0.677,0.637,0.489,0.657
Embryo07,mosaic_Cellbound3_z3_DAPI_mask_ecto.tif,mosaic_Cellbound1_z3_DAPI_mask_ecto.tif,1,204,192,0.55,119,73,85,0.62,0.583,0.43,0.601
Embryo07,mosaic_Cellbound3_z3_DAPI_mask_ecto.tif,mosaic_Cellbound1_z3_DAPI_mask_ecto.tif,1,204,192,0.6,112,80,92,0.583,0.549,0.394,0.566
Embryo07,mosaic_Cellbound3_z3_DAPI_mask_ecto.tif,mosaic_Cellbound1_z3_DAPI_mask_ecto.tif,1,204,192,0.65,96,96,108,0.5,0.471,0.32,0.485
Embryo07,mosaic_Cellbound3_z3_DAPI_mask_ecto.tif,mosaic_Cellbound1_z3_DAPI_mask_ecto.tif,1,204,192,0.7,79,113,125,0.411,0.387,0.249,0.399
Embryo07,mosaic_Cellbound3_z3_DAPI_mask_ecto.tif,mosaic_Cellbound1_z3_DAPI_mask_ecto.tif,1,204,192,0.75,59,133,145,0.307,0.289,0.175,0.298
Embryo07,mosaic_Cellbound3_z3_DAPI_mask_ecto.tif,mosaic_Cellbound1_z3_DAPI_mask_ecto.tif,1,204,192,0.8,34,158,170,0.177,0.167,0.094,0.172
Embryo07,mosaic_Cellbound3_z3_DAPI_mask_ecto.tif,mosaic_Cellbound1_z3_DAPI_mask_ecto.tif,1,204,192,0.85,15,177,189,0.078,0.074,0.039,0.076
Embryo07,mosaic_Cellbound3_z3_DAPI_mask_ecto.tif,mosaic_Cellbound1_z3_DAPI_mask_ecto.tif,1,204,192,0.9,4,188,200,0.021,0.02,0.01,0.02
Embryo07,mosaic_Cellbound3_z3_DAPI_mask_ecto.tif,mosaic_Cellbound1_z3_DAPI_mask_ecto.tif,1,204,192,0.95,0,192,204,0.0,0.0,0.0,
Embryo07,mosaic_Cellbound3_z3_DAPI_mask_ecto.tif,mosaic_Cellbound1_z3_DAPI_mask_ecto.tif,1,204,192,1.0,0,192,204,0.0,0.0,0.0,
Embryo07,mosaic_Cellbound3_z3_DAPI_mask_ecto.tif,mosaic_Cellbound2_z3_DAPI_mask_ecto.tif,1,204,182,0.5,110,72,94,0.604,0.539,0.399,0.57
Embryo07,mosaic_Cellbound3_z3_DAPI_mask_ecto.tif,mosaic_Cellbound2_z3_DAPI_mask_ecto.tif,1,204,182,0.55,101,81,103,0.555,0.495,0.354,0.523
Embryo07,mosaic_Cellbound3_z3_DAPI_mask_ecto.tif,mosaic_Cellbound2_z3_DAPI_mask_ecto.tif,1,204,182,0.6,84,98,120,0.462,0.412,0.278,0.435
Embryo07,mosaic_Cellbound3_z3_DAPI_mask_ecto.tif,mosaic_Cellbound2_z3_DAPI_mask_ecto.tif,1,204,182,0.65,59,123,145,0.324,0.289,0.18,0.306
Embryo07,mosaic_Cellbound3_z3_DAPI_mask_ecto.tif,mosaic_Cellbound2_z3_DAPI_mask_ecto.tif,1,204,182,0.7,42,140,162,0.231,0.206,0.122,0.218
Embryo07,mosaic_Cellbound3_z3_DAPI_mask_ecto.tif,mosaic_Cellbound2_z3_DAPI_mask_ecto.tif,1,204,182,0.75,28,154,176,0.154,0.137,0.078,0.145
Embryo07,mosaic_Cellbound3_z3_DAPI_mask_ecto.tif,mosaic_Cellbound2_z3_DAPI_mask_ecto.tif,1,204,182,0.8,15,167,189,0.082,0.074,0.04,0.078
Embryo07,mosaic_Cellbound3_z3_DAPI_mask_ecto.tif,mosaic_Cellbound2_z3_DAPI_mask_ecto.tif,1,204,182,0.85,4,178,200,0.022,0.02,0.01,0.021
Embryo07,mosaic_Cellbound3_z3_DAPI_mask_ecto.tif,mosaic_Cellbound2_z3_DAPI_mask_ecto.tif,1,204,182,0.9,0,182,204,0.0,0.0,0.0,
Embryo07,mosaic_Cellbound3_z3_DAPI_mask_ecto.tif,mosaic_Cellbound2_z3_DAPI_mask_ecto.tif,1,204,182,0.95,0,182,204,0.0,0.0,0.0,
Embryo07,mosaic_Cellbound3_z3_DAPI_mask_ecto.tif,mosaic_Cellbound2_z3_DAPI_mask_ecto.tif,1,204,182,1.0,0,182,204,0.0,0.0,0.0,
Embryo07,mosaic_Cellbound3_z3_DAPI_mask_ecto.tif,mosaic_PolyT_z3_DAPI_mask_ecto.tif,1,204,184,0.5,135,49,69,0.734,0.662,0.534,0.696
Embryo07,mosaic_Cellbound3_z3_DAPI_mask_ecto.tif,mosaic_PolyT_z3_DAPI_mask_ecto.tif,1,204,184,0.55,129,55,75,0.701,0.632,0.498,0.665
Embryo07,mosaic_Cellbound3_z3_DAPI_mask_ecto.tif,mosaic_PolyT_z3_DAPI_mask_ecto.tif,1,204,184,0.6,119,65,85,0.647,0.583,0.442,0.613
Embryo07,mosaic_Cellbound3_z3_DAPI_mask_ecto.tif,mosaic_PolyT_z3_DAPI_mask_ecto.tif,1,204,184,0.65,105,79,99,0.571,0.515,0.371,0.541
Embryo07,mosaic_Cellbound3_z3_DAPI_mask_ecto.tif,mosaic_PolyT_z3_DAPI_mask_ecto.tif,1,204,184,0.7,95,89,109,0.516,0.466,0.324,0.49
Embryo07,mosaic_Cellbound3_z3_DAPI_mask_ecto.tif,mosaic_PolyT_z3_DAPI_mask_ecto.tif,1,204,184,0.75,74,110,130,0.402,0.363,0.236,0.381
Embryo07,mosaic_Cellbound3_z3_DAPI_mask_ecto.tif,mosaic_PolyT_z3_DAPI_mask_ecto.tif,1,204,184,0.8,46,138,158,0.25,0.225,0.135,0.237
Embryo07,mosaic_Cellbound3_z3_DAPI_mask_ecto.tif,mosaic_PolyT_z3_DAPI_mask_ecto.tif,1,204,184,0.85,21,163,183,0.114,0.103,0.057,0.108
Embryo07,mosaic_Cellbound3_z3_DAPI_mask_ecto.tif,mosaic_PolyT_z3_DAPI_mask_ecto.tif,1,204,184,0.9,5,179,199,0.027,0.025,0.013,0.026
Embryo07,mosaic_Cellbound3_z3_DAPI_mask_ecto.tif,mosaic_PolyT_z3_DAPI_mask_ecto.tif,1,204,184,0.95,0,184,204,0.0,0.0,0.0,
Embryo07,mosaic_Cellbound3_z3_DAPI_mask_ecto.tif,mosaic_PolyT_z3_DAPI_mask_ecto.tif,1,204,184,1.0,0,184,204,0.0,0.0,0.0,
Embryo08,mosaic_Cellbound3_z3_DAPI_mask_ecto.tif,added_image_z3_DAPI_mask_ecto.tif,1,49,51,0.5,42,9,7,0.824,0.857,0.724,0.84
Embryo08,mosaic_Cellbound3_z3_DAPI_mask_ecto.tif,added_image_z3_DAPI_mask_ecto.tif,1,49,51,0.55,41,10,8,0.804,0.837,0.695,0.82
Embryo08,mosaic_Cellbound3_z3_DAPI_mask_ecto.tif,added_image_z3_DAPI_mask_ecto.tif,1,49,51,0.6,41,10,8,0.804,0.837,0.695,0.82
Embryo08,mosaic_Cellbound3_z3_DAPI_mask_ecto.tif,added_image_z3_DAPI_mask_ecto.tif,1,49,51,0.65,38,13,11,0.745,0.776,0.613,0.76
Embryo08,mosaic_Cellbound3_z3_DAPI_mask_ecto.tif,added_image_z3_DAPI_mask_ecto.tif,1,49,51,0.7,34,17,15,0.667,0.694,0.515,0.68
Embryo08,mosaic_Cellbound3_z3_DAPI_mask_ecto.tif,added_image_z3_DAPI_mask_ecto.tif,1,49,51,0.75,33,18,16,0.647,0.673,0.493,0.66
Embryo08,mosaic_Cellbound3_z3_DAPI_mask_ecto.tif,added_image_z3_DAPI_mask_ecto.tif,1,49,51,0.8,31,20,18,0.608,0.633,0.449,0.62
Embryo08,mosaic_Cellbound3_z3_DAPI_mask_ecto.tif,added_image_z3_DAPI_mask_ecto.tif,1,49,51,0.85,25,26,24,0.49,0.51,0.333,0.5
Embryo08,mosaic_Cellbound3_z3_DAPI_mask_ecto.tif,added_image_z3_DAPI_mask_ecto.tif,1,49,51,0.9,18,33,31,0.353,0.367,0.22,0.36
Embryo08,mosaic_Cellbound3_z3_DAPI_mask_ecto.tif,added_image_z3_DAPI_mask_ecto.tif,1,49,51,0.95,2,49,47,0.039,0.041,0.02,0.04
Embryo08,mosaic_Cellbound3_z3_DAPI_mask_ecto.tif,added_image_z3_DAPI_mask_ecto.tif,1,49,51,1.0,0,51,49,0.0,0.0,0.0,
Embryo08,mosaic_Cellbound3_z3_DAPI_mask_ecto.tif,average_image_z3_DAPI_mask_ecto.tif,1,49,51,0.5,42,9,7,0.824,0.857,0.724,0.84
Embryo08,mosaic_Cellbound3_z3_DAPI_mask_ecto.tif,average_image_z3_DAPI_mask_ecto.tif,1,49,51,0.55,41,10,8,0.804,0.837,0.695,0.82
Embryo08,mosaic_Cellbound3_z3_DAPI_mask_ecto.tif,average_image_z3_DAPI_mask_ecto.tif,1,49,51,0.6,41,10,8,0.804,0.837,0.695,0.82
Embryo08,mosaic_Cellbound3_z3_DAPI_mask_ecto.tif,average_image_z3_DAPI_mask_ecto.tif,1,49,51,0.65,38,13,11,0.745,0.776,0.613,0.76
Embryo08,mosaic_Cellbound3_z3_DAPI_mask_ecto.tif,average_image_z3_DAPI_mask_ecto.tif,1,49,51,0.7,35,16,14,0.686,0.714,0.538,0.7
Embryo08,mosaic_Cellbound3_z3_DAPI_mask_ecto.tif,average_image_z3_DAPI_mask_ecto.tif,1,49,51,0.75,33,18,16,0.647,0.673,0.493,0.66
Embryo08,mosaic_Cellbound3_z3_DAPI_mask_ecto.tif,average_image_z3_DAPI_mask_ecto.tif,1,49,51,0.8,31,20,18,0.608,0.633,0.449,0.62
Embryo08,mosaic_Cellbound3_z3_DAPI_mask_ecto.tif,average_image_z3_DAPI_mask_ecto.tif,1,49,51,0.85,24,27,25,0.471,0.49,0.316,0.48
Embryo08,mosaic_Cellbound3_z3_DAPI_mask_ecto.tif,average_image_z3_DAPI_mask_ecto.tif,1,49,51,0.9,17,34,32,0.333,0.347,0.205,0.34
Embryo08,mosaic_Cellbound3_z3_DAPI_mask_ecto.tif,average_image_z3_DAPI_mask_ecto.tif,1,49,51,0.95,2,49,47,0.039,0.041,0.02,0.04
Embryo08,mosaic_Cellbound3_z3_DAPI_mask_ecto.tif,average_image_z3_DAPI_mask_ecto.tif,1,49,51,1.0,0,51,49,0.0,0.0,0.0,
Embryo08,mosaic_Cellbound3_z3_DAPI_mask_ecto.tif,max_image_z3_DAPI_mask_ecto.tif,1,49,45,0.5,38,7,11,0.844,0.776,0.679,0.809
Embryo08,mosaic_Cellbound3_z3_DAPI_mask_ecto.tif,max_image_z3_DAPI_mask_ecto.tif,1,49,45,0.55,37,8,12,0.822,0.755,0.649,0.787
Embryo08,mosaic_Cellbound3_z3_DAPI_mask_ecto.tif,max_image_z3_DAPI_mask_ecto.tif,1,49,45,0.6,35,10,14,0.778,0.714,0.593,0.745
Embryo08,mosaic_Cellbound3_z3_DAPI_mask_ecto.tif,max_image_z3_DAPI_mask_ecto.tif,1,49,45,0.65,30,15,19,0.667,0.612,0.469,0.638
Embryo08,mosaic_Cellbound3_z3_DAPI_mask_ecto.tif,max_image_z3_DAPI_mask_ecto.tif,1,49,45,0.7,26,19,23,0.578,0.531,0.382,0.553
Embryo08,mosaic_Cellbound3_z3_DAPI_mask_ecto.tif,max_image_z3_DAPI_mask_ecto.tif,1,49,45,0.75,23,22,26,0.511,0.469,0.324,0.489
Embryo08,mosaic_Cellbound3_z3_DAPI_mask_ecto.tif,max_image_z3_DAPI_mask_ecto.tif,1,49,45,0.8,19,26,30,0.422,0.388,0.253,0.404
Embryo08,mosaic_Cellbound3_z3_DAPI_mask_ecto.tif,max_image_z3_DAPI_mask_ecto.tif,1,49,45,0.85,14,31,35,0.311,0.286,0.175,0.298
Embryo08,mosaic_Cellbound3_z3_DAPI_mask_ecto.tif,max_image_z3_DAPI_mask_ecto.tif,1,49,45,0.9,6,39,43,0.133,0.122,0.068,0.128
Embryo08,mosaic_Cellbound3_z3_DAPI_mask_ecto.tif,max_image_z3_DAPI_mask_ecto.tif,1,49,45,0.95,1,44,48,0.022,0.02,0.011,0.021
Embryo08,mosaic_Cellbound3_z3_DAPI_mask_ecto.tif,max_image_z3_DAPI_mask_ecto.tif,1,49,45,1.0,0,45,49,0.0,0.0,0.0,
Embryo08,mosaic_Cellbound3_z3_DAPI_mask_ecto.tif,mosaic_Cellbound1_z3_DAPI_mask_ecto.tif,1,49,48,0.5,38,10,11,0.792,0.776,0.644,0.784
Embryo08,mosaic_Cellbound3_z3_DAPI_mask_ecto.tif,mosaic_Cellbound1_z3_DAPI_mask_ecto.tif,1,49,48,0.55,37,11,12,0.771,0.755,0.617,0.763
Embryo08,mosaic_Cellbound3_z3_DAPI_mask_ecto.tif,mosaic_Cellbound1_z3_DAPI_mask_ecto.tif,1,49,48,0.6,35,13,14,0.729,0.714,0.565,0.722
Embryo08,mosaic_Cellbound3_z3_DAPI_mask_ecto.tif,mosaic_Cellbound1_z3_DAPI_mask_ecto.tif,1,49,48,0.65,32,16,17,0.667,0.653,0.492,0.66
Embryo08,mosaic_Cellbound3_z3_DAPI_mask_ecto.tif,mosaic_Cellbound1_z3_DAPI_mask_ecto.tif,1,49,48,0.7,27,21,22,0.562,0.551,0.386,0.557
Embryo08,mosaic_Cellbound3_z3_DAPI_mask_ecto.tif,mosaic_Cellbound1_z3_DAPI_mask_ecto.tif,1,49,48,0.75,26,22,23,0.542,0.531,0.366,0.536
Embryo08,mosaic_Cellbound3_z3_DAPI_mask_ecto.tif,mosaic_Cellbound1_z3_DAPI_mask_ecto.tif,1,49,48,0.8,20,28,29,0.417,0.408,0.26,0.412
Embryo08,mosaic_Cellbound3_z3_DAPI_mask_ecto.tif,mosaic_Cellbound1_z3_DAPI_mask_ecto.tif,1,49,48,0.85,17,31,32,0.354,0.347,0.212,0.351
Embryo08,mosaic_Cellbound3_z3_DAPI_mask_ecto.tif,mosaic_Cellbound1_z3_DAPI_mask_ecto.tif,1,49,48,0.9,9,39,40,0.188,0.184,0.102,0.186
Embryo08,mosaic_Cellbound3_z3_DAPI_mask_ecto.tif,mosaic_Cellbound1_z3_DAPI_mask_ecto.tif,1,49,48,0.95,1,47,48,0.021,0.02,0.01,0.021
Embryo08,mosaic_Cellbound3_z3_DAPI_mask_ecto.tif,mosaic_Cellbound1_z3_DAPI_mask_ecto.tif,1,49,48,1.0,0,48,49,0.0,0.0,0.0,
Embryo08,mosaic_Cellbound3_z3_DAPI_mask_ecto.tif,mosaic_Cellbound2_z3_DAPI_mask_ecto.tif,1,49,41,0.5,25,16,24,0.61,0.51,0.385,0.556
Embryo08,mosaic_Cellbound3_z3_DAPI_mask_ecto.tif,mosaic_Cellbound2_z3_DAPI_mask_ecto.tif,1,49,41,0.55,22,19,27,0.537,0.449,0.324,0.489
Embryo08,mosaic_Cellbound3_z3_DAPI_mask_ecto.tif,mosaic_Cellbound2_z3_DAPI_mask_ecto.tif,1,49,41,0.6,16,25,33,0.39,0.327,0.216,0.356
Embryo08,mosaic_Cellbound3_z3_DAPI_mask_ecto.tif,mosaic_Cellbound2_z3_DAPI_mask_ecto.tif,1,49,41,0.65,11,30,38,0.268,0.224,0.139,0.244
Embryo08,mosaic_Cellbound3_z3_DAPI_mask_ecto.tif,mosaic_Cellbound2_z3_DAPI_mask_ecto.tif,1,49,41,0.7,10,31,39,0.244,0.204,0.125,0.222
Embryo08,mosaic_Cellbound3_z3_DAPI_mask_ecto.tif,mosaic_Cellbound2_z3_DAPI_mask_ecto.tif,1,49,41,0.75,9,32,40,0.22,0.184,0.111,0.2
Embryo08,mosaic_Cellbound3_z3_DAPI_mask_ecto.tif,mosaic_Cellbound2_z3_DAPI_mask_ecto.tif,1,49,41,0.8,6,35,43,0.146,0.122,0.071,0.133
Embryo08,mosaic_Cellbound3_z3_DAPI_mask_ecto.tif,mosaic_Cellbound2_z3_DAPI_mask_ecto.tif,1,49,41,0.85,3,38,46,0.073,0.061,0.034,0.067
Embryo08,mosaic_Cellbound3_z3_DAPI_mask_ecto.tif,mosaic_Cellbound2_z3_DAPI_mask_ecto.tif,1,49,41,0.9,0,41,49,0.0,0.0,0.0,
Embryo08,mosaic_Cellbound3_z3_DAPI_mask_ecto.tif,mosaic_Cellbound2_z3_DAPI_mask_ecto.tif,1,49,41,0.95,0,41,49,0.0,0.0,0.0,
Embryo08,mosaic_Cellbound3_z3_DAPI_mask_ecto.tif,mosaic_Cellbound2_z3_DAPI_mask_ecto.tif,1,49,41,1.0,0,41,49,0.0,0.0,0.0,
Embryo08,mosaic_Cellbound3_z3_DAPI_mask_ecto.tif,mosaic_PolyT_z3_DAPI_mask_ecto.tif,1,49,45,0.5,35,10,14,0.778,0.714,0.593,0.745
Embryo08,mosaic_Cellbound3_z3_DAPI_mask_ecto.tif,mosaic_PolyT_z3_DAPI_mask_ecto.tif,1,49,45,0.55,35,10,14,0.778,0.714,0.593,0.745
Embryo08,mosaic_Cellbound3_z3_DAPI_mask_ecto.tif,mosaic_PolyT_z3_DAPI_mask_ecto.tif,1,49,45,0.6,34,11,15,0.756,0.694,0.567,0.723
Embryo08,mosaic_Cellbound3_z3_DAPI_mask_ecto.tif,mosaic_PolyT_z3_DAPI_mask_ecto.tif,1,49,45,0.65,28,17,21,0.622,0.571,0.424,0.596
Embryo08,mosaic_Cellbound3_z3_DAPI_mask_ecto.tif,mosaic_PolyT_z3_DAPI_mask_ecto.tif,1,49,45,0.7,22,23,27,0.489,0.449,0.306,0.468
Embryo08,mosaic_Cellbound3_z3_DAPI_mask_ecto.tif,mosaic_PolyT_z3_DAPI_mask_ecto.tif,1,49,45,0.75,22,23,27,0.489,0.449,0.306,0.468
Embryo08,mosaic_Cellbound3_z3_DAPI_mask_ecto.tif,mosaic_PolyT_z3_DAPI_mask_ecto.tif,1,49,45,0.8,17,28,32,0.378,0.347,0.221,0.362
Embryo08,mosaic_Cellbound3_z3_DAPI_mask_ecto.tif,mosaic_PolyT_z3_DAPI_mask_ecto.tif,1,49,45,0.85,13,32,36,0.289,0.265,0.16,0.277
Embryo08,mosaic_Cellbound3_z3_DAPI_mask_ecto.tif,mosaic_PolyT_z3_DAPI_mask_ecto.tif,1,49,45,0.9,2,43,47,0.044,0.041,0.022,0.043
Embryo08,mosaic_Cellbound3_z3_DAPI_mask_ecto.tif,mosaic_PolyT_z3_DAPI_mask_ecto.tif,1,49,45,0.95,0,45,49,0.0,0.0,0.0,
Embryo08,mosaic_Cellbound3_z3_DAPI_mask_ecto.tif,mosaic_PolyT_z3_DAPI_mask_ecto.tif,1,49,45,1.0,0,45,49,0.0,0.0,0.0,
Embryo09,mosaic_Cellbound3_z3_DAPI_mask_ecto.tif,added_image_z3_DAPI_mask_ecto.tif,1,377,363,0.5,307,56,70,0.846,0.814,0.709,0.83
Embryo09,mosaic_Cellbound3_z3_DAPI_mask_ecto.tif,added_image_z3_DAPI_mask_ecto.tif,1,377,363,0.55,304,59,73,0.837,0.806,0.697,0.822
Embryo09,mosaic_Cellbound3_z3_DAPI_mask_ecto.tif,added_image_z3_DAPI_mask_ecto.tif,1,377,363,0.6,296,67,81,0.815,0.785,0.667,0.8
Embryo09,mosaic_Cellbound3_z3_DAPI_mask_ecto.tif,added_image_z3_DAPI_mask_ecto.tif,1,377,363,0.65,286,77,91,0.788,0.759,0.63,0.773
Embryo09,mosaic_Cellbound3_z3_DAPI_mask_ecto.tif,added_image_z3_DAPI_mask_ecto.tif,1,377,363,0.7,274,89,103,0.755,0.727,0.588,0.741
Embryo09,mosaic_Cellbound3_z3_DAPI_mask_ecto.tif,added_image_z3_DAPI_mask_ecto.tif,1,377,363,0.75,252,111,125,0.694,0.668,0.516,0.681
Embryo09,mosaic_Cellbound3_z3_DAPI_mask_ecto.tif,added_image_z3_DAPI_mask_ecto.tif,1,377,363,0.8,228,135,149,0.628,0.605,0.445,0.616
Embryo09,mosaic_Cellbound3_z3_DAPI_mask_ecto.tif,added_image_z3_DAPI_mask_ecto.tif,1,377,363,0.85,186,177,191,0.512,0.493,0.336,0.503
Embryo09,mosaic_Cellbound3_z3_DAPI_mask_ecto.tif,added_image_z3_DAPI_mask_ecto.tif,1,377,363,0.9,111,252,266,0.306,0.294,0.176,0.3
Embryo09,mosaic_Cellbound3_z3_DAPI_mask_ecto.tif,added_image_z3_DAPI_mask_ecto.tif,1,377,363,0.95,11,352,366,0.03,0.029,0.015,0.03
Embryo09,mosaic_Cellbound3_z3_DAPI_mask_ecto.tif,added_image_z3_DAPI_mask_ecto.tif,1,377,363,1.0,0,363,377,0.0,0.0,0.0,
Embryo09,mosaic_Cellbound3_z3_DAPI_mask_ecto.tif,average_image_z3_DAPI_mask_ecto.tif,1,377,367,0.5,310,57,67,0.845,0.822,0.714,0.833
Embryo09,mosaic_Cellbound3_z3_DAPI_mask_ecto.tif,average_image_z3_DAPI_mask_ecto.tif,1,377,367,0.55,307,60,70,0.837,0.814,0.703,0.825
Embryo09,mosaic_Cellbound3_z3_DAPI_mask_ecto.tif,average_image_z3_DAPI_mask_ecto.tif,1,377,367,0.6,299,68,78,0.815,0.793,0.672,0.804
Embryo09,mosaic_Cellbound3_z3_DAPI_mask_ecto.tif,average_image_z3_DAPI_mask_ecto.tif,1,377,367,0.65,288,79,89,0.785,0.764,0.632,0.774
Embryo09,mosaic_Cellbound3_z3_DAPI_mask_ecto.tif,average_image_z3_DAPI_mask_ecto.tif,1,377,367,0.7,275,92,102,0.749,0.729,0.586,0.739
Embryo09,mosaic_Cellbound3_z3_DAPI_mask_ecto.tif,average_image_z3_DAPI_mask_ecto.tif,1,377,367,0.75,254,113,123,0.692,0.674,0.518,0.683
Embryo09,mosaic_Cellbound3_z3_DAPI_mask_ecto.tif,average_image_z3_DAPI_mask_ecto.tif,1,377,367,0.8,231,136,146,0.629,0.613,0.45,0.621
Embryo09,mosaic_Cellbound3_z3_DAPI_mask_ecto.tif,average_image_z3_DAPI_mask_ecto.tif,1,377,367,0.85,193,174,184,0.526,0.512,0.35,0.519
Embryo09,mosaic_Cellbound3_z3_DAPI_mask_ecto.tif,average_image_z3_DAPI_mask_ecto.tif,1,377,367,0.9,111,256,266,0.302,0.294,0.175,0.298
Embryo09,mosaic_Cellbound3_z3_DAPI_mask_ecto.tif,average_image_z3_DAPI_mask_ecto.tif,1,377,367,0.95,11,356,366,0.03,0.029,0.015,0.03
Embryo09,mosaic_Cellbound3_z3_DAPI_mask_ecto.tif,average_image_z3_DAPI_mask_ecto.tif,1,377,367,1.0,0,367,377,0.0,0.0,0.0,
Embryo09,mosaic_Cellbound3_z3_DAPI_mask_ecto.tif,max_image_z3_DAPI_mask_ecto.tif,1,377,332,0.5,259,73,118,0.78,0.687,0.576,0.731
Embryo09,mosaic_Cellbound3_z3_DAPI_mask_ecto.tif,max_image_z3_DAPI_mask_ecto.tif,1,377,332,0.55,253,79,124,0.762,0.671,0.555,0.714
Embryo09,mosaic_Cellbound3_z3_DAPI_mask_ecto.tif,max_image_z3_DAPI_mask_ecto.tif,1,377,332,0.6,238,94,139,0.717,0.631,0.505,0.671
Embryo09,mosaic_Cellbound3_z3_DAPI_mask_ecto.tif,max_image_z3_DAPI_mask_ecto.tif,1,377,332,0.65,215,117,162,0.648,0.57,0.435,0.606
Embryo09,mosaic_Cellbound3_z3_DAPI_mask_ecto.tif,max_image_z3_DAPI_mask_ecto.tif,1,377,332,0.7,190,142,187,0.572,0.504,0.366,0.536
Embryo09,mosaic_Cellbound3_z3_DAPI_mask_ecto.tif,max_image_z3_DAPI_mask_ecto.tif,1,377,332,0.75,158,174,219,0.476,0.419,0.287,0.446
Embryo09,mosaic_Cellbound3_z3_DAPI_mask_ecto.tif,max_image_z3_DAPI_mask_ecto.tif,1,377,332,0.8,112,220,265,0.337,0.297,0.188,0.316
Embryo09,mosaic_Cellbound3_z3_DAPI_mask_ecto.tif,max_image_z3_DAPI_mask_ecto.tif,1,377,332,0.85,75,257,302,0.226,0.199,0.118,0.212
Embryo09,mosaic_Cellbound3_z3_DAPI_mask_ecto.tif,max_image_z3_DAPI_mask_ecto.tif,1,377,332,0.9,20,312,357,0.06,0.053,0.029,0.056
Embryo09,mosaic_Cellbound3_z3_DAPI_mask_ecto.tif,max_image_z3_DAPI_mask_ecto.tif,1,377,332,0.95,0,332,377,0.0,0.0,0.0,
Embryo09,mosaic_Cellbound3_z3_DAPI_mask_ecto.tif,max_image_z3_DAPI_mask_ecto.tif,1,377,332,1.0,0,332,377,0.0,0.0,0.0,
Embryo09,mosaic_Cellbound3_z3_DAPI_mask_ecto.tif,mosaic_Cellbound1_z3_DAPI_mask_ecto.tif,1,377,328,0.5,257,71,120,0.784,0.682,0.574,0.729
Embryo09,mosaic_Cellbound3_z3_DAPI_mask_ecto.tif,mosaic_Cellbound1_z3_DAPI_mask_ecto.tif,1,377,328,0.55,253,75,124,0.771,0.671,0.56,0.718
Embryo09,mosaic_Cellbound3_z3_DAPI_mask_ecto.tif,mosaic_Cellbound1_z3_DAPI_mask_ecto.tif,1,377,328,0.6,237,91,140,0.723,0.629,0.506,0.672
Embryo09,mosaic_Cellbound3_z3_DAPI_mask_ecto.tif,mosaic_Cellbound1_z3_DAPI_mask_ecto.tif,1,377,328,0.65,212,116,165,0.646,0.562,0.43,0.601
Embryo09,mosaic_Cellbound3_z3_DAPI_mask_ecto.tif,mosaic_Cellbound1_z3_DAPI_mask_ecto.tif,1,377,328,0.7,184,144,193,0.561,0.488,0.353,0.522
Embryo09,mosaic_Cellbound3_z3_DAPI_mask_ecto.tif,mosaic_Cellbound1_z3_DAPI_mask_ecto.tif,1,377,328,0.75,154,174,223,0.47,0.408,0.279,0.437
Embryo09,mosaic_Cellbound3_z3_DAPI_mask_ecto.tif,mosaic_Cellbound1_z3_DAPI_mask_ecto.tif,1,377,328,0.8,110,218,267,0.335,0.292,0.185,0.312
Embryo09,mosaic_Cellbound3_z3_DAPI_mask_ecto.tif,mosaic_Cellbound1_z3_DAPI_mask_ecto.tif,1,377,328,0.85,69,259,308,0.21,0.183,0.108,0.196
Embryo09,mosaic_Cellbound3_z3_DAPI_mask_ecto.tif,mosaic_Cellbound1_z3_DAPI_mask_ecto.tif,1,377,328,0.9,16,312,361,0.049,0.042,0.023,0.045
Embryo09,mosaic_Cellbound3_z3_DAPI_mask_ecto.tif,mosaic_Cellbound1_z3_DAPI_mask_ecto.tif,1,377,328,0.95,0,328,377,0.0,0.0,0.0,
Embryo09,mosaic_Cellbound3_z3_DAPI_mask_ecto.tif,mosaic_Cellbound1_z3_DAPI_mask_ecto.tif,1,377,328,1.0,0,328,377,0.0,0.0,0.0,
Embryo09,mosaic_Cellbound3_z3_DAPI_mask_ecto.tif,mosaic_Cellbound2_z3_DAPI_mask_ecto.tif,1,377,335,0.5,168,167,209,0.501,0.446,0.309,0.472
Embryo09,mosaic_Cellbound3_z3_DAPI_mask_ecto.tif,mosaic_Cellbound2_z3_DAPI_mask_ecto.tif,1,377,335,0.55,141,194,236,0.421,0.374,0.247,0.396
Embryo09,mosaic_Cellbound3_z3_DAPI_mask_ecto.tif,mosaic_Cellbound2_z3_DAPI_mask_ecto.tif,1,377,335,0.6,118,217,259,0.352,0.313,0.199,0.331
Embryo09,mosaic_Cellbound3_z3_DAPI_mask_ecto.tif,mosaic_Cellbound2_z3_DAPI_mask_ecto.tif,1,377,335,0.65,87,248,290,0.26,0.231,0.139,0.244
Embryo09,mosaic_Cellbound3_z3_DAPI_mask_ecto.tif,mosaic_Cellbound2_z3_DAPI_mask_ecto.tif,1,377,335,0.7,62,273,315,0.185,0.164,0.095,0.174
Embryo09,mosaic_Cellbound3_z3_DAPI_mask_ecto.tif,mosaic_Cellbound2_z3_DAPI_mask_ecto.tif,1,377,335,0.75,36,299,341,0.107,0.095,0.053,0.101
Embryo09,mosaic_Cellbound3_z3_DAPI_mask_ecto.tif,mosaic_Cellbound2_z3_DAPI_mask_ecto.tif,1,377,335,0.8,18,317,359,0.054,0.048,0.026,0.051
Embryo09,mosaic_Cellbound3_z3_DAPI_mask_ecto.tif,mosaic_Cellbound2_z3_DAPI_mask_ecto.tif,1,377,335,0.85,7,328,370,0.021,0.019,0.01,0.02
Embryo09,mosaic_Cellbound3_z3_DAPI_mask_ecto.tif,mosaic_Cellbound2_z3_DAPI_mask_ecto.tif,1,377,335,0.9,1,334,376,0.003,0.003,0.001,0.003
Embryo09,mosaic_Cellbound3_z3_DAPI_mask_ecto.tif,mosaic_Cellbound2_z3_DAPI_mask_ecto.tif,1,377,335,0.95,0,335,377,0.0,0.0,0.0,
Embryo09,mosaic_Cellbound3_z3_DAPI_mask_ecto.tif,mosaic_Cellbound2_z3_DAPI_mask_ecto.tif,1,377,335,1.0,0,335,377,0.0,0.0,0.0,
Embryo09,mosaic_Cellbound3_z3_DAPI_mask_ecto.tif,mosaic_PolyT_z3_DAPI_mask_ecto.tif,1,377,339,0.5,233,106,144,0.687,0.618,0.482,0.651
Embryo09,mosaic_Cellbound3_z3_DAPI_mask_ecto.tif,mosaic_PolyT_z3_DAPI_mask_ecto.tif,1,377,339,0.55,217,122,160,0.64,0.576,0.435,0.606
Embryo09,mosaic_Cellbound3_z3_DAPI_mask_ecto.tif,mosaic_PolyT_z3_DAPI_mask_ecto.tif,1,377,339,0.6,189,150,188,0.558,0.501,0.359,0.528
Embryo09,mosaic_Cellbound3_z3_DAPI_mask_ecto.tif,mosaic_PolyT_z3_DAPI_mask_ecto.tif,1,377,339,0.65,177,162,200,0.522,0.469,0.328,0.494
Embryo09,mosaic_Cellbound3_z3_DAPI_mask_ecto.tif,mosaic_PolyT_z3_DAPI_mask_ecto.tif,1,377,339,0.7,158,181,219,0.466,0.419,0.283,0.441
Embryo09,mosaic_Cellbound3_z3_DAPI_mask_ecto.tif,mosaic_PolyT_z3_DAPI_mask_ecto.tif,1,377,339,0.75,123,216,254,0.363,0.326,0.207,0.344
Embryo09,mosaic_Cellbound3_z3_DAPI_mask_ecto.tif,mosaic_PolyT_z3_DAPI_mask_ecto.tif,1,377,339,0.8,84,255,293,0.248,0.223,0.133,0.235
Embryo09,mosaic_Cellbound3_z3_DAPI_mask_ecto.tif,mosaic_PolyT_z3_DAPI_mask_ecto.tif,1,377,339,0.85,40,299,337,0.118,0.106,0.059,0.112
Embryo09,mosaic_Cellbound3_z3_DAPI_mask_ecto.tif,mosaic_PolyT_z3_DAPI_mask_ecto.tif,1,377,339,0.9,3,336,374,0.009,0.008,0.004,0.008
Embryo09,mosaic_Cellbound3_z3_DAPI_mask_ecto.tif,mosaic_PolyT_z3_DAPI_mask_ecto.tif,1,377,339,0.95,1,338,376,0.003,0.003,0.001,0.003
Embryo09,mosaic_Cellbound3_z3_DAPI_mask_ecto.tif,mosaic_PolyT_z3_DAPI_mask_ecto.tif,1,377,339,1.0,0,339,377,0.0,0.0,0.0,
Embryo10,mosaic_Cellbound3_z3_DAPI_mask_ecto.tif,added_image_z3_DAPI_mask_ecto.tif,1,161,163,0.5,133,30,28,0.816,0.826,0.696,0.821
Embryo10,mosaic_Cellbound3_z3_DAPI_mask_ecto.tif,added_image_z3_DAPI_mask_ecto.tif,1,161,163,0.55,131,32,30,0.804,0.814,0.679,0.809
Embryo10,mosaic_Cellbound3_z3_DAPI_mask_ecto.tif,added_image_z3_DAPI_mask_ecto.tif,1,161,163,0.6,124,39,37,0.761,0.77,0.62,0.765
Embryo10,mosaic_Cellbound3_z3_DAPI_mask_ecto.tif,added_image_z3_DAPI_mask_ecto.tif,1,161,163,0.65,122,41,39,0.748,0.758,0.604,0.753
Embryo10,mosaic_Cellbound3_z3_DAPI_mask_ecto.tif,added_image_z3_DAPI_mask_ecto.tif,1,161,163,0.7,115,48,46,0.706,0.714,0.55,0.71
Embryo10,mosaic_Cellbound3_z3_DAPI_mask_ecto.tif,added_image_z3_DAPI_mask_ecto.tif,1,161,163,0.75,109,54,52,0.669,0.677,0.507,0.673
Embryo10,mosaic_Cellbound3_z3_DAPI_mask_ecto.tif,added_image_z3_DAPI_mask_ecto.tif,1,161,163,0.8,99,64,62,0.607,0.615,0.44,0.611
Embryo10,mosaic_Cellbound3_z3_DAPI_mask_ecto.tif,added_image_z3_DAPI_mask_ecto.tif,1,161,163,0.85,81,82,80,0.497,0.503,0.333,0.5
Embryo10,mosaic_Cellbound3_z3_DAPI_mask_ecto.tif,added_image_z3_DAPI_mask_ecto.tif,1,161,163,0.9,51,112,110,0.313,0.317,0.187,0.315
Embryo10,mosaic_Cellbound3_z3_DAPI_mask_ecto.tif,added_image_z3_DAPI_mask_ecto.tif,1,161,163,0.95,8,155,153,0.049,0.05,0.025,0.049
Embryo10,mosaic_Cellbound3_z3_DAPI_mask_ecto.tif,added_image_z3_DAPI_mask_ecto.tif,1,161,163,1.0,0,163,161,0.0,0.0,0.0,
Embryo10,mosaic_Cellbound3_z3_DAPI_mask_ecto.tif,average_image_z3_DAPI_mask_ecto.tif,1,161,164,0.5,133,31,28,0.811,0.826,0.693,0.818
Embryo10,mosaic_Cellbound3_z3_DAPI_mask_ecto.tif,average_image_z3_DAPI_mask_ecto.tif,1,161,164,0.55,131,33,30,0.799,0.814,0.675,0.806
Embryo10,mosaic_Cellbound3_z3_DAPI_mask_ecto.tif,average_image_z3_DAPI_mask_ecto.tif,1,161,164,0.6,126,38,35,0.768,0.783,0.633,0.775
Embryo10,mosaic_Cellbound3_z3_DAPI_mask_ecto.tif,average_image_z3_DAPI_mask_ecto.tif,1,161,164,0.65,123,41,38,0.75,0.764,0.609,0.757
Embryo10,mosaic_Cellbound3_z3_DAPI_mask_ecto.tif,average_image_z3_DAPI_mask_ecto.tif,1,161,164,0.7,117,47,44,0.713,0.727,0.562,0.72
Embryo10,mosaic_Cellbound3_z3_DAPI_mask_ecto.tif,average_image_z3_DAPI_mask_ecto.tif,1,161,164,0.75,110,54,51,0.671,0.683,0.512,0.677
Embryo10,mosaic_Cellbound3_z3_DAPI_mask_ecto.tif,average_image_z3_DAPI_mask_ecto.tif,1,161,164,0.8,101,63,60,0.616,0.627,0.451,0.622
Embryo10,mosaic_Cellbound3_z3_DAPI_mask_ecto.tif,average_image_z3_DAPI_mask_ecto.tif,1,161,164,0.85,82,82,79,0.5,0.509,0.337,0.505
Embryo10,mosaic_Cellbound3_z3_DAPI_mask_ecto.tif,average_image_z3_DAPI_mask_ecto.tif,1,161,164,0.9,50,114,111,0.305,0.311,0.182,0.308
Embryo10,mosaic_Cellbound3_z3_DAPI_mask_ecto.tif,average_image_z3_DAPI_mask_ecto.tif,1,161,164,0.95,9,155,152,0.055,0.056,0.028,0.055
Embryo10,mosaic_Cellbound3_z3_DAPI_mask_ecto.tif,average_image_z3_DAPI_mask_ecto.tif,1,161,164,1.0,0,164,161,0.0,0.0,0.0,
Embryo10,mosaic_Cellbound3_z3_DAPI_mask_ecto.tif,max_image_z3_DAPI_mask_ecto.tif,1,161,159,0.5,124,35,37,0.78,0.77,0.633,0.775
Embryo10,mosaic_Cellbound3_z3_DAPI_mask_ecto.tif,max_image_z3_DAPI_mask_ecto.tif,1,161,159,0.55,118,41,43,0.742,0.733,0.584,0.738
Embryo10,mosaic_Cellbound3_z3_DAPI_mask_ecto.tif,max_image_z3_DAPI_mask_ecto.tif,1,161,159,0.6,112,47,49,0.704,0.696,0.538,0.7
Embryo10,mosaic_Cellbound3_z3_DAPI_mask_ecto.tif,max_image_z3_DAPI_mask_ecto.tif,1,161,159,0.65,107,52,54,0.673,0.665,0.502,0.669
Embryo10,mosaic_Cellbound3_z3_DAPI_mask_ecto.tif,max_image_z3_DAPI_mask_ecto.tif,1,161,159,0.7,96,63,65,0.604,0.596,0.429,0.6
Embryo10,mosaic_Cellbound3_z3_DAPI_mask_ecto.tif,max_image_z3_DAPI_mask_ecto.tif,1,161,159,0.75,79,80,82,0.497,0.491,0.328,0.494
Embryo10,mosaic_Cellbound3_z3_DAPI_mask_ecto.tif,max_image_z3_DAPI_mask_ecto.tif,1,161,159,0.8,62,97,99,0.39,0.385,0.24,0.388
Embryo10,mosaic_Cellbound3_z3_DAPI_mask_ecto.tif,max_image_z3_DAPI_mask_ecto.tif,1,161,159,0.85,40,119,121,0.252,0.248,0.143,0.25
Embryo10,mosaic_Cellbound3_z3_DAPI_mask_ecto.tif,max_image_z3_DAPI_mask_ecto.tif,1,161,159,0.9,10,149,151,0.063,0.062,0.032,0.062
Embryo10,mosaic_Cellbound3_z3_DAPI_mask_ecto.tif,max_image_z3_DAPI_mask_ecto.tif,1,161,159,0.95,1,158,160,0.006,0.006,0.003,0.006
Embryo10,mosaic_Cellbound3_z3_DAPI_mask_ecto.tif,max_image_z3_DAPI_mask_ecto.tif,1,161,159,1.0,0,159,161,0.0,0.0,0.0,
Embryo10,mosaic_Cellbound3_z3_DAPI_mask_ecto.tif,mosaic_Cellbound1_z3_DAPI_mask_ecto.tif,1,161,153,0.5,118,35,43,0.771,0.733,0.602,0.752
Embryo10,mosaic_Cellbound3_z3_DAPI_mask_ecto.tif,mosaic_Cellbound1_z3_DAPI_mask_ecto.tif,1,161,153,0.55,111,42,50,0.725,0.689,0.547,0.707
Embryo10,mosaic_Cellbound3_z3_DAPI_mask_ecto.tif,mosaic_Cellbound1_z3_DAPI_mask_ecto.tif,1,161,153,0.6,105,48,56,0.686,0.652,0.502,0.669
Embryo10,mosaic_Cellbound3_z3_DAPI_mask_ecto.tif,mosaic_Cellbound1_z3_DAPI_mask_ecto.tif,1,161,153,0.65,100,53,61,0.654,0.621,0.467,0.637
Embryo10,mosaic_Cellbound3_z3_DAPI_mask_ecto.tif,mosaic_Cellbound1_z3_DAPI_mask_ecto.tif,1,161,153,0.7,86,67,75,0.562,0.534,0.377,0.548
Embryo10,mosaic_Cellbound3_z3_DAPI_mask_ecto.tif,mosaic_Cellbound1_z3_DAPI_mask_ecto.tif,1,161,153,0.75,74,79,87,0.484,0.46,0.308,0.471
Embryo10,mosaic_Cellbound3_z3_DAPI_mask_ecto.tif,mosaic_Cellbound1_z3_DAPI_mask_ecto.tif,1,161,153,0.8,60,93,101,0.392,0.373,0.236,0.382
Embryo10,mosaic_Cellbound3_z3_DAPI_mask_ecto.tif,mosaic_Cellbound1_z3_DAPI_mask_ecto.tif,1,161,153,0.85,34,119,127,0.222,0.211,0.121,0.217
Embryo10,mosaic_Cellbound3_z3_DAPI_mask_ecto.tif,mosaic_Cellbound1_z3_DAPI_mask_ecto.tif,1,161,153,0.9,9,144,152,0.059,0.056,0.03,0.057
Embryo10,mosaic_Cellbound3_z3_DAPI_mask_ecto.tif,mosaic_Cellbound1_z3_DAPI_mask_ecto.tif,1,161,153,0.95,0,153,161,0.0,0.0,0.0,
Embryo10,mosaic_Cellbound3_z3_DAPI_mask_ecto.tif,mosaic_Cellbound1_z3_DAPI_mask_ecto.tif,1,161,153,1.0,0,153,161,0.0,0.0,0.0,
Embryo10,mosaic_Cellbound3_z3_DAPI_mask_ecto.tif,mosaic_Cellbound2_z3_DAPI_mask_ecto.tif,1,161,159,0.5,86,73,75,0.541,0.534,0.368,0.537
Embryo10,mosaic_Cellbound3_z3_DAPI_mask_ecto.tif,mosaic_Cellbound2_z3_DAPI_mask_ecto.tif,1,161,159,0.55,71,88,90,0.447,0.441,0.285,0.444
Embryo10,mosaic_Cellbound3_z3_DAPI_mask_ecto.tif,mosaic_Cellbound2_z3_DAPI_mask_ecto.tif,1,161,159,0.6,59,100,102,0.371,0.366,0.226,0.369
Embryo10,mosaic_Cellbound3_z3_DAPI_mask_ecto.tif,mosaic_Cellbound2_z3_DAPI_mask_ecto.tif,1,161,159,0.65,44,115,117,0.277,0.273,0.159,0.275
Embryo10,mosaic_Cellbound3_z3_DAPI_mask_ecto.tif,mosaic_Cellbound2_z3_DAPI_mask_ecto.tif,1,161,159,0.7,23,136,138,0.145,0.143,0.077,0.144
Embryo10,mosaic_Cellbound3_z3_DAPI_mask_ecto.tif,mosaic_Cellbound2_z3_DAPI_mask_ecto.tif,1,161,159,0.75,15,144,146,0.094,0.093,0.049,0.094
Embryo10,mosaic_Cellbound3_z3_DAPI_mask_ecto.tif,mosaic_Cellbound2_z3_DAPI_mask_ecto.tif,1,161,159,0.8,8,151,153,0.05,0.05,0.026,0.05
Embryo10,mosaic_Cellbound3_z3_DAPI_mask_ecto.tif,mosaic_Cellbound2_z3_DAPI_mask_ecto.tif,1,161,159,0.85,4,155,157,0.025,0.025,0.013,0.025
Embryo10,mosaic_Cellbound3_z3_DAPI_mask_ecto.tif,mosaic_Cellbound2_z3_DAPI_mask_ecto.tif,1,161,159,0.9,0,159,161,0.0,0.0,0.0,
Embryo10,mosaic_Cellbound3_z3_DAPI_mask_ecto.tif,mosaic_Cellbound2_z3_DAPI_mask_ecto.tif,1,161,159,0.95,0,159,161,0.0,0.0,0.0,
Embryo10,mosaic_Cellbound3_z3_DAPI_mask_ecto.tif,mosaic_Cellbound2_z3_DAPI_mask_ecto.tif,1,161,159,1.0,0,159,161,0.0,0.0,0.0,
Embryo10,mosaic_Cellbound3_z3_DAPI_mask_ecto.tif,mosaic_PolyT_z3_DAPI_mask_ecto.tif,1,161,140,0.5,99,41,62,0.707,0.615,0.49,0.658
Embryo10,mosaic_Cellbound3_z3_DAPI_mask_ecto.tif,mosaic_PolyT_z3_DAPI_mask_ecto.tif,1,161,140,0.55,90,50,71,0.643,0.559,0.427,0.598
Embryo10,mosaic_Cellbound3_z3_DAPI_mask_ecto.tif,mosaic_PolyT_z3_DAPI_mask_ecto.tif,1,161,140,0.6,84,56,77,0.6,0.522,0.387,0.558
Embryo10,mosaic_Cellbound3_z3_DAPI_mask_ecto.tif,mosaic_PolyT_z3_DAPI_mask_ecto.tif,1,161,140,0.65,71,69,90,0.507,0.441,0.309,0.472
Embryo10,mosaic_Cellbound3_z3_DAPI_mask_ecto.tif,mosaic_PolyT_z3_DAPI_mask_ecto.tif,1,161,140,0.7,60,80,101,0.429,0.373,0.249,0.399
Embryo10,mosaic_Cellbound3_z3_DAPI_mask_ecto.tif,mosaic_PolyT_z3_DAPI_mask_ecto.tif,1,161,140,0.75,54,86,107,0.386,0.335,0.219,0.359
Embryo10,mosaic_Cellbound3_z3_DAPI_mask_ecto.tif,mosaic_PolyT_z3_DAPI_mask_ecto.tif,1,161,140,0.8,36,104,125,0.257,0.224,0.136,0.239
Embryo10,mosaic_Cellbound3_z3_DAPI_mask_ecto.tif,mosaic_PolyT_z3_DAPI_mask_ecto.tif,1,161,140,0.85,15,125,146,0.107,0.093,0.052,0.1
Embryo10,mosaic_Cellbound3_z3_DAPI_mask_ecto.tif,mosaic_PolyT_z3_DAPI_mask_ecto.tif,1,161,140,0.9,5,135,156,0.036,0.031,0.017,0.033
Embryo10,mosaic_Cellbound3_z3_DAPI_mask_ecto.tif,mosaic_PolyT_z3_DAPI_mask_ecto.tif,1,161,140,0.95,0,140,161,0.0,0.0,0.0,
Embryo10,mosaic_Cellbound3_z3_DAPI_mask_ecto.tif,mosaic_PolyT_z3_DAPI_mask_ecto.tif,1,161,140,1.0,0,140,161,0.0,0.0,0.0,
Embryo11,mosaic_Cellbound3_z3_DAPI_mask_ecto.tif,added_image_z3_DAPI_mask_ecto.tif,1,80,75,0.5,63,12,17,0.84,0.787,0.685,0.813
Embryo11,mosaic_Cellbound3_z3_DAPI_mask_ecto.tif,added_image_z3_DAPI_mask_ecto.tif,1,80,75,0.55,62,13,18,0.827,0.775,0.667,0.8
Embryo11,mosaic_Cellbound3_z3_DAPI_mask_ecto.tif,added_image_z3_DAPI_mask_ecto.tif,1,80,75,0.6,60,15,20,0.8,0.75,0.632,0.774
Embryo11,mosaic_Cellbound3_z3_DAPI_mask_ecto.tif,added_image_z3_DAPI_mask_ecto.tif,1,80,75,0.65,57,18,23,0.76,0.713,0.582,0.735
Embryo11,mosaic_Cellbound3_z3_DAPI_mask_ecto.tif,added_image_z3_DAPI_mask_ecto.tif,1,80,75,0.7,56,19,24,0.747,0.7,0.566,0.723
Embryo11,mosaic_Cellbound3_z3_DAPI_mask_ecto.tif,added_image_z3_DAPI_mask_ecto.tif,1,80,75,0.75,52,23,28,0.693,0.65,0.505,0.671
Embryo11,mosaic_Cellbound3_z3_DAPI_mask_ecto.tif,added_image_z3_DAPI_mask_ecto.tif,1,80,75,0.8,49,26,31,0.653,0.613,0.462,0.632
Embryo11,mosaic_Cellbound3_z3_DAPI_mask_ecto.tif,added_image_z3_DAPI_mask_ecto.tif,1,80,75,0.85,41,34,39,0.547,0.512,0.36,0.529
Embryo11,mosaic_Cellbound3_z3_DAPI_mask_ecto.tif,added_image_z3_DAPI_mask_ecto.tif,1,80,75,0.9,32,43,48,0.427,0.4,0.26,0.413
Embryo11,mosaic_Cellbound3_z3_DAPI_mask_ecto.tif,added_image_z3_DAPI_mask_ecto.tif,1,80,75,0.95,3,72,77,0.04,0.037,0.02,0.039
Embryo11,mosaic_Cellbound3_z3_DAPI_mask_ecto.tif,added_image_z3_DAPI_mask_ecto.tif,1,80,75,1.0,0,75,80,0.0,0.0,0.0,
Embryo11,mosaic_Cellbound3_z3_DAPI_mask_ecto.tif,average_image_z3_DAPI_mask_ecto.tif,1,80,75,0.5,65,10,15,0.867,0.812,0.722,0.839
Embryo11,mosaic_Cellbound3_z3_DAPI_mask_ecto.tif,average_image_z3_DAPI_mask_ecto.tif,1,80,75,0.55,64,11,16,0.853,0.8,0.703,0.826
Embryo11,mosaic_Cellbound3_z3_DAPI_mask_ecto.tif,average_image_z3_DAPI_mask_ecto.tif,1,80,75,0.6,62,13,18,0.827,0.775,0.667,0.8
Embryo11,mosaic_Cellbound3_z3_DAPI_mask_ecto.tif,average_image_z3_DAPI_mask_ecto.tif,1,80,75,0.65,59,16,21,0.787,0.738,0.615,0.761
Embryo11,mosaic_Cellbound3_z3_DAPI_mask_ecto.tif,average_image_z3_DAPI_mask_ecto.tif,1,80,75,0.7,58,17,22,0.773,0.725,0.598,0.748
Embryo11,mosaic_Cellbound3_z3_DAPI_mask_ecto.tif,average_image_z3_DAPI_mask_ecto.tif,1,80,75,0.75,55,20,25,0.733,0.688,0.55,0.71
Embryo11,mosaic_Cellbound3_z3_DAPI_mask_ecto.tif,average_image_z3_DAPI_mask_ecto.tif,1,80,75,0.8,52,23,28,0.693,0.65,0.505,0.671
Embryo11,mosaic_Cellbound3_z3_DAPI_mask_ecto.tif,average_image_z3_DAPI_mask_ecto.tif,1,80,75,0.85,43,32,37,0.573,0.537,0.384,0.555
Embryo11,mosaic_Cellbound3_z3_DAPI_mask_ecto.tif,average_image_z3_DAPI_mask_ecto.tif,1,80,75,0.9,35,40,45,0.467,0.438,0.292,0.452
Embryo11,mosaic_Cellbound3_z3_DAPI_mask_ecto.tif,average_image_z3_DAPI_mask_ecto.tif,1,80,75,0.95,2,73,78,0.027,0.025,0.013,0.026
Embryo11,mosaic_Cellbound3_z3_DAPI_mask_ecto.tif,average_image_z3_DAPI_mask_ecto.tif,1,80,75,1.0,0,75,80,0.0,0.0,0.0,
Embryo11,mosaic_Cellbound3_z3_DAPI_mask_ecto.tif,max_image_z3_DAPI_mask_ecto.tif,1,80,64,0.5,52,12,28,0.812,0.65,0.565,0.722
Embryo11,mosaic_Cellbound3_z3_DAPI_mask_ecto.tif,max_image_z3_DAPI_mask_ecto.tif,1,80,64,0.55,51,13,29,0.797,0.637,0.548,0.708
Embryo11,mosaic_Cellbound3_z3_DAPI_mask_ecto.tif,max_image_z3_DAPI_mask_ecto.tif,1,80,64,0.6,46,18,34,0.719,0.575,0.469,0.639
Embryo11,mosaic_Cellbound3_z3_DAPI_mask_ecto.tif,max_image_z3_DAPI_mask_ecto.tif,1,80,64,0.65,40,24,40,0.625,0.5,0.385,0.556
Embryo11,mosaic_Cellbound3_z3_DAPI_mask_ecto.tif,max_image_z3_DAPI_mask_ecto.tif,1,80,64,0.7,37,27,43,0.578,0.463,0.346,0.514
Embryo11,mosaic_Cellbound3_z3_DAPI_mask_ecto.tif,max_image_z3_DAPI_mask_ecto.tif,1,80,64,0.75,33,31,47,0.516,0.412,0.297,0.458
Embryo11,mosaic_Cellbound3_z3_DAPI_mask_ecto.tif,max_image_z3_DAPI_mask_ecto.tif,1,80,64,0.8,24,40,56,0.375,0.3,0.2,0.333
Embryo11,mosaic_Cellbound3_z3_DAPI_mask_ecto.tif,max_image_z3_DAPI_mask_ecto.tif,1,80,64,0.85,13,51,67,0.203,0.163,0.099,0.181
Embryo11,mosaic_Cellbound3_z3_DAPI_mask_ecto.tif,max_image_z3_DAPI_mask_ecto.tif,1,80,64,0.9,9,55,71,0.141,0.113,0.067,0.125
Embryo11,mosaic_Cellbound3_z3_DAPI_mask_ecto.tif,max_image_z3_DAPI_mask_ecto.tif,1,80,64,0.95,0,64,80,0.0,0.0,0.0,
Embryo11,mosaic_Cellbound3_z3_DAPI_mask_ecto.tif,max_image_z3_DAPI_mask_ecto.tif,1,80,64,1.0,0,64,80,0.0,0.0,0.0,
Embryo11,mosaic_Cellbound3_z3_DAPI_mask_ecto.tif,mosaic_Cellbound1_z3_DAPI_mask_ecto.tif,1,80,55,0.5,46,9,34,0.836,0.575,0.517,0.681
Embryo11,mosaic_Cellbound3_z3_DAPI_mask_ecto.tif,mosaic_Cellbound1_z3_DAPI_mask_ecto.tif,1,80,55,0.55,45,10,35,0.818,0.562,0.5,0.667
Embryo11,mosaic_Cellbound3_z3_DAPI_mask_ecto.tif,mosaic_Cellbound1_z3_DAPI_mask_ecto.tif,1,80,55,0.6,39,16,41,0.709,0.487,0.406,0.578
Embryo11,mosaic_Cellbound3_z3_DAPI_mask_ecto.tif,mosaic_Cellbound1_z3_DAPI_mask_ecto.tif,1,80,55,0.65,34,21,46,0.618,0.425,0.337,0.504
Embryo11,mosaic_Cellbound3_z3_DAPI_mask_ecto.tif,mosaic_Cellbound1_z3_DAPI_mask_ecto.tif,1,80,55,0.7,30,25,50,0.545,0.375,0.286,0.444
Embryo11,mosaic_Cellbound3_z3_DAPI_mask_ecto.tif,mosaic_Cellbound1_z3_DAPI_mask_ecto.tif,1,80,55,0.75,28,27,52,0.509,0.35,0.262,0.415
Embryo11,mosaic_Cellbound3_z3_DAPI_mask_ecto.tif,mosaic_Cellbound1_z3_DAPI_mask_ecto.tif,1,80,55,0.8,23,32,57,0.418,0.287,0.205,0.341
Embryo11,mosaic_Cellbound3_z3_DAPI_mask_ecto.tif,mosaic_Cellbound1_z3_DAPI_mask_ecto.tif,1,80,55,0.85,9,46,71,0.164,0.113,0.071,0.133
Embryo11,mosaic_Cellbound3_z3_DAPI_mask_ecto.tif,mosaic_Cellbound1_z3_DAPI_mask_ecto.tif,1,80,55,0.9,6,49,74,0.109,0.075,0.047,0.089
Embryo11,mosaic_Cellbound3_z3_DAPI_mask_ecto.tif,mosaic_Cellbound1_z3_DAPI_mask_ecto.tif,1,80,55,0.95,0,55,80,0.0,0.0,0.0,
Embryo11,mosaic_Cellbound3_z3_DAPI_mask_ecto.tif,mosaic_Cellbound1_z3_DAPI_mask_ecto.tif,1,80,55,1.0,0,55,80,0.0,0.0,0.0,
Embryo11,mosaic_Cellbound3_z3_DAPI_mask_ecto.tif,mosaic_Cellbound2_z3_DAPI_mask_ecto.tif,1,80,76,0.5,28,48,52,0.368,0.35,0.219,0.359
Embryo11,mosaic_Cellbound3_z3_DAPI_mask_ecto.tif,mosaic_Cellbound2_z3_DAPI_mask_ecto.tif,1,80,76,0.55,28,48,52,0.368,0.35,0.219,0.359
Embryo11,mosaic_Cellbound3_z3_DAPI_mask_ecto.tif,mosaic_Cellbound2_z3_DAPI_mask_ecto.tif,1,80,76,0.6,19,57,61,0.25,0.237,0.139,0.244
Embryo11,mosaic_Cellbound3_z3_DAPI_mask_ecto.tif,mosaic_Cellbound2_z3_DAPI_mask_ecto.tif,1,80,76,0.65,14,62,66,0.184,0.175,0.099,0.179
Embryo11,mosaic_Cellbound3_z3_DAPI_mask_ecto.tif,mosaic_Cellbound2_z3_DAPI_mask_ecto.tif,1,80,76,0.7,6,70,74,0.079,0.075,0.04,0.077
Embryo11,mosaic_Cellbound3_z3_DAPI_mask_ecto.tif,mosaic_Cellbound2_z3_DAPI_mask_ecto.tif,1,80,76,0.75,4,72,76,0.053,0.05,0.026,0.051
Embryo11,mosaic_Cellbound3_z3_DAPI_mask_ecto.tif,mosaic_Cellbound2_z3_DAPI_mask_ecto.tif,1,80,76,0.8,0,76,80,0.0,0.0,0.0,
Embryo11,mosaic_Cellbound3_z3_DAPI_mask_ecto.tif,mosaic_Cellbound2_z3_DAPI_mask_ecto.tif,1,80,76,0.85,0,76,80,0.0,0.0,0.0,
Embryo11,mosaic_Cellbound3_z3_DAPI_mask_ecto.tif,mosaic_Cellbound2_z3_DAPI_mask_ecto.tif,1,80,76,0.9,0,76,80,0.0,0.0,0.0,
Embryo11,mosaic_Cellbound3_z3_DAPI_mask_ecto.tif,mosaic_Cellbound2_z3_DAPI_mask_ecto.tif,1,80,76,0.95,0,76,80,0.0,0.0,0.0,
Embryo11,mosaic_Cellbound3_z3_DAPI_mask_ecto.tif,mosaic_Cellbound2_z3_DAPI_mask_ecto.tif,1,80,76,1.0,0,76,80,0.0,0.0,0.0,
Embryo11,mosaic_Cellbound3_z3_DAPI_mask_ecto.tif,mosaic_PolyT_z3_DAPI_mask_ecto.tif,1,80,73,0.5,58,15,22,0.795,0.725,0.611,0.758
Embryo11,mosaic_Cellbound3_z3_DAPI_mask_ecto.tif,mosaic_PolyT_z3_DAPI_mask_ecto.tif,1,80,73,0.55,58,15,22,0.795,0.725,0.611,0.758
Embryo11,mosaic_Cellbound3_z3_DAPI_mask_ecto.tif,mosaic_PolyT_z3_DAPI_mask_ecto.tif,1,80,73,0.6,58,15,22,0.795,0.725,0.611,0.758
Embryo11,mosaic_Cellbound3_z3_DAPI_mask_ecto.tif,mosaic_PolyT_z3_DAPI_mask_ecto.tif,1,80,73,0.65,55,18,25,0.753,0.688,0.561,0.719
Embryo11,mosaic_Cellbound3_z3_DAPI_mask_ecto.tif,mosaic_PolyT_z3_DAPI_mask_ecto.tif,1,80,73,0.7,50,23,30,0.685,0.625,0.485,0.654
Embryo11,mosaic_Cellbound3_z3_DAPI_mask_ecto.tif,mosaic_PolyT_z3_DAPI_mask_ecto.tif,1,80,73,0.75,45,28,35,0.616,0.562,0.417,0.588
Embryo11,mosaic_Cellbound3_z3_DAPI_mask_ecto.tif,mosaic_PolyT_z3_DAPI_mask_ecto.tif,1,80,73,0.8,31,42,49,0.425,0.388,0.254,0.405
Embryo11,mosaic_Cellbound3_z3_DAPI_mask_ecto.tif,mosaic_PolyT_z3_DAPI_mask_ecto.tif,1,80,73,0.85,19,54,61,0.26,0.237,0.142,0.248
Embryo11,mosaic_Cellbound3_z3_DAPI_mask_ecto.tif,mosaic_PolyT_z3_DAPI_mask_ecto.tif,1,80,73,0.9,6,67,74,0.082,0.075,0.041,0.078
Embryo11,mosaic_Cellbound3_z3_DAPI_mask_ecto.tif,mosaic_PolyT_z3_DAPI_mask_ecto.tif,1,80,73,0.95,0,73,80,0.0,0.0,0.0,
Embryo11,mosaic_Cellbound3_z3_DAPI_mask_ecto.tif,mosaic_PolyT_z3_DAPI_mask_ecto.tif,1,80,73,1.0,0,73,80,0.0,0.0,0.0,
Embryo12,mosaic_Cellbound3_z3_DAPI_mask_ecto.tif,added_image_z3_DAPI_mask_ecto.tif,1,91,90,0.5,81,9,10,0.9,0.89,0.81,0.895
Embryo12,mosaic_Cellbound3_z3_DAPI_mask_ecto.tif,added_image_z3_DAPI_mask_ecto.tif,1,91,90,0.55,79,11,12,0.878,0.868,0.775,0.873
Embryo12,mosaic_Cellbound3_z3_DAPI_mask_ecto.tif,added_image_z3_DAPI_mask_ecto.tif,1,91,90,0.6,78,12,13,0.867,0.857,0.757,0.862
Embryo12,mosaic_Cellbound3_z3_DAPI_mask_ecto.tif,added_image_z3_DAPI_mask_ecto.tif,1,91,90,0.65,77,13,14,0.856,0.846,0.74,0.851
Embryo12,mosaic_Cellbound3_z3_DAPI_mask_ecto.tif,added_image_z3_DAPI_mask_ecto.tif,1,91,90,0.7,74,16,17,0.822,0.813,0.692,0.818
Embryo12,mosaic_Cellbound3_z3_DAPI_mask_ecto.tif,added_image_z3_DAPI_mask_ecto.tif,1,91,90,0.75,72,18,19,0.8,0.791,0.661,0.796
Embryo12,mosaic_Cellbound3_z3_DAPI_mask_ecto.tif,added_image_z3_DAPI_mask_ecto.tif,1,91,90,0.8,66,24,25,0.733,0.725,0.574,0.729
Embryo12,mosaic_Cellbound3_z3_DAPI_mask_ecto.tif,added_image_z3_DAPI_mask_ecto.tif,1,91,90,0.85,61,29,30,0.678,0.67,0.508,0.674
Embryo12,mosaic_Cellbound3_z3_DAPI_mask_ecto.tif,added_image_z3_DAPI_mask_ecto.tif,1,91,90,0.9,41,49,50,0.456,0.451,0.293,0.453
Embryo12,mosaic_Cellbound3_z3_DAPI_mask_ecto.tif,added_image_z3_DAPI_mask_ecto.tif,1,91,90,0.95,8,82,83,0.089,0.088,0.046,0.088
Embryo12,mosaic_Cellbound3_z3_DAPI_mask_ecto.tif,added_image_z3_DAPI_mask_ecto.tif,1,91,90,1.0,0,90,91,0.0,0.0,0.0,
Embryo12,mosaic_Cellbound3_z3_DAPI_mask_ecto.tif,average_image_z3_DAPI_mask_ecto.tif,1,91,93,0.5,83,10,8,0.892,0.912,0.822,0.902
Embryo12,mosaic_Cellbound3_z3_DAPI_mask_ecto.tif,average_image_z3_DAPI_mask_ecto.tif,1,91,93,0.55,81,12,10,0.871,0.89,0.786,0.88
Embryo12,mosaic_Cellbound3_z3_DAPI_mask_ecto.tif,average_image_z3_DAPI_mask_ecto.tif,1,91,93,0.6,80,13,11,0.86,0.879,0.769,0.87
Embryo12,mosaic_Cellbound3_z3_DAPI_mask_ecto.tif,average_image_z3_DAPI_mask_ecto.tif,1,91,93,0.65,79,14,12,0.849,0.868,0.752,0.859
Embryo12,mosaic_Cellbound3_z3_DAPI_mask_ecto.tif,average_image_z3_DAPI_mask_ecto.tif,1,91,93,0.7,76,17,15,0.817,0.835,0.704,0.826
Embryo12,mosaic_Cellbound3_z3_DAPI_mask_ecto.tif,average_image_z3_DAPI_mask_ecto.tif,1,91,93,0.75,73,20,18,0.785,0.802,0.658,0.793
Embryo12,mosaic_Cellbound3_z3_DAPI_mask_ecto.tif,average_image_z3_DAPI_mask_ecto.tif,1,91,93,0.8,68,25,23,0.731,0.747,0.586,0.739
Embryo12,mosaic_Cellbound3_z3_DAPI_mask_ecto.tif,average_image_z3_DAPI_mask_ecto.tif,1,91,93,0.85,62,31,29,0.667,0.681,0.508,0.674
Embryo12,mosaic_Cellbound3_z3_DAPI_mask_ecto.tif,average_image_z3_DAPI_mask_ecto.tif,1,91,93,0.9,40,53,51,0.43,0.44,0.278,0.435
Embryo12,mosaic_Cellbound3_z3_DAPI_mask_ecto.tif,average_image_z3_DAPI_mask_ecto.tif,1,91,93,0.95,8,85,83,0.086,0.088,0.045,0.087
Embryo12,mosaic_Cellbound3_z3_DAPI_mask_ecto.tif,average_image_z3_DAPI_mask_ecto.tif,1,91,93,1.0,0,93,91,0.0,0.0,0.0,
Embryo12,mosaic_Cellbound3_z3_DAPI_mask_ecto.tif,max_image_z3_DAPI_mask_ecto.tif,1,91,91,0.5,75,16,16,0.824,0.824,0.701,0.824
Embryo12,mosaic_Cellbound3_z3_DAPI_mask_ecto.tif,max_image_z3_DAPI_mask_ecto.tif,1,91,91,0.55,73,18,18,0.802,0.802,0.67,0.802
Embryo12,mosaic_Cellbound3_z3_DAPI_mask_ecto.tif,max_image_z3_DAPI_mask_ecto.tif,1,91,91,0.6,71,20,20,0.78,0.78,0.64,0.78
Embryo12,mosaic_Cellbound3_z3_DAPI_mask_ecto.tif,max_image_z3_DAPI_mask_ecto.tif,1,91,91,0.65,68,23,23,0.747,0.747,0.596,0.747
Embryo12,mosaic_Cellbound3_z3_DAPI_mask_ecto.tif,max_image_z3_DAPI_mask_ecto.tif,1,91,91,0.7,65,26,26,0.714,0.714,0.556,0.714
Embryo12,mosaic_Cellbound3_z3_DAPI_mask_ecto.tif,max_image_z3_DAPI_mask_ecto.tif,1,91,91,0.75,61,30,30,0.67,0.67,0.504,0.67
Embryo12,mosaic_Cellbound3_z3_DAPI_mask_ecto.tif,max_image_z3_DAPI_mask_ecto.tif,1,91,91,0.8,50,41,41,0.549,0.549,0.379,0.549
Embryo12,mosaic_Cellbound3_z3_DAPI_mask_ecto.tif,max_image_z3_DAPI_mask_ecto.tif,1,91,91,0.85,32,59,59,0.352,0.352,0.213,0.352
Embryo12,mosaic_Cellbound3_z3_DAPI_mask_ecto.tif,max_image_z3_DAPI_mask_ecto.tif,1,91,91,0.9,13,78,78,0.143,0.143,0.077,0.143
Embryo12,mosaic_Cellbound3_z3_DAPI_mask_ecto.tif,max_image_z3_DAPI_mask_ecto.tif,1,91,91,0.95,1,90,90,0.011,0.011,0.006,0.011
Embryo12,mosaic_Cellbound3_z3_DAPI_mask_ecto.tif,max_image_z3_DAPI_mask_ecto.tif,1,91,91,1.0,0,91,91,0.0,0.0,0.0,
Embryo12,mosaic_Cellbound3_z3_DAPI_mask_ecto.tif,mosaic_Cellbound1_z3_DAPI_mask_ecto.tif,1,91,93,0.5,75,18,16,0.806,0.824,0.688,0.815
Embryo12,mosaic_Cellbound3_z3_DAPI_mask_ecto.tif,mosaic_Cellbound1_z3_DAPI_mask_ecto.tif,1,91,93,0.55,74,19,17,0.796,0.813,0.673,0.804
Embryo12,mosaic_Cellbound3_z3_DAPI_mask_ecto.tif,mosaic_Cellbound1_z3_DAPI_mask_ecto.tif,1,91,93,0.6,69,24,22,0.742,0.758,0.6,0.75
Embryo12,mosaic_Cellbound3_z3_DAPI_mask_ecto.tif,mosaic_Cellbound1_z3_DAPI_mask_ecto.tif,1,91,93,0.65,66,27,25,0.71,0.725,0.559,0.717
Embryo12,mosaic_Cellbound3_z3_DAPI_mask_ecto.tif,mosaic_Cellbound1_z3_DAPI_mask_ecto.tif,1,91,93,0.7,63,30,28,0.677,0.692,0.521,0.685
Embryo12,mosaic_Cellbound3_z3_DAPI_mask_ecto.tif,mosaic_Cellbound1_z3_DAPI_mask_ecto.tif,1,91,93,0.75,61,32,30,0.656,0.67,0.496,0.663
Embryo12,mosaic_Cellbound3_z3_DAPI_mask_ecto.tif,mosaic_Cellbound1_z3_DAPI_mask_ecto.tif,1,91,93,0.8,48,45,43,0.516,0.527,0.353,0.522
Embryo12,mosaic_Cellbound3_z3_DAPI_mask_ecto.tif,mosaic_Cellbound1_z3_DAPI_mask_ecto.tif,1,91,93,0.85,34,59,57,0.366,0.374,0.227,0.37
Embryo12,mosaic_Cellbound3_z3_DAPI_mask_ecto.tif,mosaic_Cellbound1_z3_DAPI_mask_ecto.tif,1,91,93,0.9,13,80,78,0.14,0.143,0.076,0.141
Embryo12,mosaic_Cellbound3_z3_DAPI_mask_ecto.tif,mosaic_Cellbound1_z3_DAPI_mask_ecto.tif,1,91,93,0.95,1,92,90,0.011,0.011,0.005,0.011
Embryo12,mosaic_Cellbound3_z3_DAPI_mask_ecto.tif,mosaic_Cellbound1_z3_DAPI_mask_ecto.tif,1,91,93,1.0,0,93,91,0.0,0.0,0.0,
Embryo12,mosaic_Cellbound3_z3_DAPI_mask_ecto.tif,mosaic_Cellbound2_z3_DAPI_mask_ecto.tif,1,91,94,0.5,40,54,51,0.426,0.44,0.276,0.432
Embryo12,mosaic_Cellbound3_z3_DAPI_mask_ecto.tif,mosaic_Cellbound2_z3_DAPI_mask_ecto.tif,1,91,94,0.55,33,61,58,0.351,0.363,0.217,0.357
Embryo12,mosaic_Cellbound3_z3_DAPI_mask_ecto.tif,mosaic_Cellbound2_z3_DAPI_mask_ecto.tif,1,91,94,0.6,21,73,70,0.223,0.231,0.128,0.227
Embryo12,mosaic_Cellbound3_z3_DAPI_mask_ecto.tif,mosaic_Cellbound2_z3_DAPI_mask_ecto.tif,1,91,94,0.65,16,78,75,0.17,0.176,0.095,0.173
Embryo12,mosaic_Cellbound3_z3_DAPI_mask_ecto.tif,mosaic_Cellbound2_z3_DAPI_mask_ecto.tif,1,91,94,0.7,11,83,80,0.117,0.121,0.063,0.119
Embryo12,mosaic_Cellbound3_z3_DAPI_mask_ecto.tif,mosaic_Cellbound2_z3_DAPI_mask_ecto.tif,1,91,94,0.75,7,87,84,0.074,0.077,0.039,0.076
Embryo12,mosaic_Cellbound3_z3_DAPI_mask_ecto.tif,mosaic_Cellbound2_z3_DAPI_mask_ecto.tif,1,91,94,0.8,4,90,87,0.043,0.044,0.022,0.043
Embryo12,mosaic_Cellbound3_z3_DAPI_mask_ecto.tif,mosaic_Cellbound2_z3_DAPI_mask_ecto.tif,1,91,94,0.85,1,93,90,0.011,0.011,0.005,0.011
Embryo12,mosaic_Cellbound3_z3_DAPI_mask_ecto.tif,mosaic_Cellbound2_z3_DAPI_mask_ecto.tif,1,91,94,0.9,0,94,91,0.0,0.0,0.0,
Embryo12,mosaic_Cellbound3_z3_DAPI_mask_ecto.tif,mosaic_Cellbound2_z3_DAPI_mask_ecto.tif,1,91,94,0.95,0,94,91,0.0,0.0,0.0,
Embryo12,mosaic_Cellbound3_z3_DAPI_mask_ecto.tif,mosaic_Cellbound2_z3_DAPI_mask_ecto.tif,1,91,94,1.0,0,94,91,0.0,0.0,0.0,
Embryo12,mosaic_Cellbound3_z3_DAPI_mask_ecto.tif,mosaic_PolyT_z3_DAPI_mask_ecto.tif,1,91,86,0.5,69,17,22,0.802,0.758,0.639,0.78
Embryo12,mosaic_Cellbound3_z3_DAPI_mask_ecto.tif,mosaic_PolyT_z3_DAPI_mask_ecto.tif,1,91,86,0.55,66,20,25,0.767,0.725,0.595,0.746
Embryo12,mosaic_Cellbound3_z3_DAPI_mask_ecto.tif,mosaic_PolyT_z3_DAPI_mask_ecto.tif,1,91,86,0.6,64,22,27,0.744,0.703,0.566,0.723
Embryo12,mosaic_Cellbound3_z3_DAPI_mask_ecto.tif,mosaic_PolyT_z3_DAPI_mask_ecto.tif,1,91,86,0.65,61,25,30,0.709,0.67,0.526,0.689
Embryo12,mosaic_Cellbound3_z3_DAPI_mask_ecto.tif,mosaic_PolyT_z3_DAPI_mask_ecto.tif,1,91,86,0.7,55,31,36,0.64,0.604,0.451,0.621
Embryo12,mosaic_Cellbound3_z3_DAPI_mask_ecto.tif,mosaic_PolyT_z3_DAPI_mask_ecto.tif,1,91,86,0.75,48,38,43,0.558,0.527,0.372,0.542
Embryo12,mosaic_Cellbound3_z3_DAPI_mask_ecto.tif,mosaic_PolyT_z3_DAPI_mask_ecto.tif,1,91,86,0.8,36,50,55,0.419,0.396,0.255,0.407
Embryo12,mosaic_Cellbound3_z3_DAPI_mask_ecto.tif,mosaic_PolyT_z3_DAPI_mask_ecto.tif,1,91,86,0.85,25,61,66,0.291,0.275,0.164,0.282
Embryo12,mosaic_Cellbound3_z3_DAPI_mask_ecto.tif,mosaic_PolyT_z3_DAPI_mask_ecto.tif,1,91,86,0.9,8,78,83,0.093,0.088,0.047,0.09
Embryo12,mosaic_Cellbound3_z3_DAPI_mask_ecto.tif,mosaic_PolyT_z3_DAPI_mask_ecto.tif,1,91,86,0.95,1,85,90,0.012,0.011,0.006,0.011
Embryo12,mosaic_Cellbound3_z3_DAPI_mask_ecto.tif,mosaic_PolyT_z3_DAPI_mask_ecto.tif,1,91,86,1.0,0,86,91,0.0,0.0,0.0,
Embryo13,mosaic_Cellbound3_z3_DAPI_mask_ecto.tif,added_image_z3_DAPI_mask_ecto.tif,1,221,232,0.5,179,53,42,0.772,0.81,0.653,0.79
Embryo13,mosaic_Cellbound3_z3_DAPI_mask_ecto.tif,added_image_z3_DAPI_mask_ecto.tif,1,221,232,0.55,173,59,48,0.746,0.783,0.618,0.764
Embryo13,mosaic_Cellbound3_z3_DAPI_mask_ecto.tif,added_image_z3_DAPI_mask_ecto.tif,1,221,232,0.6,167,65,54,0.72,0.756,0.584,0.737
Embryo13,mosaic_Cellbound3_z3_DAPI_mask_ecto.tif,added_image_z3_DAPI_mask_ecto.tif,1,221,232,0.65,154,78,67,0.664,0.697,0.515,0.68
Embryo13,mosaic_Cellbound3_z3_DAPI_mask_ecto.tif,added_image_z3_DAPI_mask_ecto.tif,1,221,232,0.7,135,97,86,0.582,0.611,0.425,0.596
Embryo13,mosaic_Cellbound3_z3_DAPI_mask_ecto.tif,added_image_z3_DAPI_mask_ecto.tif,1,221,232,0.75,117,115,104,0.504,0.529,0.348,0.517
Embryo13,mosaic_Cellbound3_z3_DAPI_mask_ecto.tif,added_image_z3_DAPI_mask_ecto.tif,1,221,232,0.8,94,138,127,0.405,0.425,0.262,0.415
Embryo13,mosaic_Cellbound3_z3_DAPI_mask_ecto.tif,added_image_z3_DAPI_mask_ecto.tif,1,221,232,0.85,58,174,163,0.25,0.262,0.147,0.256
Embryo13,mosaic_Cellbound3_z3_DAPI_mask_ecto.tif,added_image_z3_DAPI_mask_ecto.tif,1,221,232,0.9,22,210,199,0.095,0.1,0.051,0.097
Embryo13,mosaic_Cellbound3_z3_DAPI_mask_ecto.tif,added_image_z3_DAPI_mask_ecto.tif,1,221,232,0.95,2,230,219,0.009,0.009,0.004,0.009
Embryo13,mosaic_Cellbound3_z3_DAPI_mask_ecto.tif,added_image_z3_DAPI_mask_ecto.tif,1,221,232,1.0,0,232,221,0.0,0.0,0.0,
Embryo13,mosaic_Cellbound3_z3_DAPI_mask_ecto.tif,average_image_z3_DAPI_mask_ecto.tif,1,221,237,0.5,178,59,43,0.751,0.805,0.636,0.777
Embryo13,mosaic_Cellbound3_z3_DAPI_mask_ecto.tif,average_image_z3_DAPI_mask_ecto.tif,1,221,237,0.55,172,65,49,0.726,0.778,0.601,0.751
Embryo13,mosaic_Cellbound3_z3_DAPI_mask_ecto.tif,average_image_z3_DAPI_mask_ecto.tif,1,221,237,0.6,166,71,55,0.7,0.751,0.568,0.725
Embryo13,mosaic_Cellbound3_z3_DAPI_mask_ecto.tif,average_image_z3_DAPI_mask_ecto.tif,1,221,237,0.65,151,86,70,0.637,0.683,0.492,0.659
Embryo13,mosaic_Cellbound3_z3_DAPI_mask_ecto.tif,average_image_z3_DAPI_mask_ecto.tif,1,221,237,0.7,134,103,87,0.565,0.606,0.414,0.585
Embryo13,mosaic_Cellbound3_z3_DAPI_mask_ecto.tif,average_image_z3_DAPI_mask_ecto.tif,1,221,237,0.75,117,120,104,0.494,0.529,0.343,0.511
Embryo13,mosaic_Cellbound3_z3_DAPI_mask_ecto.tif,average_image_z3_DAPI_mask_ecto.tif,1,221,237,0.8,88,149,133,0.371,0.398,0.238,0.384
Embryo13,mosaic_Cellbound3_z3_DAPI_mask_ecto.tif,average_image_z3_DAPI_mask_ecto.tif,1,221,237,0.85,58,179,163,0.245,0.262,0.145,0.253
Embryo13,mosaic_Cellbound3_z3_DAPI_mask_ecto.tif,average_image_z3_DAPI_mask_ecto.tif,1,221,237,0.9,22,215,199,0.093,0.1,0.05,0.096
Embryo13,mosaic_Cellbound3_z3_DAPI_mask_ecto.tif,average_image_z3_DAPI_mask_ecto.tif,1,221,237,0.95,2,235,219,0.008,0.009,0.004,0.009
Embryo13,mosaic_Cellbound3_z3_DAPI_mask_ecto.tif,average_image_z3_DAPI_mask_ecto.tif,1,221,237,1.0,0,237,221,0.0,0.0,0.0,
Embryo13,mosaic_Cellbound3_z3_DAPI_mask_ecto.tif,max_image_z3_DAPI_mask_ecto.tif,1,221,225,0.5,166,59,55,0.738,0.751,0.593,0.744
Embryo13,mosaic_Cellbound3_z3_DAPI_mask_ecto.tif,max_image_z3_DAPI_mask_ecto.tif,1,221,225,0.55,159,66,62,0.707,0.719,0.554,0.713
Embryo13,mosaic_Cellbound3_z3_DAPI_mask_ecto.tif,max_image_z3_DAPI_mask_ecto.tif,1,221,225,0.6,150,75,71,0.667,0.679,0.507,0.673
Embryo13,mosaic_Cellbound3_z3_DAPI_mask_ecto.tif,max_image_z3_DAPI_mask_ecto.tif,1,221,225,0.65,135,90,86,0.6,0.611,0.434,0.605
Embryo13,mosaic_Cellbound3_z3_DAPI_mask_ecto.tif,max_image_z3_DAPI_mask_ecto.tif,1,221,225,0.7,114,111,107,0.507,0.516,0.343,0.511
Embryo13,mosaic_Cellbound3_z3_DAPI_mask_ecto.tif,max_image_z3_DAPI_mask_ecto.tif,1,221,225,0.75,95,130,126,0.422,0.43,0.271,0.426
Embryo13,mosaic_Cellbound3_z3_DAPI_mask_ecto.tif,max_image_z3_DAPI_mask_ecto.tif,1,221,225,0.8,68,157,153,0.302,0.308,0.18,0.305
Embryo13,mosaic_Cellbound3_z3_DAPI_mask_ecto.tif,max_image_z3_DAPI_mask_ecto.tif,1,221,225,0.85,34,191,187,0.151,0.154,0.083,0.152
Embryo13,mosaic_Cellbound3_z3_DAPI_mask_ecto.tif,max_image_z3_DAPI_mask_ecto.tif,1,221,225,0.9,8,217,213,0.036,0.036,0.018,0.036
Embryo13,mosaic_Cellbound3_z3_DAPI_mask_ecto.tif,max_image_z3_DAPI_mask_ecto.tif,1,221,225,0.95,0,225,221,0.0,0.0,0.0,
Embryo13,mosaic_Cellbound3_z3_DAPI_mask_ecto.tif,max_image_z3_DAPI_mask_ecto.tif,1,221,225,1.0,0,225,221,0.0,0.0,0.0,
Embryo13,mosaic_Cellbound3_z3_DAPI_mask_ecto.tif,mosaic_Cellbound1_z3_DAPI_mask_ecto.tif,1,221,229,0.5,164,65,57,0.716,0.742,0.573,0.729
Embryo13,mosaic_Cellbound3_z3_DAPI_mask_ecto.tif,mosaic_Cellbound1_z3_DAPI_mask_ecto.tif,1,221,229,0.55,157,72,64,0.686,0.71,0.536,0.698
Embryo13,mosaic_Cellbound3_z3_DAPI_mask_ecto.tif,mosaic_Cellbound1_z3_DAPI_mask_ecto.tif,1,221,229,0.6,148,81,73,0.646,0.67,0.49,0.658
Embryo13,mosaic_Cellbound3_z3_DAPI_mask_ecto.tif,mosaic_Cellbound1_z3_DAPI_mask_ecto.tif,1,221,229,0.65,133,96,88,0.581,0.602,0.42,0.591
Embryo13,mosaic_Cellbound3_z3_DAPI_mask_ecto.tif,mosaic_Cellbound1_z3_DAPI_mask_ecto.tif,1,221,229,0.7,113,116,108,0.493,0.511,0.335,0.502
Embryo13,mosaic_Cellbound3_z3_DAPI_mask_ecto.tif,mosaic_Cellbound1_z3_DAPI_mask_ecto.tif,1,221,229,0.75,98,131,123,0.428,0.443,0.278,0.436
Embryo13,mosaic_Cellbound3_z3_DAPI_mask_ecto.tif,mosaic_Cellbound1_z3_DAPI_mask_ecto.tif,1,221,229,0.8,59,170,162,0.258,0.267,0.151,0.262
Embryo13,mosaic_Cellbound3_z3_DAPI_mask_ecto.tif,mosaic_Cellbound1_z3_DAPI_mask_ecto.tif,1,221,229,0.85,35,194,186,0.153,0.158,0.084,0.156
Embryo13,mosaic_Cellbound3_z3_DAPI_mask_ecto.tif,mosaic_Cellbound1_z3_DAPI_mask_ecto.tif,1,221,229,0.9,8,221,213,0.035,0.036,0.018,0.036
Embryo13,mosaic_Cellbound3_z3_DAPI_mask_ecto.tif,mosaic_Cellbound1_z3_DAPI_mask_ecto.tif,1,221,229,0.95,0,229,221,0.0,0.0,0.0,
Embryo13,mosaic_Cellbound3_z3_DAPI_mask_ecto.tif,mosaic_Cellbound1_z3_DAPI_mask_ecto.tif,1,221,229,1.0,0,229,221,0.0,0.0,0.0,
Embryo13,mosaic_Cellbound3_z3_DAPI_mask_ecto.tif,mosaic_Cellbound2_z3_DAPI_mask_ecto.tif,1,221,213,0.5,120,93,101,0.563,0.543,0.382,0.553
Embryo13,mosaic_Cellbound3_z3_DAPI_mask_ecto.tif,mosaic_Cellbound2_z3_DAPI_mask_ecto.tif,1,221,213,0.55,113,100,108,0.531,0.511,0.352,0.521
Embryo13,mosaic_Cellbound3_z3_DAPI_mask_ecto.tif,mosaic_Cellbound2_z3_DAPI_mask_ecto.tif,1,221,213,0.6,98,115,123,0.46,0.443,0.292,0.452
Embryo13,mosaic_Cellbound3_z3_DAPI_mask_ecto.tif,mosaic_Cellbound2_z3_DAPI_mask_ecto.tif,1,221,213,0.65,77,136,144,0.362,0.348,0.216,0.355
Embryo13,mosaic_Cellbound3_z3_DAPI_mask_ecto.tif,mosaic_Cellbound2_z3_DAPI_mask_ecto.tif,1,221,213,0.7,52,161,169,0.244,0.235,0.136,0.24
Embryo13,mosaic_Cellbound3_z3_DAPI_mask_ecto.tif,mosaic_Cellbound2_z3_DAPI_mask_ecto.tif,1,221,213,0.75,30,183,191,0.141,0.136,0.074,0.138
Embryo13,mosaic_Cellbound3_z3_DAPI_mask_ecto.tif,mosaic_Cellbound2_z3_DAPI_mask_ecto.tif,1,221,213,0.8,7,206,214,0.033,0.032,0.016,0.032
Embryo13,mosaic_Cellbound3_z3_DAPI_mask_ecto.tif,mosaic_Cellbound2_z3_DAPI_mask_ecto.tif,1,221,213,0.85,1,212,220,0.005,0.005,0.002,0.005
Embryo13,mosaic_Cellbound3_z3_DAPI_mask_ecto.tif,mosaic_Cellbound2_z3_DAPI_mask_ecto.tif,1,221,213,0.9,0,213,221,0.0,0.0,0.0,
Embryo13,mosaic_Cellbound3_z3_DAPI_mask_ecto.tif,mosaic_Cellbound2_z3_DAPI_mask_ecto.tif,1,221,213,0.95,0,213,221,0.0,0.0,0.0,
Embryo13,mosaic_Cellbound3_z3_DAPI_mask_ecto.tif,mosaic_Cellbound2_z3_DAPI_mask_ecto.tif,1,221,213,1.0,0,213,221,0.0,0.0,0.0,
Embryo13,mosaic_Cellbound3_z3_DAPI_mask_ecto.tif,mosaic_PolyT_z3_DAPI_mask_ecto.tif,1,221,218,0.5,144,74,77,0.661,0.652,0.488,0.656
Embryo13,mosaic_Cellbound3_z3_DAPI_mask_ecto.tif,mosaic_PolyT_z3_DAPI_mask_ecto.tif,1,221,218,0.55,134,84,87,0.615,0.606,0.439,0.61
Embryo13,mosaic_Cellbound3_z3_DAPI_mask_ecto.tif,mosaic_PolyT_z3_DAPI_mask_ecto.tif,1,221,218,0.6,119,99,102,0.546,0.538,0.372,0.542
Embryo13,mosaic_Cellbound3_z3_DAPI_mask_ecto.tif,mosaic_PolyT_z3_DAPI_mask_ecto.tif,1,221,218,0.65,105,113,116,0.482,0.475,0.314,0.478
Embryo13,mosaic_Cellbound3_z3_DAPI_mask_ecto.tif,mosaic_PolyT_z3_DAPI_mask_ecto.tif,1,221,218,0.7,89,129,132,0.408,0.403,0.254,0.405
Embryo13,mosaic_Cellbound3_z3_DAPI_mask_ecto.tif,mosaic_PolyT_z3_DAPI_mask_ecto.tif,1,221,218,0.75,75,143,146,0.344,0.339,0.206,0.342
Embryo13,mosaic_Cellbound3_z3_DAPI_mask_ecto.tif,mosaic_PolyT_z3_DAPI_mask_ecto.tif,1,221,218,0.8,54,164,167,0.248,0.244,0.14,0.246
Embryo13,mosaic_Cellbound3_z3_DAPI_mask_ecto.tif,mosaic_PolyT_z3_DAPI_mask_ecto.tif,1,221,218,0.85,25,193,196,0.115,0.113,0.06,0.114
Embryo13,mosaic_Cellbound3_z3_DAPI_mask_ecto.tif,mosaic_PolyT_z3_DAPI_mask_ecto.tif,1,221,218,0.9,6,212,215,0.028,0.027,0.014,0.027
Embryo13,mosaic_Cellbound3_z3_DAPI_mask_ecto.tif,mosaic_PolyT_z3_DAPI_mask_ecto.tif,1,221,218,0.95,1,217,220,0.005,0.005,0.002,0.005
Embryo13,mosaic_Cellbound3_z3_DAPI_mask_ecto.tif,mosaic_PolyT_z3_DAPI_mask_ecto.tif,1,221,218,1.0,0,218,221,0.0,0.0,0.0,
