EntityID,volume,x,y,sox3_expression,sox17a_expression,model
11263,6791.41259765625,1269.372618428839,5228.1986816885765,5,2,Model_1
11264,3518.54345703125,1400.448210173985,5250.698856205912,2,3,Model_1
11265,4447.75390625,1402.4259827110218,5269.4097879555775,1,0,Model_1
11282,3944.55126953125,2708.0384947295533,5307.720494901063,1,0,Model_1
11321,6590.80810546875,4092.177529727109,5074.822315423866,2,2,Model_1
11322,10348.71484375,4108.830130518414,5106.107061138377,64,7,Model_1
11323,3642.33984375,4067.8849683173466,5105.374365865195,38,1,Model_1
11324,3750.97900390625,3990.201985004125,5105.039459829044,37,3,Model_1
11325,4591.23681640625,3975.4744499057997,5114.853478483332,7,0,Model_1
11326,3800.298828125,4007.062190919183,5113.983711963287,12,2,Model_1
11327,7021.9580078125,3898.603934538085,5141.048924243427,61,4,Model_1
11328,12404.453125,3896.0482280035503,5208.052034610941,1,6,Model_1
11329,6199.40185546875,3978.8927994600963,5310.425179091748,4,41,Model_1
11330,1813.7314453125,4070.0981954459567,5314.457476029114,0,9,Model_1
11331,5885.99609375,4125.143934478052,5068.772810188588,1,0,Model_1
11332,4954.7265625,4229.597391354386,5090.584802260331,1,2,Model_1
11334,37616.80078125,4148.365787422517,5159.041998329107,5,1,Model_1
11335,4231.99072265625,4191.800830143271,5137.567738504789,16,1,Model_1
11336,3479.5439453125,4240.229443556862,5139.364502323209,43,1,Model_1
11337,8640.0126953125,4209.757982865209,5156.565530698921,79,3,Model_1
11338,2741.33740234375,4239.079559745034,5168.549373059999,47,1,Model_1
11339,4442.7109375,4249.828073358396,5182.431016292598,35,0,Model_1
11340,4339.7421875,4377.424207832664,5202.906210431014,6,0,Model_1
11341,5957.20849609375,4307.840586276492,5216.982862241624,39,2,Model_1
11342,8915.5556640625,4383.69379050564,5232.931879022275,35,0,Model_1
11343,3967.8935546875,4293.044002910843,5250.551186666766,3,1,Model_1
11344,5328.216796875,4313.59829112771,5253.122332374682,25,0,Model_1
11345,3048.92236328125,4352.038842512062,5252.181910572748,42,2,Model_1
11346,4930.15625,4383.403787782881,5263.525616079918,22,0,Model_1
11347,4484.9619140625,4360.484366249293,5267.681559760589,50,1,Model_1
11348,7602.708984375,4339.537423552247,5275.791373015731,33,1,Model_1
11349,7424.89697265625,4190.820344747277,5279.164456173079,1,1,Model_1
11350,7605.64599609375,4368.9460012489,5287.546292263491,81,0,Model_1
11351,4356.65478515625,4177.772984153824,5304.596118335961,0,9,Model_1
11353,2631.57080078125,4391.776580678532,5206.235487313592,1,0,Model_1
11354,2221.196533203125,4418.372131964425,5290.351306954457,2,0,Model_1
11355,7938.93701171875,4402.572047113674,5309.442364120681,57,1,Model_1
11356,2630.656494140625,4423.900136246346,5306.2409732983215,1,0,Model_1
11357,3547.781982421875,4456.444425923051,5312.008563958865,3,0,Model_1
11359,5241.3984375,5414.435277388431,5275.767350219889,38,0,Model_1
11360,2173.775390625,5380.9744870434515,5273.4025179350865,16,0,Model_1
11361,2749.449462890625,5395.061714542797,5279.264080120542,45,1,Model_1
11362,5730.95068359375,5438.64175862493,5279.408216895594,56,1,Model_1
11363,4608.2060546875,5510.183589042397,5285.260593894403,30,2,Model_1
11364,4205.703125,5329.767371352762,5287.3293805480935,15,1,Model_1
11365,3290.68505859375,5363.651197415544,5289.208811046323,62,0,Model_1
11366,3734.714599609375,5445.066469738493,5295.307774978923,13,0,Model_1
11367,3482.912109375,5316.137703704881,5298.876573267102,21,0,Model_1
11368,4236.89404296875,5419.32895825454,5302.371890062117,40,2,Model_1
11369,1783.6162109375,5458.501881594304,5302.150739029807,18,0,Model_1
11370,2746.62646484375,5375.016081895214,5305.6057823141455,77,0,Model_1
11371,1921.2684326171875,5467.716142707737,5307.794682947046,10,0,Model_1
11372,2897.0234375,5491.86370275612,5311.740780440508,20,0,Model_1
11373,3271.07861328125,5327.660938877612,5311.148689178284,16,0,Model_1
11374,2406.4580078125,5503.852323250612,5313.65059270995,7,1,Model_1
11375,2139.95263671875,5389.634060409386,5310.916233300872,31,1,Model_1
11376,2739.469970703125,5448.17548305518,5314.330296521715,48,0,Model_1
11377,3362.93115234375,5534.932329338277,5289.105654334766,10,0,Model_1
11378,1924.3201904296875,5558.681711045094,5298.6179749353905,9,0,Model_1
11379,3775.105224609375,5573.975902257254,5305.952699748217,31,0,Model_1
11380,3368.660888671875,5547.8848636446055,5309.457908282697,10,1,Model_1
11381,3308.563720703125,5589.65538280108,5314.7224333361955,21,0,Model_1
11397,6622.63623046875,1176.9526634207577,5354.915396991186,3,12,Model_1
11398,6371.89453125,1207.7891592856613,5453.89920759981,6,0,Model_1
11399,4835.2763671875,1181.8308084267192,5454.668643619574,13,1,Model_1
11400,10347.65234375,1230.7382715741987,5474.360977234668,9,0,Model_1
11401,6917.4267578125,1202.1251299171126,5481.97055109404,8,1,Model_1
11402,5135.02001953125,1298.0789752468118,5484.756488858897,3,1,Model_1
11403,5388.41650390625,1184.8087451159372,5503.877221243514,21,0,Model_1
11404,2229.900390625,1064.0390675906092,5502.806793722906,1,3,Model_1
11405,5853.92822265625,1156.5052849377971,5518.524767731782,14,0,Model_1
11406,7939.935546875,1239.2103788943496,5520.0770642748685,11,5,Model_1
11407,7543.7119140625,1209.5478186543914,5518.409599622304,16,1,Model_1
11408,4848.51416015625,1132.6642991963308,5521.494409229548,15,0,Model_1
11409,5812.384765625,1269.9063615352497,5528.3345470691565,2,12,Model_1
11410,6645.27783203125,1253.9124812142109,5545.486823300365,13,0,Model_1
11411,10373.150390625,1219.5504959002137,5547.650288031786,6,3,Model_1
11412,6162.0791015625,1299.302395463339,5548.239553082734,6,10,Model_1
11413,12601.3515625,1278.6354434902896,5566.767487652309,12,19,Model_1
11414,7545.40478515625,1196.0454299792764,5567.625242774433,9,0,Model_1
11415,4231.30078125,1113.770851969486,5572.5343717600335,8,1,Model_1
11416,4937.43017578125,1228.3677294765366,5576.967284145707,7,0,Model_1
11417,3994.894287109375,1152.6090062931762,5581.297039819823,9,1,Model_1
11418,3312.713623046875,1133.352825501992,5587.8891776200035,26,1,Model_1
11419,6500.89013671875,1213.3516877012444,5592.156756646058,5,2,Model_1
11420,4518.37451171875,1189.1477382345474,5590.326078292332,7,0,Model_1
11421,3565.56689453125,1119.7268404283677,5593.5818736817455,12,0,Model_1
11422,11399.654296875,1455.0169407593203,5415.241583220253,0,3,Model_1
11423,5066.0869140625,1554.3794688858907,5441.538066033449,1,1,Model_1
11424,22585.822265625,1399.3261758299777,5473.494743478717,16,34,Model_1
11425,13812.9794921875,1439.9839821585338,5459.332598777022,7,12,Model_1
11426,39936.80078125,1355.1352847429225,5486.717172931298,19,49,Model_1
11427,17191.541015625,1498.2862676384975,5479.654470953741,2,17,Model_1
11428,7618.69140625,1423.343234653119,5496.685220100102,5,6,Model_1
11429,20191.71484375,1319.758174818824,5521.59473972983,12,20,Model_1
11430,13484.85546875,1348.9838896875153,5555.874562843586,6,9,Model_1
11431,11817.2900390625,1381.4715597850154,5562.347293217375,3,12,Model_1
11432,3181.786376953125,1425.1592040837277,5555.833582780091,2,7,Model_1
11433,9695.4833984375,1437.8155213232385,5578.035592007858,2,7,Model_1
11434,3981.771240234375,1668.42971427663,5484.371417572605,2,4,Model_1
11435,3837.70166015625,1585.663052281714,5542.773660475854,0,1,Model_1
11436,2245.42333984375,1642.0548872852814,5585.448037630762,1,1,Model_1
11442,3873.126953125,2707.5107358063105,5396.635221287783,7,1,Model_1
11443,8527.6083984375,2587.8988826435525,5435.217951068538,0,6,Model_1
11444,8026.244140625,2590.315571999876,5475.194003008131,0,6,Model_1
11445,2298.560791015625,2545.1563940440537,5521.586261096003,1,9,Model_1
11446,2610.67626953125,2698.777050633449,5556.7506883390015,0,7,Model_1
11447,2445.3583984375,2566.00943109754,5591.065839093702,0,0,Model_1
11448,4197.25390625,2828.2427820259472,5333.02285789809,0,0,Model_1
11449,3069.249755859375,2734.372813404072,5370.436949316412,1,0,Model_1
11450,2634.68212890625,2753.971933922963,5376.88495034154,7,0,Model_1
11451,6558.873046875,2819.629701160011,5395.383916245541,15,0,Model_1
11452,5802.7421875,2725.3871020554798,5394.808075698151,10,2,Model_1
11453,2574.194091796875,2752.9249320294475,5390.612565059622,3,0,Model_1
11454,3498.385009765625,2769.419872610364,5397.172201430134,9,2,Model_1
11455,5359.4072265625,2742.4579051858746,5406.130584620754,10,1,Model_1
11456,2180.950927734375,2805.0464769403916,5404.609376401699,3,0,Model_1
11457,4204.33056640625,2865.3396541281836,5410.266038269678,10,0,Model_1
11458,1258.4937744140625,2793.797133228043,5408.479872743541,4,0,Model_1
11459,3255.499267578125,2762.002247412689,5414.573890806409,10,2,Model_1
11460,1339.80224609375,2705.850585298962,5415.602631710703,3,0,Model_1
11461,3341.084228515625,2719.4507923527854,5419.857492786017,16,1,Model_1
11462,3236.381103515625,2816.6760464448016,5417.735714670911,8,0,Model_1
11463,2715.720703125,2834.2718465677463,5420.934279281995,6,0,Model_1
11464,3101.854248046875,2734.0446039733943,5426.826929791481,7,2,Model_1
11465,2267.204833984375,2798.795767460484,5422.1841712186,8,1,Model_1
11466,1095.6700439453125,2782.109102857299,5417.123133376939,0,0,Model_1
11467,8663.2255859375,2925.7260464768624,5434.295193087077,15,0,Model_1
11468,3649.19580078125,2855.3246632746886,5426.622736026824,8,0,Model_1
11469,1566.5670166015625,2747.854257438099,5425.261208744836,5,1,Model_1
11470,2210.36279296875,2769.6587796153035,5425.662530745962,7,0,Model_1
11471,5744.8193359375,2875.3696054395987,5434.922611990245,20,0,Model_1
11472,1856.4708251953125,2786.5901052457048,5427.983556755993,2,0,Model_1
11473,2067.5458984375,2814.3475087097613,5430.700252344599,9,0,Model_1
11474,1664.456298828125,2798.250286148628,5436.229734705179,2,1,Model_1
11475,2884.569091796875,2842.7268069015117,5439.299706703227,10,0,Model_1
11476,3086.76171875,2774.3402521398384,5438.965507219895,4,1,Model_1
11477,4294.12109375,2826.6912674591877,5443.809633346158,9,0,Model_1
11478,843.8189086914062,2858.2306746854447,5437.602566832269,0,0,Model_1
11479,2703.922607421875,2741.343926473055,5444.969086521945,5,1,Model_1
11480,4269.56396484375,2810.419352781726,5451.965372534527,16,0,Model_1
11481,2565.898681640625,2757.9527966950554,5443.197758605005,5,0,Model_1
11482,3721.33935546875,2792.9434664830333,5450.635640129389,9,0,Model_1
11483,2932.675537109375,2890.1307440280216,5449.2034575655125,17,0,Model_1
11484,4081.507080078125,2857.7604559849715,5452.210546362679,15,0,Model_1
11485,2999.892333984375,2916.2809339896776,5457.224951718294,11,0,Model_1
11486,2534.8740234375,2778.6647451223107,5455.87967515114,7,0,Model_1
11487,3721.5029296875,2758.2289897643495,5458.133578643377,2,0,Model_1
11488,6903.103515625,2876.728935662308,5468.0648850656,18,0,Model_1
11489,2364.92919921875,2929.893109409837,5461.1215905144345,4,0,Model_1
11490,2428.80419921875,2830.358190775849,5460.154319705383,15,1,Model_1
11491,4794.826171875,2852.495985923335,5468.089614414261,15,0,Model_1
11492,2786.275390625,2742.2233712378656,5467.182400594815,3,8,Model_1
11493,1229.020751953125,2771.7778709394624,5468.056406431773,4,1,Model_1
11494,6117.4814453125,2792.3544847627636,5473.630401619943,16,0,Model_1
11495,1723.6663818359375,2895.025575698586,5468.946662983566,7,0,Model_1
11496,2074.146240234375,2724.8731527857017,5472.321865799371,5,9,Model_1
11497,1970.765625,2909.3586150296032,5470.373193124891,5,1,Model_1
11498,1924.19921875,2832.4853377311956,5471.045124855649,3,0,Model_1
11499,3720.11181640625,2710.4696842220146,5478.080977826088,0,9,Model_1
11500,4525.1396484375,2815.7540219151415,5479.1075990719255,23,1,Model_1
11501,5112.42529296875,2924.3913434694987,5485.130961852905,17,0,Model_1
11502,4332.43798828125,2840.3639751937008,5484.391907604353,13,0,Model_1
11503,8106.94921875,2895.441246267874,5493.293766569463,33,0,Model_1
11504,2994.623779296875,2942.217764805304,5486.660648705787,6,0,Model_1
11505,1314.0333251953125,2861.0625742892735,5484.384842076164,8,0,Model_1
11506,2495.77197265625,2910.5195465642028,5488.543611968111,13,2,Model_1
11507,5214.72265625,2725.105615285691,5493.813789444161,2,10,Model_1
11508,5596.18896484375,2749.163412586553,5496.596194444923,5,24,Model_1
11509,4689.65625,2797.7660276337992,5496.745983642526,23,3,Model_1
11510,3297.92041015625,2825.0976334493607,5496.975613308663,7,0,Model_1
11511,5947.123046875,2859.044293435407,5503.682212665502,9,1,Model_1
11512,9281.84375,2778.859691397054,5512.481621471874,9,34,Model_1
11513,2339.034423828125,2955.00964680966,5504.058098765148,11,0,Model_1
11514,1706.6138916015625,2709.5564058062155,5502.825164096197,1,5,Model_1
11515,2129.11669921875,2813.803178202361,5508.919888711884,6,1,Model_1
11516,2443.005859375,2914.7022604377707,5510.317450187635,8,0,Model_1
11517,2999.2158203125,2872.5982381501235,5513.106920716586,15,0,Model_1
11518,2407.462890625,2743.7896161016542,5515.305006536131,3,11,Model_1
11519,2922.345947265625,2895.2736891391687,5514.66063036531,9,0,Model_1
11520,3007.130615234375,2715.6234468950424,5517.768049662758,2,13,Model_1
11521,1897.750732421875,2951.8974112404976,5517.556790369912,6,0,Model_1
11522,5370.55224609375,2884.998846639646,5527.721965775185,10,3,Model_1
11523,4357.91748046875,2842.71575917874,5526.258694887278,14,1,Model_1
11524,954.859375,2980.7973333678674,5521.312825155095,3,0,Model_1
11525,1600.9453125,2972.8906162766507,5525.197452553315,2,0,Model_1
11526,1983.9840087890625,2724.0500974392053,5527.165202153905,0,2,Model_1
11527,3757.4296875,2856.0294159231707,5535.843790428247,13,0,Model_1
11528,4071.552978515625,2991.5433152114274,5534.300679071806,8,0,Model_1
11529,3842.72314453125,2818.5191748605575,5535.087072359223,4,22,Model_1
11530,4179.09765625,2968.840705237235,5540.078161471814,7,1,Model_1
11531,3200.172607421875,2869.6183450933313,5539.964406467974,3,3,Model_1
11532,2234.0068359375,2953.6795470201178,5531.9951972237905,5,0,Model_1
11533,5312.77392578125,2904.7623020347673,5546.143917421927,6,1,Model_1
11534,3013.140625,2708.149662439944,5543.511301618768,0,2,Model_1
11535,5308.47314453125,2829.19956085016,5548.750390770787,8,4,Model_1
11536,4002.784912109375,2949.1004960921127,5547.336578580202,3,0,Model_1
11537,3362.58447265625,2886.1565559217706,5550.682106177614,9,1,Model_1
11538,6020.16259765625,2925.8850876525976,5555.444978729705,4,0,Model_1
11539,4828.06982421875,2980.8185081698466,5556.391759507009,11,0,Model_1
11540,10674.4345703125,2803.6786307647126,5567.460615967633,5,44,Model_1
11541,5479.12060546875,2848.779578015092,5558.51071141084,13,4,Model_1
11542,4093.415283203125,2994.9400296419626,5565.95707156905,5,0,Model_1
11543,8805.548828125,2871.519243892748,5567.618883799063,8,4,Model_1
11544,6933.70556640625,2960.888876611367,5570.893756114587,13,0,Model_1
11545,8807.806640625,2905.535642628791,5576.0558310093475,12,2,Model_1
11546,2779.20166015625,2822.741476407391,5568.465334076085,6,4,Model_1
11547,4887.6044921875,2833.6409755653003,5579.424674849783,4,8,Model_1
11548,2731.25439453125,2975.371750682476,5582.308116903645,8,0,Model_1
11549,2140.14404296875,2849.100192136364,5584.383262532705,0,4,Model_1
11550,8639.283203125,2872.165535674896,5590.427821898251,7,1,Model_1
11551,5402.865234375,2941.21380299842,5592.428072928509,8,1,Model_1
11552,3940.2265625,2820.2681674718624,5595.840723043715,1,8,Model_1
11554,8272.994140625,3028.397597734467,5539.1398593283375,6,0,Model_1
11555,5901.849609375,3014.6820800742134,5562.536649372836,16,0,Model_1
11556,4120.177734375,3007.8398571042344,5586.617382546014,8,0,Model_1
11557,2196.40869140625,3020.5463494180003,5584.60158735374,7,0,Model_1
11566,3370.275634765625,3699.2196974928956,5344.543908162799,1,1,Model_1
11567,4124.94921875,3722.726029298734,5376.561349150492,5,0,Model_1
11568,9939.330078125,3715.4623817371903,5408.463622028707,12,1,Model_1
11569,5980.53662109375,3739.0161266865907,5417.094871264184,17,1,Model_1
11570,7481.71337890625,3735.5167604986345,5441.400994786585,38,0,Model_1
11571,1853.40234375,3837.2384377587587,5449.410477541445,3,4,Model_1
11572,5238.5625,3716.476470623282,5460.708963668207,31,1,Model_1
11573,4407.14794921875,3770.391889519291,5462.322023753717,0,2,Model_1
11574,7823.13525390625,3706.223953730194,5480.941103636927,26,1,Model_1
11575,11756.6142578125,3768.349441771861,5501.866371920973,4,3,Model_1
11576,9676.201171875,3791.532167364843,5530.530513230246,5,1,Model_1
11577,3025.7529296875,3752.668350101798,5557.2163066466455,3,1,Model_1
11578,4927.14404296875,3817.214440234937,5574.604571519361,4,5,Model_1
11579,5448.060546875,3831.430097511504,5591.779457440774,1,20,Model_1
11580,18429.642578125,4010.757193864556,5344.731144659803,2,28,Model_1
11581,2810.064208984375,3956.7504010947887,5389.821932455292,0,1,Model_1
11582,9405.9384765625,4014.890423146542,5399.3469710066565,0,1,Model_1
11583,3075.3076171875,4036.0283993831836,5394.898514458968,1,12,Model_1
11584,4380.373046875,4116.19665999827,5399.770196145168,1,14,Model_1
11585,3117.888427734375,3859.403391891392,5410.362836005865,1,10,Model_1
11586,9120.85546875,4107.778295246186,5423.358462003584,4,17,Model_1
11587,7980.26416015625,3986.547490375582,5424.361767006398,2,37,Model_1
11588,5424.99267578125,3836.6773055063095,5423.6191799937515,2,43,Model_1
11589,12596.1962890625,4105.585322275991,5458.291846474807,1,24,Model_1
11590,20113.4296875,3993.145742801018,5473.043256227451,2,38,Model_1
11591,4107.150390625,3915.8798110224307,5458.187983210431,2,17,Model_1
11592,8625.6259765625,3950.1811489416286,5561.035224632709,1,25,Model_1
11593,3025.25341796875,4118.412188735791,5590.431354662345,0,4,Model_1
11594,9698.8916015625,4191.47630328685,5330.874937328685,3,19,Model_1
11595,8705.541015625,4232.672340859193,5359.449346429959,3,14,Model_1
11596,7232.498046875,4284.795496896375,5365.869085342332,3,3,Model_1
11597,6434.7451171875,4128.636395839276,5375.953007173433,1,11,Model_1
11598,10321.1806640625,4303.012271103449,5388.480188652233,4,3,Model_1
11599,11301.033203125,4331.874446844682,5420.691931665118,2,4,Model_1
11600,12235.888671875,4135.77000249736,5470.667119097547,4,55,Model_1
11601,4103.17333984375,4278.227165386779,5466.119745155214,3,6,Model_1
11602,3425.197509765625,4146.14887771965,5504.612742727972,0,12,Model_1
11603,15921.09765625,4361.4777406551875,5542.158959523425,6,2,Model_1
11604,16072.1396484375,4390.09226327762,5576.669825408957,5,2,Model_1
11605,4573.40478515625,4140.451475021895,5580.815877350164,0,8,Model_1
11606,8168.74951171875,4468.838589907624,5350.630154144659,34,1,Model_1
11607,3140.53125,4409.937655949965,5365.948219258047,56,1,Model_1
11608,6628.78271484375,4441.6717792900745,5369.342498999962,37,1,Model_1
11609,4392.60400390625,4420.956838771235,5380.271458002448,18,0,Model_1
11610,5590.91357421875,4448.762576022418,5392.45525481127,79,3,Model_1
11611,3186.183349609375,4415.9913477071095,5397.0421957114595,2,0,Model_1
11612,6340.80126953125,4472.604942729231,5442.165484936617,39,0,Model_1
11613,3940.118896484375,4394.063459292287,5491.453903029091,7,0,Model_1
11614,2324.8466796875,4417.620886815945,5490.631475547911,1,1,Model_1
11615,5887.19677734375,4397.177536148578,5514.149792677257,7,4,Model_1
11616,5473.70166015625,4417.092437410029,5511.683216786536,1,0,Model_1
11617,11431.1337890625,4434.537712310208,5540.139631567057,5,5,Model_1
11618,4457.41796875,4409.864464786602,5535.036200556264,3,2,Model_1
11619,10813.22265625,4405.471153697697,5560.210677493073,2,5,Model_1
11626,5514.34716796875,5227.951558288187,5381.266990924254,8,0,Model_1
11627,5568.318359375,5173.903336558025,5453.701372810523,17,0,Model_1
11628,3599.989990234375,5198.171500913333,5458.349783805956,18,0,Model_1
11629,3531.210693359375,5221.187129699392,5461.141373993363,18,1,Model_1
11630,4259.76904296875,5167.923296286026,5471.456338596239,3,0,Model_1
11631,3683.489501953125,5191.271277398802,5474.281136766134,13,0,Model_1
11632,4669.859375,5209.334764452418,5482.31888163375,37,0,Model_1
11633,4718.3251953125,5157.121845667716,5487.543839729391,7,0,Model_1
11634,3835.337158203125,5176.5925364093855,5490.917629439558,25,0,Model_1
11635,3637.740966796875,5196.189355319366,5496.393413785903,28,0,Model_1
11636,4563.86865234375,5148.591162400786,5502.9375059943995,9,0,Model_1
11637,3941.781005859375,5137.863823589403,5517.323627939681,1,0,Model_1
11638,7125.62109375,5175.305937028257,5516.720938385173,64,0,Model_1
11639,4493.76953125,5208.096038536634,5524.6625920694205,1,0,Model_1
11640,2942.5361328125,5148.738465371076,5532.413476492569,28,0,Model_1
11641,5116.6416015625,5165.5530994297005,5533.940337134176,45,0,Model_1
11642,3361.2412109375,5128.911485570017,5533.264872639324,3,0,Model_1
11643,4679.4794921875,5230.431772050448,5535.081419936672,1,0,Model_1
11644,4079.52783203125,5179.151465196395,5551.944009512139,36,0,Model_1
11645,4161.22900390625,5142.896521633724,5552.993240448181,22,0,Model_1
11646,7632.712890625,5126.717591956258,5560.828911209595,4,0,Model_1
11647,3959.224365234375,5162.0394632664975,5557.400010379555,35,1,Model_1
11648,2530.240234375,5181.399216458667,5570.66412644845,4,0,Model_1
11649,4834.716796875,5161.716317375423,5577.706338394259,49,0,Model_1
11650,3580.5537109375,5118.570356733864,5580.808105269156,3,0,Model_1
11651,4889.18212890625,5188.673681582091,5586.145405263,1,0,Model_1
11652,2811.282958984375,5119.339094110066,5595.490979398368,8,0,Model_1
11653,3770.475341796875,5405.1432218938135,5325.93683967751,45,0,Model_1
11654,3240.805419921875,5464.968481990043,5325.693078954995,11,0,Model_1
11655,4999.3681640625,5323.597678506514,5331.823837764445,48,0,Model_1
11656,3850.02001953125,5493.504289587727,5329.642002659733,1,0,Model_1
11657,3659.48681640625,5448.262483872008,5331.065000036964,3,0,Model_1
11658,4407.97314453125,5426.729551546276,5332.431473188684,8,0,Model_1
11659,4115.47705078125,5307.784704645863,5336.27441397059,51,0,Model_1
11660,2170.796142578125,5411.479551225202,5341.368659794738,2,0,Model_1
11661,7479.02978515625,5394.639139146777,5355.755488292838,2,0,Model_1
11662,3014.4619140625,5300.429683210561,5348.930894615245,22,0,Model_1
11663,6160.4423828125,5288.6781284338795,5357.341699371231,57,0,Model_1
11664,3742.834228515625,5346.552084495546,5350.723419116752,6,1,Model_1
11665,4356.40625,5324.781626130221,5363.774862787162,2,1,Model_1
11666,5678.34375,5425.682319491869,5371.424710157211,3,1,Model_1
11667,4686.16259765625,5289.222228780389,5383.911618125334,29,0,Model_1
11668,7861.078125,5416.346533427946,5399.987107860565,0,1,Model_1
11669,3450.271484375,5240.8571397727355,5397.595426568645,18,1,Model_1
11670,8074.25634765625,5285.644607889466,5412.935394819418,2,1,Model_1
11671,3629.3515625,5253.172588732559,5413.118391999509,9,0,Model_1
11672,4900.86474609375,5263.842847642954,5426.04336271534,8,0,Model_1
11673,3893.243896484375,5356.383637118852,5420.828296359163,2,5,Model_1
11674,7682.46435546875,5484.313965206966,5446.21261948318,2,12,Model_1
11675,8743.6298828125,5511.842128423508,5447.932369044342,1,1,Model_1
11676,11718.462890625,5450.862381297629,5449.458523133129,2,32,Model_1
11677,5769.4794921875,5337.2038697435055,5445.906682112603,1,2,Model_1
11678,8418.8447265625,5417.005714219995,5463.132439836976,5,14,Model_1
11679,6156.61669921875,5322.878195561003,5465.3199273642385,0,0,Model_1
11680,5540.11328125,5283.232061429182,5498.754006753792,2,0,Model_1
11681,9181.2900390625,5303.54329974507,5512.457598676032,0,4,Model_1
11682,6026.2958984375,5390.530767241027,5532.655117556627,3,5,Model_1
11683,4375.63818359375,5255.076939945342,5530.38849611365,2,1,Model_1
11684,5717.14306640625,5242.505552074639,5551.397844183142,0,0,Model_1
11685,13583.09765625,5328.6699642241,5569.738542255713,3,10,Model_1
11686,7142.1650390625,5252.096356405877,5582.936948912451,2,4,Model_1
11687,2097.433349609375,5534.235402160091,5319.8286905582645,8,1,Model_1
11688,4587.8056640625,5609.480981636792,5322.550332016603,33,0,Model_1
11689,3617.488037109375,5573.599819361232,5329.279541063646,3,0,Model_1
11690,7377.60791015625,5633.895988640608,5337.200704716146,29,0,Model_1
11691,4773.95458984375,5520.161063670646,5341.256317896536,3,0,Model_1
11692,3314.6884765625,5560.34347267868,5340.558243711479,11,1,Model_1
11693,4619.74365234375,5606.510985498317,5340.572374767857,14,0,Model_1
11694,3937.8603515625,5613.999500250444,5355.0023029879085,7,0,Model_1
11695,4738.572265625,5588.440593617968,5358.858668273373,6,1,Model_1
11696,3761.79248046875,5557.790528074838,5355.486998221662,0,0,Model_1
11697,5377.8525390625,5629.611773814075,5366.290190822387,8,0,Model_1
11698,4526.37255859375,5537.739371565869,5364.572560919682,1,0,Model_1
11699,4621.7080078125,5685.032675098628,5371.553302770248,10,0,Model_1
11700,5050.47900390625,5655.628240298014,5383.17397698242,11,1,Model_1
11701,3919.729736328125,5673.014133688295,5386.097692546959,13,0,Model_1
11702,5980.61328125,5707.829651038162,5390.404838530871,30,0,Model_1
11703,2215.866943359375,5690.6734582171775,5392.751300442382,6,0,Model_1
11704,5584.51171875,5518.730843893485,5405.0580374416895,1,1,Model_1
11705,3400.4560546875,5674.494068217929,5405.6812170279445,6,0,Model_1
11706,2301.641845703125,5688.148132920265,5409.507907095016,4,0,Model_1
11707,2118.66796875,5702.2330588107,5410.423599548289,9,0,Model_1
11708,2907.393798828125,5717.314581359504,5410.233536840009,22,0,Model_1
11709,4800.2958984375,5625.760721784551,5419.053435678128,0,0,Model_1
11710,4875.57275390625,5733.350811284501,5421.748228129349,51,1,Model_1
11711,7186.2998046875,5673.24567554472,5431.6830673156655,2,0,Model_1
11712,4183.41650390625,5695.922507499112,5427.627454135276,16,1,Model_1
11713,6051.82958984375,5712.274518166669,5435.904720408493,38,0,Model_1
11714,4143.24462890625,5543.915048595285,5438.364230771025,1,0,Model_1
11715,2490.9697265625,5565.628887381405,5438.074544115283,1,0,Model_1
11716,4242.35498046875,5743.1703955414705,5440.726943397371,32,0,Model_1
11717,2781.886962890625,5731.188219551928,5448.899639853393,10,0,Model_1
11718,3407.4091796875,5690.824443761725,5449.277645611495,1,0,Model_1
11719,3076.626220703125,5549.055001614848,5452.869053589879,0,0,Model_1
11720,2777.82373046875,5568.970823519863,5452.667686036497,1,0,Model_1
11721,4042.620361328125,5763.097265169257,5458.35967554542,73,0,Model_1
11722,3954.26220703125,5674.385892599123,5456.298660972738,1,0,Model_1
11723,2519.9052734375,5718.254558438668,5455.701623840781,5,0,Model_1
11724,3318.466552734375,5532.2164308235515,5460.01724845852,0,1,Model_1
11725,5376.28564453125,5704.885432919487,5467.247403454152,3,0,Model_1
11726,2130.677490234375,5747.678326754132,5459.372872287699,42,0,Model_1
11727,4612.21142578125,5561.633754634066,5467.852212667116,1,2,Model_1
11728,2192.525390625,5731.656827126164,5464.848656634043,8,1,Model_1
11729,3497.060302734375,5691.0578269052785,5475.478743794141,1,1,Model_1
11730,1709.0184326171875,5663.329423713498,5471.7467318048,1,0,Model_1
11731,5604.91650390625,5599.872685077833,5478.46604911238,1,1,Model_1
11732,3271.268310546875,5674.010270024883,5479.020693075203,1,0,Model_1
11733,1638.240966796875,5752.346449946985,5473.472133788513,24,0,Model_1
11734,2507.65771484375,5777.949547470547,5476.704612934904,49,0,Model_1
11735,2119.351318359375,5724.197772968095,5476.261604317464,2,0,Model_1
11736,3801.705322265625,5742.876249922672,5482.051098115393,44,0,Model_1
11737,2854.325439453125,5762.435322446516,5480.437331477064,26,0,Model_1
11738,2394.927001953125,5620.133748319466,5478.105707174749,0,0,Model_1
11739,5640.1796875,5650.751591337845,5492.708034282608,1,0,Model_1
11740,4265.52294921875,5546.569263991201,5482.069468488684,1,1,Model_1
11741,5038.869140625,5636.972319110762,5486.048067411815,1,0,Model_1
11742,2840.41748046875,5565.302519237855,5488.109081984498,1,0,Model_1
11743,907.4935913085938,5711.196444552857,5485.148625673377,0,0,Model_1
11744,4649.88525390625,5694.921307622921,5492.849344846385,1,1,Model_1
11745,2064.187744140625,5769.0888134858105,5491.860877452767,35,1,Model_1
11746,5415.6875,5791.401070588734,5500.918178038031,119,1,Model_1
11747,3481.279052734375,5732.047640319215,5494.299191230733,1,0,Model_1
11748,2872.339599609375,5619.613124383846,5495.2664620397845,3,1,Model_1
11749,5090.595703125,5680.902207747335,5503.022998885484,2,0,Model_1
11750,1753.4281005859375,5598.424512751168,5495.452285431151,0,0,Model_1
11751,1338.152099609375,5777.780149054714,5499.196308818413,16,0,Model_1
11752,2519.175048828125,5754.438152125105,5501.718702381826,68,1,Model_1
11753,1821.0736083984375,5662.302445817506,5500.404514138703,0,1,Model_1
11754,6044.4150390625,5613.386351636611,5510.679911783722,1,3,Model_1
11755,1781.539306640625,5718.018413364422,5502.396993087954,2,0,Model_1
11756,3245.0009765625,5766.225151679013,5511.678977469623,76,0,Model_1
11757,4082.114501953125,5592.193597107893,5514.630248594098,1,0,Model_1
11758,5064.61572265625,5743.253253462259,5513.698305425991,6,0,Model_1
11759,3021.218017578125,5703.950979701709,5510.706760790839,3,0,Model_1
11760,5421.91796875,5643.319696164923,5521.471799539344,4,2,Model_1
11761,2274.563232421875,5672.090728193289,5515.007547799381,2,0,Model_1
11762,3923.306884765625,5723.786245294847,5518.105075357365,1,0,Model_1
11763,2754.280029296875,5780.108456628863,5518.293724960007,48,0,Model_1
11764,2947.776123046875,5663.162326906575,5524.780586390174,0,0,Model_1
11765,3738.17041015625,5693.243895048741,5526.865623758698,0,1,Model_1
11766,3614.3134765625,5797.640272024088,5525.701931265998,40,0,Model_1
11767,6259.82958984375,5618.675909235375,5531.080917876156,2,0,Model_1
11768,1089.6253662109375,5679.418590643443,5527.922626775748,0,0,Model_1
11769,939.5926513671875,5767.573894500732,5528.049806283147,32,1,Model_1
11770,4623.7529296875,5744.212103734491,5533.663368429174,1,0,Model_1
11771,2297.296142578125,5598.111954261083,5535.629704924126,1,1,Model_1
11772,2781.548583984375,5787.99607036612,5539.110890662763,28,0,Model_1
11773,1719.39599609375,5777.25446157949,5536.009123787866,20,0,Model_1
11774,7911.796875,5752.972487570718,5549.971314041817,4,0,Model_1
11775,4809.54345703125,5675.11320101493,5539.989135816635,0,0,Model_1
11776,2321.352294921875,5707.345392523333,5542.742572151823,0,0,Model_1
11777,2486.934326171875,5772.784737074748,5547.721649866493,26,0,Model_1
11778,2065.83349609375,5701.244747944409,5552.244294460164,3,0,Model_1
11779,4115.81103515625,5643.341791610466,5555.278232264449,0,2,Model_1
11780,4343.24072265625,5685.215422846144,5557.079941952601,2,0,Model_1
11781,6229.029296875,5662.740211832337,5564.315749370784,5,1,Model_1
11782,2198.8564453125,5727.639598933281,5554.841582622379,0,0,Model_1
11783,1999.7176513671875,5795.929255959811,5554.606300533691,20,0,Model_1
11784,1990.60400390625,5781.810726579279,5559.882130432292,42,0,Model_1
11785,3755.821044921875,5718.484719329746,5564.673971649958,1,0,Model_1
11786,2149.31591796875,5800.824317791266,5566.250290988886,31,0,Model_1
11787,5075.8662109375,5700.965792944422,5573.3695171919535,2,0,Model_1
11788,3421.295654296875,5758.452618387295,5570.879625058209,3,0,Model_1
11789,2601.969970703125,5742.3220224969555,5574.300047254423,1,1,Model_1
11790,4265.01416015625,5782.446430960437,5574.498588596529,67,0,Model_1
11791,4228.224609375,5645.283889209386,5577.511329816247,2,5,Model_1
11792,1538.7999267578125,5731.573048561811,5578.805028027622,1,1,Model_1
11793,4720.7900390625,5763.5469995504245,5587.277302878851,2,0,Model_1
11794,2507.381103515625,5675.684460346587,5583.335444702301,2,5,Model_1
11795,917.5736083984375,5800.022437246749,5579.634521036991,16,1,Model_1
11796,3885.759033203125,5722.695742992917,5588.359035244561,0,1,Model_1
11797,2486.708984375,5696.0053654199,5587.770476746431,1,0,Model_1
11798,862.541748046875,5690.533520395402,5596.073178921128,2,2,Model_1
11799,2704.97412109375,5807.36226806324,5544.731518336979,59,0,Model_1
11800,3235.498046875,5816.354193755891,5561.6209569195635,25,0,Model_1
11801,1923.3740234375,5811.085350637324,5576.910759920196,33,0,Model_1
11804,4892.2978515625,6636.340574930655,5516.113302960934,40,1,Model_1
11805,3360.156494140625,6623.74525032728,5529.9320629926515,20,0,Model_1
11806,4034.877197265625,6616.704628669191,5545.0989258027985,28,2,Model_1
11807,1965.786865234375,6636.701006886084,5542.2493982842425,28,0,Model_1
11808,3746.62353515625,6604.989899635082,5558.712078964221,44,2,Model_1
11809,2930.721923828125,6624.981674634153,5560.850107794162,24,1,Model_1
11810,600.8353881835938,6639.658114014659,5554.567440128652,8,0,Model_1
11811,1188.8818359375,6589.839789140737,5568.586861160933,1,1,Model_1
11812,2052.70068359375,6630.362375945784,5573.2967422516085,15,2,Model_1
11813,2894.61083984375,6601.681566986721,5576.334212819987,24,0,Model_1
11814,2165.2421875,6616.811883644434,5578.290657575475,18,0,Model_1
11815,3597.321533203125,6587.142303497298,5587.258225952741,35,0,Model_1
11816,1846.2884521484375,6628.027623866685,5587.563456770498,11,1,Model_1
11817,801.5852661132812,6607.813973768614,5588.954659270879,1,1,Model_1
11818,4668.77978515625,6852.297777098836,5411.32728060364,81,0,Model_1
11819,1942.5184326171875,6824.32264143182,5407.815713093791,60,0,Model_1
11820,2090.19775390625,6836.516565441154,5409.883793194662,43,0,Model_1
11821,4660.35302734375,6871.046222964302,5412.989799386472,97,0,Model_1
11822,2933.035888671875,6898.652640883811,5409.089627826237,32,0,Model_1
11823,2653.113037109375,6886.612924671499,5417.111121979018,80,0,Model_1
11824,2810.621826171875,6810.771688808687,5414.018540290766,73,1,Model_1
11825,2477.36376953125,6916.290330288932,5413.236386320263,50,0,Model_1
11826,2266.65283203125,6778.630180691369,5414.547041799291,30,0,Model_1
11827,1496.3228759765625,6793.580051210476,5414.677754070784,16,0,Model_1
11828,4209.919921875,6765.1211173504125,5425.436433843919,71,1,Model_1
11829,1872.6031494140625,6803.098124700133,5425.207510730601,48,0,Model_1
11830,1616.979248046875,6822.79253182793,5423.2863936160575,37,0,Model_1
11831,1591.1474609375,6918.537621229421,5422.472444768704,21,0,Model_1
11832,2529.3447265625,6839.450196158839,5425.521220182185,101,0,Model_1
11833,2599.916748046875,6748.25354628684,5429.340844721068,51,0,Model_1
11834,1395.4400634765625,6789.716110171052,5426.933619267133,44,1,Model_1
11835,1882.4593505859375,6862.748922840925,5430.354041463346,48,1,Model_1
11836,3685.4951171875,6887.270724498201,5430.720742376347,109,1,Model_1
11837,1420.95654296875,6738.250753960572,5432.472993367177,17,0,Model_1
11838,2779.44287109375,6902.071911081672,5436.0453244194505,45,0,Model_1
11839,2417.532958984375,6818.063646159833,5437.477506983327,53,0,Model_1
11840,3532.59130859375,6918.406889843289,5436.214190543164,53,0,Model_1
11841,2572.2763671875,6779.94716131012,5437.011182122864,95,0,Model_1
11842,1648.3643798828125,6830.281046580058,5435.663785897254,23,0,Model_1
11843,2389.24755859375,6853.629488014616,5441.250499036163,15,0,Model_1
11844,2422.045166015625,6793.582813141169,5442.15064732742,43,0,Model_1
11845,2197.81494140625,6805.548877868336,5441.244140060793,63,1,Model_1
11846,1936.8089599609375,6842.323524723062,5441.044185613049,53,0,Model_1
11847,3628.968017578125,6730.586856609443,5444.646191883716,39,0,Model_1
11848,1557.4852294921875,6759.685637746705,5441.350122983626,38,0,Model_1
11849,1311.3763427734375,6769.443538884865,5445.980163605767,33,0,Model_1
11850,3592.8818359375,6715.727669481421,5449.447924840846,44,0,Model_1
11851,1317.013916015625,6878.168321577832,5443.71990113816,43,0,Model_1
11852,1689.9713134765625,6887.1777394982055,5448.3082551439875,41,0,Model_1
11853,1689.718505859375,6871.895976974163,5450.9952755142,43,0,Model_1
11854,1608.4769287109375,6745.7747134899255,5448.197326351423,17,0,Model_1
11855,2431.276123046875,6921.925129224313,5452.356096243369,31,0,Model_1
11856,1608.39306640625,6860.818793608341,5449.895879328018,20,0,Model_1
11857,2197.85791015625,6698.6405249277595,5449.41401030554,21,0,Model_1
11858,594.8945922851562,6828.404774995986,5446.982762055763,22,0,Model_1
11859,2492.318603515625,6906.578001007205,5453.782626384695,38,0,Model_1
11860,2316.856201171875,6836.782171109458,5456.392632497649,21,1,Model_1
11861,1286.7435302734375,6813.366983016487,5451.650956530124,16,0,Model_1
11862,2799.35888671875,6781.19785559224,5455.672655175207,36,0,Model_1
11863,3025.450927734375,6755.0704515588,5457.726604219701,69,0,Model_1
11864,2624.53662109375,6893.229129646439,5459.088131501689,39,0,Model_1
11865,1199.4052734375,6825.495081010973,5455.972940123233,20,0,Model_1
11866,3145.667724609375,6677.7796624039765,5462.334035151638,19,0,Model_1
11867,2841.595947265625,6796.977686284576,5460.03632538463,50,1,Model_1
11868,850.7554321289062,6768.577213290846,5457.162068517413,20,0,Model_1
11869,2282.6064453125,6849.733324450441,5461.828143333318,45,0,Model_1
11870,4573.982421875,6692.469911437947,5466.903312231356,35,0,Model_1
11871,1824.016845703125,6734.414432228077,5461.7002572731,28,0,Model_1
11872,4019.741455078125,6711.861426833086,5469.863061989658,55,1,Model_1
11873,2720.89599609375,6814.931616754038,5463.968998374534,44,0,Model_1
11874,4074.37109375,6870.201532494044,5464.920018468751,51,1,Model_1
11875,1278.1304931640625,6908.377398853656,5466.096428912191,2,0,Model_1
11876,3771.48779296875,6766.420145419659,5470.8861504714005,41,0,Model_1
11877,2253.8818359375,6921.701873159967,5468.8957911806065,0,0,Model_1
11878,2629.693115234375,6731.003447822295,5474.801159640832,23,0,Model_1
11879,3712.649169921875,6834.671135416487,5474.80893172184,7,2,Model_1
11880,2084.845458984375,6879.212331379764,5475.933057256683,3,0,Model_1
11881,3281.48583984375,6797.1710214330815,5476.895382196002,14,0,Model_1
11882,3581.101806640625,6748.98131502443,5480.512932628684,36,1,Model_1
11883,2643.797607421875,6665.826947008492,5479.887633383973,50,0,Model_1
11884,1208.24072265625,6852.464873905759,5473.689752056729,0,0,Model_1
11885,5086.66357421875,6892.464535166277,5486.414061771997,0,0,Model_1
11886,2942.13818359375,6814.454263065942,5479.498322780768,1,0,Model_1
11887,1863.072021484375,6906.189949744847,5476.813422069012,0,0,Model_1
11888,1635.2322998046875,6676.964892849559,5483.686767891108,30,0,Model_1
11889,4172.46728515625,6855.01965979673,5485.763326625805,0,0,Model_1
11890,3239.74072265625,6688.467873863876,5488.571167528047,33,1,Model_1
11891,1237.0771484375,6702.234257081058,5485.4658678890555,13,0,Model_1
11892,3257.359619140625,6714.857200991362,5488.033480832877,26,0,Model_1
11893,4885.8125,6652.591314806137,5494.053310849762,46,0,Model_1
11894,3413.991455078125,6821.760030070553,5493.599703940039,1,1,Model_1
11895,5343.67626953125,6872.000930340495,5496.165197225404,0,1,Model_1
11896,2030.3458251953125,6740.630157252541,5493.252786505967,18,0,Model_1
11897,1885.2861328125,6666.175870919367,5501.790064216533,22,2,Model_1
11898,2190.438720703125,6678.248269978212,5504.597198565956,11,0,Model_1
11899,2538.30126953125,6851.042479598895,5504.546326762997,1,0,Model_1
11900,1960.603759765625,6690.399384061806,5510.101951577875,18,1,Model_1
11901,2840.68994140625,6654.081836736761,5515.662522262486,77,0,Model_1
11902,2204.39697265625,6699.833218665328,5518.610967175686,22,0,Model_1
11903,1750.9530029296875,6670.3123224538285,5515.753667576122,28,2,Model_1
11904,2069.458984375,6711.240913070738,5520.618990286952,24,1,Model_1
11905,2764.741455078125,6684.773791562067,5524.851241672062,22,1,Model_1
11906,1426.59423828125,6667.683885077713,5527.4937492146855,37,1,Model_1
11907,1129.420166015625,6648.094891638029,5531.151573158044,21,0,Model_1
11908,1484.0819091796875,6659.007279805839,5532.74838252872,26,0,Model_1
11909,2378.068603515625,6721.326102996012,5537.698491577816,2,0,Model_1
11910,3132.25537109375,6868.686613508966,5535.760417195619,0,1,Model_1
11911,1311.1689453125,6667.559137874749,5543.887187718414,13,1,Model_1
11912,1486.3890380859375,6646.431749039097,5544.6389599177055,14,0,Model_1
11913,4368.49462890625,6885.7894090032205,5548.7892511758255,0,4,Model_1
11914,2028.5665283203125,6656.6398448802065,5547.784533067374,27,2,Model_1
11915,6706.60546875,6807.442181358347,5554.4459130438045,0,0,Model_1
11916,2614.463134765625,6663.59622765216,5561.04723603063,23,1,Model_1
11917,943.052978515625,6651.415652974509,5560.688307198638,14,0,Model_1
11918,2735.559326171875,6642.632253049174,5567.566598890466,18,1,Model_1
11919,5067.6328125,6698.321521932725,5583.054236680386,2,2,Model_1
11920,1266.465576171875,6654.745620746631,5575.082907777745,8,1,Model_1
11921,2790.1884765625,6645.523073841119,5586.381393904507,24,0,Model_1
11922,3115.06982421875,6935.896815956337,5419.781891634397,40,0,Model_1
11923,4086.017822265625,6955.925877019763,5424.291111724509,65,0,Model_1
11924,2412.36376953125,6967.980783850886,5438.049108213803,40,0,Model_1
11925,2662.071044921875,6980.896492414642,5434.2909537701635,45,1,Model_1
11926,2003.8687744140625,6936.410535065224,5434.684503690281,64,0,Model_1
11927,4582.20654296875,6996.892674344592,5444.649018094991,73,1,Model_1
11928,3455.5712890625,6950.6556529358495,5442.224835373403,41,0,Model_1
11929,2241.817626953125,7013.820087239845,5448.198739457061,35,0,Model_1
11930,2347.49609375,6933.066757639637,5453.936654899211,18,0,Model_1
11931,2025.247314453125,6976.1307810039725,5450.247742631822,3,1,Model_1
11932,1500.061279296875,7030.056096818298,5451.91308762593,19,0,Model_1
11933,3548.030029296875,6962.220317068975,5459.595436425647,37,1,Model_1
11934,2405.493408203125,6945.233982985606,5458.269236784603,16,1,Model_1
11935,6495.69873046875,6985.477154468885,5467.942651427933,68,1,Model_1
11936,2558.935546875,7022.794981026556,5462.208975302696,28,0,Model_1
11937,2870.609619140625,7004.493507611565,5465.1447022651555,38,1,Model_1
11938,3536.9619140625,7040.724974763347,5467.502469021769,79,0,Model_1
11939,2146.125244140625,6939.729455114575,5473.70176345465,0,1,Model_1
11940,3083.2255859375,6957.450462762266,5474.152544153098,3,0,Model_1
11941,5225.05712890625,7014.8733034774195,5478.562140295748,31,1,Model_1
11942,3214.07470703125,7058.396727980347,5480.721365710255,39,1,Model_1
11943,4976.25732421875,6923.842369446997,5486.429605934012,1,0,Model_1
11944,4534.5478515625,6967.4776521429885,5490.640660734556,3,0,Model_1
11945,2362.850341796875,7040.587338550482,5482.859394540195,11,0,Model_1
11946,2239.24853515625,7071.957347360905,5493.865367799939,16,1,Model_1
11947,1605.7855224609375,7079.220764761558,5487.557970785769,17,0,Model_1
11948,10073.8984375,6940.768401376903,5499.683830263442,0,0,Model_1
11949,4816.3671875,6984.5284312758595,5493.460513034719,4,0,Model_1
11950,4016.4189453125,7019.4581084277015,5500.584685107518,2,0,Model_1
11951,2258.927001953125,7007.50815496291,5494.831932056171,1,0,Model_1
11952,3632.59033203125,7043.944925629534,5497.586781496997,9,0,Model_1
11953,1972.2685546875,7058.511348104104,5499.88166505273,23,1,Model_1
11954,5134.4287109375,7089.556830058107,5506.279500827717,49,0,Model_1
11955,1794.269775390625,7032.849329392426,5508.007022469887,1,0,Model_1
11956,3825.8408203125,7066.403104737401,5511.896595737839,37,0,Model_1
11957,2919.763916015625,7106.423020156333,5512.761416388152,46,0,Model_1
11958,1845.328369140625,7002.770983502734,5511.162487359019,2,0,Model_1
11959,2815.924560546875,7047.86686721351,5518.118499860924,6,1,Model_1
11960,5141.7236328125,6981.856723652221,5522.150796798291,2,1,Model_1
11961,4837.0029296875,6958.468234222615,5523.421178766643,10,0,Model_1
11962,3325.880859375,7025.091986719519,5520.890306569403,0,0,Model_1
11963,1565.966796875,7075.980099415174,5521.615229761577,6,0,Model_1
11964,954.3972778320312,7119.741510279477,5519.72166820697,9,0,Model_1
11965,1479.14111328125,7003.191717611626,5521.443537426589,0,1,Model_1
11966,4545.50927734375,6938.368283604737,5530.625897860795,2,0,Model_1
11967,1425.5384521484375,7039.698917510919,5526.738444251299,1,0,Model_1
11968,2899.4375,7086.373704934493,5528.789567084517,33,1,Model_1
11969,2648.4912109375,7004.879257265013,5530.8816699812305,2,1,Model_1
11970,4612.85205078125,7108.662485626526,5531.572678638098,42,0,Model_1
11971,1453.264404296875,7061.019641495077,5529.014250880922,6,0,Model_1
11972,3453.99560546875,7135.292561046081,5534.222958261729,9,0,Model_1
11973,1046.81298828125,7071.872648152988,5533.606844203663,7,0,Model_1
11974,2977.7587890625,7123.507402779302,5542.630936806439,25,0,Model_1
11975,3096.23779296875,7014.057613279438,5538.6678820453235,2,0,Model_1
11976,2927.5498046875,7043.729495035484,5538.798594316817,1,0,Model_1
11977,1868.7833251953125,7028.8274979817215,5538.923654165759,1,1,Model_1
11978,1634.4527587890625,7093.974077879684,5539.344759645814,18,0,Model_1
11979,1646.1837158203125,6983.181990063051,5536.4415341130225,0,0,Model_1
11980,4053.699951171875,6962.822417960037,5544.171221951605,2,0,Model_1
11981,880.6701049804688,7056.835776817054,5540.412360955146,2,0,Model_1
11982,1489.1495361328125,7068.26188409375,5543.062640578777,0,0,Model_1
11983,3198.353515625,6985.614330359967,5546.764977349725,4,0,Model_1
11984,2592.208251953125,7083.423962954432,5547.696920517832,13,0,Model_1
11985,1903.3438720703125,6946.570297119208,5549.157365194464,0,0,Model_1
11986,2134.651123046875,6936.341486797901,5555.0507222567685,1,0,Model_1
11987,2362.537841796875,7042.499054911779,5551.708020870632,0,0,Model_1
11988,2344.706298828125,7104.6889880029485,5549.656898037414,11,1,Model_1
11989,2574.479248046875,7137.594169956865,5552.768556651776,15,0,Model_1
11990,3352.434814453125,7060.208554514917,5555.601833455497,1,1,Model_1
11991,1733.9039306640625,7009.711715334095,5552.393377104949,1,0,Model_1
11992,2310.11865234375,7023.637369887903,5554.393628135207,4,0,Model_1
11993,5020.61572265625,7149.400042703841,5563.967418831075,16,1,Model_1
11994,2513.29248046875,6998.498276720755,5558.400489171094,0,0,Model_1
11995,2454.74072265625,7111.348463225411,5559.617173125211,18,0,Model_1
11996,2034.1026611328125,7071.680233648047,5562.673014066881,1,0,Model_1
11997,1644.3531494140625,6923.691844224231,5560.898859938665,0,1,Model_1
11998,2827.054443359375,6980.63779157307,5559.780386826373,1,0,Model_1
11999,5298.998046875,6953.952477539657,5566.183168471092,0,1,Model_1
12000,831.9114379882812,7080.842938721878,5561.0338115270715,1,0,Model_1
12001,1722.0675048828125,7041.246059020748,5562.203862995142,1,0,Model_1
12002,3996.24658203125,7127.621758868219,5567.672581813298,19,0,Model_1
12004,2612.548095703125,7003.456402636366,5570.39210361318,1,1,Model_1
12005,1726.51611328125,7020.178051694995,5568.018086141732,1,0,Model_1
12006,981.590087890625,6969.234240063699,5568.14597220195,0,0,Model_1
12007,1363.4219970703125,6926.298646476585,5570.934029625263,0,1,Model_1
12008,2495.40673828125,7049.638645753032,5571.3911692990805,1,0,Model_1
12009,4585.9091796875,6940.149728901684,5580.953655149846,2,1,Model_1
12010,1549.51171875,7033.859275382478,5574.242816476093,2,0,Model_1
12011,3794.001953125,6981.481101077981,5577.16794514627,0,0,Model_1
12012,2517.080322265625,7105.253802829655,5575.7166856562835,25,0,Model_1
12013,1881.3758544921875,7061.885967089096,5577.232241452788,0,0,Model_1
12014,1009.0726318359375,7118.487133423099,5575.3902582539595,4,0,Model_1
12015,1564.7366943359375,7022.818457437446,5577.799603366351,1,0,Model_1
12016,2422.3359375,7160.077666762751,5580.745928621094,14,0,Model_1
12017,2106.052490234375,6961.735598232364,5580.461894387903,0,0,Model_1
12018,3885.822021484375,7003.620737512596,5584.485712691443,0,0,Model_1
12019,2499.20849609375,7139.476425724104,5584.1585787363,23,0,Model_1
12020,792.2051391601562,7045.73051382252,5582.05799720576,0,0,Model_1
12021,3631.8564453125,7090.974160825368,5591.663582778478,1,0,Model_1
12022,1283.4505615234375,7124.7046997346915,5585.356185764307,17,0,Model_1
12023,2921.158935546875,7072.143317360897,5589.018249024579,4,0,Model_1
12024,1443.3260498046875,7054.525421792408,5588.286966857035,1,0,Model_1
12025,1613.3443603515625,7111.002301245229,5587.775422616163,10,0,Model_1
12026,1572.5828857421875,7041.991780307842,5591.0107279738295,0,0,Model_1
12027,1823.78955078125,7020.669675358338,5591.020619713294,0,0,Model_1
12028,1889.6163330078125,7031.2547747390345,5595.317167404923,0,0,Model_1
12029,1020.3734741210938,7101.475481641712,5595.169497865776,0,0,Model_1
12030,1492.390869140625,7135.370355427265,5597.208609301073,19,1,Model_1
12031,1698.6015625,7058.7281596635,5598.30517927598,2,0,Model_1
12032,7889.06396484375,1282.9010152846458,5602.549442059011,4,6,Model_1
12033,3215.09619140625,1151.3968639603117,5598.1250083071645,10,2,Model_1
12034,10259.62109375,1076.2824761915253,5624.171371422475,22,0,Model_1
12035,8762.107421875,1225.3430701264297,5615.41859510215,8,3,Model_1
12036,12992.4384765625,1147.6221102661802,5622.76391820726,39,3,Model_1
12037,12458.2431640625,1254.4080176127027,5624.911838776665,13,7,Model_1
12038,9589.080078125,1103.5724228858016,5629.6323181596235,53,2,Model_1
12039,7326.8720703125,1190.188755944895,5622.717285721214,11,1,Model_1
12040,13762.77734375,1284.4317002907628,5640.281482245831,11,24,Model_1
12041,8893.830078125,1125.2411501372699,5642.332605079049,47,0,Model_1
12042,8723.1611328125,1206.5371991186403,5638.835168625577,15,2,Model_1
12043,17979.87890625,1238.9860871059936,5668.298421173007,14,9,Model_1
12044,3113.341064453125,1178.146623043227,5648.447819726483,20,0,Model_1
12045,15040.169921875,1169.6639283220866,5675.851470806869,55,2,Model_1
12046,3763.455810546875,1082.7789975031046,5649.200298478594,20,0,Model_1
12047,4997.529296875,1150.4988912437693,5650.534270200646,19,0,Model_1
12048,15597.29296875,1207.2222730109352,5667.781224509585,33,3,Model_1
12049,6034.90625,1266.9008055391023,5667.600346987951,6,10,Model_1
12050,12582.166015625,1090.631856945809,5675.931311275403,92,1,Model_1
12051,13359.37109375,1291.0042897768435,5688.262777623371,8,30,Model_1
12052,4542.140625,1120.479236381303,5666.618945122522,35,1,Model_1
12053,3722.429443359375,1147.0912441709079,5672.5737722800695,27,1,Model_1
12054,4953.8466796875,1118.5366784606013,5684.587289859541,47,0,Model_1
12055,12639.826171875,1257.3319815729628,5698.6667678814265,15,18,Model_1
12056,10566.7822265625,1058.0631702146493,5698.3580042995745,39,7,Model_1
12057,12615.40234375,1207.0901606594562,5703.760307152756,24,6,Model_1
12058,7935.1015625,1151.4056100741727,5705.4122276433045,61,0,Model_1
12059,2965.907958984375,1131.889577636961,5701.476728442125,21,0,Model_1
12060,5591.1533203125,1118.968805533601,5709.958895032818,62,0,Model_1
12061,2132.335205078125,1174.6732650359627,5704.407509534853,12,1,Model_1
12062,12531.552734375,1265.1405350441346,5730.311148980749,22,45,Model_1
12063,5199.76953125,1176.0912862858968,5719.96650915948,32,0,Model_1
12064,2521.937744140625,1237.0031359489076,5718.703192719317,2,1,Model_1
12065,7207.62939453125,1142.824866813433,5733.027844569355,44,1,Model_1
12066,6056.91259765625,1198.4195395707502,5732.148892862664,13,2,Model_1
12067,7669.2578125,1223.3381386042456,5734.43529778457,12,3,Model_1
12068,5631.3408203125,1120.9686735161813,5732.535377254593,36,0,Model_1
12069,4912.658203125,1182.5444222695078,5738.869623275881,15,1,Model_1
12070,2907.986083984375,1162.2369816083228,5738.3955263344105,8,0,Model_1
12071,23470.349609375,1274.766323830816,5767.504089366761,20,11,Model_1
12072,7621.8154296875,1092.4434533194872,5754.440634298429,48,0,Model_1
12073,1382.7457275390625,1154.4093247831916,5749.612758887,14,0,Model_1
12074,9486.6591796875,1119.9523981016246,5764.220031864592,104,0,Model_1
12075,12249.80078125,1189.4712293669581,5770.744340594159,29,2,Model_1
12076,9491.287109375,1164.1378804077394,5773.774039081531,39,1,Model_1
12077,4607.572265625,1245.3410594695597,5769.941696591908,3,3,Model_1
12078,3198.6640625,1143.252390668611,5760.2718147126725,20,0,Model_1
12079,5357.80078125,1072.675279626099,5782.579100310453,23,4,Model_1
12080,6578.52001953125,1094.9165320941247,5779.064706589328,54,1,Model_1
12081,7615.75732421875,1144.9905657180352,5793.134999424568,46,0,Model_1
12082,2226.9423828125,1295.3537552159978,5781.017618580721,1,2,Model_1
12083,1939.1876220703125,1283.3527060333872,5786.596559638623,2,1,Model_1
12084,8837.751953125,1229.4331442413386,5803.651331580826,23,1,Model_1
12085,4133.05517578125,1245.7621388197877,5800.78908611153,11,0,Model_1
12086,6552.416015625,1113.760149488051,5800.619513434998,76,3,Model_1
12087,6313.578125,1297.8605525611783,5803.654157792102,16,3,Model_1
12088,5015.77197265625,1094.4460832327604,5805.241781976132,52,0,Model_1
12089,5552.78662109375,1178.818692845176,5801.798043536895,21,0,Model_1
12090,7117.06494140625,1066.9920318231452,5807.747924824711,36,4,Model_1
12091,16931.126953125,1269.3620310278493,5821.799140733841,17,5,Model_1
12092,4317.7509765625,1048.2537130368873,5822.344599510019,21,1,Model_1
12093,5762.90625,1082.198992057587,5827.655050496745,48,0,Model_1
12094,3013.19482421875,1061.738724564726,5828.6074836966,18,0,Model_1
12095,8559.666015625,1135.152223348443,5832.739404581429,65,0,Model_1
12096,9772.0732421875,1180.0523552213563,5831.014709150535,53,0,Model_1
12097,18737.376953125,1216.6367740996066,5846.630233000673,50,1,Model_1
12098,4742.16650390625,1115.6023572602426,5830.422617888311,46,0,Model_1
12099,3033.769287109375,1098.473323424405,5826.6503323882935,24,0,Model_1
12100,11098.205078125,1296.2500017258571,5842.189548533992,12,2,Model_1
12101,7498.68603515625,1164.323044844612,5843.8435886829975,52,0,Model_1
12102,4379.2177734375,1242.1938394449535,5841.56424928928,6,0,Model_1
12103,4541.85986328125,1104.046324160532,5850.089515601925,38,1,Model_1
12104,5405.7880859375,1152.0477589602815,5858.555431477784,42,1,Model_1
12105,4592.5166015625,1061.3015339521226,5849.505196420709,13,1,Model_1
12106,4610.8017578125,1088.0338008073159,5853.652661467553,43,0,Model_1
12107,3895.934814453125,1124.5718422660138,5857.376194823068,65,0,Model_1
12108,15011.193359375,1263.793058107316,5865.18784278864,17,1,Model_1
12109,4839.0048828125,1339.535900189192,5602.066159930895,3,5,Model_1
12110,23914.74609375,1421.9530628710054,5634.1033843975165,7,34,Model_1
12111,13699.341796875,1574.636849553266,5625.3491949715535,11,10,Model_1
12112,19477.642578125,1345.5119126455975,5641.497459647129,10,25,Model_1
12113,19199.4375,1386.1251828417298,5656.60497202049,10,24,Model_1
12114,1521.6776123046875,1451.463141520624,5642.716263259703,1,3,Model_1
12115,12169.6640625,1315.2341323437868,5664.558637102658,10,17,Model_1
12116,8418.7626953125,1416.808161392284,5686.581181914429,8,5,Model_1
12117,19464.091796875,1337.7902449108078,5699.800785155734,9,16,Model_1
12118,2884.3955078125,1393.5703122658888,5684.116019129346,2,4,Model_1
12119,31522.3828125,1400.8119794623344,5728.878966416873,21,36,Model_1
12120,14924.3115234375,1306.4868676783517,5723.583353039343,12,18,Model_1
12121,14848.58984375,1338.7721112721483,5748.073180294654,3,19,Model_1
12122,11029.2958984375,1437.4888079383527,5741.824427164451,9,5,Model_1
12123,5664.28466796875,1366.714564092632,5737.743378082581,10,9,Model_1
12124,17666.794921875,1378.6204417467816,5771.9779818159295,11,20,Model_1
12125,10082.91796875,1315.8353125912836,5773.473047580686,7,16,Model_1
12126,17337.76171875,1342.0497174415505,5796.321552637732,10,20,Model_1
12127,9741.91015625,1410.7387036141008,5789.887682668981,2,5,Model_1
12128,7222.26416015625,1315.7147082843585,5813.082398607279,4,5,Model_1
12129,26654.646484375,1373.392682347272,5820.823391290964,13,27,Model_1
12130,13117.4033203125,1400.8709006504505,5854.771134579845,11,18,Model_1
12131,24771.86328125,1321.2232639709837,5861.087010227842,14,15,Model_1
12132,2613.162109375,1632.3660344144446,5600.263037137105,2,1,Model_1
12133,6051.8623046875,1650.5104230212746,5603.022832447663,4,4,Model_1
12134,1550.8253173828125,1618.3206961972755,5607.3751978119835,0,5,Model_1
12135,5889.99609375,1657.3218044318492,5694.7524652648135,4,6,Model_1
12136,7009.78271484375,1588.2787157283747,5751.095106701017,2,2,Model_1
12137,8404.6083984375,1608.1434419155703,5756.4712670999,5,5,Model_1
12138,7067.2841796875,1595.673785158724,5785.424388512096,4,7,Model_1
12139,5037.6123046875,1810.8143764853594,5819.185601856792,0,0,Model_1
12151,4969.4248046875,2694.514470930677,5602.632815291639,0,2,Model_1
12152,6158.3076171875,2498.8696578828385,5626.0755312693655,0,13,Model_1
12153,7358.61376953125,2584.2179195125354,5649.714668930741,2,9,Model_1
12154,7407.7265625,2559.9934857265325,5659.258784408215,1,5,Model_1
12155,1903.74853515625,2700.7014258437557,5663.4931554517825,13,17,Model_1
12156,17448.97265625,2534.593390108901,5702.747816963296,4,16,Model_1
12157,17727.7890625,2440.706159420195,5729.852596201294,0,3,Model_1
12158,12079.6787109375,2636.003889844287,5756.616110427771,3,9,Model_1
12159,7993.732421875,2495.040471137967,5759.314435643086,0,8,Model_1
12160,4499.337890625,2519.17951523338,5773.092215611308,2,12,Model_1
12161,18469.447265625,2674.3986392113147,5787.727044148836,6,16,Model_1
12162,7029.67578125,2705.830100979656,5778.941766398842,0,9,Model_1
12163,12359.681640625,2609.7482861945173,5799.253040283278,1,4,Model_1
12164,9164.11328125,2639.2272931238404,5791.967067614954,1,12,Model_1
12165,2166.477294921875,2577.91427302768,5794.668925594364,0,0,Model_1
12166,1834.5755615234375,2454.8902846546844,5804.196790357004,0,1,Model_1
12167,6530.9287109375,2574.295453337254,5830.250925553322,3,6,Model_1
12168,2960.906982421875,2477.5017509160098,5844.82922986534,0,4,Model_1
12169,2893.39794921875,2464.596169431461,5861.912263920298,0,7,Model_1
12170,3420.16357421875,2483.0608269182267,5866.049837227678,0,3,Model_1
12171,5062.0810546875,2704.3200153732905,5872.9316616836,0,2,Model_1
12172,6722.93017578125,2715.771210187115,5600.9441540545085,3,10,Model_1
12173,3777.171142578125,2975.5404586156365,5606.292758893454,1,0,Model_1
12174,5278.330078125,2883.697516961489,5604.235983637685,4,1,Model_1
12175,5106.2744140625,2906.930647789617,5607.207744793908,12,0,Model_1
12176,4640.60498046875,2956.6074237155262,5616.351244823076,2,0,Model_1
12177,2722.47998046875,2927.6932316129096,5613.900919647189,1,0,Model_1
12178,6204.0849609375,2886.815736713819,5625.248157918453,5,0,Model_1
12179,7739.51171875,2778.759801570326,5635.875418867276,3,10,Model_1
12180,1784.3592529296875,2916.475880264421,5623.495200374804,1,0,Model_1
12181,5888.611328125,2906.8498613168485,5637.943498968147,4,1,Model_1
12182,1667.585205078125,2926.942676947103,5632.085469546786,2,0,Model_1
12183,4527.82080078125,2964.790103715146,5640.076581928355,8,0,Model_1
12184,2101.5185546875,2947.337693827343,5638.982131611905,1,0,Model_1
12185,4335.65185546875,2949.8593365499983,5657.9820434644935,4,0,Model_1
12186,2054.869873046875,2746.4210455693537,5657.144778374117,2,3,Model_1
12187,4253.7021484375,2927.060979645117,5699.715292264649,3,0,Model_1
12188,4618.04345703125,2732.440612723469,5777.145002580422,0,0,Model_1
12189,4302.45654296875,2992.193519728724,5799.927798225312,4,0,Model_1
12190,2269.469970703125,2709.792781041353,5799.894590242824,0,0,Model_1
12191,6106.7666015625,2786.1866332036443,5815.478319216112,2,5,Model_1
12192,3593.732421875,2983.696209791,5819.336804160033,2,0,Model_1
12193,7577.99365234375,2889.1889256617287,5825.7791527626105,1,9,Model_1
12194,12222.22265625,2947.361170238233,5831.711370229954,6,2,Model_1
12195,4020.4228515625,2922.7682488656137,5853.617333826609,2,10,Model_1
12196,7047.45703125,2901.326920574531,5858.002200620598,2,16,Model_1
12197,4496.23046875,2938.883423976251,5862.05004171998,5,13,Model_1
12198,2775.73583984375,2952.115833926131,5872.296470699424,1,3,Model_1
12199,1699.12451171875,3030.625555160106,5625.093422851118,2,0,Model_1
12200,3309.267578125,3021.258697375888,5717.102144031727,17,0,Model_1
12201,9834.064453125,3043.9256324119633,5795.300583814445,28,0,Model_1
12202,3193.888671875,3016.6313126607565,5794.278201885521,2,0,Model_1
12203,1622.0867919921875,3058.352117064758,5804.634146551893,2,0,Model_1
12204,4868.67333984375,3084.4558145264164,5816.58054161357,14,0,Model_1
12205,4113.54443359375,3070.1708788216347,5816.596085775585,5,0,Model_1
12206,10759.2109375,3011.768703514943,5821.728485451953,10,0,Model_1
12207,2349.4814453125,3052.1248839957407,5817.790866592317,6,0,Model_1
12208,2173.357177734375,3094.675188251189,5824.586491604336,5,0,Model_1
12210,7068.44970703125,3039.86559429334,5835.4829491771525,5,1,Model_1
12211,2256.1689453125,3105.447638597223,5829.150116261502,3,1,Model_1
12212,3819.300048828125,3062.1272160002263,5836.204339605232,11,1,Model_1
12213,6537.72705078125,3122.6079743142473,5842.302596985013,15,0,Model_1
12214,7368.77587890625,3079.760762509308,5849.284045388398,16,0,Model_1
12215,4847.099609375,3098.1987213327084,5854.532319727063,15,0,Model_1
12216,8449.71875,3004.404015322216,5855.984285769868,3,0,Model_1
12217,3554.37060546875,3025.7592634400353,5858.22264510009,9,0,Model_1
12218,7172.162109375,3049.545701050316,5862.527671425545,11,1,Model_1
12219,5649.27490234375,3109.539208757924,5869.174920345598,11,1,Model_1
12220,2736.427978515625,3076.303976086201,5872.19190088223,9,0,Model_1
12222,1570.9342041015625,3700.937618383905,5589.486693543498,8,0,Model_1
12223,7876.25048828125,3678.507058582967,5600.34217105282,8,1,Model_1
12224,12025.052734375,3739.8308962410083,5607.540531171602,8,1,Model_1
12225,3913.9296875,3717.098825672758,5602.598900756333,13,0,Model_1
12226,2780.779296875,3700.9486661066767,5604.06217164424,14,2,Model_1
12227,6240.1171875,3764.551326747285,5616.870561144955,15,3,Model_1
12229,5770.4453125,3670.423347766511,5628.424112839333,4,2,Model_1
12230,6095.6083984375,3747.819320448558,5640.660901109572,4,2,Model_1
12231,5316.17333984375,3722.8104983457597,5645.738896218885,18,0,Model_1
12232,2866.3857421875,3705.11757032678,5646.723830848408,26,0,Model_1
12233,8174.93603515625,3765.8521961036604,5665.290625823021,2,0,Model_1
12234,4419.94189453125,3699.0466165028047,5661.2547961215605,25,0,Model_1
12235,5152.4404296875,3741.775985931512,5662.494089765882,14,1,Model_1
12236,7595.5712890625,3696.9498507850803,5684.29053767561,15,2,Model_1
12238,7673.77197265625,3737.3269759069663,5735.336859181465,25,1,Model_1
12239,5938.37548828125,3763.2173142225947,5732.3156393279205,4,2,Model_1
12240,12991.4765625,3742.6673990626587,5776.384045194485,46,7,Model_1
12241,2993.82568359375,3837.4442015953828,5784.780718894093,1,7,Model_1
12242,4802.3720703125,3764.1439419700764,5790.3455288956175,8,2,Model_1
12243,16838.662109375,3812.492459393572,5821.700223339198,10,4,Model_1
12244,3311.479248046875,3835.2714827836026,5804.829155129904,0,11,Model_1
12245,3863.719482421875,3732.747464657179,5821.84436011425,15,1,Model_1
12246,5331.31396484375,3736.210465424345,5843.473355005903,10,1,Model_1
12247,2763.8828125,3838.0334134765435,5842.770334951114,2,3,Model_1
12249,1718.8343505859375,3791.2163866222836,5855.641607652709,1,1,Model_1
12250,2741.89306640625,3837.9017614468466,5862.857631591964,0,2,Model_1
12251,3760.180908203125,4040.8949212641455,5602.373510407109,0,4,Model_1
12252,2725.856201171875,4116.27997824084,5628.56542340311,1,4,Model_1
12253,5859.01171875,3983.817782207392,5658.194715862977,1,8,Model_1
12254,1695.3209228515625,3836.2229679073207,5675.344165882911,1,1,Model_1
12255,9248.8330078125,4021.0324966858607,5689.238527066249,2,9,Model_1
12256,7640.626953125,3923.0115763933863,5688.758777702227,1,12,Model_1
12257,9562.779296875,4083.0562536136713,5700.7355545351165,2,1,Model_1
12258,8712.35546875,4048.351673813304,5704.255600678793,5,30,Model_1
12259,6152.0439453125,4056.8883412634023,5772.056409178826,1,28,Model_1
12260,2666.6826171875,4034.3376374773216,5767.312613552844,1,12,Model_1
12261,3987.951904296875,4085.750056682853,5769.303679396457,3,28,Model_1
12262,2040.8896484375,3828.424656595802,5771.970209734922,1,12,Model_1
12263,4702.27783203125,3939.6614152539987,5797.46122233459,3,23,Model_1
12264,5286.259765625,4036.7833271059208,5816.243515918963,0,1,Model_1
12265,10385.7646484375,3966.1303780497983,5868.315752117836,0,12,Model_1
12266,5811.04052734375,4115.154491483467,5870.1782253484125,0,8,Model_1
12267,4903.673828125,3930.991254487075,5874.930499608221,2,3,Model_1
12268,4701.6982421875,4387.012710554991,5604.65073014237,2,0,Model_1
12269,7896.32177734375,4367.6828782786615,5613.791403960262,4,3,Model_1
12270,14993.810546875,4238.631666650996,5656.205769677821,0,6,Model_1
12271,4380.109375,4328.257238280494,5658.873006569105,3,9,Model_1
12272,5780.09228515625,4339.4076128096785,5676.972770130436,6,2,Model_1
12273,3258.001220703125,4176.611592297442,5688.979928734538,0,4,Model_1
12274,13633.962890625,4376.675724614877,5711.091499201488,4,1,Model_1
12275,10962.9814453125,4227.232258037664,5711.314063339436,5,85,Model_1
12276,6152.9228515625,4183.712516108993,5713.3800237818505,4,49,Model_1
12277,4262.7939453125,4356.222707190085,5731.623217565415,1,2,Model_1
12278,3653.937744140625,4148.070260838373,5730.3372914350475,2,26,Model_1
12279,10481.087890625,4238.705318136141,5752.003733626101,0,6,Model_1
12280,7359.7646484375,4318.196445409674,5738.175788407738,1,6,Model_1
12281,10362.15625,4193.034492519451,5752.958286484412,2,23,Model_1
12282,7490.91259765625,4375.4084587485995,5756.816064875515,4,2,Model_1
12283,2181.40576171875,4349.054116076557,5773.358586024027,0,0,Model_1
12284,9195.48828125,4308.844087761594,5790.440913526167,4,4,Model_1
12285,5147.94970703125,4334.303564889124,5779.820011552714,1,3,Model_1
12286,5165.97119140625,4365.971862214385,5783.588764288637,1,0,Model_1
12287,5265.00439453125,4350.705750630936,5800.065576024994,0,7,Model_1
12288,2725.909912109375,4395.179739614017,5798.527410538285,5,1,Model_1
12289,3750.3671875,4331.331727463519,5800.074761211639,0,19,Model_1
12290,8134.43212890625,4276.176431847271,5826.894093110808,5,70,Model_1
12291,2272.07275390625,4377.569209194044,5817.650262581359,1,2,Model_1
12292,4658.59130859375,4365.730653600534,5834.007666891324,4,1,Model_1
12293,3238.642578125,4341.069374443265,5837.050083329435,0,5,Model_1
12294,3564.5126953125,4185.717677792069,5840.922699329734,0,6,Model_1
12295,3737.390625,4276.223844990833,5855.819658963068,0,40,Model_1
12296,5497.330078125,4290.4063590990845,5865.67536423367,5,9,Model_1
12297,2913.735595703125,4398.269419415854,5857.603704830748,5,0,Model_1
12298,8585.408203125,4502.110648321919,5605.115641897195,77,0,Model_1
12299,5186.05419921875,4522.785080523929,5598.6033445655485,37,0,Model_1
12300,16212.5625,4404.11642669281,5628.053879162238,4,3,Model_1
12301,8640.6064453125,4433.268605156802,5631.2234751077485,20,3,Model_1
12302,3740.670654296875,4419.106345206965,5650.138600622071,6,2,Model_1
12303,3761.51318359375,4474.920821615262,5668.407230307115,18,1,Model_1
12304,9504.2578125,4414.0188688705675,5671.169851828949,1,0,Model_1
12305,7170.373046875,4512.759272108553,5679.741044074821,32,1,Model_1
12306,4362.84033203125,4489.1318756740075,5676.507858375611,13,0,Model_1
12307,5517.81494140625,4534.398999087745,5683.783232751652,13,0,Model_1
12308,7240.5107421875,4488.170723792864,5700.05655727617,61,3,Model_1
12309,6299.05224609375,4508.931696489919,5709.624695549486,47,0,Model_1
12310,4905.1298828125,4442.745710007846,5726.306407603319,53,1,Model_1
12311,7479.478515625,4394.1794603813905,5739.1155036568525,0,0,Model_1
12312,7003.5634765625,4511.301433024462,5735.534693970752,27,0,Model_1
12313,5058.35498046875,4416.583321518963,5741.463378674001,2,0,Model_1
12314,1295.281005859375,4454.53178891819,5737.661417955591,30,0,Model_1
12315,5052.12841796875,4466.7947611948475,5755.133762613754,40,0,Model_1
12316,4046.195068359375,4437.376977062551,5757.114936717902,40,1,Model_1
12317,5638.287109375,4451.137836418347,5763.465433454025,80,1,Model_1
12318,6579.595703125,4421.388620602898,5768.546961327433,12,2,Model_1
12319,4441.18310546875,4468.757573273964,5778.166677956528,40,0,Model_1
12320,2504.848388671875,4392.220791198313,5771.244579989929,1,1,Model_1
12321,2197.575439453125,4435.27238587453,5780.118883395102,14,1,Model_1
12322,8784.9794921875,4412.8505721874535,5797.420948823914,8,1,Model_1
12323,5802.11767578125,4437.379278671462,5794.732515348063,74,0,Model_1
12324,3463.30078125,4395.88679387141,5821.410536683456,3,1,Model_1
12325,10435.96875,4497.065061267698,5836.4509265390225,23,1,Model_1
12326,3369.811767578125,4417.912730825832,5833.510960259649,15,1,Model_1
12327,2453.187744140625,4392.700446495321,5841.715451592521,1,0,Model_1
12328,2862.234130859375,4411.009745380608,5846.1448312141,5,1,Model_1
12329,3148.844970703125,4425.398943969049,5851.938564328942,12,0,Model_1
12330,5508.20947265625,4437.289055602159,5859.986907488841,42,1,Model_1
12331,6339.6953125,4459.08851423976,5863.359284093371,35,1,Model_1
12332,3322.74951171875,4476.96925354586,5860.655306455505,23,1,Model_1
12343,3899.0419921875,5102.731604853412,5601.3497153725475,1,0,Model_1
12344,3625.666015625,5156.960272722179,5598.81743006967,24,0,Model_1
12345,2866.177734375,5218.66180440248,5601.653533084667,1,0,Model_1
12346,2095.9140625,5234.392840985907,5602.883641542343,0,1,Model_1
12347,3653.1826171875,5192.277080492815,5608.1375683035585,1,1,Model_1
12348,2570.8720703125,5141.112314406084,5609.194571320608,22,1,Model_1
12349,2699.74658203125,5208.866156878183,5613.4374209980015,2,0,Model_1
12350,3845.40380859375,5116.8542771299835,5615.663062377484,7,0,Model_1
12351,5090.24755859375,5226.672324055573,5622.038288462267,5,3,Model_1
12352,5519.01171875,5148.294715173077,5624.5748130820575,48,0,Model_1
12353,3299.18212890625,5131.985054109478,5641.515123467601,22,0,Model_1
12354,4802.86376953125,5110.813934704522,5646.55213851342,2,0,Model_1
12355,5523.01318359375,5151.353553415509,5648.406839662988,28,1,Model_1
12356,4153.490234375,5198.398899873719,5651.9381906517665,1,1,Model_1
12357,4360.53369140625,5167.08320903359,5661.189086709404,3,1,Model_1
12358,3324.125244140625,5135.186131782597,5661.581930076703,36,0,Model_1
12359,8771.259765625,5228.960123312892,5672.789977442648,0,0,Model_1
12360,6759.08740234375,5206.354180912953,5676.868906866061,2,0,Model_1
12361,3740.5517578125,5097.146060348721,5677.077339947631,4,0,Model_1
12362,5916.32470703125,5184.2619576219,5680.858104081475,3,0,Model_1
12363,4196.978515625,5115.030021907296,5689.884316342708,14,0,Model_1
12364,2429.083251953125,5238.400402421365,5697.652864586329,0,0,Model_1
12365,6485.28564453125,5094.208286734996,5704.151737414417,7,0,Model_1
12366,4799.62255859375,5217.260124575812,5701.83424416848,0,1,Model_1
12367,3997.2763671875,5171.45212306804,5700.707292422361,2,0,Model_1
12368,4542.34228515625,5151.498554776888,5703.166802784894,31,2,Model_1
12369,4002.275146484375,5143.168111485196,5720.454737157328,24,0,Model_1
12370,5356.79296875,5109.493271511514,5723.976902959461,10,0,Model_1
12371,10222.7763671875,5165.728482028702,5728.568083176564,7,0,Model_1
12372,4268.45849609375,5094.476654333994,5737.007150045305,5,0,Model_1
12373,3400.050537109375,5219.692925194511,5742.380484232912,0,1,Model_1
12374,4382.1142578125,5185.992307201028,5743.226227957115,2,0,Model_1
12375,4576.35009765625,5206.381800219882,5750.5496479248395,0,1,Model_1
12376,4046.7880859375,5117.480775075499,5752.214286366128,20,0,Model_1
12377,3374.66357421875,5139.214407698251,5753.093238072819,14,0,Model_1
12378,4916.521484375,5237.262026654091,5757.6349595926,1,1,Model_1
12379,4196.06103515625,5097.607302774442,5758.571142077621,3,0,Model_1
12380,4845.50244140625,5138.314938935917,5770.886357710755,16,0,Model_1
12381,7463.98681640625,5216.327512645163,5773.9443183108815,4,0,Model_1
12382,2736.676025390625,5118.890740694245,5771.54769114923,0,0,Model_1
12383,2983.9765625,5100.4313769079745,5776.448341501004,1,0,Model_1
12384,5283.94189453125,5229.481667892076,5795.232048191014,5,0,Model_1
12385,4090.3701171875,5109.152633392718,5788.422292122617,11,0,Model_1
12386,3146.41552734375,5146.375173341483,5791.8095063363435,39,1,Model_1
12387,6049.17578125,5177.004984726198,5798.904709743569,3,0,Model_1
12388,4711.951171875,5103.3079277246725,5812.168825812463,2,0,Model_1
12389,3029.890380859375,5116.967976610176,5805.029816130467,3,0,Model_1
12390,2500.4970703125,5186.61604321585,5815.351846261532,1,0,Model_1
12391,1203.7225341796875,5198.1079765073955,5819.3417500297655,1,0,Model_1
12392,9916.591796875,5219.941038635094,5840.378653659194,5,1,Model_1
12393,3604.82861328125,5139.475410148734,5827.401398034766,29,0,Model_1
12394,2455.1630859375,5240.1583713074215,5829.7478599462775,1,0,Model_1
12395,2443.816162109375,5123.2265115603805,5828.342526389519,1,0,Model_1
12396,3188.11279296875,5158.011187350843,5831.771427219559,35,0,Model_1
12397,2533.06640625,5205.083232472418,5833.102572730335,2,0,Model_1
12398,2743.5419921875,5105.860872328514,5831.977740642673,1,0,Model_1
12399,5858.02392578125,5187.734625146491,5836.400761288882,0,1,Model_1
12400,4051.304931640625,5118.0313199269585,5844.246323789761,0,1,Model_1
12401,2398.900146484375,5146.480587029597,5845.679919459275,18,0,Model_1
12402,1607.4884033203125,5134.692666832125,5847.499292967899,13,0,Model_1
12403,5057.04736328125,5166.870540370233,5852.207054400118,28,0,Model_1
12404,3801.75830078125,5236.659465441247,5852.840832278656,2,1,Model_1
12405,5874.00048828125,5186.639059304958,5863.662395252672,1,0,Model_1
12406,1698.0345458984375,5108.438674308592,5858.597824646917,0,0,Model_1
12407,2863.484375,5148.960800791858,5860.179089855577,33,0,Model_1
12408,4135.8525390625,5120.8227112139575,5869.297860536084,1,0,Model_1
12409,8918.46875,5305.9756400419865,5606.797944158956,0,10,Model_1
12410,4550.69970703125,5412.828294046922,5610.224018777721,0,2,Model_1
12411,2746.80859375,5324.336494966876,5620.683826708468,0,0,Model_1
12412,4120.30908203125,5342.9657174907625,5639.981903850625,0,2,Model_1
12413,13472.587890625,5323.112959669903,5661.2731664948515,5,17,Model_1
12414,1915.66748046875,5519.732043769676,5668.645338607079,1,0,Model_1
12415,20459.306640625,5296.615917245392,5696.968214904831,5,23,Model_1
12416,5620.2646484375,5339.905498282984,5700.917845162388,0,6,Model_1
12417,5303.568359375,5514.491280279821,5720.775512137101,1,7,Model_1
12418,4900.56005859375,5487.455661370186,5734.058705132105,0,1,Model_1
12419,8099.41845703125,5258.476876628352,5760.82363246422,0,19,Model_1
12420,12201.6669921875,5288.602635661606,5784.609026559105,3,31,Model_1
12421,5972.234375,5245.58326351014,5788.651921788754,4,1,Model_1
12422,4127.8583984375,5260.744421727257,5794.880891440029,0,5,Model_1
12423,15158.7890625,5421.541264739586,5806.906420417421,5,33,Model_1
12424,2713.05078125,5276.442775464151,5804.451149371802,0,7,Model_1
12425,11666.4921875,5290.085792443715,5825.212497401866,1,20,Model_1
12426,2843.924072265625,5239.118504401529,5815.245156785881,0,0,Model_1
12427,5572.07470703125,5261.885559425224,5820.226354159007,0,3,Model_1
12428,7992.091796875,5391.038962488528,5834.861182696535,2,9,Model_1
12429,2571.45361328125,5321.508738259086,5832.3246580767445,0,5,Model_1
12430,6726.84814453125,5262.849933558842,5842.85512128938,0,0,Model_1
12431,11042.7119140625,5307.009062442929,5856.8809012970305,1,19,Model_1
12432,8524.8681640625,5250.788121900987,5867.702464271046,3,2,Model_1
12433,1864.5826416015625,5283.963973062811,5863.480811178219,0,4,Model_1
12434,3347.197021484375,5269.427471504081,5869.461780790065,1,0,Model_1
12435,1117.5633544921875,5231.934262347408,5871.734054655593,0,0,Model_1
12436,7496.78857421875,5667.5289393321145,5605.6695793071995,3,45,Model_1
12437,2512.50341796875,5683.209340519505,5601.461350717931,0,20,Model_1
12438,1261.1009521484375,5738.97870539315,5591.77592467668,0,0,Model_1
12439,1882.79931640625,5710.559359206352,5596.475914027891,0,1,Model_1
12440,1851.864990234375,5777.664608287392,5600.554136898485,2,2,Model_1
12441,1899.8519287109375,5764.403658387018,5601.2288948405185,0,0,Model_1
12442,4340.3486328125,5751.665173709393,5608.443505674135,2,0,Model_1
12443,3872.802490234375,5699.2911423009355,5608.5918817661,1,0,Model_1
12444,3671.52734375,5723.625132671092,5607.059368701943,2,1,Model_1
12445,3837.821044921875,5798.507978583453,5614.8406348963035,83,0,Model_1
12446,3032.603759765625,5732.580692942953,5617.519883185509,1,0,Model_1
12447,2940.12890625,5777.654020886403,5614.166583507089,2,0,Model_1
12448,1059.4849853515625,5746.859414303675,5619.463609990256,2,0,Model_1
12449,3263.2939453125,5680.636141757248,5627.114163913124,0,19,Model_1
12450,1994.674560546875,5710.959839156829,5622.3244423539145,2,0,Model_1
12451,2008.5908203125,5765.034759550355,5626.021126702311,3,1,Model_1
12452,2994.54736328125,5698.63058054354,5629.079087302438,4,1,Model_1
12453,3602.03662109375,5782.706512767356,5629.601936388412,1,0,Model_1
12454,2271.44189453125,5723.9943107403815,5630.223702869029,1,0,Model_1
12455,2225.931640625,5801.959471306065,5630.652580430091,64,0,Model_1
12456,4345.5771484375,5748.159363016486,5633.529663508583,4,0,Model_1
12457,2861.692138671875,5770.915830639191,5644.8359217163525,1,0,Model_1
12458,2034.3946533203125,5688.918711583596,5640.695522197697,0,2,Model_1
12459,1680.3441162109375,5717.1405797258485,5641.9680238245055,1,1,Model_1
12460,10515.822265625,5540.086092011305,5656.963900852483,2,13,Model_1
12461,3566.283203125,5733.961197967641,5645.424480214482,1,0,Model_1
12462,3696.18798828125,5702.86692190473,5648.521301219647,1,2,Model_1
12463,5245.44873046875,5791.0972582125105,5651.608230485348,7,0,Model_1
12464,7160.17822265625,5757.58076893189,5657.856983615551,3,0,Model_1
12465,4131.6171875,5661.289737896761,5660.507263239182,4,7,Model_1
12466,2700.199951171875,5720.817169799935,5658.032915267453,4,2,Model_1
12467,1795.1160888671875,5735.309480467578,5661.051308909722,0,0,Model_1
12468,3648.374755859375,5688.439976930153,5671.101316205517,0,20,Model_1
12469,6459.06298828125,5710.016179503407,5675.118068980868,2,12,Model_1
12470,3033.230224609375,5776.453501678538,5670.872393092199,4,1,Model_1
12471,1400.3905029296875,5743.849830491934,5668.672894167015,0,0,Model_1
12472,8457.0810546875,5794.808832742041,5683.4391415288555,9,0,Model_1
12473,4322.74365234375,5729.049564552028,5680.170628188702,3,0,Model_1
12474,5894.30712890625,5695.308438241715,5691.966527499957,0,24,Model_1
12475,6496.30322265625,5752.696294501424,5690.416350615327,9,0,Model_1
12476,3118.7578125,5525.370064957533,5683.5726800116245,1,1,Model_1
12477,1900.3150634765625,5764.995632198872,5682.56937500881,3,0,Model_1
12478,4755.8115234375,5776.696091257734,5698.276750725403,3,0,Model_1
12479,2808.735107421875,5734.507599923061,5696.158505374391,3,0,Model_1
12480,2416.499755859375,5715.057163339807,5700.670551675779,2,5,Model_1
12481,3201.97314453125,5797.129775167676,5709.541322316858,4,0,Model_1
12482,1638.906982421875,5731.925194725161,5707.550963026064,0,0,Model_1
12483,2552.72802734375,5744.956444056239,5712.566074934497,1,0,Model_1
12484,4572.111328125,5693.197862870526,5714.444092327089,0,36,Model_1
12485,3607.544921875,5718.189192745602,5717.84685070283,5,6,Model_1
12486,2336.1201171875,5762.695404253434,5714.034998244955,3,0,Model_1
12487,3606.2666015625,5756.134898214135,5729.759331229201,1,0,Model_1
12488,2643.02294921875,5740.721483660396,5728.142738379596,1,1,Model_1
12489,5339.9365234375,5691.386036335956,5730.274408234167,0,22,Model_1
12490,4894.22900390625,5795.203328509349,5733.058932893386,4,0,Model_1
12491,4220.46337890625,5774.8212006390095,5732.054921337753,0,0,Model_1
12492,5559.04833984375,5724.517236284912,5734.817542859586,4,1,Model_1
12493,2561.129638671875,5580.906046687625,5733.965440160013,1,11,Model_1
12494,4378.84130859375,5563.652265648823,5737.823218551115,0,7,Model_1
12495,6590.861328125,5698.059781533666,5746.888997770206,0,56,Model_1
12496,4235.03173828125,5595.112037206767,5745.562091576343,0,4,Model_1
12497,5079.24365234375,5746.574935442302,5753.82028092345,0,1,Model_1
12498,7004.4609375,5769.390324253123,5756.220440849196,1,0,Model_1
12499,2021.3248291015625,5792.139426727314,5753.416839263868,2,0,Model_1
12500,7626.86083984375,5570.28918510396,5761.267347634479,0,12,Model_1
12501,5087.14111328125,5548.229644659441,5764.862994929776,1,2,Model_1
12502,3128.714599609375,5719.238266087137,5760.8490683657,1,3,Model_1
12503,2766.8583984375,5678.179864727659,5764.2164991004975,1,4,Model_1
12504,2351.141845703125,5691.398925345857,5763.424453390529,1,15,Model_1
12505,3668.6025390625,5587.568283840781,5768.491143654741,0,3,Model_1
12506,11903.0595703125,5698.679374652449,5786.483511187602,2,16,Model_1
12507,2702.453857421875,5716.429382572416,5781.9057554740575,0,2,Model_1
12508,6571.4482421875,5796.894090415211,5786.544981282845,3,0,Model_1
12509,4627.7119140625,5764.533929451369,5785.170736050117,2,0,Model_1
12510,5601.984375,5748.071441556094,5785.708422745287,3,0,Model_1
12511,4309.00732421875,5524.679121962516,5782.53034816595,1,0,Model_1
12512,4772.96630859375,5781.410246628802,5793.103204547719,2,1,Model_1
12513,6077.22802734375,5549.5199266148265,5788.948673972685,2,2,Model_1
12514,7236.99609375,5733.725973536959,5803.532630707254,2,6,Model_1
12515,4725.6875,5630.412733715028,5802.0213142276625,0,2,Model_1
12516,5318.39453125,5681.062399727525,5802.071479477803,1,6,Model_1
12517,2492.03564453125,5528.800382878166,5802.024846991757,1,0,Model_1
12518,6503.40966796875,5767.9674696244765,5814.519527040888,7,0,Model_1
12519,16156.064453125,5691.754754083464,5824.727095615293,4,31,Model_1
12520,3276.767822265625,5790.60839647986,5815.399185300397,1,0,Model_1
12521,1348.756591796875,5755.49781286763,5818.656393795449,1,0,Model_1
12522,3300.896240234375,5735.675436284393,5823.59025212971,3,1,Model_1
12523,3397.13720703125,5748.074203486787,5833.239643977198,1,0,Model_1
12524,1381.4468994140625,5777.28852539137,5831.666150849545,0,0,Model_1
12525,2834.876220703125,5525.873656987213,5834.487416255346,1,4,Model_1
12526,4159.67919921875,5790.493316034321,5835.497786786349,9,1,Model_1
12527,8830.5244140625,5731.68582739844,5846.883178909833,6,1,Model_1
12528,7633.70947265625,5763.247790392023,5852.228250984685,4,0,Model_1
12529,2384.4501953125,5803.470707716886,5847.756478193973,55,0,Model_1
12530,13782.8857421875,5691.154954801314,5857.022918413626,5,25,Model_1
12531,3811.87109375,5782.3829065545,5853.209652850113,3,1,Model_1
12532,4016.9287109375,5740.2556380168535,5868.495216533833,1,0,Model_1
12533,1275.5794677734375,5802.915559647605,5871.917051835684,33,0,Model_1
12534,2789.864501953125,5718.07779487432,5876.934283402574,1,0,Model_1
12535,2491.0986328125,5833.589101601625,5615.087928382913,31,0,Model_1
12536,4619.068359375,5819.472873830004,5626.635121101921,112,1,Model_1
12537,4177.14990234375,5835.814297096571,5634.109743372886,62,0,Model_1
12538,2339.18701171875,5805.300026479177,5649.791683187999,54,0,Model_1
12539,1484.379150390625,5841.147124942858,5650.532150542189,14,0,Model_1
12540,6408.88720703125,5821.692545463564,5659.206499499618,196,1,Model_1
12541,4889.017578125,5841.505715611158,5685.104486522963,60,0,Model_1
12542,3896.708984375,5817.510061750887,5678.154126443609,133,0,Model_1
12543,4725.28759765625,5819.992577122059,5695.626471101772,169,2,Model_1
12544,3532.989501953125,5832.502742195735,5708.848194001534,51,0,Model_1
12545,2718.19287109375,5847.0314182841685,5711.333140265546,36,0,Model_1
12546,3280.39208984375,5813.336324152071,5716.698702372145,53,0,Model_1
12547,3505.51708984375,5831.22534925025,5728.131433534494,51,0,Model_1
12548,4096.224609375,5847.5423754623625,5735.704266647284,65,0,Model_1
12549,2452.980712890625,5808.741852444364,5738.42732121126,14,0,Model_1
12550,1674.845458984375,5817.522490439005,5734.044574075728,17,0,Model_1
12551,4520.505859375,5829.639080388937,5752.058138193155,67,0,Model_1
12552,1291.440185546875,5840.90223375475,5749.202958252048,17,0,Model_1
12553,2456.935302734375,5802.4096660090145,5760.911245013762,10,0,Model_1
12554,2247.21875,5813.917710562935,5756.916395375796,27,0,Model_1
12555,1127.322265625,5849.203216452384,5757.947962491366,24,0,Model_1
12556,4676.22412109375,5844.896445858525,5776.22931012715,64,0,Model_1
12557,5079.65771484375,5820.802743458655,5778.00063804409,90,0,Model_1
12558,2676.321044921875,5833.328559472924,5795.731581033964,60,0,Model_1
12559,3326.688232421875,5815.104420117335,5795.468036832521,71,0,Model_1
12560,3840.683837890625,5845.609484299086,5804.429952787235,35,0,Model_1
12561,5166.4990234375,5823.895645512966,5812.591344398155,84,0,Model_1
12562,2958.18310546875,5806.410782939522,5823.826240771217,32,1,Model_1
12563,3965.81591796875,5840.954250116134,5830.640236156527,53,1,Model_1
12564,2124.335205078125,5823.0270183100365,5828.691563482047,41,0,Model_1
12565,2883.92822265625,5814.67632085993,5840.344032571069,48,0,Model_1
12566,2559.877197265625,5829.233076577075,5847.537446820119,38,0,Model_1
12567,4272.10693359375,5815.513646181673,5863.362816857465,86,0,Model_1
12568,1596.7178955078125,5796.721469746903,5860.906839259027,22,0,Model_1
12575,1447.247802734375,6599.321036887821,5595.311514982372,21,0,Model_1
12576,2286.0078125,6615.3554255256895,5598.116529673338,26,0,Model_1
12577,2078.15478515625,6639.446365994867,5601.344062949996,29,0,Model_1
12578,6880.9453125,6584.7025980518665,5610.087654083676,42,0,Model_1
12579,1843.7041015625,6629.107999089407,5606.983767550322,25,1,Model_1
12580,1481.7686767578125,6605.349871268729,5606.5584227533545,12,0,Model_1
12581,1229.200439453125,6647.123152355896,5608.476713656622,1,0,Model_1
12582,1226.1005859375,6620.024469362106,5612.07801337447,21,0,Model_1
12583,10457.744140625,6561.234012632165,5639.690097536426,20,0,Model_1
12584,2645.489990234375,6608.784332085401,5619.387302285817,23,1,Model_1
12585,4627.42578125,6643.5045628263615,5629.6930817020475,4,0,Model_1
12586,1136.2215576171875,6625.6288870598655,5621.203849583166,15,1,Model_1
12587,2534.4404296875,6599.293877902674,5629.784933568502,45,0,Model_1
12588,2738.60400390625,6580.886990799569,5631.774586306477,26,1,Model_1
12589,1156.937255859375,6630.084341589361,5630.167178643518,20,0,Model_1
12590,2720.15185546875,6619.139730896801,5635.740467278869,41,0,Model_1
12591,2539.767333984375,6599.706786541268,5644.659283511632,15,0,Model_1
12592,745.7523803710938,6584.798805304337,5643.633368818613,4,0,Model_1
12593,1647.1767578125,6632.072931688279,5648.501517740719,2,0,Model_1
12594,2474.779296875,6576.621188844321,5653.839524287381,21,0,Model_1
12595,1785.8310546875,6620.557521985844,5651.266258921009,18,0,Model_1
12596,1942.66015625,6591.484979190165,5654.115079886746,7,0,Model_1
12597,1709.7054443359375,6639.011361910729,5661.162237702287,2,1,Model_1
12598,2905.193359375,6604.74408780341,5665.723742700997,30,1,Model_1
12599,4418.34228515625,6624.221683371812,5669.3130310209235,3,0,Model_1
12600,3329.056396484375,6588.6563018388115,5670.580586778,25,0,Model_1
12601,3709.62744140625,6556.461396394763,5670.5353673975915,40,0,Model_1
12602,2245.214599609375,6574.557566294912,5674.138786773896,8,0,Model_1
12603,1917.26806640625,6608.207088570576,5679.895072589337,18,1,Model_1
12604,2250.779052734375,6563.62538429047,5687.448122223199,21,4,Model_1
12605,3952.19677734375,6549.74207934062,5691.596293822862,11,0,Model_1
12606,1080.2430419921875,6596.125483076088,5684.9879053078475,9,0,Model_1
12607,1055.8388671875,6577.525260824477,5685.485318492341,4,0,Model_1
12608,1206.0540771484375,6588.080439289333,5689.577672419313,6,1,Model_1
12609,3734.71826171875,6576.2197882502805,5699.726597109751,38,0,Model_1
12610,4633.07080078125,6552.513676790986,5712.0672486443655,18,1,Model_1
12611,1476.1273193359375,6586.846776913153,5711.754952298419,7,0,Model_1
12612,4702.19287109375,6610.628381144721,5717.715431878518,1,0,Model_1
12613,1009.4376220703125,6595.575398546411,5711.155088955187,9,1,Model_1
12614,1708.59326171875,6568.225840181345,5714.591761866235,10,0,Model_1
12615,1793.787109375,6577.066320007667,5720.583329770365,22,0,Model_1
12616,2158.962646484375,6587.122509660665,5727.187478968466,12,0,Model_1
12617,1039.0484619140625,6544.74574671709,5726.660390565579,1,0,Model_1
12618,2346.31689453125,6559.281327632256,5729.002613160177,19,0,Model_1
12619,4808.966796875,6602.978753768839,5738.010455048119,5,0,Model_1
12620,2710.926025390625,6568.998720453586,5738.599013546249,31,0,Model_1
12621,5316.0361328125,6547.248976568459,5745.676553133002,12,0,Model_1
12622,6322.0703125,6613.193294114899,5750.775038274063,1,2,Model_1
12623,2064.997802734375,6584.988457878586,5742.788165209407,11,0,Model_1
12624,4224.15576171875,6569.534995329799,5755.116805346101,4,0,Model_1
12625,1578.8226318359375,6586.643775007222,5757.4406575674075,8,0,Model_1
12626,4603.3154296875,6622.37717399071,5768.433912876411,2,0,Model_1
12627,3458.931884765625,6542.809633301338,5767.609365736775,2,0,Model_1
12628,1609.5936279296875,6591.467026640661,5770.709719506034,9,0,Model_1
12629,2470.129638671875,6580.277524759993,5772.071953340841,10,1,Model_1
12630,3316.240478515625,6562.199307409348,5776.353663423273,8,0,Model_1
12631,4142.28955078125,6543.61243448942,5790.1943265923765,3,1,Model_1
12632,3662.896484375,6584.559898299398,5792.2023497036425,14,0,Model_1
12633,3207.712646484375,6558.932864043163,5795.6630454105325,22,0,Model_1
12634,5024.6806640625,6615.1206614167895,5800.210419352865,0,0,Model_1
12635,3355.131591796875,6573.3782218890265,5805.757565533917,10,0,Model_1
12636,3002.5390625,6546.778067385312,5812.911412825109,9,0,Model_1
12637,3212.8984375,6598.451489041327,5813.617965643993,0,0,Model_1
12638,2331.779296875,6586.427423769608,5819.2633226668695,5,1,Model_1
12639,2748.417236328125,6571.6082846366335,5822.14817782637,23,0,Model_1
12640,5635.45947265625,6546.483461444732,5837.283245759667,14,2,Model_1
12641,1911.897216796875,6559.460392805515,5827.039642991498,5,0,Model_1
12642,1789.2772216796875,6581.6469820619095,5848.8650595668005,2,0,Model_1
12643,3077.212158203125,6623.286769832252,5853.836365200463,0,0,Model_1
12644,7935.36181640625,6600.370110229356,5865.303010898118,4,0,Model_1
12645,4960.12353515625,6548.080778028816,5863.56842372776,4,1,Model_1
12646,2351.3916015625,6575.994690898806,5862.981984888087,14,0,Model_1
12647,3339.76416015625,6636.891580103897,5864.429711613979,0,1,Model_1
12648,5672.88427734375,6923.062584348023,5602.173555959365,2,5,Model_1
12649,5227.65185546875,6664.953256265959,5606.458798805892,2,0,Model_1
12650,4312.09228515625,6733.577567228116,5612.53373994265,3,10,Model_1
12651,5590.9921875,6661.457112330478,5631.742791429628,0,0,Model_1
12652,2542.15673828125,6678.191650399007,5628.288454698108,2,0,Model_1
12653,2222.0244140625,6646.345208544051,5649.913210272847,1,0,Model_1
12654,8001.271484375,6663.245922775939,5660.392801682523,0,1,Model_1
12655,5756.70703125,6652.643791489303,5689.401740767411,1,3,Model_1
12656,3509.47412109375,6645.79006047477,5710.477504801878,5,2,Model_1
12657,5213.1064453125,6663.3527174293995,5719.149734100851,1,1,Model_1
12658,6034.42041015625,6671.585112181492,5734.404916013358,4,16,Model_1
12659,5352.48583984375,6740.096183985239,5742.985999998695,0,1,Model_1
12660,2642.5947265625,6823.751382100163,5783.936388275528,3,15,Model_1
12661,3775.31884765625,6784.400314230705,5790.664184216934,3,12,Model_1
12662,2562.642578125,6804.00035539316,5784.259989466576,3,25,Model_1
12663,4500.51953125,6882.525727567729,5797.08816244622,5,29,Model_1
12664,6976.88623046875,6842.862561529968,5799.784368003078,3,31,Model_1
12665,5005.32080078125,6764.403936013812,5807.722488923231,3,9,Model_1
12666,11017.5341796875,6675.505672800122,5822.56575054233,0,10,Model_1
12667,4155.8564453125,6865.486916801194,5813.057669258618,2,29,Model_1
12668,3298.63671875,6902.510597740067,5807.235674031021,1,15,Model_1
12669,9635.2421875,6647.8955723063555,5822.098719129048,1,4,Model_1
12670,4350.4560546875,6827.236478312872,5817.49764717248,1,1,Model_1
12671,4553.921875,6883.544879993424,5821.233898478735,2,21,Model_1
12672,2253.458984375,6644.840876959963,5846.930517948698,0,2,Model_1
12673,1824.11962890625,7151.143281292869,5591.900984525622,16,1,Model_1
12674,4624.650390625,7167.699674831703,5600.030581259693,32,1,Model_1
12675,1697.3504638671875,6982.181250508642,5593.063970465504,0,0,Model_1
12676,4798.25,7000.049100804841,5600.906706755108,0,1,Model_1
12677,3168.9287109375,7104.964260428678,5605.800998131512,3,0,Model_1
12678,2480.10205078125,7074.886374860769,5603.891892414889,2,0,Model_1
12679,1392.71484375,7148.783211515751,5603.144359532511,22,0,Model_1
12680,2674.886474609375,6974.439098454546,5607.236713459482,0,0,Model_1
12681,1932.0216064453125,7036.205075184349,5606.309009608289,0,0,Model_1
12682,2325.00537109375,7047.925328079844,5609.18044026423,0,0,Model_1
12683,1771.44140625,7021.628525630571,5609.968953210104,0,0,Model_1
12684,2210.553955078125,7126.103617630666,5609.467300708697,20,0,Model_1
12685,8011.4384765625,6939.266371401725,5623.640750255494,1,3,Model_1
12686,1608.7998046875,7061.925094440579,5613.107460831583,3,1,Model_1
12687,1979.1739501953125,7082.705400652485,5613.4254096000805,1,0,Model_1
12688,2797.25927734375,7150.641530550318,5614.686606381787,48,0,Model_1
12689,4901.3408203125,7001.043856176082,5616.147051058419,3,0,Model_1
12690,2884.409912109375,7179.252370598493,5616.965239222685,19,0,Model_1
12691,2458.20556640625,7136.726923719281,5620.706436398672,20,0,Model_1
12692,2517.9404296875,7098.646804290358,5618.117626870284,0,1,Model_1
12693,1883.5465087890625,7163.391062950715,5620.066299544764,15,0,Model_1
12694,1566.7540283203125,6967.963291623164,5618.4949260755675,0,0,Model_1
12695,771.5474853515625,7070.626096766908,5618.658846329548,1,0,Model_1
12696,1370.075439453125,7026.790113773895,5619.296863525,0,1,Model_1
12697,2420.145751953125,6982.329474122496,5623.228829962085,0,0,Model_1
12698,829.5535888671875,7049.123085357016,5617.961478697311,0,0,Model_1
12699,2876.40966796875,7107.233646814711,5628.937776738661,2,1,Model_1
12700,3248.462646484375,7037.996647560503,5626.464135319751,2,0,Model_1
12701,1932.6158447265625,7057.107826990308,5628.1803521168185,0,0,Model_1
12702,7589.66015625,7188.8546829742845,5638.257208419731,46,0,Model_1
12703,954.7966918945312,7015.754359368468,5627.374175350473,0,1,Model_1
12704,1264.8785400390625,7069.655738450121,5628.012899098743,0,0,Model_1
12705,1367.97607421875,7170.375525351381,5633.230085113377,9,0,Model_1
12706,2833.63037109375,6996.613259022823,5631.910244447703,2,0,Model_1
12707,705.4892578125,7073.077310256893,5634.554165095964,1,0,Model_1
12708,2663.3447265625,7087.944322855212,5633.1523643033,1,0,Model_1
12709,1381.2076416015625,7142.456088620005,5631.915896870254,4,0,Model_1
12710,2550.29248046875,7156.233519559959,5634.056045358651,13,0,Model_1
12711,3875.834716796875,6968.143277439987,5642.614519653784,1,0,Model_1
12712,1909.4591064453125,7124.225504759466,5633.713367241493,0,0,Model_1
12713,2677.029541015625,6955.637255262351,5642.37641135382,0,0,Model_1
12714,2375.095703125,7021.004329293966,5636.979054370371,1,0,Model_1
12715,817.341064453125,7039.318691718858,5635.37305981305,0,2,Model_1
12716,6767.7734375,6982.158234419534,5652.963398791966,0,0,Model_1
12717,2047.3353271484375,7061.691711297026,5642.914804601809,2,1,Model_1
12718,1738.3009033203125,7047.365576792741,5641.291852776834,1,0,Model_1
12719,2045.591552734375,7004.285902487813,5642.088137803716,0,0,Model_1
12720,3918.482666015625,7105.777649017749,5646.519637083751,0,0,Model_1
12721,3803.62255859375,7081.524675281253,5645.924013057433,5,1,Model_1
12722,1854.0771484375,7127.453741417732,5642.553049558541,1,0,Model_1
12723,1408.8951416015625,7143.687909709057,5643.833323266357,4,0,Model_1
12724,2826.220703125,7162.701040599262,5646.453927671595,14,0,Model_1
12725,2801.176025390625,7030.8234532291535,5647.887523341109,0,0,Model_1
12726,5015.0771484375,7135.47162621934,5658.05411185202,9,0,Model_1
12727,5180.20556640625,7039.97234864952,5658.807297156949,2,0,Model_1
12728,349.32855224609375,7122.2507243140135,5650.267193235108,1,0,Model_1
12729,2393.910400390625,7181.259833890479,5656.696117334126,6,0,Model_1
12730,3920.391845703125,7005.2014825125225,5657.1956501770765,1,0,Model_1
12731,3625.30859375,7066.854680405697,5659.353462485946,2,0,Model_1
12732,2672.099365234375,7160.146254708292,5657.45283540315,28,0,Model_1
12733,1841.6397705078125,7113.16443265602,5658.002533496241,2,0,Model_1
12734,1389.204345703125,7086.265529315686,5657.462727142614,0,0,Model_1
12735,7535.3671875,7199.6740861420985,5670.284541146888,47,0,Model_1
12736,3378.300048828125,7104.3515721366275,5666.855640316848,0,0,Model_1
12737,2664.37939453125,7164.535422901157,5667.484472325654,12,0,Model_1
12738,3035.008544921875,7085.19067795435,5670.785487095476,2,0,Model_1
12739,1926.272705078125,7027.110037412494,5670.5410198201425,0,0,Model_1
12740,1587.1925048828125,7006.324207339203,5669.187971171981,0,0,Model_1
12741,2861.645751953125,7053.381522163749,5671.288552702521,0,0,Model_1
12742,3874.093017578125,7127.981270180084,5675.619014929456,3,0,Model_1
12743,2031.1383056640625,7147.190498149488,5673.330490349093,0,0,Model_1
12744,2616.431640625,7182.621465722099,5677.766228946042,14,1,Model_1
12745,3167.130615234375,6997.502140384167,5680.724565598706,0,0,Model_1
12746,4041.33740234375,7072.428256544052,5680.585374693386,0,0,Model_1
12747,1696.5587158203125,7168.720668544527,5678.48903247976,10,0,Model_1
12748,2308.14990234375,7016.432873675367,5679.2711864502635,1,0,Model_1
12749,1980.52099609375,7041.276440258371,5680.76625221502,4,0,Model_1
12750,2251.82177734375,7107.763016864192,5680.023665202374,2,0,Model_1
12751,1407.189208984375,7155.0523338669445,5682.799711227766,8,0,Model_1
12752,755.6806640625,7092.989909909433,5682.8647140871035,1,0,Model_1
12753,2694.783447265625,7025.253099343274,5688.012657925487,1,0,Model_1
12754,1570.4691162109375,7138.895959956804,5687.425512532995,0,0,Model_1
12755,2418.869873046875,7052.378481000429,5690.2637352064485,1,0,Model_1
12756,3030.037109375,7168.2226003762335,5692.057672813593,7,0,Model_1
12757,2674.907958984375,7104.84733869601,5691.3829148715595,2,0,Model_1
12758,1514.5142822265625,7067.609147806652,5691.229592909862,2,0,Model_1
12759,1139.6986083984375,7150.990914782975,5692.229365148582,7,0,Model_1
12760,1360.1072998046875,7185.855226241751,5691.2861171353725,4,0,Model_1
12761,2113.66796875,7034.51063070423,5696.954083848454,3,0,Model_1
12762,2548.46044921875,7013.3086697398685,5698.366482933401,1,0,Model_1
12763,2999.237060546875,7071.9757602321915,5701.791144446528,1,1,Model_1
12764,3108.3173828125,7194.397877875017,5703.348386859347,20,1,Model_1
12765,3551.44140625,7132.9527454273775,5698.768511487346,1,2,Model_1
12766,1150.382568359375,7000.007211522665,5699.998619945021,2,0,Model_1
12767,1813.9619140625,7110.31734243338,5701.319167163514,0,0,Model_1
12768,1639.645263671875,7088.720425379928,5703.873355603777,1,0,Model_1
12769,1854.33349609375,7178.749699212378,5704.119942537567,8,0,Model_1
12770,1368.722900390625,7052.765611619223,5702.923042062379,0,0,Model_1
12771,3177.701171875,7170.236047851387,5713.221755950421,7,0,Model_1
12772,2975.84521484375,7037.431832733797,5708.638347814325,1,0,Model_1
12773,3788.133056640625,6995.639218131779,5713.642154877656,1,0,Model_1
12774,2272.898193359375,7094.451431567781,5712.758963854052,3,1,Model_1
12775,5714.7177734375,7132.4565185462125,5713.066314330266,2,1,Model_1
12776,2715.203369140625,7020.727215581108,5713.824445504928,0,0,Model_1
12777,2943.92626953125,7158.69670141628,5718.1895288199885,2,0,Model_1
12778,2695.85400390625,7110.18707136903,5716.510759322322,2,0,Model_1
12779,2376.8154296875,7056.805395579431,5716.681745104492,2,0,Model_1
12780,887.6492919921875,7047.4429108521435,5715.1343944311375,1,0,Model_1
12781,3044.759033203125,7077.873402905185,5718.089198319707,1,0,Model_1
12782,3129.12646484375,7188.661347825779,5718.98581384687,30,0,Model_1
12783,2906.024658203125,7005.835805928335,5727.080789492815,0,0,Model_1
12784,2353.7470703125,7033.34969916963,5724.974555539724,0,0,Model_1
12785,872.5618286132812,7200.938590077683,5724.694054070627,10,0,Model_1
12786,4982.72119140625,7062.3421459752135,5729.939502198016,2,1,Model_1
12787,1676.3768310546875,7099.282048349734,5725.952424641058,1,0,Model_1
12788,2012.7633056640625,7017.708885655506,5732.550921416609,1,0,Model_1
12789,4370.4130859375,7121.711687507108,5733.988049850217,3,2,Model_1
12790,1620.267333984375,6994.823067612015,5735.926124232414,1,0,Model_1
12791,2972.223388671875,7182.801451538922,5737.296130148228,11,0,Model_1
12792,1958.7989501953125,7206.9798531467095,5736.651047424588,12,0,Model_1
12793,3773.417236328125,7161.857731094351,5736.018682651687,2,0,Model_1
12794,1863.530517578125,7195.085138295777,5735.446374868392,8,0,Model_1
12795,3374.43701171875,7096.525641518179,5737.780825381982,3,1,Model_1
12796,1982.4405517578125,7077.527240925003,5740.430398452794,0,0,Model_1
12797,1062.191650390625,7041.601887758356,5741.363754726539,0,0,Model_1
12798,2732.46533203125,7138.663497456815,5743.142148171668,1,0,Model_1
12799,4202.79296875,7002.044135408709,5750.079790300282,0,0,Model_1
12800,2284.539306640625,7055.504526223056,5742.978934470506,0,0,Model_1
12801,3379.1142578125,7014.210900432896,5755.272953519074,1,0,Model_1
12802,2774.83544921875,7108.822677606717,5749.478513851413,2,0,Model_1
12803,2608.54638671875,7168.582111688098,5748.034319889615,3,0,Model_1
12804,2812.222412109375,7039.392343204003,5753.9615914872265,2,0,Model_1
12805,2371.993896484375,7060.319031742634,5752.962525801326,3,0,Model_1
12806,3680.408203125,7086.825740924571,5754.849728380563,2,1,Model_1
12807,3196.671875,7201.752438988537,5751.667414484313,14,0,Model_1
12808,3693.5703125,7024.142342882929,5760.672430160979,1,0,Model_1
12809,3475.90234375,7147.324912109878,5755.573945019918,6,0,Model_1
12810,3382.51123046875,7072.206381445052,5761.83612265368,1,0,Model_1
12811,3141.684814453125,7126.533097853418,5755.102674289723,3,1,Model_1
12812,3502.91357421875,7183.1190735686105,5758.684897081461,7,0,Model_1
12813,1783.5518798828125,7099.697718919022,5761.654538579227,1,0,Model_1
12814,2280.569580078125,7164.214578618994,5762.0763506121,1,0,Model_1
12815,1363.83740234375,7115.560867853928,5764.850983531855,1,0,Model_1
12816,4746.69580078125,7048.268267807551,5773.409457826987,3,0,Model_1
12817,4059.421630859375,7032.853932610247,5778.339783397154,1,0,Model_1
12818,996.6567993164062,7063.134820084088,5769.813103978871,0,0,Model_1
12819,4030.97119140625,7144.586457827827,5774.1803069523885,3,0,Model_1
12820,2629.759033203125,7125.309562556446,5771.682642737636,4,0,Model_1
12821,2653.541015625,7102.750112656504,5773.9683411067235,1,0,Model_1
12822,3918.097900390625,7174.047512207646,5777.450939950999,0,0,Model_1
12823,3242.169189453125,6997.729539344553,5775.865435425425,1,1,Model_1
12824,1610.5184326171875,7190.270172454417,5773.20526406233,7,0,Model_1
12825,4380.96142578125,7087.618415033445,5779.690712386859,3,0,Model_1
12826,2235.355224609375,7158.658034386579,5780.940604323463,1,1,Model_1
12827,1582.223876953125,7059.126338005066,5781.426006110036,2,0,Model_1
12828,1108.934326171875,7200.10770926089,5783.00515166024,10,0,Model_1
12829,3165.790283203125,7108.171322284965,5790.712229808618,2,0,Model_1
12830,2713.03662109375,7122.7819356506225,5786.941357414238,1,0,Model_1
12831,3105.838134765625,7189.318687330699,5795.217210581817,17,0,Model_1
12832,3418.788818359375,7148.584812827641,5793.816822894791,1,0,Model_1
12833,1008.1495971679688,7134.792191268876,5790.671249745123,1,0,Model_1
12834,2323.055908203125,7174.015289682895,5792.495569123479,7,0,Model_1
12835,4814.03857421875,7003.856882586842,5803.025325783296,0,9,Model_1
12836,1329.249755859375,7082.969165033661,5792.706121863506,1,0,Model_1
12837,5884.33251953125,7051.700887337094,5807.189748097793,4,2,Model_1
12838,5349.14697265625,7075.118377038976,5805.789360410767,4,1,Model_1
12839,1986.527587890625,7096.167050849879,5800.324174356705,1,1,Model_1
12840,4401.5263671875,7030.421592313331,5804.611536861688,1,4,Model_1
12841,1849.2388916015625,7164.202610252658,5802.903798698448,1,1,Model_1
12842,2703.167236328125,7133.65979968477,5802.337849890522,2,1,Model_1
12843,793.8811645507812,7120.755599165568,5801.8340777306585,0,0,Model_1
12844,3963.280029296875,7175.667384559056,5812.2274696964305,5,0,Model_1
12845,684.00830078125,7089.084539909614,5806.569394722814,0,0,Model_1
12846,2353.717041015625,6984.533034493681,5808.084243966499,1,1,Model_1
12847,3064.3251953125,7116.05847570044,5814.1090198531165,4,0,Model_1
12848,1000.7177124023438,7105.373486493016,5809.860517753172,0,0,Model_1
12849,3540.56689453125,7154.955666292692,5815.280484426825,4,0,Model_1
12850,2105.9345703125,7128.541942110751,5818.630957893969,0,0,Model_1
12851,2624.830078125,7141.079266169574,5818.949613215285,1,0,Model_1
12852,2060.9013671875,7093.556566023268,5817.664393637737,0,0,Model_1
12853,3579.150390625,7191.051338518737,5819.911938154604,7,1,Model_1
12854,1986.4796142578125,6992.949097636854,5820.323858448013,0,0,Model_1
12855,964.135498046875,7040.102159392089,5821.5469013775,0,0,Model_1
12856,4573.16015625,7110.23402419081,5831.262709189963,4,0,Model_1
12857,1719.405029296875,7030.454735481646,5824.964497362438,0,0,Model_1
12858,2644.64306640625,7077.220666618086,5827.251608837163,0,1,Model_1
12859,1978.534423828125,7165.961039460497,5830.462891398987,1,2,Model_1
12860,2267.8076171875,7091.416530058021,5833.451609822863,4,1,Model_1
12861,4255.404296875,7184.857708939817,5836.99002633983,11,0,Model_1
12862,2016.6630859375,7069.010367311537,5839.744169227837,1,3,Model_1
12863,2471.141357421875,7129.813350873068,5835.400989050162,0,2,Model_1
12864,3334.18701171875,7147.836329609854,5835.819268318941,4,0,Model_1
12865,819.0150756835938,7078.76458587544,5841.30494440475,1,1,Model_1
12866,5173.85205078125,7105.400185156381,5851.94633640995,5,2,Model_1
12867,2200.6337890625,7159.513312257826,5845.782369618013,1,0,Model_1
12868,3512.224853515625,7044.025942263193,5847.510597813001,0,0,Model_1
12869,5721.30712890625,7064.091368747409,5854.615692959691,5,5,Model_1
12870,2822.775146484375,7175.370937331347,5849.583623783605,5,0,Model_1
12871,2544.172607421875,7086.180369785987,5849.625310399919,9,0,Model_1
12872,4239.87939453125,7125.566882432671,5855.013482196722,3,0,Model_1
12873,1076.4139404296875,7137.301405303413,5848.168398487382,0,0,Model_1
12874,4548.94921875,7202.2012527261395,5857.234884259291,8,1,Model_1
12875,1895.062255859375,7147.625041911844,5857.297767460172,1,0,Model_1
12876,1429.318115234375,7167.397703742608,5857.676479771093,1,0,Model_1
12877,4922.9931640625,7193.007245771121,5870.167627056129,10,0,Model_1
12878,1040.708740234375,7140.158162283478,5858.770223534724,1,0,Model_1
12879,4396.341796875,7041.24007483758,5865.839284487651,1,3,Model_1
12880,1502.3687744140625,7157.099384832196,5861.311694024247,0,0,Model_1
12881,1933.5126953125,7092.9392745133955,5864.1407315110555,0,0,Model_1
12882,2366.227294921875,7022.344326001825,5867.106840244727,0,2,Model_1
12883,1766.7828369140625,7081.424785454525,5869.28160982125,0,1,Model_1
12884,2380.93408203125,7177.963009286672,5870.441062997037,4,0,Model_1
12885,1845.0924072265625,7164.691932307091,5874.7941349141765,2,0,Model_1
12886,1908.19189453125,7154.14642059966,5877.325007111416,2,1,Model_1
12887,1379.393310546875,7039.676822065376,5881.206101745542,2,0,Model_1
12888,861.0468139648438,7175.76221084618,5880.701623032859,0,0,Model_1
12889,4434.89892578125,7210.389456587145,5692.920373805449,40,0,Model_1
12890,4822.3525390625,7214.261683418648,5713.094576443022,33,1,Model_1
12891,3576.291259765625,7220.348058022326,5732.2492233629455,25,0,Model_1
12892,2899.35107421875,7230.605868615909,5746.807744196034,19,0,Model_1
12893,4869.67236328125,7225.98976178444,5768.918608110165,26,0,Model_1
12894,5323.36181640625,7207.523032849655,5770.954893334187,27,1,Model_1
12895,6283.37744140625,7237.241407105699,5792.053267058858,32,1,Model_1
12896,5519.6015625,7217.466443666024,5797.646339173138,54,2,Model_1
12897,2541.145263671875,7201.055511810351,5797.6717750746175,22,0,Model_1
12898,5993.375,7227.240916388342,5823.321055505716,35,1,Model_1
12899,2187.75341796875,7205.845620275475,5816.203948961105,12,0,Model_1
12900,5457.3603515625,7244.362585075665,5834.770037382899,22,1,Model_1
12901,4858.6513671875,7208.070815770421,5834.804658471025,20,0,Model_1
12902,4761.787109375,1060.0828320338624,5879.333736775501,22,2,Model_1
12903,5834.93798828125,1079.3689337408869,5878.769907626032,23,0,Model_1
12904,4130.11328125,1167.1890082603204,5877.7404601689195,12,0,Model_1
12905,3286.924072265625,1097.8726034986903,5879.159218229237,21,0,Model_1
12906,11783.5380859375,1284.212126800674,5895.639562729688,21,10,Model_1
12907,2257.571533203125,1209.2474586915341,5887.890091412177,44,1,Model_1
12908,7839.15576171875,1096.9078841237351,5902.439780335029,72,0,Model_1
12909,8603.4736328125,1123.3620015420602,5910.722345754388,64,1,Model_1
12910,5314.99072265625,1197.8040893480065,5903.688259165996,39,0,Model_1
12911,5765.7109375,1071.798136470199,5907.14012296265,31,0,Model_1
12912,2477.699462890625,1310.845079231367,5905.8478378569125,3,4,Model_1
12913,6049.4951171875,1267.460556826205,5916.764785461477,12,1,Model_1
12914,8101.693359375,1300.909493885294,5928.582587910118,11,5,Model_1
12915,7009.314453125,1278.7498334531556,5937.834897073393,3,2,Model_1
12916,4352.7978515625,1088.0540549657308,5927.450690294267,40,0,Model_1
12917,5481.8037109375,1073.0546998550417,5936.239854084764,32,2,Model_1
12918,11196.5830078125,1108.5509180402732,5943.294783981313,95,0,Model_1
12919,14312.5029296875,1242.7991625884897,5957.055253405473,14,2,Model_1
12920,4660.33984375,1210.889311408042,5954.082079143613,64,0,Model_1
12921,6915.42529296875,1083.686982218409,5959.512997385958,21,0,Model_1
12922,4216.13232421875,1285.8773408476263,5961.097442082304,7,0,Model_1
12923,4899.505859375,1192.7648317182902,5974.1983444500365,44,0,Model_1
12924,10793.212890625,1091.971968734113,5983.933935741428,26,1,Model_1
12925,7710.345703125,1215.3532818905078,5981.027883997362,72,1,Model_1
12926,3951.5498046875,1171.8031587242149,5993.785401695117,26,1,Model_1
12927,2901.56298828125,1199.5793203008943,5995.535179751081,50,0,Model_1
12928,1907.309326171875,1185.8952196022728,5995.429903381068,35,0,Model_1
12929,1750.583984375,1220.662518245459,5999.852570750867,28,0,Model_1
12930,5948.74267578125,1206.577247113688,6015.95844225731,91,0,Model_1
12931,2746.474853515625,1224.845001958136,6012.129632531782,46,1,Model_1
12932,7041.28466796875,1172.648999998928,6016.7526076257345,68,0,Model_1
12933,5091.42138671875,1237.3305398164666,6023.497007558384,69,4,Model_1
12934,1708.944091796875,1190.0545721453964,6020.363799083047,22,0,Model_1
12935,6144.6728515625,1153.9345028648968,6037.020428511809,37,1,Model_1
12936,4239.24853515625,1223.9988154420862,6037.9968845075055,56,1,Model_1
12937,4900.85107421875,1189.032197467226,6038.442366059811,72,1,Model_1
12938,3237.322509765625,1206.1322310307878,6041.9864349993295,47,0,Model_1
12939,2809.290771484375,1171.4828898442793,6042.181443577341,45,0,Model_1
12940,5668.52783203125,1241.2410884363344,6052.899143286981,67,0,Model_1
12941,3283.890869140625,1219.2156118036946,6056.8780954865215,18,0,Model_1
12942,4058.93212890625,1157.128675711283,6062.829743156384,41,0,Model_1
12943,7381.9169921875,1196.6789478319697,6064.244615176198,93,0,Model_1
12944,2116.964111328125,1173.884273501346,6058.44805585008,26,1,Model_1
12945,6637.490234375,1252.7349780954537,6068.663749781903,51,2,Model_1
12946,8282.537109375,1180.3441992312437,6085.036344977474,90,2,Model_1
12947,8362.87890625,1220.3242968160193,6080.545848537062,112,0,Model_1
12948,3244.8330078125,1162.0435313793714,6077.077380749164,44,0,Model_1
12949,5766.0546875,1260.6406594626606,6086.923900833121,68,1,Model_1
12950,1157.1175537109375,1280.6823793750955,6078.084571792482,8,1,Model_1
12951,3408.20947265625,1279.0162446845789,6093.855537262774,49,0,Model_1
12952,7746.8828125,1191.3089490017737,6109.698217844183,94,0,Model_1
12953,7321.43701171875,1236.55650873977,6108.264622174669,97,0,Model_1
12954,5255.09228515625,1155.7927068190183,6107.819140622363,32,0,Model_1
12955,3071.980224609375,1260.938717816607,6105.819596144924,56,0,Model_1
12956,1441.02197265625,1291.3614994797972,6100.8931566152605,32,0,Model_1
12957,6625.47998046875,1210.804151878343,6112.618047368218,117,0,Model_1
12958,5582.3896484375,1172.9150659890147,6116.743609277677,68,0,Model_1
12959,1664.50439453125,1299.3820311316522,6109.383095286961,35,0,Model_1
12960,1400.715087890625,1271.5330236329464,6109.405351700756,20,0,Model_1
12961,9890.37109375,1272.2787449200405,6126.2598159188055,125,1,Model_1
12962,2778.94921875,1298.8397720722714,6120.375290766737,45,0,Model_1
12963,6319.05029296875,1230.021665639826,6130.914939166018,62,0,Model_1
12964,8891.93359375,1297.593681007973,6141.425618899724,119,1,Model_1
12965,7846.927734375,1201.9534298923681,6139.44797755967,120,1,Model_1
12966,4718.67724609375,1145.0292327477364,6139.919954842684,18,0,Model_1
12967,2792.703857421875,1169.8714183653938,6140.04254175676,34,0,Model_1
12968,5420.37646484375,1158.7552227285341,6156.5454959474155,30,1,Model_1
12969,12946.193359375,1407.3012507058447,5888.246194032894,5,16,Model_1
12970,2892.711181640625,1342.1792980232276,5904.28670940359,8,10,Model_1
12971,18852.263671875,1362.264633424522,5921.631874554354,11,14,Model_1
12972,22537.4765625,1394.5049956445582,5942.862020379747,10,22,Model_1
12973,6137.10693359375,1314.6573491507443,5945.496402564953,13,1,Model_1
12974,3531.25048828125,1302.591049355513,5974.013227611489,2,1,Model_1
12975,1226.288818359375,1527.1797452609171,5965.839824602648,3,3,Model_1
12976,9736.95703125,1326.7841812603292,5984.736933020089,6,1,Model_1
12977,11825.00390625,1345.3069543720922,6005.52583661009,9,3,Model_1
12978,6987.89794921875,1362.5427828613902,6035.05833133377,7,11,Model_1
12979,9633.5419921875,1401.312809561321,6045.784509677236,13,16,Model_1
12980,20448.259765625,1318.3072405614657,6059.606449196639,24,23,Model_1
12981,18463.537109375,1571.984590524924,6054.238060878764,18,12,Model_1
12982,21992.54296875,1375.6271993583068,6071.720650552801,51,11,Model_1
12983,3991.412353515625,1346.45683818392,6054.316134965251,4,6,Model_1
12984,21489.9921875,1521.9647597908624,6089.627878470987,29,2,Model_1
12985,4183.85791015625,1407.8847085647285,6075.439238038583,7,12,Model_1
12986,4674.45263671875,1489.6151862280094,6080.3119795540115,10,3,Model_1
12987,7212.31591796875,1343.1559857645188,6082.015478400339,18,19,Model_1
12988,9081.8134765625,1587.4969742618268,6088.078408139176,9,2,Model_1
12989,3270.59375,1563.1399678025628,6090.653086611186,5,0,Model_1
12990,7960.658203125,1353.7871173234307,6109.02345990215,10,16,Model_1
12991,17513.255859375,1383.0616263010306,6120.7335130459105,38,3,Model_1
12992,4213.30810546875,1574.544209794607,6125.705878508801,13,0,Model_1
12993,1166.50244140625,1351.9992275215336,6130.511497506435,14,0,Model_1
12994,5049.2587890625,1318.316677158,6143.351681884,70,0,Model_1
12995,2964.325439453125,1356.9177657638793,6141.567989292729,4,0,Model_1
12996,1286.2559814453125,1341.5208077138523,6146.368309144222,31,0,Model_1
12997,1440.1458740234375,1335.1232555854367,6153.427125081274,31,0,Model_1
12998,1828.0550537109375,1368.008988944057,6153.241654966318,30,1,Model_1
12999,875.7635498046875,1328.8984392057755,6157.905610123766,14,0,Model_1
13000,8134.35107421875,1768.3915813635685,5879.65733796655,4,9,Model_1
13001,20100.419921875,1703.3749272886198,5907.62729113127,15,39,Model_1
13002,3480.272216796875,1817.3319575184723,5895.585864715453,2,3,Model_1
13003,16633.466796875,1707.942700332962,5943.637462098472,14,12,Model_1
13004,11633.0947265625,1666.5262837074115,5950.147286495252,11,8,Model_1
13005,7229.06787109375,1712.7469636928872,5971.198321181058,10,1,Model_1
13006,8198.671875,1806.6666470672353,5984.9700954503205,8,11,Model_1
13007,10460.4921875,1686.888272499782,5986.556659805123,25,6,Model_1
13008,9502.7021484375,1658.5294586273376,5984.809001407615,15,5,Model_1
13009,7510.04638671875,1724.5866700908518,5992.702962776588,21,6,Model_1
13010,11756.5,1609.8890971939545,6012.624572781409,9,4,Model_1
13011,14153.8251953125,1636.176002724911,6015.4461914636195,24,10,Model_1
13012,3820.2353515625,1655.4296517462935,6034.9170207699935,24,0,Model_1
13013,9552.7705078125,1683.154602524708,6045.0447488758655,23,6,Model_1
13014,4659.10498046875,1702.0985700671445,6054.939314551506,15,0,Model_1
13015,6482.5068359375,1654.1171592649189,6057.310152535269,23,1,Model_1
13016,6559.06494140625,1717.4026581976213,6062.904991031595,24,2,Model_1
13017,7614.279296875,1610.6032864389708,6076.2009019773395,12,2,Model_1
13018,14266.564453125,1734.4541278131655,6083.985347659385,35,0,Model_1
13019,5029.908203125,1669.0795735525899,6074.919921716704,5,2,Model_1
13020,1336.932861328125,1760.8027164629311,6068.227100139833,5,2,Model_1
13021,2918.937744140625,1690.0129367570626,6073.879875967308,11,0,Model_1
13022,3367.88623046875,1622.866143635183,6097.676221630885,16,0,Model_1
13023,11406.466796875,1758.641735856596,6113.41998481765,24,6,Model_1
13024,7843.70556640625,1592.8492507034098,6110.768292088382,30,0,Model_1
13025,2195.802001953125,1667.9255468447227,6101.838877563336,8,0,Model_1
13026,6106.68994140625,1616.464218449837,6121.515667016414,13,1,Model_1
13027,4907.26416015625,1636.4413782323245,6123.730356827204,14,0,Model_1
13028,7497.0927734375,1706.1019886065624,6143.104388397391,28,3,Model_1
13029,5688.76123046875,1678.2213339853333,6143.100502356887,25,0,Model_1
13030,7177.0224609375,1642.9200620748452,6147.62208712133,27,1,Model_1
13031,6072.484375,1755.4594162961002,6147.934736743686,6,1,Model_1
13037,1282.097900390625,2369.6619368492393,5929.147830165224,0,2,Model_1
13038,3467.79638671875,2408.128266253392,6012.535193849821,5,11,Model_1
13039,9655.466796875,2570.655919166631,5878.295810684562,4,14,Model_1
13040,6419.78662109375,2610.885971479118,5877.78426644369,3,9,Model_1
13041,6210.50634765625,2486.3891835641116,5900.564235877304,0,29,Model_1
13042,13013.515625,2582.2864093146054,5911.287941285904,3,21,Model_1
13043,4370.76611328125,2701.2729153363034,5899.241215723945,1,0,Model_1
13044,5252.93603515625,2508.945181050687,5906.135404854198,3,7,Model_1
13045,22591.19921875,2538.60555476218,5934.244548924238,3,10,Model_1
13046,16744.671875,2600.8017021974083,5956.173475487507,7,8,Model_1
13047,6789.3994140625,2568.105506332591,5957.143572507834,3,12,Model_1
13048,3339.41748046875,2427.8544355841586,5966.685568326851,0,0,Model_1
13049,14883.41796875,2677.860259013134,5983.21784445949,3,9,Model_1
13050,8256.337890625,2636.519910562085,5978.504077328311,2,7,Model_1
13051,5129.490234375,2528.695747435908,5976.02478348685,2,8,Model_1
13052,15291.94140625,2585.1539838565513,5990.092956663633,3,11,Model_1
13053,11562.623046875,2707.6785230959067,6000.606815885025,5,9,Model_1
13054,22730.328125,2625.474949721014,6013.365746688418,6,17,Model_1
13055,3998.901123046875,2532.171407052083,6006.283614508342,0,4,Model_1
13056,2778.679443359375,2548.9708504918963,6014.851627266529,0,2,Model_1
13057,8100.68505859375,2577.680199401453,6030.675584198238,0,12,Model_1
13058,951.0963745117188,2689.9135547180194,6031.968575856794,0,0,Model_1
13059,3699.39453125,2559.0196749963798,6044.0799510016805,2,3,Model_1
13060,11038.2646484375,2608.4844727416057,6053.21567894984,3,7,Model_1
13061,36198.5546875,2442.3251111280406,6079.951637616381,0,1,Model_1
13062,3512.11181640625,2627.9468776911963,6060.358221395931,1,4,Model_1
13063,13276.2861328125,2644.8570285196183,6083.033974288759,3,11,Model_1
13064,5714.75634765625,2711.4257725635543,6094.729543099733,0,6,Model_1
13065,3212.2744140625,2574.7493306144606,6092.538522808376,0,2,Model_1
13066,17862.017578125,2687.170497218147,6122.237763997313,4,15,Model_1
13067,8987.318359375,2661.5443836054765,6119.343017098348,2,10,Model_1
13068,1717.83056640625,2641.2151927400846,6109.053488396952,0,0,Model_1
13069,4681.30078125,2581.747602668591,6116.978184813546,1,4,Model_1
13070,1138.857666015625,2650.565478940145,6148.498919169564,0,2,Model_1
13071,3577.052001953125,2693.5123504109215,6154.4703503183555,0,5,Model_1
13072,7331.34521484375,2911.1299332473427,5880.906523350335,5,36,Model_1
13073,5833.12060546875,2990.1793817708967,5882.207993642718,17,1,Model_1
13074,10737.7919921875,2932.159273543395,5895.871312054282,7,6,Model_1
13075,7802.00634765625,2986.7009602240287,5905.853843555873,9,1,Model_1
13076,2632.836669921875,2966.1678468091413,5901.766435498634,5,0,Model_1
13077,5375.17431640625,2947.8106744585093,5911.251553815731,3,0,Model_1
13078,2667.48046875,2771.294533068198,5917.183418006665,2,6,Model_1
13079,5130.35498046875,2905.284306935733,5922.774017186079,5,4,Model_1
13080,904.994873046875,2756.7824285639217,5913.357434492413,3,3,Model_1
13081,4887.4130859375,2961.6134230964817,5925.0137896219385,1,1,Model_1
13082,2240.8515625,2921.8110097196186,5919.7747004699195,1,3,Model_1
13083,4814.9287109375,2941.43153520138,5934.636685738718,4,0,Model_1
13084,11320.3671875,2980.426314011449,5940.383433091105,17,0,Model_1
13085,4665.3564453125,2938.2707356842,5957.512393079291,1,2,Model_1
13086,3252.741943359375,2957.980793752591,5955.375424078578,6,2,Model_1
13087,11703.240234375,2859.438098720042,5977.178937516495,6,30,Model_1
13088,1104.4273681640625,2975.2704798904015,5964.399163404945,6,0,Model_1
13089,9324.2685546875,2938.836931476253,5983.404374403675,4,2,Model_1
13090,8437.953125,2884.3532453401713,5985.437126863602,4,27,Model_1
13091,9725.4189453125,2736.793875817326,5991.104740300274,1,7,Model_1
13092,9928.828125,2798.2254287723918,5996.015988944331,3,15,Model_1
13093,17632.3359375,2957.7851569951745,6008.91658358791,14,1,Model_1
13094,3017.695556640625,2989.992721288232,5994.805310689175,4,0,Model_1
13095,10880.6259765625,2857.2973722721217,6015.233519065136,3,37,Model_1
13096,8579.955078125,2887.2249627781566,6024.091925031884,2,3,Model_1
13097,6427.97509765625,2808.784750133287,6028.368689244584,3,15,Model_1
13098,8320.5654296875,2990.1881278847577,6038.767380356498,5,0,Model_1
13099,10251.4267578125,2953.647784817149,6044.311347049865,9,0,Model_1
13100,5836.306640625,2914.1533267125487,6057.609377654066,13,2,Model_1
13101,6469.80029296875,2869.9571419249987,6061.8200791782,4,4,Model_1
13102,4401.84521484375,2849.8878027056344,6061.262255727692,3,12,Model_1
13103,10683.9580078125,2977.7718684546417,6069.4522627277765,8,1,Model_1
13104,3059.371826171875,2776.043903055601,6062.266973836144,0,1,Model_1
13105,3879.126953125,2934.9637840011856,6064.02805673721,6,1,Model_1
13106,6560.77392578125,2718.7343014988583,6075.866349217598,3,14,Model_1
13107,5289.38671875,2952.9508576389635,6077.583979120303,6,0,Model_1
13108,7901.81201171875,2934.8703386794077,6091.550055414758,4,1,Model_1
13109,17570.078125,2799.1785250223475,6106.540280020185,5,28,Model_1
13110,4474.46142578125,2741.0806224136613,6097.196118990454,2,6,Model_1
13111,4081.401611328125,2961.5768275148002,6097.835902567953,10,1,Model_1
13112,6896.80517578125,2858.320207272074,6109.193385855091,3,2,Model_1
13113,6875.60205078125,2917.2052601282485,6109.8522463587,6,0,Model_1
13114,6655.78173828125,2968.64115574467,6119.770834830182,13,1,Model_1
13115,5263.8349609375,2947.741626191186,6117.970538247668,8,1,Model_1
13116,5028.23486328125,2990.606330223847,6120.351267970895,8,0,Model_1
13117,12369.9697265625,2910.364878445398,6133.06427284106,11,0,Model_1
13118,4441.423828125,3017.1747225245927,5876.65802125039,18,0,Model_1
13119,3713.240478515625,3090.4729107018793,5881.905589036236,2,0,Model_1
13120,4787.4521484375,3038.565415419638,5884.720495466667,14,0,Model_1
13121,3570.677734375,3080.3055533384904,5897.3056142766145,7,0,Model_1
13122,6317.939453125,3013.5789189232746,5898.931745589274,7,0,Model_1
13123,5015.736328125,3099.770950379665,5903.9238945310935,8,0,Model_1
13124,7243.43603515625,3135.9020673829364,5904.062025607185,41,0,Model_1
13125,4038.997802734375,3038.8328623750713,5903.600999892864,9,1,Model_1
13126,2778.198974609375,3116.9522307377774,5905.674025863467,9,0,Model_1
13127,5733.61181640625,3086.8777975832345,5922.476911725738,12,0,Model_1
13128,5513.6103515625,3048.4906435256125,5923.963852133078,16,1,Model_1
13129,2536.808837890625,3066.000363475294,5921.898598243482,4,1,Model_1
13130,2389.683837890625,3107.5708728174213,5923.736695401807,9,0,Model_1
13131,2378.255615234375,3129.449276640662,5925.256490515225,15,0,Model_1
13132,2730.9853515625,3118.2901559976162,5929.361915669346,14,0,Model_1
13133,4745.23876953125,3071.5085739205824,5939.764139545354,17,0,Model_1
13134,1611.6524658203125,3133.7272771231364,5939.362464267819,8,0,Model_1
13135,2628.68310546875,3094.4977342041675,5941.670419050701,9,0,Model_1
13136,3378.411865234375,3156.3877676542616,5945.306693133083,14,1,Model_1
13137,4480.7919921875,3041.0088034393266,5947.25077321424,7,0,Model_1
13138,8480.73828125,2994.157482612296,5962.853225837229,13,0,Model_1
13139,4007.24560546875,3133.3873294870136,5953.450420923531,17,0,Model_1
13140,9756.0263671875,3171.5924262797926,5963.9169411060575,24,3,Model_1
13141,2567.575439453125,3056.285502423765,5954.579845604516,8,0,Model_1
13142,2091.180419921875,3024.9557717692805,5953.744700172596,6,0,Model_1
13143,1479.64501953125,3086.3728245882085,5954.023788536055,2,0,Model_1
13144,8039.7939453125,3011.4328987748595,5971.623665978026,22,0,Model_1
13145,4024.191162109375,3070.714749007253,5961.662331061001,16,0,Model_1
13146,5091.86279296875,3113.464372594375,5965.046012510633,15,0,Model_1
13147,2720.525634765625,3148.9434437932214,5968.331836394849,13,0,Model_1
13148,3130.44580078125,3088.2223975089146,5969.405090126733,9,0,Model_1
13149,5669.87744140625,3051.828897089814,5976.931644029886,21,1,Model_1
13150,2345.18408203125,3076.3338970020413,5979.109946370503,11,0,Model_1
13151,9754.5537109375,3110.1199046861148,5986.648158395168,21,1,Model_1
13152,3868.642578125,3166.5576567874523,5989.279361092689,8,0,Model_1
13153,7231.29638671875,3066.194389106473,6010.895284757193,19,1,Model_1
13154,3493.74267578125,3080.1262580043403,5994.396569883451,7,0,Model_1
13155,5073.0380859375,3138.86308724666,6002.206098190567,24,0,Model_1
13156,8695.361328125,3049.7588300354546,6015.640846765222,22,1,Model_1
13157,6168.2265625,3116.6127434234368,6008.757962480071,28,0,Model_1
13158,3009.15087890625,3032.0500209149905,6009.133848579717,4,0,Model_1
13159,6140.51708984375,3156.521030810196,6013.581951850996,15,1,Model_1
13160,5459.65966796875,3120.018203967833,6032.147686996381,9,0,Model_1
13161,7193.3837890625,3148.6884255259065,6035.208473807783,15,5,Model_1
13162,9402.0673828125,3022.829085135716,6037.626297554001,23,0,Model_1
13163,5960.9521484375,3069.696287064231,6049.547609990608,8,2,Model_1
13164,3443.0947265625,3054.0639895030763,6050.3414220826235,7,0,Model_1
13165,5279.06982421875,3032.224482870428,6059.223497568804,20,0,Model_1
13166,6358.17333984375,3004.2771966712316,6060.574426558509,8,1,Model_1
13167,4191.88916015625,3116.2603670991957,6060.087258389889,12,0,Model_1
13168,5455.3173828125,3144.023064263747,6060.04239228589,11,1,Model_1
13169,4158.81298828125,3098.4037946866592,6070.746314215561,7,0,Model_1
13170,8275.640625,3063.936971086776,6081.325529572699,21,0,Model_1
13171,7017.1240234375,3133.333011516719,6080.092948180158,9,0,Model_1
13172,2229.5654296875,3049.868616780499,6072.369619316945,5,0,Model_1
13173,3844.457763671875,3083.072317410144,6079.630862636608,7,0,Model_1
13174,5796.0859375,3031.1286868680036,6078.150281204638,12,0,Model_1
13175,3853.887451171875,3110.4621539311484,6086.133974781609,12,0,Model_1
13176,3253.466796875,3001.80112580501,6084.909165470075,5,0,Model_1
13177,3145.824462890625,3014.6498575494625,6092.278864647436,3,0,Model_1
13178,7336.1650390625,3092.8311391918687,6103.687219737534,18,0,Model_1
13179,6963.9453125,3122.40151999495,6107.259197513398,17,2,Model_1
13180,1910.1474609375,2987.778573516058,6096.506523439224,3,0,Model_1
13181,5369.65771484375,3046.9796372756828,6103.9242682082695,11,0,Model_1
13182,2314.83203125,3074.38926763332,6102.585703892895,8,0,Model_1
13183,2371.43994140625,3108.3490467901574,6113.734754098463,4,0,Model_1
13184,5259.96630859375,3078.155850615818,6126.121331566304,23,1,Model_1
13185,4783.4208984375,3017.6962671037763,6124.068442351039,8,0,Model_1
13186,5920.5595703125,3059.2568795275874,6138.202324939979,15,0,Model_1
13187,8406.7197265625,3100.3836386717157,6137.7939374106645,30,1,Model_1
13188,6457.92626953125,3042.3918402338168,6151.703489479609,16,1,Model_1
13189,2811.34716796875,3079.446823053877,6147.896582891466,5,0,Model_1
13190,2529.356201171875,3068.498990108841,6157.733211235958,3,1,Model_1
13191,1455.046875,3085.734128115466,6161.724881386239,3,2,Model_1
13200,3344.41015625,3750.896111240494,5876.404368788411,13,0,Model_1
13201,5009.64111328125,3816.5304020666517,5876.516004133795,0,0,Model_1
13203,7856.10107421875,3830.5066920164973,5893.2584797300515,6,3,Model_1
13204,5106.7431640625,3753.7247885918478,5921.427327513287,16,0,Model_1
13205,3177.12890625,3824.089806373231,5928.293607807194,4,0,Model_1
13206,5031.76318359375,3801.493530730717,5940.738475882594,15,0,Model_1
13207,6254.0732421875,3942.0352946845815,5904.268339030299,1,25,Model_1
13208,3927.31103515625,3877.4268309499603,5900.59815041261,1,12,Model_1
13209,4617.2666015625,3879.0683384251315,5956.012734721211,0,4,Model_1
13210,4842.45263671875,3857.9690292181913,5962.849339796725,0,0,Model_1
13211,2973.162841796875,3900.218743349891,5966.207938621286,5,4,Model_1
13212,6816.54443359375,3835.1329259271733,5976.177045619319,16,2,Model_1
13213,9425.25,3924.1513331260066,5981.414368389291,3,6,Model_1
13214,2979.048583984375,3892.909754092805,5978.209798079246,0,0,Model_1
13215,6152.955078125,3881.074881073553,5986.706802279135,4,1,Model_1
13216,7395.38134765625,3963.0434601786546,5992.097800287214,1,29,Model_1
13217,7070.77978515625,3858.2829686736222,5985.745183892635,12,2,Model_1
13218,3552.549072265625,3909.1034140673,5995.609721073473,1,1,Model_1
13219,4717.6455078125,3855.1016848371364,6007.886076301569,8,1,Model_1
13220,4117.52490234375,4106.5713315333705,6015.365997718676,1,7,Model_1
13221,3661.914794921875,3843.772705456475,6022.177873445529,17,0,Model_1
13222,3265.938232421875,3896.454692137195,6026.796255946159,9,2,Model_1
13223,3238.6806640625,3883.8386530536227,6029.856689481152,14,0,Model_1
13224,3964.791259765625,3864.1189282278065,6027.900244725664,12,0,Model_1
13225,6619.83935546875,4090.974248588551,6039.062719434791,4,8,Model_1
13226,6455.7861328125,3995.654956835555,6036.865693444473,3,2,Model_1
13227,5161.9248046875,3868.5223663959187,6046.039575244853,14,3,Model_1
13228,4863.34814453125,3909.303193720756,6054.714277478692,6,0,Model_1
13229,6784.01171875,4048.857107130112,6056.143987107702,4,3,Model_1
13230,2862.717529296875,3890.9414181523025,6050.038310923323,4,0,Model_1
13231,6082.78466796875,4104.823029404739,6060.026141571056,0,2,Model_1
13232,4421.06396484375,3877.3154330786783,6064.50921920687,5,0,Model_1
13233,4560.11767578125,3897.855451320298,6071.8753856201365,30,0,Model_1
13234,3640.881103515625,4081.96114809392,6091.178055355616,2,2,Model_1
13235,4110.5263671875,4062.963207822526,6087.818043425417,3,0,Model_1
13236,5052.986328125,4064.217124357121,6107.300530853303,2,0,Model_1
13237,7161.255859375,3949.4856027287897,6112.178571514873,42,2,Model_1
13238,4712.6572265625,3923.0212431508116,6113.796224193706,2,0,Model_1
13239,4895.173828125,4112.703738315264,6114.404212894355,4,1,Model_1
13240,6503.0712890625,3944.5237942389213,6132.877036344056,48,2,Model_1
13241,7756.65625,4108.5760328946635,6136.509424385935,28,1,Model_1
13242,4882.0830078125,4087.0173225491308,6145.322257695865,11,2,Model_1
13243,14872.2158203125,4230.747735487996,5884.933167865151,5,43,Model_1
13244,2670.393310546875,4137.863085640827,5873.152106163092,2,5,Model_1
13245,3217.35009765625,4328.082776325056,5878.345975934702,3,2,Model_1
13246,4236.12841796875,4344.892807165859,5876.953360328684,1,0,Model_1
13247,3514.5771484375,4387.600081149023,5878.55652867473,23,0,Model_1
13248,1376.383544921875,4401.414337831549,5873.8749096968095,2,1,Model_1
13249,6341.37548828125,4199.205566331046,5882.690569218015,1,17,Model_1
13250,4029.46630859375,4152.022583659971,5881.822922356427,1,3,Model_1
13251,9983.6103515625,4175.97082437668,5919.73619334129,6,44,Model_1
13252,7587.15380859375,4347.440688230097,5922.652490101231,4,0,Model_1
13253,8507.224609375,4199.31098001916,5913.223896009644,2,19,Model_1
13254,7303.91259765625,4234.6452800175175,5911.886038247088,3,14,Model_1
13255,2676.474609375,4365.417174466886,5921.110085297609,3,0,Model_1
13256,5480.36962890625,4229.34651598311,5937.011763039394,3,21,Model_1
13257,6195.72998046875,4391.248131272616,5944.949883959547,24,0,Model_1
13258,7938.94189453125,4190.549675539369,5948.91470510271,3,42,Model_1
13259,5224.74755859375,4353.086074566469,5948.6564600474085,8,1,Model_1
13260,4694.1083984375,4302.880619073752,5949.334750753536,0,0,Model_1
13261,11123.8125,4329.913476052694,5971.931723007059,14,1,Model_1
13262,2836.056396484375,4353.125201917952,5975.9742649602995,12,0,Model_1
13263,12129.515625,4309.371616523946,5994.4923077904095,16,2,Model_1
13264,2284.53076171875,4363.50361681846,5979.879382390267,47,0,Model_1
13265,5218.85888671875,4159.438367570518,5984.818186594261,2,17,Model_1
13266,6132.09033203125,4193.028968658065,5990.353321377392,0,28,Model_1
13267,3097.129638671875,4375.530444020871,5989.600136072462,18,1,Model_1
13268,7138.046875,4286.49546523788,6002.411351784453,5,2,Model_1
13269,7141.61376953125,4264.3061140507925,5999.951488145511,11,0,Model_1
13270,3438.126953125,4359.6401361008175,6002.289118146786,24,0,Model_1
13271,4515.8095703125,4395.11851681699,6013.335718193615,33,0,Model_1
13272,4387.1708984375,4366.352548328228,6016.374601867632,25,0,Model_1
13273,10999.6962890625,4241.175865140976,6025.256677353813,5,4,Model_1
13274,11320.12890625,4187.02637261874,6025.874557793926,5,10,Model_1
13275,7413.96630859375,4115.783751359675,6036.982274659589,2,3,Model_1
13276,1464.1302490234375,4384.007269639289,6020.0348987458565,7,0,Model_1
13277,2543.91650390625,4281.808468851959,6023.469805274857,2,1,Model_1
13278,4068.079833984375,4263.602282045875,6025.494079100958,5,0,Model_1
13279,5541.939453125,4336.558220978128,6034.693043526408,21,0,Model_1
13280,5041.96826171875,4366.607106273761,6035.801271622826,45,1,Model_1
13281,5191.55859375,4207.698503211839,6039.621249438118,4,3,Model_1
13282,4756.61962890625,4294.314030707814,6042.249979200773,10,0,Model_1
13283,4860.12109375,4386.817073797574,6041.48654887997,66,0,Model_1
13284,6923.31787109375,4136.389595616143,6053.418812885269,6,0,Model_1
13285,6754.56201171875,4315.049225385068,6052.0685904483835,33,1,Model_1
13286,4245.33544921875,4335.148255359381,6057.2776511056,19,0,Model_1
13287,6000.46337890625,4369.020113055827,6058.955714050448,68,0,Model_1
13288,6125.3408203125,4394.609861247707,6061.777332732658,79,0,Model_1
13289,6519.48388671875,4189.540650192881,6060.0148367259535,2,2,Model_1
13290,5427.2705078125,4345.784450457897,6066.93234209923,32,0,Model_1
13291,4304.013671875,4292.357202811865,6062.9099369013275,25,0,Model_1
13292,7806.994140625,4262.116823654855,6070.382792790246,12,0,Model_1
13293,9738.1962890625,4174.5019375698175,6085.600880679762,4,2,Model_1
13294,4576.97412109375,4317.185578776058,6077.140263950045,20,0,Model_1
13295,3115.379150390625,4359.44864223944,6078.004378047539,66,1,Model_1
13296,5223.16650390625,4116.931333562592,6089.82182721977,1,4,Model_1
13297,2541.63623046875,4232.130081799813,6079.14228136235,10,1,Model_1
13298,3196.04931640625,4378.800569961313,6081.722612256912,26,0,Model_1
13299,8633.0810546875,4292.834556499962,6090.050043780269,20,2,Model_1
13300,5811.8193359375,4266.482975758612,6088.7181917166745,37,0,Model_1
13301,3971.97607421875,4152.806971976766,6089.472436850832,1,1,Model_1
13302,2879.50439453125,4320.5279752362985,6092.066545525362,6,0,Model_1
13303,1833.9683837890625,4340.053904591827,6086.705222735676,50,0,Model_1
13304,9982.23828125,4241.090245289495,6106.604576326703,32,0,Model_1
13305,7092.35498046875,4196.320269400487,6100.0555382484745,9,1,Model_1
13306,2833.173583984375,4362.88264273433,6092.289816216129,42,0,Model_1
13307,7258.525390625,4349.292562759714,6107.208325710439,51,1,Model_1
13308,2132.0625,4324.289724840084,6101.824746506958,15,0,Model_1
13309,7308.8955078125,4160.135294748703,6115.707449568785,2,0,Model_1
13310,5121.36279296875,4298.46429189574,6110.387813395413,26,0,Model_1
13311,4950.0625,4329.827395879431,6116.0511875151715,45,2,Model_1
13312,6983.85400390625,4308.172017959645,6129.00265396171,39,0,Model_1
13313,4559.15576171875,4263.137357045896,6128.231451559899,17,2,Model_1
13314,3250.86669921875,4279.589717861963,6126.196932717925,31,1,Model_1
13315,6367.2880859375,4174.5516523222905,6133.396705942345,19,1,Model_1
13316,5807.80224609375,4244.751644744771,6132.84276853234,32,0,Model_1
13317,4480.14599609375,4287.059359421022,6143.551283055334,34,0,Model_1
13318,5505.6142578125,4263.0144511300605,6150.849973674398,8,1,Model_1
13319,1608.2900390625,4205.9271849941,6157.680219774542,8,0,Model_1
13320,3508.368896484375,4445.53802193841,5879.308300874021,37,0,Model_1
13321,2355.54150390625,4459.251468150644,5887.6018178620725,42,1,Model_1
13322,2808.899658203125,4399.914609465282,5890.695812655962,3,0,Model_1
13323,6488.8115234375,4433.093682879582,5903.654697907099,28,0,Model_1
13324,4453.3271484375,4449.581948794657,5907.961490614602,43,0,Model_1
13325,4834.82568359375,4414.148679613136,5907.739279753063,24,1,Model_1
13326,1906.8585205078125,4464.797885303851,5904.3880997331,23,0,Model_1
13327,7277.4970703125,4478.509029907174,5921.068045404885,53,0,Model_1
13328,3474.44287109375,4395.845825232798,5922.071350407699,9,1,Model_1
13329,6052.302734375,4453.198236715281,5932.7501897123,57,0,Model_1
13330,4656.53564453125,4409.883337979671,5934.107477677375,26,0,Model_1
13331,5130.20947265625,4429.530792285688,5933.786349421192,52,0,Model_1
13332,3522.70556640625,4468.150408843299,5939.468447190651,19,0,Model_1
13333,8058.6865234375,4439.52806075057,5957.5282905177155,60,0,Model_1
13334,2287.0126953125,4418.500561741646,5952.294147235429,15,0,Model_1
13335,3119.11474609375,4468.715223670006,5955.518147747993,9,0,Model_1
13336,2841.672607421875,4407.118185034255,5961.677521946607,19,0,Model_1
13337,1873.8896484375,4422.209834662266,5968.8808279351215,30,0,Model_1
13338,4333.22021484375,4455.441384759732,5972.896874157654,27,0,Model_1
13339,4719.82666015625,4400.532821618719,5982.42049960338,30,0,Model_1
13340,4889.72900390625,4419.800050132675,5986.184306469571,59,0,Model_1
13341,8934.498046875,4442.361341319745,5999.94548244655,68,1,Model_1
13342,4714.07177734375,4425.6981531274505,6009.497016728623,45,0,Model_1
13343,5333.55322265625,4408.08394013322,6014.966088823188,51,0,Model_1
13344,6995.416015625,4417.799031345639,6039.83498166583,87,0,Model_1
13345,840.9130859375,4402.769064836437,6041.247734027187,18,0,Model_1
13350,2255.95458984375,5169.945489875041,5876.260232013359,14,0,Model_1
13351,4319.70703125,5206.638199452544,5879.5739647339215,2,2,Model_1
13352,2031.8101806640625,5177.567958265776,5885.929407339776,7,0,Model_1
13353,3142.890625,5123.549197129672,5891.648245855817,0,0,Model_1
13354,3402.563720703125,5193.59498175513,5890.016108844196,4,1,Model_1
13355,1831.77880859375,5150.666292994749,5889.521521870978,16,0,Model_1
13356,3526.2724609375,5226.831595392199,5892.4113229002105,4,2,Model_1
13357,2105.749755859375,5162.845947028836,5895.351289179584,12,1,Model_1
13358,730.2880859375,5173.030106137274,5896.7008050636505,12,0,Model_1
13359,4642.10498046875,5142.128704901086,5903.77410533349,32,0,Model_1
13360,3968.447021484375,5207.583240071312,5907.743519069976,1,1,Model_1
13361,2284.13134765625,5181.666203092318,5903.444851719891,29,0,Model_1
13362,3529.016845703125,5235.672995862085,5907.613513351302,1,0,Model_1
13363,1758.2039794921875,5195.671493314439,5905.637991669704,1,0,Model_1
13364,1793.81884765625,5160.647450197255,5908.596681598778,12,0,Model_1
13365,2067.779296875,5219.639067545999,5912.614140926948,0,1,Model_1
13366,1739.9757080078125,5172.465291310567,5914.103554269153,12,0,Model_1
13367,2295.17578125,5132.159976386698,5915.63041491076,5,0,Model_1
13368,2391.265869140625,5185.431635270361,5919.6810822214175,18,0,Model_1
13369,4204.4248046875,5167.17297178111,5927.936092080839,35,0,Model_1
13370,2141.240966796875,5140.217448861571,5927.356718769355,1,0,Model_1
13371,1243.6309814453125,5151.718128266977,5925.096103025338,5,0,Model_1
13372,2411.81787109375,5208.452787917806,5928.318690432265,0,0,Model_1
13373,4454.34130859375,5221.503370763734,5933.287523131061,2,1,Model_1
13374,1431.9803466796875,5235.295071678935,5924.481755349319,0,0,Model_1
13375,1414.3641357421875,5193.3675827947445,5927.125322721171,6,0,Model_1
13376,1340.1922607421875,5243.893422247842,5930.177630898746,2,0,Model_1
13377,3112.5322265625,5155.2326850737445,5941.617074312875,5,0,Model_1
13378,2323.439453125,5183.47434705263,5939.02649840244,24,0,Model_1
13379,4507.13330078125,5234.71782816411,5948.337451449683,5,0,Model_1
13380,3136.5244140625,5204.238081680378,5948.071081036964,9,0,Model_1
13381,3478.08935546875,5196.454500665888,5960.817293889617,16,1,Model_1
13382,6748.50732421875,5162.675627969438,5960.137943354261,10,0,Model_1
13383,3987.136474609375,5182.508591953665,5958.309031382581,38,0,Model_1
13384,508.6750793457031,5215.463948981836,5952.032369416032,13,0,Model_1
13385,1921.6573486328125,5224.3256036101375,5960.055276674451,7,1,Model_1
13386,2755.89111328125,5212.101298363181,5966.740326170315,13,0,Model_1
13387,1839.329833984375,5232.990240515675,5972.866492386442,4,0,Model_1
13388,9448.99609375,5173.790097399615,5988.0796344062255,10,1,Model_1
13389,4315.7880859375,5195.632365962956,5986.940671262186,11,1,Model_1
13390,3610.22412109375,5213.875838833395,5982.221604984865,15,0,Model_1
13391,4615.24609375,5238.323068361962,5990.869104935176,14,0,Model_1
13392,2190.58203125,5220.472249971703,5998.160376749642,26,0,Model_1
13393,4922.396484375,5191.704440195812,6009.753142125468,1,0,Model_1
13394,8512.6826171875,5210.100739897927,6026.682500942319,30,0,Model_1
13395,842.21044921875,5224.517097471515,6019.531479862402,10,0,Model_1
13396,2662.83154296875,5230.320834500948,6030.9034474823275,15,0,Model_1
13397,2468.597412109375,5215.466250590747,6051.525604607072,1,0,Model_1
13398,7491.4345703125,5232.369266431546,6059.689822429267,6,0,Model_1
13399,1862.0845947265625,5289.257673557615,5881.063378076127,1,3,Model_1
13400,2236.036376953125,5276.729555934435,5881.244255597761,1,0,Model_1
13401,4716.373046875,5249.460093559464,5899.056098885398,4,0,Model_1
13402,6785.052734375,5272.997727246489,5900.222970865783,3,4,Model_1
13403,2169.25390625,5384.636807142291,5907.109034638619,0,1,Model_1
13404,1767.293212890625,5292.411338087171,5910.443963943748,0,0,Model_1
13405,526.4054565429688,5279.957792592701,5908.616465077706,0,0,Model_1
13406,2506.506591796875,5499.952937433962,5915.950130061305,0,0,Model_1
13407,3908.404541015625,5516.869302606443,5919.643634922017,0,1,Model_1
13408,3912.508544921875,5310.679668333847,5919.740079381794,0,6,Model_1
13409,7027.31396484375,5289.142593112076,5927.035237236763,9,1,Model_1
13410,2465.080810546875,5267.0043376428075,5932.7576085168985,0,0,Model_1
13411,4336.42529296875,5321.3006728135515,5937.843728983629,1,6,Model_1
13412,5028.490234375,5501.895495354664,5942.446567322244,0,3,Model_1
13413,6945.5576171875,5343.982107985765,5944.926214440115,0,1,Model_1
13414,4161.71533203125,5250.043781579239,5948.796004229138,2,0,Model_1
13415,1750.7213134765625,5273.173109845491,5942.6133137875,0,0,Model_1
13416,2363.269775390625,5291.92661925056,5945.205302803573,0,0,Model_1
13417,2074.514892578125,5308.098644101294,5947.148676331912,1,0,Model_1
13418,2898.942138671875,5278.323650266044,5954.314535021025,0,0,Model_1
13419,2834.733154296875,5261.234204103472,5957.039709243458,3,1,Model_1
13420,6065.46728515625,5357.83457137621,5962.938718728314,2,1,Model_1
13421,5170.107421875,5320.055042071035,5961.730866684433,2,2,Model_1
13422,3292.015625,5300.406667121453,5963.637852742599,2,0,Model_1
13423,11625.0556640625,5509.538217903813,5981.692396923521,3,18,Model_1
13424,5708.3994140625,5279.920506528346,5972.19032133877,6,0,Model_1
13425,4156.70263671875,5333.849965238711,5972.720589229342,1,0,Model_1
13426,4166.56884765625,5248.504925861489,5977.646322206187,3,0,Model_1
13427,1515.6728515625,5260.982408088632,5973.244851420954,0,0,Model_1
13428,3546.67041015625,5373.20333471708,5981.467006574298,3,1,Model_1
13429,2174.51318359375,5309.662817517063,5980.137274169159,0,0,Model_1
13430,1725.0382080078125,5264.883174870629,5986.3051270016,5,0,Model_1
13431,3383.431396484375,5344.325968357036,5987.736956289067,0,2,Model_1
13432,1870.83984375,5284.200118137058,5988.954700072412,4,0,Model_1
13433,3399.017822265625,5297.553592715645,5993.133959996107,9,0,Model_1
13434,1885.358154296875,5322.590954768937,5991.671042384609,4,0,Model_1
13435,1916.77978515625,5311.609058012022,5993.670586862048,1,0,Model_1
13436,1762.2655029296875,5361.565479420591,5995.308729572629,0,1,Model_1
13437,2424.0751953125,5377.281325385207,5999.449835644104,1,1,Model_1
13438,1247.9981689453125,5261.102091751993,5998.931225875043,21,0,Model_1
13439,2375.1630859375,5395.417543280404,6002.176069695764,1,0,Model_1
13440,2990.9921875,5271.794906429714,6008.394087778346,15,0,Model_1
13441,2501.0322265625,5412.985724096419,6003.3432949525595,0,1,Model_1
13442,2589.798095703125,5287.8035170477815,6006.461665818701,10,0,Model_1
13443,4345.6708984375,5340.306898877025,6008.576378405618,2,1,Model_1
13444,5584.1552734375,5237.426361530321,6010.182726239349,58,0,Model_1
13445,4434.5771484375,5495.406799513381,6011.730430189113,2,3,Model_1
13446,2851.65869140625,5359.843875955325,6009.010201836412,0,0,Model_1
13447,2980.900146484375,5257.582471405622,6013.714430504537,17,0,Model_1
13448,3200.351806640625,5317.994181452319,6009.83439569964,7,0,Model_1
13449,1619.7264404296875,5437.4753032289445,6007.617939506803,0,0,Model_1
13450,2724.427490234375,5302.217573012458,6015.569838206924,14,1,Model_1
13451,2744.92138671875,5522.000969833927,6015.229279748222,0,2,Model_1
13452,504.3865051269531,5400.4792415970005,6011.337586821814,0,0,Model_1
13453,1876.773193359375,5446.437308005756,6016.058066204772,1,3,Model_1
13454,2823.2060546875,5411.075849022251,6019.156300315575,2,0,Model_1
13455,1379.2598876953125,5427.300810877932,6018.146636337391,1,0,Model_1
13456,2187.081787109375,5392.068702315213,6019.457998369238,1,0,Model_1
13457,2866.174072265625,5510.672450775048,6026.528472427803,1,0,Model_1
13458,1676.0125732421875,5289.800392938778,6021.713314967114,7,0,Model_1
13459,2822.32568359375,5352.220486921025,6026.323218833917,4,0,Model_1
13460,3403.31494140625,5332.500762095209,6024.955685852969,4,0,Model_1
13461,2410.941650390625,5477.159644068684,6022.501474636578,0,1,Model_1
13462,1917.9141845703125,5279.524629795691,6024.994546258007,6,0,Model_1
13463,1404.855712890625,5436.403674120083,6024.135024753836,1,0,Model_1
13464,2537.906982421875,5450.8863180303015,6030.043572701747,2,0,Model_1
13465,3049.669189453125,5252.96360264346,6032.563493330294,35,0,Model_1
13466,2034.570068359375,5313.688331502024,6025.4068198278255,8,2,Model_1
13467,4750.0068359375,5376.550334395142,6028.761885888292,3,0,Model_1
13468,2413.95849609375,5269.990445043659,6031.026740949223,14,0,Model_1
13469,2250.54833984375,5462.550871990155,6028.766125205206,0,1,Model_1
13470,2183.705078125,5402.525371918688,6033.108598830062,1,0,Model_1
13471,6296.38330078125,5487.950967607787,6036.221317273652,2,0,Model_1
13472,2797.3798828125,5420.0484412000515,6032.1314362815465,1,1,Model_1
13473,2389.805908203125,5361.960895831464,6037.33625762185,1,0,Model_1
13474,3699.25048828125,5243.505370985484,6040.672953309026,34,0,Model_1
13475,2477.277099609375,5288.970893087331,6036.890422793134,14,0,Model_1
13476,980.5208740234375,5303.838366007432,6032.855652920902,3,0,Model_1
13477,1884.520263671875,5324.950564224273,6038.426115344977,5,0,Model_1
13478,3366.748779296875,5343.170560683822,6041.416246874491,7,1,Model_1
13479,2010.776611328125,5436.717613575514,6036.970616538078,0,1,Model_1
13480,2455.415283203125,5392.792788478546,6042.381398025085,5,0,Model_1
13481,2393.767822265625,5466.357733128592,6041.675198482611,1,1,Model_1
13482,1932.2239990234375,5507.324990775203,6042.900361070555,0,0,Model_1
13483,2132.124755859375,5418.437314962503,6045.542515336769,0,2,Model_1
13484,2285.94482421875,5299.035368532408,6045.891905705706,6,0,Model_1
13485,4240.7978515625,5267.133227741811,6049.649353596527,30,0,Model_1
13486,3263.44970703125,5376.552175682271,6048.120020020055,4,1,Model_1
13487,6749.3330078125,5443.24543676828,6053.89926880211,1,1,Model_1
13488,1584.177490234375,5517.987884537084,6047.540293432161,1,0,Model_1
13489,2744.642333984375,5323.002022120403,6055.480180734361,16,1,Model_1
13490,1996.8675537109375,5494.3457578055095,6050.751575993985,0,0,Model_1
13491,2767.83251953125,5410.19433280942,6055.243838816445,1,0,Model_1
13492,2617.173828125,5283.552905711345,6056.133035539009,9,0,Model_1
13493,3141.083740234375,5357.491631648503,6057.088294950139,2,0,Model_1
13494,1610.6556396484375,5340.154072045349,6053.3661747002625,2,0,Model_1
13495,1657.7076416015625,5466.919325702824,6054.111941200594,2,0,Model_1
13496,3719.202392578125,5314.320813630708,6065.5867122556665,16,0,Model_1
13497,2221.760009765625,5521.145231640898,6057.033537106676,1,0,Model_1
13498,945.4033813476562,5301.474613656057,6057.089708055777,13,0,Model_1
13499,2423.964111328125,5482.177611815976,6060.011303961859,1,2,Model_1
13500,822.4544677734375,5293.15383712179,6058.491862124851,5,0,Model_1
13501,2685.47021484375,5337.630127713783,6064.335407213424,5,0,Model_1
13502,2589.793701171875,5426.191435382934,6063.074563708127,2,0,Model_1
13503,883.353759765625,5501.849002854666,6058.155189706653,2,0,Model_1
13504,3157.20751953125,5375.035415410064,6062.853059399407,11,0,Model_1
13505,2934.316162109375,5395.199811077444,6065.05962385278,9,0,Model_1
13506,6278.01513671875,5254.904779598815,6075.271785020508,24,0,Model_1
13507,2403.245849609375,5459.958339713048,6066.029014320287,1,1,Model_1
13508,3011.587890625,5269.327121355571,6067.053515907668,23,5,Model_1
13509,3293.6474609375,5498.662195156794,6068.873242692702,9,0,Model_1
13510,1262.107421875,5291.006896329811,6069.383373827935,11,0,Model_1
13511,1716.77392578125,5303.996716700494,6071.037413976941,6,0,Model_1
13512,2456.003662109375,5407.460942066973,6074.357858949283,1,0,Model_1
13513,3111.213134765625,5479.531221890356,6077.339865121379,4,0,Model_1
13514,1688.350830078125,5419.780533922836,6076.0617110720195,2,0,Model_1
13515,1713.9371337890625,5385.80188157293,6075.0817223122285,2,0,Model_1
13516,3920.1220703125,5444.168842263287,6076.976343696064,10,0,Model_1
13517,2021.2095947265625,5286.93028662703,6078.152754139504,19,4,Model_1
13518,1652.137939453125,5328.303548085503,6077.974349552736,8,0,Model_1
13519,4075.12841796875,5362.429043083917,6077.400275387394,10,1,Model_1
13520,1873.958984375,5338.86747266422,6078.973415238637,13,0,Model_1
13521,5809.24755859375,5311.092576972442,6087.639992115059,50,1,Model_1
13522,2146.049072265625,5465.708219093969,6082.344378737529,4,1,Model_1
13523,3530.89892578125,5431.501707461895,6092.467160973669,9,0,Model_1
13524,3094.369873046875,5492.442787558073,6088.682510799321,3,0,Model_1
13525,1897.7403564453125,5505.795801814878,6084.302943151473,1,0,Model_1
13526,2460.8984375,5400.650020978181,6087.279296901019,6,1,Model_1
13527,5739.326171875,5279.662726330338,6092.113884564227,18,2,Model_1
13528,2901.597900390625,5380.938581944443,6086.536003335554,10,0,Model_1
13529,2275.2392578125,5344.106855188729,6088.495980855136,5,0,Model_1
13530,2903.744873046875,5415.982879220042,6092.1117649057705,6,0,Model_1
13531,2958.95068359375,5451.95104231243,6093.171240857686,16,0,Model_1
13532,3116.440185546875,5364.884399469942,6095.437509024254,14,0,Model_1
13533,2802.8515625,5465.959554787027,6098.828609278484,16,0,Model_1
13534,3285.267578125,5479.750335058663,6103.078171207657,9,2,Model_1
13535,894.5079345703125,5335.177533258451,6096.728381024353,11,0,Model_1
13536,1534.3480224609375,5349.170394792454,6099.492415651825,15,0,Model_1
13537,1086.1861572265625,5506.83336711186,6096.069520520745,1,0,Model_1
13538,2016.7003173828125,5397.241798503092,6098.854045179964,5,1,Model_1
13539,3416.26611328125,5305.6115255123,6103.965248271765,16,0,Model_1
13540,6053.53369140625,5390.153303379659,6111.202822071995,24,0,Model_1
13541,554.8411865234375,5328.122641625116,6099.419993987889,6,1,Model_1
13542,2773.546142578125,5444.958294119686,6106.572781449853,25,0,Model_1
13543,2029.598388671875,5358.471656722715,6107.942787365668,21,0,Model_1
13544,2278.56005859375,5494.499044958968,6107.077260162536,2,0,Model_1
13545,3370.238525390625,5424.7216279325075,6109.82045148185,8,0,Model_1
13546,1369.804443359375,5373.155461251736,6109.470001283684,12,0,Model_1
13547,8350.57421875,5323.197198556038,6117.466059534985,22,3,Model_1
13548,3685.727294921875,5515.747498423327,6112.5177168679365,17,1,Model_1
13549,3892.442138671875,5412.280511126155,6119.705831970845,24,1,Model_1
13550,3478.6611328125,5466.846134539461,6119.320407408144,29,0,Model_1
13551,2380.7734375,5483.460528622847,6122.07490357256,6,0,Model_1
13552,2131.675537109375,5500.383338300278,6119.872225159692,7,0,Model_1
13553,1471.8695068359375,5375.738326771418,6120.088077045861,18,0,Model_1
13554,4823.109375,5343.185290980851,6128.75606702792,13,2,Model_1
13555,4932.03173828125,5361.923609767109,6129.626186824375,16,7,Model_1
13556,1304.156005859375,5431.4814533034805,6124.373319892387,12,1,Model_1
13557,2723.87646484375,5516.120359066874,6128.791041392455,6,0,Model_1
13558,4148.3056640625,5381.776827909751,6135.178985427978,22,0,Model_1
13559,2949.33740234375,5468.355989984935,6133.905423971941,13,0,Model_1
13560,1768.6607666015625,5409.425135111436,6135.356683461927,7,6,Model_1
13561,4626.06982421875,5398.855226349551,6143.082131983596,14,2,Model_1
13562,6005.49951171875,5427.664004764054,6141.866154582298,26,9,Model_1
13563,6180.16357421875,5484.041454711929,6149.112560292764,18,7,Model_1
13564,5037.525390625,5504.817157706013,6147.5249361087335,16,9,Model_1
13565,5160.3173828125,5459.042299366556,6150.006702885061,18,3,Model_1
13566,1149.0958251953125,5415.1994115468115,6153.174532448524,1,1,Model_1
13567,3869.027099609375,5790.36304496997,5880.339867989591,37,0,Model_1
13568,2188.51513671875,5753.003789451905,5878.751537252741,0,1,Model_1
13569,4265.53759765625,5678.478153242497,5886.91999439185,1,14,Model_1
13570,2725.69091796875,5693.241133118048,5885.475093877234,1,7,Model_1
13571,7542.32421875,5732.6064709627535,5894.502719244105,7,1,Model_1
13572,2508.68603515625,5713.411512968596,5891.325351217587,1,0,Model_1
13573,2868.6328125,5755.195841778535,5893.394844424096,3,0,Model_1
13574,2329.1083984375,5769.234275168972,5896.199505838653,0,0,Model_1
13575,3274.6240234375,5644.477865768829,5899.646070489165,2,6,Model_1
13576,1602.72119140625,5777.052380317124,5901.601102139015,7,0,Model_1
13577,2685.638916015625,5704.1111716819,5901.622651999991,2,2,Model_1
13578,1602.8648681640625,5785.775938410778,5902.919176422642,13,1,Model_1
13579,2488.6748046875,5555.810684089782,5904.591233668529,0,1,Model_1
13580,2467.1181640625,5686.2704803708475,5906.517649929214,0,9,Model_1
13581,5185.12841796875,5668.865713787498,5909.2629609069845,0,15,Model_1
13582,6171.37158203125,5748.41622257093,5914.14382777983,3,0,Model_1
13583,2460.01904296875,5698.808725073235,5914.623930420261,0,2,Model_1
13584,3044.78662109375,5717.659822696121,5916.057879366184,1,0,Model_1
13585,9290.5,5655.334555000998,5925.842929354898,0,14,Model_1
13586,3538.938232421875,5768.355060565053,5919.102415462752,22,0,Model_1
13587,2102.547607421875,5635.131952625699,5918.3107230291935,0,0,Model_1
13588,2721.927978515625,5786.056734697893,5919.971475429978,50,0,Model_1
13589,6409.2705078125,5722.733489379054,5934.637745567947,0,0,Model_1
13590,2760.755859375,5685.77793606394,5927.8025535980705,1,2,Model_1
13591,2570.684814453125,5703.734628464095,5928.96695264359,0,1,Model_1
13592,5401.4931640625,5585.392803098308,5936.186509346939,2,14,Model_1
13593,3943.97216796875,5779.545022767503,5935.886577675323,29,0,Model_1
13594,4410.13818359375,5631.23717002687,5936.469837027311,1,14,Model_1
13595,3465.94482421875,5754.965680887457,5937.540617824328,5,0,Model_1
13596,2199.19091796875,5741.500808437588,5933.930132919835,0,0,Model_1
13597,4967.99169921875,5610.797041611979,5938.579957020906,2,9,Model_1
13598,2805.225830078125,5667.538145767758,5941.864367799484,2,1,Model_1
13599,7538.0185546875,5689.316429603379,5949.460517155298,1,1,Model_1
13600,3345.930419921875,5767.259494723519,5953.220791257394,28,1,Model_1
13601,7506.26123046875,5794.026285712374,5958.015105409926,78,0,Model_1
13602,5143.25732421875,5536.343215600587,5949.963936038752,2,10,Model_1
13603,3322.681396484375,5735.595340294298,5948.8924486889155,1,0,Model_1
13604,2372.033203125,5639.911473689834,5950.56591904044,1,12,Model_1
13605,2723.951171875,5756.53721945174,5958.20234190693,16,0,Model_1
13606,2173.402099609375,5777.936658460647,5958.033829059626,24,1,Model_1
13607,7265.298828125,5614.796777577139,5959.376985968323,2,12,Model_1
13608,4682.19091796875,5664.636277253041,5958.246148181701,0,0,Model_1
13609,5572.34130859375,5717.008927696152,5967.422856193356,15,0,Model_1
13610,5420.48291015625,5697.170439850539,5970.516144434427,7,1,Model_1
13611,1299.0833740234375,5649.698835422052,5961.061054612132,0,0,Model_1
13612,9894.638671875,5535.948259511497,5980.1453995265765,0,15,Model_1
13613,4919.521484375,5641.935048244195,5974.490150764235,4,0,Model_1
13614,2843.9951171875,5743.789988660254,5977.289513032651,7,0,Model_1
13615,2573.836669921875,5658.9227632929105,5976.5126582082885,3,0,Model_1
13616,1537.947265625,5773.5032993766945,5977.464738131734,27,0,Model_1
13617,4553.5654296875,5578.861297331285,5984.762015645159,0,15,Model_1
13618,5081.751953125,5626.779413888464,5983.201947021065,1,1,Model_1
13619,615.3907470703125,5782.582686207956,5974.241444171988,19,0,Model_1
13620,1128.47509765625,5705.322738612536,5979.325798256672,0,0,Model_1
13621,3964.797607421875,5784.116938707884,5991.155965379643,23,0,Model_1
13622,3288.642333984375,5748.661113759037,5991.279612122948,21,0,Model_1
13623,2221.216064453125,5767.444083758164,5991.148546575045,18,0,Model_1
13624,3637.002685546875,5679.552544282051,5995.101356320287,1,0,Model_1
13625,1668.808349609375,5521.43385339831,5993.218393057963,1,5,Model_1
13626,2809.12255859375,5597.572457132395,5993.405982831377,1,0,Model_1
13627,2923.382568359375,5697.501871533692,5993.95426781883,6,0,Model_1
13628,3338.25732421875,5646.564504407346,6001.269562429137,0,0,Model_1
13629,1479.618408203125,5710.412056236062,5995.109128401295,4,0,Model_1
13630,3311.794189453125,5720.518881285097,5999.592912589927,13,0,Model_1
13631,2502.253173828125,5622.32441968075,5997.6082057216845,0,0,Model_1
13632,5422.79638671875,5555.865002060076,6006.533734206227,0,2,Model_1
13633,3167.289794921875,5584.3524758706335,6003.329163896182,1,1,Model_1
13634,4421.7451171875,5735.657483734889,6012.92768394071,28,0,Model_1
13635,1254.9215087890625,5662.308890322456,5998.487510704785,1,0,Model_1
13636,1633.7889404296875,5633.23266495252,6004.08340903034,0,0,Model_1
13637,1175.5679931640625,5728.447923982749,6005.284902098851,4,0,Model_1
13638,9226.2568359375,5761.12156408024,6012.366681002517,76,1,Model_1
13639,1509.0439453125,5672.205348317046,6009.389973976562,2,0,Model_1
13640,2872.64697265625,5535.24028461054,6013.015649766661,0,1,Model_1
13641,2767.270263671875,5599.463459013496,6012.748219524714,0,1,Model_1
13642,4328.10205078125,5684.397431039251,6015.881781276461,8,0,Model_1
13643,4293.97021484375,5702.106930642389,6017.47046528972,28,0,Model_1
13644,2214.78564453125,5615.549403690966,6011.202635233407,2,0,Model_1
13645,4281.60888671875,5581.985961588565,6022.805645625107,6,0,Model_1
13646,3802.1708984375,5630.492369383341,6019.4781351245765,3,1,Model_1
13647,1871.023681640625,5721.802258413751,6018.238488203846,17,0,Model_1
13648,2385.53662109375,5548.544044436654,6023.557417824399,1,1,Model_1
13649,3099.879638671875,5566.029367331881,6025.348529220268,0,0,Model_1
13650,2239.906494140625,5714.600063810125,6027.534956918302,11,0,Model_1
13651,1463.0797119140625,5607.571106562624,6023.25289355946,2,0,Model_1
13652,5496.3662109375,5744.401295986958,6033.72329978249,73,0,Model_1
13653,3161.4248046875,5634.651376685128,6032.617897897348,3,0,Model_1
13654,2412.274169921875,5686.617562994594,6032.166763922491,10,1,Model_1
13655,1955.515380859375,5598.224272775929,6031.318900539831,0,1,Model_1
13656,2749.293701171875,5525.667432828806,6034.117909531837,0,3,Model_1
13657,1446.27783203125,5538.209820427233,6030.853988785006,1,0,Model_1
13658,3541.5244140625,5610.394720374374,6039.07579066194,3,1,Model_1
13659,2650.525146484375,5648.516268763691,6039.361944553588,2,0,Model_1
13660,3393.701904296875,5699.544779602904,6043.772247249057,23,0,Model_1
13661,5012.97900390625,5563.756758693373,6041.622560297605,1,0,Model_1
13662,2940.269775390625,5715.861805815017,6042.657306900859,17,0,Model_1
13663,1889.4332275390625,5623.873402477708,6045.514253224013,1,2,Model_1
13664,8462.9228515625,5664.754119629273,6053.186710284266,21,0,Model_1
13665,2962.966064453125,5588.81437490508,6044.349147625675,9,2,Model_1
13666,4295.94580078125,5542.7246564666275,6047.660760687781,0,1,Model_1
13667,4042.847900390625,5733.711703561712,6050.956123035052,12,0,Model_1
13668,2073.8115234375,5685.826269851066,6047.601763527404,9,0,Model_1
13669,1999.6256103515625,5634.12891146238,6051.141239873599,3,0,Model_1
13670,2088.959716796875,5580.10462646489,6055.403166477103,1,1,Model_1
13671,4259.72412109375,5609.532537676394,6058.980090122699,11,0,Model_1
13672,2652.2724609375,5704.149378389819,6060.948192999698,14,0,Model_1
13673,1837.41259765625,5594.403141662246,6059.8452640494215,2,0,Model_1
13674,6329.591796875,5718.002762423828,6068.151145711803,32,0,Model_1
13675,1906.1983642578125,5556.025194040267,6061.01672862313,1,0,Model_1
13676,1518.5068359375,5540.153759313282,6059.667212739063,2,0,Model_1
13677,4255.3994140625,5569.6672903762665,6068.0154875705775,2,0,Model_1
13678,2868.413330078125,5640.9384515858255,6064.813743471808,8,0,Model_1
13679,3884.2822265625,5687.0511861133855,6065.716011421522,26,0,Model_1
13680,2460.12060546875,5624.624647626188,6066.692467417219,3,0,Model_1
13681,2446.04296875,5531.566916788928,6070.124901011353,1,1,Model_1
13682,5097.53564453125,5519.945172754815,6077.4016884930315,8,0,Model_1
13683,1546.804931640625,5586.89575371705,6070.640331292729,2,0,Model_1
13684,2769.848388671875,5543.827587456675,6077.331739763962,1,0,Model_1
13685,5045.9052734375,5668.457408366725,6081.132993929554,40,1,Model_1
13686,2472.296630859375,5643.921797055984,6076.931477592065,10,0,Model_1
13687,3338.89599609375,5605.297116958769,6076.804651361075,6,1,Model_1
13688,1278.66064453125,5682.532667499734,6080.044549312064,10,1,Model_1
13689,3149.233642578125,5624.784379284596,6084.511376233044,12,0,Model_1
13690,3241.561767578125,5563.929839683464,6083.66598578525,4,0,Model_1
13691,3387.422119140625,5693.77510638535,6085.306601430697,38,1,Model_1
13692,1820.3878173828125,5586.059349038871,6081.837073813571,2,1,Model_1
13693,1794.798828125,5645.972990917275,6085.631969003793,4,0,Model_1
13694,2204.2685546875,5606.342968047829,6090.234807342407,4,0,Model_1
13695,2096.162109375,5546.324833124876,6090.0341463418445,1,0,Model_1
13696,1273.14111328125,5592.232724459376,6092.411343300977,2,0,Model_1
13697,2885.941162109375,5519.507867061766,6097.397839820245,3,0,Model_1
13698,5369.7158203125,5626.0419783934485,6105.861282761238,30,0,Model_1
13699,5662.0771484375,5662.5975120798685,6105.243402321124,20,1,Model_1
13700,4445.4853515625,5580.887173494557,6105.204895192495,20,0,Model_1
13701,1774.7548828125,5614.7530470078345,6099.8771336617065,8,0,Model_1
13702,2092.706787109375,5533.718921120511,6101.623025677167,6,0,Model_1
13703,1677.386474609375,5551.637406812748,6099.060005326668,2,0,Model_1
13704,2975.110107421875,5601.5003828995395,6106.820074936462,16,0,Model_1
13705,4059.175537109375,5645.012759679696,6111.633112738695,19,0,Model_1
13706,2329.1025390625,5563.769647703273,6109.191619473044,6,0,Model_1
13707,1953.1575927734375,5549.777706812834,6110.310445861745,7,0,Model_1
13708,752.56640625,5537.338891615393,6110.188565500488,6,0,Model_1
13709,1792.3970947265625,5594.451475449372,6118.03872059469,21,0,Model_1
13710,5334.73828125,5629.295532749733,6126.4173771974165,31,0,Model_1
13711,2504.936279296875,5537.953421194572,6120.0047038132325,7,0,Model_1
13712,2423.12353515625,5553.145881292876,6128.761366174062,9,0,Model_1
13713,6989.9453125,5601.144554161932,6134.20959496047,44,21,Model_1
13714,1805.2703857421875,5582.700380994473,6128.374881782132,21,2,Model_1
13715,1737.8123779296875,5569.359335104004,6129.308944608696,3,1,Model_1
13716,1979.4276123046875,5537.629354659934,6131.8497085454,20,1,Model_1
13717,4929.6279296875,5524.985696269432,6143.919750350382,30,8,Model_1
13718,4109.21435546875,5559.462877109414,6146.231944450177,20,3,Model_1
13719,2267.364990234375,5576.196034212597,6143.255943977041,7,4,Model_1
13720,735.79736328125,5547.314985278295,6141.82058192548,2,1,Model_1
13721,3237.553955078125,5537.826372382697,6154.027694977325,7,0,Model_1
13722,1861.271728515625,5820.110419498291,5878.996711080894,21,0,Model_1
13723,3155.27294921875,5830.765948111657,5884.0563358169165,29,0,Model_1
13724,1517.0177001953125,5807.845605934504,5884.384882877697,17,0,Model_1
13725,4072.11328125,5796.901455563726,5902.720988356945,50,0,Model_1
13726,6442.82666015625,5815.479122048011,5903.513740619732,79,0,Model_1
13727,7340.96240234375,5807.113694300875,5931.744765051029,60,0,Model_1
13731,4326.1796875,6641.580417776946,5883.301737406349,0,0,Model_1
13732,2750.218505859375,6579.245023002615,5886.633133947384,12,0,Model_1
13733,3981.2666015625,6605.8833842142485,5893.392724765639,2,0,Model_1
13734,4726.95751953125,6632.579745970434,5928.302086441021,0,0,Model_1
13735,6777.37060546875,6595.614525897894,5950.677201109414,23,0,Model_1
13736,4425.74658203125,6613.911856416846,5940.731410354405,14,0,Model_1
13737,5438.25048828125,6563.524113498395,5952.994694355351,6,1,Model_1
13738,4670.18603515625,6624.245159782702,5954.732461013395,6,0,Model_1
13739,7667.04296875,6578.149917482864,5975.27195145833,7,0,Model_1
13740,2994.356201171875,6640.936427603709,5966.453112449439,1,0,Model_1
13741,5280.4228515625,6627.8273838914465,5980.255621766322,23,2,Model_1
13742,9856.8681640625,6593.432140328689,6008.156332754792,16,1,Model_1
13743,2415.27978515625,6621.030272456119,5999.402496605238,13,0,Model_1
13744,6090.6337890625,6622.758780748118,6020.559160937468,20,0,Model_1
13745,3964.005615234375,6600.835035229335,6029.913213706663,16,0,Model_1
13746,4636.72265625,6831.940966926515,5876.75340588094,2,3,Model_1
13747,9726.78515625,6900.3599743738305,5883.045258733095,3,21,Model_1
13748,5038.71533203125,6805.881230195053,5881.703514930035,1,22,Model_1
13749,2853.98193359375,6849.998469796963,5886.2162677842425,1,6,Model_1
13750,10281.1552734375,6679.894840992987,5903.338515520649,1,9,Model_1
13751,5001.17236328125,6920.423559570918,5897.89699898602,3,6,Model_1
13752,6727.31982421875,6725.493396089878,5900.044566279015,0,0,Model_1
13753,3712.6240234375,6910.0170650416985,5917.459326882439,0,4,Model_1
13754,3591.633544921875,6926.394853729056,5921.715601063392,0,1,Model_1
13755,5247.05224609375,6781.448730963515,5924.25353878882,2,4,Model_1
13756,4327.130859375,6921.419235585723,5945.792448196065,5,21,Model_1
13757,3298.978515625,6903.884658259805,5967.864098428749,2,2,Model_1
13758,5054.96875,6703.191266066162,5985.767087030021,1,3,Model_1
13759,7864.94482421875,6686.7702071312815,6007.516195900884,8,4,Model_1
13760,4601.23095703125,6865.233279499225,6002.22976771,0,0,Model_1
13761,5394.89501953125,6813.526714674896,6008.090623342636,2,3,Model_1
13762,5345.28857421875,6788.43089175527,6020.168437228625,1,3,Model_1
13763,2029.6866455078125,6926.590950808255,6019.801383039216,0,1,Model_1
13764,5136.94091796875,6764.612001459347,6026.542250207771,0,4,Model_1
13765,3743.753662109375,6909.744554546662,6026.766934004176,0,1,Model_1
13766,4365.77197265625,6889.1239799931645,6028.678865932074,5,1,Model_1
13767,2592.6279296875,6663.863214285811,6054.081559429382,60,0,Model_1
13768,5651.76806640625,6872.812017320655,6067.145014497713,4,0,Model_1
13769,5974.31005859375,6911.553158828756,6079.78171166344,4,1,Model_1
13770,9857.015625,6732.612732772715,6081.02171186058,3,1,Model_1
13771,4151.763671875,6815.025522397598,6074.883180970122,3,0,Model_1
13772,4667.11376953125,6661.541351216612,6075.031910338497,16,0,Model_1
13773,2277.69384765625,6790.310385591816,6080.82564345334,1,1,Model_1
13774,2639.941162109375,6800.647831853712,6090.972448485321,6,0,Model_1
13775,3896.92041015625,6748.4165001977235,6100.2611451187695,1,2,Model_1
13776,5970.8525390625,6784.026072621811,6107.095277259417,4,2,Model_1
13777,3639.615478515625,6911.885971477255,6106.6890093885595,0,0,Model_1
13778,4845.990234375,6887.928984646685,6112.048565796198,1,2,Model_1
13779,1716.8929443359375,6799.804982670583,6112.897489008086,2,0,Model_1
13780,6757.29052734375,6697.517800101079,6139.66948186839,37,1,Model_1
13781,4751.14794921875,6743.198292475194,6135.134825876798,21,0,Model_1
13782,6031.22802734375,6794.136580245104,6137.345982923493,40,0,Model_1
13783,4239.09814453125,6857.0413930639625,6134.707361421373,5,3,Model_1
13784,3473.884765625,6814.8031869768165,6134.9659597530845,11,0,Model_1
13785,7730.4873046875,6873.924154746346,6149.876697166386,6,0,Model_1
13786,3364.36328125,6818.075154204387,6153.027922738605,8,2,Model_1
13787,3542.38232421875,7060.145490430761,5875.132573714422,3,3,Model_1
13788,3052.045166015625,7106.575846988009,5875.384813070763,1,0,Model_1
13789,2834.52978515625,7141.1391080012545,5876.090659336827,0,1,Model_1
13790,3479.4013671875,7122.728538323892,5878.7812124711345,6,0,Model_1
13791,4822.3095703125,6996.860451819841,5882.5803469782695,4,0,Model_1
13792,5492.51611328125,7091.077733226353,5888.384678385395,7,9,Model_1
13793,5108.97900390625,7071.639265009435,5888.05259856052,0,5,Model_1
13794,2741.2099609375,7160.297240252839,5891.876462416316,0,0,Model_1
13795,4265.5107421875,7137.203356763814,5894.478696448263,2,0,Model_1
13796,3995.3154296875,7114.698685155949,5895.2368276229245,7,0,Model_1
13797,1991.01025390625,7008.987629170762,5898.559745530132,0,1,Model_1
13798,3427.613525390625,7159.005117010325,5905.948168357194,2,3,Model_1
13799,4737.88330078125,7102.007613621885,5913.148648134433,0,7,Model_1
13800,2449.475830078125,7145.887327184202,5911.541947024292,1,0,Model_1
13801,4864.34619140625,7121.806513794232,5914.692112767283,6,1,Model_1
13802,6554.607421875,7031.403458674671,5920.000797371962,0,1,Model_1
13803,8233.4248046875,7164.906902579358,5928.944342953386,18,3,Model_1
13804,18604.447265625,7139.640760600334,5948.4868873708765,17,12,Model_1
13805,3709.697509765625,6949.438101822045,5958.973191032332,1,9,Model_1
13806,2732.733642578125,6987.1642338004895,5963.074376869539,0,2,Model_1
13807,3502.32080078125,7110.205484240316,5966.574286257877,2,1,Model_1
13808,4450.271484375,7187.5220514149405,5965.483721981931,4,1,Model_1
13809,6643.0234375,7166.920810376294,5972.9735351385025,8,33,Model_1
13810,2370.66259765625,7084.389718053397,5971.36153488222,0,0,Model_1
13811,2857.2880859375,7101.962502087234,5982.489035226812,1,5,Model_1
13812,2619.716064453125,7201.0536705232225,5990.09472304568,7,4,Model_1
13813,4010.608154296875,7174.354086514562,6022.750534505234,2,4,Model_1
13814,2992.229248046875,6961.848377068993,6037.66515795904,0,7,Model_1
13815,6351.66943359375,7203.046863839962,6050.346367952356,3,18,Model_1
13816,3476.4873046875,7147.079560599988,6047.604943015089,3,9,Model_1
13817,5636.36474609375,7189.772564607905,6075.158736569487,7,32,Model_1
13818,7123.26708984375,6940.643654173939,6083.146669463371,0,0,Model_1
13819,4906.6474609375,7198.746998072835,6094.18090483587,7,7,Model_1
13820,2525.088134765625,6931.047325981315,6101.771048492723,1,0,Model_1
13821,3748.80322265625,7185.843257875415,6113.009477629879,1,0,Model_1
13822,5199.34423828125,7015.435816695215,6113.218617264269,3,10,Model_1
13823,4104.240234375,7034.819506620057,6117.647290333029,9,20,Model_1
13824,2631.74072265625,7204.074302057736,6133.248329850379,3,2,Model_1
13825,2533.96826171875,7113.429578002542,6139.051248151867,8,12,Model_1
13826,4142.61962890625,7129.288123719627,6143.682701879647,3,3,Model_1
13827,7004.44091796875,6975.668617934687,6151.276378300594,3,1,Model_1
13828,2173.447265625,7190.851558865281,6144.479340182937,3,1,Model_1
13829,3389.43115234375,7172.6812771582045,6152.118589260703,2,4,Model_1
13830,3958.09326171875,7203.276564409258,5920.443805989402,6,0,Model_1
13831,3122.390625,7230.506899432745,5917.775509268889,11,1,Model_1
13832,7499.3046875,7208.277039928827,5954.1976005295,15,2,Model_1
13833,2577.213134765625,7224.681066957768,5958.329521414329,18,1,Model_1
13834,5337.9228515625,7237.338995323516,5972.824099217309,17,3,Model_1
13835,4214.1630859375,7216.9831057947595,5979.651165829768,17,2,Model_1
13836,7717.07275390625,7211.15036849305,6015.620710009884,30,16,Model_1
13837,2785.793212890625,7232.336218195036,6023.8675945118885,0,0,Model_1
13838,4314.21435546875,7222.99536859151,6037.80434886436,7,5,Model_1
13839,2159.158203125,7209.582052181242,6073.294143680454,4,6,Model_1
13846,5439.83447265625,1272.9533464917913,6159.816835498845,52,0,Model_1
13847,3661.950439453125,1208.290219545539,6160.9374282695935,49,1,Model_1
13848,6015.55126953125,1172.8289858157514,6170.614728953427,34,1,Model_1
13849,5793.56005859375,1292.950415191357,6169.769338505634,48,1,Model_1
13850,3354.9521484375,1257.2871001992025,6169.448563525861,27,0,Model_1
13851,2115.334228515625,1190.6834867802681,6166.36799323553,17,0,Model_1
13852,2824.2802734375,1231.2263277437305,6176.055185658828,60,0,Model_1
13853,9867.9306640625,1213.777600430185,6189.7679627677135,93,1,Model_1
13854,5327.9638671875,1180.032446304278,6193.436385003355,49,1,Model_1
13855,1819.010986328125,1312.565071570396,6185.718002009875,16,0,Model_1
13856,1711.7977294921875,1245.1988200388732,6183.210446055658,33,1,Model_1
13857,4193.6689453125,1193.753372745472,6192.007028650754,36,1,Model_1
13858,5166.90283203125,1266.0566904710722,6187.311278616457,68,0,Model_1
13859,2583.673583984375,1284.1512492449838,6192.141626962752,13,0,Model_1
13860,2241.033935546875,1239.393586963648,6194.065217012161,39,0,Model_1
13861,8186.12255859375,1249.6137662515393,6209.1603647111915,139,1,Model_1
13862,3291.31884765625,1198.907825901173,6210.527191139321,31,1,Model_1
13863,6736.59033203125,1278.6433840410318,6212.718917983497,55,0,Model_1
13864,5267.03662109375,1213.884740324982,6226.26883466763,20,2,Model_1
13865,2522.20361328125,1246.340187897731,6227.952550035028,27,0,Model_1
13866,10264.4365234375,1272.2308714546962,6243.947846025316,84,1,Model_1
13867,7777.32666015625,1246.0993245252175,6259.17335271943,52,1,Model_1
13868,932.0385131835938,1351.1936644027592,6153.669119421742,21,0,Model_1
13869,7241.12548828125,1386.9111822847626,6162.050602235744,43,1,Model_1
13870,2077.33984375,1342.1878139761975,6167.68359458429,26,0,Model_1
13871,2861.147705078125,1321.279653389298,6170.047720316274,25,0,Model_1
13872,1727.696533203125,1304.3411927712732,6179.594308728614,16,0,Model_1
13873,1053.8870849609375,1366.7027108067414,6176.49042219526,24,0,Model_1
13874,2113.23583984375,1338.010969205352,6188.722617872176,12,0,Model_1
13875,4086.199462890625,1382.2885158678982,6186.82799648834,17,0,Model_1
13876,5240.50341796875,1355.1093916426762,6191.795062805089,28,0,Model_1
13877,6664.15283203125,1311.9020931236446,6206.272683340416,72,0,Model_1
13878,3147.567138671875,1503.5461344823125,6216.550200643891,0,0,Model_1
13879,4056.239990234375,1318.7540979314945,6227.602806389681,16,0,Model_1
13880,8273.47265625,1568.7537070164108,6319.541225564812,45,5,Model_1
13881,4200.66357421875,1336.8729386794148,6328.687905081664,5,0,Model_1
13883,5230.7744140625,1706.403499373875,6200.853776495991,9,3,Model_1
13885,2354.297119140625,1609.2411942855688,6280.351920189045,13,0,Model_1
13886,2987.71484375,1614.5920897618053,6295.278908317181,7,0,Model_1
13887,2789.063232421875,1599.3893875038484,6298.42377491403,12,0,Model_1
13894,1558.7874755859375,2673.575123543036,6191.7247607996105,1,3,Model_1
13895,3845.56884765625,2668.9033177759266,6206.469458300475,2,21,Model_1
13896,9146.8525390625,2644.530430215178,6222.51068022399,6,42,Model_1
13897,5257.68017578125,2657.284565833397,6250.294809997344,2,31,Model_1
13898,3031.2060546875,2692.1592345322715,6291.084457507881,9,8,Model_1
13899,3367.77783203125,2908.228064732626,6158.609336731373,0,1,Model_1
13900,6842.01513671875,2733.598091844702,6170.474478218879,1,5,Model_1
13901,3310.11474609375,2761.9382626849692,6161.808254618867,1,4,Model_1
13902,4155.9228515625,2752.5256028834265,6181.677226438682,2,12,Model_1
13903,3967.43701171875,2911.131314212689,6182.257306302985,3,0,Model_1
13904,5403.85205078125,2982.845304976683,6192.883860698988,5,0,Model_1
13905,2699.5693359375,2814.8524817047874,6194.689809704054,2,0,Model_1
13906,13546.2333984375,2729.790540223592,6224.612321583758,4,31,Model_1
13907,3428.70849609375,2859.3331453537103,6204.812591940194,1,0,Model_1
13908,8928.0302734375,2783.6283948993078,6217.406895936787,4,32,Model_1
13909,5646.35009765625,2816.7908967294497,6223.227124782337,5,1,Model_1
13910,4458.62255859375,2800.5440695891157,6235.431058346498,6,2,Model_1
13911,4975.98486328125,2740.424894034979,6253.861841903476,6,15,Model_1
13912,3979.1162109375,2917.3109039772535,6276.308671682986,6,1,Model_1
13913,5124.30419921875,2712.384852996678,6320.916883903177,1,4,Model_1
13914,6938.54296875,2820.903411531239,6355.766541865363,4,16,Model_1
13931,5596.89404296875,4036.8528356950264,6161.459217526339,51,1,Model_1
13932,4157.93701171875,4078.4815757425968,6160.28139397726,37,1,Model_1
13933,5571.99951171875,4110.624464825261,6166.834318095993,22,0,Model_1
13934,4395.70361328125,4010.234728641808,6164.451468714309,31,0,Model_1
13935,4175.05517578125,4168.105766406748,6159.950727258023,5,0,Model_1
13936,4837.74169921875,4185.4152463811915,6170.811150637077,31,1,Model_1
13937,4689.03125,4132.420240888605,6181.509066867788,16,1,Model_1
13967,5448.119140625,6683.851306710625,6156.185860562604,7,1,Model_1
13968,3021.53369140625,6854.387177668046,6161.952391393919,6,1,Model_1
13969,7036.30810546875,6764.998211434577,6170.382979628834,10,0,Model_1
13970,3730.413818359375,6710.4781598777045,6165.58972530553,3,1,Model_1
13971,5132.64697265625,6836.124371282756,6167.415811065934,13,1,Model_1
13972,8933.431640625,6730.826223936165,6174.917988896836,10,0,Model_1
13973,5160.119140625,6896.428826354211,6173.550809192297,12,0,Model_1
13974,5876.8291015625,6872.678063682048,6180.5114142875245,6,0,Model_1
13975,2012.4002685546875,6854.977770514553,6179.207824336685,8,0,Model_1
13976,4393.478515625,6701.818126189988,6185.235779710987,2,0,Model_1
13977,4356.45166015625,6920.5634973926935,6183.79759144815,4,1,Model_1
13978,2695.513916015625,6886.937911849702,6191.677775037155,1,0,Model_1
13979,6211.6513671875,6808.093536680099,6206.172706116544,22,2,Model_1
13980,3960.990478515625,6895.814296775032,6208.545310482354,2,1,Model_1
13981,1478.1500244140625,6720.265521609923,6202.563987594098,3,0,Model_1
13982,4660.83251953125,6778.4294803943485,6211.3747012455715,25,0,Model_1
13983,4061.7060546875,6908.582702368498,6249.370285633835,8,3,Model_1
13985,2902.535888671875,6998.986217809841,6161.734773125703,2,0,Model_1
13986,3609.006591796875,7066.092387534445,6174.363698210422,0,8,Model_1
13987,3021.458740234375,6941.585012218449,6168.099400918203,0,0,Model_1
13988,4190.77978515625,6986.685038825264,6174.337555756123,1,0,Model_1
13989,5427.84814453125,7111.9040716164745,6179.513761707261,10,20,Model_1
13990,4071.595947265625,7045.2002231294755,6178.506923940353,3,0,Model_1
13991,3445.291748046875,7005.031623774907,6180.537203465414,1,0,Model_1
13992,4036.194091796875,6948.395012663677,6183.429124153103,4,0,Model_1
13993,3523.189208984375,7128.4558619374875,6184.145215435041,3,13,Model_1
13994,5737.15673828125,7020.335942066275,6193.18626530547,5,1,Model_1
13995,4594.1337890625,7053.830796223134,6193.564271063573,2,5,Model_1
13996,5513.5546875,7036.6732224368025,6209.042723666847,9,27,Model_1
13997,4104.57373046875,6924.275992565788,6212.057231268613,5,1,Model_1
13998,3518.423095703125,6976.4507046425715,6217.577528442547,6,1,Model_1
13999,6195.2314453125,7054.491818302311,6226.461370310775,6,23,Model_1
14000,8465.78125,7019.772508204915,6233.589781700488,11,11,Model_1
14001,5308.47802734375,6927.63772254088,6229.298179878591,6,5,Model_1
14002,6620.609375,6976.264274320798,6248.140177176159,6,10,Model_1
14003,5738.8310546875,6951.721297861543,6246.151937543822,5,8,Model_1
14004,4073.96337890625,6929.956823679386,6248.214011945733,9,5,Model_1
14174,4972.72607421875,1289.5075535021606,6841.954721725546,36,0,Model_1
14175,3762.177734375,1278.121379140066,6857.0965019106225,35,1,Model_1
14176,2573.676025390625,1265.1131458980963,6863.0460299220285,35,2,Model_1
14177,3154.68798828125,1277.3662212564377,6877.053792832798,49,1,Model_1
14178,3848.87646484375,1237.209820429096,6890.701920358755,24,1,Model_1
14179,6408.45703125,1269.8783969869837,6896.0476989864255,74,0,Model_1
14180,5386.4765625,1245.2954876131262,6910.038857905951,80,3,Model_1
14181,5202.724609375,1219.5145908012055,6904.929421196197,29,2,Model_1
14182,6296.59912109375,1291.7493205812643,6916.028306151624,204,0,Model_1
14183,2147.956787109375,1199.97749864246,6912.555599046813,26,0,Model_1
14184,2460.0361328125,1268.124110675184,6914.249559430085,40,0,Model_1
14185,1897.56640625,1188.7859253137722,6928.654051748657,31,1,Model_1
14186,2172.295166015625,1175.7034651844297,6933.361813180876,21,1,Model_1
14187,5913.0966796875,1307.6337593985954,6942.453381577856,78,0,Model_1
14188,1492.8914794921875,1223.9630254235235,6934.0676594469405,40,1,Model_1
14189,7726.9873046875,1277.9079049135908,6952.366317626787,209,0,Model_1
14190,5845.7314453125,1237.4666799835395,6948.759012209979,111,2,Model_1
14191,1788.191650390625,1198.1569259940297,6939.952891151828,27,2,Model_1
14192,2099.967529296875,1186.4144625725457,6945.418430482299,12,2,Model_1
14193,7981.38720703125,1215.4562788892654,6958.44479152764,74,0,Model_1
14194,6386.28125,1190.8352778879344,6966.874673209735,104,0,Model_1
14195,7466.7646484375,1231.8845878922148,6982.636453493382,75,0,Model_1
14196,4702.23828125,1294.3275828831247,6977.249341525807,113,0,Model_1
14197,2776.43505859375,1205.076022701629,6982.951222774194,43,0,Model_1
14198,3541.16357421875,1160.6837408348802,6990.093411943875,50,1,Model_1
14199,2355.95849609375,1216.927352224593,6988.5248646859545,15,0,Model_1
14200,3513.17529296875,1127.3638089552405,6988.489183768601,13,0,Model_1
14201,5518.54638671875,1459.1751424979884,6808.839650933718,46,0,Model_1
14202,3972.614013671875,1403.1862041342538,6806.42783288646,15,0,Model_1
14203,4317.2646484375,1491.9045966115664,6810.904551546904,14,0,Model_1
14204,4240.046875,1382.1451256327564,6809.966955956246,43,1,Model_1
14205,3568.11474609375,1531.1395483114757,6815.052016593749,24,0,Model_1
14206,1443.0125732421875,1350.3488588520559,6812.701315365324,0,0,Model_1
14207,4999.27099609375,1548.3302652661223,6827.768554228009,24,0,Model_1
14208,6807.1455078125,1340.4488333636546,6829.160463281209,45,0,Model_1
14209,3880.655517578125,1480.8948503868305,6830.216759745439,47,0,Model_1
14210,3576.76611328125,1312.4736976966378,6830.127027537441,27,0,Model_1
14211,3123.67578125,1584.3167261493509,6834.344794589764,15,0,Model_1
14212,1921.05224609375,1442.38099275867,6835.52403124448,43,1,Model_1
14213,2490.47509765625,1497.724214742484,6838.299017440644,50,0,Model_1
14214,4761.92529296875,1447.5832042992697,6850.770381246752,223,1,Model_1
14215,5957.3115234375,1504.5329493028112,6855.752285172697,169,1,Model_1
14216,6886.91162109375,1560.9269708348438,6854.718245122262,169,0,Model_1
14217,7675.97265625,1418.3543822585489,6856.023601455148,101,2,Model_1
14218,2302.55322265625,1339.2411791681661,6848.579714231804,36,0,Model_1
14219,2361.878173828125,1360.7411984864739,6849.275668758404,64,0,Model_1
14220,2581.7958984375,1342.2572074848576,6860.9500409848115,18,0,Model_1
14221,3381.138916015625,1380.1124597231974,6859.435545017535,115,0,Model_1
14222,3948.778076171875,1437.9539630992222,6869.433267404733,64,0,Model_1
14223,4230.31689453125,1365.9427195444005,6870.06739855968,103,0,Model_1
14224,2461.01806640625,1403.6441092270543,6871.304572545545,57,0,Model_1
14225,6964.9169921875,1519.1231934296084,6882.912175530568,200,0,Model_1
14226,4440.14794921875,1355.7960766612086,6881.637554245302,118,0,Model_1
14227,3026.05078125,1501.1803106829175,6877.474545036443,128,0,Model_1
14228,4519.111328125,1588.9633292988874,6882.251901921321,139,0,Model_1
14229,5767.04443359375,1390.7094123897841,6883.858249755052,322,0,Model_1
14230,1466.7518310546875,1549.090831930691,6876.300607527868,55,1,Model_1
14231,10337.2197265625,1423.5466968808323,6892.619151432795,243,1,Model_1
14232,3857.46484375,1574.5114118676283,6888.323310293985,82,0,Model_1
14233,5347.03564453125,1559.0385007235454,6893.495630204619,108,0,Model_1
14234,4134.01953125,1315.7315100294072,6893.540849585028,115,1,Model_1
14235,4636.3193359375,1445.645364676835,6901.918093082117,173,0,Model_1
14236,1662.81103515625,1504.2164780775784,6897.81019499313,70,0,Model_1
14237,6193.98388671875,1363.7877231212333,6911.486231355433,176,1,Model_1
14238,3127.666748046875,1545.383860618982,6907.297079692275,106,1,Model_1
14239,5184.646484375,1527.602090496046,6909.907439081639,140,0,Model_1
14240,5168.1611328125,1316.0283024984528,6914.595417034929,112,1,Model_1
14241,5789.93798828125,1341.6334714700351,6917.489104104665,171,0,Model_1
14242,7691.9150390625,1581.086533123511,6925.801698018826,151,0,Model_1
14243,5820.11083984375,1354.8112182082841,6938.5786459191,127,0,Model_1
14244,3349.130615234375,1548.342809034686,6936.632092903077,80,0,Model_1
14245,2233.8798828125,1529.4829652979388,6931.98014914355,72,0,Model_1
14246,2336.657958984375,1538.4385255697998,6949.090032205626,56,0,Model_1
14247,2856.50830078125,1579.4676964961109,6953.318750826642,64,0,Model_1
14248,4519.9970703125,1551.1360416088137,6961.227549804811,99,0,Model_1
14249,4908.8271484375,1341.7613258450292,6974.9883725053805,54,0,Model_1
14250,2972.719482421875,1575.6619861621293,6970.887893220992,87,1,Model_1
14251,1616.080322265625,1545.766733261291,6983.024704267358,52,0,Model_1
14252,4068.0400390625,1347.7176595452474,6994.732991029072,53,0,Model_1
14253,2998.0458984375,1607.5579126086668,6852.120250407228,44,0,Model_1
14254,4027.0068359375,1642.307258702349,6861.17896409813,4,0,Model_1
14255,5445.884765625,1643.0814048594912,6885.03677985695,82,0,Model_1
14256,3386.565185546875,1659.189675143396,6898.06278762588,36,0,Model_1
14257,4861.755859375,1636.350579760794,6912.134846843168,134,0,Model_1
14258,3156.60595703125,1700.7065569979022,6917.418802099186,20,1,Model_1
14259,3522.5361328125,1657.2445854528924,6916.291497076658,76,0,Model_1
14260,7154.59375,1622.414107645105,6932.526314472547,207,0,Model_1
14261,3122.193115234375,1709.6104461497162,6934.372183711879,42,0,Model_1
14262,3247.797607421875,1725.6406918915454,6936.569562978606,2,0,Model_1
14263,3671.47314453125,1655.5229819876258,6939.514121851302,176,0,Model_1
14264,2956.7314453125,1593.4267243791255,6944.3737921395805,96,0,Model_1
14265,2892.071044921875,1704.1817562922952,6954.149656941649,56,1,Model_1
14266,3848.853271484375,1747.7257801949745,6959.581988289632,3,0,Model_1
14267,4209.36083984375,1655.3847703725332,6961.119093947113,95,1,Model_1
14268,3790.682373046875,1610.743109180301,6964.727812469559,126,1,Model_1
14269,3279.111572265625,1593.8452719595516,6966.461693087098,54,0,Model_1
14270,3668.617919921875,1713.810422090115,6980.000658202538,62,0,Model_1
14271,3446.382080078125,1697.0669077468337,6985.100556449237,120,1,Model_1
14272,8091.57275390625,1631.690857440466,6991.210825226939,279,0,Model_1
14273,4419.431640625,1596.6541554742726,6986.504830176767,114,0,Model_1
14274,4443.5546875,1730.8892808516975,6988.359178049926,82,1,Model_1
14275,4304.755859375,1776.1253325451398,6995.347338705091,16,0,Model_1
14280,4960.17041015625,2894.0457807852654,6917.614870506426,18,30,Model_1
14281,1617.31982421875,2877.5211494493997,6913.0265165005985,11,2,Model_1
14282,4453.7880859375,2831.831910961424,6922.738791548967,6,47,Model_1
14283,4693.30126953125,2915.211146167945,6926.960444641794,15,61,Model_1
14284,3924.3076171875,2951.170332985581,6924.484330288018,14,90,Model_1
14285,3496.467041015625,2861.5818172595464,6924.476204930601,5,25,Model_1
14286,4729.6259765625,2972.116585199954,6926.951259455149,4,15,Model_1
14287,3297.38720703125,2810.530290331226,6935.855944631534,1,10,Model_1
14288,4282.7958984375,2933.928750474006,6941.873301713553,16,54,Model_1
14289,5929.390625,2843.771967507899,6943.182190810534,6,44,Model_1
14290,5803.79833984375,2983.4635171301197,6948.097678771504,30,25,Model_1
14291,8384.505859375,2953.6178639013087,6952.252209346538,17,68,Model_1
14292,2863.69580078125,2771.204540159786,6950.873018244078,6,20,Model_1
14293,12842.564453125,2980.218248565914,6975.023346869915,18,2,Model_1
14294,11525.0927734375,2731.308681461145,6984.61762759753,3,32,Model_1
14295,4760.767578125,2755.345303960028,6991.217537478718,5,16,Model_1
14296,4534.513671875,3008.9437087378465,6923.05956652874,7,14,Model_1
14297,7487.603515625,3016.4672079454176,6973.688668595045,28,1,Model_1
14298,5109.015625,3039.85707834037,6972.1416711981,22,2,Model_1
14299,6019.9326171875,3068.4009415692417,6988.057833272673,19,3,Model_1
14300,5540.1728515625,3106.995010267943,6994.500535151659,12,29,Model_1
14301,1618.1124267578125,3000.8049894684227,6991.167018952168,0,0,Model_1
14312,5556.607421875,4108.638176335255,6823.8708556026395,8,2,Model_1
14313,1936.947265625,4066.8865303718485,6832.569227355911,8,1,Model_1
14314,3276.1279296875,4058.150083268294,6846.2247736864665,4,1,Model_1
14315,1949.18798828125,4076.712098811986,6856.907852307981,15,0,Model_1
14316,2912.52490234375,4057.818191263359,6860.317322935502,11,0,Model_1
14317,3445.635009765625,4105.76024455321,6864.422041536804,10,0,Model_1
14318,4556.1220703125,4084.2420425245073,6873.493119902036,6,0,Model_1
14319,1212.6142578125,4047.8048115361016,6871.064344587125,11,0,Model_1
14320,2539.41015625,4034.1940170812886,6875.872789796034,6,0,Model_1
14321,2736.1171875,4099.880094107939,6877.733496644563,9,1,Model_1
14322,1740.75439453125,4090.795183415292,6893.718194342568,3,0,Model_1
14323,3881.313232421875,3936.668863348197,6899.721420368209,14,0,Model_1
14324,5096.19091796875,3915.722841294715,6903.258777055948,7,2,Model_1
14325,4909.86376953125,3953.2340030008927,6921.365252869058,32,0,Model_1
14326,5423.04443359375,3925.5691242150497,6922.637401219457,26,0,Model_1
14327,2760.7060546875,3976.293822678039,6918.160682559013,11,0,Model_1
14328,7170.919921875,3886.1278332762886,6940.094908268424,11,3,Model_1
14329,1565.3643798828125,4009.3960223547183,6938.918144548574,3,0,Model_1
14330,6518.1748046875,3932.7303501800634,6960.9110141419515,31,1,Model_1
14331,14239.978515625,3958.1470173818525,6972.990594409988,31,3,Model_1
14332,3143.26416015625,3898.698300503427,6966.2741033136845,10,0,Model_1
14333,3580.058349609375,4047.7523348529357,6975.036064820655,2,0,Model_1
14334,3050.848876953125,3978.9351490640547,6988.917354776844,3,0,Model_1
14335,4102.27197265625,4114.218657300342,6993.694711661723,1,2,Model_1
14336,3368.67236328125,4088.066395890666,6992.5087627552275,0,0,Model_1
14337,3354.566162109375,4068.355417178711,6995.159042378858,0,2,Model_1
14338,997.0655517578125,3982.1164329005405,7003.517915502656,0,0,Model_1
14340,5330.83251953125,4134.1363204924855,6818.198649572645,20,2,Model_1
14341,4792.85498046875,4227.75426293863,6827.471095491259,30,11,Model_1
14342,6714.52978515625,4255.622603952186,6834.046276023786,12,17,Model_1
14343,1463.4613037109375,4180.089783683419,6838.702812376636,10,1,Model_1
14344,3518.424072265625,4193.23058959865,6843.443428514933,38,4,Model_1
14345,4229.158203125,4163.5798826445825,6846.087349163194,24,0,Model_1
14346,4040.87548828125,4214.907142320415,6845.742904663988,14,5,Model_1
14347,3669.6484375,4263.057261055801,6858.883373989578,15,2,Model_1
14348,2164.062255859375,4198.7765464300755,6856.894781080831,25,2,Model_1
14349,4869.13330078125,4180.983268262586,6863.584069893608,20,0,Model_1
14350,3157.634521484375,4279.190158555051,6861.955818922492,6,1,Model_1
14351,7481.3662109375,4147.199792348314,6867.248252812336,26,4,Model_1
14352,4477.0400390625,4217.694851033157,6867.096697232686,6,1,Model_1
14353,2688.0859375,4198.922008113237,6874.934487652557,4,0,Model_1
14354,4030.775146484375,4164.208682199009,6878.60891558716,12,3,Model_1
14355,4666.2001953125,4367.357430778677,6886.096255808865,15,5,Model_1
14356,4293.7412109375,4282.556491747964,6880.786864651367,15,0,Model_1
14357,2972.015869140625,4182.761030985275,6887.015481026232,8,0,Model_1
14358,4218.07080078125,4193.204351257067,6900.14429223031,2,1,Model_1
14359,3988.46630859375,4140.432601828827,6905.30071470252,4,1,Model_1
14360,5982.1162109375,4208.516955340514,6920.592990638019,3,1,Model_1
14361,4813.9443359375,4182.860000168439,6923.352785948577,3,0,Model_1
14362,6279.607421875,4317.629328974057,6929.98095794252,3,3,Model_1
14363,5448.11181640625,4345.135396745056,6932.211545191734,4,1,Model_1
14364,8348.6484375,4372.10472931806,6942.040401455219,8,0,Model_1
14365,1916.934814453125,4395.637299465481,6943.993666723021,8,1,Model_1
14366,1137.73193359375,4384.0224602581,6949.887377061736,3,0,Model_1
14367,8891.7216796875,4372.548479516059,6973.249899294518,5,0,Model_1
14368,4831.28662109375,4386.556071347091,6982.855484867236,4,2,Model_1
14369,13197.9765625,4431.333412384614,6947.324003434827,11,8,Model_1
14370,3257.177001953125,4410.292103722226,6936.49749459108,13,2,Model_1
14371,7425.521484375,4444.789538720623,6969.176622293657,14,5,Model_1
14372,3978.76220703125,4399.497097608866,6964.475926389627,5,0,Model_1
14373,6610.43408203125,4461.449964982225,6980.256430322974,9,4,Model_1
14374,8081.83984375,4417.902603746625,6981.444852164335,5,5,Model_1
14375,2333.71044921875,4476.169214288471,6979.217797679215,2,0,Model_1
14379,4120.04638671875,5513.368095131358,6825.147949822771,2,0,Model_1
14380,5326.912109375,5475.830695083598,6850.068421021191,7,0,Model_1
14381,5169.107421875,5441.175830035703,6854.574461623619,3,0,Model_1
14382,5203.87548828125,5455.722458673641,6869.528652035282,7,0,Model_1
14383,4917.74609375,5392.55250050826,6876.882453774218,2,2,Model_1
14384,3621.915771484375,5519.5773756508715,6877.909075020056,4,0,Model_1
14385,4291.90185546875,5377.469596994109,6884.974249932478,0,0,Model_1
14386,7040.4140625,5454.071284441045,6893.156838127965,14,0,Model_1
14387,8854.173828125,5357.994763356401,6904.464509441372,2,0,Model_1
14388,5123.5927734375,5512.29278344824,6899.525351960969,0,1,Model_1
14389,3900.132080078125,5381.083583305823,6906.279996909492,1,1,Model_1
14390,3862.732177734375,5397.840216819895,6909.3969546699955,1,0,Model_1
14391,5024.41552734375,5469.49252446508,6911.276738444634,0,0,Model_1
14392,2813.251953125,5420.044298304012,6913.143450992124,3,0,Model_1
14393,6836.10302734375,5339.241253951332,6925.9246382093115,1,0,Model_1
14394,4035.01025390625,5496.822288993513,6923.965720518958,1,0,Model_1
14395,5698.3349609375,5434.909929936985,6927.147681138798,0,0,Model_1
14396,4260.005859375,5410.5266851361375,6928.802781117032,1,2,Model_1
14397,4496.44091796875,5389.656155854929,6930.104251409415,2,0,Model_1
14398,2853.0390625,5321.244513556128,6933.901619534503,0,0,Model_1
14399,2286.10400390625,5511.62485654233,6934.408571182052,2,0,Model_1
14400,5956.51904296875,5363.877675732365,6941.638726177684,4,0,Model_1
14401,5017.95361328125,5400.075079072267,6948.621940963116,2,0,Model_1
14402,2497.688720703125,5422.180651695002,6947.53738238613,1,0,Model_1
14403,3121.483154296875,5367.151484247064,6959.978717697435,3,0,Model_1
14404,3557.4326171875,5519.86737837363,6990.059497408569,0,1,Model_1
14405,4337.197265625,5329.499464075547,6992.120511981251,2,1,Model_1
14411,9991.095703125,5665.619064257946,6808.505098173977,4,0,Model_1
14412,3486.930908203125,5588.190638890257,6810.802454664576,2,0,Model_1
14413,4183.796875,5641.818126511527,6820.2317553089815,5,0,Model_1
14414,4466.4521484375,5545.685906491242,6814.479708810453,0,0,Model_1
14415,3787.732177734375,5598.85399297392,6824.677385645395,3,0,Model_1
14416,3739.005615234375,5563.481025945861,6815.737726104475,4,0,Model_1
14417,3834.301025390625,5706.239239280811,6818.926398976095,4,0,Model_1
14418,3136.3642578125,5527.214574338635,6819.152142601728,1,0,Model_1
14419,2009.314697265625,5578.906869187718,6819.622000226285,3,0,Model_1
14420,1512.2137451171875,5721.312015715754,6819.199128364184,1,0,Model_1
14421,2593.8408203125,5546.92969594663,6833.212896973913,2,1,Model_1
14422,4570.0009765625,5573.0722905988805,6835.129774771543,5,0,Model_1
14423,6147.306640625,5722.078451483045,6842.114755939023,18,0,Model_1
14424,3418.0810546875,5534.146560056135,6839.596248416114,7,1,Model_1
14425,2537.958984375,5590.04159277631,6842.483929786889,9,0,Model_1
14426,3259.42431640625,5752.155876729172,6844.211451429059,1,0,Model_1
14427,4943.759765625,5519.415342383552,6851.453617822612,4,0,Model_1
14428,5546.22314453125,5610.511642107042,6860.891397100844,21,0,Model_1
14429,2947.265625,5740.466465393081,6855.917971808725,4,0,Model_1
14430,1975.3602294921875,5759.1822284120135,6857.64867293858,2,0,Model_1
14431,1806.5667724609375,5659.417609208729,6858.631487909646,18,0,Model_1
14432,2952.89013671875,5566.604769559577,6863.656491557544,12,0,Model_1
14433,5157.7060546875,5629.615456388332,6868.316560674488,16,0,Model_1
14434,4286.59130859375,5536.65531376889,6870.040902828972,4,1,Model_1
14435,4573.9951171875,5729.692634081701,6869.999216212658,22,0,Model_1
14436,3021.38818359375,5646.471519407351,6871.612629574578,31,0,Model_1
14437,7856.638671875,5757.2115908626,6879.227502580092,19,0,Model_1
14438,7005.16162109375,5558.878728767857,6886.631822845578,2,3,Model_1
14439,5137.29443359375,5797.608509821119,6892.91307740545,3,1,Model_1
14440,2091.88623046875,5783.586187693058,6886.376404001552,0,0,Model_1
14441,7759.03466796875,5636.356868888019,6898.696565504419,2,1,Model_1
14442,8506.2041015625,5698.417451558402,6898.149693622603,57,0,Model_1
14443,4846.61865234375,5727.641900542192,6903.441420959629,31,0,Model_1
14444,3072.174072265625,5551.490103842458,6903.37111895415,0,0,Model_1
14445,3144.806884765625,5776.459485861706,6902.270662938739,20,0,Model_1
14446,5841.1494140625,5712.392360542901,6919.161161350552,41,1,Model_1
14447,4523.81689453125,5756.021659055725,6914.53112072841,44,0,Model_1
14448,6336.2578125,5571.191415796988,6918.2080215978785,2,0,Model_1
14449,5673.947265625,5789.584180514561,6920.461218537297,44,2,Model_1
14450,5435.66064453125,5664.084351436235,6924.624227746157,3,1,Model_1
14451,5207.015625,5553.1711989908945,6927.694553020614,1,1,Model_1
14452,2478.848876953125,5679.902849158272,6919.362175627524,2,0,Model_1
14453,4112.7900390625,5772.430749624269,6924.561344545276,40,0,Model_1
14454,1727.954345703125,5692.617397103226,6921.189674493566,0,0,Model_1
14455,2610.5478515625,5528.516364338575,6923.597959776729,0,0,Model_1
14456,3320.115966796875,5647.950993615203,6929.275464952865,1,0,Model_1
14457,5837.07177734375,5754.890188115183,6937.031295245746,41,1,Model_1
14458,8288.1923828125,5693.625041484367,6942.2866351125995,1,0,Model_1
14459,9161.9697265625,5718.567577250535,6951.572505534772,1,0,Model_1
14460,2348.296630859375,5739.048674304038,6944.743672540266,11,0,Model_1
14461,6166.193359375,5542.2578901795205,6950.635969773342,1,0,Model_1
14462,6927.046875,5650.936640694272,6951.901759148372,2,1,Model_1
14463,2610.185302734375,5747.602833981859,6957.2775662708445,3,1,Model_1
14464,4513.69140625,5790.931082049152,6965.966399561061,36,0,Model_1
14465,6073.21484375,5584.83627406368,6965.122068942495,2,0,Model_1
14466,3995.650146484375,5669.431449257769,6969.325351662032,0,2,Model_1
14467,2837.848388671875,5754.322151036002,6969.406605236203,0,0,Model_1
14468,4457.5390625,5760.291143585229,6980.585683936573,1,0,Model_1
14469,3224.02978515625,5715.122529032873,6978.853216424672,1,0,Model_1
14470,2674.96337890625,5740.607784180203,6982.82121705552,1,0,Model_1
14471,4029.128173828125,5777.651719277492,6983.236316836614,1,1,Model_1
14472,6508.38671875,5685.648585643154,6991.806449253258,0,0,Model_1
14473,3376.455810546875,5664.8019930946175,6985.264476703218,0,0,Model_1
14475,3755.52587890625,5812.96254286496,6905.324030945543,0,0,Model_1
14477,3308.30419921875,5806.773516503861,6924.175919982576,26,0,Model_1
14478,5795.2236328125,5806.067382890033,6945.4866128293215,61,0,Model_1
14479,4367.48193359375,5853.044601724483,6947.5737698563025,4,0,Model_1
14480,2410.042724609375,5819.414873285452,6955.764483409206,18,0,Model_1
14481,8044.2919921875,5869.339992812835,6969.34548841737,7,0,Model_1
14482,3906.5576171875,5835.5634217252955,6957.804301397322,17,0,Model_1
14483,4425.3037109375,5841.796638977481,6970.251995683997,55,1,Model_1
14484,5093.71875,5816.576068854891,6981.687553057622,55,0,Model_1
14485,3449.515869140625,5846.281093779253,6982.555906472029,25,0,Model_1
14486,6227.1630859375,5882.689324495383,6991.899007672531,18,1,Model_1
14487,2292.774169921875,5831.449065636378,6993.3407286994625,20,0,Model_1
14488,2060.29541015625,5854.425106749171,6998.966302243411,23,0,Model_1
14504,6715.4404296875,7001.285064789932,6966.087926645909,0,0,Model_1
14505,5177.18505859375,6964.186811722349,6967.859607839258,0,1,Model_1
14506,6237.32177734375,7051.844047411345,6975.824931042938,0,0,Model_1
14507,3239.458251953125,6942.186192465946,6979.211791980255,0,0,Model_1
14508,3762.740234375,7131.734273670008,6981.5010231134365,1,0,Model_1
14509,5464.37939453125,6926.499807095388,6987.434300410008,0,0,Model_1
14510,5122.59375,7006.314540581778,6983.490675851412,0,1,Model_1
14511,1874.9674072265625,6955.999528504908,6989.253673918633,0,0,Model_1
14513,2022.4776611328125,1030.4901256243465,7243.338899499271,29,0,Model_1
14514,4436.86669921875,1006.9892025994486,7260.247768284375,8,0,Model_1
14516,4662.21728515625,1243.8194658186403,7005.7700526128465,116,0,Model_1
14517,5649.45166015625,1195.0912980053108,7001.343852478953,102,1,Model_1
14518,3453.5458984375,1128.9734391469974,7004.7356592860015,30,0,Model_1
14519,5679.77880859375,1209.8110076333396,7016.838555797061,74,0,Model_1
14520,2865.61669921875,1231.193990138534,7011.387500799377,51,0,Model_1
14521,6803.22705078125,1179.184073259763,7022.026773146121,152,0,Model_1
14522,3525.013671875,1129.982004171703,7021.492265938636,59,1,Model_1
14523,8975.7568359375,1156.1784564724658,7036.030650016386,161,0,Model_1
14524,3108.31298828125,1226.0170962959528,7028.16389093094,34,0,Model_1
14525,9753.0546875,1295.5310941825737,7035.165476089664,97,0,Model_1
14526,3756.3212890625,1090.5967574099195,7043.045659678668,25,0,Model_1
14527,5790.78125,1213.645257917815,7050.3450568505505,80,0,Model_1
14528,2630.7626953125,1180.3624970220844,7046.060167280433,46,0,Model_1
14529,5290.4775390625,1221.9873243345064,7066.601777383825,99,0,Model_1
14530,5258.046875,1162.9130792258657,7068.676216460066,146,1,Model_1
14531,3571.244384765625,1140.2258900313755,7070.377948924346,79,0,Model_1
14532,6476.32470703125,1187.6442122135777,7076.432400029356,149,1,Model_1
14533,3673.6640625,1093.8728675335296,7077.426519845525,25,0,Model_1
14534,4435.03857421875,1075.1803507645964,7091.641302732227,51,2,Model_1
14535,3184.584228515625,1107.831204933871,7093.461029517261,64,1,Model_1
14536,3124.2353515625,1157.7662213795702,7093.7129155971925,76,0,Model_1
14537,2242.61962890625,1120.3304373652209,7092.058168895368,17,0,Model_1
14538,8027.76416015625,1254.9398043515394,7103.532939950441,60,0,Model_1
14539,6162.2705078125,1135.1109094684944,7104.010569656006,117,3,Model_1
14540,3832.6640625,1209.5437908387976,7099.4529506978,40,0,Model_1
14541,5043.1923828125,1096.304057025991,7108.971983550204,74,0,Model_1
14542,2064.45703125,1118.1312500509666,7111.670308765519,56,0,Model_1
14543,3505.53515625,1106.7133134859032,7126.124259781413,51,0,Model_1
14544,4166.78125,1138.8555120858946,7129.865456957399,85,0,Model_1
14545,9175.8515625,1120.1306577117648,7145.859693118458,190,0,Model_1
14546,8736.421875,1091.6919780101161,7148.282816010818,145,1,Model_1
14547,4691.1220703125,1058.5837941502687,7158.032891634997,61,0,Model_1
14548,5342.0009765625,1138.0632982988027,7160.204835000244,115,1,Model_1
14549,3721.515380859375,1249.2961442218511,7165.498328719317,19,0,Model_1
14550,3261.280517578125,1090.4313868096797,7171.889452242525,32,0,Model_1
14551,4437.03125,1040.8034049926791,7175.902672253782,66,1,Model_1
14552,3728.048828125,1121.3559192154207,7177.477578487073,39,0,Model_1
14553,3876.82373046875,1074.3167871012702,7195.34594600022,131,1,Model_1
14554,9037.7685546875,1212.786872874538,7207.468979266618,129,0,Model_1
14555,775.8661499023438,1119.048441201914,7192.827085200901,13,1,Model_1
14556,2656.731201171875,1118.7019339803956,7206.348739772278,90,0,Model_1
14557,5674.44287109375,1028.9363094486762,7217.822097721713,41,0,Model_1
14558,7135.6181640625,1058.2601879374124,7217.8726162482635,109,0,Model_1
14559,14567.83984375,1283.8739053712343,7234.93798648275,107,35,Model_1
14560,2713.397216796875,1096.9216937771998,7221.211078317487,37,0,Model_1
14561,7136.58642578125,1112.7095801007235,7232.037233884825,148,0,Model_1
14562,7919.80908203125,1089.8463178245584,7251.41232528424,160,0,Model_1
14563,1522.231689453125,1020.8682495728135,7237.304938426008,21,0,Model_1
14564,3745.23583984375,1059.7708489460056,7241.971719794732,32,0,Model_1
14565,5307.79296875,1135.4054003286292,7266.701068455644,47,0,Model_1
14566,5692.9501953125,1369.4114743338432,7003.840103588067,93,1,Model_1
14567,7241.29296875,1339.0563599726302,7016.037678176857,57,0,Model_1
14568,5999.02685546875,1349.5514664449147,7031.173452662973,69,1,Model_1
14569,3219.129150390625,1328.079411674873,7042.184371792449,28,0,Model_1
14570,7907.3349609375,1316.0901006977074,7067.942108081246,41,1,Model_1
14571,2753.189697265625,1339.5629440938937,7083.453415390599,19,0,Model_1
14572,4060.303955078125,1400.16223526682,7139.119179226313,3,0,Model_1
14573,3634.093505859375,1759.3005714073079,6999.125629904069,26,0,Model_1
14574,6066.009765625,1702.0184740770492,7006.802679557644,196,0,Model_1
14575,2228.324462890625,1799.1483264797134,7005.595534066582,4,1,Model_1
14576,5913.7158203125,1745.3500594772631,7011.467341267911,96,0,Model_1
14577,1910.5880126953125,1786.3677223590203,7010.074019109074,6,0,Model_1
14578,3851.469482421875,1727.9111140015884,7019.678191576153,40,0,Model_1
14579,4055.7060546875,1761.3228800767683,7027.6703637869505,110,0,Model_1
14580,1758.8924560546875,1716.2872985194554,7028.510808365012,65,0,Model_1
14581,2530.07568359375,1816.3795517511899,7035.449157046445,5,0,Model_1
14582,3262.049072265625,1749.730366475822,7047.933238803293,85,1,Model_1
14583,6626.2060546875,1852.2731427148683,7066.517697598378,0,0,Model_1
14584,1836.126708984375,1697.114781212178,7046.406731438095,35,0,Model_1
14585,4677.02978515625,1790.2689494627994,7053.05327380533,92,0,Model_1
14586,6789.66748046875,1824.3820157730952,7058.658004041121,76,0,Model_1
14587,2520.892578125,1716.2579530058429,7054.478390841017,42,0,Model_1
14588,3746.88037109375,1804.8069470673217,7069.706370469998,27,0,Model_1
14589,1996.0506591796875,1701.5323742750916,7061.346790793381,103,0,Model_1
14590,5088.16015625,1747.3819198237034,7070.341561454174,151,0,Model_1
14591,4555.935546875,1785.260188151151,7076.879647963709,130,0,Model_1
14592,3320.080078125,1737.8036592610297,7081.108013308316,95,0,Model_1
14593,2343.5263671875,1779.2604691229644,7091.696767128509,43,0,Model_1
14594,5006.81640625,1773.6740039747092,7103.946979902306,96,0,Model_1
14595,2543.609130859375,1739.9447309502866,7098.697999010823,73,0,Model_1
14596,2728.7666015625,1812.1259483231697,7098.468369344686,34,0,Model_1
14597,2534.802734375,1753.526985454606,7103.884803254245,83,0,Model_1
14598,1744.4910888671875,1869.349469706649,7115.615346429753,0,0,Model_1
14599,3957.266357421875,1818.237870785757,7126.175131584372,107,0,Model_1
14600,4688.34521484375,1800.786496621964,7132.018676672946,105,0,Model_1
14601,2419.2646484375,1864.4560190014308,7137.334426805814,36,1,Model_1
14602,3842.69287109375,1775.284900051367,7147.494303064945,112,1,Model_1
14603,3673.0927734375,1845.2352829874726,7166.670146569435,119,0,Model_1
14604,5700.52783203125,1827.416226800182,7184.4194599326,114,0,Model_1
14605,6179.77783203125,1816.7361860519159,7211.741857438814,210,0,Model_1
14606,5151.29931640625,1837.0712460200302,7217.617550680647,114,0,Model_1
14607,4067.9716796875,1866.3002982216422,7222.601927541458,6,0,Model_1
14608,3632.39501953125,1812.6936401610146,7234.362852488179,56,0,Model_1
14609,3499.636474609375,1829.3238002654398,7242.555685699539,147,5,Model_1
14610,5343.7431640625,1835.6511533220764,7262.752851303725,87,1,Model_1
14611,4690.4931640625,1863.2656268727733,7269.209684239089,184,0,Model_1
14617,7467.7666015625,1870.8922381595476,7162.0242085088685,91,0,Model_1
14618,1799.983642578125,1877.6833654117072,7218.203282967501,11,0,Model_1
14619,2487.68994140625,1891.7287036288762,7248.906182435661,31,0,Model_1
14629,5849.2138671875,2698.9047899279976,7010.27891942655,12,98,Model_1
14630,7562.44921875,2680.6463565996382,7042.930138292781,11,115,Model_1
14631,2245.199462890625,2655.1224344226066,7050.380737767904,1,12,Model_1
14632,4255.96875,2694.9651259554084,7058.490551023046,2,8,Model_1
14633,1911.0169677734375,2641.823738136096,7056.521388316818,2,25,Model_1
14634,4313.68896484375,2634.153626440908,7070.872182621155,10,94,Model_1
14635,6351.91064453125,2659.8747965015937,7082.23143229034,7,46,Model_1
14636,6835.86279296875,2610.624738867744,7097.888289480383,20,95,Model_1
14637,3064.955078125,2630.2514786935644,7089.6682539854955,9,51,Model_1
14638,5328.2275390625,2645.2158493488096,7102.376312985929,4,55,Model_1
14639,4160.1748046875,2562.163672768511,7171.804665904259,16,114,Model_1
14640,2808.161865234375,2575.5445364931365,7182.481738826813,5,59,Model_1
14641,5388.8310546875,2567.8099797484465,7198.596088967082,3,13,Model_1
14642,4886.97216796875,2554.9419144891435,7228.242691971012,6,78,Model_1
14643,6290.0185546875,2541.2457303437404,7255.515630779904,6,64,Model_1
14644,3473.554931640625,2531.6735690446803,7276.95314985764,0,7,Model_1
14645,9968.533203125,2984.4909553478938,7010.375363886327,7,0,Model_1
14646,6845.75390625,2751.9497403339483,7024.257007118926,4,32,Model_1
14647,2440.08056640625,2920.471243172651,7091.401428050216,1,5,Model_1
14648,3481.95458984375,2758.591032846016,7123.316065602761,0,0,Model_1
14649,6778.4169921875,3057.168399601942,7017.160743882472,39,0,Model_1
14650,4234.55859375,3031.8039789224276,7017.687832285359,38,1,Model_1
14651,6267.11572265625,3116.475567532354,7019.816322652245,29,3,Model_1
14652,4087.089111328125,3035.8218975979835,7035.005795152596,22,0,Model_1
14653,6109.265625,3053.531857522903,7045.932281220215,25,2,Model_1
14654,4601.49560546875,3124.8446778537473,7047.073364022712,45,0,Model_1
14655,7467.80859375,3077.5912659500027,7051.981786455493,35,0,Model_1
14656,4971.7138671875,3173.063614695566,7050.201273351908,9,4,Model_1
14657,4946.4921875,3096.61544456298,7050.640395928844,31,0,Model_1
14658,5540.86328125,3139.2051063308027,7062.838323794043,37,0,Model_1
14659,1353.128173828125,3041.013406657148,7060.060158110195,9,0,Model_1
14660,5222.0859375,3060.483176755253,7068.396068267379,25,0,Model_1
14661,7871.958984375,3100.7288800083334,7078.215032791399,3,0,Model_1
14662,2332.290283203125,3122.3352336583193,7068.456478533393,8,0,Model_1
14663,4100.353515625,3018.6974669799674,7072.659054700111,17,20,Model_1
14664,3137.02783203125,3178.244536353741,7072.389504799707,3,0,Model_1
14665,3394.5517578125,3036.650706966757,7075.135522330296,5,4,Model_1
14666,8995.98828125,3157.794971342315,7083.953301509959,11,0,Model_1
14667,5009.77880859375,3126.41391480912,7087.491011474107,18,0,Model_1
14668,6312.6748046875,3218.208062354359,7091.042499218223,5,3,Model_1
14669,4647.705078125,3020.375109715038,7096.191502885835,2,5,Model_1
14670,4547.296875,3108.9338856143877,7105.460416040354,14,0,Model_1
14671,6896.89111328125,3150.1096690283157,7106.5142395697185,14,1,Model_1
14672,4408.34326171875,3239.0792821182404,7108.840211449482,2,0,Model_1
14673,5425.5830078125,3216.4954351638444,7110.694559322641,3,0,Model_1
14674,1926.5224609375,3195.383927429677,7113.347311881138,7,0,Model_1
14675,9250.705078125,3158.7008846095996,7130.313411444571,7,1,Model_1
14676,4899.677734375,3252.982841226505,7127.326459402742,3,2,Model_1
14677,7101.62451171875,3094.372526679421,7131.188830387167,33,1,Model_1
14678,4942.49755859375,3113.135242520133,7133.699212552659,8,0,Model_1
14679,4548.63623046875,3069.7747719280887,7127.249091869075,7,0,Model_1
14680,4640.09326171875,3216.1285587034654,7137.252819955233,7,0,Model_1
14681,7545.83935546875,3198.28924835776,7150.36326078602,8,0,Model_1
14682,3518.69482421875,3128.419306653086,7143.6238067231025,6,1,Model_1
14683,12138.732421875,3166.433139745379,7170.577736934269,12,0,Model_1
14684,4679.52001953125,3121.553377111326,7160.5234903215605,12,0,Model_1
14685,1824.16748046875,3193.023397330777,7172.195742889511,3,0,Model_1
14686,3294.34423828125,3250.3983645805856,7177.479698145529,0,0,Model_1
14687,4080.96435546875,3205.9082643351285,7185.617420237017,4,0,Model_1
14688,3431.46630859375,3187.2134459572844,7186.478708123235,12,0,Model_1
14689,3714.349853515625,3274.372153156204,7191.25253224402,4,2,Model_1
14690,2388.746826171875,3235.271500336239,7186.819266581937,1,0,Model_1
14691,3059.907958984375,3254.1083279838786,7193.196965601586,7,0,Model_1
14692,2509.869384765625,3176.7871575914323,7198.675929435616,5,0,Model_1
14693,2698.689453125,3262.399183602305,7210.623384326522,13,2,Model_1
14694,2168.447509765625,3216.4864588890923,7205.641127124167,1,0,Model_1
14695,2693.3017578125,3193.13295391493,7205.3464945986925,8,0,Model_1
14696,2982.014892578125,3120.0322437821887,7206.447657166922,2,0,Model_1
14697,4038.5,3129.8350262941094,7223.266793744027,5,0,Model_1
14698,2537.992431640625,3216.978542874218,7220.055511182203,5,0,Model_1
14699,6422.30029296875,3251.3786198156886,7231.349404715642,6,0,Model_1
14700,2440.662109375,3198.662569323089,7226.27670875247,8,0,Model_1
14701,2317.025390625,3183.1099074302474,7229.5699514412845,9,0,Model_1
14702,3399.52978515625,3273.7065278592054,7235.157371133013,1,0,Model_1
14703,6526.220703125,3226.940366561874,7241.844187010924,5,0,Model_1
14704,3242.434814453125,3200.214774372522,7240.105360523652,5,0,Model_1
14705,2351.739990234375,3216.206122923759,7255.123847241834,6,0,Model_1
14706,4762.60888671875,3178.8390419353964,7259.7613066685735,8,0,Model_1
14707,5657.24755859375,3254.109248627443,7259.998001862899,8,0,Model_1
14708,6481.21875,3199.5183075161185,7262.460691713117,9,1,Model_1
14709,1943.5408935546875,3234.0725922546117,7259.420041657053,1,0,Model_1
14710,2478.751953125,3225.3066845569992,7274.133297557477,1,0,Model_1
14715,1395.8330078125,3276.224027685821,7247.745316154236,0,0,Model_1
14716,5301.38232421875,3281.0385332053993,7260.043221243308,10,0,Model_1
14717,791.750732421875,3280.747379678185,7270.270220020233,0,0,Model_1
14718,3400.447021484375,3834.1271228331607,7027.675309656683,13,0,Model_1
14719,3345.3359375,3830.1840064472053,7045.008463409526,15,0,Model_1
14720,3846.256591796875,3821.479781868402,7061.415679693222,17,0,Model_1
14722,6682.42431640625,3828.7059132046998,7089.092766714515,23,1,Model_1
14723,6547.76513671875,3805.57060075528,7106.6078578182205,41,1,Model_1
14724,3321.7666015625,3830.864362041233,7110.878263055551,47,1,Model_1
14725,2115.890625,3822.2351699129213,7122.133296183951,21,1,Model_1
14726,4184.5625,3802.3377608791925,7129.535143514571,48,0,Model_1
14727,2668.475830078125,3826.6086871651933,7137.335133358632,18,0,Model_1
14728,6265.31787109375,3785.3371568205766,7151.4276826076675,16,0,Model_1
14729,2843.6298828125,3802.8155748890713,7159.915854897321,22,0,Model_1
14730,2810.703857421875,3818.6492632299196,7161.615114426735,27,2,Model_1
14731,3021.366943359375,3818.2883709527086,7179.0662625003315,18,1,Model_1
14732,4435.755859375,3806.2086067453492,7193.259495526057,20,2,Model_1
14733,7583.962890625,3826.8411496651825,7206.564944934857,4,1,Model_1
14734,6916.953125,3785.5153013502713,7217.230006459489,21,1,Model_1
14735,13107.1181640625,3802.462047760375,7239.362066958187,39,1,Model_1
14736,4829.97509765625,3782.940261300886,7268.5667211739055,10,1,Model_1
14737,3671.388427734375,3962.439518000465,7001.829960818344,2,1,Model_1
14738,6525.791015625,4041.1154153977986,7007.840958924993,3,0,Model_1
14739,4346.64599609375,4080.472927772207,7010.732526336273,1,3,Model_1
14740,7753.5146484375,3911.3677369137295,7029.235378280777,19,0,Model_1
14741,6691.51318359375,3953.7288489167113,7032.45337309438,4,1,Model_1
14742,5591.34619140625,3871.9890497373417,7039.608633491211,24,1,Model_1
14743,3248.98583984375,3852.913315084763,7034.050889017875,25,0,Model_1
14744,6693.00439453125,3930.369359759381,7044.943460550188,2,1,Model_1
14745,5262.4404296875,3857.3623251093086,7055.834972253273,35,1,Model_1
14746,3364.20361328125,3909.5623548841104,7060.633878999128,0,0,Model_1
14747,6733.11962890625,3843.9595961000305,7070.201663996035,23,0,Model_1
14748,6890.72119140625,3917.008520032279,7077.26507252641,5,2,Model_1
14749,5197.77978515625,4022.7821797798388,7076.591021137196,2,1,Model_1
14750,5978.10400390625,3868.3216660988983,7102.820381432597,4,1,Model_1
14751,5356.02099609375,4072.681981609203,7111.323038055038,0,7,Model_1
14752,5416.52734375,4094.541282078484,7114.337898933212,2,24,Model_1
14753,3099.0556640625,3967.2521822329145,7133.135030126781,1,1,Model_1
14754,6199.486328125,3950.1521486693528,7139.965629503335,2,6,Model_1
14755,2895.34375,3933.9396155017894,7142.191624159226,5,1,Model_1
14756,4885.93310546875,3864.8996339703444,7151.540731058689,6,2,Model_1
14757,4490.15771484375,3845.7843116445,7155.250839910645,7,1,Model_1
14758,5125.1123046875,3967.6255031982437,7159.641005850775,1,4,Model_1
14759,3893.987060546875,4028.0450387152378,7171.624141659035,0,1,Model_1
14760,5266.1220703125,3926.286765873432,7211.106666454638,2,2,Model_1
14761,4048.037353515625,3907.691607161425,7216.64745366032,1,0,Model_1
14762,6154.88623046875,3870.6771326581948,7231.856003086781,7,1,Model_1
14763,4652.51123046875,3864.7767280545086,7250.090718236519,3,2,Model_1
14764,7793.72509765625,4017.4267961662263,7253.125715870032,0,1,Model_1
14765,6349.9052734375,3961.9340846836567,7269.597581736656,1,12,Model_1
14766,6379.54736328125,3855.282130975742,7271.922140510782,4,1,Model_1
14767,3621.04345703125,3834.579619145021,7280.949765877653,1,1,Model_1
14768,3506.149169921875,4393.517517658649,7064.364477882831,0,15,Model_1
14769,4267.08056640625,4267.883274619933,7075.345721793914,1,3,Model_1
14770,4103.45703125,4311.802115533734,7097.164426117437,2,10,Model_1
14771,6817.25634765625,4375.42779226345,7146.932946850342,7,31,Model_1
14772,3524.905029296875,4192.7150292026345,7144.463898024755,0,0,Model_1
14773,4101.05029296875,4278.862409446156,7179.126319489937,0,7,Model_1
14774,4545.09326171875,4243.89774783887,7185.217511341529,2,12,Model_1
14775,7992.22412109375,4134.174527200405,7190.752999401069,1,2,Model_1
14776,7126.63037109375,4333.435398007976,7230.144378883037,0,1,Model_1
14777,5850.47021484375,4257.831688184757,7234.561747106694,3,21,Model_1
14778,3281.864990234375,4282.727271129144,7241.440038798522,0,6,Model_1
14779,2241.016845703125,4131.500517967856,7247.138034006406,0,4,Model_1
14780,4271.3916015625,4165.503567372216,7277.944796738942,1,3,Model_1
14781,2897.604248046875,4481.2391983971465,6997.221823333588,3,3,Model_1
14782,5037.423828125,4496.27146651526,7010.754429473658,48,9,Model_1
14783,3114.72265625,4396.340210826835,7008.596263888379,4,1,Model_1
14784,2739.491455078125,4460.190064264461,7012.914361440984,4,2,Model_1
14785,4395.0234375,4475.576780154835,7029.9119026048575,21,1,Model_1
14786,2789.93798828125,4489.500593421515,7049.191256097314,9,1,Model_1
14787,5540.67822265625,4495.006041936111,7074.873037958081,15,2,Model_1
14788,3900.40478515625,4534.080456414493,7080.393688408425,13,3,Model_1
14789,6100.8955078125,4510.871492479928,7087.332390366268,5,0,Model_1
14790,4744.357421875,4472.6564987688325,7088.068971679953,5,2,Model_1
14791,6280.82373046875,4432.471788151888,7106.946649894875,2,11,Model_1
14792,6138.43701171875,4461.172851269366,7107.227504640381,2,3,Model_1
14793,6930.740234375,4518.022131043952,7115.4132723235525,10,0,Model_1
14794,6176.28955078125,4413.098685628036,7115.054696767969,4,17,Model_1
14795,4170.85107421875,4542.937968146754,7124.137433254713,41,0,Model_1
14796,5657.2314453125,4481.086831887253,7136.514825535909,7,2,Model_1
14797,4874.21533203125,4463.512206566287,7132.918824964203,1,0,Model_1
14798,3617.10107421875,4435.166051542852,7132.456739420653,2,6,Model_1
14799,7732.052734375,4499.160906341858,7151.498337889556,12,0,Model_1
14800,2907.70654296875,4472.896786739118,7155.4779966419155,5,2,Model_1
14801,7067.34765625,4531.09619030077,7164.5137473662035,13,0,Model_1
14802,4052.41796875,4513.8497744104825,7169.067127007496,5,1,Model_1
14803,4050.22998046875,4469.569120575907,7178.774809462542,0,8,Model_1
14804,4495.64306640625,4409.4897628559265,7177.399151124177,2,4,Model_1
14805,11603.0830078125,4500.4884743615985,7190.507825572917,10,5,Model_1
14806,4631.9970703125,4476.736791045871,7202.4337306028465,8,4,Model_1
14807,8793.611328125,4565.497878368478,7221.974155361881,21,0,Model_1
14808,7942.60107421875,4493.523805797566,7222.8668848485395,13,3,Model_1
14809,3058.7314453125,4503.622345054522,7243.865281349339,1,1,Model_1
14810,5647.2294921875,4605.799050396308,7252.403618889133,34,0,Model_1
14811,6487.48095703125,4516.742896811338,7262.097523564211,4,3,Model_1
14812,9009.798828125,4586.163104134845,7270.9746531806595,14,0,Model_1
14813,9181.4580078125,4414.369634068571,7271.793194621336,1,7,Model_1
14822,5712.93359375,5236.786974574905,7112.372622267489,1,2,Model_1
14823,1715.2508544921875,5228.308307669358,7127.843656066165,0,0,Model_1
14824,5457.82275390625,5222.311235491419,7146.359579237818,0,1,Model_1
14825,6166.96875,5212.659668684937,7170.0488821493345,1,2,Model_1
14826,3169.280029296875,5172.503037696704,7164.801314363489,0,0,Model_1
14827,1829.240966796875,5150.082604974974,7172.079868227214,0,0,Model_1
14828,5326.02294921875,5235.5500899462495,7180.9630035426235,2,0,Model_1
14829,10176.7607421875,5167.794406187022,7236.419274467538,0,1,Model_1
14830,3349.12548828125,5238.314782569883,7218.636753121886,2,0,Model_1
14834,5641.8212890625,5215.653601556085,7258.564759469795,8,0,Model_1
14835,9029.6142578125,5360.4745167968795,7001.388012030133,1,0,Model_1
14836,5308.93408203125,5436.9555999368895,7002.631544991367,0,2,Model_1
14837,4797.15625,5262.455898113316,7013.140105066617,0,0,Model_1
14838,7454.658203125,5383.745624172036,7021.819753170188,0,3,Model_1
14839,8605.3271484375,5337.402728753397,7018.736003392172,1,1,Model_1
14840,1239.6025390625,5362.014293158194,7020.7249495773285,0,1,Model_1
14841,8758.1474609375,5421.409152388107,7034.063960245025,0,2,Model_1
14842,3807.604248046875,5397.2445604337845,7043.699927588954,1,2,Model_1
14843,7886.341796875,5378.281604617834,7053.56587787543,2,0,Model_1
14844,3526.89599609375,5260.927629796555,7050.089638006524,1,0,Model_1
14845,3469.9697265625,5285.250112122158,7052.414903333469,2,0,Model_1
14846,3097.390869140625,5291.878285463434,7071.2406499162025,3,2,Model_1
14847,2113.617431640625,5456.506386668654,7074.479134761554,1,3,Model_1
14848,2639.429931640625,5488.425559365191,7074.3957615289255,0,9,Model_1
14849,3491.8349609375,5501.7104459982365,7087.0155014269985,0,6,Model_1
14850,2552.922607421875,5406.259962537326,7088.69109143698,0,0,Model_1
14851,2494.635986328125,5248.64164143079,7096.605189561291,0,2,Model_1
14852,1400.1029052734375,5413.075026522158,7095.958693732013,0,0,Model_1
14853,9743.0703125,5316.742566526635,7106.995402039378,3,0,Model_1
14854,3917.515869140625,5276.752572023543,7111.8349355723185,3,3,Model_1
14855,3933.67578125,5265.660658360692,7128.214949572488,2,0,Model_1
14856,4445.021484375,5483.763880677288,7129.488511028525,0,11,Model_1
14857,3510.323486328125,5334.42398650106,7128.717308626714,0,1,Model_1
14858,2439.212890625,5286.159247641917,7132.063896053354,0,0,Model_1
14859,1977.62255859375,5310.061916502193,7133.966642794607,0,0,Model_1
14860,2523.705810546875,5256.920068361098,7144.031487699598,2,0,Model_1
14861,1009.8148803710938,5427.2428103333805,7147.892092301976,0,1,Model_1
14862,3474.4619140625,5257.929554029368,7160.542213971261,3,0,Model_1
14863,5587.53173828125,5269.172913558548,7181.22442808561,2,1,Model_1
14864,8316.498046875,5396.243820879376,7185.196668033372,1,15,Model_1
14865,2828.1826171875,5284.51221630536,7192.431062345917,0,0,Model_1
14866,2464.048095703125,5254.998224920593,7191.6980137963255,1,0,Model_1
14867,3092.90478515625,5332.767288407078,7198.644134558766,1,5,Model_1
14868,3325.155517578125,5240.671169772744,7202.443622342311,3,0,Model_1
14869,7359.62841796875,5345.226357762935,7221.824012887868,0,9,Model_1
14870,9290.732421875,5369.436521573691,7217.740137594723,1,7,Model_1
14871,2191.08837890625,5401.00631003757,7210.489845843753,0,1,Model_1
14872,2533.007080078125,5254.7409050443675,7213.938176876312,3,0,Model_1
14873,4541.16162109375,5390.279891869752,7228.495991156582,0,3,Model_1
14874,8577.251953125,5239.179266876774,7244.394136134273,10,0,Model_1
14875,3171.1416015625,5274.4127564048395,7244.106569136988,1,1,Model_1
14876,4128.81494140625,5415.445683700265,7253.334148951602,0,4,Model_1
14877,7841.1162109375,5382.848457018612,7264.34400825185,0,8,Model_1
14878,6552.1123046875,5261.906734227203,7264.266993994592,1,2,Model_1
14879,1873.7611083984375,5318.152532145381,7267.307290774246,0,1,Model_1
14880,5841.29541015625,5283.67120840936,7274.742699363764,1,1,Model_1
14881,1981.472900390625,5330.9370490012225,7269.394801077637,1,3,Model_1
14882,1995.1707763671875,5304.632421081653,7278.863315403491,0,2,Model_1
14883,1853.471923828125,5260.99897967279,7283.382780509477,0,0,Model_1
14884,6434.22216796875,5706.526940394659,7005.668309006927,1,0,Model_1
14885,3032.85009765625,5559.290256441105,7002.818428211962,0,0,Model_1
14886,3580.2724609375,5753.019440392498,7004.071852912661,2,1,Model_1
14887,2825.413330078125,5537.582401838154,7011.668708821293,0,2,Model_1
14888,2472.07080078125,5678.053276237566,7010.410691527271,0,0,Model_1
14889,5234.5654296875,5588.009272108087,7024.958967344486,0,2,Model_1
14890,3580.847900390625,5767.65445081261,7019.625200114737,0,0,Model_1
14891,18794.623046875,5652.882420867449,7039.692713276658,4,5,Model_1
14892,3080.285888671875,5539.584341268754,7031.7132590166,0,8,Model_1
14893,11012.521484375,5721.044108438538,7049.498606573528,0,0,Model_1
14894,7035.88232421875,5533.503950848244,7053.423154206015,0,14,Model_1
14895,8024.83056640625,5739.23050140799,7071.537755376543,3,0,Model_1
14896,8224.9189453125,5669.421782500343,7079.603762356914,0,3,Model_1
14897,3493.822509765625,5587.583474459592,7076.984217780904,1,2,Model_1
14898,4628.49072265625,5694.217475618003,7080.610953400232,1,4,Model_1
14899,6745.1025390625,5799.776625415077,7086.340390208556,3,1,Model_1
14900,5413.01171875,5710.538644726155,7091.030841096712,3,1,Model_1
14901,3606.9501953125,5615.74227851769,7091.587251441582,1,9,Model_1
14902,1938.6796875,5593.655579088023,7093.865884282481,0,2,Model_1
14903,6929.56103515625,5782.592352965381,7109.291698700748,1,0,Model_1
14904,3324.837646484375,5579.445905994624,7102.4759369333915,0,4,Model_1
14905,6528.236328125,5743.9041484622285,7103.763276169397,0,3,Model_1
14906,16749.06640625,5693.532977127936,7122.737045567686,2,32,Model_1
14907,6011.8701171875,5760.038887248607,7115.811061560584,1,4,Model_1
14908,2660.102783203125,5537.1331277787685,7120.303677659453,1,2,Model_1
14909,3215.825439453125,5735.325591729954,7130.224385789392,1,5,Model_1
14910,5458.736328125,5789.408797915559,7131.625480029237,2,2,Model_1
14911,4197.4453125,5760.706814154517,7134.497263961588,2,5,Model_1
14912,10034.615234375,5666.858710817294,7144.024422171409,2,18,Model_1
14913,5723.54736328125,5537.076047877781,7143.195635714859,0,10,Model_1
14914,1701.4832763671875,5566.956915722927,7145.380297030846,0,3,Model_1
14915,3530.69580078125,5778.1792480398435,7172.812563500396,1,11,Model_1
14916,2356.04736328125,5791.7012003907,7168.38141749677,0,3,Model_1
14917,3875.587158203125,5545.136742605129,7179.601829537045,0,6,Model_1
14918,3712.16796875,5679.341716905823,7181.14882693399,0,14,Model_1
14919,3016.029052734375,5713.756754305214,7183.617875759577,0,7,Model_1
14920,7049.68115234375,5798.322468905244,7192.630310240842,2,17,Model_1
14921,2805.07421875,5585.602249509189,7187.765694082831,0,10,Model_1
14922,3547.150634765625,5759.144942347659,7193.625843162648,0,7,Model_1
14923,3030.4375,5780.455999574391,7192.2092047607875,0,6,Model_1
14924,1846.077392578125,5516.267201715382,7198.8698781844,0,3,Model_1
14925,4556.666015625,5554.5714978522155,7203.609434493468,0,7,Model_1
14926,2386.182373046875,5779.5146415298805,7208.155748606572,0,4,Model_1
14927,3395.90087890625,5762.362591604935,7214.644023142377,0,11,Model_1
14928,2563.765869140625,5571.358972925693,7216.288171551918,0,5,Model_1
14929,3639.78173828125,5784.968994326657,7226.397882560908,1,14,Model_1
14930,3673.267822265625,5517.851168967783,7242.670500532608,1,19,Model_1
14931,7801.9130859375,5783.042087346548,7247.222113791853,1,20,Model_1
14932,1662.49658203125,5758.412110070465,7254.92353951768,0,2,Model_1
14933,4204.34521484375,5798.419596801279,7261.017910856957,0,16,Model_1
14934,2071.318359375,5761.299248288153,7267.799404812598,1,14,Model_1
14935,1978.283203125,5779.839628708083,7276.974346442206,0,1,Model_1
14936,1721.7510986328125,5768.238138832385,7280.164432419464,0,7,Model_1
14937,2208.92333984375,5799.868229449727,6996.881264874886,7,0,Model_1
14938,5034.12158203125,5901.026703009382,7008.589904913009,7,0,Model_1
14939,1846.6002197265625,5864.58809105563,7005.267340282211,22,0,Model_1
14940,4109.259765625,5820.773743186379,7007.203295005951,45,0,Model_1
14941,3206.680908203125,5838.532036898425,7006.875454497989,30,0,Model_1
14942,5973.68896484375,5867.944297169335,7021.2241291438695,49,0,Model_1
14943,2693.18505859375,5888.827715460444,7016.960789434728,6,0,Model_1
14944,12514.8427734375,5878.21315548569,7050.888395968272,57,5,Model_1
14945,4461.00341796875,5906.152386053698,7033.912404665374,22,2,Model_1
14946,4365.5419921875,5816.893690884579,7041.426593894197,1,0,Model_1
14947,8185.8154296875,5851.14439340774,7043.4388563223765,46,0,Model_1
14948,3077.371337890625,5829.001995042432,7051.258982921776,2,0,Model_1
14949,5877.84619140625,5935.273262636503,7072.524809664523,20,0,Model_1
14950,4529.88720703125,5886.670187267475,7079.973996034008,28,0,Model_1
14951,4277.3349609375,5907.592272588285,7083.901369877771,34,0,Model_1
14952,5658.96728515625,5917.35753887496,7102.97688288198,40,1,Model_1
14953,6092.05224609375,5870.428653827636,7102.702387111844,2,0,Model_1
14954,2413.4033203125,5888.309393133735,7096.2112863647635,16,0,Model_1
14955,5124.67529296875,5952.910952041624,7115.702958979295,20,0,Model_1
14956,5329.64306640625,5850.8589939028025,7116.663517536566,2,0,Model_1
14957,2904.46875,5807.046947642462,7114.106149608619,0,0,Model_1
14958,3988.96533203125,5938.002510482911,7125.7674506078765,43,0,Model_1
14959,2840.48193359375,5832.78123687394,7124.591040164436,2,0,Model_1
14960,2459.795166015625,5921.85442236485,7126.934675864672,27,0,Model_1
14961,6274.91845703125,5871.231915337499,7133.4144717666495,1,1,Model_1
14962,4596.9521484375,5963.154952981742,7137.669332841964,22,0,Model_1
14963,4230.00830078125,5913.363326771185,7138.902620787325,49,0,Model_1
14964,4345.24072265625,5895.390983430436,7143.9262113295845,4,0,Model_1
14965,2756.49462890625,5945.929711893434,7146.678587835544,31,0,Model_1
14966,4801.32666015625,5930.194992735749,7151.577118528861,55,0,Model_1
14967,5932.59912109375,5851.379617838422,7152.653905024839,2,0,Model_1
14968,4007.58154296875,5822.711697889259,7154.027443704748,0,0,Model_1
14969,4481.62451171875,5880.047077465802,7154.131306969124,0,0,Model_1
14970,3721.338623046875,5805.656315538567,7159.541735179722,0,4,Model_1
14971,3344.68603515625,5970.289019961609,7158.41725636847,17,0,Model_1
14972,5332.2841796875,5907.1779829843435,7162.14997491063,3,1,Model_1
14973,4063.509765625,5837.563059546985,7164.322978105105,1,1,Model_1
14974,5334.6328125,5950.110814640764,7167.279548375722,40,0,Model_1
14975,4001.70654296875,5879.179370906437,7179.260564525524,2,0,Model_1
14976,4651.1953125,5971.1636313477065,7183.129647761729,21,0,Model_1
14977,5029.818359375,5830.212181007722,7184.314536838996,2,0,Model_1
14978,3021.556396484375,5907.193633924937,7180.931915218593,1,1,Model_1
14979,3129.69775390625,5936.306685037445,7187.427608558995,22,0,Model_1
14980,1952.1339111328125,5949.933590754634,7182.770718929736,29,0,Model_1
14981,3009.14990234375,5921.6574046420865,7191.003825651773,5,0,Model_1
14982,4650.1259765625,5833.264574745204,7207.5000675906485,3,2,Model_1
14983,3815.39208984375,5978.210697510745,7207.3520447750925,13,0,Model_1
14984,4659.4814453125,5929.485176547663,7208.454973725369,5,1,Model_1
14985,6992.6923828125,5854.7777132343035,7215.066895004478,0,1,Model_1
14986,3728.0048828125,5964.500013229204,7222.641847775725,32,0,Model_1
14987,1664.7005615234375,5985.196080554975,7221.9988847105415,4,0,Model_1
14988,3461.03564453125,5927.838145211106,7226.617620487581,0,0,Model_1
14989,4361.80859375,5866.216709520901,7233.4330289785285,1,0,Model_1
14990,3505.474853515625,5905.617492142832,7231.826327868388,2,1,Model_1
14991,4174.263671875,5983.191379193682,7236.984869999054,76,0,Model_1
14992,3784.25146484375,5954.2739648385905,7241.237258139503,24,0,Model_1
14993,2348.311279296875,5971.825574070448,7247.832222150959,9,0,Model_1
14994,6343.25732421875,5835.04786132928,7252.08319718577,4,1,Model_1
14995,4157.42333984375,5903.472392637981,7251.034672802547,1,0,Model_1
14996,3294.017822265625,5959.83787421952,7256.241260524897,20,1,Model_1
15012,5858.48095703125,6909.972413828829,7032.648734948802,37,2,Model_1
15013,3077.93017578125,6916.646159026539,7053.178686930682,1,0,Model_1
15014,7181.00927734375,6882.3287098449655,7071.219100055227,23,0,Model_1
15015,7205.21484375,6887.5123934338335,7094.823263352067,15,1,Model_1
15016,3757.5615234375,6833.865572297713,7085.549757604225,17,0,Model_1
15017,5083.26513671875,6920.683181056054,7114.703540016984,5,0,Model_1
15018,4716.931640625,6813.754573957063,7130.262892918021,8,0,Model_1
15019,8704.62890625,6814.706979724346,7171.648517731286,14,0,Model_1
15020,3034.66064453125,6922.999520263867,7162.485940776009,1,0,Model_1
15021,11486.3681640625,6868.255752320867,7185.21044581334,1,0,Model_1
15022,5305.63671875,6786.860734156333,7170.705976270896,9,0,Model_1
15023,4064.56640625,6909.653410833795,7175.602034029347,2,0,Model_1
15024,4438.3251953125,6888.785643483279,7189.770184430003,1,1,Model_1
15025,6064.658203125,6721.158545867307,7195.095119749516,10,20,Model_1
15026,10758.9013671875,6786.124219304882,7217.164297047333,6,1,Model_1
15027,4711.02294921875,6749.862370915478,7229.189826024725,30,0,Model_1
15028,2920.9697265625,6769.250203736359,7237.26572474456,3,0,Model_1
15029,5902.3349609375,6788.251366260229,7243.958546321432,4,0,Model_1
15030,4866.50634765625,6854.956595712574,7243.5448596459755,2,0,Model_1
15031,1526.572998046875,6756.590894405264,7243.823948009434,5,0,Model_1
15032,2118.9052734375,6747.6532866829075,7250.257817978185,5,0,Model_1
15033,6536.3701171875,6733.840410965728,7263.189854222204,16,3,Model_1
15034,3635.28564453125,6790.224765740335,7264.335529618023,4,0,Model_1
15035,3197.62548828125,6836.30021420354,7267.476510174369,3,0,Model_1
15036,5458.2041015625,6997.114549443591,7006.464240757399,8,0,Model_1
15037,5169.59375,7015.854709516978,7006.198930173909,19,0,Model_1
15038,5716.4951171875,7156.796953421319,7012.923899904039,11,0,Model_1
15039,5600.03271484375,7094.898864340037,7017.581496086117,32,0,Model_1
15040,5487.67919921875,6933.778415114852,7027.481360907899,39,0,Model_1
15041,7741.72216796875,7026.24463246204,7045.081944902689,14,2,Model_1
15042,3208.446533203125,7089.956849686801,7042.883152530325,10,0,Model_1
15043,3832.887939453125,6966.725486350944,7048.3451590967015,24,0,Model_1
15044,3383.326171875,7107.072073869174,7048.552179072634,9,0,Model_1
15045,4496.8525390625,7136.785844907397,7055.225923723396,17,0,Model_1
15046,3972.29150390625,7005.022877661046,7055.205080415239,3,0,Model_1
15047,1584.366943359375,7083.00322884554,7052.4922708671365,6,0,Model_1
15048,4679.29296875,7182.1505565389525,7060.2120669662545,26,0,Model_1
15049,3208.91552734375,7102.404871319886,7066.6215608627535,10,0,Model_1
15050,3854.36572265625,7201.783280547941,7066.23154370673,29,0,Model_1
15051,2681.751708984375,7088.417993969051,7067.348956989794,10,0,Model_1
15052,3573.5888671875,7168.9683216633275,7072.739954997873,9,0,Model_1
15053,2348.3671875,7020.431688996963,7067.721310325345,3,0,Model_1
15054,4603.4609375,7073.116437608376,7076.763066748594,11,0,Model_1
15055,2343.742431640625,6957.191761920694,7074.714770126651,7,0,Model_1
15056,6999.4404296875,7097.026931938948,7094.398625107919,14,0,Model_1
15057,3969.265380859375,7020.629627363291,7093.0833770355675,4,0,Model_1
15058,6553.189453125,7196.820091092726,7093.234226062399,25,0,Model_1
15059,4711.07177734375,6956.389881376177,7098.3256456752715,8,0,Model_1
15060,4327.26806640625,7060.82400473766,7096.892756558576,5,0,Model_1
15061,3503.93798828125,7176.008482999634,7103.366193485184,13,0,Model_1
15062,1808.2874755859375,7112.267265502596,7103.612780418975,2,1,Model_1
15063,4173.947265625,7041.900176273193,7106.625874915102,1,0,Model_1
15064,4544.02392578125,6963.402423405554,7115.886662712204,0,0,Model_1
15065,3432.0537109375,7030.225955555914,7117.051415034133,3,0,Model_1
15066,5530.7822265625,7187.601687083254,7128.681274432951,15,0,Model_1
15067,6023.79443359375,7057.895897881361,7134.074745375896,0,0,Model_1
15068,2931.013671875,6931.552298976341,7130.614402945415,0,0,Model_1
15069,7135.34765625,7023.0067290463485,7136.972671762545,3,0,Model_1
15070,2763.888427734375,7207.865051933797,7145.797163193987,1,0,Model_1
15071,7189.81640625,6995.43023204268,7150.7412665441225,1,0,Model_1
15072,4047.5048828125,7172.692324880976,7146.173049293633,0,0,Model_1
15073,3727.9111328125,6926.988208506256,7148.856183623342,1,0,Model_1
15074,2804.72900390625,7191.885901909787,7155.4811761296005,1,0,Model_1
15075,6579.96240234375,7142.389341961592,7162.742772725673,2,0,Model_1
15076,6143.71533203125,7027.752646620385,7167.660733621509,3,0,Model_1
15077,1370.160888671875,7158.241903495509,7169.528505998227,3,0,Model_1
15078,5434.005859375,6980.780951647321,7178.448382060218,0,0,Model_1
15079,3168.4296875,7167.414735648548,7178.723937659583,3,0,Model_1
15080,7403.07568359375,7196.011766043259,7182.411083544925,5,0,Model_1
15081,10285.6875,7087.572382855229,7188.914195689926,0,0,Model_1
15082,4708.44140625,7028.235524169868,7192.047757441673,2,0,Model_1
15083,6618.14697265625,6959.787516450277,7199.880955268221,0,0,Model_1
15084,2585.28173828125,7013.3998134527355,7202.5089784780575,0,1,Model_1
15085,3874.975341796875,6998.7086437752005,7205.10132077054,0,1,Model_1
15086,5319.7109375,7068.620014440268,7209.339577854611,0,1,Model_1
15087,2299.50146484375,7194.600879780948,7201.968465571612,1,0,Model_1
15088,5002.35009765625,6924.186229818268,7212.16826206501,1,0,Model_1
15089,2864.22705078125,7088.238928795792,7217.602006518631,0,0,Model_1
15090,2454.98388671875,7178.770874014357,7226.748686035484,0,0,Model_1
15091,5251.22900390625,7054.2054981538095,7238.153155085078,0,4,Model_1
15092,1763.526611328125,7070.105012509506,7228.676162125397,0,1,Model_1
15093,6043.41162109375,7076.94401322701,7243.013178649766,1,1,Model_1
15094,4006.284423828125,7189.430085201981,7248.61614250351,1,2,Model_1
15095,6763.53857421875,7149.966238495894,7250.117213967227,1,0,Model_1
15096,10705.2255859375,7088.749425652204,7270.415416624513,4,32,Model_1
15097,2760.580078125,7158.9913073568605,7269.154573119216,1,0,Model_1
15098,3282.99365234375,7123.623864190187,7271.616909693024,0,4,Model_1
15099,3320.29931640625,7140.603293446824,7268.689661364391,0,0,Model_1
15100,4263.39013671875,7217.308553294744,7021.820812999416,2,0,Model_1
15101,3640.831787109375,7222.022708665812,7063.369651513844,10,0,Model_1
15102,5443.4482421875,7222.243663121248,7095.540767739643,26,0,Model_1
15103,4378.71044921875,7247.747791461647,7110.464929656504,34,0,Model_1
15104,5089.46533203125,7306.7403294539545,7110.533112003526,0,1,Model_1
15105,1171.027587890625,7236.630099778995,7120.628691956139,2,0,Model_1
15106,3485.44970703125,7237.4978063383605,7135.780717157089,14,0,Model_1
15107,3634.59521484375,7260.261178787798,7139.338210600166,8,0,Model_1
15108,4560.62109375,7304.0281135134865,7142.80314562397,25,1,Model_1
15109,4309.333984375,7290.6875279447995,7163.507969428523,25,0,Model_1
15110,2948.994140625,7205.304742181441,7162.860767046426,2,0,Model_1
15111,5355.265625,7273.308079059469,7195.398230908817,0,0,Model_1
15112,3954.30224609375,7242.910730174743,7194.271279162698,1,0,Model_1
15113,2482.03662109375,7304.581420295639,7208.460272871511,25,0,Model_1
15114,2729.888427734375,7233.822136907838,7213.207247985178,0,0,Model_1
15115,4163.28369140625,7288.025947400369,7219.895830245136,14,0,Model_1
15116,2760.470947265625,7309.697896904312,7222.662337807473,19,0,Model_1
15117,3661.32470703125,7203.7129494587425,7240.706990248931,1,0,Model_1
15118,3764.85546875,7309.862692102324,7237.847217714501,22,0,Model_1
15119,2752.228759765625,7325.664618240204,7249.281008706079,20,0,Model_1
15120,3117.30712890625,7247.679203516105,7259.19429803142,2,0,Model_1
15121,2214.991455078125,7320.279313710751,7261.703267091274,8,0,Model_1
15122,5562.68017578125,7324.847086755093,7138.552523865568,0,0,Model_1
15123,4092.86376953125,7336.308178487234,7154.98800226202,0,0,Model_1
15124,6337.77294921875,7337.740699873306,7180.70581831655,20,0,Model_1
15125,4644.5966796875,7359.520364674274,7183.941123674216,1,0,Model_1
15126,1372.51953125,7317.826258933637,7192.925296042726,6,0,Model_1
15127,4584.86328125,7329.947912423173,7202.704693608888,25,0,Model_1
15128,3028.4140625,7363.111795218661,7230.077256365243,1,0,Model_1
15129,1601.86669921875,1006.1403692331514,7280.168671736377,8,0,Model_1
15130,2066.23681640625,1028.3233909957344,7285.9023478616145,34,1,Model_1
15131,4373.63427734375,1017.125718403433,7296.4805033895245,33,2,Model_1
15132,5192.478515625,1002.1856297221966,7311.708483018505,25,1,Model_1
15133,1950.4326171875,1026.2087878089515,7316.397874077433,20,0,Model_1
15134,5180.02880859375,1014.7604700062657,7330.964873544348,47,2,Model_1
15135,5694.65283203125,1001.5215004709898,7348.901776680927,41,0,Model_1
15136,1458.5638427734375,1029.5653391639935,7342.16797504056,23,0,Model_1
15137,6465.041015625,996.7553287385381,7389.814364381949,32,2,Model_1
15138,2271.36767578125,1028.2979582172702,7395.436405161803,4,0,Model_1
15139,3124.093017578125,1003.4604908978799,7414.003200136416,4,0,Model_1
15140,2845.984619140625,996.5796008981997,7435.101573861088,24,0,Model_1
15141,5034.2197265625,1026.2803678460768,7467.411880992207,62,0,Model_1
15142,5043.27490234375,1002.8911879337975,7475.334457750345,48,0,Model_1
15143,1316.5693359375,1031.7731575116632,7496.812603615166,11,0,Model_1
15144,2931.9560546875,1019.0812804144807,7551.300190625392,14,1,Model_1
15145,1694.317626953125,1077.1949490442057,7275.097035602434,23,0,Model_1
15146,2828.12646484375,1098.6290272672195,7283.149618079246,28,0,Model_1
15147,11458.416015625,1079.3965530478163,7298.298110516102,222,0,Model_1
15148,7372.2080078125,1068.0222319716122,7336.089501139708,117,0,Model_1
15149,5094.99755859375,1046.1326653451542,7419.923759482248,81,0,Model_1
15150,2409.00244140625,1193.7056143605732,7414.760978034668,48,0,Model_1
15151,5181.92822265625,1033.1639046960045,7440.70524426765,60,0,Model_1
15152,7280.8603515625,1080.7271131591406,7494.891839777032,103,0,Model_1
15153,4236.02490234375,1063.6709252453293,7514.607489635149,83,0,Model_1
15154,5218.466796875,1510.8384370747954,7293.6677166175505,0,0,Model_1
15155,2112.24560546875,1828.6128332728986,7286.813447721564,48,0,Model_1
15156,5561.84228515625,1866.7919218849856,7294.50922102484,111,1,Model_1
15157,3470.4443359375,1832.276994658867,7305.148493371584,90,0,Model_1
15158,5822.03857421875,1857.4349610190839,7314.061657181795,179,0,Model_1
15159,6137.42041015625,1836.2069918740308,7331.081101483054,186,0,Model_1
15160,3251.0439453125,1870.4742659813492,7333.308862520993,26,0,Model_1
15161,3630.8876953125,1865.9186914642341,7356.024182371679,77,0,Model_1
15162,6385.5107421875,1863.2044040757464,7387.807047823502,103,0,Model_1
15163,3360.50927734375,1808.485838750319,7402.066696814203,0,0,Model_1
15164,3350.293212890625,1855.7695168112405,7410.5163619752275,22,0,Model_1
15165,3238.579833984375,1837.3865664408077,7411.469501727901,14,0,Model_1
15166,2257.42919921875,1840.3245702154236,7425.480444126355,55,0,Model_1
15167,3970.53466796875,1857.150942479493,7434.489345843525,120,3,Model_1
15168,3228.148193359375,1823.9633531122236,7433.654200411605,14,0,Model_1
15169,4271.30419921875,1842.3472241262207,7445.746851906792,154,0,Model_1
15170,6736.9052734375,1727.7460886426852,7459.4592757392675,0,0,Model_1
15171,2167.96923828125,1871.8135722065344,7462.099663623434,32,0,Model_1
15172,4801.70556640625,1836.1144671958173,7469.740325806837,94,0,Model_1
15173,1747.5565185546875,1847.8844348437851,7463.162672339444,94,0,Model_1
15174,6927.1318359375,1846.838813915616,7494.088842498371,167,2,Model_1
15175,4490.6181640625,1790.2920806323527,7509.234862000361,0,0,Model_1
15176,5398.90966796875,1842.3007316262228,7519.578088715993,129,0,Model_1
15177,4766.61572265625,1860.1462563159876,7533.51095702796,99,0,Model_1
15178,9616.5224609375,1830.0538706119405,7544.434616884304,227,3,Model_1
15179,3394.48779296875,1811.9084462811006,7560.094653562031,47,0,Model_1
15180,3825.08740234375,1891.7791088640224,7281.433754558588,67,0,Model_1
15181,5221.46484375,1903.3064869327936,7324.809738662647,24,0,Model_1
15182,3321.64697265625,1908.0342217964353,7346.01444858656,20,0,Model_1
15183,6699.69189453125,1895.2253078861395,7402.801865022251,88,0,Model_1
15184,4905.55810546875,1874.533153295517,7411.924168466852,174,0,Model_1
15185,4252.7080078125,1871.7318650902016,7436.611477235041,133,1,Model_1
15186,5714.68994140625,1902.6024247669848,7441.456663190533,25,0,Model_1
15187,2189.9375,1909.1288669944042,7462.609794758668,1,0,Model_1
15188,4600.91943359375,1876.8775721320417,7480.395495592005,74,2,Model_1
15189,3795.572998046875,1895.3270389999961,7486.645308551437,27,2,Model_1
15190,5620.81982421875,1896.5993684058776,7511.030212713144,19,0,Model_1
15191,3795.69287109375,1875.604322082596,7517.838202399493,29,0,Model_1
15192,3175.687744140625,1896.1284592227312,7532.953840130271,29,0,Model_1
15193,1750.033935546875,1877.8813037780346,7533.556176408369,51,0,Model_1
15194,1617.4521484375,1879.3340793225216,7544.645169624331,24,0,Model_1
15195,1402.08837890625,1895.5012707945425,7545.111494484794,16,0,Model_1
15196,2314.302734375,1874.251666525728,7559.515280250547,26,1,Model_1
15197,1244.56884765625,1863.5809472935507,7562.634357669507,34,0,Model_1
15213,4978.58154296875,2522.1817338966066,7297.86887967863,14,88,Model_1
15214,5838.06640625,2556.255212533637,7319.091253423016,6,50,Model_1
15215,4984.11767578125,2511.9724872510415,7349.731269690295,5,45,Model_1
15216,2712.32421875,2526.609338958282,7371.153951158834,16,64,Model_1
15217,1339.826904296875,2518.9972278076457,7387.147834043484,3,25,Model_1
15218,4997.14501953125,2565.2745273723267,7393.291664080083,1,6,Model_1
15219,1906.678466796875,2505.217725419672,7394.00881519125,3,5,Model_1
15220,2587.45263671875,2523.2848950475454,7398.761796003877,6,2,Model_1
15221,4120.18212890625,2498.903951855609,7411.62847611215,6,27,Model_1
15222,2408.951171875,2561.633151914575,7419.2338106546085,5,8,Model_1
15223,4740.853515625,2540.1474025715142,7430.582108755101,6,3,Model_1
15224,3632.989990234375,2559.5154415557627,7432.720137585042,10,6,Model_1
15225,5834.419921875,2527.5815385621972,7450.37901218739,21,12,Model_1
15226,6577.27734375,2615.5349913180107,7452.272573741997,0,33,Model_1
15227,5073.68359375,2574.177380800131,7494.850153160718,8,12,Model_1
15228,3650.76953125,2592.153636876028,7500.405777975597,8,65,Model_1
15229,4342.03759765625,2566.176297743572,7509.438702488609,4,0,Model_1
15230,1719.9498291015625,2538.3843701458536,7514.431911259657,8,0,Model_1
15231,3227.41943359375,2529.826527893776,7524.384060990036,24,1,Model_1
15232,3267.8828125,2514.7265924736857,7524.808699234185,38,1,Model_1
15233,3482.53076171875,2587.043834933196,7524.838021176169,3,5,Model_1
15234,983.210693359375,2559.023127409746,7526.900802130898,7,0,Model_1
15235,6583.49658203125,2541.3216834377963,7542.683425722702,47,0,Model_1
15236,1608.1756591796875,2559.6675779047655,7542.403277530015,8,2,Model_1
15237,5145.10205078125,2503.576908427174,7549.728110603377,31,0,Model_1
15238,2844.771240234375,2592.0668662200915,7557.0091374019685,5,0,Model_1
15239,2602.714599609375,2569.2747236592695,7558.74195819028,8,0,Model_1
15240,5337.2783203125,2753.5297948512016,7291.113174900878,0,0,Model_1
15241,4242.65869140625,2818.1170837838436,7375.331797976891,0,0,Model_1
15242,3158.501953125,2899.409910512739,7392.1399829853035,0,0,Model_1
15243,1922.6351318359375,2952.1883346068207,7436.994782139285,0,0,Model_1
15244,2768.364501953125,2869.6982109225355,7449.652675889578,0,0,Model_1
15245,2576.05712890625,2827.1288033131277,7490.312317681441,0,0,Model_1
15246,2459.01953125,2978.318730731844,7538.556097431196,1,3,Model_1
15247,10615.9326171875,3176.7788717993535,7288.946530681773,4,1,Model_1
15248,4418.37646484375,3234.0136710664956,7285.8207410110335,2,1,Model_1
15249,4657.41357421875,3265.6225868818583,7281.567646317766,6,0,Model_1
15250,2123.163818359375,3247.828848392586,7281.850620721729,3,0,Model_1
15251,3277.205322265625,3215.3602816490456,7300.359125088784,0,0,Model_1
15252,4219.962890625,3232.9912963883253,7308.681257466,4,0,Model_1
15253,13837.486328125,3187.5980448062764,7322.49224541671,7,1,Model_1
15254,5140.8837890625,3253.037619518582,7320.541806360183,2,0,Model_1
15255,7364.74658203125,3215.037826240645,7329.8965656821965,9,0,Model_1
15256,3354.617431640625,3233.459903962561,7328.045750573132,2,0,Model_1
15257,3209.53662109375,3271.7517714112764,7338.328920299158,4,0,Model_1
15258,3285.521240234375,3258.1642232064623,7350.318768359197,5,0,Model_1
15259,3140.558837890625,3206.1614413153147,7349.2681243175175,9,0,Model_1
15260,8892.72265625,3221.6119117725175,7362.722303094692,4,1,Model_1
15261,7259.75634765625,3258.908333367319,7375.076732409274,6,0,Model_1
15262,3545.913330078125,3230.677949272096,7382.148619573476,1,0,Model_1
15263,2726.322509765625,3261.1738070182037,7396.079721503396,2,0,Model_1
15264,3434.61279296875,3233.6251594823552,7399.327744811802,5,0,Model_1
15265,7639.2744140625,3211.783811562578,7407.889751871029,2,0,Model_1
15266,3181.80224609375,3260.2991956321057,7421.449913571036,1,0,Model_1
15267,4286.77685546875,3231.881000249763,7428.525686775742,0,0,Model_1
15268,1862.687255859375,3269.2690258792136,7433.103795765695,2,0,Model_1
15269,2528.278564453125,3133.9362632122356,7445.802316303074,1,34,Model_1
15270,3885.856689453125,3231.4542819577036,7453.090761906264,2,0,Model_1
15271,3153.162353515625,3261.3613881444326,7472.546753603441,4,0,Model_1
15272,4766.4853515625,3009.004010891309,7487.362459662603,0,0,Model_1
15273,3690.319091796875,3250.702176956809,7491.314562855026,5,0,Model_1
15274,4014.5419921875,3271.1763691835804,7507.917140993144,5,0,Model_1
15275,5553.61181640625,3247.769466882688,7511.956856735109,5,0,Model_1
15276,10434.3212890625,3186.3802635315806,7541.829556641082,15,0,Model_1
15277,6938.9755859375,3201.257403209107,7531.3881190836255,8,0,Model_1
15278,2018.693359375,3225.810967069352,7515.598429963633,1,0,Model_1
15279,2033.2266845703125,3236.0011103609577,7527.128312138579,0,0,Model_1
15280,2312.06640625,3271.504118292476,7527.5978164867265,2,0,Model_1
15281,4259.693359375,3263.9594442829257,7541.707676279824,3,0,Model_1
15282,3616.114990234375,3229.250491425628,7542.53292997228,1,0,Model_1
15283,4261.1572265625,3271.636000483064,7558.797422586562,5,0,Model_1
15284,2041.759033203125,3254.4215769566363,7558.782584977365,7,0,Model_1
15285,1705.5726318359375,3222.919685955625,7559.9250808854995,1,0,Model_1
15286,5316.75341796875,3316.9544497755123,7283.0015952636895,11,2,Model_1
15287,4410.6474609375,3295.670091212145,7289.907089239045,4,0,Model_1
15288,4720.0458984375,3283.2869749503443,7312.707195427996,5,0,Model_1
15289,5576.24169921875,3299.168306595646,7323.154991960822,16,0,Model_1
15290,3758.874267578125,3319.522124676383,7328.201545469696,4,0,Model_1
15291,1393.0531005859375,3274.2375090349233,7326.267710404412,1,0,Model_1
15292,2844.974609375,3287.192805271945,7343.955200395925,3,1,Model_1
15293,3055.57763671875,3272.2779192082817,7356.887589916354,7,0,Model_1
15294,2350.78076171875,3286.408877276932,7370.55585419765,2,0,Model_1
15295,10019.2783203125,3319.5531963966787,7387.8992529663665,9,0,Model_1
15297,3177.88525390625,3275.6205458294135,7400.679380354326,1,0,Model_1
15298,4973.13818359375,3297.6402684397763,7411.609752462449,0,0,Model_1
15299,6368.12109375,3336.557943351334,7412.7635532156855,1,0,Model_1
15300,6470.2998046875,3317.4103985007387,7421.750198519061,5,0,Model_1
15301,2077.814208984375,3282.0717254454503,7412.85540508214,2,0,Model_1
15302,2655.99169921875,3277.756669059512,7424.567577884358,0,0,Model_1
15303,4056.09912109375,3296.512480073492,7436.598406007892,1,0,Model_1
15304,4604.68310546875,3336.8732637721114,7442.561711799266,3,1,Model_1
15305,2089.29248046875,3278.7995280569885,7442.8132446027885,2,0,Model_1
15306,10076.7431640625,3327.963275356684,7465.181293742993,9,0,Model_1
15307,2869.39892578125,3269.2777719930746,7457.069360829395,0,0,Model_1
15308,3371.37060546875,3283.276847871137,7461.642170673207,2,0,Model_1
15309,4578.68798828125,3295.1635070908815,7473.2949930386385,3,0,Model_1
15310,8583.59765625,3321.577001111931,7496.498540887173,5,0,Model_1
15311,1634.6053466796875,3308.4193934516516,7484.846071798151,0,0,Model_1
15312,4622.64794921875,3339.3590013957582,7497.769982684753,1,0,Model_1
15313,2663.6083984375,3296.392336088349,7492.972489044536,6,0,Model_1
15314,3967.694091796875,3289.1641333040316,7513.271398254641,1,0,Model_1
15315,5428.04736328125,3310.055837387219,7518.033917530323,4,1,Model_1
15316,4905.83740234375,3286.98473982641,7538.660313971981,5,0,Model_1
15317,1820.062744140625,3307.241199850221,7533.14390283855,1,0,Model_1
15318,5115.17041015625,3299.0269878085237,7550.703153493436,2,0,Model_1
15319,2910.804443359375,3317.499240604695,7549.709033677267,5,0,Model_1
15320,3586.404541015625,3758.3038395198528,7276.96586780838,2,0,Model_1
15321,3543.1767578125,3785.2961881819647,7299.658931245271,14,1,Model_1
15322,5861.67529296875,3764.086862069089,7301.1811992935545,11,0,Model_1
15323,4416.70166015625,3786.0971480829176,7318.5927804092935,11,0,Model_1
15324,3062.584716796875,3773.9856216725893,7331.753739766631,24,0,Model_1
15325,4817.287109375,3818.3353237744886,7335.2268001478515,0,2,Model_1
15326,2988.6396484375,3788.3808044441976,7339.072567141033,5,1,Model_1
15327,4233.96826171875,3785.020915756235,7356.486621191638,29,1,Model_1
15328,4370.3466796875,3753.7174234433332,7362.924023924483,8,2,Model_1
15329,2071.68408203125,3769.190909989644,7362.140103571932,4,0,Model_1
15330,5139.2578125,3781.624661647482,7381.028733355546,24,1,Model_1
15331,4196.3076171875,3800.9107633545063,7380.629884289287,1,0,Model_1
15332,6398.890625,3757.544768901076,7383.646158273099,2,2,Model_1
15333,2589.892333984375,3784.1329550384544,7402.233796555869,10,0,Model_1
15334,7480.89453125,3810.7183792451397,7421.997138729261,5,0,Model_1
15335,4139.82373046875,3783.1469457810745,7418.073297649593,21,0,Model_1
15337,4325.92919921875,3788.044309221441,7435.942371715559,26,0,Model_1
15338,5780.46826171875,3827.1076759770513,7443.438190571091,3,1,Model_1
15339,3526.496337890625,3798.4429782803636,7450.225336949283,13,0,Model_1
15340,6242.80078125,3809.0561572897714,7463.946945968404,10,0,Model_1
15341,4672.7275390625,3766.5339326630346,7479.512304568401,1,1,Model_1
15344,5462.38720703125,3792.4247313004453,7488.335029617796,7,0,Model_1
15345,4355.48291015625,3820.678821967449,7484.9499350625265,25,1,Model_1
15346,2861.83740234375,3806.98562991363,7495.029617576714,5,1,Model_1
15347,3491.04833984375,3831.5088125362527,7499.114199422678,1,1,Model_1
15348,6418.837890625,3809.454335631337,7515.225370075263,21,0,Model_1
15349,7985.68359375,3816.4203851607163,7542.838514066447,43,2,Model_1
15350,2602.9111328125,3933.1234649820253,7304.053336502315,0,0,Model_1
15351,1771.548828125,4087.6120582916774,7320.096324807877,0,0,Model_1
15352,5794.0029296875,3902.4835265181027,7330.3307423894,1,1,Model_1
15353,4722.04248046875,3913.5022490175907,7348.914141355257,3,0,Model_1
15354,5764.2587890625,3904.5324187704828,7421.44744063617,0,2,Model_1
15355,3439.84326171875,3843.1346994664054,7478.953421288665,1,0,Model_1
15356,9027.376953125,3865.6683713465463,7486.791211708536,2,4,Model_1
15357,3236.0078125,4019.7191986413673,7481.611119716894,0,11,Model_1
15358,8227.7373046875,3911.851074784994,7509.184696750221,1,1,Model_1
15359,15260.9697265625,3851.6617001590785,7535.729886155663,6,0,Model_1
15360,8810.7109375,3917.9020046114456,7546.324645674817,2,6,Model_1
15361,3215.98193359375,3878.226870207349,7544.472064183705,0,0,Model_1
15362,2557.51171875,4216.043216478778,7280.574586330826,3,2,Model_1
15363,2659.298583984375,4235.945228730328,7307.136733003921,0,0,Model_1
15364,1364.54833984375,4241.675774596399,7319.827481460292,0,0,Model_1
15365,5817.9482421875,4135.540762249846,7337.932544167765,0,14,Model_1
15366,2865.76806640625,4298.842676400673,7338.289353341301,2,10,Model_1
15367,1934.80322265625,4287.094804198248,7342.726858320297,2,6,Model_1
15368,1844.462646484375,4398.894996717805,7393.519527364173,1,6,Model_1
15369,4885.7412109375,4351.747458823957,7417.570232042548,1,6,Model_1
15370,4832.97900390625,4311.401175261475,7449.905268522329,0,1,Model_1
15371,3298.748779296875,4244.427578210132,7479.186230442487,3,5,Model_1
15372,1644.8004150390625,4277.299616995733,7504.060069154861,1,1,Model_1
15373,5822.12109375,4326.862463280559,7513.966646228422,6,23,Model_1
15374,3176.79248046875,4170.9648249957245,7511.262315314147,0,2,Model_1
15375,2678.74072265625,4387.539318673778,7512.326737135794,0,2,Model_1
15376,6808.9443359375,4391.719500777544,7552.189034071547,2,1,Model_1
15377,4935.087890625,4164.329746827716,7556.000179976603,3,8,Model_1
15378,5086.599609375,4273.031973753357,7555.244875013217,2,9,Model_1
15379,5036.8642578125,4551.919306438416,7280.724728804838,14,0,Model_1
15380,4651.58935546875,4529.967481290922,7285.1007636885915,1,3,Model_1
15381,7281.50244140625,4584.164847278502,7310.29467082792,25,0,Model_1
15382,4281.9462890625,4617.230681534391,7320.31570945814,70,0,Model_1
15383,4763.75732421875,4478.126502506202,7346.382209328789,7,1,Model_1
15384,3562.4736328125,4492.540558470879,7354.834700701089,1,0,Model_1
15385,4557.34765625,4412.963351024082,7354.685971332714,0,5,Model_1
15386,5724.93359375,4592.737419827608,7363.354667867592,34,1,Model_1
15387,6358.63818359375,4624.147016311297,7368.5700875001785,48,2,Model_1
15388,4117.18310546875,4463.881844957359,7366.946429122385,1,4,Model_1
15389,4196.3662109375,4606.257991213119,7375.587216820917,26,0,Model_1
15390,5590.83935546875,4591.612853713799,7395.113157247164,47,0,Model_1
15391,4560.98291015625,4574.133054679958,7391.847823394695,45,0,Model_1
15392,10458.7685546875,4471.134674957022,7402.842845085746,7,3,Model_1
15393,2440.80126953125,4602.62144913408,7403.904793972528,11,0,Model_1
15394,2636.011962890625,4446.169583423529,7416.633696281118,4,0,Model_1
15395,5907.6953125,4429.303393325303,7428.701618427644,0,14,Model_1
15396,4930.7939453125,4588.782335075317,7425.845025380899,29,1,Model_1
15397,3756.919921875,4462.930359833641,7428.953504507575,5,0,Model_1
15398,3146.585693359375,4598.001659728354,7440.558987834142,52,0,Model_1
15399,2846.032470703125,4610.172107326798,7441.0860762370285,32,0,Model_1
15400,6700.68408203125,4509.54024188593,7468.0407130010135,3,0,Model_1
15401,6507.216796875,4619.094984752126,7500.409310739691,51,1,Model_1
15402,5024.37109375,4600.071266460931,7498.276227779483,86,0,Model_1
15403,4190.9560546875,4590.141665298026,7521.933735814149,36,0,Model_1
15404,5046.041015625,4602.609941089526,7539.149955075467,75,2,Model_1
15405,5035.41650390625,4432.87549035484,7539.381704400061,2,2,Model_1
15406,4027.1962890625,4488.5127428770065,7548.678526390926,0,0,Model_1
15412,7446.08447265625,5189.482927275123,7281.676102175465,4,0,Model_1
15415,4349.80078125,5181.076530889375,7301.5196380938,0,0,Model_1
15418,4471.32177734375,5227.108709105058,7321.525681160478,25,0,Model_1
15419,2766.20947265625,5237.781729946146,7331.365488992655,3,0,Model_1
15420,2425.604248046875,5205.789366086246,7340.003097203502,1,0,Model_1
15421,5105.666015625,5221.990851531038,7354.375088092405,7,0,Model_1
15422,1981.387451171875,5236.737720144214,7344.675884271186,4,0,Model_1
15423,3502.3017578125,5237.605887025362,7382.812425946817,5,0,Model_1
15424,3624.69482421875,5218.581708412385,7388.863697564142,0,0,Model_1
15426,3298.8896484375,5234.612414475996,7400.780064131017,3,1,Model_1
15427,4311.7734375,5235.881521629402,7419.186824892153,3,0,Model_1
15428,4895.63232421875,5219.602241803426,7430.3991115750105,9,0,Model_1
15429,5105.810546875,5237.154311357066,7453.413303268084,7,0,Model_1
15431,3810.638427734375,5238.048716579797,7477.783016544185,3,0,Model_1
15433,7790.20654296875,5220.604822644964,7489.098459938599,1,0,Model_1
15434,2150.510986328125,5238.208448238205,7496.429651987331,0,0,Model_1
15435,7158.07470703125,5236.027903956128,7530.037190093921,0,0,Model_1
15436,1706.361572265625,5323.348644422367,7279.055851046636,0,1,Model_1
15437,7841.52294921875,5319.030826105736,7306.904630402918,0,0,Model_1
15438,5537.630859375,5296.891649992904,7326.586365725729,1,1,Model_1
15439,6567.40087890625,5419.955916521838,7337.2323503242515,0,3,Model_1
15440,6743.39013671875,5283.840146503411,7353.999908545578,2,1,Model_1
15441,4930.75537109375,5239.179266876774,7364.447351801995,18,1,Model_1
15442,9444.3544921875,5306.951522220159,7368.862953643606,1,0,Model_1
15443,3811.818603515625,5361.287905385951,7364.645893144101,0,0,Model_1
15444,4592.73828125,5399.195864468347,7365.631534326443,2,4,Model_1
15445,4399.857421875,5442.266792659415,7374.32637331562,1,15,Model_1
15446,3952.923828125,5408.795875235228,7378.5826474965725,4,1,Model_1
15447,6743.60009765625,5255.2104332621675,7390.5880397186265,1,0,Model_1
15448,3245.234375,5357.035452762386,7385.3401186563715,0,0,Model_1
15449,4727.62744140625,5303.561712616356,7389.406683405454,3,1,Model_1
15450,4813.0556640625,5337.6471596197225,7404.258776934788,2,0,Model_1
15451,4127.771484375,5274.047260909807,7423.8440677978215,1,2,Model_1
15452,6501.279296875,5424.2341471652035,7429.851533140376,1,2,Model_1
15453,5694.7734375,5325.1604709569365,7427.673937352578,1,0,Model_1
15454,5422.01953125,5354.81025726744,7430.989083178778,1,0,Model_1
15455,3486.040771484375,5292.508465983206,7430.701869457902,0,0,Model_1
15456,8651.326171875,5265.03277944983,7461.460233322345,2,0,Model_1
15457,4432.24169921875,5442.671415505931,7456.006705389795,1,4,Model_1
15458,4182.7021484375,5318.10742061073,7473.403095619928,0,1,Model_1
15459,2012.197265625,5246.292619376443,7469.169431129179,0,0,Model_1
15460,5345.6826171875,5402.737580260262,7482.051655399468,1,1,Model_1
15461,5984.3779296875,5366.309095385717,7485.679450848023,0,1,Model_1
15462,6628.4091796875,5277.507960068062,7487.369525190792,1,0,Model_1
15463,6381.12841796875,5303.057199943112,7487.514368518663,0,1,Model_1
15464,4580.24072265625,5336.4084337039385,7491.64134353376,0,0,Model_1
15465,3616.397216796875,5255.626564153237,7488.120590837265,8,0,Model_1
15466,4945.1953125,5348.252973480616,7499.907658238284,1,0,Model_1
15467,3711.57958984375,5316.3195308088325,7504.343043558823,0,0,Model_1
15468,4181.7646484375,5396.965145112015,7510.069300879462,2,0,Model_1
15469,4829.58447265625,5392.262958107283,7528.484540274425,1,2,Model_1
15470,6564.42724609375,5295.2473805870395,7525.261952867499,2,0,Model_1
15471,6192.47607421875,5269.760744474363,7532.2561192216235,9,0,Model_1
15472,4139.86181640625,5462.291710826801,7532.223971068364,2,1,Model_1
15473,4384.39208984375,5308.272645734949,7540.147254379321,0,1,Model_1
15474,2275.8623046875,5453.375277906423,7539.8575677235785,1,0,Model_1
15475,2416.387451171875,5514.510613794671,7538.561749853747,0,4,Model_1
15476,3482.2099609375,5441.622342164395,7548.084315470245,1,0,Model_1
15477,2189.118896484375,5282.099669845076,7547.228326730168,9,0,Model_1
15478,2242.99365234375,5265.366973063676,7549.18229855079,10,0,Model_1
15479,3641.787353515625,5402.698913230561,7557.358174494497,0,0,Model_1
15480,4285.10205078125,5305.524064373691,7558.314493734855,3,2,Model_1
15481,2235.244384765625,5458.795106569538,7553.766766516113,0,4,Model_1
15482,3411.933837890625,5599.861177033279,7280.2824267402175,0,4,Model_1
15483,3045.658935546875,5560.635316688567,7282.2031905783515,0,9,Model_1
15484,2682.052001953125,5711.0615702706855,7294.23719818957,0,2,Model_1
15485,8902.4375,5558.817966292612,7305.672049010376,1,15,Model_1
15486,4220.6923828125,5530.449255501851,7304.998350897571,0,14,Model_1
15487,4535.212890625,5798.362977222074,7304.659205544507,0,10,Model_1
15488,2166.243408203125,5779.348465366522,7308.0538385628315,0,2,Model_1
15489,4693.16015625,5614.439567874186,7322.7974762344675,0,7,Model_1
15490,1443.666748046875,5747.579817892751,7313.519731169712,0,3,Model_1
15491,3265.6787109375,5595.536453889916,7321.448666903219,1,5,Model_1
15492,2012.906982421875,5803.092783533735,7335.01271464373,0,2,Model_1
15493,4355.5234375,5623.877085051965,7345.0817988656345,0,10,Model_1
15494,3305.48388671875,5553.715759659186,7354.372968433949,3,2,Model_1
15495,5201.736328125,5756.905937199248,7374.600162532937,0,6,Model_1
15496,7217.4150390625,5533.529268546263,7379.568641955324,3,15,Model_1
15497,2795.073486328125,5733.1993654181715,7377.139866640413,1,0,Model_1
15498,1571.224853515625,5773.234931777697,7376.877028991788,0,0,Model_1
15499,3299.759033203125,5663.108929579845,7386.004631582531,0,0,Model_1
15500,1794.354736328125,5521.7169512943365,7399.32915791744,0,1,Model_1
15501,2859.87646484375,5576.399036118528,7417.730972808844,0,6,Model_1
15502,2069.843994140625,5565.123914386379,7427.745652463695,1,4,Model_1
15503,3402.074462890625,5797.275236850837,7431.037482046871,1,2,Model_1
15504,3878.96142578125,5522.839215799235,7448.288675672724,0,9,Model_1
15505,3424.996337890625,5738.701591680292,7446.180322061176,1,0,Model_1
15506,4273.2265625,5546.773186540697,7452.797542486427,1,4,Model_1
15507,2899.11572265625,5618.049871611642,7461.119674863643,0,4,Model_1
15508,1102.3984375,5764.293181159301,7474.555129991117,0,1,Model_1
15509,3507.171875,5727.614281235263,7482.393273687398,2,9,Model_1
15510,3885.007080078125,5789.251367866062,7489.676420144446,1,0,Model_1
15511,1828.3975830078125,5770.210157347145,7501.0575729510165,0,0,Model_1
15512,3081.158935546875,5782.995134524768,7505.703511011583,4,0,Model_1
15513,1715.4683837890625,5758.418554575415,7509.500172583852,0,0,Model_1
15514,3146.684326171875,5773.511124846991,7519.017085777799,1,2,Model_1
15515,3098.248291015625,5743.937751952326,7523.858385692787,1,1,Model_1
15516,3860.7802734375,5790.915891430341,7528.712050282105,1,0,Model_1
15517,7761.12890625,5723.572655987926,7539.31246222381,2,1,Model_1
15518,3293.509521484375,5764.211243882077,7533.563948489376,1,2,Model_1
15519,5782.90087890625,5701.326224899851,7545.754104273568,2,33,Model_1
15520,3284.22802734375,5746.51463328884,7542.249249015498,2,0,Model_1
15521,4736.85009765625,5603.537767107366,7552.52252700206,0,15,Model_1
15522,2528.89599609375,5574.609765351284,7555.349444830412,0,2,Model_1
15523,1078.1304931640625,5787.349778583972,7544.229010014009,0,0,Model_1
15524,3952.44189453125,5539.312291095499,7553.831416099041,0,12,Model_1
15525,3744.25244140625,5760.794275293127,7553.864977357938,0,1,Model_1
15526,1517.2208251953125,5776.508279970614,7550.255199006264,1,0,Model_1
15527,3792.944580078125,5518.582620279631,7556.592624515237,0,8,Model_1
15528,1140.0299072265625,5787.52654214832,7555.398903527734,0,0,Model_1
15529,5506.86376953125,5899.537101722322,7290.026143389026,0,0,Model_1
15530,4573.78076171875,5914.527480558259,7287.063567419449,2,0,Model_1
15531,2861.120849609375,5831.379557047272,7282.358985474915,1,2,Model_1
15532,2134.263427734375,5795.152693113312,7285.390450344334,0,5,Model_1
15533,5034.109375,5863.318523580441,7290.3645821892715,0,0,Model_1
15534,4072.082763671875,5957.324517288944,7296.9959336709,21,0,Model_1
15535,3964.341064453125,5928.161751423962,7301.891991429351,2,1,Model_1
15536,6169.611328125,5835.7180898441,7302.748686722247,3,2,Model_1
15537,4443.884765625,5975.194669194054,7305.791809713177,22,0,Model_1
15538,2239.522705078125,5942.775587042095,7302.035421651584,2,0,Model_1
15539,5018.84716796875,5863.848353951704,7311.446351922699,0,1,Model_1
15540,992.3846435546875,5989.2740712231025,7307.315490867099,2,0,Model_1
15541,2785.08203125,5999.637295504799,7314.623719949217,17,0,Model_1
15542,1735.085205078125,5908.232580187265,7313.585087305459,2,1,Model_1
15543,2307.23876953125,5920.017278132262,7314.287754083838,0,2,Model_1
15544,2741.087158203125,5959.797826224472,7317.069099255372,20,1,Model_1
15545,3039.822021484375,5851.316553754266,7324.780063444254,0,3,Model_1
15546,2546.840087890625,5941.355034022359,7318.10137292376,8,1,Model_1
15547,2546.770263671875,5840.034987517167,7326.774662051961,1,1,Model_1
15548,6341.18212890625,5870.790466748411,7332.358195703186,0,1,Model_1
15549,3434.193603515625,5888.695142787183,7331.352417765505,0,0,Model_1
15550,3256.26123046875,5978.155919218669,7326.71177885108,19,1,Model_1
15551,1448.935546875,5910.358806499047,7329.302001485106,2,1,Model_1
15552,2227.177490234375,5830.252689324552,7331.731836629246,0,0,Model_1
15553,4779.2236328125,5921.613213750999,7338.358595517551,2,1,Model_1
15554,3996.481201171875,5961.300316521432,7335.257535195473,23,1,Model_1
15555,4455.28125,5936.236255804775,7341.652544759185,0,2,Model_1
15556,3400.4033203125,5999.087210975122,7335.703016747779,19,0,Model_1
15557,2797.632568359375,5948.26584493788,7339.0259346549865,0,0,Model_1
15558,5134.15478515625,5895.289712638361,7350.552637342247,2,2,Model_1
15559,3210.6796875,5980.472258426482,7345.087804564595,5,0,Model_1
15560,5262.83349609375,5846.337713358458,7350.288739864394,0,0,Model_1
15561,2298.45947265625,5908.8158078852575,7348.130221002706,0,0,Model_1
15562,5125.4033203125,5996.531044118805,7358.621470533893,27,0,Model_1
15563,3690.62060546875,5881.300994000398,7360.529516421288,0,1,Model_1
15564,2546.34716796875,5966.013090927154,7353.130142025533,16,0,Model_1
15565,5956.28955078125,5866.397615981288,7362.59053099397,1,2,Model_1
15566,5649.1552734375,5930.323422512971,7367.077141393878,5,1,Model_1
15567,5097.341796875,5817.430886404356,7366.362463217578,4,4,Model_1
15568,2126.00732421875,5978.9007198621985,7365.707488754473,10,1,Model_1
15569,4729.1591796875,5906.620533306152,7370.540310035634,0,0,Model_1
15570,1748.1282958984375,5847.234880511882,7366.764491771522,0,1,Model_1
15571,6488.51904296875,5834.272219126346,7378.346305578656,1,1,Model_1
15572,5801.3720703125,5989.644630257739,7383.370249397325,22,0,Model_1
15573,1723.064697265625,5971.239584441762,7378.00221435586,7,0,Model_1
15574,2619.557373046875,5916.569928305689,7381.913337484788,1,0,Model_1
15575,1233.8701171875,5855.504101006547,7379.065929624689,0,0,Model_1
15576,3120.6962890625,5888.006501401076,7380.681109368656,1,0,Model_1
15577,2969.2216796875,5945.676074591465,7389.135720399412,5,0,Model_1
15578,4434.13623046875,5875.349493678892,7395.126228474313,0,1,Model_1
15579,2127.430419921875,5928.535532711074,7389.348746074305,0,0,Model_1
15580,2966.835205078125,5861.5287924914155,7391.796598315326,0,0,Model_1
15581,3388.9052734375,5964.72326929355,7396.6742857004865,6,1,Model_1
15582,4192.45263671875,5894.906724915607,7397.557123447681,1,0,Model_1
15583,1474.4888916015625,5977.472801693948,7394.589601608372,3,0,Model_1
15584,2701.27880859375,5827.022151057376,7395.6126900901145,2,1,Model_1
15585,7508.88232421875,5853.446462640306,7409.763529946707,1,1,Model_1
15586,1597.75634765625,5936.942389418604,7400.921727971203,0,0,Model_1
15587,3215.500244140625,5949.7655733041465,7407.662241863349,3,1,Model_1
15588,3537.78076171875,5906.747582118027,7411.072065767279,0,0,Model_1
15589,1707.8636474609375,5989.4384060993325,7404.907745698933,4,1,Model_1
15590,3685.14892578125,5830.156482072081,7413.79829981894,0,0,Model_1
15591,1696.39599609375,5977.903202560265,7409.827119700407,15,0,Model_1
15592,1478.0001220703125,5968.591353229014,7413.589160184551,10,0,Model_1
15593,3982.603515625,5882.472973257769,7416.504043838853,1,0,Model_1
15594,4098.544921875,5987.759612559807,7425.348672025633,16,0,Model_1
15595,4424.15087890625,5954.456252264325,7428.6111796668265,9,0,Model_1
15596,3730.33544921875,5906.162513132906,7431.030063242273,1,1,Model_1
15597,3807.999267578125,5864.990412293235,7431.34235958822,2,1,Model_1
15598,2437.52734375,5892.918595138472,7431.734849679109,0,0,Model_1
15599,2769.54931640625,5878.983273827238,7438.614201200166,1,0,Model_1
15600,3778.982666015625,5980.953755010618,7445.047717892507,9,0,Model_1
15601,4394.8349609375,5911.549658949487,7449.69542233512,1,0,Model_1
15602,3380.077392578125,5945.756630903343,7445.710464436619,3,0,Model_1
15603,4922.7841796875,5852.776234125486,7452.025633531797,0,1,Model_1
15604,5011.20556640625,5828.686674621655,7452.690499734366,0,1,Model_1
15605,2398.039794921875,5962.026704293676,7448.687171462574,5,0,Model_1
15606,3133.28173828125,5868.757685758406,7454.503160991211,2,1,Model_1
15607,2019.9273681640625,5929.559748676373,7450.715684605588,1,0,Model_1
15608,6256.494140625,5975.641181322746,7464.978866360383,14,0,Model_1
15609,2397.510986328125,5810.823427543277,7461.997213464696,0,0,Model_1
15610,4849.63818359375,5947.49756788346,7465.6783536510775,6,0,Model_1
15611,2737.65087890625,5825.805520587135,7469.6710836305865,0,0,Model_1
15612,4004.521728515625,5874.566026005661,7473.81289625488,3,0,Model_1
15613,1198.7177734375,5860.062207293464,7470.503402851231,0,0,Model_1
15614,7014.61572265625,5959.203090481926,7490.800898955698,8,0,Model_1
15615,4881.279296875,5988.43260300532,7484.056145746639,8,0,Model_1
15616,2877.955078125,5884.49654781213,7484.5715760280145,2,0,Model_1
15617,5616.4228515625,5927.111757438863,7486.06134264663,5,2,Model_1
15618,2981.08740234375,5895.465555559145,7487.485399853089,1,0,Model_1
15619,2755.78857421875,5831.506605859147,7481.494185225369,1,0,Model_1
15620,3051.455810546875,5856.6825247688685,7485.946881089971,2,1,Model_1
15621,4025.7880859375,5806.333909201901,7488.55370771524,0,3,Model_1
15622,1200.6715087890625,5974.331105530728,7486.612807121768,1,0,Model_1
15623,3954.791748046875,5821.551226676442,7495.596979490278,0,1,Model_1
15624,1029.47802734375,5839.861906527076,7490.775109777809,1,0,Model_1
15625,5226.50390625,5875.757799099665,7501.871875074779,2,2,Model_1
15626,1729.956787109375,5846.532889794093,7499.655065605533,0,0,Model_1
15627,7255.98681640625,5943.054542042082,7514.681324404723,15,0,Model_1
15628,1165.932861328125,5859.855062491493,7500.127749441366,0,0,Model_1
15629,4475.44970703125,5971.849050481338,7507.567750624206,9,0,Model_1
15630,3085.751708984375,5837.81393491826,7509.351443215477,1,0,Model_1
15631,2677.302001953125,5895.466936524492,7507.929505667475,1,1,Model_1
15632,3686.485595703125,5923.036068379646,7511.023147184955,3,0,Model_1
15633,1818.935791015625,5797.196521826088,7509.313995916076,0,0,Model_1
15634,2367.621337890625,5853.66281387792,7513.4653470034245,4,0,Model_1
15635,4345.015625,5810.7576015284285,7514.071922598436,0,0,Model_1
15636,4589.5888671875,5906.153767019045,7521.4179522563645,5,2,Model_1
15637,2243.550537109375,5866.222693704069,7516.726088262571,0,0,Model_1
15638,3440.121337890625,5828.163288755342,7521.811148900073,1,0,Model_1
15639,4046.2216796875,5885.042029123986,7524.899137995002,1,0,Model_1
15640,5833.16064453125,5960.021542610601,7530.896358321683,7,2,Model_1
15641,2589.1689453125,5929.567574146669,7526.877485887875,10,0,Model_1
15642,3929.4619140625,5841.303174027009,7532.853862906399,3,0,Model_1
15643,2775.42041015625,5816.642355191521,7535.218695191201,1,0,Model_1
15644,4157.85498046875,5803.807202939643,7541.6847133132105,0,0,Model_1
15645,4115.2861328125,5861.855620956747,7539.571413831931,5,0,Model_1
15646,4846.0390625,5914.584100137465,7541.124416927836,1,0,Model_1
15647,928.0719604492188,5872.241861327551,7532.426751727384,0,0,Model_1
15648,1953.0247802734375,5894.79210479185,7539.389476481068,0,0,Model_1
15649,4334.2412109375,5848.1205396207515,7549.198195989215,0,1,Model_1
15650,1421.2196044921875,5878.59107966884,7540.820952492126,0,0,Model_1
15651,3423.831298828125,5928.147021126933,7548.919460902165,5,0,Model_1
15652,1023.1814575195312,5899.674737935187,7548.437238603277,1,0,Model_1
15653,4039.2783203125,5944.152409492526,7551.709991260344,6,1,Model_1
15654,1549.555908203125,5887.395194074372,7550.988600832265,0,0,Model_1
15655,3896.62158203125,5959.119772239355,7557.803656046803,4,0,Model_1
15656,3172.290283203125,5871.982239842415,7555.783268261206,1,0,Model_1
15657,1397.0445556640625,5811.2243678155355,7556.945547648269,0,0,Model_1
15658,1257.2974853515625,5891.314834049437,7563.509070059285,2,0,Model_1
15660,8324.6943359375,6821.781204872532,7284.50690604432,5,0,Model_1
15661,5524.794921875,6695.563734135823,7290.182644838409,7,7,Model_1
15662,6090.7373046875,6760.153324677376,7303.217837793985,5,0,Model_1
15663,2532.893310546875,6820.237285615178,7307.381553555664,0,0,Model_1
15664,5994.16552734375,6798.8442911112215,7317.34253519628,4,0,Model_1
15665,5040.5712890625,6768.055668711662,7325.9430493841355,3,0,Model_1
15666,5203.18212890625,6828.850826802896,7324.090114616614,0,0,Model_1
15667,3270.8193359375,6751.7156264104415,7328.045044020313,1,0,Model_1
15668,7708.9521484375,6738.192293094238,7342.545980798663,10,1,Model_1
15669,2220.020263671875,6681.702984953299,7338.978595616121,4,1,Model_1
15670,4668.82666015625,6703.275504952297,7347.827816396224,12,2,Model_1
15671,3400.78271484375,6839.545943089528,7345.6562263073865,1,0,Model_1
15672,3158.583984375,6723.85695215431,7372.656789004599,9,0,Model_1
15673,4612.892578125,6765.135387325659,7376.778464873554,6,1,Model_1
15674,3407.072509765625,6742.2758076237515,7382.474340422981,4,0,Model_1
15675,2438.63427734375,6713.107978219166,7386.9888596592355,7,0,Model_1
15676,7711.7890625,6732.677177822217,7400.298548384948,7,1,Model_1
15677,5750.93212890625,6835.6023663817905,7398.110707581276,2,12,Model_1
15678,5886.75634765625,6791.527936705621,7404.361580369936,2,1,Model_1
15679,6481.91796875,6755.5432020290755,7406.280224549613,9,3,Model_1
15680,5721.39013671875,6683.712289532414,7401.4205542613345,42,6,Model_1
15681,7347.97412109375,6813.777129724389,7406.812258822232,2,1,Model_1
15682,5267.22998046875,6714.29744970426,7417.072465581645,10,0,Model_1
15683,3536.169189453125,6696.947461412987,7415.232955317682,23,1,Model_1
15684,5147.25244140625,6895.180894002784,7420.7401812644675,0,4,Model_1
15685,6722.8779296875,6735.159232871607,7430.34859304846,13,3,Model_1
15686,3841.049560546875,6709.21365594212,7442.927706159448,23,0,Model_1
15687,3660.3232421875,6722.304286783095,7449.8854850434,3,0,Model_1
15688,3822.890380859375,6810.267176135443,7451.651513814199,3,2,Model_1
15689,3854.802734375,6762.709031211911,7469.526946855534,6,0,Model_1
15690,9077.75390625,6801.251774031902,7490.260032772843,3,0,Model_1
15691,3923.5751953125,6724.415782797849,7496.787874266505,10,1,Model_1
15692,3810.24658203125,6763.455673142569,7501.516479006881,4,1,Model_1
15693,6933.85595703125,6725.045042674057,7516.988572634786,12,1,Model_1
15694,6142.13916015625,6805.889515987132,7527.848289461021,2,3,Model_1
15695,6099.53173828125,6828.355060243513,7531.4665464465215,7,1,Model_1
15696,3259.648681640625,6727.197967649205,7552.838356112101,7,2,Model_1
15697,9648.30859375,7021.958576348377,7283.014666490839,1,9,Model_1
15698,5498.8662109375,6954.265036029741,7284.395270698937,0,16,Model_1
15699,2676.584716796875,6997.298217834672,7283.882313352427,0,3,Model_1
15700,6321.94091796875,7182.909166835947,7326.489214713132,0,0,Model_1
15701,5076.18994140625,7159.06587948557,7328.319893066859,0,2,Model_1
15702,4135.4560546875,7205.710745993303,7334.7852046360495,0,0,Model_1
15703,3888.272216796875,7186.139705103124,7346.457103927591,0,1,Model_1
15704,6695.0263671875,7162.644421020057,7353.422301616141,0,6,Model_1
15705,7318.365234375,7108.753169017611,7362.140103571932,2,12,Model_1
15706,18378.982421875,6988.710914988536,7370.28983706134,0,1,Model_1
15707,3187.790771484375,6948.351742416155,7359.589447895763,0,1,Model_1
15708,2770.819580078125,6932.658452218864,7365.674280771986,0,4,Model_1
15709,4393.5234375,7076.277467286447,7382.169462881633,0,10,Model_1
15710,4354.9609375,7176.315517628333,7395.006467771513,2,3,Model_1
15711,3599.583984375,7002.884682982927,7402.64465702005,0,0,Model_1
15712,4300.3974609375,7181.945253024111,7417.3617989609775,2,3,Model_1
15713,4004.56396484375,7200.079629632179,7418.983690956724,0,0,Model_1
15714,2861.223388671875,6938.841954718577,7433.361687544588,0,7,Model_1
15715,9996.5224609375,7170.773243371164,7465.850399262476,1,3,Model_1
15716,4980.525390625,7138.432415922172,7465.96132805504,0,1,Model_1
15717,4170.62109375,6962.095569866011,7481.942139712541,0,4,Model_1
15718,2106.30615234375,7040.660069392063,7480.812008478737,0,0,Model_1
15719,4096.2646484375,7196.012686686823,7485.054504879721,0,0,Model_1
15720,2612.388916015625,6929.038021402201,7490.3674288013135,0,5,Model_1
15721,3106.39794921875,7170.891546069179,7490.516864722507,0,1,Model_1
15722,7089.9130859375,7153.3703180749435,7500.773538717825,0,17,Model_1
15723,8222.5302734375,7044.297532114666,7501.992342330399,0,9,Model_1
15724,2085.77685546875,6987.454236523248,7500.880228193477,0,1,Model_1
15725,2436.475830078125,7130.427880452247,7508.772776456812,0,9,Model_1
15726,2850.498291015625,6937.392861748347,7514.659774543747,0,1,Model_1
15727,2214.739501953125,7171.419995475095,7514.1461106444185,0,1,Model_1
15728,5774.2158203125,7156.712714535184,7526.049405984144,1,1,Model_1
15729,3498.302978515625,7203.503503047861,7527.854295159981,0,0,Model_1
15730,3616.910888671875,7184.329719855683,7528.754443451238,0,0,Model_1
15731,2446.135498046875,7008.546180581674,7530.786489358346,0,1,Model_1
15732,5660.26611328125,7134.504029833246,7538.19257600588,2,6,Model_1
15733,5706.58349609375,6969.739213058725,7536.217760877102,1,3,Model_1
15734,2698.356201171875,7015.323958502151,7544.121967261948,0,2,Model_1
15735,5147.296875,7173.005804014625,7548.301580462052,1,0,Model_1
15736,1978.5147705078125,6950.998592663556,7540.912097805762,0,6,Model_1
15737,3994.355712890625,7151.923066391842,7546.62634372848,1,0,Model_1
15738,3907.878662109375,7116.298303348944,7550.285227501066,1,9,Model_1
15739,3570.177734375,6925.831419867696,7547.972680124862,0,0,Model_1
15740,2229.13623046875,7040.670656793052,7548.194537709991,0,1,Model_1
15741,3859.188720703125,6942.442131376825,7555.747940620262,0,1,Model_1
15742,2329.294677734375,7102.0766618892085,7555.506299556204,0,3,Model_1
15743,4072.68115234375,7222.392347056884,7288.1558980774425,1,0,Model_1
15744,3693.188232421875,7203.0905944092665,7290.936536696157,0,0,Model_1
15745,4043.507080078125,7234.9439410909545,7307.875787252473,1,0,Model_1
15746,3745.98974609375,7217.346299680881,7307.278043567698,1,0,Model_1
15747,3442.236083984375,7353.172987620113,7312.424221024034,19,0,Model_1
15748,3066.5693359375,7362.152944946429,7330.79247465654,3,0,Model_1
15749,3557.93115234375,7294.9699014842045,7337.140851734206,1,0,Model_1
15750,3514.7646484375,7270.9098025744315,7337.800065514224,1,0,Model_1
15751,6105.2939453125,7312.377429998247,7346.624910222075,2,0,Model_1
15752,5342.091796875,7213.894806958269,7364.413083990279,0,0,Model_1
15753,4103.0615234375,7318.89604675537,7378.617975137517,19,0,Model_1
15754,4383.6728515625,7224.302222131053,7382.147559744248,0,1,Model_1
15755,3801.189208984375,7337.54092021985,7380.48857372551,7,1,Model_1
15756,5214.521484375,7205.2978373547085,7386.809748519649,1,0,Model_1
15757,5621.419921875,7298.930970419664,7394.250809531717,11,1,Model_1
15758,4219.63671875,7338.47997665545,7400.109545505897,9,0,Model_1
15759,3964.65380859375,7289.060290444875,7414.630972315994,5,0,Model_1
15760,5217.6357421875,7344.2574753433,7419.420693875203,9,0,Model_1
15761,3135.121826171875,7237.1718985165935,7426.711965689668,0,0,Model_1
15762,5512.07568359375,7310.810494651785,7429.862131432659,14,0,Model_1
15763,1402.093505859375,7367.57415457489,7432.332946640294,0,0,Model_1
15764,3026.44384765625,7343.216687793843,7440.382349629421,6,0,Model_1
15765,5037.33203125,7258.078793218592,7449.526909487817,3,0,Model_1
15766,4688.833984375,7286.952477004379,7452.853713435528,7,0,Model_1
15767,6514.0703125,7218.510913789738,7474.701033148216,1,0,Model_1
15768,2023.9542236328125,7301.304849850247,7475.1461614241125,0,0,Model_1
15769,7480.48486328125,7257.066545619629,7487.507656266884,1,0,Model_1
15770,3641.227783203125,7313.711442522937,7482.586162606953,0,0,Model_1
15771,1898.202392578125,7342.8383032889105,7489.278984183824,8,0,Model_1
15772,3403.01708984375,7264.603394158883,7502.4911686205305,4,2,Model_1
15773,3530.706787109375,7277.269147994928,7513.684731653688,1,0,Model_1
15774,3919.658447265625,7237.059580001747,7519.462567330105,1,1,Model_1
15775,7308.4404296875,7256.020234208787,7530.203936559177,0,0,Model_1
15776,3163.048095703125,7343.65353316511,7527.353349211393,5,0,Model_1
15777,4682.87158203125,7344.404317991808,7542.223813114018,16,0,Model_1
15778,2097.333984375,7248.187398763606,7560.146585194219,2,1,Model_1
15779,4626.8779296875,7343.267783511663,7328.501123864902,16,0,Model_1
15780,3326.586669921875,7329.847562274663,7338.957399031555,4,0,Model_1
15781,1774.8037109375,7321.582944997819,7396.149670232466,6,0,Model_1
15782,3321.99609375,7360.968076679157,7404.897500683059,2,0,Model_1
15783,3113.47509765625,7325.303725962993,7416.964716276765,8,0,Model_1
15784,3178.120849609375,7359.652477025753,7443.307125023188,1,0,Model_1
15785,3702.94921875,7347.700682273833,7474.816907810513,61,0,Model_1
15786,5616.353515625,7355.193800243782,7499.170723648189,15,0,Model_1
15787,2396.0234375,7353.7778504418675,7518.418282263796,6,1,Model_1
15833,5550.7421875,1177.261539336585,7567.315270094608,83,1,Model_1
15834,4888.75634765625,1198.4569407155504,7563.356807926815,83,0,Model_1
15835,3495.888671875,1162.2919900612906,7566.08056904361,22,0,Model_1
15836,5173.71923828125,1094.3618443466257,7573.180718320567,143,2,Model_1
15837,4069.4951171875,1041.3806485075038,7593.222442304599,30,0,Model_1
15838,2662.33349609375,1209.0865762286703,7613.363083683274,36,0,Model_1
15839,2009.9141845703125,1070.206804069283,7620.480190227885,15,0,Model_1
15840,4373.59619140625,1111.0117982876836,7626.7420145852375,43,1,Model_1
15841,4622.11083984375,1132.8434794500354,7627.928316768142,49,0,Model_1
15842,2713.6630859375,1189.6095560624963,7625.532396159309,23,0,Model_1
15843,4280.4130859375,1208.5582419031998,7632.01077895565,33,1,Model_1
15844,6141.90283203125,1061.615588487999,7637.418734231382,50,3,Model_1
15845,9518.486328125,1185.5393908646656,7653.045209650212,98,0,Model_1
15846,4974.42822265625,1129.6234135034028,7655.436537665722,64,0,Model_1
15847,1546.604248046875,1245.2181535537238,7650.33875907748,52,0,Model_1
15848,7000.03662109375,1065.1532764643198,7665.766693154204,29,2,Model_1
15849,2735.451171875,1083.5030836664373,7657.836344315059,45,0,Model_1
15850,3184.3232421875,1224.8562798417988,7665.192972265271,64,0,Model_1
15851,9947.0791015625,1106.5053631208139,7670.793463184149,145,1,Model_1
15852,4724.72802734375,1275.5392041030573,7668.142477007699,152,1,Model_1
15853,5970.16552734375,1153.0532168129575,7677.818717862305,113,0,Model_1
15854,5605.01416015625,1151.5524527226808,7701.224693093449,108,4,Model_1
15855,5494.896484375,1083.5454332703957,7697.901068633422,13,0,Model_1
15856,3191.685791015625,1272.6333077727468,7706.1331155262305,71,0,Model_1
15857,2022.4041748046875,1198.583644286089,7706.028545709036,27,0,Model_1
15858,6383.5869140625,1136.2137253780966,7720.453174782946,82,0,Model_1
15859,6244.3681640625,1178.6917591137462,7722.4558987480705,111,0,Model_1
15860,5050.865234375,1200.1184721882455,7728.951592088473,81,0,Model_1
15861,7503.10400390625,1160.1724384153495,7739.047878593905,86,0,Model_1
15862,4182.552734375,1108.1503230093513,7731.546054039412,24,0,Model_1
15863,5187.26318359375,1282.8760428279638,7735.328937831713,15,0,Model_1
15864,1872.531982421875,1249.3686449025408,7733.083512973302,65,0,Model_1
15865,4561.7294921875,1239.1424814314814,7748.6601764184015,76,0,Model_1
15866,4507.87109375,1183.2338692187332,7746.587857000617,62,0,Model_1
15867,2580.978759765625,1216.2633380538318,7749.781475741969,32,0,Model_1
15868,7510.091796875,1262.3815964427777,7759.409671004891,96,0,Model_1
15869,4623.90771484375,1280.2812089419458,7759.145420250628,93,0,Model_1
15870,4714.2822265625,1201.4928779493202,7758.106434330461,83,1,Model_1
15871,9434.6640625,1132.2401126740733,7764.5925892078085,59,0,Model_1
15872,3948.0634765625,1294.4758064969792,7771.67719432275,82,0,Model_1
15873,3620.605224609375,1183.3903786246665,7766.44552397533,40,0,Model_1
15874,6232.16357421875,1244.8497810475528,7776.665457224066,92,1,Model_1
15875,3199.259765625,1308.168077907234,7773.84101233058,46,1,Model_1
15876,3799.156982421875,1157.4125791704282,7775.768135144084,40,0,Model_1
15877,4703.96240234375,1174.2801502340008,7785.419293373619,60,0,Model_1
15878,6272.60595703125,1201.75318991713,7792.064422635216,111,0,Model_1
15879,5667.8603515625,1152.4745923327864,7794.492491397308,11,0,Model_1
15880,2491.36474609375,1294.0587549623451,7792.72646262651,33,1,Model_1
15881,3933.100341796875,1260.3216564676259,7800.708389821433,97,0,Model_1
15882,3371.51416015625,1286.024528737471,7807.024972022249,43,1,Model_1
15883,6072.3134765625,1181.1246748128906,7811.479434268898,22,0,Model_1
15884,1970.3636474609375,1274.4043958295952,7816.434135911317,42,0,Model_1
15885,3895.072265625,1214.8648804796394,7821.2001879510935,13,0,Model_1
15886,2662.09423828125,1288.8909524749615,7824.317498988006,34,1,Model_1
15887,4063.627197265625,1345.338946735952,7744.01741784552,56,0,Model_1
15888,2595.05126953125,1310.5449494294007,7748.283937042346,5,0,Model_1
15889,3364.82568359375,1387.465294630034,7757.968303254369,71,0,Model_1
15890,3471.0009765625,1314.1404077893822,7763.9422073380265,37,0,Model_1
15891,4794.4873046875,1400.9370719066355,7784.682005507115,89,0,Model_1
15892,5111.04248046875,1321.0021944351029,7797.33848615177,86,0,Model_1
15893,3826.521240234375,1305.2963604692486,7800.76738698181,54,0,Model_1
15894,8242.7080078125,1546.3778104271041,7803.42473213363,127,0,Model_1
15895,2301.673828125,1478.9913047371665,7817.568506462034,36,0,Model_1
15896,4243.107421875,1308.3595717686112,7821.971390352905,47,0,Model_1
15897,4168.697265625,1336.0003987413365,7824.450330917956,39,0,Model_1
15898,1950.1744384765625,1324.067016860703,7821.256712176604,8,0,Model_1
15899,2326.744384765625,1505.4448467532638,7823.4600971422915,44,0,Model_1
15900,3873.93359375,1352.4852122430457,7832.81167697662,31,0,Model_1
15901,6340.9326171875,1425.4998422025237,7834.214537598513,127,0,Model_1
15902,3334.567138671875,1395.5305925752036,7830.462035577424,75,0,Model_1
15903,2438.32958984375,1381.101806313498,7831.049887522735,25,0,Model_1
15904,3894.146728515625,1316.6648124427302,7840.392988723237,28,0,Model_1
15905,2133.36572265625,1849.0253423808608,7600.084130005183,42,0,Model_1
15906,2985.175048828125,1814.8107751175994,7617.92105591789,18,0,Model_1
15907,2179.27783203125,1828.845986255561,7629.401126119104,72,0,Model_1
15908,3818.029052734375,1847.4326290145982,7633.666585486702,46,0,Model_1
15909,3728.2080078125,1816.6568956249394,7659.116618022876,72,0,Model_1
15910,3573.24072265625,1837.8236419729656,7665.757861243968,55,0,Model_1
15911,2680.169677734375,1839.8900264530675,7705.55126927988,11,0,Model_1
15912,4178.4267578125,1794.5055209848797,7724.401745211275,99,0,Model_1
15913,1852.2308349609375,1780.0345001996611,7728.296264348959,71,0,Model_1
15914,4468.77001953125,1766.1656953859492,7750.01499144861,203,1,Model_1
15915,1766.32763671875,1807.5893620795687,7753.567539021955,0,0,Model_1
15916,2986.8115234375,1735.4083748675766,7766.485444209597,99,0,Model_1
15917,1651.0538330078125,1748.0727477382752,7766.007107951213,36,0,Model_1
15918,4116.53369140625,1667.0424195056548,7779.524523205677,134,0,Model_1
15919,2173.56591796875,1774.2848509796313,7793.261676386814,0,0,Model_1
15920,2670.170654296875,1763.3507126076147,7798.16727260832,0,0,Model_1
15921,3374.904541015625,1739.328014842642,7813.851685358299,0,0,Model_1
15922,1809.6956787109375,1750.6407678804826,7815.2658508252935,1,0,Model_1
15923,4083.479736328125,1682.2079507797025,7817.456164563831,70,0,Model_1
15924,3437.477783203125,1650.7469133368577,7818.763993831584,35,0,Model_1
15927,1141.1094970703125,1863.9673874296714,7686.216098114732,4,0,Model_1
15941,2870.39794921875,2627.399555092212,7559.57675034579,6,9,Model_1
15942,2643.615966796875,2546.3677308137994,7562.094198039471,22,1,Model_1
15943,8913.892578125,2571.7395166418282,7581.41629797747,33,0,Model_1
15944,5231.96630859375,2509.8144987362903,7576.36126583477,40,0,Model_1
15945,2684.41162109375,2630.0289131118916,7576.239385473513,3,2,Model_1
15946,3744.304443359375,2530.3678663095925,7585.120401130465,33,0,Model_1
15947,4986.91259765625,2617.5479784713825,7589.687911828136,7,0,Model_1
15948,3860.852783203125,2554.444076481741,7587.858999856457,29,1,Model_1
15949,2098.455810546875,2638.87928985653,7590.761165560019,7,12,Model_1
15950,4033.624267578125,2545.532937261858,7600.197531732614,28,0,Model_1
15951,3555.559814453125,2592.6222444502637,7599.31469398542,20,0,Model_1
15952,3343.0732421875,2517.545372906723,7598.429736579768,24,0,Model_1
15953,2579.36572265625,2564.1695249342592,7610.311835334927,8,0,Model_1
15954,3635.276123046875,2533.973336668336,7614.781135190773,37,0,Model_1
15955,4988.1279296875,2620.848715810338,7613.968952725467,1,3,Model_1
15956,6521.837890625,2579.525859587011,7621.987973943382,25,2,Model_1
15957,1839.5401611328125,2517.351807597326,7623.43817360414,16,0,Model_1
15958,2957.0419921875,2695.007245398476,7626.422652711102,3,44,Model_1
15959,5744.26171875,2534.6739464207785,7636.784956352843,55,0,Model_1
15960,5091.88134765625,2620.1248598078964,7638.630119039357,16,0,Model_1
15961,6290.68896484375,2602.9067537072115,7646.46049065463,53,2,Model_1
15962,6323.33349609375,2574.7688942902023,7655.225984925695,50,0,Model_1
15963,2117.666015625,2585.7945216164226,7642.635213693196,8,0,Model_1
15964,2701.311279296875,2547.977476086002,7645.37875828892,34,0,Model_1
15965,3156.074951171875,2559.533624266158,7652.39518105684,27,1,Model_1
15966,2594.92919921875,2534.6744067425607,7658.856606585527,20,0,Model_1
15967,4129.31884765625,2597.845515712397,7667.988801769592,17,1,Model_1
15968,7504.19873046875,2622.6315420726314,7676.213783134212,19,1,Model_1
15969,3607.8408203125,2544.11836842529,7673.48825563537,39,0,Model_1
15970,4961.40966796875,2663.442290313309,7672.864722772705,11,0,Model_1
15971,5387.8212890625,2561.95859941456,7674.885817111121,56,1,Model_1
15972,2038.951416015625,2592.7131580022397,7679.645156899118,14,0,Model_1
15973,4296.18505859375,2653.2406389771495,7691.112862426002,7,0,Model_1
15974,3563.685546875,2581.985358869075,7688.869910502457,23,1,Model_1
15975,2616.935302734375,2681.687604470877,7690.166081648698,5,0,Model_1
15976,3871.13232421875,2596.3908988807816,7699.205365137081,47,0,Model_1
15977,4983.65283203125,2625.3520438051783,7701.264260051306,31,1,Model_1
15978,4390.9130859375,2577.4551020499784,7711.010802911391,24,0,Model_1
15979,4498.19140625,2550.5338731032098,7711.891874276538,115,1,Model_1
15980,1961.293212890625,2613.510265959194,7709.947794195381,14,0,Model_1
15981,8081.68359375,2652.8802070217207,7724.692491696245,40,0,Model_1
15982,3270.028076171875,2606.392540402594,7719.762519402488,16,0,Model_1
15983,5823.39794921875,2676.3022999414243,7726.896936491161,10,0,Model_1
15984,4861.5927734375,2622.568477988476,7729.694532377529,35,1,Model_1
15985,4258.2314453125,2569.049626307795,7730.087022468419,40,0,Model_1
15986,2019.2879638671875,2598.7120714673074,7742.450636969646,31,0,Model_1
15987,4637.50634765625,2571.571729352232,7752.852154292836,44,0,Model_1
15988,4533.892578125,2704.636026276741,7761.769204143551,13,0,Model_1
15989,4675.3076171875,2607.6006549198646,7759.046502855985,28,0,Model_1
15990,3982.90966796875,2591.8288798587164,7763.399928049534,37,0,Model_1
15991,3628.857421875,2627.0699646961875,7763.2734550949535,23,0,Model_1
15992,2201.58984375,2646.0586985319387,7768.636897543096,19,0,Model_1
15993,2757.185302734375,2588.781549660838,7782.758415457705,62,0,Model_1
15994,2839.40087890625,2608.649958422291,7780.162187124719,69,0,Model_1
15995,4426.27099609375,2620.7064763796516,7789.842667296238,26,0,Model_1
15996,5612.23193359375,2639.537780165905,7789.859624563891,56,0,Model_1
15997,5252.1806640625,2704.2843404351734,7790.893311337917,8,0,Model_1
15998,2981.433837890625,2657.9518022566335,7794.138508435048,20,0,Model_1
15999,4622.42138671875,2679.976358245709,7797.5942582722055,30,0,Model_1
16000,2484.6494140625,2604.3546958729858,7796.815637065796,23,1,Model_1
16001,2150.546630859375,2630.020857480704,7807.822316878359,16,0,Model_1
16002,2033.4046630859375,2651.4789875168353,7807.356698570715,32,0,Model_1
16003,2503.894775390625,2666.62679640227,7811.387935678853,20,1,Model_1
16004,3460.405517578125,2704.429802118335,7813.223913178721,32,0,Model_1
16005,4505.56884765625,2619.8102298697922,7818.7954354320245,103,1,Model_1
16006,2687.119140625,2683.0485458198236,7817.116665934358,23,0,Model_1
16007,3840.212158203125,2644.900759088923,7821.832199447585,61,2,Model_1
16008,2464.949462890625,2664.514149583061,7826.425852599554,24,0,Model_1
16009,4947.125,2682.967989507946,7834.653660175449,24,1,Model_1
16010,4917.03271484375,2705.169078900479,7835.168737180415,73,0,Model_1
16011,2529.760009765625,2634.1315309953643,7840.607427503768,43,0,Model_1
16012,2500.3896484375,2819.9040529421763,7631.545867200824,0,0,Model_1
16013,3054.51416015625,2710.731377155171,7699.157319545397,4,21,Model_1
16014,3622.127685546875,2711.6987433803733,7739.691194935498,4,0,Model_1
16015,1882.84765625,2717.753355781082,7754.6559836394445,4,0,Model_1
16016,6827.23876953125,2759.187149553909,7769.297171152342,1,0,Model_1
16017,3602.64892578125,2724.898010161938,7767.116749153269,10,0,Model_1
16018,4483.46142578125,2722.1429842957295,7795.424787841825,20,0,Model_1
16019,1456.26171875,2757.6586510762572,7793.383203471662,9,1,Model_1
16020,3471.429931640625,2743.7168852600735,7802.8877519912785,18,0,Model_1
16021,2833.591796875,2766.7886733035557,7808.661701627192,2,0,Model_1
16022,4201.69970703125,2730.9434161270037,7817.0106830115255,13,1,Model_1
16023,1445.0843505859375,2782.718799057766,7816.41965157853,3,0,Model_1
16024,3817.0693359375,2765.442462251638,7822.835504450399,8,0,Model_1
16025,1368.374267578125,2714.864836598048,7822.760609851597,20,0,Model_1
16026,3118.29736328125,2799.3078754431335,7827.115448150784,7,0,Model_1
16027,3432.139404296875,2728.646410434041,7833.630924970115,39,0,Model_1
16028,3128.348876953125,3211.0298044834053,7561.094779077161,4,0,Model_1
16029,8460.92578125,3125.907100526965,7570.104740623559,0,1,Model_1
16030,7719.21337890625,3184.3748716876144,7581.590816523734,12,0,Model_1
16031,5304.076171875,3255.738557575387,7581.279226730607,5,0,Model_1
16032,1738.462158203125,3230.3327079354785,7577.739043831592,0,0,Model_1
16033,4619.8134765625,3212.784320956096,7583.451523372263,1,0,Model_1
16034,2987.70947265625,3262.334278231021,7605.913544037379,7,0,Model_1
16035,3251.403076171875,3185.1647838657955,7603.6801305768895,2,0,Model_1
16036,2131.10693359375,3244.1895443828544,7605.932974239899,0,0,Model_1
16037,2079.930419921875,3236.363153442624,7616.843209592684,2,1,Model_1
16038,5162.99267578125,3268.4471213371726,7624.743883213436,6,0,Model_1
16039,4045.010986328125,3248.4436081326567,7628.373445044039,11,0,Model_1
16040,8916.1064453125,3152.05706032773,7642.693504300754,5,1,Model_1
16041,5915.76171875,3196.0488622440025,7637.061571781436,7,0,Model_1
16042,5450.6962890625,3226.4996084554587,7641.736478507577,5,0,Model_1
16043,4256.787109375,3252.1735955334734,7644.182211090141,6,0,Model_1
16044,6698.30517578125,3208.270405560266,7658.931501184328,26,0,Model_1
16045,11606.310546875,3181.40096281399,7674.100483652932,10,0,Model_1
16046,3937.634521484375,3256.0094569441862,7666.561565075448,8,1,Model_1
16047,5249.94482421875,3234.537056932808,7671.75472829424,8,0,Model_1
16048,2806.8115234375,3273.7972112502903,7677.4106836094,2,0,Model_1
16049,4308.5693359375,3247.907103095553,7688.254856273619,8,0,Model_1
16050,3725.6328125,3162.705684114364,7689.7654662003915,1,0,Model_1
16051,5145.26806640625,3264.288574357168,7697.499040079478,17,0,Model_1
16052,2323.208251953125,3207.0919817979448,7695.23877761187,7,0,Model_1
16053,9332.7373046875,3119.240029995097,7718.152285528253,10,3,Model_1
16054,1787.1160888671875,3196.5158586920006,7705.433274959127,3,0,Model_1
16055,2571.39794921875,3249.26390154846,7711.081458193279,2,0,Model_1
16056,3988.149658203125,3256.1606726496248,7729.988105073775,4,0,Model_1
16057,3723.606201171875,3212.6982407828327,7728.6357629784325,6,0,Model_1
16058,4887.7236328125,3150.3582427906804,7736.054567576706,3,0,Model_1
16059,4316.1650390625,3170.1131822328316,7738.166453952348,9,0,Model_1
16060,4597.7470703125,3227.7325803489657,7743.747867945116,9,0,Model_1
16061,2130.420166015625,3206.6208424539072,7742.851605694363,4,0,Model_1
16062,7542.93310546875,3245.051266759052,7759.899312108377,6,0,Model_1
16063,3427.84765625,3162.1668774683494,7758.78401848377,1,0,Model_1
16064,5609.36328125,3206.6924224910326,7759.11291882096,7,1,Model_1
16065,3583.562744140625,3215.7349835797213,7773.344305698905,5,0,Model_1
16066,1969.2225341796875,3227.641896957881,7775.178163540317,1,0,Model_1
16067,2485.989501953125,3146.4275550928432,7774.055097834702,4,0,Model_1
16068,2689.47021484375,3197.5053203627467,7777.994483076385,1,0,Model_1
16069,3205.2841796875,3065.082712002564,7780.249093121442,0,1,Model_1
16070,4170.8779296875,3248.0378344816854,7784.869242004119,3,0,Model_1
16071,3677.165283203125,3156.903328050277,7785.976056994899,3,0,Model_1
16072,4668.4599609375,3197.7481401028344,7800.578384102759,11,0,Model_1
16073,4124.072265625,3172.612269188161,7810.30796969519,6,0,Model_1
16074,7806.916015625,3208.0239032459212,7821.197361739818,19,0,Model_1
16075,3604.9853515625,3159.162587357103,7822.011663863581,3,0,Model_1
16076,1670.0343017578125,3177.9612082968233,7825.272405122727,1,0,Model_1
16077,2061.521484375,3329.860031260061,7561.7914401565795,2,0,Model_1
16078,4161.56005859375,3307.780236657127,7568.614620728535,8,0,Model_1
16079,3493.78173828125,3277.2650453961687,7573.348877891462,1,0,Model_1
16080,1198.755615234375,3292.2259636380477,7576.463009440689,1,0,Model_1
16081,3128.794677734375,3281.058327042032,7588.84994018494,5,0,Model_1
16082,3789.0244140625,3298.2276390338084,7592.093724176433,8,0,Model_1
16083,4892.001953125,3319.161002238281,7596.361656478897,4,1,Model_1
16084,950.1370239257812,3307.7680381298997,7593.717029277817,2,0,Model_1
16085,1165.7498779296875,3272.707629591925,7599.374750975025,2,0,Model_1
16086,2470.07958984375,3279.529598403489,7609.339265379735,1,0,Model_1
16087,2703.0478515625,3294.302245036466,7611.480120420951,0,0,Model_1
16088,6032.47412109375,3317.3303025106434,7619.7181730127195,5,1,Model_1
16089,7292.740234375,3274.453399950755,7651.72430915531,4,0,Model_1
16090,8398.6484375,3307.8877217932604,7654.202896443952,10,3,Model_1
16091,4241.05126953125,3289.42421511095,7670.410864832724,5,1,Model_1
16092,5603.32275390625,3308.3547182412585,7682.550502090366,5,1,Model_1
16093,5309.10009765625,3290.3639620292233,7694.399392863037,10,1,Model_1
16094,4280.50830078125,3833.2893371896353,7571.473333433736,7,1,Model_1
16095,2988.03466796875,3799.890690285247,7570.3488546224835,1,0,Model_1
16096,4050.08935546875,3816.5032430815045,7593.546043495648,7,0,Model_1
16097,2289.604736328125,3826.7615139968693,7607.891538653843,1,0,Model_1
16098,5208.36865234375,3813.3684517450165,7620.934856966836,1,2,Model_1
16099,3927.522705078125,3827.1873116453644,7636.595953473792,2,0,Model_1
16100,5014.59765625,3968.8895468120463,7561.132226376561,0,17,Model_1
16101,3289.8720703125,3878.051027286565,7570.048922950868,0,0,Model_1
16102,6914.51171875,3888.4119499593507,7594.847160511621,2,0,Model_1
16103,3422.888916015625,3835.584501595469,7592.295091729815,5,0,Model_1
16104,4549.54833984375,4094.0289439349435,7607.306512919808,2,12,Model_1
16105,5092.2333984375,3919.7663078291807,7627.725536109123,2,1,Model_1
16106,3735.90087890625,3862.7711060496513,7638.7025407032925,10,0,Model_1
16107,8623.5537109375,3938.764248100575,7657.543478171632,1,1,Model_1
16108,4413.0458984375,3868.978545282036,7657.851181924256,24,0,Model_1
16109,7082.3564453125,3944.4156186201144,7692.096030673478,3,1,Model_1
16110,4735.005859375,3904.6300069883,7683.797214539285,15,0,Model_1
16111,7313.541015625,3974.9897310691886,7695.438378783205,0,1,Model_1
16112,3933.31201171875,3913.1938334235456,7701.240943808283,1,0,Model_1
16113,4888.55126953125,3938.3808000560384,7721.685756175488,19,0,Model_1
16114,5407.3193359375,3918.7052661213093,7726.110543203744,7,1,Model_1
16115,5977.9208984375,3965.610214435961,7744.899195763486,25,1,Model_1
16116,9542.2490234375,4107.2608935630415,7753.19730534486,4,8,Model_1
16117,6666.13916015625,3989.1027365883347,7760.183699617977,19,0,Model_1
16118,5742.412109375,3932.870288001839,7768.415039957967,1,1,Model_1
16119,3645.918701171875,3978.2764285937883,7783.431760294101,9,0,Model_1
16120,3696.1474609375,4034.6110686159227,7788.891647202021,11,1,Model_1
16121,6131.73095703125,3955.5604692879133,7790.23974998045,3,1,Model_1
16122,8058.5439453125,4007.396384533029,7798.969916610571,27,0,Model_1
16123,3563.13623046875,4104.636599082965,7800.980059380294,5,0,Model_1
16124,4234.73828125,4074.164217747748,7805.292151233938,20,1,Model_1
16125,3061.57373046875,4045.2537082193885,7805.748231078527,17,0,Model_1
16126,4733.42578125,4091.080582920229,7814.813303744799,36,3,Model_1
16127,7479.7646484375,3981.2119005986024,7819.745748973422,1,3,Model_1
16128,4863.2216796875,4002.5372278005816,7824.773932109005,3,0,Model_1
16129,2685.7841796875,4042.8618762393016,7822.629191027285,21,1,Model_1
16130,4659.09814453125,4019.7380718344357,7834.046378027619,3,0,Model_1
16131,4397.71630859375,4137.6320041061845,7562.678517220687,0,10,Model_1
16132,3953.929931640625,4368.934032882564,7590.730077235989,2,10,Model_1
16133,4465.7724609375,4290.672885410953,7606.351606785087,2,2,Model_1
16134,10927.0615234375,4348.388490779558,7641.9392591665965,3,4,Model_1
16135,8313.470703125,4198.659624697408,7660.500048442249,9,2,Model_1
16136,6076.34619140625,4367.298969912343,7680.8632539588725,2,0,Model_1
16137,7468.62109375,4239.771423383616,7686.404394440964,3,1,Model_1
16138,4809.68505859375,4168.516373436432,7689.391699759202,2,8,Model_1
16139,8900.619140625,4221.2457732607145,7708.0026542849955,1,1,Model_1
16140,5862.9130859375,4273.260293357307,7700.487758503354,5,1,Model_1
16141,5720.58544921875,4386.428562213434,7710.933435377723,3,0,Model_1
16142,4003.5732421875,4183.217670193175,7705.925388997479,2,2,Model_1
16143,6092.0029296875,4125.3216186859645,7714.6089231415535,1,4,Model_1
16144,3904.212158203125,4198.640291182557,7713.676273420628,1,2,Model_1
16145,4907.5517578125,4394.268762807129,7729.78885717885,14,2,Model_1
16146,3683.59765625,4396.981899391161,7748.81915080265,13,0,Model_1
16147,2105.089599609375,4372.670925110113,7752.638775341533,23,2,Model_1
16148,1607.861328125,4385.211471421411,7757.906479882717,15,1,Model_1
16149,2781.755126953125,4362.214255506638,7763.226469332498,21,0,Model_1
16150,2632.336181640625,4395.519457089249,7767.570709339401,48,1,Model_1
16151,1723.087158203125,4376.840980134672,7768.346504334535,28,0,Model_1
16152,5412.64404296875,4281.141462589614,7787.678142735589,23,1,Model_1
16153,2106.07861328125,4364.296751249116,7780.311976322322,18,0,Model_1
16154,3587.4189453125,4384.776927659055,7786.9648776649265,61,0,Model_1
16155,1605.6866455078125,4374.15362157044,7787.751977505162,27,1,Model_1
16156,6311.3935546875,4303.126430905424,7794.490725015261,70,0,Model_1
16157,5920.53369140625,4363.90271580359,7806.2724932701385,44,2,Model_1
16158,3367.845458984375,4230.713671676116,7805.684994601237,19,0,Model_1
16159,4582.92431640625,4248.8342386307195,7805.75282367185,21,0,Model_1
16160,3179.586181640625,4215.163081231294,7805.5556954353815,21,2,Model_1
16161,2796.419921875,4267.515937837772,7807.535103157483,57,0,Model_1
16162,7415.13232421875,4319.607331671985,7812.651252119016,53,1,Model_1
16163,1994.54541015625,4158.112180516124,7807.00554181973,27,0,Model_1
16164,4459.70361328125,4289.076029148651,7812.785497154604,77,2,Model_1
16165,3870.518310546875,4196.101616553962,7814.352984583296,32,0,Model_1
16166,2041.7237548828125,4212.804852741305,7820.249167856877,14,1,Model_1
16167,2609.88623046875,4254.853866575984,7822.517555681901,25,0,Model_1
16168,3008.684814453125,4227.924121676246,7825.476245610975,7,1,Model_1
16169,4209.5673828125,4243.520283977501,7834.1350504063885,8,0,Model_1
16170,5918.1435546875,4305.709296425106,7834.980794130592,40,0,Model_1
16171,1584.5673828125,4289.351761896163,7829.4039727311465,15,1,Model_1
16172,5129.43603515625,4209.592267023632,7838.803951433569,10,1,Model_1
16173,10939.4599609375,4436.2689825329,7570.087783355906,4,2,Model_1
16174,4480.841796875,4462.2656551802065,7561.455121014791,4,0,Model_1
16175,3338.723388671875,4561.297442106297,7566.838346941862,14,1,Model_1
16176,2684.340087890625,4593.1135027236305,7571.364524299628,39,0,Model_1
16177,3544.09521484375,4514.364414162934,7583.756047637202,11,4,Model_1
16178,5796.73583984375,4418.011239687214,7612.58799524096,3,2,Model_1
16179,6191.6796875,4518.664279930061,7606.342068322032,18,1,Model_1
16180,6029.40869140625,4572.294989803806,7628.322573241079,70,1,Model_1
16181,5397.17333984375,4488.503996763146,7626.3788464363315,22,1,Model_1
16182,5695.880859375,4402.766763227526,7640.383429859416,3,0,Model_1
16183,2110.93603515625,4474.190751268761,7643.515578505525,30,1,Model_1
16184,6255.7626953125,4459.198991467478,7654.247762547951,7,1,Model_1
16185,5035.138671875,4558.437002551975,7654.959967789386,35,0,Model_1
16186,5321.35205078125,4548.934119681129,7677.070125150698,44,1,Model_1
16187,4827.26220703125,4416.9041658011265,7677.674227810843,7,1,Model_1
16188,4179.7021484375,4454.068244883558,7679.936963213317,40,0,Model_1
16189,8906.6630859375,4423.866993078031,7697.210766529373,15,1,Model_1
16190,4533.31298828125,4399.11595117324,7695.389273362292,7,1,Model_1
16191,2608.84814453125,4463.656287284102,7695.085808926582,18,0,Model_1
16192,4577.9736328125,4480.334205773426,7697.448874829337,74,0,Model_1
16193,6105.998046875,4442.8635523840785,7704.1339243252005,72,2,Model_1
16194,6973.173828125,4541.133967082482,7705.793970173167,32,1,Model_1
16195,6867.50927734375,4502.397889113985,7706.201651149662,102,2,Model_1
16196,4590.59765625,4521.227811934892,7723.156799144403,38,1,Model_1
16197,5198.4462890625,4473.174360773759,7723.861938857648,70,1,Model_1
16198,4151.29150390625,4419.043741444591,7728.265176024928,47,0,Model_1
16200,3293.875,4416.475145900156,7753.497590292885,32,1,Model_1
16201,6386.61572265625,4447.6891056264285,7760.064292191586,90,0,Model_1
16202,4597.84423828125,4428.789213894634,7766.183039603115,30,0,Model_1
16203,2755.678466796875,4413.961328647798,7778.085275113612,25,0,Model_1
16204,3429.2568359375,4401.05804877216,7783.181640596216,34,0,Model_1
16222,5590.99755859375,5248.423909227829,7560.343360154278,1,0,Model_1
16223,2488.71240234375,5433.28269243706,7560.414015436167,0,0,Model_1
16224,6796.8955078125,5361.84259313345,7568.68103669351,2,0,Model_1
16225,4249.42431640625,5453.952521421248,7574.651761289482,2,0,Model_1
16226,4744.68603515625,5292.532402715879,7578.581254791701,2,0,Model_1
16227,10703.076171875,5261.3861102915835,7589.969119850051,1,0,Model_1
16228,4841.724609375,5417.622085086303,7579.512844683399,0,0,Model_1
16229,1638.2222900390625,5440.007993674371,7575.092296972056,0,0,Model_1
16230,7279.3271484375,5336.454005560372,7583.473779786058,1,0,Model_1
16231,808.7599487304688,5431.902647734154,7581.276753795741,0,0,Model_1
16232,3605.478271484375,5286.528425711207,7595.650864343101,4,0,Model_1
16233,4989.646484375,5370.264180138009,7601.246762668656,1,0,Model_1
16234,1875.34716796875,5302.775483012432,7598.311742259015,0,1,Model_1
16235,2601.163330078125,5487.001323771197,7599.708597181947,0,3,Model_1
16236,4904.765625,5387.245911003556,7605.917430077883,3,0,Model_1
16237,2547.09423828125,5343.5820883570705,7598.523001551861,0,0,Model_1
16238,3217.87109375,5446.289544713683,7603.968404126994,1,0,Model_1
16239,4018.587158203125,5277.894630365074,7615.576007112017,1,0,Model_1
16240,4921.47705078125,5350.3920888022985,7613.371209040692,4,0,Model_1
16241,2126.6015625,5306.718599398388,7615.03584748198,3,0,Model_1
16242,863.6305541992188,5296.746648631524,7611.449738649739,1,1,Model_1
16243,4131.26416015625,5497.863997186534,7624.224213615147,0,0,Model_1
16244,4068.440185546875,5286.258216825081,7627.7732284243975,2,1,Model_1
16245,3607.544677734375,5442.143426421797,7624.2916894093505,0,0,Model_1
16246,3389.87451171875,5363.920025336323,7625.7977067428,0,0,Model_1
16247,1354.6009521484375,5301.474613656057,7626.94903456117,1,0,Model_1
16248,4924.0390625,5340.117246302776,7636.722426428372,15,0,Model_1
16249,5638.390625,5371.60693877656,7639.413332839089,7,0,Model_1
16250,6909.611328125,5438.653726991266,7645.927043276373,1,1,Model_1
16251,7734.677734375,5296.919729621615,7646.218849590572,6,1,Model_1
16252,5338.48486328125,5414.425150309224,7646.107567521598,0,0,Model_1
16253,3554.8837890625,5325.053215981694,7647.487818453286,3,0,Model_1
16254,4430.13037109375,5346.446670807432,7653.6606171554595,18,0,Model_1
16255,2594.70703125,5519.9000612201635,7653.586429109477,0,0,Model_1
16256,5487.224609375,5309.88423229428,7664.071319665294,0,0,Model_1
16257,2583.72412109375,5360.080941673135,7660.990396098554,7,0,Model_1
16258,4356.701171875,5368.288018727209,7672.865076049115,8,0,Model_1
16259,6464.12841796875,5417.1396678586025,7672.323503313441,2,0,Model_1
16260,1714.9964599609375,5448.363754664082,7665.450864044164,0,0,Model_1
16261,3319.363037109375,5324.530750758946,7672.204449163459,7,0,Model_1
16262,3688.148681640625,5344.039648208534,7673.648643125256,12,1,Model_1
16263,3928.980224609375,5492.909093523398,7682.663903817796,3,0,Model_1
16264,2407.960205078125,5451.963471000548,7685.956439953792,0,0,Model_1
16265,4958.4453125,5410.625654319301,7698.122926218552,9,0,Model_1
16266,4945.17529296875,5391.145296820207,7699.050630069745,8,0,Model_1
16267,1987.5948486328125,5326.582865263801,7704.468830361351,0,0,Model_1
16268,4067.565673828125,5493.482194142183,7708.771030475531,1,0,Model_1
16269,1736.768310546875,5427.255239021499,7702.3523513923865,19,1,Model_1
16270,8523.705078125,5346.805261475733,7712.71288865208,3,1,Model_1
16271,7363.26513671875,5393.454731201287,7732.250840476248,9,0,Model_1
16272,2479.79833984375,5416.663695135852,7717.562313924485,6,0,Model_1
16273,3502.534423828125,5484.022121197078,7722.029847398284,4,0,Model_1
16274,3337.328369140625,5433.043785432121,7721.402428495116,7,0,Model_1
16275,8331.509765625,5367.36185130151,7734.764755405835,8,0,Model_1
16276,2448.9267578125,5423.77888892265,7734.063855009503,8,0,Model_1
16277,3252.831298828125,5410.5883682549465,7738.091206077137,12,1,Model_1
16278,7581.9326171875,5509.355009834515,7755.757852760493,12,0,Model_1
16279,6275.1455078125,5476.366049316246,7742.835001703119,19,0,Model_1
16280,2898.646728515625,5436.892075530952,7742.530124161771,14,0,Model_1
16281,4814.15576171875,5453.075608426239,7748.565145064262,18,0,Model_1
16282,6742.84619140625,5397.065955582308,7758.416257741541,0,0,Model_1
16283,5280.57177734375,5419.0269871654455,7759.828656826488,3,0,Model_1
16284,2812.635986328125,5465.459645331604,7762.117534683261,17,0,Model_1
16285,2498.7490234375,5437.764385308139,7760.617523048772,12,1,Model_1
16286,3478.291748046875,5450.377662461018,7773.065923888265,0,0,Model_1
16287,4455.77392578125,5489.3968383255415,7776.613878868287,11,0,Model_1
16288,4443.74853515625,5432.662638996495,7781.172910932131,2,0,Model_1
16289,6646.88232421875,5459.741528153652,7788.977493369515,1,0,Model_1
16290,5814.94287109375,5482.454265207052,7794.347294793028,7,0,Model_1
16291,8068.36962890625,5497.532565503381,7809.707399799139,8,0,Model_1
16292,4617.20166015625,5516.220248893602,7822.175937393971,4,0,Model_1
16293,2849.71142578125,5737.95633071498,7562.007998595567,2,0,Model_1
16294,3049.8369140625,5624.06811859156,7558.035758647806,2,2,Model_1
16295,3138.93408203125,5724.662237646291,7560.878573914582,0,0,Model_1
16296,2958.888916015625,5673.1204680199735,7566.45362893198,0,1,Model_1
16297,1759.6456298828125,5775.939322247868,7562.910266545281,0,0,Model_1
16298,3499.390380859375,5631.810730967438,7571.823430355493,1,6,Model_1
16299,1423.1226806640625,5790.3957278165035,7565.5817427534785,0,2,Model_1
16300,1378.5736083984375,5801.527689474402,7565.181127305172,0,0,Model_1
16301,7363.51220703125,5563.597027034964,7580.572320635314,1,8,Model_1
16302,2302.451904296875,5758.581048164517,7571.621709525702,0,0,Model_1
16303,4537.65869140625,5685.900381657993,7581.218816464592,1,1,Model_1
16304,4807.38037109375,5711.412795790471,7578.905562535569,0,0,Model_1
16305,3643.73486328125,5771.819902619347,7581.6678307809925,2,1,Model_1
16306,3736.10888671875,5786.595771504799,7583.78254336791,3,1,Model_1
16307,3352.869873046875,5727.062815740239,7584.731090527261,0,0,Model_1
16308,2175.10302734375,5799.625179548748,7584.122041997383,0,1,Model_1
16309,3317.597900390625,5741.029899254441,7588.841814827523,0,0,Model_1
16310,2397.39697265625,5666.72337621334,7585.5460992038425,0,0,Model_1
16311,4492.97021484375,5756.856222446775,7593.306522090046,0,0,Model_1
16312,3493.861083984375,5596.669305795804,7592.783673004073,0,7,Model_1
16313,6067.10986328125,5668.76582396077,7603.09793105413,0,0,Model_1
16314,1762.9835205078125,5705.008338835323,7594.686066468916,1,0,Model_1
16315,1773.2747802734375,5649.173608268611,7598.085998633382,0,1,Model_1
16316,4432.43408203125,5774.399085564772,7606.907310577139,2,0,Model_1
16317,6714.41064453125,5689.726576311281,7610.6647584679595,2,0,Model_1
16318,2377.7724609375,5725.563087373972,7604.013270230993,0,1,Model_1
16319,2497.26708984375,5788.803474772023,7607.625168241124,0,0,Model_1
16320,7309.7724609375,5603.10322334501,7611.212336902594,2,0,Model_1
16321,6134.0693359375,5737.967838759534,7616.9622637426655,4,0,Model_1
16322,6886.046875,5711.2908105182,7616.796930383047,0,0,Model_1
16323,3052.01123046875,5518.868019784568,7609.444541749748,1,9,Model_1
16324,4708.70068359375,5652.418416511035,7619.150811099156,0,1,Model_1
16325,3086.5439453125,5754.761298016179,7614.9054884868965,0,0,Model_1
16326,5561.3828125,5639.111434432445,7630.023599152541,1,0,Model_1
16327,4246.798828125,5586.71852983092,7627.185729755496,1,1,Model_1
16328,2512.365478515625,5670.942225346807,7625.199609781615,0,1,Model_1
16329,2761.865234375,5793.559059103485,7624.44359826541,2,1,Model_1
16330,2229.1953125,5763.016248535598,7625.702322112251,0,0,Model_1
16331,6204.8505859375,5564.1765721587,7633.045172282495,2,1,Model_1
16332,1223.4974365234375,5514.770235279808,7626.160168338887,0,0,Model_1
16333,1630.8094482421875,5547.3329378277995,7629.200465118542,0,0,Model_1
16334,5174.8466796875,5684.506987623405,7637.584774143819,1,0,Model_1
16335,3741.755859375,5719.805382522754,7639.30487698139,1,0,Model_1
16336,3713.642578125,5703.022510667099,7642.672307716188,1,0,Model_1
16337,1507.112548828125,5789.845643286826,7636.680033259239,2,0,Model_1
16338,7922.1123046875,5765.165490936488,7646.364752747671,3,0,Model_1
16339,3917.11083984375,5656.340358095011,7646.709903799696,0,0,Model_1
16340,3167.7099609375,5735.182431655703,7645.928456382011,4,0,Model_1
16341,3475.172607421875,5800.626379424939,7647.331670280313,4,0,Model_1
16342,1787.3604736328125,5589.850559236715,7654.014953394129,0,1,Model_1
16343,4404.24658203125,5573.888441118645,7658.585643579485,1,0,Model_1
16344,3146.840576171875,5691.403068241896,7657.935968262522,0,0,Model_1
16345,4299.45068359375,5716.042251953622,7660.4724928823125,1,0,Model_1
16346,1695.70556640625,5783.8089834356215,7657.128731666948,0,0,Model_1
16347,5676.23974609375,5743.253713784041,7665.470294246683,2,0,Model_1
16348,5230.857421875,5621.118376611499,7665.318738667032,0,0,Model_1
16349,2986.14990234375,5780.740018113982,7669.39484187917,2,0,Model_1
16350,4409.82666015625,5527.248638150515,7672.262033218198,0,0,Model_1
16351,4403.06640625,5756.741142001236,7678.771504338569,1,0,Model_1
16352,3733.445556640625,5722.012625468196,7677.168335992523,0,0,Model_1
16353,3100.607666015625,5581.599751613336,7677.260187858978,1,0,Model_1
16354,4214.87353515625,5684.691116336267,7677.706729240512,0,1,Model_1
16355,3184.64599609375,5701.754324157257,7679.8104902587365,0,1,Model_1
16356,3476.849365234375,5777.408669376513,7682.167550462531,2,0,Model_1
16357,4718.3251953125,5731.955575962784,7690.026537466969,3,0,Model_1
16358,2745.697021484375,5798.054561628029,7688.872383437323,1,0,Model_1
16359,5978.7080078125,5581.699181118282,7696.690037101856,1,1,Model_1
16360,1974.5789794921875,5705.418485543225,7692.181876840972,1,0,Model_1
16361,997.3336181640625,5761.8972062831745,7693.279153368698,0,0,Model_1
16362,2951.51611328125,5529.145163893001,7697.373980230535,0,0,Model_1
16363,1660.2811279296875,5784.123383212835,7696.28942165355,0,0,Model_1
16364,2895.443603515625,5691.886406113161,7698.729501813563,2,0,Model_1
16365,3822.62451171875,5665.631032624282,7700.891906715755,3,0,Model_1
16366,3783.390380859375,5745.540132076014,7702.135439676989,0,1,Model_1
16367,2764.305419921875,5771.167626654031,7701.106345496286,7,0,Model_1
16368,3715.0771484375,5541.09465703601,7708.879839609639,0,0,Model_1
16369,1250.9268798828125,5759.814250218915,7707.000762387819,0,0,Model_1
16370,4527.1484375,5706.027951582801,7713.646244925825,3,1,Model_1
16371,2351.526611328125,5646.598568219226,7710.182016454841,0,0,Model_1
16372,2817.788330078125,5686.159542821348,7712.139874315966,3,0,Model_1
16373,4642.0146484375,5724.05369225028,7715.1232935937005,2,0,Model_1
16374,2151.806884765625,5780.670969846658,7711.357720345462,2,0,Model_1
16375,3424.34130859375,5523.730859091273,7716.185242480482,1,0,Model_1
16376,2765.62841796875,5675.698270000052,7719.53324301276,1,0,Model_1
16377,3818.20654296875,5609.16243896354,7719.462587730872,2,0,Model_1
16378,3068.7041015625,5756.914683313109,7717.4280688888975,2,0,Model_1
16379,4729.111328125,5629.602567378432,7718.710462255171,3,0,Model_1
16380,697.0220947265625,5665.110869010445,7714.322769249906,0,0,Model_1
16381,4686.1494140625,5577.188948296709,7723.0366851651925,4,0,Model_1
16382,2084.482666015625,5782.158729846589,7724.48052585058,5,0,Model_1
16383,2523.2685546875,5661.21700705518,7726.439090264525,0,0,Model_1
16384,3236.407958984375,5793.244659326272,7729.722794490284,15,0,Model_1
16385,4007.586181640625,5552.37852488202,7730.296162102808,0,0,Model_1
16386,2225.599609375,5766.890776976012,7729.242338573444,0,0,Model_1
16387,3297.25830078125,5598.5267041868065,7733.613074311055,4,0,Model_1
16388,2740.3759765625,5649.018479828024,7733.147102727002,4,0,Model_1
16389,4673.37353515625,5689.881704751868,7733.219171114528,3,0,Model_1
16390,6548.7646484375,5625.509846413275,7740.389622396964,7,1,Model_1
16391,6293.86376953125,5718.245352003025,7736.728265689511,3,1,Model_1
16392,3234.62890625,5584.154997826088,7740.075206392561,3,0,Model_1
16393,1607.0902099609375,5753.900035961764,7738.280208956188,5,0,Model_1
16394,6961.26904296875,5555.609063149197,7748.405817403604,4,0,Model_1
16395,2959.068603515625,5769.725898832316,7742.60007289084,2,0,Model_1
16396,4407.705078125,5607.894252453698,7752.224382113258,12,0,Model_1
16397,3643.461181640625,5786.481611702824,7749.018751973985,12,0,Model_1
16398,2493.829833984375,5694.083061657613,7748.1913786230725,6,0,Model_1
16399,4743.8623046875,5730.008875146043,7749.444450047362,7,0,Model_1
16400,6251.078125,5675.325869678287,7758.583004206797,2,0,Model_1
16401,4062.2939453125,5531.065626368159,7753.778798314801,18,0,Model_1
16402,1856.7174072265625,5803.559549820842,7750.608849092881,19,0,Model_1
16403,2650.0810546875,5637.2604805463925,7756.874206214328,2,0,Model_1
16404,3419.80224609375,5595.517580696847,7762.437603110215,2,0,Model_1
16405,4191.2099609375,5750.110206729267,7762.727996318776,17,0,Model_1
16406,2242.637451171875,5766.793188758194,7755.565670393757,1,0,Model_1
16407,3621.66552734375,5704.502905518515,7759.5167137569515,3,0,Model_1
16408,2021.924072265625,5797.692288385471,7760.939004581363,17,0,Model_1
16409,5260.923828125,5583.040098469704,7774.380112131388,15,0,Model_1
16410,2938.483642578125,5773.873398089549,7767.844851833128,10,1,Model_1
16411,3677.7255859375,5646.701219976647,7771.263860923704,17,0,Model_1
16412,8035.37158203125,5790.556380118476,7779.407941990561,42,1,Model_1
16413,4371.06494140625,5547.212333520874,7774.607268862659,10,0,Model_1
16414,4115.4921875,5605.773089681519,7778.156990224728,3,0,Model_1
16415,1424.3206787109375,5757.624959822977,7775.242813123245,4,0,Model_1
16416,3156.822265625,5699.542938315775,7774.496693346504,5,0,Model_1
16417,5160.62158203125,5681.473927400773,7782.1186318802065,4,0,Model_1
16418,2859.947509765625,5723.715355740394,7776.032385898347,22,1,Model_1
16419,4863.3427734375,5628.217459135922,7788.165310904209,6,0,Model_1
16420,4429.396484375,5741.921542546479,7784.518085253134,21,1,Model_1
16421,2904.333740234375,5765.227174055297,7786.357242240687,13,0,Model_1
16422,2552.3017578125,5708.154177894583,7789.043202781671,14,0,Model_1
16423,3833.983154296875,5611.6504781960975,7793.617779007531,6,0,Model_1
16424,6142.55908203125,5644.9331240113825,7796.032776542474,19,0,Model_1
16425,4079.513671875,5575.026816885918,7796.561278050998,14,0,Model_1
16426,6164.60546875,5561.984980153851,7809.766750235925,3,0,Model_1
16427,3699.501220703125,5753.1883784865495,7800.7702131930855,11,0,Model_1
16428,1176.6466064453125,5676.952646856429,7798.527261269541,5,0,Model_1
16429,10932.3515625,5727.341310418444,7812.134408732003,52,1,Model_1
16430,2773.458740234375,5520.239318373613,7804.162020000134,3,0,Model_1
16431,11648.8349609375,5667.579574728152,7817.281646017567,17,0,Model_1
16432,4741.39892578125,5625.669578071684,7819.885646431561,20,1,Model_1
16433,3333.8486328125,5642.454291214468,7820.016711979464,8,0,Model_1
16434,2104.25830078125,5526.263549536699,7834.033660076879,1,0,Model_1
16435,2428.093017578125,5646.050785298459,7837.028737476125,9,0,Model_1
16436,4537.27734375,5906.425356870517,7566.850711616193,2,0,Model_1
16437,4570.61181640625,5849.680570140481,7574.57721996709,0,2,Model_1
16438,2822.42041015625,5877.936041772831,7570.769960102538,1,0,Model_1
16439,2242.884765625,5925.428821003297,7566.575862569647,3,1,Model_1
16440,1818.926513671875,5837.5962027153,7570.199771977699,0,0,Model_1
16441,1782.4346923828125,5807.657334325602,7574.658826817671,2,0,Model_1
16442,5396.1083984375,5939.050663180882,7579.51178485417,14,0,Model_1
16443,1948.057373046875,5860.448877590476,7577.123989602755,0,0,Model_1
16444,1899.6256103515625,5914.286271944409,7580.875431794615,3,0,Model_1
16445,2083.837158203125,5923.763837117236,7586.699546680669,0,0,Model_1
16446,2298.423828125,5827.160247592023,7584.379227223457,0,0,Model_1
16447,2872.59716796875,5864.499709273456,7590.24856148992,0,0,Model_1
16448,3235.8681640625,5880.175046921242,7592.809462181962,2,1,Model_1
16449,1788.5894775390625,5813.123655488715,7590.529416235426,1,1,Model_1
16450,4713.21923828125,5894.7677077373955,7596.766864520527,5,0,Model_1
16451,4440.166015625,5915.910747513641,7604.524461195455,22,2,Model_1
16452,3045.40087890625,5932.659555557417,7603.64798242363,10,0,Model_1
16453,6262.1875,5826.889578384114,7605.172370130371,1,0,Model_1
16454,757.7325439453125,5868.075028555468,7600.113451947167,1,0,Model_1
16455,3512.077880859375,5802.8824164792895,7604.422364313126,0,1,Model_1
16456,1486.657470703125,5900.536920633167,7609.445954855386,2,0,Model_1
16457,3262.744873046875,5868.097584322793,7613.785955545376,1,0,Model_1
16458,2259.056640625,5884.982647614088,7615.861807727255,2,0,Model_1
16459,4700.8896484375,5903.304375187494,7625.732350607053,10,0,Model_1
16460,2503.075439453125,5835.392182022333,7620.662480855157,0,0,Model_1
16461,2130.833740234375,5806.0084617019165,7623.730333194748,1,0,Model_1
16462,4372.892578125,5921.678579444066,7629.574231559731,8,0,Model_1
16463,2170.662353515625,5815.339184226235,7627.707165735832,1,0,Model_1
16464,2131.96240234375,5864.331231501186,7629.442459459009,1,1,Model_1
16465,2502.381591796875,5870.616465114756,7637.857856808318,13,0,Model_1
16466,1896.744140625,5881.590996723156,7636.44545772337,4,0,Model_1
16467,5547.09033203125,5833.530180413509,7642.331749257486,5,0,Model_1
16468,1895.2576904296875,5892.014983480098,7639.463851365639,6,0,Model_1
16469,1617.2818603515625,5815.033070241101,7643.351304975135,1,0,Model_1
16470,3766.30810546875,5908.298866523895,7647.738997980399,2,0,Model_1
16471,2637.3115234375,5869.877648654394,7656.647569197288,9,0,Model_1
16472,3759.873046875,5886.446931203129,7656.858121937315,27,0,Model_1
16473,2466.658935546875,5856.8440977144055,7660.112857497501,2,0,Model_1
16474,2546.0029296875,5819.974164250772,7657.3237402449595,5,0,Model_1
16475,5295.0517578125,5801.253798014019,7668.62929189991,8,0,Model_1
16476,4408.62548828125,5902.613892514259,7666.053553598671,12,0,Model_1
16477,2611.183349609375,5823.7372948199045,7669.519548451703,5,1,Model_1
16478,4389.0439453125,5869.671424495988,7677.497942882532,9,0,Model_1
16479,3765.76708984375,5884.7465025398415,7681.12432522545,8,1,Model_1
16480,5269.41796875,5853.681226749206,7687.006024166243,14,0,Model_1
16481,2298.602294921875,5837.808411056874,7690.510879424313,10,0,Model_1
16482,3356.537353515625,5810.96704793931,7695.46664089596,2,0,Model_1
16483,2872.6572265625,5824.949322072323,7697.831826457172,9,0,Model_1
16484,3788.853271484375,5874.295817119535,7701.457148970861,15,0,Model_1
16485,2394.7041015625,5835.944107839139,7708.484170031064,11,0,Model_1
16486,3668.079345703125,5845.342957987217,7714.3792934754165,3,0,Model_1
16487,3181.725341796875,5812.648603409529,7718.575157390354,18,1,Model_1
16488,957.7507934570312,5826.388748285128,7717.060661423078,4,0,Model_1
16489,3920.94580078125,5852.9930456848815,7726.390691396431,14,0,Model_1
16490,4351.94189453125,5814.566303953994,7734.810328062653,19,1,Model_1
16491,1749.994873046875,5833.713388482807,7731.081142284587,15,0,Model_1
16492,6184.810546875,5830.8989811067,7749.623207910539,25,1,Model_1
16493,5342.43994140625,5816.752372097457,7768.344384676078,22,0,Model_1
16505,8328.595703125,6765.791345865233,7568.536546642048,5,0,Model_1
16506,2666.0009765625,6786.993767151376,7561.091599589476,3,0,Model_1
16507,4786.37646484375,6805.315034403,7562.393423158268,3,1,Model_1
16508,16142.5439453125,6840.06288445089,7570.5000569257245,10,1,Model_1
16509,4460.4482421875,6713.499712055782,7567.819395530882,8,0,Model_1
16510,3581.149658203125,6782.062800220912,7580.148742220394,7,1,Model_1
16511,4718.630859375,6800.399718413129,7586.651147812576,6,0,Model_1
16512,5998.37255859375,6724.540069679031,7595.325496770005,14,0,Model_1
16513,3192.10498046875,6768.881946310634,7597.386511342687,8,0,Model_1
16514,3316.044921875,6784.378218785161,7599.949531693186,0,0,Model_1
16515,7436.2978515625,6796.114582943032,7616.188588405988,13,1,Model_1
16516,2827.171630859375,6731.729835594539,7619.308725654177,10,0,Model_1
16517,7394.16357421875,6878.565118954051,7628.014869488456,1,0,Model_1
16518,4276.66943359375,6819.525167818181,7623.592555395066,2,0,Model_1
16519,3377.681884765625,6785.53684871085,7631.585080882272,7,0,Model_1
16520,5275.84423828125,6746.106605494861,7642.081982836011,14,0,Model_1
16521,2305.4716796875,6924.990411971696,7638.039440882771,0,0,Model_1
16522,4244.5029296875,6855.500235737301,7650.627385903994,2,0,Model_1
16523,3889.6962890625,6787.798409626586,7660.5813020164205,11,0,Model_1
16524,6869.6337890625,6764.640081088059,7661.348618377728,31,3,Model_1
16525,4291.95166015625,6804.98636465054,7660.534669530374,5,0,Model_1
16526,4991.1044921875,6833.570966357132,7662.382658428163,7,0,Model_1
16527,3865.922607421875,6813.801526778843,7678.471925943362,6,0,Model_1
16528,4887.1708984375,6896.984895067057,7682.5360177575785,0,1,Model_1
16529,2034.1165771484375,6827.937548387097,7682.017054712109,2,0,Model_1
16530,4705.2978515625,6919.238691303646,7686.785226410342,1,1,Model_1
16531,4961.0498046875,6790.9249151709955,7697.464418991352,10,1,Model_1
16532,1886.2762451171875,6811.285868239356,7693.627483908407,2,0,Model_1
16533,4700.82177734375,6814.260007273871,7706.989104266308,5,0,Model_1
16534,3180.310791015625,6909.576537096174,7703.4019356048375,1,0,Model_1
16535,4216.552734375,6838.698030366795,7705.5555085967935,1,1,Model_1
16536,3960.611328125,6796.15048804204,7718.819624665688,14,1,Model_1
16537,5180.08251953125,6812.007652793778,7734.23625389731,14,0,Model_1
16538,4060.6044921875,6860.136136405403,7730.39613932668,3,2,Model_1
16539,3610.41162109375,6838.445313708391,7731.222806124773,3,0,Model_1
16540,6437.69677734375,6875.588217988843,7746.546523660712,5,0,Model_1
16541,3725.23974609375,6839.385290787555,7754.591687332926,18,2,Model_1
16542,5354.6845703125,6821.511456308188,7754.773271407379,16,0,Model_1
16543,2565.458251953125,6907.203117987374,7751.823060112132,2,0,Model_1
16544,2277.640869140625,6852.934402123559,7758.105374501232,3,0,Model_1
16545,4857.5693359375,6894.1842973444145,7767.576715038362,5,1,Model_1
16546,2579.941650390625,6875.888347790809,7765.5118144251755,9,0,Model_1
16547,6137.58544921875,6914.939746180084,7773.396237331093,4,0,Model_1
16548,994.9263916015625,6832.741926827468,7768.09638463665,9,1,Model_1
16549,7854.94482421875,6860.500250935089,7787.426256655657,31,1,Model_1
16550,2884.041748046875,6880.014211924281,7787.628330761858,9,0,Model_1
16551,1866.611572265625,6918.262348803692,7792.088445431058,2,0,Model_1
16552,2494.980224609375,6905.199797591427,7795.409950232628,4,1,Model_1
16553,7261.75537109375,6894.158519324614,7809.456573548436,8,0,Model_1
16554,3511.77587890625,6923.038647615351,7810.6827959656075,16,2,Model_1
16555,3223.933349609375,6914.571028432576,7824.759447776218,7,0,Model_1
16556,6122.7294921875,7192.1040944345295,7568.696580855525,1,1,Model_1
16557,6480.23193359375,7115.422771319281,7573.219932002015,0,2,Model_1
16558,1264.4581298828125,7072.9507217668,7582.439739735622,0,0,Model_1
16559,3510.294189453125,7120.249705526978,7596.041588051943,0,1,Model_1
16560,5486.65380859375,7078.093897038838,7602.87642674541,1,0,Model_1
16561,2220.500732421875,7155.2811137926765,7602.761611912341,0,0,Model_1
16562,2479.5322265625,7184.8890108210035,7608.243048681237,0,0,Model_1
16563,2461.59423828125,6984.513240657048,7606.881874675659,4,2,Model_1
16564,9730.7607421875,7165.321192183299,7625.549000150553,1,1,Model_1
16565,3042.37890625,6930.059935758589,7622.080179086246,11,0,Model_1
16566,4653.7861328125,6984.616813058034,7628.499917998619,4,1,Model_1
16567,3293.46142578125,7192.963054880034,7625.530983053672,2,0,Model_1
16568,4442.48779296875,7107.444474190939,7630.489217460185,1,1,Model_1
16569,1327.2176513671875,7181.612900697393,7629.896066368732,0,0,Model_1
16570,3948.2265625,7011.187046645908,7633.335212214646,3,0,Model_1
16571,2832.784423828125,7203.1817381221335,7637.361503453052,1,0,Model_1
16572,6009.474609375,6993.9038050130475,7649.578508244362,3,1,Model_1
16573,8609.658203125,6961.93537788582,7657.211398346757,2,0,Model_1
16574,2156.418701171875,6938.595682565123,7643.313151122915,1,0,Model_1
16575,2972.0068359375,7009.93681268557,7657.684788735409,0,0,Model_1
16576,2760.257568359375,7203.902602032991,7653.026839276921,1,0,Model_1
16577,4184.99853515625,6941.3184859065805,7659.394293280697,1,2,Model_1
16578,1869.562744140625,6978.374389370205,7671.2986484496505,2,0,Model_1
16579,1729.4130859375,6990.647028404288,7666.761519523192,0,1,Model_1
16580,1587.635498046875,6928.02623412502,7669.994351945992,3,0,Model_1
16581,2851.715087890625,7129.499871739419,7676.012768857239,0,0,Model_1
16582,4615.005859375,6941.826681154082,7684.023311441328,0,0,Model_1
16583,4215.00830078125,6994.883369765477,7684.2271519295755,0,0,Model_1
16584,3692.563720703125,6973.308087835787,7685.041100776929,4,0,Model_1
16585,6064.6591796875,7155.591830995632,7687.728827699961,2,0,Model_1
16586,4800.23583984375,7136.300665749004,7698.512943374575,4,0,Model_1
16587,3613.431396484375,7052.342115579639,7694.3965666517615,0,0,Model_1
16588,2925.693603515625,7118.1207172845025,7694.833216293831,6,0,Model_1
16589,3282.35791015625,6930.24590575858,7702.466459672636,4,2,Model_1
16590,3135.008544921875,7040.682625159388,7706.5026426505065,1,0,Model_1
16591,2520.554931640625,7076.342832979513,7702.6395651132625,2,0,Model_1
16592,5148.05517578125,7067.170000826474,7715.754598537373,3,1,Model_1
16593,3188.971923828125,7179.055813197512,7719.555499426555,3,0,Model_1
16594,6147.3427734375,6986.570418701507,7728.414258669713,2,0,Model_1
16595,3052.961669921875,7138.454971689498,7732.322202310956,1,0,Model_1
16596,3721.373779296875,7069.104733276879,7734.896527506557,2,0,Model_1
16597,8199.177734375,7010.701867487514,7741.513041378988,1,0,Model_1
16598,8121.45556640625,7113.414387383731,7754.964393944887,5,0,Model_1
16599,4022.303955078125,6927.019510387443,7749.209521235083,1,0,Model_1
16600,3203.986572265625,7063.35945711378,7751.093544326635,4,0,Model_1
16601,4282.9599609375,7182.69419656368,7759.2870840908145,1,0,Model_1
16602,3112.5166015625,7197.220571043203,7761.302172730269,5,0,Model_1
16603,2382.902587890625,6958.037373034516,7759.641420329484,0,0,Model_1
16604,4712.8076171875,6987.4284585034475,7765.62309649415,1,2,Model_1
16605,3197.431640625,7027.545962140197,7764.802435395017,0,0,Model_1
16606,2657.7607421875,6931.7907456594985,7764.913717463991,1,1,Model_1
16607,4146.234375,7006.926308230264,7767.873467222293,1,0,Model_1
16608,7452.2080078125,7083.764601073228,7772.236784155306,4,0,Model_1
16609,1732.8074951171875,6962.977546400623,7770.819792477036,0,0,Model_1
16610,5322.36962890625,7162.572610822041,7781.839190240338,3,0,Model_1
16611,3916.062255859375,6945.453556475695,7778.049594196258,2,0,Model_1
16612,3692.870361328125,7042.33057713951,7779.808557438868,2,0,Model_1
16613,3721.459716796875,7059.62026327732,7778.814790899109,2,0,Model_1
16614,5608.49658203125,6961.928473059088,7787.119966008671,1,0,Model_1
16615,6123.24267578125,7131.5289701551665,7787.458051532507,5,0,Model_1
16616,778.8907470703125,7174.325546564069,7781.7180164319,0,0,Model_1
16617,4918.91259765625,7100.216501567513,7787.812034494767,3,0,Model_1
16618,1902.6085205078125,6985.237326820381,7782.633355608763,0,0,Model_1
16619,1280.5146484375,6931.33226516447,7784.1121706586855,1,0,Model_1
16620,4713.20263671875,6998.396545606898,7789.26541364321,3,1,Model_1
16621,3204.943359375,7145.859707877273,7796.746748165955,3,0,Model_1
16622,2054.5068359375,7047.237147015519,7795.93986484679,1,0,Model_1
16623,3491.08056640625,7062.206811371259,7795.697163953504,0,0,Model_1
16624,3191.713623046875,7110.892284339294,7798.980514902854,1,0,Model_1
16625,3780.434814453125,7021.235871150391,7795.7702921702585,1,0,Model_1
16626,1181.62451171875,7171.752808123594,7793.289938499569,2,0,Model_1
16627,4991.2578125,6968.870125534013,7800.731706064456,6,0,Model_1
16628,3918.204833984375,7002.810110854218,7805.975034533389,5,0,Model_1
16629,4878.73046875,7029.815808848012,7809.057017929357,3,0,Model_1
16630,2275.0927734375,7166.554394237697,7805.133176849689,7,0,Model_1
16631,1309.3834228515625,7151.321886144346,7808.337747159734,1,0,Model_1
16632,6048.19580078125,6988.298466671724,7817.971241568797,12,1,Model_1
16633,6609.6748046875,7085.610951741459,7823.760382090317,11,0,Model_1
16634,3954.876708984375,6961.161576970015,7818.180381203187,11,1,Model_1
16635,2918.94970703125,6938.824002169073,7818.39976585345,2,0,Model_1
16636,3521.33984375,7168.594080054434,7821.611401691684,2,0,Model_1
16637,3904.7001953125,7104.779211072251,7824.742843784974,6,0,Model_1
16638,3171.322021484375,7134.226916120388,7823.69502595457,8,0,Model_1
16639,2042.7161865234375,7011.644606497372,7823.278866344248,6,0,Model_1
16640,3693.555908203125,7042.7816924860235,7825.345180063072,6,0,Model_1
16641,2929.33935546875,7021.9940211256035,7829.315300352377,9,0,Model_1
16642,2569.363037109375,7062.1221121633425,7826.274650296313,3,0,Model_1
16643,1107.0084228515625,6975.472060533706,7826.165487885795,4,0,Model_1
16644,3256.471435546875,6951.166610114044,7831.999847787723,2,0,Model_1
16645,944.027587890625,7005.28848332935,7833.34335797283,0,0,Model_1
16646,2432.732177734375,7043.034409144428,7840.180669601163,16,0,Model_1
16647,4016.132080078125,7211.944883889053,7562.531907510769,0,0,Model_1
16648,5618.47216796875,7351.898356605321,7561.520477150538,21,0,Model_1
16649,5152.8525390625,7328.717472299468,7563.635896290274,34,0,Model_1
16650,4100.474609375,7364.391489773057,7574.036353784235,14,0,Model_1
16651,2609.693359375,7238.418910224456,7575.314154557185,0,0,Model_1
16652,8419.98828125,7255.984329109779,7580.4295969659,0,0,Model_1
16653,3773.461181640625,7204.846261686413,7585.375113421673,0,0,Model_1
16654,3210.93310546875,7284.532105073798,7585.883478174859,0,0,Model_1
16655,3892.321533203125,7221.78103973018,7586.923877200665,1,0,Model_1
16656,4410.7744140625,7346.569211333292,7588.137381667097,14,0,Model_1
16657,4393.73291015625,7365.483373040333,7597.090818987985,15,0,Model_1
16658,1574.529052734375,7293.00110522192,7596.9417363432,2,0,Model_1
16659,1884.42578125,7326.5884840569925,7593.178636029828,6,0,Model_1
16660,4182.693359375,7228.487928096205,7602.5425805384875,3,0,Model_1
16661,3898.121826171875,7311.9065208151005,7604.473589392495,0,0,Model_1
16662,3100.444580078125,7331.233591160737,7605.614318918582,2,0,Model_1
16663,4620.18212890625,7205.57357010222,7607.5336696510785,1,0,Model_1
16664,3121.823486328125,7347.288694278803,7608.662387779244,3,0,Model_1
16665,1752.0009765625,7291.289628835861,7608.587139904033,0,0,Model_1
16666,3724.284423828125,7243.123859159881,7613.445750363084,1,0,Model_1
16667,4459.14306640625,7293.066010593204,7622.1345836533,0,0,Model_1
16668,11824.296875,7311.448040320072,7640.461857222312,2,0,Model_1
16669,5437.38232421875,7333.124593041837,7628.471302609454,1,0,Model_1
16670,6590.81494140625,7223.040480126161,7626.501433350408,1,0,Model_1
16671,6269.607421875,7280.896483638324,7643.724011587095,2,0,Model_1
16672,3089.8857421875,7343.537992397789,7644.5464390682755,0,0,Model_1
16673,3083.898193359375,7219.181142304558,7647.315066289069,1,0,Model_1
16674,4155.119140625,7232.797000298975,7654.464674263349,7,0,Model_1
16675,5144.53271484375,7290.2207616576925,7664.559547663142,0,0,Model_1
16676,6756.310546875,7264.886031733127,7676.709783213068,2,0,Model_1
16677,2529.57763671875,7299.771517993882,7678.538341908337,0,0,Model_1
16678,2185.6171875,7309.555657473626,7682.498217181768,0,0,Model_1
16679,3596.19970703125,7245.190243639983,7690.169261136383,0,0,Model_1
16680,7771.408203125,7328.213880269788,7693.928828685661,0,0,Model_1
16681,1359.09912109375,7229.899274680298,7691.606036293582,2,0,Model_1
16682,3912.202392578125,7277.844550222624,7701.487884018483,1,0,Model_1
16683,4470.25537109375,7310.382855716161,7706.51924664175,1,0,Model_1
16684,3042.94970703125,7222.232155076694,7710.42930994145,0,0,Model_1
16685,2725.806884765625,7253.536798194051,7709.721697293338,0,0,Model_1
16686,4788.25537109375,7293.070153489243,7716.082085768925,0,0,Model_1
16687,6190.298828125,7271.170344703132,7723.149380339804,7,1,Model_1
16688,5994.69287109375,7207.518889953615,7729.547569391201,2,0,Model_1
16689,10329.30859375,7236.293604556238,7729.6037403403025,13,1,Model_1
16690,1532.70947265625,7197.1432369838,7723.8167194772395,1,0,Model_1
16691,7299.23291015625,7308.337646038039,7735.510875182576,1,0,Model_1
16692,5696.17236328125,7260.8154062135145,7747.089156225615,8,0,Model_1
16693,3014.835205078125,7211.838089235593,7751.120393333753,8,0,Model_1
16694,2498.150390625,7225.55015448248,7752.499584436213,5,0,Model_1
16695,6354.52587890625,7281.434139479883,7758.371038361132,0,0,Model_1
16696,6736.79443359375,7244.487792600412,7761.593979044468,5,1,Model_1
16697,2292.343994140625,7217.484396215528,7766.4677803891245,6,0,Model_1
16698,3388.481201171875,7325.912731680786,7581.061255185981,4,0,Model_1
16699,7384.85400390625,7359.704033065354,7625.388259384257,0,0,Model_1
16700,2686.237060546875,7326.883089997573,7654.521905041678,0,0,Model_1
16701,9753.693359375,7349.781336729182,7664.19425985578,1,0,Model_1
16702,2850.59716796875,7324.117476730375,7671.570318008511,0,0,Model_1
16708,2936.74169921875,1287.0516217139084,7838.1309598735825,9,0,Model_1
16709,3485.807861328125,1298.2268536193296,7848.988557041361,37,0,Model_1
16710,2436.611572265625,1311.0231086806161,7890.496415492293,1,0,Model_1
16712,2057.170654296875,1366.3504495629459,7838.135199190496,17,0,Model_1
16713,984.0385131835938,1544.0500782551826,7837.686891426914,9,0,Model_1
16714,3829.832763671875,1559.1283785515116,7841.32740482621,42,0,Model_1
16715,7324.14501953125,1336.712056216551,7858.340843428508,33,0,Model_1
16716,4205.5576171875,1404.536788243102,7847.830870247621,99,0,Model_1
16717,3921.401123046875,1384.6635461029364,7851.714791093022,61,0,Model_1
16718,1670.5238037109375,1516.7009802118992,7850.244807953335,39,0,Model_1
16719,1713.4969482421875,1368.1005929787061,7852.118232752604,31,0,Model_1
16720,2882.968505859375,1588.4435109263868,7856.026529670256,31,0,Model_1
16721,3656.721923828125,1320.6088494722499,7861.248308278213,20,1,Model_1
16722,4525.41552734375,1417.7812816397636,7861.020798270532,111,1,Model_1
16723,3190.996337890625,1519.9488956263522,7862.045299857913,80,0,Model_1
16724,3074.3330078125,1462.7601285374258,7859.192592851672,60,0,Model_1
16725,2040.5252685546875,1444.503766657086,7858.483213821513,22,0,Model_1
16726,4192.84375,1481.511106172693,7869.471523260785,93,0,Model_1
16727,1540.883544921875,1371.8401320565026,7865.750816116546,10,0,Model_1
16728,4997.76025390625,1499.3712460790412,7870.322919407539,110,0,Model_1
16729,2108.204833984375,1568.789381954528,7864.916377237445,35,0,Model_1
16730,4774.52490234375,1386.276973949396,7873.2558201587235,56,0,Model_1
16731,4151.072265625,1442.34900039481,7872.819170516654,63,0,Model_1
16732,2045.82958984375,1584.9815458832309,7869.155340874335,40,0,Model_1
16733,4492.0390625,1454.8301651962101,7886.267696871277,81,2,Model_1
16734,3073.44921875,1418.592828941706,7878.023991856957,77,2,Model_1
16735,8593.470703125,1572.680136737763,7890.226512315479,50,1,Model_1
16736,4844.70849609375,1326.205326619267,7890.213794364739,5,0,Model_1
16737,3318.263427734375,1343.7752336419653,7890.288688963541,2,0,Model_1
16738,1420.297607421875,1358.8198153677513,7885.999206800101,3,0,Model_1
16739,4210.50146484375,1371.1806060231174,7897.876006409118,9,0,Model_1
16740,4462.32568359375,1402.3103268632549,7898.433829859627,36,0,Model_1
16741,2572.847900390625,1433.6199184397701,7902.290195145091,11,0,Model_1
16742,2753.215576171875,1386.8951861028327,7901.320098124765,19,0,Model_1
16743,2477.0029296875,1356.8666700460599,7900.660177791928,3,0,Model_1
16744,3252.337158203125,1527.933982500981,7904.572360750084,5,0,Model_1
16745,2684.93359375,1427.3812924066442,7915.58963885493,18,1,Model_1
16746,3618.07958984375,1601.8884744591778,7846.335451206454,36,1,Model_1
16747,9014.3251953125,1679.7409712686785,7851.2537653787,82,0,Model_1
16748,2679.66796875,1616.879313616897,7847.098174974439,71,0,Model_1
16749,2099.41357421875,1655.4508265482727,7850.835132833512,41,0,Model_1
16750,5846.671875,1650.6778650695342,7867.510132635565,17,0,Model_1
16751,2512.426025390625,1613.9388931529247,7861.278336773015,18,0,Model_1
16752,6091.45654296875,1630.737876270956,7878.824869477161,8,0,Model_1
16753,7693.2783203125,1605.2580299045658,7885.663947487541,34,1,Model_1
16754,1688.1624755859375,1595.6373046574881,7874.474270494888,40,1,Model_1
16768,1893.978515625,2613.0006897463463,7840.424430323677,0,0,Model_1
16769,5330.5224609375,2699.178681388381,7858.008057050814,24,0,Model_1
16770,4901.9462890625,2651.697870524251,7865.377756228176,55,0,Model_1
16771,3241.5205078125,2687.619541116641,7873.746874367847,62,0,Model_1
16772,3076.75048828125,2705.8280295316363,7887.384050325112,20,0,Model_1
16773,3495.691162109375,2682.5700413272716,7890.459674745711,21,0,Model_1
16774,1852.9908447265625,2695.920753975166,7894.727960324584,28,0,Model_1
16775,6054.92724609375,2820.5671464693733,7845.736647692451,2,0,Model_1
16776,5919.49365234375,2748.3424286880763,7845.828852835315,84,1,Model_1
16777,4100.23095703125,2719.8565660037566,7851.191235454229,43,0,Model_1
16778,7216.9765625,2764.8509487615665,7860.558712726983,41,1,Model_1
16779,5886.806640625,2734.3329955699155,7868.056297964562,43,0,Model_1
16780,6990.705078125,2849.545553460601,7866.945950209687,12,0,Model_1
16781,2965.701416015625,2794.0620484136743,7868.782987538783,34,0,Model_1
16782,7468.44580078125,2814.0110134870047,7876.729940369172,91,1,Model_1
16783,4177.568359375,2719.1462894938886,7881.7772004308645,90,0,Model_1
16784,6321.291015625,2760.61092482612,7883.199491255276,72,1,Model_1
16785,3422.806884765625,2782.5885279934155,7882.445599397528,52,0,Model_1
16786,3426.76806640625,2835.8599567161873,7885.146397547709,31,0,Model_1
16787,4370.9921875,2736.376824282692,7891.502899982792,79,1,Model_1
16788,2338.749267578125,2798.630742101581,7892.40234172123,48,0,Model_1
16789,5519.0751953125,2893.5007597951917,7894.837476011511,25,0,Model_1
16790,4288.576171875,2780.2871492435224,7901.981784839649,47,0,Model_1
16791,2569.529296875,2844.409973497968,7902.671380390879,35,0,Model_1
16792,5539.66064453125,2915.3296790268505,7912.580077122897,44,0,Model_1
16793,5684.94287109375,2863.0732598337345,7904.2007139673515,39,0,Model_1
16794,4198.00927734375,2715.3267695064424,7907.203210171196,92,0,Model_1
16795,5168.853515625,2824.5047389939427,7909.23772901317,71,0,Model_1
16796,4062.660888671875,2769.9517744296463,7915.417239967122,51,1,Model_1
16797,5505.3056640625,2801.1806946138386,7911.322766381694,58,0,Model_1
16798,2778.77294921875,2898.4130836934783,7913.22339346449,18,0,Model_1
16799,5137.78662109375,2730.6812628720654,7921.373833506717,58,0,Model_1
16800,10690.3203125,2984.186222328106,7928.796877421904,48,0,Model_1
16801,2651.98583984375,2963.3000421063043,7919.597912996454,22,0,Model_1
16802,2847.9423828125,2941.824880164233,7921.1823576928,31,0,Model_1
16803,5937.080078125,2842.0250463446137,7929.67900861628,57,1,Model_1
16804,4107.8466796875,2872.053447320941,7923.052249727974,45,0,Model_1
16805,10575.5107421875,2790.9719082900556,7937.244422924472,100,0,Model_1
16806,7175.7978515625,2819.1650063209236,7935.191886985616,115,0,Model_1
16807,4329.81787109375,2952.5984813147224,7934.920923979575,33,1,Model_1
16808,5840.98388671875,2896.069355339627,7936.385961249529,44,1,Model_1
16809,4067.710205078125,2762.2029477097094,7938.520104038966,82,0,Model_1
16810,5727.68505859375,2866.7104923954466,7939.019283605507,100,0,Model_1
16811,5829.609375,2934.745361315552,7945.288526767457,75,0,Model_1
16812,4069.585693359375,2961.2343481088756,7949.520778152568,53,0,Model_1
16813,2990.811279296875,2852.2474121609703,7951.672584762477,18,0,Model_1
16814,2201.064208984375,2908.5613377029076,7955.207821791759,17,1,Model_1
16815,4815.6416015625,2876.0506515162997,7958.243172701681,71,0,Model_1
16816,4084.41455078125,2826.3124226324726,7961.874854190741,67,0,Model_1
16817,4219.431640625,2971.470753739588,7963.269589455216,29,0,Model_1
16818,2761.573486328125,2922.9788460809505,7964.461544060672,55,0,Model_1
16819,4320.0439453125,2983.40597690735,7973.1048046940705,35,0,Model_1
16820,4694.5830078125,2855.874517643475,7971.533077948465,109,0,Model_1
16821,2092.968994140625,2907.723552059382,7971.286137738265,16,0,Model_1
16822,5248.37255859375,2888.719857765711,7981.815187845263,46,1,Model_1
16823,1757.8638916015625,2876.3342097341083,7975.073967400298,9,0,Model_1
16824,8578.4716796875,3052.3159175353358,7855.086814421142,3,2,Model_1
16825,3981.700439453125,3163.383738099481,7839.9517464878445,19,0,Model_1
16826,5770.59521484375,3134.7602392022964,7841.548555858521,14,0,Model_1
16827,6666.564453125,3197.391851043445,7847.023280375637,9,2,Model_1
16828,7611.33837890625,3017.330771608744,7864.1056078777765,8,0,Model_1
16829,6120.22802734375,3076.497311234707,7864.2871919522295,20,0,Model_1
16830,3463.357421875,3143.9100552662276,7865.733505572483,9,0,Model_1
16831,5248.2138671875,3127.350669635809,7869.871432156273,17,0,Model_1
16832,6789.92529296875,3179.254482343793,7868.859648519632,11,1,Model_1
16833,2949.095458984375,3158.326182678924,7872.844959694543,2,0,Model_1
16834,5371.14990234375,3092.418460714165,7879.947228629957,26,1,Model_1
16835,3361.895751953125,3056.799221532652,7880.908140463638,22,1,Model_1
16836,2244.533935546875,3115.4149861462647,7886.856961922225,16,0,Model_1
16837,2785.422119140625,3135.290529895341,7887.807275463623,6,0,Model_1
16838,7666.00634765625,3006.943380433484,7903.93610993668,89,0,Model_1
16839,3441.221923828125,3040.7362929442897,7893.033999941312,10,0,Model_1
16840,5977.93603515625,3067.6434820767026,7896.862103114021,25,0,Model_1
16841,3434.432373046875,3101.63732504542,7895.340188342147,25,0,Model_1
16842,3786.569091796875,3084.3011464076117,7905.085671373003,45,0,Model_1
16843,3507.3837890625,3127.0180871482007,7904.5271413696755,25,0,Model_1
16844,3515.71728515625,3030.4188706799177,7908.506093569216,11,0,Model_1
16845,3377.306640625,3050.136063735932,7909.608669243084,11,0,Model_1
16846,3858.216552734375,3116.3185978046386,7913.73564425818,18,0,Model_1
16847,8470.5888671875,3074.632777856081,7928.591977104428,86,2,Model_1
16848,1586.6158447265625,3095.5695934739197,7918.460716234462,10,0,Model_1
16849,4728.7490234375,3039.8278479072032,7926.398130601796,47,0,Model_1
16850,3511.0458984375,3104.5309077680577,7930.255202440079,23,1,Model_1
16851,3810.95458984375,3013.3314959653653,7931.331635659648,51,0,Model_1
16852,4604.73974609375,3000.95597501297,7949.372402060602,41,0,Model_1
16853,7165.16552734375,3041.7860567684984,7948.695524460112,28,0,Model_1
16854,6795.7998046875,3022.2378018065356,7960.229999228381,13,0,Model_1
16855,4614.68701171875,3004.3029746910324,7972.2216136704665,7,0,Model_1
16865,5488.46044921875,4102.787946805824,7839.890276392602,8,0,Model_1
16866,3336.9462890625,4077.786950173322,7845.487234547385,10,0,Model_1
16867,2401.92626953125,4091.4663325736765,7859.208843566506,5,2,Model_1
16868,3732.7939453125,4073.8396908913273,7861.730177300691,2,0,Model_1
16869,4676.48583984375,4264.912357837893,7845.399268721434,28,1,Model_1
16870,1980.198486328125,4279.430446525337,7840.708111280459,31,1,Model_1
16871,5930.283203125,4230.876625587,7850.957013194769,33,1,Model_1
16872,2297.269775390625,4288.3017679110635,7848.324044115201,17,0,Model_1
16873,3659.2421875,4341.232328354148,7849.488443160721,6,1,Model_1
16874,2855.0517578125,4115.035268141888,7849.713833509944,10,0,Model_1
16875,2524.3310546875,4212.608295340324,7859.301048709371,7,0,Model_1
16876,4146.21826171875,4292.556522143539,7863.786599280051,17,0,Model_1
16877,6612.203125,4119.105433339719,7869.999318216491,2,1,Model_1
16878,8505.8154296875,4265.940256377449,7870.692799808225,8,2,Model_1
16879,6263.546875,4208.964848434553,7876.0477636225405,22,0,Model_1
16880,8867.130859375,4161.377242916962,7877.19944471732,4,0,Model_1
16881,4887.771484375,4233.138646824518,7878.589234112063,8,2,Model_1
16920,2676.08251953125,5627.683025546838,7837.733170636551,8,0,Model_1
16922,3229.202880859375,6966.250434271758,7842.581889356137,8,2,Model_1
16923,3030.439453125,7023.400304170093,7842.925980578933,5,0,Model_1
16924,4011.287109375,7064.484483549371,7842.095427740336,9,2,Model_1
16925,4435.884765625,7103.11422718619,7845.5628356990055,8,0,Model_1
16926,4734.42333984375,7005.085941745201,7852.665811187238,6,0,Model_1
16927,7963.02685546875,7081.6765814693645,7857.044672282267,8,1,Model_1
16928,4631.44677734375,7030.231019095518,7859.171396267106,0,0,Model_1
16929,2891.5771484375,7053.240203376627,7857.158427286107,3,0,Model_1
17017,4889.56103515625,1373.0275320935762,8625.794629258948,2,0,Model_1
17018,6584.0498046875,1354.2704551946954,8636.310608138796,1,0,Model_1
17019,1920.18017578125,1391.2650207808474,8630.534538844426,3,0,Model_1
17020,4807.03125,1332.2200061053736,8647.875111401867,7,0,Model_1
17021,2408.578125,1406.682578230626,8654.24397851128,15,0,Model_1
17022,6240.7744140625,1343.9940015689353,8663.799045557447,7,0,Model_1
17023,4692.63427734375,1318.335665431514,8669.08017460219,7,0,Model_1
17024,3231.21337890625,1396.9634592026123,8668.1938040909,8,0,Model_1
17025,2627.36474609375,1359.7617488144897,8668.944516460964,3,0,Model_1
17026,5587.24755859375,1492.1849325768999,8680.886318929319,4,1,Model_1
17027,3881.318603515625,1381.2935303357663,8682.235834813386,10,0,Model_1
17028,2678.305908203125,1308.7066543923574,8684.440279608301,12,0,Model_1
17029,4307.16650390625,1772.1367593831965,8621.365956190188,10,0,Model_1
17030,6992.130859375,1838.5831729135243,8642.116705927969,4,0,Model_1
17031,4431.671875,1740.929129081429,8639.454768182826,5,0,Model_1
17032,4718.94921875,1719.0846739896224,8645.882632452616,4,0,Model_1
17033,3742.07421875,1791.3723407746293,8649.419635863946,6,0,Model_1
17034,7292.7919921875,1743.556185492198,8664.722863368137,2,0,Model_1
17035,5093.447265625,1865.5170607093023,8663.458840375155,7,0,Model_1
17036,7299.12158203125,1830.2483565649018,8669.465245888481,6,0,Model_1
17037,5315.81640625,1679.975850458024,8668.017872438999,0,0,Model_1
17038,4564.43310546875,1719.7877004314214,8674.212574278557,3,0,Model_1
17039,1949.3914794921875,1737.7851313092979,8683.085111301683,3,0,Model_1
17041,5465.044921875,2651.314192318823,8661.952823041705,1,0,Model_1
17042,2870.337890625,2675.3248066370143,8663.2472278059,1,0,Model_1
17043,2116.02099609375,2663.23123277619,8676.17184524532,12,0,Model_1
17044,2742.748046875,2684.7855700647924,8680.63195991452,4,0,Model_1
17045,5091.55029296875,2820.8141091055004,8518.052389907447,4,3,Model_1
17046,4936.5830078125,2902.105324708158,8525.179388191522,14,0,Model_1
17047,5678.91015625,2964.241860472597,8527.031263129815,11,0,Model_1
17048,6811.9443359375,2987.83243116457,8543.737351255899,2,0,Model_1
17049,5347.29833984375,2959.7995251138927,8547.081112471264,6,0,Model_1
17050,5894.05615234375,2944.7262883571675,8559.9838267733,6,2,Model_1
17051,3541.075927734375,2815.5167260364396,8555.54808817635,4,0,Model_1
17052,7419.41357421875,2918.8168466875795,8566.627542929258,0,0,Model_1
17053,3854.191650390625,2830.2711899590213,8563.492214795464,3,0,Model_1
17054,11217.7841796875,2984.0476654716767,8566.89815265889,3,0,Model_1
17055,6690.66552734375,2873.1734102169285,8571.847201878758,8,2,Model_1
17056,5802.43994140625,2804.4473681409145,8585.33458863842,16,0,Model_1
17057,8001.98583984375,2935.015109879896,8598.386738861649,2,0,Model_1
17058,3672.734619140625,2828.906105714035,8607.9262617458,1,2,Model_1
17059,4267.423828125,2909.38140095782,8618.97957404441,0,0,Model_1
17060,7515.61767578125,2736.799860000494,8628.939849132206,5,0,Model_1
17061,2380.75390625,2970.793160076253,8619.733112625749,2,0,Model_1
17062,3519.1943359375,2965.048804556718,8633.719678951951,5,0,Model_1
17063,6005.03369140625,2859.9732227917993,8636.32085315467,4,0,Model_1
17064,3711.39111328125,2711.9694125882816,8645.211407274677,0,0,Model_1
17065,3703.318359375,2736.366236881702,8651.51739118321,2,1,Model_1
17066,8138.392578125,2847.898982445826,8668.259866779466,7,2,Model_1
17067,9873.9091796875,2716.115530880168,8669.929451090487,22,0,Model_1
17068,6546.24853515625,3078.032714539091,8519.894019829866,6,5,Model_1
17069,4179.2373046875,3174.2422686187783,8564.120340251451,3,8,Model_1
17070,3676.417724609375,3040.0025400235318,8577.715476315992,5,0,Model_1
17071,4651.55810546875,3052.921010517981,8592.828641111904,1,0,Model_1
17072,6986.81591796875,3083.8010067912983,8602.34060843612,1,1,Model_1
17073,5161.0595703125,3104.1663329165895,8604.971457857231,0,0,Model_1
17074,6917.37744140625,3238.012486388092,8614.723299863457,1,15,Model_1
17075,6591.197265625,3047.5393885627855,8622.505979163456,2,1,Model_1
17076,8568.9619140625,3070.2930942547973,8637.968181051896,9,0,Model_1
17077,2504.7880859375,3256.240308317938,8628.756145399297,0,2,Model_1
17078,6601.10302734375,3214.3142003990943,8638.608317905804,0,2,Model_1
17079,4842.29443359375,3013.6258717450546,8678.289384043514,0,3,Model_1
17081,2382.612548828125,3276.2399087873055,8632.033843926096,0,0,Model_1
17083,2080.644287109375,3287.1412492323434,8649.876068984944,1,3,Model_1
17084,1313.2593994140625,3301.147460098029,8662.023478323594,1,2,Model_1
17085,2070.10986328125,3311.0255052213324,8675.04630660484,1,6,Model_1
17086,2158.4853515625,3301.771886595525,8684.04213709486,0,2,Model_1
17090,8551.7041015625,4094.587774578482,8514.339454844216,16,0,Model_1
17091,5351.92626953125,4098.459080766421,8539.474364823167,25,0,Model_1
17092,3741.518798828125,4112.449180369731,8550.812771184195,18,0,Model_1
17093,6424.6083984375,4091.254124232102,8564.008351629658,10,0,Model_1
17094,3905.0673828125,4052.6948098279536,8565.19642019461,8,0,Model_1
17095,8784.509765625,4084.4215680195484,8588.715090600366,20,1,Model_1
17096,5858.5771484375,4111.608632795513,8593.251866250415,4,0,Model_1
17097,4203.9189453125,4088.482987103518,8612.603288130398,3,1,Model_1
17098,5304.607421875,4027.9769110914785,8614.825043469376,8,0,Model_1
17099,2943.27783203125,4071.9081806933973,8617.927870173502,4,1,Model_1
17100,10209.166015625,4106.137248092797,8625.043563612475,11,0,Model_1
17101,3734.4814453125,4062.071104208706,8629.138390474312,4,0,Model_1
17102,6449.14208984375,4045.1473738877103,8640.221731267724,12,2,Model_1
17103,5792.837890625,4018.5228223295417,8642.714449612744,9,0,Model_1
17104,5797.74853515625,4084.869921435369,8652.537653453677,3,0,Model_1
17105,4636.9443359375,4056.9891517336946,8661.157244567643,6,0,Model_1
17106,5821.30517578125,4033.4004223288503,8662.104731897765,12,1,Model_1
17107,4179.43212890625,4071.299635297386,8670.17462491864,2,0,Model_1
17108,3327.486328125,4018.872666883981,8675.975423561671,15,0,Model_1
17109,3471.732666015625,4116.266628909158,8681.02445000541,1,0,Model_1
17110,6126.90380859375,4341.019659690792,8416.0145047392,9,0,Model_1
17111,6956.4970703125,4359.760740407743,8414.573843541497,10,0,Model_1
17112,3805.618896484375,4325.991534468718,8420.036556660692,6,0,Model_1
17113,5168.18896484375,4393.073307138868,8432.789481765125,25,0,Model_1
17114,5229.4384765625,4293.028812292032,8440.309676692908,55,0,Model_1
17115,14678.6435546875,4178.891566084465,8453.548356860323,45,1,Model_1
17116,4557.92822265625,4340.356796324486,8442.6815745059,36,0,Model_1
17117,2890.623779296875,4378.29835889698,8444.928412469948,34,0,Model_1
17118,3348.771240234375,4320.961138033308,8448.737085440138,21,1,Model_1
17119,6388.03369140625,4252.301382293925,8456.278830228897,44,0,Model_1
17120,3683.399658203125,4355.951117338613,8451.513838018349,23,0,Model_1
17121,4293.58642578125,4374.235098525882,8462.133326886164,20,1,Model_1
17122,12691.287109375,4210.153859597864,8477.815266701276,49,0,Model_1
17123,2191.247314453125,4318.881864543306,8464.643709051656,6,0,Model_1
17124,9524.74609375,4150.695475962013,8475.98423507114,16,0,Model_1
17125,2519.5517578125,4358.740667338483,8468.036928964342,10,0,Model_1
17126,5403.0576171875,4231.98646140378,8472.96018900632,22,0,Model_1
17127,7600.5615234375,4368.063104070723,8492.340932828287,5,0,Model_1
17128,4038.35009765625,4141.359229576308,8498.188363957364,12,0,Model_1
17129,5303.46142578125,4184.843066405971,8507.348821254185,20,0,Model_1
17130,8592.0087890625,4135.514063586481,8517.59525023363,34,1,Model_1
17131,8603.8564453125,4166.0600964068435,8517.33559207269,24,1,Model_1
17132,4311.44091796875,4216.3585368995555,8510.09801827246,16,0,Model_1
17133,7231.74169921875,4244.275211700238,8525.898658961145,4,1,Model_1
17134,3744.159912109375,4312.939570657443,8556.309398838697,0,0,Model_1
17135,6489.73046875,4128.987621359061,8569.901708691963,26,0,Model_1
17136,2791.7568359375,4177.254661827115,8566.760728135618,0,0,Model_1
17137,3785.965087890625,4315.3852602860425,8576.22359003892,1,0,Model_1
17138,5520.46533203125,4194.770826281747,8586.82718146831,1,0,Model_1
17139,6635.224609375,4315.714850682067,8609.97067232724,1,0,Model_1
17140,5748.45654296875,4274.642179347342,8630.270288090163,3,0,Model_1
17141,3992.85009765625,4387.151727733202,8631.237205622805,0,1,Model_1
17142,4980.76171875,4191.143490638351,8680.802592420281,1,6,Model_1
17143,3186.1025390625,4289.112854891224,8681.129019822605,1,6,Model_1
17144,2680.551513671875,4407.149486915441,8408.84016741626,0,0,Model_1
17145,11834.70703125,4424.011534117628,8425.354073175607,15,0,Model_1
17146,5854.12939453125,4416.244524687296,8457.180744902202,15,0,Model_1
17147,6085.09619140625,4396.946454613935,8459.137896210508,29,0,Model_1
17148,3496.93212890625,4466.820078892866,8460.181474723999,19,0,Model_1
17149,3544.482177734375,4499.442162950756,8469.466285316943,29,0,Model_1
17150,3168.43115234375,4464.226625972195,8478.611551728158,21,0,Model_1
17151,9997.4013671875,4508.653201811714,8501.966655156342,48,1,Model_1
17152,5494.48095703125,4460.60159193771,8496.200830877846,18,2,Model_1
17153,6089.54638671875,4555.899248566944,8512.145961617993,58,0,Model_1
17154,4967.35888671875,4590.958736461354,8511.672217952932,2,0,Model_1
17155,2870.138427734375,4618.601059479872,8526.160083504132,0,0,Model_1
17156,5064.01708984375,4626.777294974541,8546.515163663338,3,0,Model_1
17157,9728.900390625,4427.866268721409,8567.25955442575,1,0,Model_1
17158,5110.77197265625,4622.112854355946,8569.176785499789,11,0,Model_1
17159,5464.31884765625,4395.407138574403,8579.10243949946,1,1,Model_1
17160,9415.0703125,4466.115326244384,8583.96740893388,2,1,Model_1
17161,6613.9453125,4558.987547403434,8598.577154846338,2,0,Model_1
17162,4128.16015625,4628.77048829128,8599.063969738549,31,0,Model_1
17163,4138.4072265625,4656.868069552351,8599.820687807573,18,0,Model_1
17164,5324.787109375,4424.646778177004,8607.979253207217,2,0,Model_1
17165,3335.5478515625,4637.299330271082,8610.853510074434,10,0,Model_1
17166,6719.69287109375,4460.81932414067,8615.810684651718,3,1,Model_1
17167,3348.962890625,4679.016452100826,8615.596952424006,6,0,Model_1
17168,5382.4091796875,4647.293836805271,8623.906720126892,20,0,Model_1
17169,2659.638916015625,4665.7932485865895,8620.417409030837,13,0,Model_1
17170,5377.55908203125,4631.112605518894,8640.296625866526,1,0,Model_1
17171,8403.216796875,4548.7177684435155,8647.460011620773,4,4,Model_1
17172,3374.2412109375,4675.895930739585,8637.749856230861,36,0,Model_1
17173,3036.29248046875,4611.599104851484,8665.13195745027,0,0,Model_1
17174,1539.2147216796875,4681.909574501682,8655.599853370717,7,0,Model_1
17175,1115.390625,4670.764263512101,8656.833141316078,3,0,Model_1
17194,2703.653076171875,5513.999656616477,8655.86410412498,4,0,Model_1
17195,4411.96337890625,5519.599471096415,8675.93762298586,16,2,Model_1
17196,5865.88525390625,5718.699689602014,8619.227220807428,18,1,Model_1
17197,4206.05078125,5744.141674501821,8624.719255868607,8,0,Model_1
17198,4548.587890625,5793.048562247073,8628.191609697009,3,0,Model_1
17199,2126.863525390625,5696.154509677319,8627.835153799882,27,1,Model_1
17200,3204.0830078125,5727.449025715468,8636.854300532927,5,0,Model_1
17201,5415.74658203125,5693.468532078434,8644.270278919925,17,1,Model_1
17202,5057.64990234375,5673.075356485322,8650.49218304301,14,0,Model_1
17203,7494.21533203125,5557.009362010518,8650.575202999229,50,0,Model_1
17204,4845.09521484375,5577.817747851135,8649.161390808644,15,0,Model_1
17205,3315.321044921875,5737.550326903118,8651.037288542779,5,0,Model_1
17206,4012.239501953125,5607.846839310136,8652.559556591063,17,0,Model_1
17207,4334.99365234375,5718.21220883471,8654.622690822202,17,1,Model_1
17208,4887.9775390625,5777.925150416093,8659.272161646863,0,0,Model_1
17209,2234.860107421875,5793.4103751678485,8656.909802296927,1,0,Model_1
17210,3615.251953125,5533.324425353203,8657.441483293136,10,0,Model_1
17211,3460.439697265625,5703.4740863353945,8664.943661124038,5,0,Model_1
17212,7874.19677734375,5547.274476961466,8676.478842445125,28,1,Model_1
17213,3691.710693359375,5611.6062873050105,8672.132482779765,35,0,Model_1
17214,7007.57373046875,5674.665307920892,8677.737919568375,28,0,Model_1
17215,5935.1728515625,5572.865606118692,8678.002523599047,58,1,Model_1
17216,3357.3056640625,5765.022330862237,8675.955640082742,0,0,Model_1
17217,1553.2144775390625,5818.78699437459,8634.996419895673,2,0,Model_1
17218,4890.47705078125,5840.281719992403,8640.489161509671,3,1,Model_1
17219,4464.744140625,5862.773502590368,8652.448981074907,21,0,Model_1
17220,3648.42578125,5832.532202789793,8654.23090728413,1,0,Model_1
17221,6028.01025390625,5815.278421750991,8668.152470750996,1,0,Model_1
17222,4896.3408203125,5879.543485436123,8668.74456201322,9,0,Model_1
17223,5007.91015625,5858.453842986608,8674.352118460287,5,0,Model_1
17224,2711.064697265625,5795.4620293509215,8677.123571892356,1,0,Model_1
17225,3197.41357421875,5914.657291300828,8680.4365980601,5,0,Model_1
17228,3798.16455078125,1304.0067689965363,8737.855672715872,2,0,Model_1
17229,5225.95361328125,1247.4340275325812,8777.827485338552,31,0,Model_1
17230,2520.379150390625,1234.7271899774787,8798.844252212642,11,1,Model_1
17231,2072.4072265625,1282.1040831992868,8802.478053360159,0,0,Model_1
17232,3004.604736328125,1263.5609408486634,8808.26648732886,6,0,Model_1
17233,11628.7470703125,1234.4892036161036,8826.945624201675,9,0,Model_1
17234,1246.4393310546875,1276.1308326735743,8814.944824572944,0,0,Model_1
17235,2616.61474609375,1293.0475430873921,8825.867777876469,1,0,Model_1
17236,3283.8662109375,1254.2259603478597,8829.075174397789,1,0,Model_1
17237,3938.3408203125,1288.185279182915,8846.451074596174,1,0,Model_1
17238,6796.3759765625,1214.2299816615996,8855.15969136532,7,0,Model_1
17239,8317.5849609375,1242.6860385105247,8860.474381668959,3,0,Model_1
17240,2628.5400390625,1258.9629016471445,8868.474502598969,1,0,Model_1
17241,2959.22509765625,1285.8233681186684,8869.243055427709,1,0,Model_1
17242,5439.41357421875,1208.645127639582,8880.587290849493,9,1,Model_1
17243,1690.275634765625,1250.7375268022297,8882.142060327446,1,0,Model_1
17244,1270.83984375,1278.5331369742053,8881.131689796443,0,0,Model_1
17245,2383.7080078125,1265.853688565141,8887.366488508473,0,0,Model_1
17246,2426.18212890625,1227.2830962773296,8890.377816622553,0,0,Model_1
17247,1635.76123046875,1286.9756686198525,8890.898722688275,0,0,Model_1
17248,2381.524658203125,1236.8435193709447,8903.172251705095,1,0,Model_1
17249,1517.4244384765625,1279.6389449753915,8898.444883432152,0,0,Model_1
17250,2528.0537109375,1254.3821245124564,8904.621391536624,1,0,Model_1
17251,1926.227294921875,1222.1909016426653,8908.016554469563,6,0,Model_1
17252,2785.338134765625,1300.0430532108294,8908.856645771215,0,0,Model_1
17253,4552.05859375,1278.2406024816446,8913.375404324383,1,0,Model_1
17254,2909.49169921875,1225.060777793522,8919.959416767146,7,0,Model_1
17255,2176.78125,1295.0344069796265,8922.553172165266,2,0,Model_1
17256,5141.20166015625,1197.077701575763,8932.919185209306,8,1,Model_1
17257,1487.2403564453125,1265.5577016592142,8924.563844849603,2,0,Model_1
17258,4489.5556640625,1242.7954800142325,8933.3379943927,4,0,Model_1
17259,1769.0899658203125,1227.5500829109806,8931.755139440196,1,0,Model_1
17260,3640.61083984375,1279.4547011820832,8935.433806691712,5,0,Model_1
17261,3788.454833984375,1260.8971737757674,8939.96192706973,5,0,Model_1
17262,2060.23828125,1223.2715070262784,8945.213910810693,2,0,Model_1
17263,2235.548828125,1296.8167729201377,8945.820663043909,2,0,Model_1
17264,3335.8095703125,1237.059985689004,8953.397382197203,4,0,Model_1
17265,4958.556640625,1266.0892582371598,8955.03464171676,5,0,Model_1
17266,9381.8203125,1337.8223523551133,8690.6476993986,35,1,Model_1
17267,8502.46875,1439.9209180743783,8691.00203563727,13,0,Model_1
17268,7187.353515625,1509.5098333310452,8705.55984991754,36,0,Model_1
17269,7951.73291015625,1529.8055357867852,8706.474482541584,7,0,Model_1
17270,3646.39892578125,1365.261788548145,8697.134914105176,10,0,Model_1
17271,3608.5634765625,1349.6554991676821,8713.225241449603,7,0,Model_1
17272,7546.34033203125,1513.2911466105725,8738.111091559898,10,0,Model_1
17273,10173.576171875,1549.786838465312,8765.210571651754,0,0,Model_1
17274,6806.2666015625,1568.560832189687,8776.065342608257,3,0,Model_1
17275,4092.501220703125,1313.2823679874418,8786.895384216099,2,0,Model_1
17276,3904.23681640625,1309.4343080495019,8814.248163493525,3,0,Model_1
17277,3950.147705078125,1307.6373268924071,8838.751415252395,12,0,Model_1
17278,3467.69140625,1851.3428323931294,8684.578410684393,2,0,Model_1
17279,7525.79345703125,1651.2566046301508,8698.987495596288,6,0,Model_1
17280,9444.1083984375,1694.395315203641,8702.534037470672,14,0,Model_1
17281,6699.73046875,1831.1464443618897,8705.141217372351,7,0,Model_1
17282,4850.6220703125,1632.455336840183,8703.632373827626,5,0,Model_1
17283,4832.10888671875,1739.3270941990777,8701.196532984526,7,1,Model_1
17284,3184.022216796875,1865.3886309320806,8704.653695927322,1,0,Model_1
17285,4090.938232421875,1848.1270244229818,8708.315759187593,0,0,Model_1
17286,5622.048828125,1803.5797291960916,8721.307852421218,3,0,Model_1
17287,1666.8717041015625,1816.0322389665525,8717.289686540229,2,0,Model_1
17288,3268.4267578125,1677.5619230323937,8727.383853387204,7,0,Model_1
17289,2941.584716796875,1863.4138504866278,8729.138224036491,1,0,Model_1
17290,6531.86376953125,1633.713051029481,8733.193130664062,10,0,Model_1
17291,5210.666015625,1851.6954388782615,8743.035764707514,2,0,Model_1
17292,4751.837890625,1835.0147584582446,8762.540861825604,0,0,Model_1
17293,4930.224609375,1858.210373061127,8769.485569482407,1,0,Model_1
17294,2414.60400390625,1843.4326628885465,8776.79733132862,0,0,Model_1
17295,785.5521240234375,1875.780625325162,8788.195794679254,0,0,Model_1
17296,4858.29296875,1858.5606779373484,8807.442293465632,5,0,Model_1
17297,5093.615234375,1867.1222027636832,8823.775321703346,2,0,Model_1
17298,3605.171875,1858.3585966749815,8844.736270904745,6,0,Model_1
17299,3508.1142578125,1868.7151462908369,8683.318273731915,0,0,Model_1
17300,8371.5009765625,1890.8340682452545,8694.207665776543,3,0,Model_1
17301,4470.74267578125,1879.5775895452825,8734.117301751161,3,0,Model_1
17302,2281.979248046875,1868.2023478255142,8752.97095717024,1,0,Model_1
17303,2732.388916015625,1879.7571150403237,8761.260234841378,2,0,Model_1
17304,6164.7939453125,1949.6811445544008,8776.092898168194,1,0,Model_1
17305,5930.58740234375,1928.0308301742189,8781.017924592219,3,0,Model_1
17306,1291.0487060546875,1874.3722708326532,8774.017399262724,0,0,Model_1
17307,2802.157958984375,1961.6996859647334,8796.562793160469,0,0,Model_1
17308,5262.5859375,1914.7102686030557,8802.266440790903,0,0,Model_1
17309,3281.766357421875,1894.1430913762888,8802.492537692946,0,0,Model_1
17310,4566.44970703125,1905.7781847420847,8824.710091082728,0,0,Model_1
17311,4894.2568359375,1986.0074379933067,8825.453737924603,1,0,Model_1
17312,6270.1962890625,1922.964758800692,8835.392463151424,2,0,Model_1
17313,3083.716064453125,1885.8959663271671,8827.499914888089,1,0,Model_1
17314,4482.45458984375,1950.9049100122647,8833.474525524565,0,0,Model_1
17315,2459.348876953125,1938.0508845673176,8829.388177296554,0,0,Model_1
17316,3617.17919921875,1890.7912583195139,8846.422812483419,2,0,Model_1
17317,2071.739013671875,1902.846625472419,8844.376635519933,3,0,Model_1
17318,4553.7451171875,1873.27670499112,8852.366688072274,9,0,Model_1
17319,9082.6572265625,1924.8444827981293,8863.596991852013,5,0,Model_1
17320,4039.20654296875,1883.2907752010506,8867.072348529895,18,1,Model_1
17321,4418.49755859375,1897.178453207831,8873.812509145631,10,0,Model_1
17322,5198.34033203125,1902.6137026506476,8890.790090192371,7,0,Model_1
17323,5089.76953125,1947.0296910891775,8898.76583505013,7,0,Model_1
17324,5103.4990234375,1918.0183710905258,8904.776656518574,21,0,Model_1
17325,5103.0810546875,1934.5222879461944,8914.716441574623,12,0,Model_1
17326,4691.0888671875,1979.1677467931295,8921.807935579549,8,0,Model_1
17327,4297.19287109375,2030.5709595630178,8921.658499658355,7,0,Model_1
17328,2195.872802734375,1942.466751423548,8934.057265162322,3,0,Model_1
17329,3082.20263671875,1890.5228907205164,8946.416463708432,3,0,Model_1
17330,5396.85302734375,1992.9108837603126,8957.150060856497,9,0,Model_1
17331,3787.347900390625,1958.9209535267437,8960.910864873207,3,0,Model_1
17332,3401.24462890625,2673.788252528175,8751.749680622801,7,0,Model_1
17333,7753.27001953125,2583.7447087204782,8764.265910532908,9,0,Model_1
17334,4818.81005859375,2703.644032836193,8769.965672122838,1,0,Model_1
17335,8368.0068359375,2681.1517899164464,8789.053903077787,13,0,Model_1
17336,3688.538818359375,2617.3309367510956,8794.178883949557,22,0,Model_1
17337,2444.400634765625,2662.6012824173085,8805.639523948252,0,0,Model_1
17339,7016.08984375,2613.2918432735605,8819.912597442511,13,0,Model_1
17340,12190.7734375,2637.596833371441,8844.570230992307,26,2,Model_1
17341,7073.8271484375,2598.4503785341512,8853.939474647108,16,0,Model_1
17342,5750.89794921875,2635.971437158645,8874.035603198194,29,3,Model_1
17343,3601.000732421875,2604.12085240765,8876.294452560163,16,1,Model_1
17344,2824.09765625,2615.662040129886,8883.55587251803,14,0,Model_1
17345,2463.06005859375,2643.0815674058395,8888.926910408976,33,1,Model_1
17346,4621.72802734375,2582.006533671054,8895.92814229129,43,0,Model_1
17347,2110.588134765625,2620.1361376915593,8895.498558177409,19,3,Model_1
17348,3501.965087890625,2628.6958212307654,8904.577231985444,36,2,Model_1
17349,11131.166015625,2579.3016828791006,8924.381200945922,30,0,Model_1
17350,1850.002197265625,2632.918813260272,8918.391752700249,27,1,Model_1
17351,4006.597412109375,2617.197673595161,8935.18492346126,19,1,Model_1
17352,3917.229248046875,2683.9107285178034,8939.905402844219,4,0,Model_1
17353,3992.137451171875,2662.7775856598746,8950.63776352485,1,0,Model_1
17354,3316.972900390625,2574.7962834362406,8962.281753980045,18,0,Model_1
17355,4519.69091796875,2809.899189167889,8762.24622930013,0,0,Model_1
17356,7590.4345703125,2715.8404886153294,8786.46403372017,1,0,Model_1
17357,5554.0986328125,2718.938914531027,8816.786807771772,1,0,Model_1
17358,3252.871826171875,2873.398277407512,8832.344394290762,0,0,Model_1
17359,6541.30859375,2826.193659612676,8844.271712426329,0,7,Model_1
17360,5446.25390625,2787.821235852083,8842.108954247728,1,2,Model_1
17361,4120.47607421875,2710.941053726943,8837.846674367815,0,1,Model_1
17362,4429.12158203125,2843.4948537950404,8855.876135923667,0,1,Model_1
17363,13959.984375,2765.909458699636,8867.90166490106,4,2,Model_1
17364,10488.884765625,2796.165028475458,8870.460092658235,1,14,Model_1
17365,2649.465576171875,2816.6670701700496,8872.264805195868,0,7,Model_1
17366,9415.013671875,2768.8810659643495,8905.9113803457,0,3,Model_1
17367,2918.390869140625,2902.143071094295,8903.310206142982,0,0,Model_1
17368,5981.38134765625,2757.1009712371742,8940.420833125594,0,1,Model_1
17369,1774.6700439453125,2860.277265328914,8944.584195610863,0,0,Model_1
17370,6241.66357421875,3079.620134204859,8687.563596344175,1,4,Model_1
17371,2510.974609375,3224.0269900026033,8739.212254128128,0,0,Model_1
17372,2588.5400390625,3225.8657453614287,8754.638775099214,2,0,Model_1
17373,5982.2861328125,3176.9703656607307,8772.201205241785,0,2,Model_1
17374,3422.19189453125,3025.6041349994484,8780.857183825923,0,0,Model_1
17375,3614.58349609375,3094.6818629170302,8789.942039971123,1,8,Model_1
17376,2999.62939453125,3060.206293203286,8823.80464364533,0,2,Model_1
17377,10502.154296875,3271.8017163246404,8838.187232826516,4,2,Model_1
17378,8755.2197265625,3220.5020759557374,8857.785594916699,1,0,Model_1
17379,1503.839111328125,3123.549562519649,8853.769548694167,0,0,Model_1
17380,2786.7470703125,3055.2042065574788,8866.797676121554,0,1,Model_1
17381,2337.411865234375,3273.145165445865,8879.739427466833,0,0,Model_1
17382,4760.92041015625,3257.6033211149042,8888.135041337213,2,0,Model_1
17383,4102.9599609375,3211.7872639759444,8892.599571961531,0,1,Model_1
17384,6911.35595703125,3097.649327285704,8904.042548139754,1,0,Model_1
17385,3224.879638671875,3269.2510733297095,8902.348057841868,0,0,Model_1
17386,3237.0986328125,3200.1114321324276,8905.025893025435,0,0,Model_1
17387,11658.4541015625,3239.3497211652575,8910.49531839641,3,13,Model_1
17388,3296.706298828125,3180.273404608597,8922.233280376517,0,1,Model_1
17389,2347.369140625,3005.032584715751,8929.279908277444,0,0,Model_1
17390,6068.03076171875,3064.274386953097,8948.523580852547,0,1,Model_1
17391,2960.647705078125,3321.1325604312588,8688.437602181133,1,4,Model_1
17392,23806.353515625,3292.529315692489,8709.53915539349,0,4,Model_1
17393,4477.9765625,3332.572017039638,8704.070083298924,0,1,Model_1
17394,5440.44580078125,3345.223500900436,8719.708216839266,1,1,Model_1
17395,4031.60009765625,3358.557641964173,8738.095900674292,0,0,Model_1
17396,4009.675048828125,3333.329016210395,8817.789759498177,0,0,Model_1
17397,6089.7890625,3337.0518686235882,8842.789364612312,3,0,Model_1
17398,2520.1708984375,3418.0592958475463,8840.51921040524,1,0,Model_1
17399,10796.318359375,3305.2664194047684,8856.008967853617,3,1,Model_1
17400,2257.776611328125,3422.1451119859703,8852.781787853368,0,0,Model_1
17401,5748.232421875,3347.903264155262,8866.785134809019,2,0,Model_1
17402,3603.400390625,3430.5904055623105,8879.969587047584,0,0,Model_1
17403,8950.4052734375,3398.280649833614,8885.7585509309,6,0,Model_1
17404,9277.3955078125,3334.2581757276785,8891.651201440385,6,1,Model_1
17405,12427.0908203125,3298.1318921031198,8899.911687084154,1,3,Model_1
17406,2875.207763671875,3431.90715602017,8910.562617552408,3,1,Model_1
17407,5835.11279296875,3350.3528665190097,8919.027473599039,3,2,Model_1
17408,3380.653564453125,3332.7784713589353,8916.655575786048,0,0,Model_1
17409,8836.857421875,3295.963776509161,8954.780282701962,1,0,Model_1
17410,6873.66357421875,3348.909757731948,8955.703217321628,5,0,Model_1
17411,2816.4267578125,3448.535820078803,8953.25730810086,3,1,Model_1
17412,9263.2470703125,4038.3820246553514,8690.207163716026,17,0,Model_1
17413,6478.15869140625,4065.3306427481584,8695.146674472839,8,0,Model_1
17414,7604.4814453125,4065.7596626491286,8720.339521782938,4,1,Model_1
17415,3045.01025390625,4043.3930875759106,8715.5300167448,2,0,Model_1
17416,4875.62353515625,4002.350797478808,8728.324981741956,6,0,Model_1
17417,3704.041748046875,3991.076136068441,8734.774749149132,11,0,Model_1
17418,7803.24658203125,4029.3652415864635,8737.83200319644,3,0,Model_1
17419,5392.1572265625,4062.9296043324284,8745.684984501917,2,0,Model_1
17420,4562.25537109375,4010.2793798546772,8756.14726536753,4,0,Model_1
17421,2829.508544921875,3972.4354055000003,8758.725123327225,1,0,Model_1
17422,2746.174560546875,3991.0752154248767,8757.263618821366,1,0,Model_1
17423,6637.212890625,4066.9164512876887,8766.096235610225,1,1,Model_1
17424,5575.28662109375,4115.1420627953485,8769.617341583129,0,4,Model_1
17425,4836.4248046875,3995.3051122811157,8774.619382264413,10,2,Model_1
17426,9980.734375,4045.3531377243344,8795.36589268528,0,1,Model_1
17427,6894.5029296875,3975.314257925609,8798.084707932343,8,0,Model_1
17428,5738.703125,3989.7830921823625,8819.251264004037,0,0,Model_1
17429,6482.99853515625,4012.7899748545606,8814.537496872857,1,0,Model_1
17430,7601.4482421875,4045.8346343084704,8823.794751905865,3,0,Model_1
17431,3192.0634765625,3994.771139013814,8849.242311507172,0,0,Model_1
17432,2703.772705078125,4012.2210171318147,8850.696397208434,1,2,Model_1
17433,6272.1123046875,3976.7882082720753,8859.070107941428,1,0,Model_1
17434,4001.651123046875,4022.166269235313,8874.9488227166,2,0,Model_1
17435,4105.005859375,3960.420086342143,8879.445501494178,6,1,Model_1
17436,2916.944580078125,4008.934779928997,8882.872812580375,1,0,Model_1
17437,4241.6201171875,3977.605739757186,8884.279912519181,2,1,Model_1
17438,3071.6376953125,3994.756408716785,8891.000642932398,1,0,Model_1
17439,6045.150390625,4011.9121412159875,8902.43196098911,1,0,Model_1
17440,7296.1376953125,4055.011609357549,8903.442861434727,2,2,Model_1
17441,2938.2353515625,3982.731883123284,8902.05890110074,3,0,Model_1
17442,1987.4931640625,3952.6553785207216,8909.490247011548,1,0,Model_1
17443,3358.37158203125,3980.8339764154516,8915.667991583454,5,0,Model_1
17444,8519.76171875,3961.335666366853,8928.869401089672,1,0,Model_1
17445,4513.12841796875,3996.5314095087815,8925.035998770822,1,0,Model_1
17446,2242.580810546875,4015.1178221069276,8920.253342739801,1,0,Model_1
17447,7515.1611328125,3977.222291712649,8947.489187525702,1,2,Model_1
17448,4575.13134765625,4006.8665541617665,8940.06861654538,1,1,Model_1
17449,9041.9365234375,4129.802851235261,8693.623699871736,2,2,Model_1
17450,4858.208984375,4395.032896965509,8724.583078013151,0,0,Model_1
17451,2971.05615234375,4361.724473130424,8730.240799710358,0,2,Model_1
17452,2105.998291015625,4309.120280830888,8745.513292166928,1,1,Model_1
17453,23239.591796875,4213.616400043247,8764.312543018954,0,3,Model_1
17454,2353.864990234375,4307.210405756719,8766.987905267655,1,0,Model_1
17455,2301.0322265625,4390.07523137168,8771.960270730546,0,0,Model_1
17456,1467.5362548828125,4399.279365405906,8796.904764724808,1,4,Model_1
17457,1836.596923828125,4389.2365250845905,8832.120770323585,1,6,Model_1
17458,2514.7080078125,4386.88658238668,8924.928779380556,1,1,Model_1
17459,8370.771484375,4639.709114800673,8684.603140033054,5,13,Model_1
17460,14699.4921875,4498.889776812168,8710.691543041088,0,0,Model_1
17461,5692.0322265625,4571.610491313739,8763.603163988795,3,1,Model_1
17462,8138.2080078125,4548.831467923708,8777.389422590844,1,0,Model_1
17463,6748.0869140625,4553.4346857452765,8803.400104788801,0,1,Model_1
17464,1823.3004150390625,4645.646805468714,8804.529176193377,2,2,Model_1
17465,4504.11181640625,4675.276337620802,8856.050654469931,0,2,Model_1
17466,2117.053466796875,4427.092007483821,8859.241800276417,1,4,Model_1
17467,7883.00146484375,4672.896934328834,8886.244482632086,2,15,Model_1
17468,13062.080078125,4623.699583539041,8896.36443865695,1,25,Model_1
17469,4392.8974609375,4406.261065875879,8899.41356734684,0,0,Model_1
17470,6377.216796875,4497.548859460745,8902.722177559466,1,0,Model_1
17471,2880.4033203125,4657.733934824588,8909.312725615804,2,6,Model_1
17472,14512.31640625,4651.38287519617,8954.105878036338,3,10,Model_1
17473,4398.05078125,4517.844907157822,8956.121673228612,0,3,Model_1
17474,3894.29833984375,4469.631264016498,8958.948237780554,1,6,Model_1
17475,6415.31591796875,4424.7558744393755,8959.89325217581,0,0,Model_1
17476,5430.55859375,4696.0529612584505,8687.852576447098,18,0,Model_1
17477,9048.2177734375,4727.153681826312,8723.658906926052,19,0,Model_1
17478,8768.7158203125,4740.522807345493,8747.977041846374,6,0,Model_1
17479,7022.9931640625,4708.399251777679,8744.552380333247,27,0,Model_1
17480,9335.9765625,4728.35051845992,8774.932031886769,10,0,Model_1
17481,4478.5380859375,4753.8274878151715,8766.547369585081,4,0,Model_1
17482,4450.55859375,4766.998674968025,8781.611075683672,3,0,Model_1
17483,3625.759765625,4674.859286086168,8805.42508516772,0,11,Model_1
17484,3249.03662109375,4724.683134821476,8819.473121589166,8,0,Model_1
17485,3982.02734375,4744.288699845318,8823.002706195897,10,0,Model_1
17486,5487.9375,4776.97522895271,8834.466172405868,3,0,Model_1
17487,2457.17822265625,4731.400610588491,8834.969591289322,7,0,Model_1
17488,3353.990478515625,4746.932327840244,8842.159119497868,8,0,Model_1
17489,7506.84716796875,4760.735076478217,8857.522050715255,43,0,Model_1
17490,4279.3203125,4785.296005486976,8861.101623933922,4,0,Model_1
17491,6370.52783203125,4784.539696798893,8882.437929320353,0,1,Model_1
17492,8800.1845703125,4688.903703659773,8901.721345491518,2,15,Model_1
17493,4618.17333984375,4740.465727444505,8896.572871738521,14,1,Model_1
17494,4649.080078125,4766.095523631433,8913.51671488816,14,1,Model_1
17495,5900.00048828125,4747.868622345151,8921.374465425164,16,0,Model_1
17496,6900.974609375,4680.241368363146,8930.063122077176,0,4,Model_1
17497,5184.10546875,4794.9328419964295,8933.193504341238,10,0,Model_1
17498,3106.6455078125,4774.88168548746,8948.884276066587,9,0,Model_1
17499,4561.17236328125,4803.367318010889,8952.67475530169,6,0,Model_1
17500,7050.89892578125,5415.671701695304,8703.06713157252,3,1,Model_1
17501,4278.78759765625,5465.7915373365395,8709.471326322877,24,4,Model_1
17502,2133.9052734375,5483.131858870387,8713.34076283549,65,0,Model_1
17503,4327.26904296875,5472.651712856023,8729.019876439328,40,3,Model_1
17504,2623.90673828125,5419.122273774352,8735.369666622631,1,1,Model_1
17505,4874.20166015625,5517.432736467803,8743.773052574019,2,0,Model_1
17506,3934.778564453125,5490.831200998742,8743.50032318593,17,0,Model_1
17507,1880.2469482421875,5454.9633880548645,8740.07142235589,12,0,Model_1
17508,5639.267578125,5474.807860083645,8753.922330540867,16,0,Model_1
17509,2568.752197265625,5458.1511163963005,8752.575640868075,29,0,Model_1
17510,5881.24365234375,5409.111655977787,8758.54495235841,11,2,Model_1
17511,3463.143310546875,5507.290006319759,8761.738217823353,0,1,Model_1
17512,1812.7755126953125,5443.215055530658,8760.961009722581,51,0,Model_1
17513,8636.6806640625,5462.158677831758,8804.52105083596,4,2,Model_1
17514,4767.35400390625,5482.961539810989,8811.585165919154,0,0,Model_1
17515,5570.22265625,5433.0193883776665,8821.819583500677,1,1,Model_1
17516,2729.59716796875,5383.597860879963,8819.063320954214,19,1,Model_1
17517,3738.10986328125,5400.192921448499,8821.806865549937,31,1,Model_1
17518,3888.21337890625,5371.649748702301,8824.885316181812,21,0,Model_1
17519,6051.13916015625,5490.252116196789,8839.170047797583,2,1,Model_1
17520,8301.322265625,5473.253813747084,8850.13645409947,1,0,Model_1
17521,4915.76904296875,5376.140648009023,8845.089547314186,30,1,Model_1
17522,6197.0283203125,5416.395787858637,8858.719481105058,0,0,Model_1
17523,3287.28955078125,5351.370732911164,8863.428832281119,14,1,Model_1
17524,3572.199951171875,5368.334971548989,8867.728382822228,17,0,Model_1
17525,14293.076171875,5309.849708160618,8885.345394170057,4,2,Model_1
17526,4493.03564453125,5357.132120336639,8886.162875781505,10,2,Model_1
17527,7061.02197265625,5452.17936191638,8901.136849672097,0,2,Model_1
17528,8137.44091796875,5359.053043133579,8919.665667432695,9,0,Model_1
17529,5928.06982421875,5339.367382119643,8921.531143512751,35,0,Model_1
17530,10948.7421875,5288.653731379425,8946.163517799272,1,1,Model_1
17531,5557.125,5325.219852466835,8949.28436160028,36,2,Model_1
17532,7309.49169921875,5401.507600458339,8949.29337014872,1,2,Model_1
17533,7386.51416015625,5354.793685683282,8953.495416400823,1,1,Model_1
17534,5542.2255859375,5622.2171647055075,8689.846115225577,20,1,Model_1
17535,3813.220458984375,5773.795143386582,8690.347414450574,2,0,Model_1
17536,3936.82763671875,5601.437779137166,8687.994946840103,66,0,Model_1
17537,3781.9384765625,5751.385298065841,8690.201158017066,3,0,Model_1
17538,1935.766845703125,5792.614018484717,8697.313318691944,0,0,Model_1
17539,3985.29638671875,5671.947107797256,8703.692430817231,2,1,Model_1
17540,3823.62646484375,5627.770486685447,8711.149035991315,3,0,Model_1
17541,1079.3212890625,5585.644599113148,8706.000032323704,36,0,Model_1
17542,7965.826171875,5647.710705644917,8720.881801071431,2,1,Model_1
17543,6152.60546875,5691.824722994352,8721.961060502275,7,1,Model_1
17544,4045.266845703125,5760.680575812934,8721.823282702593,0,0,Model_1
17545,3973.389404296875,5671.810392227955,8723.643362764036,2,0,Model_1
17546,5177.029296875,5724.609300641343,8725.926941474667,1,0,Model_1
17547,5987.36962890625,5543.72401505569,8735.866373254306,2,0,Model_1
17548,6719.9560546875,5594.0652654741425,8740.717564908759,1,2,Model_1
17549,5118.9521484375,5795.764460761799,8741.821906964673,2,0,Model_1
17550,4137.9306640625,5746.959304130403,8738.083889276371,0,0,Model_1
17551,4171.00537109375,5659.851692649303,8742.704038159049,0,0,Model_1
17552,3289.413818359375,5720.465023636585,8742.825565243897,0,0,Model_1
17553,3265.55322265625,5690.995223142905,8745.88564550248,1,0,Model_1
17554,7814.00390625,5728.122476482764,8758.771049260453,0,2,Model_1
17555,3680.037841796875,5700.422152919695,8757.08980682792,1,0,Model_1
17556,3979.911865234375,5768.039279822493,8761.218548225064,0,0,Model_1
17557,3507.852783203125,5578.431817108532,8758.34923722758,0,0,Model_1
17558,3386.923095703125,5545.810653694207,8759.166718839027,1,1,Model_1
17559,5475.98291015625,5751.632030541077,8766.979779910238,1,4,Model_1
17560,5191.79248046875,5607.085467082448,8767.336589083774,5,1,Model_1
17561,3470.185546875,5520.231032581534,8770.076954191813,0,0,Model_1
17562,3197.57470703125,5664.541911287699,8774.686504782207,0,0,Model_1
17563,2949.8017578125,5704.359745444264,8773.00808856095,1,0,Model_1
17564,2153.62548828125,5734.311502843862,8773.747142809501,0,0,Model_1
17565,7233.1630859375,5649.778010768583,8791.397892054432,0,1,Model_1
17566,3053.792724609375,5616.475571116665,8785.430700222554,1,0,Model_1
17567,2730.70556640625,5719.1687574980315,8783.107554554066,0,0,Model_1
17568,2788.32080078125,5769.794026456075,8781.907121314784,1,1,Model_1
17569,1782.8912353515625,5602.916793023236,8783.711657214211,0,0,Model_1
17570,5008.484375,5701.207461880054,8792.407556032616,1,0,Model_1
17571,4323.0390625,5754.777869600337,8793.861995010288,1,0,Model_1
17572,2432.233642578125,5791.431451826356,8795.797949734027,0,1,Model_1
17573,2893.01513671875,5777.69821177749,8796.882155034604,0,1,Model_1
17574,3008.7353515625,5519.118895155843,8799.890656937408,1,0,Model_1
17575,7443.24072265625,5662.563908589771,8812.351422451233,1,0,Model_1
17576,5672.74609375,5724.807699329453,8809.331968979735,1,1,Model_1
17577,2596.740234375,5599.079090325395,8800.16762564241,1,0,Model_1
17578,4958.69580078125,5706.6084173501,8813.898773124587,1,1,Model_1
17579,2793.867919921875,5613.291525349487,8807.11480623408,0,0,Model_1
17580,4721.78564453125,5628.323333145818,8811.62508615342,0,1,Model_1
17581,3606.42919921875,5767.334987495793,8809.736117192137,1,2,Model_1
17582,3377.306884765625,5689.370747573674,8816.450841906393,1,0,Model_1
17583,6013.0947265625,5790.399870712543,8817.538579971064,0,0,Model_1
17584,4197.5478515625,5536.670504387701,8818.93260868272,4,1,Model_1
17585,3817.216064453125,5599.823890968924,8818.526694088272,0,1,Model_1
17586,3201.446044921875,5576.521021390799,8823.958318883437,0,0,Model_1
17587,3540.0654296875,5802.50265100901,8836.086651295976,1,0,Model_1
17588,3195.434814453125,5604.088772280607,8832.429887181846,0,0,Model_1
17589,2730.2041015625,5737.902473066468,8835.33205288541,3,1,Model_1
17590,3002.007080078125,5619.849269458093,8836.277420557075,0,0,Model_1
17591,4583.34716796875,5531.251596368151,8842.10082889031,0,1,Model_1
17592,5796.80810546875,5628.074759383453,8848.064841234504,0,2,Model_1
17593,3496.292724609375,5581.901722702431,8845.29020831475,2,1,Model_1
17594,3192.47119140625,5566.885565846693,8846.926231366873,0,1,Model_1
17595,4568.49560546875,5670.102138094371,8851.694403065107,1,0,Model_1
17596,2334.2431640625,5596.790830746293,8846.874299734685,0,1,Model_1
17597,1639.2215576171875,5589.405888395151,8859.769418593918,0,0,Model_1
17598,3916.688232421875,5599.249869706575,8867.790736108494,1,1,Model_1
17599,4448.1708984375,5611.938639631728,8878.429125264214,1,5,Model_1
17600,9747.1328125,5575.928126935381,8885.299644875035,1,13,Model_1
17601,3419.26025390625,5778.411250218051,8893.041874026152,0,0,Model_1
17602,7656.603515625,5667.798687896458,8911.522116280452,1,5,Model_1
17603,9981.236328125,5760.4237162584905,8919.645707315562,0,0,Model_1
17604,9174.169921875,5554.223034263123,8953.257661377269,0,0,Model_1
17605,5137.75390625,5830.471802492859,8682.291652486078,0,0,Model_1
17606,3179.17333984375,5901.990156499436,8692.00110132317,12,2,Model_1
17607,5924.06396484375,5884.048654718092,8700.089364717336,6,1,Model_1
17608,6713.31787109375,5940.179832512513,8706.773001107562,22,1,Model_1
17609,4513.14404296875,5812.035454795696,8701.885068706528,1,3,Model_1
17610,4555.041015625,5797.234728534007,8717.102096766816,0,0,Model_1
17611,5689.3564453125,5821.1424609338865,8720.675134371908,1,2,Model_1
17612,4308.7919921875,5962.845616744133,8721.141105955961,5,0,Model_1
17613,2582.360595703125,5931.019429047592,8723.224730218848,10,0,Model_1
17614,4955.2158203125,5912.60885937023,8732.487990950816,2,1,Model_1
17615,1982.7021484375,5948.810405606171,8730.830771314126,8,0,Model_1
17616,2976.945068359375,5985.153730951017,8736.330578456313,1,0,Model_1
17617,1357.045654296875,5824.830098730745,8732.84621322999,1,0,Model_1
17618,6300.05712890625,5902.1908567964565,8750.31997099379,2,0,Model_1
17619,4209.62646484375,5962.722250506515,8742.678602257569,2,0,Model_1
17620,3474.30419921875,5862.268069273559,8743.807320385735,2,1,Model_1
17621,2192.219970703125,5820.015132889384,8743.169656466693,2,1,Model_1
17622,4631.5654296875,5882.103334866697,8748.438774113514,0,0,Model_1
17623,4435.09619140625,5925.800300681498,8751.56032446734,3,0,Model_1
17624,2220.2021484375,5808.7381698701065,8752.06692283848,0,0,Model_1
17625,2477.892578125,5830.349817220587,8754.099675298407,0,1,Model_1
17626,5263.8857421875,6005.780289687682,8766.635335411032,21,0,Model_1
17627,1736.06689453125,5858.0151563282125,8756.506900752342,0,0,Model_1
17628,8456.625,5804.023554177256,8769.501820197242,2,0,Model_1
17629,2818.47412109375,5852.120735907694,8767.200930942548,0,2,Model_1
17630,3105.992919921875,5886.933031005086,8765.121192720166,0,0,Model_1
17631,3976.3681640625,5870.763307763264,8771.696373252693,1,1,Model_1
17632,3430.99853515625,5838.810991898412,8773.455336495303,1,0,Model_1
17633,5091.15478515625,5893.3881233562715,8783.184922087734,5,0,Model_1
17634,13766.96484375,5820.736457122024,8791.985743999743,2,2,Model_1
17635,3808.25732421875,6014.52824483579,8786.980170554365,16,0,Model_1
17636,1825.2213134765625,5853.514590264065,8783.854027607216,0,0,Model_1
17637,4548.98486328125,5871.178057688987,8791.256228214246,1,1,Model_1
17638,2643.448974609375,6032.121743349824,8797.720479954209,12,0,Model_1
17639,4512.8798828125,5901.7305350143,8806.321347418474,0,1,Model_1
17640,2294.296875,5885.410746871494,8804.007740213041,1,0,Model_1
17641,5001.69140625,5936.198509418638,8812.708584901178,1,0,Model_1
17642,4002.920166015625,5916.580515706679,8811.314202913112,1,0,Model_1
17643,5355.68798828125,5953.545735779218,8824.622125256778,2,0,Model_1
17644,14138.861328125,5826.91213415144,8829.15642797196,11,1,Model_1
17645,7896.36181640625,6050.649695081636,8832.812838809681,26,5,Model_1
17646,3470.21533203125,6030.688301320188,8831.633602154965,11,1,Model_1
17647,4818.49560546875,5971.522682337789,8833.966286286508,2,0,Model_1
17648,4904.02880859375,5935.249786225613,8834.428725106467,1,0,Model_1
17649,9207.0126953125,6000.164363945369,8844.229672533605,5,0,Model_1
17650,2875.088623046875,6021.836313449312,8847.401741413982,5,0,Model_1
17651,3604.939697265625,5811.983898756094,8855.86129831447,0,3,Model_1
17652,5829.82861328125,5970.316639268538,8857.340819917212,0,0,Model_1
17653,4250.19189453125,6035.453092087293,8869.659038399826,6,0,Model_1
17654,3513.86767578125,5987.284560480621,8870.395619713512,1,0,Model_1
17655,5994.40478515625,5883.9188439755235,8881.48443629127,1,19,Model_1
17656,2761.907958984375,5972.8276945902035,8877.385723388928,2,1,Model_1
17657,3319.425048828125,5906.00554340519,8883.526903852457,2,3,Model_1
17658,7484.18408203125,5944.23434676975,8909.959221445082,2,0,Model_1
17659,3703.9853515625,5925.129151523113,8908.788640062397,1,3,Model_1
17660,7408.2841796875,6007.007507558912,8921.912328758539,7,1,Model_1
17661,5484.0888671875,6082.549994585104,8920.925451108764,8,0,Model_1
17662,4937.59375,5958.009936422575,8924.057246478464,1,0,Model_1
17663,4307.03564453125,5935.933364072116,8939.002075065277,0,1,Model_1
17664,1977.5679931640625,6026.663707978791,8937.163624630542,0,0,Model_1
17665,2860.107177734375,6040.1097072355915,8938.0189068178,4,0,Model_1
17666,4363.15283203125,6009.290243276628,8945.779329704004,0,0,Model_1
17667,2095.798095703125,6050.261183497496,8946.893386861178,3,1,Model_1
17668,4120.53857421875,5953.355162561405,8948.434908473777,0,0,Model_1
17669,4633.02783203125,6079.0487871100195,8892.729930956615,0,0,Model_1
17670,2808.8193359375,6095.758928124094,8927.090654368134,15,2,Model_1
17671,1998.8043212890625,6094.169437010307,8943.764064426345,10,4,Model_1
17675,4520.40673828125,1175.199412832968,8968.767908857393,0,0,Model_1
17676,7486.77783203125,1289.7357580256648,8993.818562412693,8,0,Model_1
17677,8725.01171875,1163.9033464597305,9028.845918408828,5,4,Model_1
17678,5366.66064453125,1264.4377387632267,9035.419685835717,4,0,Model_1
17679,10660.3515625,1298.3143147579394,9080.78602923057,3,0,Model_1
17680,6390.16943359375,1193.8449767801212,9118.28790983664,5,0,Model_1
17681,6336.796875,1203.1569411918172,9196.118765515334,16,0,Model_1
17682,2092.931396484375,1222.0532654298004,9241.891376781045,3,4,Model_1
17683,13909.2529296875,1417.6484788056114,8994.132095226072,0,0,Model_1
17684,5748.412109375,1442.5633952648495,8992.184305742616,0,0,Model_1
17685,2460.525634765625,1364.0384834120632,9011.986155044637,0,0,Model_1
17686,7006.66259765625,1375.3435260600527,9033.429856459537,0,0,Model_1
17687,2562.941162109375,1373.1430728608975,9052.149973395848,0,0,Model_1
17688,3707.008056640625,1383.0050067218253,9062.299604639105,0,0,Model_1
17689,7535.35009765625,1365.1953871310689,9075.87990309445,0,0,Model_1
17690,2483.07177734375,1347.472538196249,9077.781943282884,1,0,Model_1
17691,11062.28125,1326.8838409261662,9092.256737606935,4,0,Model_1
17692,2569.84033203125,1396.8098268078174,9083.004428443659,0,0,Model_1
17693,3048.7021484375,1406.249990835844,9090.86094251323,0,0,Model_1
17694,12407.294921875,1358.3249694519327,9110.649190673488,3,0,Model_1
17695,13287.4580078125,1330.584597893816,9125.964076299191,7,0,Model_1
17696,16443.654296875,1491.4107864197576,9202.539564256935,2,6,Model_1
17697,9256.330078125,1420.4190405319678,9212.897981858172,5,0,Model_1
17698,7981.03173828125,1394.2891047287267,9225.579545127897,2,0,Model_1
17699,4196.9677734375,1440.9220028701238,9238.517763709082,1,1,Model_1
17700,9030.7880859375,1586.6922167061712,9031.936557076828,1,0,Model_1
17701,5481.9287109375,1645.8829232256976,9110.121219079578,1,0,Model_1
17702,5334.96337890625,1851.5232785317348,9125.503933775894,2,1,Model_1
17703,8059.84619140625,1801.8919593818136,9175.78664832274,4,0,Model_1
17704,5653.72802734375,1750.7062486539944,9171.604738825976,0,0,Model_1
17705,3516.8115234375,1653.3340368330246,9181.834033899562,0,0,Model_1
17706,7412.39306640625,1842.5012017623521,9236.648401588522,0,1,Model_1
17707,4901.2822265625,2009.8834081902169,8972.4050661308,12,0,Model_1
17708,5236.95361328125,1979.1799453203566,8974.061402576466,17,0,Model_1
17709,3728.258056640625,1950.7170987251448,8979.195745273086,6,0,Model_1
17710,12799.32421875,2047.61345290381,8999.784694415343,8,0,Model_1
17711,4443.40380859375,2023.077841593069,8991.96032849903,5,0,Model_1
17712,6047.99462890625,1941.7401334904134,8995.216653803058,13,0,Model_1
17713,4080.525390625,1900.4566347794607,9003.131988394802,8,2,Model_1
17714,4783.95361328125,1970.3521243430441,9023.415000166482,8,1,Model_1
17715,4132.97119140625,1937.709095644066,9037.36323600226,20,0,Model_1
17716,3206.949951171875,1958.0217149253003,9034.854266942406,7,0,Model_1
17717,8586.724609375,1982.1609891816042,9050.079596998316,28,0,Model_1
17718,3982.4599609375,1956.0687997645,9050.943534457605,17,0,Model_1
17719,4935.6767578125,1995.2732551463414,9073.727389931722,26,0,Model_1
17720,3400.96728515625,1897.407923616236,9086.945403429185,5,3,Model_1
17721,3229.354248046875,1950.2086733167525,9104.101918977307,10,1,Model_1
17722,2139.406005859375,2018.1452635363676,9110.012939860084,77,0,Model_1
17723,7142.25390625,1976.421697201673,9160.866902360998,50,0,Model_1
17724,3642.08642578125,1982.9897985503776,9179.310757145126,3,0,Model_1
17725,6447.1337890625,1872.9160428748,9187.329601724836,2,0,Model_1
17726,3172.190185546875,1980.055477350019,9206.767929601541,11,0,Model_1
17727,6957.0869140625,1987.8613839709433,9233.503888268082,7,0,Model_1
17728,5042.46044921875,1955.2590937496861,9238.213416082348,4,0,Model_1
17730,7004.38037109375,2647.8755886061117,8971.780296800702,3,1,Model_1
17731,3670.949951171875,2713.033446387737,8994.601776212425,5,1,Model_1
17732,5269.7490234375,2573.406111654127,9000.987423951286,2,0,Model_1
17733,7995.9423828125,2641.5668785816524,9016.184668532645,6,0,Model_1
17734,5615.68408203125,2583.6128265298903,9018.505871180882,9,0,Model_1
17735,5183.47412109375,2686.5946346686687,9046.67931155744,2,0,Model_1
17736,9581.3974609375,2543.8170878188685,9080.458365360813,2,0,Model_1
17737,3660.98681640625,2620.4767758103553,9103.101263547564,28,0,Model_1
17738,3825.24169921875,2599.2488066653023,9113.712273781552,1,0,Model_1
17739,4844.21533203125,2554.0608585980954,9114.454154241379,2,0,Model_1
17740,4873.12158203125,2576.5006248346763,9125.43045228273,0,0,Model_1
17741,5026.0673828125,2591.7059739428805,9137.467286105224,5,0,Model_1
17742,5489.97216796875,2582.3828467279673,9162.99185996379,4,0,Model_1
17743,5914.7734375,2572.9004481764277,9192.68191596608,5,0,Model_1
17744,3838.900146484375,2588.9267811831087,9195.361164255286,0,0,Model_1
17745,5006.396484375,2603.216089944821,9190.069260280055,10,0,Model_1
17746,3567.564208984375,2620.674944337574,9207.51245963444,18,0,Model_1
17747,5226.80859375,2571.025097235921,9217.077241781866,3,0,Model_1
17748,6236.67041015625,2598.825080464827,9218.729162272415,8,0,Model_1
17749,3190.280029296875,2614.221232951735,9227.363237719168,10,0,Model_1
17750,969.083984375,2584.4084927303484,9227.084149355709,0,0,Model_1
17751,3519.3857421875,2650.012862640666,9239.011820767686,1,0,Model_1
17752,2471.502197265625,2663.4795763776638,9237.616202312187,5,0,Model_1
17753,3824.71533203125,2580.3077161340043,9242.197490789826,6,0,Model_1
17754,2303.242919921875,2894.6660643867217,8978.690913283994,0,3,Model_1
17755,5703.92236328125,2753.607359071495,8995.878163879737,0,5,Model_1
17756,11125.94140625,2718.1213830459164,9038.61259802425,3,0,Model_1
17757,2336.345458984375,2906.537072665873,9038.942028276055,0,0,Model_1
17758,2627.45703125,2864.342827308923,9051.826725481209,0,1,Model_1
17759,6083.22705078125,2813.269204935059,9062.585758530753,0,2,Model_1
17760,8687.4716796875,2747.3743719802005,9126.156258665927,0,2,Model_1
17761,5229.35595703125,2921.4754351404263,9124.942754199496,1,22,Model_1
17762,2800.599609375,2838.4844813571544,9144.19879144893,1,0,Model_1
17763,3693.610107421875,2809.7861801703693,9158.3637623619,0,0,Model_1
17764,3367.214599609375,2943.3492357458454,9158.87972255789,1,1,Model_1
17765,7184.4560546875,2828.250607496244,9167.917239664224,0,0,Model_1
17766,4202.22802734375,2733.0892061145278,9177.281007534679,0,1,Model_1
17767,5126.392578125,2842.319652285194,9194.48874816217,1,5,Model_1
17768,8697.7958984375,2726.295316931675,9204.050880736526,1,2,Model_1
17769,3499.0537109375,2838.48356071359,9233.433939539012,0,4,Model_1
17770,1701.294677734375,3146.2908395235427,9039.951868892444,0,0,Model_1
17771,4366.046875,3246.122435546131,9068.074614104247,0,8,Model_1
17772,4920.28125,3261.7784396790667,9074.957851665808,1,10,Model_1
17773,5925.73291015625,3266.3275696912315,9099.642157584516,2,0,Model_1
17774,3705.568603515625,3092.803059563157,9103.107445884729,0,0,Model_1
17775,4168.1640625,3042.653993488755,9114.802308142884,1,0,Model_1
17776,6007.0732421875,3228.5478102251654,9145.81750395699,1,1,Model_1
17777,5520.7626953125,3262.2330074389465,9161.437443762246,0,4,Model_1
17778,10240.6259765625,3230.2680327250855,9175.47982776114,2,12,Model_1
17779,3105.931884765625,3000.3280961021082,9167.504612817997,0,0,Model_1
17780,10217.4873046875,3154.5377344117733,9187.184758396965,1,0,Model_1
17781,7811.00830078125,3270.189439282636,9189.428416873328,1,3,Model_1
17782,4747.6650390625,3059.554707720643,9197.35117026967,1,2,Model_1
17783,14498.9658203125,3378.6865928543266,8977.310662352305,0,2,Model_1
17784,6820.501953125,3349.030131877982,8981.230794029674,2,0,Model_1
17785,5323.39501953125,3324.940112052369,8986.163945811117,9,1,Model_1
17786,4839.4296875,3452.890924459789,9004.925749363741,4,1,Model_1
17787,7816.14697265625,3425.7245741640218,9012.855921564682,10,0,Model_1
17788,8655.740234375,3308.1484940828523,9018.385933839876,5,0,Model_1
17789,8795.1201171875,3367.8280623350292,9019.855210426744,8,0,Model_1
17790,2511.593994140625,3432.400390809751,9031.537531372363,4,0,Model_1
17791,8330.9716796875,3351.2882403803524,9062.01168436541,5,1,Model_1
17792,8563.7802734375,3283.738320457749,9074.090381442424,3,13,Model_1
17793,5687.6943359375,3404.7221626922255,9079.090479103455,8,1,Model_1
17794,3464.29736328125,3333.7923300841358,9082.82973325919,1,1,Model_1
17795,5621.5712890625,3456.5150378507096,9088.197415024246,6,0,Model_1
17796,4426.71240234375,3430.454380475683,9104.187411868392,13,2,Model_1
17797,2493.468017578125,3410.597019437002,9104.205428965273,8,0,Model_1
17798,2044.7835693359375,3418.953470909386,9117.149476607214,3,0,Model_1
17799,5719.1982421875,3447.1247036556015,9136.941257531565,4,0,Model_1
17800,9902.439453125,3404.280023620464,9171.270539342644,6,0,Model_1
17801,2312.253662109375,3456.1596694348846,9160.804902351141,1,0,Model_1
17802,4441.89208984375,3450.751809138106,9176.957582981835,12,0,Model_1
17803,4106.36181640625,3411.786030600313,9197.720344117537,5,0,Model_1
17804,4624.14111328125,3393.645669809077,9200.208469869234,9,2,Model_1
17805,7194.66064453125,3305.914322313154,9205.17730256803,2,0,Model_1
17806,5628.72509765625,3280.4953535024542,9211.281035732158,3,3,Model_1
17807,5714.4365234375,3391.61449994531,9228.308958667243,11,0,Model_1
17808,4360.25927734375,3376.9396716910414,9243.711633480692,8,0,Model_1
17810,7644.8408203125,3956.372476911638,8970.784233964281,5,1,Model_1
17811,5390.21484375,3983.8564492370933,8974.021835618609,4,0,Model_1
17812,5329.3955078125,4034.07479373971,9001.650170495399,1,0,Model_1
17813,3872.537841796875,4100.47160759801,9006.237817948408,1,0,Model_1
17814,3733.546630859375,4081.7595271533355,9014.860588550058,0,1,Model_1
17815,4530.0390625,4095.56273611309,9030.413935752134,2,3,Model_1
17816,2430.59423828125,3993.107536093099,9033.879577328757,2,0,Model_1
17817,6239.35400390625,3988.669573791325,9055.776355738766,3,0,Model_1
17818,6035.74755859375,4057.058200001018,9057.90555265847,3,0,Model_1
17819,6612.61572265625,4013.0357866862323,9064.490448292257,3,2,Model_1
17820,3747.5390625,3992.218194409972,9093.928618214617,5,0,Model_1
17821,2231.17724609375,3999.4526115383487,9113.062245188179,8,1,Model_1
17822,2709.62255859375,4007.99848542409,9124.660662986556,7,1,Model_1
17823,6339.48583984375,3985.320272504352,9126.925164771077,4,0,Model_1
17824,7937.70068359375,4025.6868102252483,9131.682031624208,6,1,Model_1
17825,3981.71240234375,4048.7995669073425,9132.16778668719,2,1,Model_1
17826,3776.62109375,4073.1330969557166,9157.262776431875,2,1,Model_1
17827,4807.009765625,4091.4405545538757,9160.335398002993,0,0,Model_1
17828,5015.353515625,4035.2504555713385,9173.930534067535,3,0,Model_1
17829,5075.1591796875,4012.9828496812843,9188.537630406921,3,0,Model_1
17830,3870.3798828125,4086.580477177864,9192.130628129147,1,1,Model_1
17831,4161.0625,4049.8182590112556,9191.336286122518,1,0,Model_1
17832,5813.8583984375,4034.70865683374,9206.947394017538,8,1,Model_1
17833,2466.324951171875,4055.367438095156,9208.627576620842,1,0,Model_1
17834,2397.037841796875,4001.8085384194274,9212.867776725165,1,0,Model_1
17835,2227.400634765625,4064.2778868323658,9227.408280461372,2,0,Model_1
17836,5126.5400390625,4046.8358341846615,9227.951266302684,4,1,Model_1
17837,5087.6416015625,4115.130094429012,8969.870661169465,0,1,Model_1
17838,2537.80322265625,4152.855305763893,9004.65443308129,0,1,Model_1
17839,5278.80126953125,4116.409328661626,9018.88670315026,0,2,Model_1
17840,1488.9425048828125,4146.384562472114,9015.869722613628,0,0,Model_1
17841,2159.676025390625,4145.961987076094,9028.87029448108,0,1,Model_1
17842,13339.501953125,4119.129830394173,9050.705956072256,0,1,Model_1
17843,3017.44970703125,4188.301463955315,9081.388012232259,0,0,Model_1
17844,1787.17919921875,4208.909149498912,9095.16349590382,1,0,Model_1
17845,4479.1689453125,4116.733395196265,9107.432962241932,1,1,Model_1
17846,3965.490234375,4379.13292228803,9115.791658727525,1,0,Model_1
17847,2587.52197265625,4201.861162692308,9136.319491050948,0,1,Model_1
17848,4040.321533203125,4214.822443112498,9150.955379417705,0,0,Model_1
17849,2261.764404296875,4139.390893635806,9149.80087211165,0,3,Model_1
17850,2172.26611328125,4184.060059054522,9157.35498157474,2,2,Model_1
17851,1794.3636474609375,4152.327316679759,9162.972959675884,1,0,Model_1
17852,2850.24951171875,4165.384804352419,9166.230168170936,0,0,Model_1
17853,821.0709838867188,4175.5381219014525,9162.963951127444,1,0,Model_1
17854,2290.334228515625,4183.8271362327505,9173.438243390978,0,0,Model_1
17855,2998.589111328125,4200.145083088428,9177.520705578485,0,4,Model_1
17856,9540.3974609375,4378.401931297965,9186.27383517522,0,0,Model_1
17857,953.4666748046875,4170.580916629406,9179.042796988564,0,0,Model_1
17858,2698.40478515625,4164.299365590094,9190.78446837097,0,1,Model_1
17859,2282.2119140625,4185.266562445555,9189.96504373927,0,0,Model_1
17860,2900.625244140625,4201.750685464591,9192.833648183936,1,1,Model_1
17861,3859.026611328125,4244.360371229937,9202.835963164456,0,2,Model_1
17862,3623.578125,4175.789917916292,9203.955496105977,0,0,Model_1
17863,4453.85693359375,4208.1767775435,9211.927531561436,0,1,Model_1
17864,2899.559814453125,4188.638419499854,9211.533628364909,0,3,Model_1
17865,5182.78955078125,4262.67933687265,9227.38355111271,0,2,Model_1
17866,3355.448486328125,4202.451755538816,9228.821032822729,0,0,Model_1
17867,8279.96875,4531.607147478964,8984.716219085225,2,11,Model_1
17868,10566.16015625,4632.273537053494,8995.401417365196,1,13,Model_1
17869,4636.96142578125,4406.06082590064,9002.018461152242,4,6,Model_1
17870,3120.001220703125,4530.87845809781,9007.975054691837,0,8,Model_1
17871,2162.212646484375,4649.425126656657,9028.00600374538,0,0,Model_1
17872,4136.33935546875,4420.003512360388,9036.853281505231,0,0,Model_1
17873,5950.716796875,4544.081407453632,9057.568880240273,1,10,Model_1
17874,2051.20556640625,4399.127459217794,9068.532107054474,0,0,Model_1
17875,2468.88134765625,4680.643229278969,9095.735803687116,0,1,Model_1
17876,2691.47412109375,4434.616887656739,9104.89749745137,0,1,Model_1
17877,16045.0712890625,4650.4125168793835,9139.942693906181,1,3,Model_1
17878,7911.46533203125,4521.747975548729,9143.57172582217,1,19,Model_1
17879,8572.3857421875,4553.075174433412,9146.825931467742,1,6,Model_1
17880,3012.417724609375,4676.804145615781,9153.058963797725,0,2,Model_1
17881,9111.189453125,4584.002814011183,9158.251067187288,1,16,Model_1
17882,2311.7587890625,4632.899574677227,9166.970988801535,0,0,Model_1
17883,1736.830810546875,4655.238530443516,9165.459319045534,1,3,Model_1
17884,9852.6787109375,4525.264833964407,9176.448688314034,5,3,Model_1
17885,2579.009765625,4644.720638043014,9173.854932915914,1,1,Model_1
17886,20584.357421875,4460.915991714923,9196.575198636332,4,31,Model_1
17887,3113.65380859375,4619.842547326349,9176.559793744804,0,0,Model_1
17888,5282.54296875,4494.462862233166,9179.018950830927,1,3,Model_1
17889,2376.49169921875,4670.795565393288,9174.912465847578,0,0,Model_1
17890,4501.0205078125,4656.68440116127,9187.81394368218,1,2,Model_1
17891,2578.16064453125,4633.440452771261,9187.186348140807,0,0,Model_1
17892,6035.26904296875,4507.761558519676,9196.287455000842,0,5,Model_1
17893,5762.2685546875,4428.205986196641,9197.438959457417,0,5,Model_1
17894,15749.650390625,4484.344989461359,9228.375551270423,9,22,Model_1
17895,11500.478515625,4586.646902327891,9233.40426432062,0,1,Model_1
17896,8379.3330078125,4629.5281779447105,9237.702931670705,4,0,Model_1
17897,3820.958740234375,4786.355666229501,8965.230905446064,1,0,Model_1
17898,3578.3251953125,4765.236563185928,8966.583247541406,7,0,Model_1
17899,2242.86865234375,4798.558336352697,8974.496285836489,1,1,Model_1
17900,3032.5400390625,4772.130342195509,8985.847233510052,7,0,Model_1
17901,2110.380615234375,4785.58278595726,8984.905398602481,9,0,Model_1
17902,5819.97607421875,4805.073270535562,9019.477204668641,5,0,Model_1
17903,3742.677001953125,4764.140997344395,9026.970727227512,16,0,Model_1
17904,3001.283203125,4693.2790621991735,9039.362957117904,0,2,Model_1
17905,5939.908203125,4789.16823231848,9058.576247921796,13,0,Model_1
17906,3820.686279296875,4801.153170238715,9077.89216552263,3,0,Model_1
17907,4479.1259765625,4785.909154100809,9084.839346114299,12,0,Model_1
17908,6337.01171875,4752.649524374632,9086.890292309312,20,0,Model_1
17909,5569.3427734375,4735.183074672474,9115.02257598417,25,0,Model_1
17910,4083.051025390625,4748.200514350086,9131.044367705166,6,0,Model_1
17911,5675.44677734375,4720.624937989982,9160.12502190117,23,0,Model_1
17912,11014.2265625,4777.376169224968,9170.83300650955,23,0,Model_1
17913,6480.54345703125,4742.49206392956,9167.267387709056,22,0,Model_1
17914,4927.8740234375,4723.42691667797,9183.872615420245,12,0,Model_1
17915,5717.556640625,4748.365309548099,9226.781214834613,31,0,Model_1
17916,5913.1640625,4716.941443089163,9227.1661094827,32,0,Model_1
17917,5729.7822265625,5341.3131622928195,8968.715094034182,3,2,Model_1
17918,5063.36083984375,5423.558855110779,8965.903720367845,0,9,Model_1
17919,9817.5830078125,5514.234881047159,8972.922262794222,0,6,Model_1
17920,6959.39013671875,5314.418401848525,8975.718268936747,14,0,Model_1
17921,3881.19970703125,5338.968283134513,8989.304573091053,0,0,Model_1
17922,4413.1318359375,5315.8615106355865,8998.655976287177,10,0,Model_1
17923,15657.775390625,5478.387322261697,9012.291562500599,2,1,Model_1
17924,4931.1572265625,5331.490355783375,9010.507516632919,2,1,Model_1
17925,2798.5146484375,5312.576194076333,9021.04645847938,4,0,Model_1
17926,4047.618896484375,5327.00958355586,9030.614243476288,4,0,Model_1
17927,3082.390625,5305.155806947965,9046.405345701918,4,0,Model_1
17928,2911.960205078125,5300.245554497698,9061.483006218681,3,0,Model_1
17929,4034.6162109375,5272.124036503956,9072.895953902102,1,0,Model_1
17930,3596.5712890625,5312.904863828793,9094.656367618067,16,3,Model_1
17931,4331.41796875,5306.507311700378,9125.807751488013,2,0,Model_1
17932,3189.260009765625,5314.416100239614,9141.14189067803,2,1,Model_1
17933,3138.7734375,5293.698397790082,9144.500489502592,4,0,Model_1
17934,3171.701416015625,5316.621501897927,9156.61716379362,1,0,Model_1
17935,4324.47607421875,5295.066474126652,9160.051893684416,0,0,Model_1
17936,6840.2109375,5366.685178281739,9168.88468711148,1,2,Model_1
17937,3718.863525390625,5280.451257543173,9173.979109573833,0,0,Model_1
17938,2401.32666015625,5315.4242049425375,9171.470670428593,7,0,Model_1
17939,18251.783203125,5417.017682586331,9202.715142632427,1,7,Model_1
17940,10201.98046875,5283.028599201469,9214.52217015058,0,2,Model_1
17941,5921.48779296875,5346.669006228214,9217.455070901764,0,1,Model_1
17942,6482.01708984375,5327.167013605358,9230.043192561192,3,1,Model_1
17943,7156.60498046875,5303.16123266588,9232.619460777045,0,0,Model_1
17944,9247.275390625,5633.480778393103,8969.44354999045,1,6,Model_1
17945,4807.1005859375,5770.603732470889,9040.88080921107,1,8,Model_1
17946,2646.55078125,5736.998401086312,9055.02776302716,0,1,Model_1
17947,20372.478515625,5593.312639360316,9135.179644715885,0,0,Model_1
17948,9424.1474609375,5799.443352444796,9142.244819628308,0,15,Model_1
17949,3310.04052734375,5779.8700099457055,9148.423624029441,0,3,Model_1
17950,3311.990966796875,5758.572762372438,9199.912777514532,0,4,Model_1
17951,5579.42529296875,5699.254776880145,9215.078757133655,1,10,Model_1
17952,8696.2470703125,5788.760664846282,9225.309995227493,1,14,Model_1
17953,11350.853515625,5652.876897006063,9227.866479964418,1,7,Model_1
17954,6029.60498046875,5761.267025763402,9223.317163001833,2,6,Model_1
17955,6571.8828125,5543.318931887392,9229.468941757645,0,0,Model_1
17956,7474.875,5905.951225434896,8968.923703753957,4,29,Model_1
17957,6802.99658203125,5936.322335978039,8966.699122203703,4,4,Model_1
17958,6054.529296875,5991.970175901195,8969.314250824595,1,1,Model_1
17959,3264.92919921875,6033.469565527979,8967.779441463776,1,0,Model_1
17960,7173.6513671875,6057.7418727793265,8978.784531532496,17,0,Model_1
17961,2371.539794921875,6008.3824887222145,8975.210787374584,3,0,Model_1
17962,3619.92041015625,5924.758592488477,8984.256429838337,4,9,Model_1
17963,2949.03857421875,6031.444149686489,8982.205660281528,1,0,Model_1
17964,5193.7197265625,5903.242231746903,8994.51663659775,0,17,Model_1
17965,2774.773681640625,6040.0245477058925,8996.27454001113,3,1,Model_1
17966,3941.336181640625,6023.4640112710185,8998.629480556468,0,1,Model_1
17967,1597.5234375,5986.974763921229,8992.09616327846,1,0,Model_1
17968,3865.859619140625,6054.321221616119,9005.17074655369,6,1,Model_1
17969,8452.4580078125,5916.426307909656,9021.348156533044,5,33,Model_1
17970,4514.0263671875,5892.871181994909,9019.171267298065,2,20,Model_1
17971,3397.509521484375,6031.739676270634,9016.160292460394,5,0,Model_1
17972,4091.30029296875,5984.1051179312635,9025.185974807013,3,0,Model_1
17973,9297.6494140625,6042.163663027575,9032.264927499404,4,0,Model_1
17974,7456.201171875,6074.6255551052745,9046.494901271712,10,1,Model_1
17975,2871.455078125,6017.310429687146,9031.960756510874,7,0,Model_1
17976,6410.81787109375,5918.167244889773,9041.45965260794,1,18,Model_1
17977,20228.169921875,5847.408421823755,9063.956117722977,0,0,Model_1
17978,4102.4404296875,5994.624851618893,9061.745137314487,0,1,Model_1
17979,7067.7109375,6063.600388100836,9079.160427832525,7,0,Model_1
17980,7530.57470703125,5908.145119048655,9089.599039178705,1,9,Model_1
17981,5200.60693359375,5974.698442312889,9110.801806082367,1,2,Model_1
17982,4855.14208984375,6036.786644290201,9106.448380888818,3,0,Model_1
17983,7100.7841796875,6028.923887929181,9130.401404639983,7,0,Model_1
17984,4745.26904296875,5986.504315059865,9134.833610472837,1,2,Model_1
17985,10642.68359375,5942.158755854005,9168.608248321092,0,0,Model_1
17986,3695.96533203125,6055.385025254684,9148.211658183776,18,0,Model_1
17987,6637.47509765625,6058.220147110987,9182.641447133341,41,0,Model_1
17988,5118.17529296875,5887.3707970199175,9188.083670220789,1,14,Model_1
17989,2773.5966796875,6034.455574785359,9184.656889049205,2,0,Model_1
17990,5767.7685546875,6008.772381271701,9199.276703339332,0,1,Model_1
17991,8710.73046875,5904.548164642882,9202.961729566217,3,3,Model_1
17992,5710.56298828125,6047.3215685966425,9202.253763641696,19,0,Model_1
17993,3256.51318359375,5957.199770085979,9203.349980340194,0,0,Model_1
17994,9547.521484375,5839.212852814235,9210.890312023315,1,13,Model_1
17995,4737.04736328125,5942.235169269843,9213.449269695106,0,0,Model_1
17996,7044.0927734375,5882.748245683499,9219.996011476673,0,3,Model_1
17997,4532.17236328125,5994.064179688226,9216.786318658691,1,1,Model_1
17998,6725.97216796875,6030.585649562767,9220.23164684177,3,0,Model_1
17999,3400.156005859375,5967.9786649369635,9219.606877511673,0,0,Model_1
18000,4934.88916015625,6056.107270130888,9223.399653043438,37,0,Model_1
18001,7467.89013671875,5952.638901868369,9238.486145470437,3,0,Model_1
18002,5360.2705078125,6015.843844489194,9235.087096496994,2,0,Model_1
18003,4081.837158203125,5975.161065703956,9235.967461309323,1,0,Model_1
18004,2575.89794921875,6001.15911931661,9244.14934295199,0,1,Model_1
18005,5995.59130859375,6096.40475958446,8966.331361461474,5,0,Model_1
18006,3366.519775390625,6109.062227628427,8982.360218710659,4,0,Model_1
18007,4249.9365234375,6098.566890995251,8998.607577419083,13,0,Model_1
18008,4144.19580078125,6080.9655670109205,9006.712621442697,9,0,Model_1
18009,2553.51318359375,6090.113081465941,9022.471928791478,6,0,Model_1
18010,4386.37158203125,6089.690506069921,9044.078667269336,9,0,Model_1
18011,3890.67333984375,6119.127623717068,9056.459062400012,17,1,Model_1
18012,5194.63037109375,6110.108999361051,9098.72823151329,25,1,Model_1
18013,6048.32373046875,6116.3472801528405,9142.335258389125,8,0,Model_1
18014,4121.482421875,6079.96666874364,9162.095421074831,6,0,Model_1
18015,4384.7705078125,6099.515614188276,9160.872731421754,15,1,Model_1
18017,6418.99609375,6109.804266341263,9179.721087694692,5,2,Model_1
18018,5860.27734375,6080.251607926795,9190.429602217686,10,0,Model_1
18021,6470.9365234375,6096.562189633958,9213.856774033397,17,0,Model_1
18022,1913.8873291015625,6075.615246936912,9227.01049122434,4,0,Model_1
18023,3486.917724609375,6087.6314867383335,9231.910435023296,18,0,Model_1
18024,1928.7169189453125,6078.4881151793525,9247.210306401597,0,0,Model_1
18036,2265.42236328125,1289.5081289043883,9246.989155369287,1,0,Model_1
18037,4537.77392578125,1223.3409005349386,9262.138354358962,5,6,Model_1
18038,2502.88330078125,1260.2375326619367,9260.068154599634,1,2,Model_1
18039,4581.287109375,1288.731220816553,9268.201460736003,1,5,Model_1
18040,2257.158203125,1273.8877997095697,9265.44784776261,1,0,Model_1
18041,3367.616943359375,1202.5122605359065,9286.864876808599,0,0,Model_1
18042,8870.486328125,1218.2999166985392,9308.590492798234,4,7,Model_1
18043,6061.83740234375,1242.0284688447136,9312.87909177065,1,0,Model_1
18044,3932.48583984375,1210.0075650343206,9417.774276538461,0,1,Model_1
18045,2497.0166015625,1197.3990061797085,9428.96307034009,0,0,Model_1
18046,4005.484130859375,1306.0461095719365,9246.094836138785,1,1,Model_1
18047,4352.35546875,1351.0562583507854,9265.089978759846,1,0,Model_1
18048,3236.819580078125,1466.47676660656,9272.215563938284,2,0,Model_1
18049,5059.54638671875,1320.561091087351,9283.261810708704,3,5,Model_1
18050,4297.2587890625,1355.2844290003413,9284.189691198102,2,0,Model_1
18051,2712.864013671875,1337.6979503934854,9291.774888985223,0,0,Model_1
18052,5456.96142578125,1311.0380691385362,9308.296213549169,0,0,Model_1
18053,9446.7080078125,1334.757299768622,9320.351771021364,5,3,Model_1
18054,12245.423828125,1407.0465776798665,9325.88001691451,3,0,Model_1
18055,5510.126953125,1479.8552136418293,9342.800367182921,2,0,Model_1
18056,2979.58203125,1452.0768655366846,9352.428562445843,0,0,Model_1
18057,5125.802734375,1305.6317048875499,9382.635815111556,2,3,Model_1
18058,7003.79052734375,1437.1091575485189,9383.501165676484,6,8,Model_1
18059,15999.107421875,1431.073073099542,9423.73404956574,2,5,Model_1
18060,3171.055908203125,1317.2693300231476,9416.08861815081,1,1,Model_1
18061,5198.5693359375,1345.3223751517944,9423.710733322718,4,0,Model_1
18062,2915.595947265625,1392.827007668151,9447.96863461523,1,2,Model_1
18063,3132.578857421875,1517.5120671920595,9469.26713942585,1,3,Model_1
18064,17430.501953125,1532.9009696108988,9504.677623688025,5,5,Model_1
18065,2639.799560546875,1494.5803320507985,9510.880097608591,0,0,Model_1
18066,2085.794921875,1467.7950131102116,9520.166674583583,0,0,Model_1
18067,4438.43017578125,1692.475313050265,9269.02901072512,0,0,Model_1
18068,7443.1591796875,1591.941611229442,9309.951843442017,2,0,Model_1
18069,6291.919921875,1863.3459530237596,9315.216191857311,10,0,Model_1
18070,3260.848876953125,1636.878568844928,9318.61400436332,1,1,Model_1
18071,5604.12548828125,1778.9896848346107,9326.398273407161,0,3,Model_1
18072,1741.671142578125,1678.8127323949593,9334.49377896772,1,1,Model_1
18073,8992.6181640625,1604.7355646818178,9344.469421579328,4,5,Model_1
18074,5622.5244140625,1630.2384271373157,9349.335097566567,1,3,Model_1
18075,4382.00146484375,1801.313219821197,9364.051003040062,0,1,Model_1
18076,1932.1865234375,1632.1744254726218,9368.61091829493,1,1,Model_1
18077,3542.53564453125,1806.3326836142805,9408.102628277178,0,0,Model_1
18078,10061.1865234375,1636.099589309073,9475.906616264896,2,2,Model_1
18079,2596.91845703125,1787.2078096114565,9475.693590590003,2,2,Model_1
18080,4156.1982421875,1809.3433031500317,9517.976360845045,0,0,Model_1
18081,8421.087890625,1872.8297325406456,9249.800352397418,1,0,Model_1
18082,2169.658447265625,1943.4306652353844,9254.88912243722,16,2,Model_1
18083,3709.709716796875,1998.007796693244,9275.873211243437,17,0,Model_1
18084,5886.6513671875,1976.689144157106,9285.243691365671,29,1,Model_1
18085,6881.00634765625,2022.2669847737998,9301.458195368017,17,4,Model_1
18086,8560.259765625,1949.7085337004391,9303.168406466124,24,0,Model_1
18087,6999.7783203125,1997.7679690447403,9298.016399949032,14,2,Model_1
18088,12806.3896484375,1975.981859738822,9320.035411996709,15,2,Model_1
18089,4914.4619140625,2012.1334610613994,9351.668664889134,0,1,Model_1
18090,8998.3466796875,1991.4569574113702,9356.465451976532,18,29,Model_1
18091,9775.2216796875,1986.304575703689,9393.92387958424,10,8,Model_1
18092,5202.328125,1938.3887607554207,9439.655864062865,2,3,Model_1
18094,2904.126708984375,2617.209411800606,9242.430123305443,6,0,Model_1
18095,4756.03466796875,2597.9546119747683,9250.165110290167,15,0,Model_1
18096,5498.37451171875,2636.3070117378375,9254.214187856982,26,0,Model_1
18097,2769.7841796875,2613.6624023081968,9258.708570337898,9,1,Model_1
18098,6190.12646484375,2622.362714151852,9277.768185903682,21,0,Model_1
18099,4120.05419921875,2597.9810804772424,9276.123507579527,4,1,Model_1
18100,3275.0029296875,2598.288575427723,9295.033863862322,2,0,Model_1
18101,9571.8701171875,2618.9722140653757,9312.634624495317,40,0,Model_1
18102,3454.307373046875,2638.5345088416943,9301.025961681065,9,0,Model_1
18103,5043.22021484375,2660.0506394223776,9311.189900618905,7,0,Model_1
18104,7349.78369140625,2694.5595824653283,9323.874290099906,4,0,Model_1
18105,1728.578125,2714.4116498035146,9312.951336796381,2,0,Model_1
18106,3396.325439453125,2645.2105556483148,9321.19274551404,16,1,Model_1
18107,5034.24462890625,2670.381411018432,9331.44429700142,22,1,Model_1
18108,3585.726318359375,2635.965222814586,9332.633072119192,11,0,Model_1
18109,3808.638671875,2623.5917733102106,9345.894008700401,3,0,Model_1
18110,2278.59375,2655.296666217153,9341.919119179569,28,1,Model_1
18111,5693.18115234375,2704.7814879599027,9349.849468018714,11,0,Model_1
18112,3353.150390625,2677.34930183494,9348.648504864817,26,0,Model_1
18113,3390.228271484375,2642.2799170222133,9352.55715505888,16,0,Model_1
18114,2526.472900390625,2663.767277491512,9360.04732149186,16,1,Model_1
18115,3945.744873046875,2683.23980952031,9363.148735090348,29,0,Model_1
18116,1881.7518310546875,2652.023548185127,9363.262490094188,13,0,Model_1
18117,4001.574951171875,2627.9006153520895,9367.184741430014,8,0,Model_1
18118,1441.607421875,2716.2407384049147,9364.264381991365,2,0,Model_1
18119,8232.017578125,2696.5332121063257,9379.260082381137,57,0,Model_1
18120,1258.2684326171875,2658.309011959587,9374.107722587636,5,0,Model_1
18121,5860.02880859375,2643.6484536805656,9384.023131571434,3,0,Model_1
18122,3921.74853515625,2666.706432070583,9383.74086372029,37,0,Model_1
18123,5553.31982421875,2704.201022192603,9405.669613645354,41,1,Model_1
18124,5982.7119140625,2660.5795491500758,9406.034548176307,17,1,Model_1
18125,2590.2275390625,2686.8291686166776,9406.126400042762,12,0,Model_1
18126,6117.47216796875,2675.0267482830677,9425.891331959996,8,2,Model_1
18127,840.4927978515625,2697.2543061780743,9424.057827394994,2,0,Model_1
18128,2718.469482421875,2690.020579532371,9434.752740776225,17,1,Model_1
18129,7151.7783203125,2703.285672328784,9453.883011623897,26,0,Model_1
18130,16271.826171875,2885.0370533475652,9259.229299765415,3,6,Model_1
18131,4251.2978515625,2953.7221267849673,9273.988658237271,0,0,Model_1
18132,2545.112060546875,2807.745803870959,9272.95479482504,0,0,Model_1
18133,5164.37451171875,2947.8518732580123,9299.21100412756,1,2,Model_1
18134,5670.732421875,2847.849267693353,9324.522728949436,2,7,Model_1
18135,3178.63232421875,2869.1232690166216,9319.048710985138,1,1,Model_1
18136,7364.61181640625,2720.928885595291,9328.967476094826,1,1,Model_1
18137,2389.53125,2935.525606736308,9338.430161359924,1,1,Model_1
18138,8210.8583984375,2796.664017287316,9352.197166397658,0,18,Model_1
18139,11143.16796875,2768.256639466854,9383.808516152698,3,3,Model_1
18140,9406.240234375,2916.2544654872036,9383.026008905785,4,8,Model_1
18141,4305.77783203125,2877.4590060088085,9378.376891357533,1,3,Model_1
18142,1412.559814453125,2714.040170125314,9382.486732466772,4,0,Model_1
18143,1719.529296875,2719.532499469118,9391.980152779492,16,0,Model_1
18144,4117.67578125,2725.1571713252924,9405.214946906402,15,0,Model_1
18145,5068.00439453125,2895.02856779017,9410.051830866272,1,0,Model_1
18146,6754.015625,2754.754941274412,9423.068830086762,42,0,Model_1
18147,3355.719482421875,2964.4915850394173,9414.917153577102,0,0,Model_1
18148,5745.09130859375,2811.8378343534423,9421.798094842,1,0,Model_1
18149,3100.1083984375,2733.078618713538,9421.480675988118,19,1,Model_1
18150,4684.595703125,2713.7867629842367,9427.433560125413,23,0,Model_1
18151,2127.208251953125,2738.1870396910235,9434.582638185078,8,0,Model_1
18152,7412.42578125,2917.8869966876227,9449.03129005483,1,2,Model_1
18153,3701.859130859375,2721.3362703724997,9446.739409348578,10,0,Model_1
18154,1869.5455322265625,2764.525961583364,9445.241164096136,11,1,Model_1
18155,4030.53662109375,2957.561210448155,9448.70309627046,1,2,Model_1
18156,4653.0595703125,2739.7542051983764,9450.47371763458,24,0,Model_1
18157,891.2642822265625,2754.4301842571003,9444.80840049457,7,0,Model_1
18158,2165.045654296875,2972.897290942492,9445.771608624913,1,3,Model_1
18159,5743.1044921875,2941.3123118598014,9456.877559108529,5,0,Model_1
18160,4273.40087890625,2828.250377335353,9456.00319999516,3,1,Model_1
18161,2834.8232421875,2975.354258454754,9460.454836030534,3,1,Model_1
18162,10492.861328125,2858.9996422225377,9473.868388020623,18,2,Model_1
18163,4876.42578125,2778.456909837667,9468.790216273104,17,1,Model_1
18164,2891.999755859375,2748.7192020667717,9463.35558862846,14,0,Model_1
18165,5108.16015625,2759.199117920245,9471.442792193397,39,0,Model_1
18166,5069.0390625,2727.7457908672513,9472.964706965271,4,1,Model_1
18167,3064.552734375,2808.9640454674372,9469.642318972677,14,0,Model_1
18168,2281.2578125,2790.119622510392,9476.942952611993,24,0,Model_1
18169,5063.86962890625,2741.9474083294626,9491.505359485585,5,0,Model_1
18170,5344.34814453125,2772.3146061374573,9493.43884127446,20,0,Model_1
18171,11674.30078125,2927.6170483579626,9506.575777835955,5,4,Model_1
18172,3002.006103515625,2954.678215126507,9503.304085008116,2,3,Model_1
18173,4273.7060546875,2795.930264366558,9504.805686386448,22,0,Model_1
18174,5383.5478515625,2847.5836620250484,9514.425756291952,25,0,Model_1
18175,3101.734619140625,2783.1252631914103,9514.001294686008,5,0,Model_1
18176,3582.600341796875,2861.1882421358023,9522.251888590312,36,2,Model_1
18177,3066.38818359375,2810.7231651579496,9517.912241176731,26,0,Model_1
18178,1531.3277587890625,2992.8285336272093,9514.632069715066,1,0,Model_1
18179,4662.49169921875,3233.7517479724484,9246.504813411942,0,15,Model_1
18180,6779.5029296875,3260.115757401916,9247.509531520394,1,2,Model_1
18181,4502.61279296875,3239.4583571058465,9264.275853274288,4,0,Model_1
18182,2668.86328125,3155.3927821221296,9266.07756296244,0,0,Model_1
18183,3104.966064453125,3058.4234669409925,9269.140292794094,0,0,Model_1
18184,7627.07080078125,3025.7781366331037,9357.84905903411,1,14,Model_1
18185,2428.60302734375,3078.328931605909,9358.255503543172,0,0,Model_1
18186,4942.45751953125,3061.1996676091803,9392.198830876936,1,7,Model_1
18187,3493.786376953125,3229.0587674033595,9390.06769093698,4,0,Model_1
18188,2873.23046875,3207.7640515998937,9395.420535092839,2,0,Model_1
18189,3332.4990234375,3164.7361634954577,9399.155373293455,0,0,Model_1
18190,4368.291015625,3253.801063194289,9407.855158152364,9,0,Model_1
18191,3780.48876953125,3244.2537592714652,9421.756054949277,3,0,Model_1
18192,3750.654052734375,3272.9817512131995,9416.72769517549,13,0,Model_1
18193,6547.20556640625,3145.69057991961,9442.012394352045,4,2,Model_1
18194,6305.35693359375,2996.0176429339917,9449.529763068553,2,3,Model_1
18195,3999.70556640625,3242.3201776255155,9466.766825638028,30,0,Model_1
18196,4726.595703125,3162.758851280203,9468.746763274743,1,1,Model_1
18197,3171.291015625,3223.2582526264014,9471.117601258506,24,1,Model_1
18198,5927.1142578125,3041.617578996229,9479.91153428053,0,0,Model_1
18199,2739.9326171875,3259.8441675504437,9474.42727130036,29,0,Model_1
18200,1799.6343994140625,3209.388527169125,9473.498684258142,12,1,Model_1
18201,11101.0146484375,3023.761927227257,9497.235149570319,0,4,Model_1
18202,10967.130859375,3091.420252929558,9491.065000441216,5,3,Model_1
18203,9245.1796875,3059.7415983641986,9495.502858696622,1,0,Model_1
18204,3584.1669921875,3252.7938791349297,9488.360316250531,14,0,Model_1
18205,3288.020751953125,3127.1635488313623,9483.38901061687,1,0,Model_1
18206,6609.44482421875,3148.74044188729,9489.248453143868,4,1,Model_1
18207,2395.744384765625,3233.334005955141,9484.812714546919,27,0,Model_1
18208,2029.8780517578125,3203.1433415506035,9490.322236790365,19,0,Model_1
18209,2290.80224609375,3217.4407059435034,9488.644350483723,14,1,Model_1
18210,3774.58056640625,3238.9533841108205,9499.013189739038,14,0,Model_1
18211,6283.0029296875,3166.2501618369715,9503.145640538482,41,1,Model_1
18212,7167.5908203125,3216.855406797491,9508.990775370898,34,0,Model_1
18213,5169.5302734375,3006.4934158914257,9513.563408576505,3,0,Model_1
18214,3013.448974609375,3139.140891442192,9515.123830477009,28,2,Model_1
18215,4678.07568359375,3182.8341746827355,9518.72566010947,26,1,Model_1
18216,6843.03076171875,3357.7757854171796,9253.785486934124,8,0,Model_1
18217,4840.29150390625,3324.914103871677,9254.914028424086,4,3,Model_1
18218,6583.00244140625,3341.7248251951532,9276.937633065085,10,0,Model_1
18219,5331.37841796875,3315.215584243415,9275.45122257236,4,2,Model_1
18220,6196.59765625,3402.935423694784,9286.339378149554,6,0,Model_1
18221,6852.666015625,3286.4314330442576,9288.813549483079,3,0,Model_1
18222,3699.85791015625,3270.2016378098633,9304.045415152563,3,0,Model_1
18223,3171.001220703125,3349.871830256656,9306.498036625111,8,0,Model_1
18224,5159.31005859375,3333.8860055668047,9324.457726090099,6,0,Model_1
18225,5399.04296875,3273.4519699136727,9326.261908713117,4,1,Model_1
18226,6941.6298828125,3293.676667734515,9329.73284943588,5,0,Model_1
18227,3218.810302734375,3351.442908499157,9321.351366621879,6,0,Model_1
18228,5315.6748046875,3315.9210273745703,9327.384444504118,2,0,Model_1
18229,3000.46142578125,3364.377950577764,9328.08499162404,12,0,Model_1
18230,4847.8955078125,3352.3863379916875,9344.38004264774,21,1,Model_1
18231,5593.60595703125,3315.7072079067584,9359.665076416844,7,0,Model_1
18232,6283.82568359375,3347.3877037592465,9366.8773909538,31,0,Model_1
18233,2341.81201171875,3301.340795246535,9370.436650778924,4,0,Model_1
18234,3412.354736328125,3269.6499421539484,9378.204315831521,5,0,Model_1
18235,3821.502685546875,3323.1368014707696,9379.933427217533,9,0,Model_1
18236,5230.5322265625,3283.9562828216003,9385.374237199343,5,0,Model_1
18237,3845.525390625,3306.69456773391,9387.528340105913,11,0,Model_1
18238,4563.05419921875,3374.1167483619647,9387.983360121274,19,0,Model_1
18239,3100.297607421875,3292.6715551231755,9401.986707076925,40,2,Model_1
18240,5625.09033203125,3358.5969994765474,9406.322998364616,29,0,Model_1
18241,2937.322265625,3301.687417548499,9411.269927926027,15,0,Model_1
18242,3825.2587890625,3318.054618834867,9415.619290440867,19,0,Model_1
18243,4207.35791015625,3285.150127363624,9430.171275660381,18,1,Model_1
18244,4634.908203125,3324.083683376666,9431.52944681648,18,0,Model_1
18245,3179.0205078125,3301.7856962489896,9432.183008173946,32,0,Model_1
18246,4754.287109375,3276.7600724011427,9477.360525327953,36,0,Model_1
18247,6837.57080078125,3274.8039349878673,9503.607019529212,31,0,Model_1
18251,2695.2255859375,4062.869302178966,9242.045228657356,3,0,Model_1
18252,4271.60693359375,4062.3017254215665,9261.832063711976,6,0,Model_1
18253,2157.744140625,4076.844211163465,9272.736116727596,7,1,Model_1
18254,5918.78076171875,4093.542844132986,9285.40602187581,5,1,Model_1
18255,4142.98046875,4097.1812274991535,9304.944856891001,6,1,Model_1
18256,3338.763427734375,4078.247271955479,9312.497376610248,2,0,Model_1
18257,2910.154541015625,4097.553167499136,9322.041492087723,10,0,Model_1
18258,6651.55322265625,4056.221795322839,9331.62128848255,11,1,Model_1
18259,3557.823486328125,4111.796904404415,9329.932803883625,2,0,Model_1
18260,3755.1103515625,4081.0345203464385,9330.401601678954,8,1,Model_1
18261,5510.46630859375,4091.5597778954543,9349.228231452711,14,1,Model_1
18262,6825.240234375,4069.49701519846,9355.386899098507,28,1,Model_1
18263,5666.75390625,4089.8073328707833,9380.781113961988,24,0,Model_1
18264,5502.17333984375,4371.94039444183,9251.13803352177,0,5,Model_1
18265,4328.56298828125,4336.392505136551,9247.516950324993,0,9,Model_1
18266,5355.21142578125,4392.635080802254,9256.218678204154,0,6,Model_1
18267,20925.046875,4170.133483857149,9269.534195990622,1,7,Model_1
18268,6742.25341796875,4393.146958624013,9281.740425851443,1,3,Model_1
18269,11661.818359375,4341.0923905323725,9317.225628074215,1,7,Model_1
18270,5485.90576171875,4116.365137770539,9350.021160353703,9,3,Model_1
18271,3032.08154296875,4168.773693312658,9352.358083802159,7,0,Model_1
18272,4373.4306640625,4187.5608062078245,9361.504586680807,13,0,Model_1
18273,2902.507568359375,4166.250669624656,9369.18340271643,16,0,Model_1
18274,3024.521240234375,4149.703482521465,9375.185038998228,12,0,Model_1
18275,5122.98828125,4376.53762808023,9379.044053856764,0,1,Model_1
18276,3446.624755859375,4184.457777074305,9378.342623545817,3,1,Model_1
18277,11218.1298828125,4301.285143776797,9395.800307232988,9,1,Model_1
18278,3211.707275390625,4135.205187670654,9383.888003344822,11,0,Model_1
18279,2707.6396484375,4161.693483981304,9387.200499597951,15,0,Model_1
18280,2999.794677734375,4281.835627837107,9396.664597968687,6,0,Model_1
18281,2965.921142578125,4177.375726455823,9400.268193983196,22,0,Model_1
18282,4464.70751953125,4133.323392225197,9404.920667657338,30,1,Model_1
18283,1107.440185546875,4151.967345046112,9399.717082784467,1,0,Model_1
18284,4658.29248046875,4166.31327338703,9410.086805230807,24,2,Model_1
18285,5754.58251953125,4287.737413406139,9428.484910719912,9,0,Model_1
18286,4944.40771484375,4140.8284785614815,9435.16678072809,30,0,Model_1
18287,3303.37646484375,4357.847182759317,9426.261035722477,13,0,Model_1
18288,4955.7509765625,4154.708100937074,9438.248764124059,39,1,Model_1
18289,2411.70703125,4167.353600614704,9428.101075901053,14,1,Model_1
18290,4221.3173828125,4363.423981150147,9445.235511673585,75,0,Model_1
18291,4141.42529296875,4282.069931624224,9457.381154630188,26,0,Model_1
18292,6060.9765625,4338.073139963206,9459.734682069888,47,0,Model_1
18293,5930.53369140625,4303.993216821225,9469.373122348683,39,0,Model_1
18294,4538.30078125,4357.624387016753,9465.577697243847,47,0,Model_1
18295,3347.084228515625,4659.078534750268,9292.349316426975,6,0,Model_1
18296,3285.324462890625,4670.292894007172,9306.811216162081,31,1,Model_1
18297,3505.123046875,4394.421129317023,9310.023735191338,0,1,Model_1
18298,2154.21484375,4655.797821408836,9311.280516017927,19,1,Model_1
18299,3009.546875,4642.287377102533,9323.557754437046,20,0,Model_1
18300,2689.27294921875,4624.767069751862,9332.591915417492,14,0,Model_1
18301,3246.797607421875,4621.201417227276,9350.36419174727,21,0,Model_1
18302,5349.4580078125,4625.063516979571,9375.622748469526,27,1,Model_1
18303,9244.9814453125,4523.023987528868,9383.586835205773,3,1,Model_1
18304,3662.531982421875,4578.195854729274,9374.8584349577,10,0,Model_1
18305,2426.975830078125,4603.768110693432,9375.219483448149,20,0,Model_1
18306,4748.43994140625,4397.709207806969,9383.80039079528,0,0,Model_1
18307,3018.871337890625,4559.442805645987,9387.04664772164,11,0,Model_1
18308,2862.36669921875,4617.62747891061,9391.264591412168,7,0,Model_1
18309,2532.131591796875,4414.913274093298,9393.501184360342,1,0,Model_1
18310,12199.376953125,4467.376147605712,9405.008633483289,6,0,Model_1
18311,4172.017578125,4504.480845178245,9398.440341840746,1,0,Model_1
18312,4247.6650390625,4595.279316708678,9402.241772644542,3,0,Model_1
18313,4958.4501953125,4659.874891433399,9396.636335855932,4,0,Model_1
18314,5795.09033203125,4564.01057869033,9407.514423055458,23,2,Model_1
18315,4603.38623046875,4545.920853295131,9406.632998413901,25,0,Model_1
18316,11018.87890625,4489.4577834957745,9421.676567757153,35,2,Model_1
18317,6254.00341796875,4622.201696459902,9414.408788823916,44,0,Model_1
18318,3390.0361328125,4577.882835917408,9413.404070715464,36,0,Model_1
18319,3741.79736328125,4642.779000765877,9413.364857034016,9,0,Model_1
18320,6848.6611328125,4593.83896985231,9428.09047760877,22,1,Model_1
18321,4929.1953125,4613.427042648429,9437.380410709651,25,0,Model_1
18322,4700.0537109375,4549.328615448438,9435.946285125523,19,0,Model_1
18323,6416.07177734375,4441.013058819808,9450.581290301256,35,1,Model_1
18324,3726.459228515625,4487.844355649315,9446.152087317882,5,1,Model_1
18325,7062.20654296875,4593.454601164209,9457.534829868295,8,1,Model_1
18326,2528.833251953125,4448.999181418447,9465.580523455123,23,0,Model_1
18327,5301.93212890625,4407.812810603529,9474.611504947883,17,1,Model_1
18328,7265.900390625,4425.024702360155,9508.394268153555,13,0,Model_1
18329,7229.85498046875,4451.593554982683,9515.077727905576,28,1,Model_1
18330,5982.63427734375,4743.699948285939,9265.129898994113,9,0,Model_1
18331,1651.0985107421875,4685.6179267787375,9303.17352897406,7,0,Model_1
18332,2221.7998046875,4720.871670465218,9326.300769118156,8,2,Model_1
18333,2373.302978515625,5339.912863431498,9247.685816448706,2,1,Model_1
18334,3671.587646484375,5355.619042638689,9251.806962403047,3,0,Model_1
18335,2689.961181640625,5324.73007009062,9250.697144562786,3,1,Model_1
18336,4621.7763671875,5371.433857786469,9263.27873060864,0,0,Model_1
18337,5940.38427734375,5315.3215531851165,9269.298560625524,3,1,Model_1
18338,3348.370361328125,5354.864114915952,9273.09062960447,0,0,Model_1
18339,4171.4970703125,5340.01781679783,9283.61226090687,1,1,Model_1
18340,9760.5048828125,5325.328028085642,9304.077739944027,1,0,Model_1
18341,3543.386962890625,5353.157702069497,9296.64833705347,3,0,Model_1
18342,7291.39697265625,5479.732842830941,9308.389655159466,0,0,Model_1
18343,5066.26904296875,5374.177375608124,9307.09966635039,0,0,Model_1
18344,8349.1484375,5338.158577119699,9331.262359650558,1,0,Model_1
18345,11386.810546875,5391.565570607316,9333.843573736143,3,1,Model_1
18346,5110.958984375,5355.622264891164,9342.607478263366,1,1,Model_1
18347,5723.73779296875,5457.59826993593,9369.85021193925,0,0,Model_1
18348,5171.54150390625,5490.123226097785,9394.825617619339,0,0,Model_1
18349,4208.79052734375,5506.574666270288,9406.59625766732,0,2,Model_1
18350,6353.611328125,5423.912842561258,9408.180702363665,1,0,Model_1
18351,5645.716796875,5445.2947893424425,9422.64931435055,4,1,Model_1
18352,6649.69580078125,5493.246509389719,9428.487383654778,1,1,Model_1
18353,5617.97216796875,5426.191435382934,9457.798197431533,0,0,Model_1
18354,2539.622802734375,5503.048141097184,9459.547268934679,1,0,Model_1
18355,4045.877685546875,5439.886468723882,9477.69419489667,0,0,Model_1
18356,2743.710205078125,5469.561572732404,9479.12125495261,0,0,Model_1
18357,5220.61474609375,5503.166443795199,9483.228269850573,0,0,Model_1
18358,6223.6640625,5475.373595553916,9498.766779443453,0,1,Model_1
18359,3720.8486328125,5455.125421322184,9495.000323004191,1,0,Model_1
18360,7103.5380859375,5493.797974884743,9512.404661953537,3,0,Model_1
18361,7131.62353515625,5514.668964487733,9520.889654755505,0,2,Model_1
18362,17303.125,5779.736056307098,9262.324707664942,2,21,Model_1
18363,7702.56787109375,5707.192565691657,9286.954609016597,1,8,Model_1
18364,5633.3984375,5591.064888098044,9301.616816475856,0,3,Model_1
18365,6582.32861328125,5578.444706118433,9373.018041502713,0,8,Model_1
18366,5859.18798828125,5764.532548486022,9380.12861243375,1,3,Model_1
18367,5119.06298828125,5612.31472252775,9386.649211761018,0,0,Model_1
18368,5410.40478515625,5561.101622653892,9395.066728768783,1,8,Model_1
18369,7432.22802734375,5796.487165959785,9401.090268187967,2,0,Model_1
18370,7654.49560546875,5767.229573807679,9415.279085258575,0,6,Model_1
18371,11764.92578125,5666.691614010371,9422.887069374105,3,35,Model_1
18372,9415.498046875,5733.04745923006,9424.673234900241,0,1,Model_1
18373,5968.373046875,5798.658964128001,9447.117061830271,0,0,Model_1
18374,2379.95361328125,5515.920119091636,9465.141754154596,3,0,Model_1
18375,6015.9384765625,5785.559126851382,9477.969043943216,0,0,Model_1
18376,2693.24072265625,5524.418119512033,9477.15986432739,0,0,Model_1
18377,3051.216796875,5540.866797753843,9478.856827560143,1,0,Model_1
18378,3277.240966796875,5530.858941887971,9493.998431107015,0,0,Model_1
18379,3953.006591796875,5769.977694847155,9501.908819829026,0,0,Model_1
18380,5349.3486328125,5788.970111257164,9505.073999819419,2,0,Model_1
18381,7622.72412109375,5572.536936366232,9516.948503131774,1,1,Model_1
18382,7253.01416015625,5642.475466016447,9514.631009885838,0,1,Model_1
18383,6485.587890625,5703.9523606670555,9517.544480434502,5,2,Model_1
18384,4551.79638671875,5608.040634780424,9515.091858961954,2,0,Model_1
18385,2729.640625,5910.35512392479,9242.06218592501,0,0,Model_1
18386,11600.73046875,5813.810915909475,9257.476342221766,1,4,Model_1
18387,7244.28955078125,6029.218493869761,9259.284410885288,3,1,Model_1
18388,7866.52392578125,6052.1471218389925,9249.77385666671,20,0,Model_1
18389,6074.5810546875,6002.71086404426,9268.020406576165,0,0,Model_1
18390,4681.416015625,5983.772765604546,9272.156390139702,2,0,Model_1
18391,5958.8857421875,6044.562860156177,9279.633661983738,45,0,Model_1
18392,6806.7734375,5801.872010167455,9297.509448301484,0,1,Model_1
18393,10212.2294921875,5870.441542837536,9302.846924933532,3,1,Model_1
18394,7601.0693359375,5957.073181595886,9303.787700011875,2,0,Model_1
18395,10436.2529296875,5982.372006421443,9329.624216939977,2,0,Model_1
18396,5148.470703125,6014.37449736055,9326.461686522656,3,0,Model_1
18397,4727.00537109375,5949.536333056632,9322.981383975042,1,0,Model_1
18398,6100.24267578125,5937.888811002718,9335.672662346027,0,2,Model_1
18399,4558.248046875,5877.848120312439,9335.795249260103,0,0,Model_1
18400,5577.77197265625,6032.442127310205,9339.5966800639,11,0,Model_1
18401,5454.34326171875,6031.515039240941,9362.665452962232,2,0,Model_1
18402,3464.95556640625,5893.227010732517,9370.079311690773,0,0,Model_1
18403,2285.455322265625,5876.311105881818,9372.601351977777,0,1,Model_1
18404,1787.102783203125,6016.040401890175,9385.24617450092,1,1,Model_1
18405,7277.11767578125,5987.511499119224,9402.289818236226,9,0,Model_1
18406,5167.962890625,6007.695228301454,9403.601356906278,0,0,Model_1
18407,3647.21484375,5933.723819517763,9418.142920471713,7,0,Model_1
18408,5158.5947265625,5948.750103452709,9424.73717793035,3,0,Model_1
18409,11035.7734375,5873.411999297794,9430.88100796695,1,1,Model_1
18410,4845.513671875,5959.070517808665,9440.15186414172,0,0,Model_1
18411,7149.689453125,5899.217178083723,9449.161295773505,5,0,Model_1
18412,6655.9248046875,5943.6345474876,9454.556709736702,1,1,Model_1
18413,7730.64111328125,5833.2300506115425,9459.939759025568,6,2,Model_1
18414,4905.77978515625,5861.173884397373,9459.740511130643,5,1,Model_1
18415,5371.568359375,5810.567488632398,9466.918204579473,2,0,Model_1
18416,6534.8681640625,5832.308026081882,9488.384515684578,5,0,Model_1
18417,9360.666015625,5898.425884940196,9493.842459572246,3,0,Model_1
18418,6754.73974609375,5811.442100018496,9495.804910026694,5,1,Model_1
18419,4184.9921875,6095.295844411245,9254.828358894796,0,0,Model_1
18420,6905.07861328125,6078.000634412048,9296.483180332056,2,0,Model_1
18427,1519.421630859375,1187.7406496269396,9573.544620391753,2,1,Model_1
18428,1122.6998291015625,1176.2817444232642,9575.728045240307,0,2,Model_1
18429,5177.91552734375,1158.4119377594907,9634.24457306201,0,0,Model_1
18430,4393.744140625,1341.917720170517,9562.039820841877,0,0,Model_1
18431,2409.3134765625,1324.579239923798,9578.178547054398,2,0,Model_1
18432,6357.2158203125,1371.151720831287,9589.506531761348,1,2,Model_1
18433,7807.41943359375,1404.9899750376353,9604.045445753713,3,2,Model_1
18435,1968.9068603515625,1586.988203612098,9586.524172312842,1,0,Model_1
18441,3208.842529296875,2967.494033863535,9527.092658590685,1,0,Model_1
18442,2508.716552734375,2981.8284541598987,9529.045393943874,0,0,Model_1
18443,5649.4052734375,2795.9652488220017,9533.411537088163,18,0,Model_1
18444,3783.782958984375,2866.6860953409923,9539.949446959494,24,1,Model_1
18445,5864.65087890625,2952.127111809794,9544.952547470006,40,0,Model_1
18446,3168.6064453125,2847.3116118517937,9542.18798292792,18,0,Model_1
18447,4437.30419921875,2815.4518206651555,9548.192092144585,17,0,Model_1
18448,2947.37451171875,2833.367544426699,9551.54592173762,10,0,Model_1
18449,4052.898193359375,2865.63771248213,9556.725130538238,22,0,Model_1
18450,4977.29150390625,2955.6890817601234,9571.073981822323,21,0,Model_1
18451,4166.3115234375,2972.2852931331145,9575.686005347583,30,1,Model_1
18452,4487.357421875,2876.5779501177603,9576.008723347608,13,0,Model_1
18453,2091.0302734375,2902.653337789816,9587.006924526344,7,1,Model_1
18454,2788.732421875,2889.8023044364527,9587.614559950583,17,0,Model_1
18455,4346.009765625,2915.739595573861,9591.652156034092,9,2,Model_1
18456,3181.89453125,2936.0609609689564,9587.527830592066,8,0,Model_1
18457,7663.3603515625,2987.50583286013,9599.076966331326,12,0,Model_1
18458,3354.864990234375,2937.3233934565214,9608.470939334788,5,1,Model_1
18459,4369.12548828125,2951.4311052751727,9612.99287737564,10,0,Model_1
18460,6187.4130859375,2972.5932484053774,9617.98431976464,10,0,Model_1
18461,4062.74951171875,3170.428272492718,9531.814904355691,20,1,Model_1
18462,8539.474609375,3004.7430423147744,9536.159674277209,7,0,Model_1
18463,9731.3701171875,3218.989918901352,9541.023760520606,33,0,Model_1
18464,5050.43408203125,3076.735067435191,9547.174302808984,34,0,Model_1
18465,3487.9814453125,3092.151474080514,9544.10556727837,32,0,Model_1
18466,2491.026123046875,3036.5268804073567,9542.668085568352,9,0,Model_1
18467,3274.041748046875,3106.8573740550783,9548.4134198151,16,0,Model_1
18468,2181.09326171875,3049.554907485959,9544.362752504443,24,0,Model_1
18469,2824.5478515625,3061.0707775101764,9546.353288433442,23,1,Model_1
18470,2002.248046875,3155.197145364713,9541.969658106886,17,0,Model_1
18471,8385.0224609375,3190.5010641254485,9556.994680438642,17,1,Model_1
18472,3836.5791015625,3017.6325125369476,9556.045956641086,31,0,Model_1
18473,8226.5859375,3169.659535116516,9564.191097537172,23,0,Model_1
18474,4369.25341796875,3145.5384435706073,9557.60372896852,43,1,Model_1
18475,7350.68603515625,2993.7634471667698,9563.594060405216,22,2,Model_1
18476,3026.4541015625,3044.5901069045067,9558.329182075307,10,0,Model_1
18477,2798.0341796875,3027.5598120909417,9566.942237575699,16,0,Model_1
18478,3308.882080078125,3097.8850120381685,9564.46453347808,36,1,Model_1
18479,1811.10205078125,3064.612032980309,9564.453228632978,7,0,Model_1
18480,528.9856567382812,3081.895734934951,9563.593000575987,7,0,Model_1
18481,2007.9873046875,3040.907762808143,9573.455771374778,23,0,Model_1
18482,2693.697265625,3053.8382016689284,9574.981748825361,12,0,Model_1
18483,4157.576171875,3136.4926602294436,9579.178672569527,11,1,Model_1
18484,2794.6708984375,3152.6545580009697,9576.649566754335,9,0,Model_1
18485,698.38134765625,3082.8177594646113,9570.539121338428,4,0,Model_1
18486,3102.581298828125,3072.029888338875,9579.42649597075,39,0,Model_1
18487,2006.9930419921875,3087.8700211846735,9580.89471272839,38,0,Model_1
18488,3707.484375,3006.2669375746045,9580.88570417995,5,0,Model_1
18489,4577.599609375,3104.2749688571785,9584.663288826108,15,0,Model_1
18490,2205.870361328125,3022.8456567198737,9585.002080902763,7,0,Model_1
18491,3828.64111328125,3035.1910265955376,9593.115250283794,18,1,Model_1
18492,2811.924072265625,3119.88102807675,9589.630355142857,14,0,Model_1
18493,2846.357177734375,3048.7132091072854,9594.702167915006,5,0,Model_1
18494,3067.94091796875,3081.248982831021,9598.114464753802,23,0,Model_1
18495,1879.1817626953125,3093.906450874987,9596.936817842929,18,0,Model_1
18496,3757.041259765625,3010.8130754951853,9600.895456648926,16,1,Model_1
18497,5997.728515625,3066.1023247500416,9608.543890913337,17,0,Model_1
18498,2238.764892578125,3025.229893390555,9606.617474652652,9,0,Model_1
18499,4451.751953125,3043.8697033154313,9617.794257056361,18,0,Model_1
18500,5963.71240234375,3001.3884473273065,9628.317654740807,21,0,Model_1
18501,4424.25244140625,3024.1815105316928,9623.332218050768,12,0,Model_1
18526,2387.725830078125,5691.574768266641,9529.5028868941,5,0,Model_1
18527,5412.59814453125,5785.01870907913,9531.788408624983,1,1,Model_1
18528,2776.976318359375,5734.825682274532,9530.434123509389,1,0,Model_1
18529,3207.4501953125,5626.283187007299,9530.732288798958,1,0,Model_1
18530,7600.40185546875,5551.782408174127,9539.15157218877,0,0,Model_1
18531,4220.96044921875,5800.62453813781,9543.571413347294,0,0,Model_1
18532,3859.43701171875,5741.129789081169,9549.781835987073,0,0,Model_1
18533,2773.147216796875,5627.015098640928,9546.205972170705,0,1,Model_1
18534,6985.60888671875,5682.767431608634,9553.631842297167,1,0,Model_1
18535,4355.28466796875,5630.229065323947,9562.443085863255,0,0,Model_1
18536,4541.05810546875,5647.064874184551,9564.380630330837,0,1,Model_1
18537,3946.712158203125,5699.310015494004,9571.022050190135,0,0,Model_1
18538,5601.4423828125,5586.333240499254,9567.743115195903,0,0,Model_1
18539,5711.08642578125,5662.998912673909,9572.736500605155,0,1,Model_1
18540,6340.5068359375,5723.6099420522805,9571.590295294722,1,1,Model_1
18541,9789.9697265625,5833.528799448162,9533.635690969953,1,1,Model_1
18542,2565.9228515625,5801.8609624446835,9566.61598681158,0,0,Model_1
18588,2930.25341796875,4418.286972434726,10089.956480270688,3,0,Model_1
18619,7691.134765625,1465.2424137477065,10194.685271849652,3,6,Model_1
18620,9228.2744140625,1419.1886004082626,10218.919503622732,4,3,Model_1
18621,5925.060546875,1395.3847856507055,10228.484109131954,4,13,Model_1
18622,10412.0654296875,1436.183795685938,10253.775873836697,10,2,Model_1
18623,7381.69970703125,1371.1474628548021,10278.437570065202,7,2,Model_1
18624,5219.7900390625,1462.924923735438,10277.788601301057,1,1,Model_1
18625,13931.37890625,1553.591167833947,10308.800087712865,3,8,Model_1
18626,7968.79052734375,1459.7249968667747,10306.34905598416,6,0,Model_1
18627,8531.255859375,1582.2061507781618,10329.552957109103,1,5,Model_1
18628,5507.6689453125,1557.6361304142047,10340.547978800154,2,1,Model_1
18629,10635.916015625,1360.2427850768436,10356.33334028413,26,3,Model_1
18630,5744.33740234375,1343.1048900466994,10345.957788777036,4,2,Model_1
18631,1760.0751953125,1382.0119775572675,10349.652353466976,4,0,Model_1
18632,7169.69775390625,1622.7407059495454,10246.498556440405,0,10,Model_1
18633,3392.430419921875,1661.7389371729805,10256.270888478379,0,4,Model_1
18634,1171.638671875,1607.4344312906032,10253.439378056704,0,3,Model_1
18635,1601.5391845703125,1865.583347045933,10311.009655015718,3,0,Model_1
18636,4812.7822265625,1871.1647486545844,10328.262438385413,1,2,Model_1
18647,5132.4130859375,2698.057337527047,10324.205942014,4,0,Model_1
18648,8366.98046875,2901.0385289780097,10254.686973696647,4,18,Model_1
18649,4472.73876953125,2868.0161951305345,10255.725076425791,9,2,Model_1
18650,4999.7626953125,2964.869048900786,10265.131944018198,8,3,Model_1
18651,7926.58349609375,2989.965332142194,10276.327450071607,4,1,Model_1
18652,6946.3408203125,2913.84836353187,10278.299615627315,10,2,Model_1
18653,7146.26123046875,2797.9453229679493,10284.239958452075,7,0,Model_1
18654,3342.347900390625,2819.9079656773247,10280.23504043644,9,0,Model_1
18655,7844.73876953125,2889.0828214909416,10287.26082502921,12,2,Model_1
18656,2762.193359375,2835.8818220008397,10279.233148539264,5,1,Model_1
18657,10110.734375,2863.317920860951,10299.18673005914,23,0,Model_1
18658,4132.57666015625,2974.100341920159,10299.086929473473,5,0,Model_1
18659,9198.2822265625,2775.064338303171,10304.679648311343,2,0,Model_1
18660,3633.735107421875,2955.3346339878626,10299.049128897663,3,0,Model_1
18661,5430.02099609375,2830.818742718897,10301.506696239943,12,0,Model_1
18662,2817.16064453125,2907.045267913374,10299.791892548514,7,0,Model_1
18663,2284.302490234375,2922.8916151032317,10300.489436818956,14,1,Model_1
18664,4362.05419921875,2933.873281699256,10311.113165003684,8,0,Model_1
18665,1475.1102294921875,2882.7041425555944,10308.03736394488,6,0,Model_1
18666,4873.63623046875,2990.412534753559,10313.994664037295,8,1,Model_1
18667,4586.015625,2814.0068705909653,10316.571638805966,10,1,Model_1
18668,1141.459228515625,2900.555421267636,10311.410623740434,3,0,Model_1
18669,2370.7392578125,2835.83279773104,10317.042909536161,7,0,Model_1
18670,1773.6146240234375,2892.506925067515,10317.644715899645,5,0,Model_1
18671,1601.819091796875,2849.434846071992,10317.706715909502,7,0,Model_1
18672,2679.619873046875,2971.124591759406,10318.08489830581,1,0,Model_1
18673,2680.9619140625,2860.5315931135556,10324.121862228552,1,0,Model_1
18674,4270.67626953125,2878.8026852909243,10328.291407050987,8,0,Model_1
18675,4003.4677734375,2767.2671777961077,10330.965179555846,8,0,Model_1
18676,5534.001953125,2938.574778221315,10342.725574587952,4,1,Model_1
18677,12564.2392578125,2966.2037519081496,10340.848881981896,5,1,Model_1
18678,4444.83984375,2830.9909030654235,10339.137876011868,5,0,Model_1
18679,3773.3798828125,2815.370804031496,10339.733676676391,5,0,Model_1
18680,2654.093505859375,2896.1832849807106,10335.483408194399,5,0,Model_1
18681,4482.13427734375,2797.3473649729276,10337.644399990953,23,0,Model_1
18682,4731.13134765625,2848.528242322034,10339.9435228636,14,1,Model_1
18683,3628.478759765625,2774.2698229071684,10348.208247824281,14,0,Model_1
18684,4634.328125,2867.061487754341,10348.942621160408,6,0,Model_1
18685,1202.6844482421875,2883.2703383476473,10343.502076135905,0,0,Model_1
18686,1605.9974365234375,2741.6659215596737,10350.434242480173,8,1,Model_1
18687,1382.5081787109375,2891.690774547751,10349.833142669508,0,0,Model_1
18688,1446.41796875,2801.417300009867,10353.63183558113,11,0,Model_1
18689,2831.522216796875,2755.7457839105045,10359.830511780296,8,0,Model_1
18690,2337.594970703125,2778.7084756916156,10358.762733832758,14,1,Model_1
18691,3118.94921875,2816.286384056206,10363.233888389754,2,1,Model_1
18692,2647.58544921875,2852.818901653518,10362.744865519984,1,0,Model_1
18693,4857.142578125,2985.3204551993404,10365.25948700239,6,0,Model_1
18694,5782.97412109375,2898.0526517380495,10364.287535280913,8,0,Model_1
18695,4008.751708984375,2733.7875142580597,10365.11579182285,8,0,Model_1
18696,3264.041259765625,2791.632930369233,10366.632230810377,6,0,Model_1
18697,1615.030029296875,2804.7900777077302,10367.395396173873,3,0,Model_1
18698,9950.96875,2997.251075149281,10242.040738067866,8,7,Model_1
18699,4888.12451171875,3023.9465162619017,10239.868618064414,0,12,Model_1
18700,8332.337890625,3045.1180959886406,10247.19504088162,3,17,Model_1
18701,6042.23388671875,3013.7197773886146,10267.76544301238,6,2,Model_1
18702,3467.23779296875,3041.673047770979,10280.56429405004,2,1,Model_1
18703,3309.570068359375,3061.0505233517615,10277.148994361763,2,3,Model_1
18704,6302.072265625,3016.0269101607846,10292.950518241472,6,2,Model_1
18705,5612.72119140625,3136.329476157669,10297.680536087486,3,18,Model_1
18706,1581.8626708984375,2996.318002896849,10298.908878163114,1,0,Model_1
18707,7143.9853515625,3065.099283586722,10312.194544092985,3,1,Model_1
18708,3155.72021484375,3038.186340432032,10312.461444420318,2,0,Model_1
18709,11777.6064453125,3115.962308745249,10327.8054753498,0,23,Model_1
18710,3129.991943359375,3006.371200458263,10328.025213276473,0,0,Model_1
18711,4316.8583984375,3149.808618582785,10334.441949339365,0,4,Model_1
18712,1581.77001953125,3015.9976797276177,10341.891577304363,0,0,Model_1
18713,1893.5767822265625,3001.590068267891,10347.300327452016,0,0,Model_1
18714,2382.179931640625,3015.1076475618174,10356.859722134199,1,0,Model_1
18716,5514.5712890625,4098.531351286219,10249.437992805164,1,14,Model_1
18717,2458.338134765625,4064.484571312554,10290.48093950127,0,3,Model_1
18718,5968.3466796875,4088.573210172821,10295.319236566778,1,36,Model_1
18719,2038.842041015625,4101.750841830624,10302.871756286026,2,16,Model_1
18720,2392.293212890625,4070.022242351901,10306.430839472945,1,9,Model_1
18721,2424.31640625,4053.9155831942335,10304.847101329418,0,3,Model_1
18722,8204.21484375,4100.8444682415575,10328.212273135272,3,20,Model_1
18723,5010.208984375,4081.1799820296,10325.525782679673,1,14,Model_1
18724,7623.212890625,4056.990072377259,10326.568301363935,1,13,Model_1
18725,3957.33251953125,4072.3901375993155,10346.825965553238,0,2,Model_1
18726,2525.08837890625,4092.3681029449217,10353.57416320729,0,4,Model_1
18727,2509.346435546875,4112.263670691522,10355.716872949655,1,4,Model_1
18728,1953.4351806640625,4080.1327499751933,10366.945057070938,1,2,Model_1
18729,1489.48193359375,4102.224973266246,10369.607878007104,0,0,Model_1
18730,9857.76171875,4378.555678773206,10098.574481640811,10,0,Model_1
18731,7146.18017578125,4346.729951398447,10104.0481463287,13,0,Model_1
18732,3625.133544921875,4308.234621722018,10107.093565616291,8,0,Model_1
18733,2049.962158203125,4322.519327265909,10108.04317260487,7,0,Model_1
18734,1998.83544921875,4360.729717759183,10117.11866692522,15,0,Model_1
18735,2694.115966796875,4283.30267335684,10121.8886050055,9,4,Model_1
18736,2222.033203125,4395.889555802103,10119.798621767244,9,0,Model_1
18737,2154.172119140625,4296.098237935454,10122.310063761965,9,1,Model_1
18738,2563.46630859375,4340.0884287254885,10124.913534261344,7,0,Model_1
18739,4625.6240234375,4316.9439098404255,10125.437619814751,30,0,Model_1
18740,925.6818237304688,4381.017019342398,10122.57590426007,7,0,Model_1
18741,2076.194091796875,4370.648731521098,10127.10225825604,7,0,Model_1
18742,9504.2900390625,4257.372747367946,10132.34735310702,32,9,Model_1
18743,3221.70947265625,4388.702551817289,10133.018754923163,11,1,Model_1
18744,2425.10888671875,4355.906005803961,10132.505091023835,18,0,Model_1
18745,2930.697509765625,4332.638581003062,10138.787052136526,6,2,Model_1
18746,4292.96484375,4311.863798652543,10142.304448707131,23,0,Model_1
18747,9675.14453125,4232.4173225918785,10148.926968278523,29,49,Model_1
18748,5569.66162109375,4290.282072217902,10143.073001535871,15,1,Model_1
18749,2473.122802734375,4373.800554763526,10145.069013249216,6,0,Model_1
18750,2678.624755859375,4348.337855383521,10146.297002048435,26,0,Model_1
18751,776.3251953125,4273.095498159295,10142.993161067337,5,0,Model_1
18752,2444.513916015625,4387.448174960911,10149.65383449095,9,0,Model_1
18753,866.5657348632812,4361.939443402691,10143.698477418788,3,0,Model_1
18754,8602.669921875,4200.769279425032,10157.823528097491,14,17,Model_1
18755,4922.44775390625,4266.671247367514,10156.365203079316,18,0,Model_1
18756,4203.43408203125,4354.351499145618,10157.993100774023,12,0,Model_1
18757,1928.7708740234375,4288.098766005132,10159.14619497444,6,0,Model_1
18758,1243.99755859375,4307.76325221709,10157.509818645907,4,0,Model_1
18759,2955.113037109375,4319.240915533388,10163.240845198074,8,0,Model_1
18760,3503.24267578125,4334.13416647329,10169.983478748676,2,0,Model_1
18761,3385.108642578125,4364.89516956592,10168.049996959802,0,0,Model_1
18762,5469.419921875,4380.81677936716,10173.389593250307,3,0,Model_1
18763,3856.397216796875,4175.955173436087,10167.877951348404,4,7,Model_1
18764,4049.2216796875,4301.87481597974,10172.216715570961,8,1,Model_1
18765,1936.3939208984375,4214.8293479392305,10166.977096504328,3,3,Model_1
18766,3982.0126953125,4243.165375883458,10171.408242507954,9,2,Model_1
18767,3840.345703125,4221.561554003274,10177.602237794694,2,0,Model_1
18768,6130.8330078125,4396.817564514931,10182.447777026595,0,0,Model_1
18769,1012.8720703125,4346.639268007362,10172.123980513483,3,0,Model_1
18770,5301.60595703125,4323.728592587635,10185.391629346472,5,0,Model_1
18771,3825.391357421875,4255.349633135367,10185.281760383135,2,1,Model_1
18772,6283.44482421875,4356.853808353422,10187.689869028094,2,0,Model_1
18773,2432.070068359375,4183.182225415949,10184.170352799032,0,6,Model_1
18774,4398.60986328125,4204.006262197159,10189.552872173284,2,0,Model_1
18775,4496.1396484375,4275.816920535406,10190.87836526151,2,1,Model_1
18776,2142.154541015625,4234.62456553732,10187.815282153446,0,0,Model_1
18777,2447.0400390625,4149.17089021951,10191.994365438935,1,4,Model_1
18778,1821.202392578125,4161.954486431787,10192.68749375426,1,6,Model_1
18779,3026.498291015625,4138.927809922956,10199.901398035057,3,4,Model_1
18780,1663.538818359375,4291.540131648537,10197.270901890355,1,0,Model_1
18781,2863.308837890625,4222.282417914132,10198.310241086932,1,0,Model_1
18782,5520.6044921875,4347.575562512269,10204.267364541141,1,1,Model_1
18783,940.94677734375,4253.030531996861,10197.851158392863,0,0,Model_1
18784,3528.84228515625,4258.299375115428,10207.00508007611,5,0,Model_1
18785,2862.952880859375,4200.385831380496,10206.439484544593,0,1,Model_1
18786,6763.78515625,4308.723943776451,10216.40947473365,4,1,Model_1
18787,1961.3492431640625,4155.784793585539,10208.566561805841,7,4,Model_1
18788,2120.255859375,4130.4496033391915,10209.16147927934,2,3,Model_1
18789,3200.1591796875,4286.321463604225,10210.734265854175,4,1,Model_1
18790,4952.67919921875,4220.596719547873,10216.936209860127,2,2,Model_1
18791,5459.55126953125,4191.273301380919,10219.482449581177,6,1,Model_1
18792,4221.40380859375,4269.820769001031,10219.457366956107,1,1,Model_1
18793,5412.47314453125,4116.802443463588,10224.71270682296,2,14,Model_1
18794,5470.7177734375,4145.560586482054,10226.007641501768,4,15,Model_1
18795,1738.5673828125,4239.695009967778,10223.559082707929,6,3,Model_1
18796,1974.738525390625,4254.434053110657,10225.910490489172,1,0,Model_1
18797,1337.4869384765625,4174.3463488074485,10225.458120046882,1,1,Model_1
18798,7603.83642578125,4361.54863020964,10233.768770940791,0,1,Model_1
18799,3435.150390625,4289.751321203075,10228.303938163139,1,1,Model_1
18800,2476.76171875,4341.120470161084,10231.017984178674,0,0,Model_1
18801,3935.70361328125,4207.559486033628,10235.269665766304,0,2,Model_1
18802,4109.8701171875,4125.9379895522725,10239.62786019138,0,9,Model_1
18803,1548.578857421875,4166.688435639488,10233.877933351308,1,2,Model_1
18804,3538.6513671875,4226.049231057521,10238.060196124483,2,0,Model_1
18805,1134.992431640625,4245.820051601157,10233.978970404409,0,0,Model_1
18806,2632.07080078125,4185.106370465364,10236.228811217938,1,1,Model_1
18807,1877.85009765625,4269.438241600059,10235.564298291778,0,0,Model_1
18808,2081.294677734375,4235.316889497684,10245.99849368284,2,1,Model_1
18809,2287.816162109375,4258.503297664924,10243.501536020907,0,0,Model_1
18810,4571.79248046875,4289.942815064453,10245.258909519674,0,0,Model_1
18811,5340.93798828125,4163.991410317831,10248.452174984617,1,3,Model_1
18812,4053.790771484375,4327.994394542882,10249.234505593326,0,0,Model_1
18813,2864.963623046875,4345.876054492546,10246.968590703167,1,0,Model_1
18814,2916.321533203125,4272.762225189013,10252.855412151897,0,0,Model_1
18815,2466.7431640625,4189.493237049319,10250.720562809642,1,1,Model_1
18816,2714.27587890625,4206.159647494089,10250.69989613969,2,1,Model_1
18817,2645.47607421875,4242.264526155777,10255.392466686302,2,0,Model_1
18818,4223.7216796875,4121.4765508396085,10260.927248193024,0,3,Model_1
18819,8842.35546875,4142.959768412868,10271.464600295643,2,16,Model_1
18820,3426.328857421875,4221.064406478545,10261.420068784195,2,1,Model_1
18821,4617.1875,4257.506701006554,10264.308986622404,1,2,Model_1
18822,1596.881103515625,4295.564724989934,10258.444068311059,0,0,Model_1
18823,4472.041015625,4349.262181522092,10268.59387619252,2,1,Model_1
18824,2593.58642578125,4336.581237067236,10265.97839429522,1,1,Model_1
18825,6840.94970703125,4183.895724178292,10274.251597889728,0,28,Model_1
18826,2284.16455078125,4165.952381109819,10265.737283145776,0,5,Model_1
18827,5193.54736328125,4284.152427366702,10272.813409626891,6,0,Model_1
18828,4602.0458984375,4203.931229746668,10270.626981928857,1,13,Model_1
18829,4334.94580078125,4304.662064370699,10272.636418145761,0,0,Model_1
18830,2277.939697265625,4321.476698429324,10269.253089972539,1,0,Model_1
18831,1356.98388671875,4271.138670263346,10278.991330837001,2,0,Model_1
18832,3782.851806640625,4373.772014813032,10281.888550670832,1,1,Model_1
18833,8879.357421875,4249.727262888104,10287.034198212554,0,32,Model_1
18834,5571.90673828125,4120.89838668122,10288.918044665901,2,26,Model_1
18835,7418.3310546875,4162.4760310109705,10290.085976475515,0,11,Model_1
18836,2311.2822265625,4320.47273662244,10283.434134962139,0,0,Model_1
18837,4558.919921875,4350.952483106172,10290.809133285642,1,0,Model_1
18838,3706.976318359375,4331.1475987506565,10293.246210596175,1,0,Model_1
18839,1246.1485595703125,4203.104952147696,10286.791320681063,0,10,Model_1
18840,2259.8408203125,4297.8736990492325,10290.714455207912,1,0,Model_1
18841,4540.21435546875,4278.21657798579,10295.1478975082,0,2,Model_1
18842,4864.296875,4142.77241744753,10305.175118475585,1,20,Model_1
18843,3027.822265625,4115.389255592367,10307.382036205367,0,7,Model_1
18844,10610.1806640625,4224.438565141754,10314.553194040622,6,28,Model_1
18845,4116.1962890625,4199.86382647953,10311.764606702694,0,18,Model_1
18846,3372.717041015625,4338.844178948319,10313.233706651357,2,1,Model_1
18847,7203.27294921875,4258.17600887781,10312.107814734467,0,10,Model_1
18848,2001.0831298828125,4325.026700013317,10311.390840261505,0,2,Model_1
18849,3103.157958984375,4131.962681037141,10317.55286403319,0,9,Model_1
18850,3664.384033203125,4159.5350351447705,10316.981969355533,1,7,Model_1
18851,3457.189453125,4299.303458504612,10322.945805061521,0,5,Model_1
18852,2159.167724609375,4122.8561352207325,10325.927104680799,0,4,Model_1
18853,2953.395263671875,4191.9403076432645,10331.258928890296,1,8,Model_1
18854,2083.8515625,4246.485676898155,10330.836586942809,2,1,Model_1
18855,6784.60302734375,4310.277069469448,10340.379289314646,4,14,Model_1
18856,3963.2978515625,4122.006841532653,10341.72986502794,0,2,Model_1
18857,8890.4423828125,4253.177834967151,10357.018961475755,3,29,Model_1
18858,5877.39697265625,4374.131986446679,10351.564991947693,2,5,Model_1
18859,2909.2333984375,4139.692864724901,10350.697610043411,2,5,Model_1
18860,2748.47119140625,4185.6859155891,10354.780602145533,1,2,Model_1
18861,4481.08984375,4279.180031475844,10362.54305637109,0,11,Model_1
18862,3443.461669921875,4143.806300170254,10368.027142713057,2,7,Model_1
18863,5758.99609375,4402.117249192903,10102.228419543666,13,0,Model_1
18864,6010.9091796875,4428.072953201598,10105.151075278976,9,0,Model_1
18865,5065.29736328125,4450.148604908492,10103.798026630815,5,0,Model_1
18866,2968.437744140625,4493.91738092131,10103.495622024333,0,0,Model_1
18867,6524.16259765625,4516.646689558867,10114.241937123137,4,0,Model_1
18868,5100.005859375,4549.177169582108,10125.441505855255,3,0,Model_1
18869,4261.93701171875,4448.971101789735,10125.26133488644,48,0,Model_1
18870,3326.31201171875,4425.878599266056,10122.795465548537,16,0,Model_1
18871,4546.5625,4567.377832526807,10130.655159105794,1,0,Model_1
18872,4552.22216796875,4472.601720476756,10128.519779848924,57,0,Model_1
18873,2203.453125,4407.941700702533,10131.342105083953,14,0,Model_1
18874,7631.5498046875,4501.864836490247,10136.878123058108,119,0,Model_1
18875,3411.8994140625,4534.5403178748675,10137.801764230593,24,0,Model_1
18876,8780.056640625,4586.860491634812,10144.047161234907,11,1,Model_1
18877,8008.0107421875,4435.666881641839,10149.024649205734,28,2,Model_1
18878,2282.356201171875,4522.012200251687,10141.607434351303,22,0,Model_1
18879,1391.5360107421875,4605.12928220327,10137.645439419415,0,0,Model_1
18880,2740.544921875,4400.8628723365255,10147.915361280087,10,1,Model_1
18881,4936.48583984375,4456.863779066596,10149.58353248547,18,0,Model_1
18882,4449.9482421875,4475.00367953605,10149.139464038803,22,0,Model_1
18883,2248.546875,4552.401723666117,10145.643793967378,2,0,Model_1
18884,3818.70556640625,4414.493920949753,10152.976752398157,24,1,Model_1
18885,5648.375,4612.833687871229,10155.639926610733,1,0,Model_1
18886,5351.890625,4493.659600723302,10158.5609926022,25,0,Model_1
18887,3116.65966796875,4565.710547031835,10156.103248621715,21,0,Model_1
18888,2245.669921875,4539.232838122174,10156.114376828613,24,0,Model_1
18889,1604.599609375,4510.143263420556,10160.1212378645,19,0,Model_1
18890,6918.93115234375,4634.642352944473,10165.318287123795,7,0,Model_1
18891,2403.631103515625,4550.644215101842,10164.146469273677,22,0,Model_1
18892,3346.34521484375,4523.765565919923,10165.641888314844,31,0,Model_1
18893,3899.17431640625,4591.242755000945,10168.290931471041,24,0,Model_1
18894,3935.7529296875,4474.6386443628,10172.709359523928,5,1,Model_1
18895,2468.994384765625,4575.509416808607,10173.340134552986,6,0,Model_1
18896,1983.1617431640625,4537.086357651977,10174.301399663076,12,0,Model_1
18897,3613.47412109375,4562.24570497754,10178.143103977549,23,0,Model_1
18898,1597.4013671875,4491.149926366983,10175.766966847645,1,0,Model_1
18899,3586.038330078125,4610.788478193106,10177.494135213405,20,0,Model_1
18900,5083.232421875,4649.8900516566355,10182.680232904007,9,0,Model_1
18901,1502.9747314453125,4512.341760252137,10176.806482682427,7,0,Model_1
18902,1024.0965576171875,4549.439092676155,10178.298898874113,3,0,Model_1
18903,8990.80859375,4535.750043518376,10194.523471254128,2,2,Model_1
18904,1572.6063232421875,4596.643710470991,10185.867669308194,4,0,Model_1
18905,3908.60791015625,4581.2256926994305,10191.20991517177,34,0,Model_1
18906,6184.83154296875,4462.797326838598,10202.952293106995,1,3,Model_1
18907,4584.67041015625,4479.573754189303,10194.944223457773,1,0,Model_1
18908,5231.5830078125,4514.842688494595,10203.539615137692,1,4,Model_1
18909,9008.8095703125,4668.074603338959,10203.410315971836,3,3,Model_1
18910,6904.841796875,4638.317562053213,10203.42727323949,46,0,Model_1
18911,5616.77587890625,4618.236024306621,10201.852367006199,40,0,Model_1
18912,913.642822265625,4607.028109554667,10190.99512311483,7,0,Model_1
18913,4083.672607421875,4565.2608126506675,10199.972759869765,0,0,Model_1
18914,4611.3505859375,4596.844410768012,10204.275843174968,14,0,Model_1
18915,3457.213623046875,4551.721368072089,10212.084311652856,0,1,Model_1
18916,7080.93896484375,4435.960566938855,10220.227686166894,2,0,Model_1
18917,1907.383544921875,4528.034590127645,10217.571047567893,3,0,Model_1
18918,3186.73583984375,4562.75574151217,10221.291931350337,0,0,Model_1
18919,7487.24658203125,4587.330480174394,10225.435333718473,2,0,Model_1
18920,7787.1396484375,4477.112413620111,10228.254656104022,1,0,Model_1
18921,2910.828369140625,4647.333884800319,10222.838575470872,22,0,Model_1
18922,6260.89306640625,4627.414380321046,10229.706622146827,34,1,Model_1
18923,4202.62451171875,4513.425357727334,10229.693374281473,2,2,Model_1
18924,5084.21435546875,4541.644463938894,10232.527004361604,2,1,Model_1
18925,1666.1766357421875,4663.593831111444,10225.645179905681,11,0,Model_1
18926,3904.3203125,4600.716177277733,10235.170041818841,0,0,Model_1
18927,6744.53857421875,4451.4692681015,10239.173900005248,3,0,Model_1
18928,2443.39404296875,4653.076399032725,10236.620594756008,21,0,Model_1
18929,5225.13525390625,4527.714666489046,10250.44324082823,0,0,Model_1
18930,5588.5703125,4421.907403251389,10242.065467416527,1,1,Model_1
18931,4977.85205078125,4603.738650099374,10250.495172460418,3,2,Model_1
18932,8898.78515625,4551.317665869137,10257.969618093179,0,4,Model_1
18933,2141.275390625,4662.092261458049,10246.967000959325,12,0,Model_1
18934,2180.476318359375,4647.220185320126,10249.144243470713,27,0,Model_1
18935,6533.52294921875,4508.43040606915,10253.571150157426,4,2,Model_1
18936,9090.3740234375,4629.511606360553,10257.259709148406,3,0,Model_1
18937,3719.487060546875,4578.148441585712,10252.64450613546,1,22,Model_1
18938,4698.3505859375,4442.5965657504275,10259.137373264588,1,0,Model_1
18939,3003.95947265625,4662.835681136232,10263.604023547363,15,0,Model_1
18940,5239.4833984375,4421.432811493985,10267.302121001398,1,0,Model_1
18941,6814.26318359375,4587.2370348526165,10276.377615321748,1,3,Model_1
18942,1354.0072021484375,4497.201316515217,10268.508206663231,0,0,Model_1
18943,3831.278564453125,4654.915844874224,10280.013182851311,1,3,Model_1
18944,8500.16796875,4452.906392705394,10285.336528426982,2,1,Model_1
18945,4845.21484375,4636.164176756283,10281.025673040771,3,2,Model_1
18946,1474.73486328125,4437.424850527896,10277.510926043236,1,0,Model_1
18947,4352.66650390625,4506.355275475187,10284.228123692359,2,1,Model_1
18948,3174.870361328125,4673.251382101094,10280.632829673472,17,0,Model_1
18949,6729.41015625,4475.9965936201625,10288.793691369778,0,2,Model_1
18950,3506.90966796875,4431.167696543038,10292.089936908073,0,2,Model_1
18951,2729.07958984375,4627.731542028952,10296.108102789061,1,1,Model_1
18952,9747.4033203125,4590.864830817794,10307.817979294618,1,0,Model_1
18953,10334.1884765625,4664.498363413382,10308.710178866662,1,0,Model_1
18954,3095.534423828125,4647.049405938946,10303.547397419083,0,8,Model_1
18955,5427.888671875,4516.336432677694,10314.542595748338,2,1,Model_1
18956,11204.9541015625,4627.919353316072,10322.173896106891,0,1,Model_1
18957,1864.109619140625,4444.857666344382,10312.430709372697,0,3,Model_1
18958,2513.197998046875,4608.630489678355,10315.89900052239,0,0,Model_1
18959,7776.07763671875,4536.037744632224,10333.589140086973,3,1,Model_1
18960,3286.23095703125,4602.190127624199,10334.304348177888,0,0,Model_1
18961,3521.0146484375,4410.080355702434,10336.75820611787,0,4,Model_1
18962,9704.21484375,4655.246816235594,10357.269964364663,2,6,Model_1
18963,2334.357421875,4642.459077127278,10344.475352643916,1,0,Model_1
18964,9084.841796875,4680.497767595807,10356.816180816735,2,4,Model_1
18965,6933.65478515625,4626.46335551911,10359.601853624285,0,0,Model_1
18966,5417.53564453125,4549.760857601883,10361.987970812756,0,0,Model_1
18967,1893.766357421875,4504.460130698048,10355.181747508454,1,5,Model_1
18968,5961.232421875,4689.515010986477,10224.756159821321,5,0,Model_1
18969,2415.316162109375,4676.677096803905,10233.226491652298,4,0,Model_1
18970,2275.6708984375,4706.554742396576,10230.388622255254,1,0,Model_1
18971,4822.6884765625,4720.433904450387,10249.180101026272,1,0,Model_1
18972,1012.3717041015625,4671.426666556625,10240.50380904859,7,0,Model_1
18973,2570.335693359375,4704.222291926388,10244.73676698652,2,0,Model_1
18974,6167.82666015625,4681.202520244289,10259.414695246,39,0,Model_1
18975,4666.7216796875,4700.435684946366,10262.850661604229,24,0,Model_1
18976,5613.912109375,4728.622108311392,10270.664959142872,6,0,Model_1
18977,1498.6009521484375,4700.624877198832,10280.445593176468,10,0,Model_1
18978,3032.439697265625,4717.839070564369,10285.243440093094,22,0,Model_1
18979,3955.275146484375,4689.323056803318,10288.187115774766,33,0,Model_1
18980,7097.06494140625,4740.159613459371,10295.612809263024,2,0,Model_1
18981,4701.06005859375,4712.268716678489,10300.613613476875,37,0,Model_1
18982,1940.5220947265625,4695.037491407013,10303.96638324068,9,0,Model_1
18983,5109.875,4748.993648780743,10314.831575851262,5,0,Model_1
18984,7465.751953125,4676.799082076177,10326.107628926024,1,1,Model_1
18985,1988.20166015625,4729.612260464812,10315.846009060973,10,0,Model_1
18986,3185.91455078125,4701.500869550277,10318.832431188188,11,0,Model_1
18987,2930.22216796875,4764.0070437057875,10321.262089694123,0,0,Model_1
18988,2739.471435546875,4718.203645415837,10321.522454407881,13,0,Model_1
18989,1109.6805419921875,4733.559980068589,10329.612307545889,13,0,Model_1
18990,5913.22998046875,4718.051739227725,10342.538249771846,22,0,Model_1
18991,4357.3818359375,4768.6475475917105,10340.219961653987,3,0,Model_1
18992,5314.556640625,4750.900301602436,10343.501811178598,31,0,Model_1
18993,6044.91162109375,4702.098367223516,10350.904188423832,6,0,Model_1
18994,2549.58984375,4736.370244548656,10344.10953492194,19,0,Model_1
18995,3984.141845703125,4773.038557071704,10357.2601609443,7,0,Model_1
18996,708.8784790039062,4748.919536973815,10363.071557879615,5,0,Model_1
18999,4760.44482421875,5511.200439859182,10356.659326090943,6,0,Model_1
19000,4474.80859375,5794.197065093555,10276.592054102279,0,1,Model_1
19001,10889.2802734375,5670.101217450807,10290.960865503497,7,4,Model_1
19002,12795.931640625,5596.0437284938525,10312.836270690736,13,0,Model_1
19003,7178.8125,5643.755620892625,10306.509266835841,1,0,Model_1
19004,5871.3134765625,5627.68348586862,10319.482636419765,5,0,Model_1
19005,6584.1865234375,5565.624284163583,10320.737120949692,11,0,Model_1
19006,2569.396484375,5779.2416707130615,10318.395251631504,0,4,Model_1
19007,9340.259765625,5526.0669921357185,10326.943304272558,8,1,Model_1
19008,2927.103759765625,5645.619463788578,10335.74271307893,1,0,Model_1
19009,3782.65283203125,5616.599397676066,10337.911653594696,2,0,Model_1
19010,4325.51953125,5572.487681935541,10341.46826384675,8,0,Model_1
19011,3748.191650390625,5587.900175845716,10350.166900557328,6,0,Model_1
19012,5350.78271484375,5655.37552363961,10354.621009527567,1,0,Model_1
19013,5475.32373046875,5552.144221094903,10359.145155545979,7,0,Model_1
19014,4575.4833984375,5620.0393823541235,10360.019514659347,1,0,Model_1
19015,1812.1944580078125,5839.137820363743,10253.480888034814,0,2,Model_1
19016,2224.386962890625,5885.806623604149,10258.205960011095,0,1,Model_1
19017,2449.85693359375,5896.404611994745,10272.18740382936,0,3,Model_1
19018,2011.0364990234375,5948.063763675513,10279.835661455567,0,3,Model_1
19019,1793.6611328125,5929.5123355328105,10279.82047056996,1,12,Model_1
19020,1922.11572265625,5949.436903551687,10296.05228511637,1,9,Model_1
19021,1348.9803466796875,5975.039540753467,10307.59135247796,0,3,Model_1
19022,1725.353515625,5956.823687189957,10308.388167419456,0,3,Model_1
19023,1568.728271484375,5982.054384391755,10320.909343199295,2,12,Model_1
19024,1977.2359619140625,5970.310194763588,10332.094780875035,1,0,Model_1
19025,1172.8258056640625,6013.364091048716,10328.79288291419,0,4,Model_1
19026,2255.206787109375,5963.352431026287,10369.228017547852,1,0,Model_1
19030,6265.46630859375,7142.042259337846,10313.075262181723,13,0,Model_1
19031,6687.18017578125,7184.040177454706,10321.939850485636,25,0,Model_1
19032,4749.4423828125,7104.67011480988,10334.453960737286,10,0,Model_1
19033,6376.8359375,7018.465194343589,10341.769255347594,12,0,Model_1
19034,4190.44775390625,7154.4212327036075,10344.709663222478,4,0,Model_1
19035,4427.525390625,7109.48508065124,10355.895277536423,7,0,Model_1
19036,3177.99755859375,7140.186702233972,10365.310182167144,12,1,Model_1
19038,4577.49658203125,7226.824785497272,10329.038233380546,9,0,Model_1
19039,3142.24853515625,1301.635766577092,10464.392380255798,14,0,Model_1
19040,6829.97705078125,1260.5269599824678,10470.724948214141,15,1,Model_1
19041,6874.146484375,1281.1260144926491,10488.405284358363,17,0,Model_1
19042,7696.77490234375,1299.884817598213,10496.611188796873,24,0,Model_1
19043,5946.81005859375,1246.2384567838744,10492.620225199411,13,1,Model_1
19044,3534.09423828125,1261.0466632745229,10501.989115577802,2,0,Model_1
19045,17589.048828125,1283.1028663861216,10536.085588235059,31,0,Model_1
19046,9827.7685546875,1247.8402615053346,10527.586905972224,11,1,Model_1
19047,5721.9921875,1308.0322829814977,10544.38396277374,24,0,Model_1
19048,3516.70654296875,1228.7699356336962,10567.302858155366,1,0,Model_1
19049,5086.76025390625,1306.4681095657288,10573.034679579454,20,0,Model_1
19050,3801.677978515625,1280.9456834344892,10573.835292242351,24,0,Model_1
19051,7899.1748046875,1235.9560189749463,10591.15970240406,12,1,Model_1
19052,3671.00537109375,1294.5573985328665,10588.475331606918,8,0,Model_1
19053,7888.69287109375,1265.2126904834877,10598.687492774647,34,0,Model_1
19054,5376.80712890625,1286.0404098389554,10608.672497211104,13,3,Model_1
19055,2538.67236328125,1301.4211415461614,10603.92861326602,8,0,Model_1
19056,4371.091796875,1228.3825748540112,10618.562823569831,6,0,Model_1
19057,5222.91845703125,1246.4849590982194,10621.767217241671,17,0,Model_1
19058,6340.47412109375,1306.7945927897235,10625.656083956805,13,0,Model_1
19059,5658.84228515625,1273.4807601736975,10626.622648213037,10,0,Model_1
19060,3764.643310546875,1254.894462655997,10639.14285248275,8,0,Model_1
19061,3778.07373046875,1286.9176680753008,10646.661722623998,24,0,Model_1
19062,8344.53125,1436.3574520782568,10373.955297501692,0,0,Model_1
19063,9706.03125,1579.068827671872,10372.308234561773,1,4,Model_1
19064,10480.5078125,1325.7672153630992,10377.741272462576,13,10,Model_1
19065,6531.61474609375,1510.135755874333,10375.496730795188,1,3,Model_1
19066,12384.96875,1396.4396130145178,10394.2767280829,28,1,Model_1
19067,10896.81640625,1354.9337788827834,10398.491933881254,15,2,Model_1
19068,6872.52783203125,1421.0837451854022,10397.157432244589,5,1,Model_1
19069,8271.7333984375,1314.5106215826818,10406.474126033485,15,1,Model_1
19070,2740.81884765625,1443.8777290333528,10400.777808888546,4,3,Model_1
19071,10192.2412109375,1340.6326168351807,10426.48864773399,21,2,Model_1
19072,3894.862060546875,1443.3373112611007,10419.019589566473,2,3,Model_1
19073,2174.3310546875,1559.6623518188135,10413.763278189494,2,0,Model_1
19074,4154.6474609375,1422.2020969551522,10420.149985757584,2,0,Model_1
19075,4521.3486328125,1512.5143536031828,10420.165264962292,1,0,Model_1
19076,2541.4267578125,1400.8301621727296,10421.813476050542,7,0,Model_1
19077,8341.55078125,1560.6864527036669,10438.214951592585,3,6,Model_1
19078,5445.1982421875,1314.5471020839177,10427.869075303883,20,0,Model_1
19079,9313.041015625,1514.984555366682,10447.886069939254,5,4,Model_1
19080,2464.58642578125,1407.6085154954344,10435.697062303392,5,0,Model_1
19081,13206.875,1386.1095319011365,10452.005626149752,12,0,Model_1
19082,3520.637939453125,1497.9016687895055,10437.517142364835,2,2,Model_1
19083,3625.886474609375,1325.997031012841,10452.687184662667,15,0,Model_1
19084,3600.784423828125,1311.1318597016507,10447.153992899788,10,0,Model_1
19085,7179.865234375,1343.568779322668,10464.419140943814,19,0,Model_1
19086,11796.02734375,1496.8300396806444,10475.205023000475,10,4,Model_1
19087,19276.474609375,1534.3800985774142,10484.393212495437,9,6,Model_1
19088,5950.392578125,1397.6166558114928,10478.526616121148,8,0,Model_1
19089,3305.582275390625,1315.9247300974675,10476.90578395463,12,0,Model_1
19090,8028.9541015625,1373.0502029413474,10488.709543665995,19,1,Model_1
19091,7652.30908203125,1344.8365055107279,10492.358182422708,24,1,Model_1
19092,8118.0322265625,1317.36162454047,10512.212581590633,32,0,Model_1
19093,18658.751953125,1488.3131660671788,10515.396043635214,4,2,Model_1
19094,8716.263671875,1404.322738614399,10504.703691507952,8,0,Model_1
19095,6430.7099609375,1336.1753210185561,10514.381433787297,31,0,Model_1
19096,2747.00634765625,1514.0520585164777,10509.237199351213,1,1,Model_1
19097,1669.4166259765625,1359.5745129295974,10509.622800552119,4,0,Model_1
19098,6226.240234375,1376.3816667592619,10520.885252485117,16,0,Model_1
19099,5365.29736328125,1395.9739975318662,10523.126879622127,7,1,Model_1
19100,3928.82080078125,1520.4031181448954,10524.510839956114,3,0,Model_1
19101,8162.36962890625,1355.5263280968647,10532.912989440068,27,0,Model_1
19102,10250.8974609375,1329.9051629433525,10558.12720997294,27,0,Model_1
19103,11558.3056640625,1506.4491538014845,10552.722522503995,1,3,Model_1
19104,15542.693359375,1387.3007295929128,10554.27102132568,24,1,Model_1
19105,7075.53955078125,1350.3901727320044,10560.605973899786,25,0,Model_1
19106,12544.2216796875,1394.5459642831702,10588.025522418597,9,1,Model_1
19107,12663.8525390625,1503.3527993338066,10595.782059264297,4,7,Model_1
19108,3648.945556640625,1367.6196717967978,10580.028757614476,12,1,Model_1
19109,2942.20849609375,1351.4573137034895,10586.917470960383,5,0,Model_1
19110,4900.6259765625,1318.3143755490892,10597.49439002086,3,0,Model_1
19111,3194.908203125,1334.6967674542684,10590.047234990729,10,0,Model_1
19112,3949.299560546875,1424.3710181122296,10604.85658207452,1,0,Model_1
19113,13311.2607421875,1335.2636537289945,10620.126336638918,30,0,Model_1
19114,12703.1572265625,1429.560340642929,10630.661480763978,8,0,Model_1
19115,5138.6396484375,1387.8360838255612,10618.987196856673,5,0,Model_1
19116,4233.72021484375,1534.52751662815,10622.19635976004,0,1,Model_1
19117,10756.587890625,1364.790994445444,10627.245562841985,27,0,Model_1
19118,4269.99169921875,1355.025037676096,10645.988466106704,24,0,Model_1
19119,18442.083984375,1702.9845744173508,10380.63866893461,1,5,Model_1
19120,5263.0126953125,1645.9034075450036,10370.686342566027,1,4,Model_1
19121,15925.5107421875,1817.8335931805777,10394.76354297511,5,17,Model_1
19122,14507.34375,1636.267952000897,10397.213338236383,5,5,Model_1
19123,4662.578125,1665.2337001431151,10390.586755986282,6,4,Model_1
19124,7490.94384765625,1686.524157970096,10430.296349194054,1,8,Model_1
19125,5327.97705078125,1594.6442754929303,10441.805034784433,1,2,Model_1
19126,5867.55859375,1684.6286679516197,10456.151236495447,3,4,Model_1
19127,13673.8935546875,1605.731010535732,10475.83420828569,3,4,Model_1
19128,3576.507568359375,1813.1533865409438,10465.687226615504,3,2,Model_1
19129,13190.7021484375,1665.9034683361533,10479.609143358779,7,6,Model_1
19130,18587.486328125,1691.6044993188698,10507.810050976172,8,16,Model_1
19131,3926.27685546875,1719.7374102767208,10520.289540139696,3,0,Model_1
19132,11193.11328125,1601.4039857834578,10531.791160201887,6,8,Model_1
19133,7612.29736328125,1624.1786361165578,10541.610124725907,3,1,Model_1
19134,1546.89892578125,1718.3089167062426,10536.235200794457,2,2,Model_1
19135,9605.89453125,1606.0943195022992,10569.210639085453,3,3,Model_1
19136,18603.75,1843.9673266385216,10613.1735919438,6,6,Model_1
19137,2679.4794921875,1588.4477689028718,10608.00559966918,1,0,Model_1
19138,1444.353759765625,1828.3543625922175,10639.246715747126,0,1,Model_1
19139,7816.65673828125,1872.005756550585,10375.507505725676,2,2,Model_1
19140,15496.3359375,1944.2555618690094,10377.389585796976,4,8,Model_1
19141,1871.3736572265625,1909.8453578483313,10385.661817881359,1,3,Model_1
19142,2306.975830078125,1943.7429935645778,10436.85466077803,0,0,Model_1
19143,6063.861328125,1938.4757615722483,10485.132001786682,0,16,Model_1
19144,3167.056884765625,1982.3209510009037,10572.167739270684,2,7,Model_1
19145,16116.6943359375,1885.7277187157888,10590.975822032946,9,9,Model_1
19146,3571.9248046875,1921.7308662636206,10590.704064154983,1,2,Model_1
19147,12849.8037109375,1990.2216839089524,10625.251582467994,3,5,Model_1
19150,2335.452392578125,2709.8349004844204,10366.106025598514,4,0,Model_1
19151,6209.0576171875,2690.4394723541336,10376.816306503555,5,0,Model_1
19152,6023.185546875,2670.066550919437,10386.128142741822,6,0,Model_1
19153,2414.03271484375,2711.2529217343545,10379.898289899524,8,0,Model_1
19154,6866.67919921875,2700.9585155590903,10398.99243823433,44,0,Model_1
19155,3135.822998046875,2651.5376785440603,10405.95419147789,1,0,Model_1
19156,3168.09814453125,2659.027804422425,10421.076806417754,0,0,Model_1
19157,4290.962890625,2676.8841466740705,10420.978418937724,16,0,Model_1
19158,3956.884521484375,2691.077708505094,10430.91096182738,13,0,Model_1
19159,4096.9140625,2671.1692517485935,10442.252989271605,22,0,Model_1
19160,4176.92333984375,2660.8695518728346,10459.753684361625,26,0,Model_1
19161,2706.016357421875,2683.2600636787247,10452.346891161273,15,0,Model_1
19162,2499.2333984375,2632.327760091983,10457.835216820153,13,0,Model_1
19163,3474.015869140625,2620.722357481136,10461.581448184974,14,0,Model_1
19164,2618.314697265625,2648.4408637546003,10461.962721749864,6,0,Model_1
19165,2353.72802734375,2698.621692031971,10461.906727438967,6,0,Model_1
19166,3140.21533203125,2683.7353459188016,10468.048349498007,20,0,Model_1
19167,1791.0889892578125,2704.655820113374,10473.673304808239,8,0,Model_1
19168,3474.47998046875,2615.5697456125636,10475.841185494777,6,0,Model_1
19169,3715.47021484375,2669.788746723905,10479.16357348737,33,0,Model_1
19170,3741.966064453125,2636.1663834333885,10480.687607917702,16,0,Model_1
19171,4037.914794921875,2653.350886043976,10485.941004764303,26,0,Model_1
19172,4920.630859375,2689.43988360418,10487.936928158546,23,0,Model_1
19173,8593.0654296875,2607.3329778035404,10492.577655392073,13,0,Model_1
19174,3176.4892578125,2670.947376649594,10499.422032548595,11,0,Model_1
19175,3341.855224609375,2639.8742753886618,10499.088716256287,20,0,Model_1
19176,1874.5601806640625,2694.7943465742283,10502.61317835508,9,0,Model_1
19177,5934.10986328125,2712.4918778110296,10510.757259421938,0,0,Model_1
19178,1775.3485107421875,2624.0753413423663,10507.72464640419,18,0,Model_1
19179,5283.26708984375,2657.4555753754685,10515.32706641627,40,1,Model_1
19180,3231.613037109375,2637.5609282724326,10516.737964076478,21,0,Model_1
19181,3950.769287109375,2607.2277942763176,10517.99262524461,9,0,Model_1
19182,3287.852294921875,2675.356108518201,10521.562836638426,11,0,Model_1
19183,5174.8056640625,2589.8062259479193,10527.319475730277,6,0,Model_1
19184,1627.740478515625,2625.0275169487577,10522.058041845361,25,0,Model_1
19185,4986.1015625,2648.3616884080693,10536.516497135475,29,0,Model_1
19186,5624.580078125,2689.351271661115,10538.793010317917,7,1,Model_1
19187,3913.347900390625,2625.9978752655443,10538.752295211729,31,0,Model_1
19188,2132.898681640625,2608.992898149998,10536.54475924823,15,0,Model_1
19189,6236.7353515625,2665.2338626894634,10548.76141076313,40,2,Model_1
19190,4830.61767578125,2575.7797609238187,10545.807225108278,12,0,Model_1
19191,1637.7322998046875,2592.6540066532325,10546.997325012584,4,0,Model_1
19192,3486.82666015625,2608.6343074816978,10551.922793032121,36,0,Model_1
19193,4417.9853515625,2633.652796341921,10557.568503331408,25,0,Model_1
19194,3274.355224609375,2700.3600972422864,10555.251275042778,2,0,Model_1
19195,6112.837890625,2678.7861962779425,10564.452094169377,1,0,Model_1
19196,3168.83642578125,2647.5998558585998,10562.195806061376,14,0,Model_1
19197,881.5423583984375,2622.3562696469016,10558.693777014581,4,0,Model_1
19198,4276.046875,2590.0711411335506,10565.201216795598,20,0,Model_1
19199,5601.51953125,2570.6570699710865,10570.846838775782,15,0,Model_1
19200,2069.689697265625,2608.1019453406334,10566.393966272975,7,0,Model_1
19201,8011.521484375,2707.350083504338,10577.739261523988,8,1,Model_1
19202,2384.498291015625,2620.672872889554,10576.689942268844,16,0,Model_1
19203,1286.3052978515625,2658.5626492615556,10572.57727494833,10,0,Model_1
19204,1695.213623046875,2637.7694540397497,10576.599503508027,11,0,Model_1
19205,2193.71630859375,2605.6065409595612,10579.885150754038,15,0,Model_1
19206,3608.010498046875,2590.5724315543193,10586.216747202256,15,0,Model_1
19207,4081.7412109375,2683.3530486787204,10586.394268598,0,0,Model_1
19208,3144.367431640625,2652.262225029175,10586.730764377993,21,0,Model_1
19209,2040.2384033203125,2634.506002765149,10586.949972390052,8,0,Model_1
19210,2706.588134765625,2665.75816919934,10589.113967036086,2,1,Model_1
19211,4606.74560546875,2564.370685553062,10593.954560398255,8,0,Model_1
19212,1122.6273193359375,2624.6898709215457,10591.939295120595,8,0,Model_1
19213,2424.195556640625,2580.920634586946,10599.388569809184,23,0,Model_1
19214,3343.81005859375,2637.4863561437232,10602.853151556577,12,0,Model_1
19215,7572.4345703125,2599.8601139920065,10610.421745352454,43,0,Model_1
19216,2910.426025390625,2618.8005140406312,10604.42699796064,17,0,Model_1
19217,3300.209716796875,2670.8260818599956,10605.35567332196,3,0,Model_1
19218,3451.868408203125,2710.403628046275,10603.937091899847,1,0,Model_1
19219,3782.990234375,2650.532565932721,10610.620375013663,16,0,Model_1
19220,5584.2275390625,2574.6261945377337,10619.40803737942,22,0,Model_1
19221,5488.63916015625,2622.97908501816,10626.019163786608,51,0,Model_1
19222,7346.0546875,2708.650492538931,10628.591722600162,3,0,Model_1
19223,1895.060302734375,2543.96254950203,10628.719343703073,2,0,Model_1
19224,2725.489013671875,2586.5715447847033,10635.470279249297,17,0,Model_1
19225,4206.89697265625,2638.548318495159,10638.161980531935,28,0,Model_1
19226,2113.810546875,2602.051245675073,10631.137255768394,14,0,Model_1
19227,1943.0416259765625,2609.653690068284,10641.239459653683,11,0,Model_1
19228,1913.9981689453125,2572.7522245625732,10642.677118001906,10,0,Model_1
19229,5190.142578125,2683.317143579712,10647.482118765824,0,0,Model_1
19230,2344.056884765625,2621.521245934069,10650.875956912227,16,0,Model_1
19231,5684.38134765625,2955.50265143835,10369.66122274493,4,0,Model_1
19232,1706.296142578125,2863.438755328767,10370.091866688039,3,0,Model_1
19233,2931.40673828125,2767.744071162422,10376.175639735033,8,0,Model_1
19234,3192.835693359375,2750.6769506062847,10376.061001540169,11,0,Model_1
19235,3710.501220703125,2993.3362685529282,10388.574316919898,0,1,Model_1
19236,3297.12060546875,2885.7811635084217,10378.042175644317,2,0,Model_1
19237,2773.967041015625,2908.7965621335898,10380.862911135504,2,0,Model_1
19238,4529.49365234375,2730.653643565136,10386.675279580944,18,1,Model_1
19239,6887.81640625,2968.462781054084,10388.50595793467,1,0,Model_1
19240,6301.73828125,2811.508013796527,10388.47902060845,4,1,Model_1
19241,2020.665283203125,2759.1206330563873,10392.025827440142,4,0,Model_1
19242,10652.81640625,2938.6974539762596,10400.40898831709,3,3,Model_1
19243,4161.2548828125,2773.487966360175,10396.953061841727,7,0,Model_1
19244,6162.67919921875,2831.4107165307505,10398.151375422553,8,0,Model_1
19245,4621.02294921875,2895.0994573446224,10394.237779358758,2,0,Model_1
19246,4251.791015625,2746.4700698391534,10398.577515091441,15,0,Model_1
19247,1430.1546630859375,2787.45343874814,10402.771965900742,1,1,Model_1
19248,2809.0234375,2714.1207264371915,10411.4548818111,14,0,Model_1
19249,6055.68212890625,2731.8145750997355,10419.979883166438,41,0,Model_1
19250,6721.3486328125,2794.1653906537686,10415.697643169391,0,1,Model_1
19251,3924.769775390625,2896.43070793862,10410.282887322777,1,0,Model_1
19252,9486.833984375,2872.558650476858,10420.49186900282,8,0,Model_1
19253,5537.31787109375,2962.9930074776057,10420.247401727487,2,1,Model_1
19254,2740.7861328125,2761.289208972128,10413.126409142373,8,0,Model_1
19255,6698.150390625,2822.245019365335,10418.106458367169,3,0,Model_1
19256,3848.77294921875,2745.952668156009,10425.389958100626,13,0,Model_1
19257,5459.4462890625,2985.098810261232,10424.029049052355,0,0,Model_1
19258,4808.74462890625,2906.715907678241,10424.59164173439,0,0,Model_1
19259,1969.74267578125,2715.9090765608707,10425.384305678075,6,0,Model_1
19260,9804.4501953125,2773.3045281299856,10435.168119199356,11,1,Model_1
19261,3009.341796875,2942.4012030354934,10424.423128887087,0,0,Model_1
19262,11256.7412109375,2811.1455103930784,10443.798220286502,5,0,Model_1
19263,9292.1025390625,2891.6767347333953,10445.429739064406,1,0,Model_1
19264,4375.54931640625,2727.2035318078706,10445.3846080031,52,0,Model_1
19265,2601.07861328125,2946.638004718465,10444.277881331422,0,0,Model_1
19266,3049.69873046875,2713.5888246179093,10450.431249831076,10,0,Model_1
19267,6713.90966796875,2743.785933527397,10461.074054941913,3,0,Model_1
19268,2838.18798828125,2786.8798778075725,10454.388563850538,2,0,Model_1
19269,8949.9462890625,2851.547953212983,10469.258409519447,2,0,Model_1
19270,8364.509765625,2982.4973017093726,10472.72334454325,1,0,Model_1
19271,6401.38623046875,2802.9243935246486,10468.711360999427,6,0,Model_1
19272,3276.822998046875,2718.0767318330472,10468.530571796895,21,0,Model_1
19273,3117.57373046875,2775.440191038302,10468.842868142841,1,0,Model_1
19274,6700.75439453125,2831.737775156973,10482.731841860936,2,1,Model_1
19275,11893.224609375,2771.2646121523576,10496.428279935884,6,0,Model_1
19276,4624.34716796875,2865.1603587940335,10484.922597194985,1,0,Model_1
19277,3554.781494140625,2910.302965165698,10481.218670680195,2,0,Model_1
19278,4027.480224609375,2790.5435788717587,10486.639255587565,1,0,Model_1
19279,4561.29833984375,2809.1228564822813,10490.71005965356,3,1,Model_1
19280,4299.07275390625,2752.6906282423297,10497.690801504126,2,0,Model_1
19281,5337.4326171875,2954.5240073294844,10508.845415813143,0,3,Model_1
19282,2159.394775390625,2819.668598350603,10506.937193287544,0,0,Model_1
19283,4564.10302734375,2800.2874401955632,10511.396336446618,0,1,Model_1
19284,6812.759765625,2869.060204932466,10525.206352887202,2,1,Model_1
19285,4932.1455078125,2754.8704820417333,10524.74417902455,3,0,Model_1
19286,7258.24658203125,2823.375339501421,10535.627035455604,3,1,Model_1
19287,2275.6708984375,2777.001832684269,10527.788450163811,1,0,Model_1
19288,4348.5830078125,2712.449528207071,10532.042428048102,3,0,Model_1
19289,5527.73193359375,2802.9234728810843,10544.144706325445,1,1,Model_1
19290,5312.71728515625,2739.3606300746324,10543.538660645048,4,0,Model_1
19291,5119.64306640625,2783.503187374561,10552.07576171741,2,0,Model_1
19292,4895.29248046875,2719.8625501869246,10552.682867227035,3,0,Model_1
19293,7027.2431640625,2904.1606614654884,10559.564161768343,0,7,Model_1
19294,2953.283447265625,2772.4469486498274,10567.006194290538,0,0,Model_1
19295,5566.396484375,2732.5308357927715,10570.196986820614,0,1,Model_1
19296,1783.41259765625,2740.2587178716203,10579.919153608447,0,0,Model_1
19297,8302.92578125,2757.5942060267553,10581.212321905208,1,0,Model_1
19298,8289.0009765625,2818.7504865560913,10584.646256924083,0,0,Model_1
19299,5466.7197265625,2796.0614560744725,10582.8209660356,1,1,Model_1
19300,9867.748046875,2855.2742580395425,10598.486920093186,0,7,Model_1
19301,6571.04736328125,2731.3063798522344,10605.238120596718,4,0,Model_1
19302,5153.83203125,2800.377433103975,10603.902294173517,0,0,Model_1
19303,3788.6865234375,2866.6953017766355,10624.402659256106,1,5,Model_1
19304,4729.08447265625,2773.9082401472842,10624.430038177838,0,0,Model_1
19305,5897.3330078125,2756.390234405524,10631.400711650735,3,0,Model_1
19306,2452.885986328125,2797.906425777357,10624.618776099582,0,0,Model_1
19307,7115.38427734375,2737.093315136619,10636.764860651696,3,2,Model_1
19308,4739.63720703125,2821.9124368777266,10646.027061554436,1,4,Model_1
19309,4690.75048828125,3004.8781467578374,10372.68977308397,0,0,Model_1
19310,7048.8974609375,3048.4261984761106,10380.087911012291,1,0,Model_1
19311,9782.36328125,3079.4719105910044,10389.645539312427,3,7,Model_1
19312,3720.796142578125,3029.600648712134,10383.354039736681,3,0,Model_1
19313,3962.01416015625,3015.2521886014147,10396.449466320068,0,2,Model_1
19314,3312.00048828125,3138.084913273924,10408.658963987677,1,1,Model_1
19315,4134.986328125,3025.799541595974,10437.758165195177,0,3,Model_1
19316,7234.9912109375,3044.032887387206,10458.797983354983,3,11,Model_1
19317,3811.54736328125,2999.1255054462235,10457.888384919774,0,2,Model_1
19318,3139.591796875,3252.6820209418656,10469.63191100333,0,3,Model_1
19319,4626.22900390625,3198.298684954294,10538.09793898234,0,11,Model_1
19320,2809.30712890625,3114.7689245250076,10568.58904924304,1,5,Model_1
19321,2519.6767578125,3147.448778966558,10626.465351891733,0,0,Model_1
19322,2424.697509765625,3115.610162581899,10638.447692828071,1,4,Model_1
19326,3646.60498046875,4037.9267664127983,10434.108201651929,0,0,Model_1
19327,1535.061279296875,4020.684033096768,10446.874462940817,0,1,Model_1
19328,7303.90625,4039.326144630555,10480.811342980109,4,11,Model_1
19329,11846.9638671875,4014.1934959683567,10563.270826175307,2,16,Model_1
19330,2297.577880859375,4055.1897538872436,10549.307487773025,0,2,Model_1
19331,8959.0595703125,4106.226550518535,10575.52987085934,0,14,Model_1
19332,4017.378662109375,4054.959592996165,10579.51774328822,0,6,Model_1
19333,4900.4365234375,4080.431038490031,10596.306674732317,0,12,Model_1
19334,6766.9404296875,3977.9693939650897,10605.81254803847,0,8,Model_1
19335,4431.9775390625,4107.784279429354,10630.392195820881,0,5,Model_1
19336,14848.5732421875,4197.823220019229,10380.646529334721,1,21,Model_1
19337,5385.51220703125,4221.771460735938,10371.440146104673,1,7,Model_1
19338,4546.49072265625,4332.224751720903,10375.638394635374,0,3,Model_1
19339,4192.06689453125,4268.889538035728,10379.917896740248,0,5,Model_1
19340,12628.3740234375,4306.329349865671,10396.54008171909,1,4,Model_1
19341,2169.27978515625,4149.9953265313525,10384.40468377836,0,2,Model_1
19342,5503.314453125,4285.618091921089,10390.231094961076,0,5,Model_1
19343,3099.527099609375,4175.638932371745,10393.813847667428,0,1,Model_1
19344,6839.087890625,4157.064027818153,10403.138666813742,0,23,Model_1
19345,4718.51513671875,4259.598863506457,10397.922717266541,0,8,Model_1
19346,11151.4541015625,4259.221399645088,10420.236361839692,1,10,Model_1
19347,5275.091796875,4199.376345712226,10419.109410093573,1,7,Model_1
19348,8071.51513671875,4288.481753727887,10432.934705738866,2,16,Model_1
19349,4186.8583984375,4214.942587097641,10431.370662755166,1,5,Model_1
19350,4186.84423828125,4267.760368704097,10453.009196109873,0,1,Model_1
19351,4125.3662109375,4312.58236095449,10461.93490123262,0,3,Model_1
19352,2593.24169921875,4321.3381415728945,10539.534537501335,0,3,Model_1
19353,1305.5997314453125,4394.662798252655,10537.988070019004,0,2,Model_1
19354,3430.024658203125,4200.995757741854,10551.085527941745,0,1,Model_1
19355,13487.095703125,4179.963655515108,10569.948103590163,0,17,Model_1
19356,4172.640625,4266.617850040784,10566.111786740934,0,0,Model_1
19357,8903.67578125,4231.980477220612,10592.707582992029,1,5,Model_1
19358,3846.498046875,4166.152160763275,10597.419672060263,1,1,Model_1
19359,10017.4091796875,4298.3492114502005,10608.549203744209,0,11,Model_1
19360,3451.588134765625,4272.429872862296,10617.595464441678,1,3,Model_1
19361,4413.49267578125,4318.914087068057,10623.07601801955,2,3,Model_1
19362,12584.513671875,4213.748972716508,10633.957549664068,0,10,Model_1
19363,7897.50341796875,4252.843641353305,10633.476740470818,1,3,Model_1
19364,3241.43701171875,4190.905504276976,10650.364412671355,2,0,Model_1
19365,6177.89404296875,4581.216486263787,10370.809636032922,1,7,Model_1
19366,1884.36669921875,4602.083793292521,10364.345914207574,0,0,Model_1
19367,6889.72119140625,4604.349036782514,10383.639310437306,2,1,Model_1
19368,5383.09130859375,4646.217144156806,10389.00619733044,1,3,Model_1
19369,5677.06640625,4579.717218219303,10393.221138171488,1,1,Model_1
19370,3573.925048828125,4474.74543901626,10402.758718035388,0,1,Model_1
19371,10402.87890625,4667.388723883545,10411.525713731193,1,1,Model_1
19372,3219.156005859375,4639.301730023464,10403.927003121411,1,0,Model_1
19373,13738.888671875,4567.747470917879,10422.302322282107,4,31,Model_1
19374,8475.720703125,4602.769212426152,10414.640816790547,2,2,Model_1
19375,3495.349853515625,4623.486914875684,10409.83140007151,0,0,Model_1
19376,5578.50048828125,4634.133237053407,10425.391459525366,0,0,Model_1
19377,5914.6220703125,4403.2141959997825,10429.426141078497,1,2,Model_1
19378,2039.565185546875,4481.595947778318,10421.279763714978,0,0,Model_1
19379,2206.88916015625,4612.478319455404,10433.585087608648,0,0,Model_1
19380,3456.024658203125,4487.114285302814,10434.549708844628,0,1,Model_1
19381,8827.0048828125,4641.557306756033,10443.158260070799,3,0,Model_1
19382,5869.41064453125,4543.878865869483,10447.132531357915,2,10,Model_1
19383,2840.67431640625,4614.093588588992,10448.757249564937,1,1,Model_1
19384,1397.81689453125,4556.793653789675,10450.289762629094,0,3,Model_1
19385,15115.5732421875,4560.481291586533,10477.724148757101,2,26,Model_1
19386,28991.53125,4475.261459734058,10495.057567467251,3,36,Model_1
19387,3414.047607421875,4675.626182175241,10476.551271077755,0,1,Model_1
19388,6859.373046875,4638.321704949252,10491.773509965082,1,18,Model_1
19389,7874.56884765625,4402.093772782013,10500.26185889294,2,11,Model_1
19390,20356.955078125,4434.890779117122,10527.882245050518,3,10,Model_1
19391,6263.4111328125,4407.557332014432,10517.370152211173,0,9,Model_1
19392,7099.70263671875,4616.904313390842,10515.433402615512,1,1,Model_1
19393,15573.041015625,4613.647536782082,10543.864116537246,3,21,Model_1
19394,12076.794921875,4577.883756560972,10551.899830065508,0,17,Model_1
19395,7728.9072265625,4478.991907456657,10542.67066050705,1,17,Model_1
19396,1561.7354736328125,4407.776905504521,10541.02280269521,0,0,Model_1
19397,13372.0908203125,4512.496428370941,10555.941842104134,0,11,Model_1
19398,4971.4345703125,4593.280599530553,10562.778005584136,1,12,Model_1
19399,11666.017578125,4656.19553942862,10572.082423017804,6,4,Model_1
19400,3628.000732421875,4622.0258535391185,10582.826088543537,0,15,Model_1
19401,24817.42578125,4599.7734382678755,10612.564366775718,5,31,Model_1
19402,2505.8798828125,4574.403723887866,10590.811460183453,0,10,Model_1
19403,14504.3134765625,4555.708675349131,10606.158847238825,0,20,Model_1
19404,3167.615966796875,4654.45414212672,10606.286556660838,0,6,Model_1
19405,14280.927734375,4476.8537127785385,10622.066795636878,1,17,Model_1
19406,11090.9931640625,4442.908203596948,10622.683616247763,1,13,Model_1
19407,2882.677734375,4661.0763312848285,10622.483926757326,0,17,Model_1
19408,2681.670654296875,4541.6320352507755,10622.03429420721,0,1,Model_1
19409,4107.4248046875,4512.390094039263,10627.85487632917,0,2,Model_1
19410,2565.261474609375,4633.516405865317,10641.667807300131,2,4,Model_1
19411,3179.25146484375,4739.941881256411,10372.347271605016,20,0,Model_1
19412,5557.90185546875,4772.979175561806,10374.034961332021,4,0,Model_1
19413,3202.995361328125,4753.3667057112325,10378.273395054297,19,0,Model_1
19414,3755.54345703125,4709.317133411299,10374.005286113628,1,0,Model_1
19415,4711.03857421875,4691.433632174507,10380.933743055597,2,0,Model_1
19416,5799.90380859375,4783.372320759343,10391.982021165371,4,0,Model_1
19417,1053.377197265625,4670.579674477456,10384.79002002196,0,1,Model_1
19418,4574.73193359375,4729.357702519279,10390.187906920022,29,0,Model_1
19419,4681.935546875,4710.393365737982,10397.652725770626,1,0,Model_1
19420,5922.927734375,4760.427121205954,10402.051017068174,52,0,Model_1
19421,2910.883056640625,4742.429460167186,10400.202321617566,18,0,Model_1
19422,4844.61376953125,4691.621903783409,10404.900721224934,0,0,Model_1
19423,4749.34716796875,4792.379437070806,10415.28678270521,4,0,Model_1
19424,2424.584716796875,4723.731189375976,10411.595485822058,0,0,Model_1
19425,3328.874267578125,4773.10806566081,10416.427777188605,19,0,Model_1
19426,4201.71728515625,4713.750952817034,10428.253793313765,4,0,Model_1
19427,4271.29052734375,4740.033024969278,10430.983118534008,24,2,Model_1
19428,1743.1126708984375,4779.386394447647,10432.626383752526,12,0,Model_1
19429,6001.6865234375,4797.052623803262,10440.293365028432,5,0,Model_1
19430,7847.19140625,4727.416985885706,10452.696016572903,1,0,Model_1
19431,1930.41259765625,4751.030572666787,10438.107467245012,10,0,Model_1
19432,1202.962890625,4769.8218284579925,10436.442828803723,17,0,Model_1
19433,2220.83349609375,4759.022679448593,10447.87847449645,13,0,Model_1
19434,5239.125,4777.344407021999,10453.746042380866,42,0,Model_1
19435,4044.830078125,4746.8826130877715,10462.38276740069,16,0,Model_1
19436,6197.46875,4710.989022124093,10467.805560285618,2,2,Model_1
19437,5896.51806640625,4804.849554149434,10474.465703794616,7,0,Model_1
19438,3831.688232421875,4783.789832615759,10473.378054049048,27,0,Model_1
19439,2987.45361328125,4769.968671106501,10475.562362088625,31,0,Model_1
19440,2215.642333984375,4690.700339575531,10473.158316122375,1,0,Model_1
19441,2376.87939453125,4757.785794819938,10479.64058495922,5,0,Model_1
19442,4241.46923828125,4748.063798780786,10491.845401714403,40,0,Model_1
19443,9430.1337890625,4700.385509872111,10492.248401778474,0,24,Model_1
19444,4858.37744140625,4799.490027639782,10494.1090203079,7,0,Model_1
19445,3807.008056640625,4767.346678235335,10496.210485029464,29,0,Model_1
19446,2347.339111328125,4673.841514625819,10497.370114843456,0,1,Model_1
19447,2703.267578125,4782.771600833628,10502.309978876678,24,0,Model_1
19448,8114.3076171875,4728.327502370812,10514.852527879288,2,2,Model_1
19449,10198.0,4693.647319624899,10518.04579334423,0,1,Model_1
19450,5924.7001953125,4803.208046674263,10514.105878187933,9,0,Model_1
19451,3950.746337890625,4753.251625265693,10514.46533693454,39,0,Model_1
19452,1680.60302734375,4773.982677046908,10512.737726973268,25,0,Model_1
19453,4376.03662109375,4772.799189744983,10525.592130726312,38,0,Model_1
19454,2617.5048828125,4796.238774892408,10529.554213977302,5,0,Model_1
19455,4436.02734375,4752.81984343403,10536.25065663737,48,0,Model_1
19456,1097.907470703125,4812.178337243153,10530.193909235699,0,0,Model_1
19457,5871.84033203125,4718.952128633624,10539.744207050338,5,0,Model_1
19458,5888.8046875,4785.304751600837,10545.210452933628,27,0,Model_1
19459,6516.62353515625,4691.652285021031,10551.159186073113,4,0,Model_1
19460,3456.65771484375,4675.447577323765,10544.088447057242,2,1,Model_1
19461,3638.55078125,4808.141315213637,10544.693609546615,4,0,Model_1
19462,4041.761962890625,4767.803317443235,10552.167171988352,25,1,Model_1
19463,2304.046630859375,4736.976948657539,10550.981576358266,2,0,Model_1
19464,3730.797607421875,4750.755300241057,10558.219945030418,38,0,Model_1
19465,6366.6484375,4809.040783975972,10566.29195770975,4,0,Model_1
19466,2293.484130859375,4672.498295665486,10566.354575953323,2,0,Model_1
19467,3091.794189453125,4781.804004447535,10570.840656438617,16,0,Model_1
19468,2720.781494140625,4796.289870610228,10573.370027211116,2,0,Model_1
19469,4024.68798828125,4766.2465091759805,10575.423799617405,19,0,Model_1
19470,4835.138671875,4708.63217459945,10577.488346954182,0,1,Model_1
19471,3663.811279296875,4748.559565340169,10580.45807677105,15,1,Model_1
19472,8551.5458984375,4687.450007471722,10589.034568163064,0,1,Model_1
19473,2580.435791015625,4779.79469986842,10587.802428366034,14,0,Model_1
19474,5913.875,4806.810524941422,10594.733181604664,4,2,Model_1
19475,4377.37451171875,4750.169310612371,10602.933433620623,48,0,Model_1
19476,5154.009765625,4730.86479603406,10597.756344478461,0,0,Model_1
19477,5809.4287109375,4787.190229620552,10607.769169432162,35,0,Model_1
19478,6685.169921875,4765.457977963146,10608.891705223163,77,0,Model_1
19479,4093.98974609375,4697.986312743509,10607.610901600732,0,0,Model_1
19480,2071.36181640625,4674.401726234704,10603.935502156004,0,1,Model_1
19481,5149.36376953125,4717.569322000025,10613.131640370179,2,12,Model_1
19482,5506.880859375,4808.035441203741,10618.345116982513,13,0,Model_1
19483,3136.682373046875,4674.845016110921,10620.771949277172,1,0,Model_1
19484,5327.189453125,4774.6239052894525,10633.173276035108,48,0,Model_1
19485,2351.423828125,4747.992909226334,10629.851417957128,13,0,Model_1
19486,1265.66259765625,4758.752010240685,10630.115138796777,5,0,Model_1
19487,1196.0167236328125,4793.194666947005,10628.450147079078,11,0,Model_1
19488,4454.61767578125,4809.36485051061,10640.535203131461,10,0,Model_1
19489,711.6920166015625,4789.815905065974,10636.16747024333,12,0,Model_1
19490,3436.30078125,4788.844165783841,10648.765483642223,28,0,Model_1
19496,3797.31640625,5468.129511668114,10370.37775562238,4,0,Model_1
19497,6698.208984375,5442.7234318673145,10401.777051212652,15,0,Model_1
19498,5800.0673828125,5507.3199272356,10402.41754134297,8,0,Model_1
19499,3701.90771484375,5520.463955403306,10418.746595221077,1,0,Model_1
19500,4328.935546875,5462.717508475296,10433.844745769587,20,0,Model_1
19501,6226.83642578125,5443.248198698973,10440.309704062369,36,0,Model_1
19502,6108.7353515625,5503.594082730822,10440.739553133557,14,1,Model_1
19503,16061.484375,5433.789506719215,10464.081232058183,71,1,Model_1
19504,1663.4981689453125,5470.057339291787,10450.185811045616,4,0,Model_1
19505,4441.55908203125,5498.771751740947,10464.048465671207,5,1,Model_1
19506,6747.99658203125,5476.04888760834,10471.3445067172,29,1,Model_1
19507,8647.1025390625,5389.126325483667,10479.156949554694,27,0,Model_1
19508,4407.89892578125,5517.5372295123525,10481.74796706064,5,0,Model_1
19509,3768.8173828125,5442.249760753475,10487.270472212134,27,1,Model_1
19510,3375.683837890625,5494.611363473814,10485.265186993041,5,0,Model_1
19511,4970.68408203125,5455.652950084535,10499.91803262745,21,0,Model_1
19512,3958.95263671875,5471.311255826382,10499.18463080145,17,0,Model_1
19513,7394.78271484375,5506.577428200981,10502.768531656133,2,1,Model_1
19514,2249.655029296875,5423.182311892975,10493.60878091213,26,0,Model_1
19515,5653.7978515625,5375.771469939733,10509.18694578197,6,0,Model_1
19516,3049.86865234375,5424.425641026581,10508.332370147531,15,0,Model_1
19517,2715.375,5522.17865404184,10513.243883748895,2,1,Model_1
19518,2321.663330078125,5506.13551929011,10518.218368870243,2,0,Model_1
19519,5046.35546875,5420.306221398059,10530.642128680178,23,1,Model_1
19520,4266.1240234375,5498.913991171634,10533.7560835912,2,1,Model_1
19521,1959.8475341796875,5521.9724298834335,10528.56671809381,1,0,Model_1
19522,2622.620361328125,5436.437277610181,10536.90616101509,7,0,Model_1
19523,6067.06005859375,5474.520158969797,10548.429330938256,15,0,Model_1
19524,4333.26318359375,5516.898302878719,10543.77853532706,4,1,Model_1
19525,4185.21923828125,5376.333522835746,10552.44131448208,43,0,Model_1
19526,3549.990234375,5424.2723538731225,10552.3635053529,4,0,Model_1
19527,6525.25146484375,5497.7769963697065,10560.96755230485,9,0,Model_1
19528,3408.92529296875,5518.46938112122,10561.117871417067,3,0,Model_1
19529,1703.526123046875,5408.717620532261,10562.249504075611,17,1,Model_1
19530,4451.82373046875,5461.627466495149,10571.727380226315,6,1,Model_1
19531,4538.49755859375,5480.870297954651,10573.194802112033,4,0,Model_1
19532,4672.69921875,5386.693064543186,10573.641961727284,20,0,Model_1
19533,3126.905517578125,5429.235543328337,10574.308329354593,10,0,Model_1
19534,3767.64013671875,5438.425407387316,10582.785638394656,18,0,Model_1
19535,5440.06591796875,5411.354804022238,10583.023923332825,8,0,Model_1
19536,5087.56298828125,5389.728426374728,10591.270984473034,16,0,Model_1
19537,9712.642578125,5487.388914711773,10599.767282120105,4,0,Model_1
19538,15496.94140625,5517.768771368777,10608.601841929216,7,1,Model_1
19539,2420.8134765625,5445.363377287984,10603.390308337133,9,0,Model_1
19540,4726.20947265625,5433.272105036071,10614.615136332526,6,0,Model_1
19541,6475.8486328125,5470.439866692759,10621.726678773688,5,1,Model_1
19542,6883.9775390625,5379.681443157373,10625.726121004976,41,0,Model_1
19543,8922.056640625,5449.296366594732,10633.287914229972,13,0,Model_1
19544,11063.400390625,5680.591490544379,10376.217679627756,7,35,Model_1
19545,6662.68017578125,5645.81832279847,10380.021936642828,6,3,Model_1
19546,4313.16650390625,5616.461761463201,10382.975769021272,0,0,Model_1
19547,4895.408203125,5564.055507529993,10386.106151285334,1,1,Model_1
19548,5617.1884765625,5587.522251662565,10397.189933674257,4,2,Model_1
19549,5987.29541015625,5666.529580743052,10401.242720643371,0,23,Model_1
19550,5392.44140625,5615.376322700875,10402.212994301903,3,0,Model_1
19551,1295.911376953125,5574.629559187917,10405.013857995058,2,0,Model_1
19552,2530.804931640625,5559.2911770846695,10402.640370438225,3,0,Model_1
19553,4370.236328125,5555.694683000678,10415.503164505993,3,1,Model_1
19554,3366.00244140625,5589.310601786245,10415.273004925242,3,0,Model_1
19555,9820.330078125,5652.345225347672,10425.526411113773,2,36,Model_1
19556,3499.926025390625,5567.514825722901,10427.481442763623,4,0,Model_1
19557,4057.08740234375,5536.940252952045,10428.994613944364,1,0,Model_1
19558,1518.720703125,5582.182058667764,10430.937634196292,2,0,Model_1
19559,8771.322265625,5711.558717795415,10445.438747612847,1,13,Model_1
19560,3323.520263671875,5557.93184686196,10440.53800894197,1,0,Model_1
19561,7523.13525390625,5593.738437008811,10444.04357075286,5,3,Model_1
19562,3322.2763671875,5519.9999510468915,10448.970716835342,4,0,Model_1
19563,3978.104736328125,5539.061876046006,10446.132140885478,3,0,Model_1
19564,2818.19580078125,5776.874235787429,10457.824353570562,1,4,Model_1
19565,5473.01318359375,5551.993695872137,10462.36969617354,2,0,Model_1
19566,4190.4853515625,5522.870978002204,10464.517970019355,3,0,Model_1
19567,6046.14453125,5593.468228122685,10466.99214135288,6,0,Model_1
19568,4934.06103515625,5570.772522975225,10473.187549745257,7,1,Model_1
19569,5708.35888671875,5606.940926042851,10478.270225766995,2,19,Model_1
19570,3393.006591796875,5535.869084164966,10480.092778763305,5,0,Model_1
19571,4414.94580078125,5558.765029287664,10494.599014687796,3,2,Model_1
19572,10433.662109375,5605.925916513195,10506.002335589059,3,24,Model_1
19573,1969.4302978515625,5573.734233321622,10490.520173583485,0,0,Model_1
19574,3412.0888671875,5587.097834979417,10498.786223330702,2,1,Model_1
19575,4390.1865234375,5540.1210764667485,10508.946452866243,2,0,Model_1
19576,5123.0634765625,5587.299916241784,10527.003734939339,3,2,Model_1
19577,16765.328125,5631.989796140697,10544.585506965326,9,49,Model_1
19578,2813.70361328125,5567.386856267462,10533.016411108933,4,1,Model_1
19579,5663.5224609375,5601.63709846884,10546.019190953943,1,6,Model_1
19580,6580.35107421875,5577.095963296713,10551.14258208187,4,6,Model_1
19581,8232.08203125,5532.603561442345,10574.516762436164,4,2,Model_1
19582,2880.91650390625,5590.3141032713465,10566.350248317307,2,2,Model_1
19583,3431.96826171875,5555.223773817532,10575.282312415424,1,0,Model_1
19584,9890.0791015625,5583.232973296428,10595.908973814388,2,1,Model_1
19585,3119.842041015625,5545.2578072338365,10595.546512218301,8,1,Model_1
19586,2120.02490234375,5540.986481417203,10612.47542943964,1,0,Model_1
19587,4523.47265625,5538.088755798526,10636.300037215973,1,0,Model_1
19588,4227.3017578125,5937.831270779949,10371.40596661206,1,13,Model_1
19589,10766.203125,5832.71080764127,10385.559632679928,1,13,Model_1
19590,3135.74365234375,5957.009196868166,10400.540053864992,2,9,Model_1
19591,3628.382568359375,5821.226699820021,10411.350665270314,0,11,Model_1
19592,7492.048828125,6037.125441121869,10419.855971465826,1,35,Model_1
19593,1944.70849609375,6016.51729525649,10423.736447866235,2,7,Model_1
19594,4204.53466796875,6069.680778521346,10431.285081544978,0,8,Model_1
19595,3085.1875,6056.641703719972,10458.27548754542,1,6,Model_1
19596,2247.3515625,5803.848631900037,10488.955335727864,0,1,Model_1
19597,5299.2744140625,6041.057509785052,10562.532655117779,3,6,Model_1
19598,2095.196533203125,5831.817783383885,10563.423706541493,1,4,Model_1
19599,1796.405029296875,5998.697778747417,10572.72697582683,0,2,Model_1
19600,1948.004638671875,6002.1511127571575,10586.335094799419,0,5,Model_1
19601,6744.02734375,5888.576840089168,10643.190163667517,1,5,Model_1
19602,2555.093994140625,5957.810617090901,10638.856433633795,2,16,Model_1
19603,2106.74951171875,5842.436025932897,10646.387580130271,0,6,Model_1
19605,1600.1893310546875,6079.26882092189,10418.438449872941,0,0,Model_1
19606,1362.2388916015625,6088.732576441253,10427.600850190014,0,0,Model_1
19608,1822.56103515625,6077.381041293265,10451.604745744138,0,0,Model_1
19609,1380.484130859375,6087.861647629412,10453.465452592667,0,0,Model_1
19610,2036.8983154296875,6093.757909337059,10468.31074555112,0,2,Model_1
19611,2609.791015625,6079.005977184279,10467.471979036003,0,2,Model_1
19613,2634.522705078125,6093.701289757853,10490.440598072259,0,1,Model_1
19615,1802.8836669921875,6090.8279611936305,10507.617515333026,0,9,Model_1
19616,1300.5640869140625,6085.441275698831,10534.775727627952,1,6,Model_1
19617,2790.26513671875,6094.502249658806,10542.679404098184,1,8,Model_1
19618,1254.8720703125,6077.4491689170245,10540.348133072279,0,6,Model_1
19619,2500.543212890625,6089.336518619442,10558.74270579729,2,11,Model_1
19620,2055.625,6077.335929758614,10574.063685441055,1,3,Model_1
19621,2453.0859375,6148.936681364197,10621.553043418447,0,4,Model_1
19622,3931.489013671875,6136.3979763400275,10627.276739485118,4,19,Model_1
19626,7251.181640625,6920.656482392689,10413.760451978218,11,0,Model_1
19627,1780.06494140625,6902.076053977711,10450.046178544784,7,0,Model_1
19628,4895.10400390625,6914.245120610809,10480.666411333135,19,0,Model_1
19629,6910.8984375,6882.085659943987,10493.006267995828,29,0,Model_1
19630,4190.251953125,6906.497444695327,10501.847363418514,16,0,Model_1
19631,4842.33544921875,6847.960625267355,10513.080846685938,4,0,Model_1
19632,3986.54736328125,6904.158089398406,10520.696337925168,15,0,Model_1
19633,4088.261474609375,6865.126484845765,10560.429247375963,36,0,Model_1
19634,5278.52392578125,6918.198364075972,10572.293417353343,23,0,Model_1
19635,4873.8701171875,6829.1946871741675,10592.47936643153,7,0,Model_1
19636,1950.8900146484375,6845.055074178381,10629.03799902439,1,0,Model_1
19637,4455.04638671875,6871.61149811279,10636.883473206166,27,0,Model_1
19638,2291.93505859375,6849.464036207879,10641.199627738519,16,0,Model_1
19639,4865.31787109375,7098.6863919636235,10371.6582059684,14,0,Model_1
19640,6281.92236328125,7074.610642113257,10378.463722719884,17,0,Model_1
19641,5663.2763671875,7197.95202235505,10384.998629741734,30,0,Model_1
19642,3166.31201171875,7131.010647828458,10382.352147839505,7,0,Model_1
19643,5389.79833984375,7175.15182416304,10386.027105688721,8,0,Model_1
19644,5102.8984375,7148.525431317743,10387.83393788481,10,0,Model_1
19645,5000.43896484375,7159.586043099407,10414.606813936138,14,0,Model_1
19646,4943.07470703125,7121.486129833851,10411.209531344743,13,0,Model_1
19647,4074.781494140625,7092.010345157003,10412.251343476186,8,0,Model_1
19648,3621.3115234375,7020.7378029820975,10412.86516123759,11,0,Model_1
19649,5660.63818359375,7005.360753849149,10426.220599258326,19,0,Model_1
19650,9288.375,7173.090963544324,10435.63788850481,23,0,Model_1
19651,2991.68359375,7128.646895477083,10430.712773761683,8,0,Model_1
19652,3212.999755859375,7087.24601471168,10434.824292933867,15,0,Model_1
19653,4786.552734375,6926.629157516174,10440.292216880101,9,0,Model_1
19654,6132.3408203125,6975.104723751545,10442.595137474149,13,0,Model_1
19655,3018.17724609375,7191.054560771212,10442.190812623543,15,0,Model_1
19656,1959.7291259765625,7066.969760851236,10439.976034493651,11,0,Model_1
19657,4735.39892578125,7041.996383525664,10460.362556253298,28,0,Model_1
19658,3501.25390625,6957.325715559302,10467.443716923248,9,0,Model_1
19659,5077.70361328125,6976.24540112773,10490.049697725211,18,0,Model_1
19660,4232.853515625,6994.197490310064,10487.37248077536,27,0,Model_1
19661,3652.625244140625,6956.019322341541,10486.43629829034,20,0,Model_1
19662,3805.454345703125,6950.728844099212,10502.714127089079,22,1,Model_1
19663,5620.46240234375,6938.5243326888885,10525.777424203065,40,0,Model_1
19664,9432.8349609375,6935.546511080116,10549.045444996322,43,0,Model_1
19665,2850.232666015625,7139.191946862731,10638.816425080426,0,0,Model_1
19666,10745.90234375,7227.400187724968,10376.350776515013,39,0,Model_1
19667,8323.4345703125,7322.562970072031,10375.803727994993,6,0,Model_1
19668,4801.62841796875,7241.125141981756,10404.889769656242,41,0,Model_1
19669,5466.5400390625,7282.147638242226,10406.34076418892,17,0,Model_1
19670,4152.69287109375,7220.197072477778,10410.631924415306,8,0,Model_1
19671,5043.87255859375,7308.45963131031,10414.417722737984,2,0,Model_1
19672,4857.09716796875,7391.086930885678,10416.937643366531,12,0,Model_1
19673,5008.47705078125,7324.286875146208,10420.566940239827,10,0,Model_1
19674,6412.3916015625,7246.480065273587,10426.946405641524,22,0,Model_1
19675,7241.689453125,7216.641547032399,10430.661637001416,16,0,Model_1
19676,7401.8349609375,7266.711207599379,10446.566494230887,44,0,Model_1
19677,5526.43115234375,7408.3706328403205,10444.859727577772,6,0,Model_1
19678,4413.63623046875,7320.739175171126,10444.896733281661,16,0,Model_1
19679,3254.50341796875,7237.532330472022,10446.537260608005,12,0,Model_1
19680,1665.6346435546875,7225.79550599237,10450.955865299096,11,0,Model_1
19681,1897.4627685546875,7250.802486808039,10455.803435870352,14,0,Model_1
19682,3855.963134765625,7347.127581655048,10469.730386802461,21,0,Model_1
19683,6215.341796875,7449.971753580961,10487.87872587009,15,0,Model_1
19684,3763.145263671875,7339.042029551463,10488.563110594281,16,0,Model_1
19685,4684.54052734375,7369.97105009458,10496.079242843356,6,0,Model_1
19686,10364.1396484375,7453.472500734264,10518.473964352474,27,0,Model_1
19687,4939.85791015625,7357.077436976368,10513.865031995796,8,0,Model_1
19688,4237.66455078125,7383.616368683055,10534.165442630641,14,0,Model_1
19689,5933.72802734375,7474.448904025368,10541.144683056467,14,0,Model_1
19690,8934.7138671875,7423.361932319822,10571.615038328113,18,0,Model_1
19691,6794.46923828125,7421.270690463483,10604.53068458681,13,0,Model_1
19692,4946.7685546875,7389.897459400585,10436.137509666863,25,3,Model_1
19693,2825.090087890625,7453.944790882757,10609.014468775444,33,0,Model_1
19694,3525.6025390625,7446.884375388036,10625.849237833667,10,0,Model_1
19695,10866.2841796875,1223.750356760167,10665.635138745878,30,0,Model_1
19696,3786.73876953125,1270.1606893198914,10649.417631894052,12,0,Model_1
19697,4584.15625,1303.2926948319655,10657.396644558597,20,0,Model_1
19698,3209.416748046875,1271.1819131936063,10670.809666634072,18,0,Model_1
19699,2761.76123046875,1300.2287930499297,10670.658022735319,8,0,Model_1
19700,4873.0791015625,1286.9249181433697,10678.95118644696,17,1,Model_1
19701,7324.56884765625,1244.5306629720726,10689.128284931052,25,1,Model_1
19702,4262.3212890625,1264.1267913993797,10694.508331370438,28,0,Model_1
19703,4598.50732421875,1300.839064652624,10695.479046624481,39,1,Model_1
19704,6418.4375,1219.116872781422,10700.67212152417,22,0,Model_1
19705,4919.29150390625,1243.4829705958837,10713.874149264106,24,0,Model_1
19706,4115.990234375,1290.2637471097987,10716.279696655096,9,0,Model_1
19707,5091.04248046875,1308.2123838787666,10720.041118905523,6,0,Model_1
19708,7768.3994140625,1261.650490372267,10730.126453842262,40,0,Model_1
19709,4445.89892578125,1244.0675792592228,10738.923036437358,14,0,Model_1
19710,5094.20458984375,1284.1588445543894,10738.119155967674,18,0,Model_1
19711,4000.416259765625,1303.2689882601844,10744.73319690524,21,0,Model_1
19712,2653.145751953125,1269.447765959776,10753.2029105025,9,0,Model_1
19713,5949.51611328125,1233.699176357477,10758.406583694472,26,0,Model_1
19714,8063.61279296875,1287.775707877241,10764.311952154698,37,0,Model_1
19715,4566.3662109375,1215.8696478496422,10768.879639490573,5,0,Model_1
19716,9574.4873046875,1252.9390157253947,10777.959196489632,45,0,Model_1
19717,9440.0078125,1304.0738608962856,10790.824286854062,52,0,Model_1
19718,4725.01806640625,1275.1473551859963,10787.677918832473,13,0,Model_1
19719,2104.90771484375,1238.805410806497,10797.596242346648,15,0,Model_1
19720,3930.95263671875,1284.8484065840603,10806.45968250223,20,0,Model_1
19721,6119.45654296875,1267.6654000192648,10813.946492809322,27,0,Model_1
19722,4814.96630859375,1250.7759636710398,10813.675618122383,28,0,Model_1
19723,3936.1015625,1230.9072096682503,10815.486159720771,8,0,Model_1
19724,2636.87060546875,1294.2741855563945,10821.446374343563,30,0,Model_1
19725,4960.1806640625,1245.4719059361378,10835.69056749135,15,0,Model_1
19726,4514.69091796875,1261.4882269440568,10842.0944972844,17,0,Model_1
19727,3370.326416015625,1290.9744839414489,10840.874545523497,35,0,Model_1
19728,4530.880859375,1229.6040387029643,10846.80340686495,12,0,Model_1
19729,6056.7861328125,1275.8188495857175,10857.389334473868,31,0,Model_1
19730,3804.120849609375,1299.2333471960155,10856.117009485264,25,0,Model_1
19731,5164.2001953125,1255.5781555829453,10866.410865822676,29,0,Model_1
19732,9923.56640625,1231.0949058749247,10875.471434214727,14,0,Model_1
19733,5857.42919921875,1292.6570751356776,10888.042775244707,36,0,Model_1
19734,6566.21337890625,1272.497627927456,10890.646245744087,21,1,Model_1
19735,2696.04638671875,1254.2068569939001,10887.682344987974,24,0,Model_1
19736,6747.03564453125,1239.6588473906158,10909.97302659451,7,0,Model_1
19737,5175.580078125,1272.5067192826536,10911.628479849154,17,0,Model_1
19738,5155.76318359375,1294.3945597024285,10925.729066136504,15,1,Model_1
19739,6295.6962890625,1322.2139915266307,10654.83706865309,17,0,Model_1
19740,9324.7568359375,1484.0234273792594,10671.593763624827,3,3,Model_1
19741,6282.18017578125,1341.262912435399,10663.681961797178,13,1,Model_1
19742,10750.9912109375,1359.6953473974136,10684.994509345073,13,1,Model_1
19743,10720.734375,1413.4181216275902,10687.853575326684,7,0,Model_1
19744,1451.398681640625,1525.4291415233747,10695.889642131355,0,1,Model_1
19745,11536.4296875,1403.3368444374646,10720.19179129415,9,0,Model_1
19746,2815.06640625,1350.8134386106976,10717.407001677624,5,1,Model_1
19747,4145.525390625,1491.5923833628185,10719.58565729465,0,0,Model_1
19748,4288.50146484375,1360.206189495162,10731.582835840185,15,0,Model_1
19749,5526.86669921875,1339.8549031842267,10738.351611845086,11,0,Model_1
19750,13403.408203125,1486.063918759115,10754.683845210879,4,5,Model_1
19751,11187.6220703125,1449.0622181853396,10756.800324179843,15,4,Model_1
19752,7701.71826171875,1326.1237345833797,10758.66129598568,13,0,Model_1
19753,7950.2294921875,1355.826688059722,10761.28428500668,12,0,Model_1
19754,5288.9072265625,1587.8591324239387,10763.80279252959,2,1,Model_1
19755,2239.19970703125,1390.2562255952507,10756.191275649966,6,0,Model_1
19756,2293.843505859375,1311.088819615019,10765.472641797918,6,0,Model_1
19757,10947.603515625,1569.0412930498132,10781.28361582158,1,2,Model_1
19758,11879.521484375,1408.1167107429355,10782.679499234386,15,1,Model_1
19759,9089.2412109375,1477.7178245268296,10783.088681635621,6,1,Model_1
19760,6179.09716796875,1336.716314193036,10783.815371209843,19,0,Model_1
19761,1671.880126953125,1358.9110741610639,10781.18222549207,3,0,Model_1
19762,16007.6591796875,1507.3387256455026,10812.137452635674,5,4,Model_1
19763,4357.18408203125,1360.1848996127374,10797.249501550781,5,0,Model_1
19764,6711.42919921875,1539.4843766588601,10800.18107751543,2,8,Model_1
19765,7821.05322265625,1326.5274367863312,10808.63021276184,19,0,Model_1
19766,7767.2021484375,1349.3437462407164,10817.22074689113,30,0,Model_1
19767,1981.293701171875,1386.307700428355,10808.237634351848,2,0,Model_1
19768,14007.701171875,1399.9129710217821,10823.016246388019,21,0,Model_1
19769,3429.515380859375,1372.0951503238175,10813.512139463914,6,0,Model_1
19770,22575.25390625,1476.709029341233,10842.737901945096,17,5,Model_1
19771,10270.21484375,1564.8044913668418,10830.449711957284,3,2,Model_1
19772,8177.70703125,1312.203949132294,10829.819113566431,31,1,Model_1
19773,2049.9248046875,1371.4428743585013,10830.340019632153,2,0,Model_1
19774,2794.3603515625,1336.2057022561785,10840.295260531115,6,0,Model_1
19775,10181.4716796875,1352.176221246773,10856.008023712951,30,0,Model_1
19776,6965.77685546875,1320.0093954314361,10857.327422783113,33,0,Model_1
19777,7222.6708984375,1388.2708577488083,10859.82075936185,18,1,Model_1
19778,13401.9140625,1583.9465123560512,10869.389250911576,4,7,Model_1
19779,4153.96533203125,1366.006013789447,10867.83995721797,8,0,Model_1
19780,4963.24755859375,1332.2765106041334,10872.421069057404,19,0,Model_1
19781,6762.5498046875,1315.1592149737407,10888.642373630631,30,1,Model_1
19782,8190.8271484375,1376.8910128112184,10889.165311035707,27,0,Model_1
19783,5293.85009765625,1342.0093242051662,10893.277801718017,13,0,Model_1
19784,4661.23779296875,1306.630142833048,10909.56587553263,26,0,Model_1
19785,11854.4541015625,1356.2572040064842,10918.717412600112,38,0,Model_1
19786,5449.6611328125,1379.3945879039238,10914.705252418084,24,0,Model_1
19787,5461.93310546875,1329.0882068604697,10916.03268852656,30,0,Model_1
19788,6235.6455078125,1521.4594415544998,10919.861674890293,9,4,Model_1
19789,4614.51416015625,1395.0019130083965,10925.58969859298,13,0,Model_1
19790,6953.3720703125,1674.8789375250926,10653.088085469048,4,2,Model_1
19791,7452.42138671875,1609.199189922947,10665.439688572354,6,3,Model_1
19792,12330.453125,1727.073328358063,10668.257244575856,1,8,Model_1
19793,9169.7216796875,1685.954509764677,10694.27304928175,1,1,Model_1
19794,12933.25390625,1798.0058078164002,10705.971179346692,4,6,Model_1
19795,1550.280029296875,1600.9461957711028,10697.908175215802,2,1,Model_1
19796,1768.0833740234375,1615.8234505290748,10710.119615903663,1,1,Model_1
19797,14140.6142578125,1822.745226596191,10735.361833591982,1,11,Model_1
19798,11016.5263671875,1771.2246317718527,10740.631481153418,2,1,Model_1
19799,3956.59130859375,1795.9472488065949,10737.070013350734,1,1,Model_1
19800,4391.1376953125,1604.195837392239,10755.385275521825,2,4,Model_1
19801,5511.0625,1812.0113281994127,10772.19019272345,0,1,Model_1
19802,2652.718505859375,1648.2215880399453,10785.8754142724,1,2,Model_1
19803,21708.142578125,1598.199685857864,10808.545161466267,2,5,Model_1
19804,4975.37744140625,1629.2917753923102,10797.663011588033,0,0,Model_1
19805,3987.90576171875,1798.1181263312465,10843.846836594334,2,1,Model_1
19806,5418.01611328125,1654.8967142030015,10858.570867425246,1,2,Model_1
19807,15112.6474609375,1634.460268362367,10881.417782738448,8,12,Model_1
19808,11156.2255859375,1756.2427688888856,10920.091481194635,5,7,Model_1
19809,6063.84521484375,1611.4714533201186,10922.97951584182,1,0,Model_1
19810,12773.18359375,1879.3890877754893,10675.269163069555,2,3,Model_1
19811,6104.25,1919.6515927736182,10665.650241312382,4,12,Model_1
19812,10300.61328125,2069.2568624572596,10712.809374166049,4,10,Model_1
19813,3328.46337890625,1865.480925449403,10722.3601135762,1,2,Model_1
19814,6960.9013671875,1933.350078527932,10736.332548846025,3,4,Model_1
19815,6437.13232421875,1905.869788776734,10749.465864324324,1,9,Model_1
19816,9114.0400390625,2071.4410893135937,10767.966773248576,2,10,Model_1
19817,9900.810546875,1938.2582595301792,10779.66569818544,3,3,Model_1
19818,6830.3818359375,1994.4637792924186,10823.508890340985,4,3,Model_1
19819,16147.3837890625,1957.803752561449,10853.04606597709,3,9,Model_1
19820,2261.91064453125,1887.2875190746272,10841.804898947761,0,1,Model_1
19821,2965.8701171875,2030.453807669459,10847.469509534953,0,5,Model_1
19822,15700.4130859375,1906.3098564004758,10885.934863228671,5,11,Model_1
19823,7718.712890625,1969.6899514594115,10888.383951937125,1,5,Model_1
19824,9537.5380859375,1866.5265463775722,10895.042947297792,5,10,Model_1
19825,8504.158203125,1978.136165679316,10917.79465461865,1,5,Model_1
19826,6982.9150390625,1881.539480980835,10920.446612305226,1,4,Model_1
19827,3441.35205078125,1950.5990261880215,10926.677613295855,2,0,Model_1
19828,2388.0244140625,2005.8224494280294,10928.151835752455,4,1,Model_1
19837,6812.98974609375,2708.090050769155,10654.813310814556,4,0,Model_1
19838,3115.564697265625,2581.0150005522883,10656.69777550162,29,0,Model_1
19839,4376.7197265625,2566.872764599975,10664.403617182565,26,0,Model_1
19840,1885.580322265625,2625.4556162061635,10665.518999126274,9,0,Model_1
19841,3881.21337890625,2611.3311026424635,10665.168548928108,32,0,Model_1
19842,2823.786376953125,2530.3259770274162,10665.712506279546,3,0,Model_1
19843,3169.60888671875,2550.4185624967795,10669.206056692514,12,0,Model_1
19844,4734.9931640625,2638.0656711065676,10672.054612700944,23,0,Model_1
19845,3582.324951171875,2576.4801405153703,10682.551249697375,20,0,Model_1
19846,2508.1123046875,2608.973104313365,10682.089605749337,21,0,Model_1
19847,2653.34765625,2557.2966905657668,10685.052976590836,8,0,Model_1
19848,3523.519775390625,2537.709768574103,10691.501419211476,11,0,Model_1
19849,1760.3741455078125,2625.4961245229933,10687.491731964314,22,0,Model_1
19850,1756.45947265625,2596.0092921233736,10690.893607149032,11,0,Model_1
19851,5073.07421875,2638.5319770718925,10700.323790984461,34,1,Model_1
19852,1828.658447265625,2587.5531809851527,10697.312286232176,12,0,Model_1
19853,4257.87109375,2555.771644501481,10704.599672006138,28,0,Model_1
19854,6499.330078125,2574.899625676335,10709.83814292444,41,0,Model_1
19855,5758.18798828125,2618.9218088302296,10707.204202334746,19,1,Model_1
19856,2728.35986328125,2678.3847956839018,10700.615332341353,3,1,Model_1
19857,8551.455078125,2689.6497903368436,10716.99711272357,5,0,Model_1
19858,6303.61328125,2597.794650155469,10714.257189211043,29,0,Model_1
19859,3279.143310546875,2537.827610950335,10706.932532775885,5,0,Model_1
19860,7238.22314453125,2654.7313910686644,10717.527645571448,9,0,Model_1
19861,6754.27587890625,2536.3794386236696,10724.00081754075,17,0,Model_1
19862,4546.93212890625,2564.216017434257,10730.188983766733,16,0,Model_1
19863,6490.759765625,2628.6493287307676,10731.268066559373,43,0,Model_1
19864,2904.39990234375,2585.344096752582,10734.993631254241,23,0,Model_1
19865,7963.10791015625,2656.0110856230604,10747.084339729176,4,0,Model_1
19866,3403.244140625,2551.4190718902973,10744.660686922201,20,0,Model_1
19867,3000.518798828125,2533.571245591622,10741.61526763461,10,0,Model_1
19868,4137.8564453125,2699.4622396061895,10745.382077350281,2,0,Model_1
19869,6711.3544921875,2680.0104220575886,10754.32244344402,8,0,Model_1
19870,2834.93603515625,2619.4527900059475,10749.3340039045,20,0,Model_1
19871,2302.07861328125,2567.2697921370855,10752.61064260207,5,0,Model_1
19872,3367.527099609375,2579.5267802305752,10755.539127398137,19,0,Model_1
19873,5121.95556640625,2604.8592085462296,10759.438680724656,27,0,Model_1
19874,3239.452392578125,2638.1351796956733,10756.442631815284,6,0,Model_1
19875,2942.507080078125,2530.8139181165025,10758.77204814004,2,0,Model_1
19876,4964.255859375,2549.990923561156,10763.595949191862,18,0,Model_1
19877,4118.81494140625,2709.3099034918705,10765.069023500131,0,0,Model_1
19878,2202.98193359375,2620.8818589786533,10765.902049273594,6,0,Model_1
19879,4990.748046875,2691.638380435761,10775.041663262258,0,0,Model_1
19880,4719.11474609375,2571.5940549586667,10776.94290857877,18,1,Model_1
19881,4063.697265625,2662.8394989395747,10774.196184495362,2,0,Model_1
19882,2014.8773193359375,2634.163523359224,10771.79134365719,15,0,Model_1
19883,6855.27978515625,2534.3943009381182,10783.23564462195,15,0,Model_1
19884,4818.7978515625,2647.1678438660456,10787.24153414771,5,0,Model_1
19885,1800.210693359375,2555.380140825757,10781.135681325126,4,1,Model_1
19886,2786.51708984375,2609.8661285707494,10783.354345495522,13,0,Model_1
19887,2661.5439453125,2625.4139570848783,10784.213248765976,14,0,Model_1
19888,5823.82763671875,2709.5066910537425,10793.656857104965,2,0,Model_1
19889,7004.21337890625,2678.1640713893576,10794.594452695623,2,0,Model_1
19890,3016.258056640625,2583.5069525199942,10796.736809161579,21,0,Model_1
19891,5057.15185546875,2558.570861258777,10800.782089006992,19,0,Model_1
19892,6176.28857421875,2615.723262926913,10804.660534068047,37,1,Model_1
19893,2323.400390625,2572.317680800217,10802.104932522147,11,0,Model_1
19894,1414.5797119140625,2594.2950538066216,10798.010988851333,9,0,Model_1
19895,3851.4287109375,2654.6581999053014,10804.11101261316,1,0,Model_1
19896,3214.91748046875,2542.791951210005,10806.14685624167,9,0,Model_1
19897,5945.7041015625,2599.084241628181,10819.341111900598,23,0,Model_1
19898,3673.5400390625,2702.527982675354,10828.175230114197,2,0,Model_1
19899,1861.11767578125,2584.366603448172,10820.845097894693,9,0,Model_1
19900,8362.33203125,2541.1076338090934,10827.442446521913,25,0,Model_1
19901,3291.224609375,2574.6197500327835,10825.016055822765,13,0,Model_1
19902,3744.5791015625,2632.1328138172394,10824.690599930567,17,0,Model_1
19903,4134.63720703125,2650.078228333732,10823.913215191591,4,0,Model_1
19904,1645.91845703125,2563.2539449095493,10825.866038863882,5,0,Model_1
19905,1908.75341796875,2621.209608087549,10835.314946349012,11,0,Model_1
19906,5794.27001953125,2656.382795462152,10843.285038784219,2,0,Model_1
19907,5644.21142578125,2677.570026129484,10843.113964682947,1,0,Model_1
19908,5074.119140625,2603.1794943631394,10842.648081417996,17,0,Model_1
19909,3978.50634765625,2564.168604290695,10842.666098514877,27,0,Model_1
19910,3709.747314453125,2586.034119104035,10846.94074306912,22,1,Model_1
19911,5516.91748046875,2697.9160187399248,10854.766257133764,2,0,Model_1
19912,5592.13330078125,2624.3899712804705,10851.279154015268,40,0,Model_1
19913,5464.041015625,2540.581486012088,10852.822088733505,14,0,Model_1
19914,7185.00732421875,2583.8137569878018,10872.110804050812,27,0,Model_1
19915,3878.901123046875,2639.121188953053,10862.00480244412,22,0,Model_1
19916,6174.88037109375,2562.930568857584,10864.447708815409,26,0,Model_1
19917,3091.912109375,2681.077678109519,10864.275044970294,1,0,Model_1
19918,2759.6787109375,2657.3326694596326,10863.400509218722,7,0,Model_1
19919,3655.139404296875,2606.9925698456354,10866.151031023532,32,0,Model_1
19920,4121.7177734375,2667.317048914614,10878.5984603529,6,1,Model_1
19921,6656.62744140625,2541.03651409375,10879.112919124149,15,0,Model_1
19922,2624.863525390625,2624.1522150799865,10875.726146505935,10,0,Model_1
19923,4264.68505859375,2702.8080884797964,10878.102636912248,0,0,Model_1
19924,1379.373291015625,2635.3649632106535,10877.256098316124,14,0,Model_1
19925,4528.076171875,2649.268292158027,10885.02182034847,36,0,Model_1
19926,6353.84814453125,2687.314347775071,10890.04099493561,6,0,Model_1
19927,2151.136474609375,2666.100878766156,10900.454523656721,12,0,Model_1
19928,4131.46728515625,2700.203587836353,10909.357972365673,3,2,Model_1
19929,4774.72314453125,2652.7911347568734,10911.405827392104,34,0,Model_1
19930,3086.5224609375,2679.6223707952304,10908.937485119335,2,0,Model_1
19931,4979.21875,2664.399299298413,10926.640077677352,33,0,Model_1
19932,4558.94580078125,2637.1144161437405,10927.317838468865,25,0,Model_1
19933,15521.24609375,2857.0708939553006,10672.228513013491,0,16,Model_1
19934,2166.78125,2724.575324592646,10655.434105785047,1,0,Model_1
19935,7606.36328125,2713.151058603078,10686.368931216006,1,0,Model_1
19936,3384.78857421875,2729.358758391929,10698.396844809162,1,0,Model_1
19937,3172.60107421875,2826.480670243851,10698.772995866115,0,5,Model_1
19938,3426.538330078125,2710.1732369943056,10711.93015750205,0,0,Model_1
19939,4487.001953125,2806.6750954056624,10715.40542586083,0,3,Model_1
19940,3341.974609375,2959.158066710457,10715.025035486964,1,3,Model_1
19941,6281.47265625,2768.313028885168,10719.654016279877,2,1,Model_1
19942,10663.14453125,2728.8931429092772,10726.895299482407,3,1,Model_1
19943,6738.66259765625,2872.156329239253,10776.20765205162,0,8,Model_1
19944,3965.118408203125,2738.3718588865595,10778.198806214335,0,0,Model_1
19945,3570.339599609375,2972.8425126504153,10787.39123502621,0,0,Model_1
19946,2518.980224609375,2987.5053725383477,10781.169684179535,0,2,Model_1
19947,6330.18505859375,2759.2334118930157,10804.695155156172,1,1,Model_1
19948,5057.9443359375,2780.068036075216,10803.427864356403,1,0,Model_1
19949,5772.64599609375,2799.053777819383,10815.80039908697,2,1,Model_1
19950,14129.685546875,2751.344417190412,10831.863435828767,6,0,Model_1
19951,11794.7177734375,2790.720572596998,10840.752135247625,2,3,Model_1
19952,7968.53515625,2745.0723027476342,10857.089932716866,1,0,Model_1
19953,9108.68359375,2776.1368880555965,10866.615412863743,0,0,Model_1
19954,3972.304931640625,2721.2274042710196,10865.125557926025,1,1,Model_1
19955,2712.448974609375,2735.6274204213405,10876.856277739738,1,1,Model_1
19956,2188.471923828125,2748.9707679207204,10881.131187251289,3,0,Model_1
19957,5324.8583984375,2719.3154577488312,10889.803416550261,2,0,Model_1
19958,9780.875,2825.46243846172,10897.127631389907,2,2,Model_1
19959,11933.2392578125,2762.8464775611646,10898.4744093818,8,0,Model_1
19960,5371.8603515625,2733.2615966219455,10906.092726832307,3,1,Model_1
19961,3958.009765625,2789.2958766812226,10916.145560339377,0,0,Model_1
19962,3967.586669921875,2747.510397066828,10922.787245155982,1,0,Model_1
19963,4497.86572265625,2897.854483210831,10929.66368214666,1,1,Model_1
19964,4102.7373046875,3127.415805167984,10649.004033537698,0,3,Model_1
19965,5409.44873046875,3273.2786587626906,10653.454344786536,1,1,Model_1
19966,8469.892578125,3139.9568118010648,10667.673190351947,5,8,Model_1
19967,3555.376708984375,3025.139670321252,10664.769876500053,0,1,Model_1
19968,3120.844970703125,3194.238646835671,10700.085594365395,0,2,Model_1
19969,3333.9287109375,3276.241750074434,10711.952413915846,0,0,Model_1
19970,5219.9560546875,3055.00810947828,10713.45074748739,0,4,Model_1
19971,4184.4033203125,3178.8068194106454,10720.528375393245,0,2,Model_1
19972,8557.4287109375,3225.1455719332444,10735.18069111304,1,11,Model_1
19973,6275.09912109375,3000.74675876298,10735.290913352786,0,2,Model_1
19974,3298.08447265625,3040.070207325509,10731.733243271505,1,1,Model_1
19975,5605.9306640625,3111.3784244385315,10747.96753075278,0,3,Model_1
19976,6531.0224609375,3223.973592675873,10761.631820674469,0,1,Model_1
19977,2409.36279296875,3003.1222493198,10772.625605898087,0,2,Model_1
19978,5245.287109375,3168.747177344281,10782.160447869814,1,2,Model_1
19979,2798.76904296875,3189.6639689645963,10780.030367759085,0,3,Model_1
19980,4084.05078125,3003.368521473254,10789.280203987495,0,2,Model_1
19981,1779.653076171875,3239.7014070068253,10792.703893990496,1,5,Model_1
19982,6692.00830078125,3138.7581338803284,10825.062688308812,0,1,Model_1
19983,4861.25439453125,3154.851673867204,10838.81635716209,1,10,Model_1
19984,16016.1806640625,3131.776433410356,10865.013745942437,0,11,Model_1
19985,12701.4658203125,3173.989091638592,10860.439346354782,1,6,Model_1
19986,5664.59912109375,3014.4116410271963,10869.173752301816,1,5,Model_1
19987,4825.4521484375,2990.932007884723,10871.109707025556,0,1,Model_1
19988,2795.490478515625,3271.5022770053474,10891.36101223949,0,1,Model_1
19989,3735.0888671875,3022.403977969894,10899.872765729473,2,2,Model_1
19990,3319.51904296875,3204.0821678253124,10901.918766054754,0,1,Model_1
19991,2448.479248046875,3307.0451027710224,10675.913450921274,0,4,Model_1
19992,3192.067138671875,3370.202632248285,10731.11156510999,2,3,Model_1
19993,4626.7041015625,3285.543702487368,10898.249725585396,0,7,Model_1
19994,7382.28271484375,3306.8664979195455,10908.474869661171,0,11,Model_1
20000,5998.8544921875,3991.8149525288027,10653.844450261662,1,2,Model_1
20001,4460.38525390625,4058.8907410157844,10696.342100892747,0,5,Model_1
20002,2151.70458984375,4103.936909974087,10700.2803379861,0,1,Model_1
20003,10179.326171875,3998.1637105483096,10712.752320025924,0,12,Model_1
20004,10456.5927734375,4033.909998541698,10720.41258905005,1,12,Model_1
20005,3263.243896484375,4113.919908463722,10730.137405410955,1,6,Model_1
20006,2086.297119140625,3989.2316266873386,10733.669727909859,2,0,Model_1
20007,2690.230712890625,4021.9954898541328,10749.801476913293,1,4,Model_1
20008,3975.9052734375,4000.827132379869,10788.876232413299,0,9,Model_1
20009,5781.736328125,4025.906383715337,10799.106940592523,1,17,Model_1
20010,3317.11865234375,3998.8910189641174,10804.101739107413,0,10,Model_1
20011,7166.45849609375,4001.843062553089,10823.070650955073,0,25,Model_1
20012,11881.1220703125,4112.71156378556,10856.468342874454,3,23,Model_1
20013,7326.97802734375,4012.262446092209,10847.790549472033,2,22,Model_1
20014,6536.51806640625,4007.6007674043067,10873.271846970441,0,16,Model_1
20015,2589.886962890625,4067.2856293569785,10867.40631042538,0,4,Model_1
20016,3106.83984375,4059.071647476172,10878.525773731657,1,3,Model_1
20017,3706.468994140625,4040.2371214374434,10882.727908302862,2,4,Model_1
20018,3989.010986328125,4098.110156855546,10886.13835044051,1,9,Model_1
20019,1507.3040771484375,4078.817150321789,10884.769580992128,0,4,Model_1
20020,6372.71484375,4020.0985037898645,10894.839106809544,0,10,Model_1
20021,4533.96142578125,4067.0016108173877,10898.70598206819,0,1,Model_1
20022,2390.6630859375,4048.768265026156,10899.741258586058,0,0,Model_1
20023,7007.1767578125,4088.975531410426,10904.980877652692,1,1,Model_1
20024,4339.06884765625,4113.666271161754,10917.865133262334,3,0,Model_1
20025,4963.72216796875,4059.8482103226706,10921.20068080118,0,7,Model_1
20026,961.0803833007812,4103.065060518682,10920.778515491897,0,0,Model_1
20027,2808.354248046875,4093.2275237122085,10927.656100630906,2,0,Model_1
20028,11189.6015625,4374.059255605098,10666.474611813814,0,10,Model_1
20029,3356.86474609375,4160.347503090277,10658.114502222583,1,8,Model_1
20030,4626.31689453125,4317.287770211697,10662.89556850976,0,3,Model_1
20031,1917.689453125,4150.127899204614,10670.718344682231,0,0,Model_1
20032,4638.23193359375,4353.430395259522,10689.425743667802,0,0,Model_1
20033,7149.40869140625,4374.29448003578,10716.999232382026,2,6,Model_1
20034,5883.291015625,4291.658434346551,10754.11330380963,1,3,Model_1
20035,2926.246826171875,4223.112838409143,10789.577221128733,0,7,Model_1
20036,8105.29736328125,4326.830240755808,10822.524308987871,2,11,Model_1
20037,4180.72216796875,4148.206976407673,10836.585151679159,1,3,Model_1
20038,3170.59033203125,4339.907061943319,10845.39542373512,0,2,Model_1
20039,3466.013427734375,4330.908231423935,10859.110497140668,1,2,Model_1
20040,7760.5361328125,4370.2657437983435,10860.191346315354,1,10,Model_1
20041,10083.1083984375,4146.827852348331,10887.225028675952,1,24,Model_1
20042,6132.7509765625,4391.714897559723,10875.27545412659,5,2,Model_1
20043,4279.17529296875,4338.323555012699,10878.766443285589,1,1,Model_1
20044,2053.62060546875,4352.781341546681,10873.485755836358,1,1,Model_1
20045,2149.923095703125,4368.579124788521,10882.408546428727,0,0,Model_1
20046,2227.8515625,4353.368712140713,10888.1510544642,1,0,Model_1
20047,2638.720458984375,4374.387465035776,10892.781448362752,0,0,Model_1
20048,5954.49462890625,4395.933286371408,10902.281227650841,2,0,Model_1
20049,3687.5234375,4331.343695829855,10900.022819884383,1,0,Model_1
20050,10019.0400390625,4206.988226701971,10912.432448637941,1,11,Model_1
20051,4501.67822265625,4350.4792723141145,10904.15315102537,1,0,Model_1
20052,4208.6123046875,4312.102705657482,10908.414106118747,1,3,Model_1
20053,4511.30126953125,4372.301747040823,10913.350525706977,2,0,Model_1
20054,1843.939697265625,4358.11048681871,10912.984707985,0,0,Model_1
20055,5255.98486328125,4272.483270189026,10918.145899688738,0,0,Model_1
20056,4009.947509765625,4298.943947192747,10919.393583647783,0,5,Model_1
20057,4027.19091796875,4322.264308998594,10925.818003472581,0,0,Model_1
20058,1688.89453125,4378.847062461311,10922.070182363917,0,0,Model_1
20059,3664.0791015625,4339.236373106716,10924.101168441797,0,1,Model_1
20060,4051.95849609375,4389.785688970704,10930.139103874666,1,0,Model_1
20061,4565.505859375,4508.43040606915,10650.28598530846,0,4,Model_1
20062,7583.73974609375,4568.416778789135,10657.072425133832,3,20,Model_1
20063,3904.554443359375,4584.280388045823,10656.264746942747,1,2,Model_1
20064,5879.02734375,4613.385613688035,10658.46088974204,1,2,Model_1
20065,12261.0517578125,4490.88247941155,10669.307005426512,1,13,Model_1
20066,14246.3271484375,4527.072517602937,10668.62853808218,1,10,Model_1
20067,2704.18798828125,4631.326655147597,10655.150778104675,1,10,Model_1
20068,4013.29541015625,4652.033309874358,10660.495761860424,0,0,Model_1
20069,2957.207275390625,4628.330420667538,10670.733888844246,1,2,Model_1
20070,10540.1689453125,4640.46404252341,10692.965573290407,1,20,Model_1
20071,7194.39794921875,4599.674929406494,10684.664460859552,3,1,Model_1
20072,1658.8349609375,4619.487178910524,10686.054691849808,0,1,Model_1
20073,17867.875,4505.676300846506,10713.721533855227,0,23,Model_1
20074,11990.6904296875,4667.028752249898,10711.896507924052,3,2,Model_1
20075,3778.68310546875,4534.017392330337,10703.22542677341,1,8,Model_1
20076,9622.8310546875,4463.514508175198,10716.50208415484,0,16,Model_1
20077,8621.2109375,4594.471912302775,10717.583198286833,2,1,Model_1
20078,8284.2138671875,4442.7549164434895,10734.032896058765,0,7,Model_1
20079,6490.880859375,4575.739117377903,10734.634172507635,0,5,Model_1
20080,5162.7744140625,4558.099126363872,10742.872225099403,0,1,Model_1
20081,8878.2080078125,4484.5618010207545,10745.917909344302,4,12,Model_1
20082,6724.765625,4651.282064725878,10744.963268166888,4,0,Model_1
20083,10593.8232421875,4624.325160840992,10759.23793140499,1,1,Model_1
20084,5901.833984375,4594.253259456251,10754.784264030262,0,0,Model_1
20085,13873.7783203125,4501.399911490269,10773.554634535816,2,21,Model_1
20086,11259.38671875,4565.621244606096,10773.57874565076,2,2,Model_1
20087,11451.796875,4534.598778741201,10776.35505663346,3,22,Model_1
20088,6149.3310546875,4659.464744725497,10772.87157459816,2,1,Model_1
20089,2990.7216796875,4677.034306506859,10773.009705674252,1,0,Model_1
20090,3702.62451171875,4587.48744990211,10777.958489936813,0,0,Model_1
20091,5919.06201171875,4604.550657723099,10783.169935209793,0,0,Model_1
20092,10741.529296875,4643.003637795569,10795.240065333877,4,1,Model_1
20093,19786.380859375,4476.750600699335,10821.086120725035,2,2,Model_1
20094,2978.47021484375,4679.510837694863,10793.819364253308,0,0,Model_1
20095,5245.5205078125,4576.941938194679,10798.451347895701,2,1,Model_1
20096,3587.020263671875,4536.8239742361475,10800.825188728944,0,1,Model_1
20097,5623.21484375,4621.2244333163835,10803.115832967764,1,0,Model_1
20098,7568.4794921875,4408.328370999545,10806.509317837757,0,1,Model_1
20099,15224.5126953125,4506.506261019735,10820.296901226342,2,5,Model_1
20100,4370.8115234375,4552.495629309677,10806.466659711317,1,2,Model_1
20101,3862.303955078125,4603.585362945916,10807.216665528562,0,0,Model_1
20102,1987.547119140625,4659.5089356165845,10809.40477128954,1,0,Model_1
20103,9787.2119140625,4448.8132114184555,10821.505989737656,0,6,Model_1
20104,9995.37890625,4580.373637080658,10824.496386224477,2,1,Model_1
20105,2785.53466796875,4538.659737503389,10819.746849856841,3,0,Model_1
20106,4169.49267578125,4556.513317824341,10827.081221393259,1,0,Model_1
20107,5631.6806640625,4638.6186124987435,10826.959782627513,1,0,Model_1
20108,6898.0576171875,4604.923058044864,10832.353165251356,1,0,Model_1
20109,2819.4248046875,4532.966477701673,10833.28722807792,0,1,Model_1
20110,1511.7864990234375,4650.947871112032,10837.907200322392,0,0,Model_1
20111,1953.9395751953125,4540.861916909227,10841.610155327056,2,0,Model_1
20112,2210.0498046875,4515.70809344505,10846.17775434383,0,0,Model_1
20113,2200.775634765625,4448.681559388759,10848.320022490683,0,0,Model_1
20114,4174.10888671875,4633.874996533617,10847.763965422222,0,0,Model_1
20115,2890.632568359375,4564.591044457629,10846.216791387073,0,0,Model_1
20116,8368.892578125,4455.026634834008,10867.37751839801,1,1,Model_1
20117,4297.22412109375,4575.7161012887955,10858.623505610252,0,0,Model_1
20118,4453.83740234375,4607.785338886315,10854.124707174218,1,0,Model_1
20119,1932.054931640625,4680.973740318557,10854.645083325326,27,0,Model_1
20120,2138.8994140625,4590.343286238611,10852.964635764714,1,0,Model_1
20121,4280.91845703125,4544.883287998149,10856.733211862433,1,0,Model_1
20122,5765.8759765625,4523.748534013983,10863.449526320532,3,0,Model_1
20123,2236.323486328125,4409.224617509404,10855.078200203301,0,0,Model_1
20124,3432.09619140625,4499.151239584433,10859.71822088401,4,0,Model_1
20125,2983.488037109375,4425.85604349873,10861.084075802013,1,1,Model_1
20126,1156.7216796875,4438.409939141711,10857.735103759609,0,0,Model_1
20127,6345.61376953125,4630.295534355566,10866.105281728509,5,0,Model_1
20128,1727.8472900390625,4668.165747051826,10864.584250147658,11,0,Model_1
20129,2427.439208984375,4507.403428173158,10870.084763842664,0,0,Model_1
20130,4663.056640625,4414.265141024021,10875.008553799256,0,0,Model_1
20131,4683.72998046875,4468.343743991805,10874.196194695745,1,0,Model_1
20132,4576.654296875,4482.170889684232,10876.551930113004,2,0,Model_1
20133,4805.65283203125,4595.336396609666,10874.014787259497,2,0,Model_1
20134,3928.3447265625,4434.7388729290105,10877.444659599663,1,0,Model_1
20135,6603.701171875,4543.832833691267,10878.13487338461,1,0,Model_1
20136,4896.35498046875,4612.614574702922,10880.651261249062,1,0,Model_1
20137,6169.10791015625,4575.606544704642,10882.364210239342,3,0,Model_1
20138,7635.57080078125,4494.607863594545,10894.142092453716,2,0,Model_1
20139,2460.232421875,4556.858559160959,10888.864142896658,1,0,Model_1
20140,2862.56396484375,4521.802293519024,10887.212752320724,1,0,Model_1
20141,2660.523681640625,4663.858055814402,10891.470439607314,29,2,Model_1
20142,2957.547607421875,4680.57740326412,10901.287284472877,41,0,Model_1
20143,4740.103515625,4430.698168325238,10897.263289531133,4,1,Model_1
20144,1979.5394287109375,4465.72819562559,10898.881207167273,1,0,Model_1
20145,6737.47021484375,4535.820012429263,10906.66309159535,1,0,Model_1
20146,4280.86474609375,4477.513814214151,10910.156553689216,1,0,Model_1
20147,4033.596923828125,4571.596681660274,10906.660883617791,2,1,Model_1
20148,5890.1982421875,4626.119495147839,10907.834556169058,4,0,Model_1
20149,1841.538818359375,4655.181450542528,10903.443065442392,21,0,Model_1
20150,2299.796875,4669.16970885871,10905.918738200657,20,0,Model_1
20151,6731.75927734375,4554.152787725441,10918.423398308354,4,2,Model_1
20152,2383.82666015625,4413.109273029026,10908.693812715923,3,0,Model_1
20153,2734.427734375,4437.90818839916,10911.113756120598,1,0,Model_1
20154,2687.73828125,4446.542904388858,10918.813238826173,2,0,Model_1
20155,3908.573486328125,4412.005881717196,10921.286173692264,0,0,Model_1
20156,2817.564697265625,4569.330517526716,10924.037048773484,0,0,Model_1
20157,5241.62548828125,4494.229479089612,10926.573485074172,4,1,Model_1
20158,2836.96337890625,4666.591446556849,10923.448225318047,26,0,Model_1
20159,5252.4423828125,4732.799068162683,10663.697682597398,2,0,Model_1
20160,3479.58447265625,4716.0949113317765,10657.81465887007,1,0,Model_1
20161,4521.8525390625,4807.82599479286,10659.949066616813,6,1,Model_1
20162,1946.8287353515625,4671.892512200167,10661.10666509145,0,0,Model_1
20163,3390.270263671875,4696.640331852483,10669.778276156707,1,0,Model_1
20164,4498.455078125,4755.618599869544,10667.124287130777,29,0,Model_1
20165,4103.50634765625,4787.994872095762,10668.158327181212,18,0,Model_1
20166,3320.8232421875,4776.777750908164,10677.24759928153,31,0,Model_1
20167,5316.0322265625,4806.4537755602505,10682.437494693535,22,1,Model_1
20168,2310.022705078125,4763.08547949791,10682.358537416025,15,0,Model_1
20169,4341.62841796875,4741.769819053356,10696.08438575206,41,0,Model_1
20170,3868.3388671875,4793.807355239056,10696.085798857697,7,0,Model_1
20171,2735.608642578125,4755.74380739429,10697.490867457149,59,0,Model_1
20172,5255.2001953125,4776.399366403231,10702.083549098992,32,2,Model_1
20173,4410.15478515625,4719.159733757377,10708.11397740816,2,0,Model_1
20174,3351.728759765625,4702.077652743319,10709.418450550023,0,0,Model_1
20175,4442.6904296875,4804.401661055395,10711.989066343325,19,0,Model_1
20176,4305.76904296875,4746.65613477095,10721.660537966403,68,0,Model_1
20177,1841.7591552734375,4769.4107611065265,10718.204788129246,36,0,Model_1
20178,2019.8104248046875,4786.9872277146205,10720.79942671839,5,0,Model_1
20179,3767.99609375,4730.888732766733,10725.05561258024,54,0,Model_1
20180,943.4933471679688,4689.955078610219,10720.749084830044,0,2,Model_1
20181,2053.2265625,4709.127480837051,10724.676635312011,0,1,Model_1
20182,3157.491943359375,4698.636287099915,10735.773135651674,0,0,Model_1
20183,3768.177490234375,4803.091585263377,10731.593434132468,1,0,Model_1
20184,2175.465576171875,4780.501754125813,10731.9201264921,10,0,Model_1
20185,2942.94970703125,4755.445979201235,10735.143950366459,32,0,Model_1
20186,5278.5498046875,4713.527236430906,10744.860288093536,4,10,Model_1
20187,2709.997802734375,4772.041960413335,10741.627102394326,35,0,Model_1
20188,5703.15185546875,4686.251789872767,10752.46659414612,1,0,Model_1
20189,4200.47802734375,4742.629239820642,10752.988206764661,23,0,Model_1
20190,6136.80615234375,4792.057211823296,10751.476448689558,2,0,Model_1
20191,3203.682861328125,4760.452899225755,10751.400140985119,56,0,Model_1
20192,3512.595947265625,4728.2556921727955,10755.137452120602,40,1,Model_1
20193,731.177490234375,4670.31591009628,10757.251634792905,0,1,Model_1
20194,10594.876953125,4781.085442145588,10777.50452975068,29,0,Model_1
20195,2054.068359375,4763.723025166197,10769.694913124462,50,0,Model_1
20196,1408.7041015625,4751.398830092512,10768.591984174185,10,0,Model_1
20197,2831.005859375,4716.838791331742,10775.756606395866,26,0,Model_1
20198,3096.109375,4736.566341627855,10775.688953963458,46,0,Model_1
20199,2307.916015625,4724.8741683610715,10784.381584975075,39,0,Model_1
20200,4594.744140625,4751.359702741029,10786.84939733323,37,0,Model_1
20201,1548.1290283203125,4764.029599473113,10793.40938698015,26,0,Model_1
20202,2328.677978515625,4736.85128081101,10798.367533067561,25,0,Model_1
20204,5990.7119140625,4710.668638163712,10802.547587863177,64,0,Model_1
20205,3296.434814453125,4689.945411852794,10805.106545534967,6,0,Model_1
20207,4313.0712890625,4753.517230933998,10811.29992258799,31,0,Model_1
20208,2753.464111328125,4673.320430368418,10812.415392850802,1,0,Model_1
20209,4639.5947265625,4777.412074323976,10808.765076031144,0,0,Model_1
20210,3352.499267578125,4731.430071182549,10810.484825592306,44,0,Model_1
20211,6127.517578125,4717.708339178236,10831.51890301046,47,1,Model_1
20212,1088.883544921875,4708.036057891557,10819.982485221939,19,1,Model_1
20213,4467.671875,4700.036585961236,10833.983270923622,63,0,Model_1
20214,3776.91259765625,4737.811512048589,10828.000888206137,30,0,Model_1
20215,3669.9580078125,4771.617543730186,10831.411242024682,0,0,Model_1
20216,4858.98193359375,4761.768498879159,10847.31265480916,12,0,Model_1
20217,4529.39697265625,4742.2803159097675,10843.68989354944,40,0,Model_1
20218,2960.10302734375,4691.9551767536905,10848.599729087859,62,0,Model_1
20219,2257.9697265625,4723.640505984891,10853.31393781455,33,0,Model_1
20220,4196.3857421875,4702.281114971032,10867.244068234344,38,0,Model_1
20221,4069.653564453125,4729.05481078662,10866.733848780008,46,0,Model_1
20222,3067.384521484375,4747.474586899625,10865.230569338732,14,0,Model_1
20223,1659.0059814453125,4757.753572295187,10869.488521582629,2,0,Model_1
20224,3359.056640625,4685.824150937144,10871.877906577887,48,0,Model_1
20225,2704.202880859375,4673.175889328821,10878.91579088768,52,0,Model_1
20226,2383.139892578125,4733.8062522220425,10880.372261204706,26,0,Model_1
20227,4833.32666015625,4706.80745905498,10889.304325302823,57,0,Model_1
20228,4490.45703125,4748.584422716405,10889.153917871503,13,0,Model_1
20229,2603.812255859375,4725.742335242219,10890.461747139256,20,0,Model_1
20230,2153.516845703125,4691.934462273493,10890.136644523467,43,0,Model_1
20231,3744.773193359375,4715.104298856575,10905.391738116872,73,0,Model_1
20232,6195.4365234375,4737.710241256515,10912.682126740314,38,0,Model_1
20233,4732.73291015625,4691.195645813132,10914.752503137846,59,0,Model_1
20234,2107.705078125,4706.260596777778,10922.283296357913,25,0,Model_1
20239,3537.44970703125,5424.618976175087,10647.339130139102,9,0,Model_1
20240,4238.806640625,5413.524760903325,10661.691779144589,22,1,Model_1
20241,4550.748046875,5434.659975209273,10668.93279738981,10,0,Model_1
20242,5256.3359375,5404.975204443326,10679.243610994876,22,0,Model_1
20243,8434.1953125,5451.416608723346,10689.089777802423,5,1,Model_1
20244,3189.18505859375,5500.851485552732,10681.357793667179,0,0,Model_1
20245,4150.97900390625,5487.565678276122,10687.829287573535,4,1,Model_1
20246,4310.68359375,5423.2568840216845,10688.901216518883,27,0,Model_1
20247,2202.845947265625,5472.932509143138,10687.255390046397,2,1,Model_1
20248,6432.38427734375,5510.646212433465,10699.826024523558,7,1,Model_1
20249,1618.31103515625,5436.190545134945,10693.86448511423,9,0,Model_1
20250,3831.5546875,5470.240547361085,10704.836897115078,3,0,Model_1
20251,4213.1943359375,5414.580739071593,10710.476690034506,28,0,Model_1
20252,8607.251953125,5486.2298244643025,10720.83501931664,8,1,Model_1
20253,2087.94677734375,5430.809383501532,10707.986532943454,18,0,Model_1
20254,4981.2587890625,5377.257388652535,10721.731281567394,24,0,Model_1
20255,7901.32568359375,5431.903568377718,10729.293781345208,43,0,Model_1
20256,2310.072509765625,5510.47865530476,10733.600220776301,4,0,Model_1
20257,2592.849853515625,5472.785206172848,10737.360848154807,4,1,Model_1
20258,1520.378662109375,5486.454921815777,10743.2126069199,1,1,Model_1
20259,4043.823486328125,5407.201780903619,10750.066522539477,26,0,Model_1
20260,3586.57763671875,5462.740524564404,10748.722305801552,1,0,Model_1
20261,6576.83935546875,5502.722693597199,10753.939580135288,4,0,Model_1
20262,10902.8076171875,5440.591681694146,10760.197253494829,14,0,Model_1
20263,3479.598388671875,5422.7344187989365,10753.038725291211,19,0,Model_1
20264,8699.9765625,5481.503700726898,10769.619488611046,4,2,Model_1
20265,3476.8564453125,5463.668533277232,10770.650349173797,3,0,Model_1
20266,6114.828125,5511.432902359171,10774.322657449942,3,1,Model_1
20267,4480.20458984375,5375.71531068231,10779.989122738283,12,0,Model_1
20268,2444.64404296875,5419.002129789209,10775.962478223468,7,0,Model_1
20269,3737.5380859375,5433.077388922218,10791.10187379278,17,1,Model_1
20270,4852.94677734375,5400.6670528841205,10795.24580607553,25,0,Model_1
20271,4546.10400390625,5414.30270471517,10800.091080350125,36,0,Model_1
20272,3318.792236328125,5466.803784935502,10802.778365677645,4,1,Model_1
20273,2436.037353515625,5438.632552189287,10807.335013125725,2,0,Model_1
20274,7120.02978515625,5479.968527583405,10817.658279724223,7,0,Model_1
20275,14314.763671875,5447.78697147104,10829.847375679186,46,0,Model_1
20276,5670.31298828125,5412.286955631105,10838.852921270467,17,0,Model_1
20277,10633.8544921875,5500.545371567598,10857.119166339748,0,0,Model_1
20278,9909.3330078125,5469.126568648266,10858.554440072206,7,0,Model_1
20279,12048.9580078125,5430.876130159944,10866.958885852822,83,0,Model_1
20280,4968.4287109375,5386.286600409541,10877.56088753837,9,0,Model_1
20281,3373.84130859375,5503.837132631801,10883.723264586464,2,0,Model_1
20282,6214.02587890625,5451.314417287707,10886.277011431215,27,0,Model_1
20283,4353.140625,5402.748627983034,10889.979878116777,9,0,Model_1
20284,6970.7548828125,5422.024142289069,10902.60968639252,53,0,Model_1
20285,12686.7275390625,5591.426240697037,10658.494715958244,3,14,Model_1
20286,5506.9736328125,5655.321665991098,10652.68296574652,1,8,Model_1
20287,9263.35546875,5523.65766792791,10666.14182543612,2,1,Model_1
20288,2421.591552734375,5546.236451342702,10653.544341951841,1,0,Model_1
20289,3893.49462890625,5551.076734882081,10668.167512367858,0,1,Model_1
20290,9030.5927734375,5559.564608223271,10687.113461248904,6,1,Model_1
20291,8878.7265625,5589.798542875331,10694.885453937517,3,9,Model_1
20292,8840.28125,5531.25573926419,10699.286129850829,2,2,Model_1
20293,9562.0224609375,5621.7798590124585,10708.682134193645,1,8,Model_1
20294,4993.5107421875,5785.342775613768,10707.70276366757,0,2,Model_1
20295,6366.6953125,5572.5792859701905,10714.05467350933,6,1,Model_1
20296,6179.57373046875,5591.063507132698,10726.466775197754,1,0,Model_1
20297,2847.81982421875,5730.701199106406,10725.47398016812,0,11,Model_1
20298,10216.90234375,5531.668647902785,10740.539276010553,2,0,Model_1
20299,3391.14111328125,5555.369235500693,10734.114414590244,1,0,Model_1
20300,1836.6766357421875,5572.941559212748,10735.132292244947,1,1,Model_1
20301,5913.96240234375,5641.350439580856,10752.888494498096,3,0,Model_1
20302,4244.705078125,5608.413035102189,10746.087482020834,4,2,Model_1
20303,7803.76904296875,5552.2906034216285,10761.397863372316,5,2,Model_1
20304,9218.9775390625,5619.457075299695,10765.124841172823,11,2,Model_1
20305,6263.56494140625,5573.7328523562755,10759.805204999451,1,0,Model_1
20306,5778.84228515625,5563.720393272582,10786.80488450564,4,1,Model_1
20307,13537.2236328125,5533.194614610635,10795.775897327898,5,0,Model_1
20308,2494.99169921875,5685.44512341544,10788.164203810069,0,2,Model_1
20309,3317.592529296875,5670.933939554729,10789.011272320808,0,8,Model_1
20310,3137.03125,5612.49608930992,10789.830343676098,0,0,Model_1
20311,12644.7373046875,5654.932694085175,10816.817481869752,4,26,Model_1
20312,9568.6591796875,5527.566260180203,10826.86236665761,2,0,Model_1
20313,6140.02001953125,5597.628156068036,10836.09312595991,0,0,Model_1
20314,7834.0869140625,5684.984341311501,10838.002496633839,0,18,Model_1
20315,8695.044921875,5632.341481982265,10852.252518842382,5,0,Model_1
20316,18617.46875,5532.466385551263,10868.055367508627,11,0,Model_1
20317,8319.7451171875,5687.524396905443,10873.758396905345,1,1,Model_1
20318,10042.3037109375,5634.904553665314,10888.70781808548,5,2,Model_1
20319,6179.2216796875,5672.091648836853,10890.228584709024,2,0,Model_1
20320,12226.3427734375,5709.060091161868,10898.113890805966,10,3,Model_1
20321,6857.14013671875,5535.638002630323,10899.802640362199,7,0,Model_1
20322,2536.24560546875,5620.727103096666,10894.65187031254,1,0,Model_1
20323,9254.9716796875,5738.974562497111,10907.993707191512,7,3,Model_1
20324,4199.46630859375,5666.694836262846,10907.939214305356,3,1,Model_1
20325,4049.690185546875,5757.408608585363,10916.688016266075,1,2,Model_1
20326,5784.49462890625,5683.267341064056,10920.55524480113,2,0,Model_1
20327,1593.7452392578125,5836.830687591573,10694.749089243473,0,0,Model_1
20328,1950.0850830078125,5910.36156842974,10760.042430108391,0,2,Model_1
20329,5751.46435546875,6008.64625310339,10767.913958425364,0,18,Model_1
20330,8265.609375,6042.073900280055,10783.739151824506,1,53,Model_1
20331,3562.442138671875,5982.444276941242,10781.83251904275,0,7,Model_1
20332,7624.02734375,5802.294585563475,10790.69922700512,0,0,Model_1
20333,2566.04150390625,6017.781799192075,10786.513519786953,2,18,Model_1
20334,1512.99560546875,5989.8816959755495,10792.673865495693,0,6,Model_1
20335,6738.05712890625,6069.6678895114455,10808.348916420822,8,22,Model_1
20336,6904.47705078125,6000.39084226219,10805.57472509658,3,33,Model_1
20337,2995.781494140625,6047.7179056510795,10801.090940907947,1,37,Model_1
20338,3017.5546875,6035.621569859562,10809.145024809499,1,18,Model_1
20339,5486.85546875,6042.065614487976,10823.536887496433,4,29,Model_1
20340,8355.20703125,6034.455114463577,10847.988295942218,12,1,Model_1
20341,7116.32958984375,6058.516134016914,10851.482641227107,4,2,Model_1
20342,3163.293701171875,6078.3707331249025,10856.248781585986,3,0,Model_1
20343,2796.674560546875,5830.0920370225795,10874.27047106083,1,6,Model_1
20344,5855.8212890625,5986.099231891567,10880.102799623404,1,4,Model_1
20345,4530.7646484375,5959.415759145282,10877.562477282212,2,34,Model_1
20346,2867.57763671875,5873.535825857194,10879.246634245123,1,1,Model_1
20347,3024.282470703125,6059.580397977261,10892.01545678798,3,0,Model_1
20348,6029.681640625,6026.367721072864,10901.40713349478,7,1,Model_1
20349,3558.896240234375,6005.965339044109,10898.817705732676,2,1,Model_1
20350,6564.181640625,5967.603963006288,10900.873686116523,9,4,Model_1
20351,4696.5546875,6079.645824461477,10910.775758915865,7,1,Model_1
20352,4187.99169921875,5844.804841823876,10914.126409021213,0,5,Model_1
20353,3642.26953125,5946.448954863707,10912.002952843162,4,1,Model_1
20354,4227.72900390625,6007.109238672769,10917.501170241507,8,0,Model_1
20355,2508.6083984375,6036.734627928818,10919.050905530625,6,0,Model_1
20356,3806.775390625,5978.348794045392,10923.842835067393,12,1,Model_1
20357,6262.162109375,6063.8236441651825,10926.172428030353,6,1,Model_1
20358,2138.605224609375,6139.930025374517,10656.406852378444,2,7,Model_1
20359,3375.112060546875,6130.70011332049,10677.18056508284,1,19,Model_1
20360,1978.438720703125,6143.276104409015,10681.103346333279,5,3,Model_1
20361,4597.21240234375,6154.436145695625,10703.186743006576,7,1,Model_1
20362,4620.02197265625,6137.592971686507,10704.897042423785,6,12,Model_1
20363,3120.050537109375,6149.6036876265425,10723.787880184958,4,0,Model_1
20364,8703.009765625,6129.976027157158,10737.567161577921,16,10,Model_1
20365,2426.079345703125,6154.3440813391935,10739.01329855997,1,3,Model_1
20366,4438.5751953125,6113.476713519311,10761.630230930627,10,7,Model_1
20367,3349.890869140625,6149.847658171086,10756.369680236734,12,0,Model_1
20368,3887.13134765625,6129.523070523515,10763.241966229602,3,3,Model_1
20369,3967.0009765625,6157.6284772548825,10776.344634979381,7,1,Model_1
20370,2991.508056640625,6139.865580325015,10778.99261830635,7,1,Model_1
20371,2522.783203125,6121.402994286269,10787.204351805616,8,2,Model_1
20372,6266.95703125,6102.312069014879,10793.927820111006,11,6,Model_1
20373,5298.7470703125,6150.42490168591,10800.879240019589,13,2,Model_1
20374,1709.63330078125,6163.381118566496,10814.803364740423,4,0,Model_1
20375,6153.50439453125,6090.375004559988,10825.745748246467,6,3,Model_1
20376,2918.695556640625,6152.704875472933,10827.257594640672,3,0,Model_1
20377,2248.025390625,6139.759245993337,10829.103817156414,4,0,Model_1
20378,4771.7861328125,6168.692771610804,10839.844038237155,7,0,Model_1
20379,3168.18115234375,6079.156042085262,10840.561012710117,4,1,Model_1
20380,1955.8133544921875,6095.972977752797,10845.537794128126,0,0,Model_1
20381,4700.07275390625,6149.354653542396,10850.092410236852,3,0,Model_1
20382,2154.003173828125,6131.653900053119,10855.457707386144,0,0,Model_1
20383,6078.80322265625,6123.214360499056,10875.459069540397,5,0,Model_1
20384,3018.50341796875,6141.479468493257,10869.08446168933,9,1,Model_1
20385,3524.049560546875,6079.753079436719,10890.63441098437,3,1,Model_1
20386,4197.2412109375,6154.629020522349,10905.896305148657,10,1,Model_1
20387,2218.19677734375,6140.815684483387,10906.296567320554,5,2,Model_1
20388,4136.39013671875,6092.0050039906055,10925.990137403081,4,1,Model_1
20393,3479.81494140625,6888.796691206051,10648.780674527829,17,0,Model_1
20394,3332.478271484375,6860.78012657864,10652.688971445481,11,0,Model_1
20395,3424.263916015625,6838.019516059896,10659.284553690653,10,0,Model_1
20396,2635.17138671875,6873.122274201829,10662.372542785582,6,0,Model_1
20397,2543.467041015625,6887.59709264175,10665.52968573766,29,0,Model_1
20398,7222.72412109375,6854.7959434106015,10680.230753601958,15,0,Model_1
20399,4674.25439453125,6834.2784809363075,10687.994620933154,15,0,Model_1
20400,3565.3798828125,6875.017418978969,10699.940927675729,23,0,Model_1
20401,5016.5751953125,6855.946287544211,10708.883148470617,36,0,Model_1
20402,3983.493896484375,6823.002898882376,10715.650688008085,9,0,Model_1
20403,3904.0068359375,6788.215921483003,10715.712688017942,19,0,Model_1
20404,3519.524658203125,6874.179633335443,10717.560588596629,18,0,Model_1
20405,4853.74365234375,6863.5489620983135,10736.057169884865,16,0,Model_1
20406,3079.16162109375,6784.903906260384,10731.906437031234,10,0,Model_1
20407,2812.31494140625,6882.2435503152665,10735.296565775338,15,0,Model_1
20408,5438.51025390625,6838.850857198471,10748.964476780224,14,0,Model_1
20409,4800.29296875,6784.485934082186,10750.471200666492,19,0,Model_1
20410,2759.027099609375,6855.018278831383,10759.913925814457,17,0,Model_1
20411,3364.28955078125,6824.223672248656,10762.117045822837,6,0,Model_1
20412,5996.0703125,6785.921217398951,10781.404259715404,21,0,Model_1
20413,4930.36572265625,6888.609340240713,10780.659729682506,13,0,Model_1
20414,1946.73583984375,6851.426848286996,10787.334092566984,9,0,Model_1
20415,2459.727294921875,6862.59839761816,10795.647039757554,10,0,Model_1
20416,3523.57421875,6876.709561850177,10798.922530306794,26,0,Model_1
20417,5727.87255859375,6785.876566186082,10809.150412274743,8,0,Model_1
20418,3381.23876953125,6889.077947814949,10810.760204553466,32,0,Model_1
20419,4106.50244140625,6870.563805736601,10820.894114996503,22,0,Model_1
20420,4393.53173828125,6793.964880220359,10830.413501125317,16,0,Model_1
20421,2345.07373046875,6901.707796551986,10828.031534934657,32,0,Model_1
20422,3296.079345703125,6887.508250537794,10830.382324482183,21,0,Model_1
20423,4430.8701171875,6870.780617295997,10843.345625688438,17,0,Model_1
20424,4427.0927734375,6877.363679102622,10861.856426352155,27,0,Model_1
20425,2999.702392578125,6856.61835734616,10859.765559922875,3,0,Model_1
20426,5321.17822265625,6843.008483534912,10876.228770517468,20,0,Model_1
20427,3748.78076171875,6805.7389907643665,10884.379563836104,17,0,Model_1
20428,4025.010498046875,6815.873435120331,10898.00146058866,13,0,Model_1
20429,3868.771240234375,6834.607150688767,10895.95846311286,15,0,Model_1
20430,6328.9033203125,6875.917808384867,10908.986237263838,24,0,Model_1
20431,5108.38134765625,6848.981158658396,10911.862613789512,37,1,Model_1
20432,2538.45458984375,6831.707123461179,10915.43997903062,26,0,Model_1
20433,4390.53955078125,6895.318530215649,10921.61039311703,13,0,Model_1
20434,2623.401123046875,6819.23470477364,10917.969791398631,5,0,Model_1
20435,4526.560546875,7199.5741963153705,10658.520328497929,0,0,Model_1
20436,2376.772216796875,7150.357972332509,10680.269260730587,1,0,Model_1
20437,5031.34375,6937.907041179016,10859.356200883434,21,0,Model_1
20438,3637.399169921875,6950.37623761408,10874.974374306643,9,0,Model_1
20439,4204.15576171875,6964.055620014435,10889.816311139206,21,0,Model_1
20440,6992.05078125,6924.762552689528,10892.360342882697,34,0,Model_1
20441,3148.048095703125,6978.879362365231,10899.884512170087,22,0,Model_1
20442,4231.451171875,6995.190404394176,10900.951583564805,14,0,Model_1
20443,2894.02734375,6952.264477564488,10900.851782979138,26,0,Model_1
20444,5372.23974609375,7095.8098411469255,10908.499775648037,20,0,Model_1
20445,3182.685302734375,7136.001456590602,10908.476106128604,14,1,Model_1
20446,2917.417236328125,7117.790206244914,10913.14147439169,9,0,Model_1
20447,5722.013671875,6959.941724247299,10920.114179203942,19,0,Model_1
20448,2425.126953125,7033.636019318132,10915.648942026804,4,0,Model_1
20449,3210.896484375,6983.834726350149,10917.733184523408,17,0,Model_1
20450,6585.58984375,7050.083316594595,10925.781527683306,47,0,Model_1
20451,4111.4326171875,7094.503447929164,10928.764240408222,23,0,Model_1
20452,5154.0869140625,7263.8728634906,10653.097535613,0,0,Model_1
20453,4140.0185546875,7430.298981576925,10682.385563061347,18,0,Model_1
20454,6095.54736328125,7464.79595625354,10692.645946458964,35,0,Model_1
20455,8322.732421875,7437.208871848881,10707.879048595882,36,0,Model_1
20456,1923.4796142578125,7288.207774504321,10710.81133111335,0,0,Model_1
20457,10698.7275390625,7459.013394026086,10726.07039906636,35,0,Model_1
20458,3822.236083984375,7447.662779521663,10778.673168113113,26,0,Model_1
20459,4891.57421875,7415.611034151865,10816.113755262144,24,0,Model_1
20460,7003.22216796875,7438.044355883496,10821.953855905726,45,0,Model_1
20461,5781.9873046875,7454.172650164925,10840.066160779592,65,0,Model_1
20462,5423.4990234375,7444.423495140625,10861.040976080061,46,0,Model_1
20463,7299.07421875,7435.158598631155,10877.45949720886,45,0,Model_1
20464,2316.5537109375,7405.858656875091,10866.169578035027,3,0,Model_1
20465,5654.36328125,7391.399949697545,10901.300267380924,24,0,Model_1
20466,2909.588134765625,7426.4226118493825,10894.258938626139,6,0,Model_1
20467,5403.74365234375,7410.026410290739,10906.297362192476,33,0,Model_1
20468,12451.8271484375,7460.218516451772,10919.579142081842,89,0,Model_1
20469,5589.04931640625,7392.195846058894,10927.466479518138,27,1,Model_1
20470,6157.2294921875,7481.010791030014,10662.501665313233,39,0,Model_1
20471,4862.5400390625,7448.281912318664,10680.174847610164,7,0,Model_1
20472,6054.06201171875,7487.132150089135,10683.40043786657,25,0,Model_1
20473,5009.8564453125,7493.305525509641,10716.721910400614,7,0,Model_1
20474,3840.58642578125,7496.810415558983,10736.882246939116,8,0,Model_1
20475,6190.68408203125,7433.319613111438,10796.56096582878,33,1,Model_1
20476,3427.76416015625,7487.565312886145,10834.961051705854,22,0,Model_1
20477,3520.085693359375,7408.171773830429,10881.722218684285,12,0,Model_1
20478,7643.90673828125,7421.24215051299,10924.358530306075,45,0,Model_1
20479,4687.9619140625,1254.3813189493376,10931.35490463776,30,1,Model_1
20480,4832.919921875,1276.3502910832176,10932.418089991974,32,0,Model_1
20481,2668.11474609375,1267.779214579903,10948.661827617201,7,0,Model_1
20482,4050.3330078125,1295.5238441145048,10949.238551355615,22,0,Model_1
20483,4472.05322265625,1266.5481990539702,10969.2373522559,10,0,Model_1
20484,1899.46435546875,1283.7577892016852,10968.970540247668,4,0,Model_1
20485,1595.3316650390625,1293.1714847272378,10976.009749343997,1,1,Model_1
20486,2576.02392578125,1306.7201357414597,10979.430083221108,11,0,Model_1
20487,10390.46875,1277.770498861617,10994.84706572914,14,0,Model_1
20488,1680.207275390625,1304.0522257725243,11012.00013683227,0,0,Model_1
20489,5171.33349609375,1293.2339734091656,11031.706866461049,3,0,Model_1
20490,5846.95751953125,1316.7810436927248,10935.179916641886,40,0,Model_1
20491,2443.772216796875,1477.3062968535814,10929.499143658963,1,0,Model_1
20492,5348.87353515625,1551.9653112993692,10944.696564878526,1,3,Model_1
20493,10186.09375,1531.872955990897,10948.724357541672,12,2,Model_1
20494,1666.313720703125,1337.5886239702231,10936.965287296101,19,0,Model_1
20495,2597.33056640625,1374.5879078546423,10940.979390498382,16,0,Model_1
20496,6484.48779296875,1468.0607338589616,10948.617844704226,9,0,Model_1
20497,7064.8095703125,1359.7405740125105,10954.728996672951,15,0,Model_1
20498,9368.650390625,1388.3327710285084,10958.842282227182,20,0,Model_1
20499,3830.891357421875,1342.981638889527,10955.432634961457,11,0,Model_1
20500,8439.2802734375,1328.9768089891877,10965.905955714865,34,0,Model_1
20501,4080.96142578125,1306.4469347637496,10961.39443932809,15,0,Model_1
20502,10113.6083984375,1553.9808302225429,10978.533732651253,6,2,Model_1
20503,14716.4287109375,1412.7728655694518,10989.743723037449,35,0,Model_1
20504,13768.3876953125,1518.4096946672653,10987.743030411679,8,3,Model_1
20505,4920.71435546875,1368.1764309923165,10980.52232556,9,0,Model_1
20506,7347.3486328125,1347.4571174165467,10991.254156326017,27,0,Model_1
20507,2209.158447265625,1320.9928729190142,10987.601189933288,7,0,Model_1
20508,2866.25,1387.7093802550226,10991.273586528536,11,0,Model_1
20509,3130.485595703125,1304.2475172886043,10995.264815083305,8,0,Model_1
20510,6583.74560546875,1323.7954270092305,11006.22892508853,19,0,Model_1
20511,6413.896484375,1554.1891258289688,11006.210289757932,6,0,Model_1
20512,12749.1630859375,1349.6423799968907,11027.457922765592,48,0,Model_1
20513,10184.7958984375,1395.1313785096281,11021.77193895563,33,0,Model_1
20514,10448.3486328125,1537.568632481969,11024.276050464854,8,0,Model_1
20515,3713.10595703125,1514.2226077367668,11016.169593335602,3,4,Model_1
20516,10467.1376953125,1505.048970020609,11039.649138379013,8,1,Model_1
20517,12236.73046875,1570.329273396288,11055.569098174987,6,2,Model_1
20518,4798.85888671875,1333.6440115384758,11048.485376251068,15,0,Model_1
20519,7065.93505859375,1381.1591163753765,11053.262556497742,26,1,Model_1
20520,4483.17822265625,1532.9213388497592,11049.583182693408,2,0,Model_1
20521,6354.11767578125,1397.0982184043387,11065.485655307115,27,0,Model_1
20522,2429.235107421875,1545.2623356684926,11056.745331980223,1,0,Model_1
20523,7320.02880859375,1351.0477423978155,11068.613564636311,18,0,Model_1
20524,2077.134033203125,1496.3033164814115,11062.126791525247,4,0,Model_1
20525,6208.43701171875,1480.5683671628358,11068.14617994662,14,0,Model_1
20526,5056.7998046875,1514.7554301996133,11067.542165605577,14,0,Model_1
20527,5391.43017578125,1423.9395815219032,11072.82444279865,26,0,Model_1
20528,11303.7998046875,1549.1955551361316,11087.899630380547,6,0,Model_1
20529,8326.955078125,1408.674505662464,11091.054962791026,20,0,Model_1
20530,6760.59423828125,1456.8736486676498,11088.154872586369,14,0,Model_1
20531,10662.521484375,1338.6073160741362,11102.029185333471,10,1,Model_1
20532,5144.111328125,1444.7704080494004,11104.7355475871,35,0,Model_1
20533,3472.568603515625,1422.9184727286338,11106.71340972491,9,0,Model_1
20534,7092.5302734375,1531.0559999080142,11116.569689069678,19,0,Model_1
20535,6511.99267578125,1571.2133213789202,11120.397085689568,8,0,Model_1
20536,6971.0302734375,1556.670030073903,11129.505611354201,14,1,Model_1
20537,7347.6533203125,1404.4670494931052,11125.849465473788,21,1,Model_1
20538,2017.7471923828125,1437.4558949309285,11118.192685054204,5,0,Model_1
20539,8959.94921875,1427.4679479821352,11140.621939332344,25,0,Model_1
20540,7641.0654296875,1449.141278451425,11135.209303144187,22,0,Model_1
20541,6327.11865234375,1369.663270348683,11139.38666420718,15,0,Model_1
20542,6714.72900390625,1462.2794375164085,11151.717291523677,30,0,Model_1
20543,2365.32275390625,1529.2670743821072,11142.853763048992,12,0,Model_1
20544,11919.666015625,1582.103959342523,11159.375308410694,33,0,Model_1
20545,10045.98828125,1386.6403979964089,11156.899105737815,8,0,Model_1
20546,4008.353515625,1411.1467788739828,11165.303772316187,7,1,Model_1
20547,2538.127197265625,1469.7102969653206,11170.3985922145,3,0,Model_1
20548,2629.4716796875,1425.608938464895,11171.993988479539,11,0,Model_1
20549,2248.8115234375,1451.2642825107323,11175.064667030405,4,0,Model_1
20550,4281.03466796875,1508.9483558372594,11181.257425849712,10,0,Model_1
20551,6268.23291015625,1470.3981327883084,11188.575988266806,20,1,Model_1
20552,5549.990234375,1415.8962639418314,11190.445615344674,4,0,Model_1
20553,4258.580078125,1493.5490961783216,11191.158438819824,44,1,Model_1
20554,5111.11376953125,1561.9674131429638,11191.877753748999,14,1,Model_1
20555,6306.7314453125,1585.1545117928763,11193.375822363236,9,0,Model_1
20556,2083.259765625,1510.5473986280267,11199.626650992344,9,0,Model_1
20557,1795.8087158203125,1482.6760655228863,11202.950540409678,2,0,Model_1
20558,5611.06689453125,1869.02103011508,10934.521851010199,1,1,Model_1
20559,4319.439453125,1589.1300808644737,10933.309671330302,0,0,Model_1
20560,14470.396484375,1834.5056425671792,10952.256503402372,3,3,Model_1
20561,10530.486328125,1805.4213615660556,10946.053146290782,2,6,Model_1
20562,6353.228515625,1854.2338833459653,10952.948306931161,2,2,Model_1
20563,21885.40234375,1642.5366140303086,10989.064460821195,9,6,Model_1
20564,16020.3662109375,1705.758703637519,10987.359018954616,6,5,Model_1
20565,2856.51806640625,1808.2103361636982,10977.766681247253,0,1,Model_1
20566,6522.69580078125,1842.2344452895923,10985.42059129601,2,6,Model_1
20567,17818.828125,1748.36827432242,11004.27203873753,7,15,Model_1
20568,15090.748046875,1604.6977032152354,11006.515873852099,8,6,Model_1
20569,10619.8916015625,1817.6930799565744,11013.6812909457,5,4,Model_1
20570,4454.1220703125,1713.1987695220741,11011.296763501072,1,3,Model_1
20571,10468.818359375,1631.001065249904,11032.749296826209,10,1,Model_1
20572,15027.9326171875,1685.7632460641908,11028.453808963808,5,15,Model_1
20573,6320.251953125,1733.916587052052,11032.767225603988,3,9,Model_1
20574,12643.810546875,1596.5768214148702,11045.590187756592,14,1,Model_1
20575,8090.58935546875,1821.316733025713,11043.58905353531,4,0,Model_1
20576,10733.7548828125,1848.4197890764335,11051.493436558361,4,1,Model_1
20577,6007.0888671875,1870.1534216991859,11049.954564518834,2,3,Model_1
20578,7530.38427734375,1622.5663590745535,11061.327238691578,9,0,Model_1
20579,18167.041015625,1661.8078703598585,11062.006235950525,13,0,Model_1
20580,2596.234375,1720.51731045614,11046.071085268944,3,0,Model_1
20581,2791.38330078125,1704.263233247737,11047.022546958673,4,0,Model_1
20582,11839.0029296875,1797.7659801678965,11062.971210462914,11,7,Model_1
20583,4291.48779296875,1735.3808706410928,11058.356272407276,4,1,Model_1
20584,9120.9052734375,1713.9036372510018,11069.861071957152,18,0,Model_1
20585,2183.5380859375,1689.427407450159,11072.599847321348,2,0,Model_1
20586,11449.193359375,1829.4227694486035,11080.619840049389,10,0,Model_1
20587,3861.403076171875,1599.665235331806,11077.323417872889,1,0,Model_1
20588,6945.62109375,1863.6596623182995,11079.771005156603,7,0,Model_1
20589,7826.703125,1740.8975970393512,11082.646056895741,10,1,Model_1
20590,2930.44189453125,1616.8371941738296,11084.401531533807,6,0,Model_1
20591,8076.3974609375,1702.9711100052227,11093.554746664235,12,0,Model_1
20592,10762.689453125,1768.9023083808715,11096.396987856846,11,0,Model_1
20593,5360.97021484375,1630.0509610915324,11095.129785376179,6,0,Model_1
20594,6770.05322265625,1668.54606060707,11092.725695250378,14,0,Model_1
20595,9178.197265625,1799.930643348489,11094.97381384141,5,0,Model_1
20596,4483.07861328125,1609.1713404551265,11101.617397518716,3,0,Model_1
20597,9481.9189453125,1862.1928469594568,11103.099701173182,6,4,Model_1
20598,2889.048828125,1643.7631414188654,11103.928929225243,2,0,Model_1
20599,7641.45361328125,1746.7173302507144,11111.859498862144,10,0,Model_1
20600,15877.2177734375,1692.0317930131569,11119.528378998752,17,3,Model_1
20601,5282.185546875,1727.4522882652236,11119.809454542014,5,0,Model_1
20602,4823.81591796875,1655.7058448155876,11116.911881431774,11,0,Model_1
20603,4640.37158203125,1802.7299751862301,11114.886812733752,1,0,Model_1
20604,4176.2333984375,1845.7892802522983,11119.793777901345,2,0,Model_1
20605,5884.626953125,1825.3049609463196,11123.954225856236,11,0,Model_1
20606,4149.09521484375,1590.3998785005533,11125.086785865355,9,0,Model_1
20607,4146.08154296875,1619.4740324224695,11122.014517570646,11,1,Model_1
20608,3909.990478515625,1638.8933972854284,11125.574307310384,12,0,Model_1
20609,1417.3541259765625,1776.6855441540247,11118.888197985292,0,0,Model_1
20610,5838.390625,1667.461197246972,11137.211099758737,8,1,Model_1
20611,7503.2841796875,1756.4076791673433,11134.395045179976,8,1,Model_1
20612,6022.0517578125,1802.1208543879911,11136.085384480051,2,0,Model_1
20613,2860.032470703125,1634.4138909428148,11140.38793787064,13,0,Model_1
20614,7867.14990234375,1851.1488067619503,11149.862325416801,11,1,Model_1
20615,8174.04296875,1727.7862517181784,11147.884110002582,15,0,Model_1
20616,2812.3828125,1782.4781183802406,11141.275147413402,4,0,Model_1
20617,1297.77587890625,1650.9233316598693,11140.733353879972,2,0,Model_1
20618,7669.77490234375,1691.8103782359394,11150.84973298119,12,0,Model_1
20619,4532.6767578125,1811.2538687068736,11156.9621655769,2,0,Model_1
20620,4509.1708984375,1630.0239171868307,11155.738901849658,4,0,Model_1
20621,7829.80419921875,1710.7273018736742,11165.418675468358,11,0,Model_1
20622,2030.0169677734375,1655.6437013749965,11154.474083984755,8,0,Model_1
20623,3129.173583984375,1779.671651554876,11158.16807460053,1,0,Model_1
20624,4622.12744140625,1670.9168328656233,11165.204589964236,12,0,Model_1
20625,6797.41064453125,1648.0890153666842,11172.319621009941,28,0,Model_1
20626,9897.5556640625,1725.3949951403192,11189.215683525203,12,0,Model_1
20627,3682.050537109375,1798.7287431752775,11174.141997368046,3,0,Model_1
20628,9586.8955078125,1775.7629442221369,11187.946273066977,16,0,Model_1
20629,6427.15869140625,1688.2935198202613,11184.21889783051,17,0,Model_1
20630,5126.17578125,1846.2896500295028,11182.372719474319,8,1,Model_1
20631,6582.3544921875,1662.9635081939632,11192.991634267968,12,0,Model_1
20632,3593.93359375,1636.3892467904952,11189.072120824316,9,0,Model_1
20633,3497.005859375,1799.2655934537179,11189.357921439554,7,0,Model_1
20634,9804.0615234375,1746.926201259368,11204.788063493837,19,0,Model_1
20635,18454.0078125,1934.3061668694718,10950.26773385542,3,10,Model_1
20636,6115.2021484375,2005.6436144156614,10963.91594970048,0,1,Model_1
20637,10858.26171875,1907.7186712147668,10969.131987566783,0,6,Model_1
20638,8045.73876953125,1870.4655198674882,10973.54891419493,2,3,Model_1
20639,8068.58251953125,1991.2516538965283,10987.130625755912,5,1,Model_1
20640,6072.88525390625,1893.036938133766,10994.000880409425,4,2,Model_1
20641,8551.15234375,1930.8074911641888,10995.89770977082,4,4,Model_1
20642,4512.88916015625,1870.9868342857808,11002.82846300945,1,0,Model_1
20643,5888.603515625,2008.2481150591047,11008.70185995462,2,3,Model_1
20644,5413.7568359375,1877.2911712533096,11022.017642698396,2,2,Model_1
20645,4009.115966796875,1937.6023009906057,11053.975909887507,2,0,Model_1
20646,3912.16845703125,1898.2843762894627,11059.543369462102,0,0,Model_1
20647,3031.94384765625,1954.1655993561726,11060.969369688813,3,3,Model_1
20648,7459.1259765625,1926.9493041470414,11086.395467748247,0,0,Model_1
20649,6849.97998046875,1945.2749444555957,11083.30346013416,7,1,Model_1
20650,3139.896728515625,1891.9137529853033,11093.246027241934,1,0,Model_1
20651,2430.871337890625,1907.9750704474282,11094.233788082733,1,1,Model_1
20652,5202.83251953125,1991.5303787356243,11119.114250727784,3,4,Model_1
20653,12125.97265625,1883.5743334188592,11125.80128740345,13,1,Model_1
20654,4715.00537109375,1905.2119889500318,11148.24136077163,6,1,Model_1
20655,7817.6513671875,1930.9536433300236,11171.104394321013,5,11,Model_1
20656,8510.888671875,1875.0098165009404,11169.179788601927,4,1,Model_1
20657,4949.68896484375,1869.5837734937668,11192.754188361272,1,1,Model_1
20660,1007.9862670898438,2619.5823705876246,10924.272684138581,3,0,Model_1
20661,5436.1298828125,2690.757094383822,10932.854121400327,3,0,Model_1
20662,2791.21923828125,2590.9043235592544,10933.747292482498,17,0,Model_1
20663,1082.04443359375,2678.2335799784632,10932.437343556288,4,0,Model_1
20664,5789.37451171875,2621.4986901667435,10944.901288557798,43,0,Model_1
20665,5291.70556640625,2705.3352550638374,10942.820137229777,13,0,Model_1
20666,3749.695068359375,2606.390008632792,10946.861795991994,19,0,Model_1
20667,6202.20751953125,2644.486239324091,10949.994651190922,36,1,Model_1
20668,3247.828369140625,2669.141994619975,10944.443354012059,24,0,Model_1
20669,994.935791015625,2581.49557649286,10944.47444233609,8,0,Model_1
20670,2453.179931640625,2710.4660016477574,10962.12369015628,4,1,Model_1
20671,3552.135009765625,2589.934655725141,10958.399980162561,16,0,Model_1
20672,3190.646240234375,2687.2747601018054,10960.103302370684,24,0,Model_1
20673,3689.995849609375,2663.046183419763,10962.26137963686,33,1,Model_1
20674,757.1695556640625,2676.439705993398,10957.785632486542,6,0,Model_1
20675,2196.385009765625,2575.4888375574956,10963.094140453017,5,0,Model_1
20676,2447.444580078125,2700.67242557148,10971.091258533546,25,0,Model_1
20677,2789.166259765625,2608.2688119866652,10968.15341191263,16,0,Model_1
20678,3641.035400390625,2655.504731662688,10975.984578399824,18,0,Model_1
20679,4373.68994140625,2676.131060238462,10978.837020448758,28,0,Model_1
20680,4947.7001953125,2587.2758371114032,10979.823456503022,21,1,Model_1
20681,3527.9970703125,2699.492851004703,10988.343865265037,21,0,Model_1
20682,2164.971923828125,2608.0554528406356,10982.091049456125,8,0,Model_1
20683,2168.58251953125,2687.3339114508126,10989.971409683334,39,0,Model_1
20684,4824.2255859375,2648.642945016967,10992.480378743188,28,0,Model_1
20685,3942.451904296875,2596.8362602050183,10997.466698624252,10,0,Model_1
20686,5287.80859375,2617.414715315448,10999.510402652872,23,0,Model_1
20687,1860.1129150390625,2670.5561031347606,10997.279992041862,18,0,Model_1
20688,1498.3056640625,2634.4282083839644,11007.123862552748,6,0,Model_1
20689,1553.23681640625,2651.2007229995215,11005.563705609551,6,0,Model_1
20690,2036.4541015625,2700.884864073945,11007.931452424731,14,0,Model_1
20691,2390.310791015625,2671.337959681754,11009.860518258487,27,0,Model_1
20692,3261.252685546875,2657.2030888779555,11020.229180875598,32,0,Model_1
20693,2690.4599609375,2687.299617478042,11016.750644710031,22,0,Model_1
20694,3114.432373046875,2641.149136564345,11019.877759167306,17,0,Model_1
20695,5299.02001953125,2611.685090092942,11019.414790432733,11,0,Model_1
20696,4991.486328125,2671.1904265505727,11031.143478907092,57,0,Model_1
20697,2124.43408203125,2690.9506596932188,11032.14395769863,26,0,Model_1
20698,3137.16162109375,2649.7276932966197,11038.855149648793,23,0,Model_1
20699,3553.28271484375,2632.9264085696777,11045.783253314352,12,0,Model_1
20700,4022.208251953125,2697.2952748166863,11048.09853858273,43,0,Model_1
20701,2266.220703125,2679.7936104981927,11046.401928626387,30,0,Model_1
20702,6205.0654296875,2665.6955654369667,11060.312982120071,47,0,Model_1
20703,5620.23876953125,2647.0262949180324,11063.674230517703,12,1,Model_1
20704,3871.290283203125,2687.055646933499,11066.897789434755,53,0,Model_1
20705,3869.014892578125,2706.684918529121,11068.547148671336,30,0,Model_1
20706,2128.21728515625,2673.9541985306423,11077.975831082025,16,0,Model_1
20707,5395.56787109375,2706.652005521697,11087.266470735725,61,1,Model_1
20708,1192.4453125,2686.639285881538,11083.727480144593,8,0,Model_1
20709,4635.93798828125,2665.103361464222,11093.643286564351,40,0,Model_1
20710,2253.489990234375,2689.5901786660543,11095.445084571606,16,0,Model_1
20711,4796.75927734375,2677.9548551393673,11108.59919919851,21,0,Model_1
20712,5245.7236328125,2694.7743225767044,11119.394796356431,41,0,Model_1
20713,3768.88037109375,2710.197173726978,11132.170993544336,34,0,Model_1
20714,583.946044921875,2701.6694825516315,11138.729349287863,5,0,Model_1
20715,2861.8818359375,2819.101942236768,10932.023656880832,1,2,Model_1
20716,6225.6943359375,2931.4966403379804,10938.056204848457,0,6,Model_1
20717,6456.72998046875,2735.534895743127,10939.083974242625,3,0,Model_1
20718,6630.9404296875,2804.398574032006,10937.645344384277,1,1,Model_1
20719,4343.794921875,2781.820481099887,10939.290111027534,3,1,Model_1
20720,2323.197021484375,2832.3203123722924,10937.439914152186,2,1,Model_1
20721,3432.90234375,2877.824041182059,10942.278299536796,0,1,Model_1
20722,1647.7586669921875,2844.2194002801552,10941.654943312336,1,0,Model_1
20723,1991.895751953125,2756.2245185639476,10949.046192350674,3,0,Model_1
20724,1489.896240234375,2764.980989665026,10946.51258226126,3,0,Model_1
20725,8402.4912109375,2857.353761690436,10958.002279244633,0,3,Model_1
20726,7145.73876953125,2924.4942253878107,10962.71375007915,1,2,Model_1
20727,2140.31298828125,2719.769565186929,10951.68357738536,2,0,Model_1
20728,2196.543212890625,2827.2454948849045,10953.802176012781,2,0,Model_1
20729,1031.08154296875,2745.0794377352577,10951.768628680933,1,0,Model_1
20730,933.4215698242188,2837.68536274333,10954.746395536116,0,0,Model_1
20731,5889.65283203125,2779.008835654473,10960.119464766416,3,0,Model_1
20732,6635.31201171875,2807.6353266432416,10963.06243389527,3,0,Model_1
20733,4826.1181640625,2882.482037295704,10965.661135163122,0,1,Model_1
20734,1605.9554443359375,2740.865421980503,10962.173678768217,2,0,Model_1
20735,2309.048095703125,2728.6887600379996,10965.510551093597,2,0,Model_1
20736,9585.1201171875,2830.9846887213644,10981.448704624658,4,0,Model_1
20737,2197.8994140625,2765.0626967813587,10972.418253046511,3,0,Model_1
20738,13367.23046875,2737.1154105821624,10982.472587978322,7,0,Model_1
20739,5965.580078125,2804.771434675553,10983.609873059417,0,0,Model_1
20740,9300.2919921875,2881.4154717264464,10992.04752682252,1,1,Model_1
20741,5533.7109375,2782.2656122632325,10986.42751738202,2,2,Model_1
20742,2009.3233642578125,2769.5584294667933,10993.829276393539,1,0,Model_1
20743,3681.929443359375,2846.073116096901,10996.394769678904,0,0,Model_1
20744,6285.7529296875,2923.766686811112,11002.823075544205,1,5,Model_1
20745,2263.961669921875,2713.7688104347326,10999.22557354776,14,0,Model_1
20746,6244.37646484375,2752.9477179576643,11005.667215597517,7,0,Model_1
20747,1756.201904296875,2730.054534765659,11002.435443003946,2,0,Model_1
20748,1216.284423828125,2811.737714365823,11002.989998647667,0,0,Model_1
20749,2654.046875,2892.5787352655316,11009.220558042784,1,0,Model_1
20750,4372.771484375,2833.005501345033,11012.558490197393,2,1,Model_1
20751,2741.263916015625,2775.1858632536605,11010.899857455064,2,0,Model_1
20752,6447.705078125,2858.4210177423665,11016.8055791917,2,0,Model_1
20753,5357.49365234375,2727.221944679157,11016.36442527541,22,0,Model_1
20754,6363.6416015625,2909.59268865583,11021.243084170696,0,7,Model_1
20755,5518.60791015625,2815.7137437592028,11024.400315441875,3,0,Model_1
20756,8766.75390625,2883.8282483476214,11031.083510236589,5,2,Model_1
20757,3535.14990234375,2708.7206916107098,11026.634965369798,27,0,Model_1
20758,3773.2509765625,2982.6731446301565,11030.298000140196,0,7,Model_1
20759,6054.93115234375,2759.1620620167814,11030.202880466954,5,0,Model_1
20760,6474.57373046875,2790.7723587974906,11033.357903760574,4,0,Model_1
20761,4475.06298828125,2837.8151734858984,11032.844151542144,3,0,Model_1
20762,2676.75537109375,2721.4741367462557,11035.441792980768,19,1,Model_1
20763,5708.53515625,2859.819245155668,11042.72697077717,1,3,Model_1
20764,11432.5068359375,2902.974182071979,11053.257080713396,4,1,Model_1
20765,6096.671875,2808.4125799724134,11049.965427768424,3,0,Model_1
20766,2524.866455078125,2736.104543948546,11044.295341396886,29,0,Model_1
20767,4862.80712890625,2751.590229022084,11054.349499690492,36,1,Model_1
20768,7579.86962890625,2832.6031801074278,11055.945690827451,2,0,Model_1
20769,3111.826904296875,2714.639509085682,11051.09229119544,11,0,Model_1
20770,14810.3623046875,2973.8257599771023,11063.207110785319,3,23,Model_1
20771,3531.74462890625,2731.1811723274877,11059.765315366334,40,0,Model_1
20772,11419.85546875,2934.4318821819033,11075.008309242716,3,2,Model_1
20773,10866.4775390625,2795.340592163615,11075.747275172165,38,0,Model_1
20774,4189.38818359375,2858.2824608859373,11064.820259189932,3,0,Model_1
20775,5345.6796875,2845.269624426146,11080.83542697825,7,0,Model_1
20776,4212.90478515625,2748.920132524683,11079.961862736804,25,0,Model_1
20777,3794.25048828125,2728.784506968688,11078.199631687407,35,0,Model_1
20778,11247.916015625,2908.0179278390715,11092.476105467107,5,1,Model_1
20779,9720.4208984375,2961.5423033811385,11097.312062076402,7,1,Model_1
20780,4822.048828125,2878.52649222163,11090.269938449695,2,0,Model_1
20781,3335.748291015625,2828.1900751818903,11091.30658391365,2,0,Model_1
20782,9028.1845703125,2986.094716436928,11098.895932698582,1,1,Model_1
20783,2510.200927734375,2736.424927908927,11092.4047436324,26,0,Model_1
20784,5840.3779296875,2813.8349404053297,11102.70902162389,3,0,Model_1
20785,3873.517822265625,2778.812968736165,11098.31589699383,14,0,Model_1
20786,4275.4736328125,2759.430429615779,11102.355701054898,23,0,Model_1
20787,3152.435546875,2724.6814287634334,11101.83532490379,33,0,Model_1
20788,4997.13916015625,2864.087348719826,11104.826339624327,4,0,Model_1
20789,2480.5205078125,2743.847846807097,11104.897657299483,24,0,Model_1
20790,8517.1259765625,2931.9645574295428,11110.210802018832,3,0,Model_1
20791,3343.0576171875,2895.5894698817283,11108.37023192564,0,0,Model_1
20792,4013.646728515625,2840.6164616912138,11105.92763467121,3,0,Model_1
20793,3560.430908203125,2792.5683042305754,11109.994596856253,25,0,Model_1
20794,3661.398681640625,2712.281510756584,11110.65972801613,34,0,Model_1
20795,5387.849609375,2886.1245635579107,11125.605837229927,4,0,Model_1
20796,3884.6728515625,2805.08031059138,11122.377332443142,32,0,Model_1
20797,3483.79736328125,2766.859562858008,11118.957660959299,26,0,Model_1
20798,2235.926513671875,2850.6254683615407,11117.676327422254,3,0,Model_1
20799,3544.78662109375,2871.8764535957016,11124.390478062345,4,0,Model_1
20800,2043.5682373046875,2782.540654528071,11120.394612754702,9,0,Model_1
20801,6921.80810546875,2835.234149253345,11129.935548744492,23,0,Model_1
20802,2644.597900390625,2744.528662722907,11120.695780893751,23,0,Model_1
20803,3185.35888671875,2729.265543231042,11123.252265630676,22,0,Model_1
20804,6172.28662109375,2969.480322353542,11132.722148902616,7,0,Model_1
20805,10002.7451171875,2913.9678170343395,11135.20943562284,5,0,Model_1
20806,1595.90234375,2819.689082669909,11128.530347666387,23,0,Model_1
20807,1652.1644287109375,2760.6035596776055,11132.083557633,10,0,Model_1
20808,6312.5986328125,2779.2894017806975,11142.12407062529,39,0,Model_1
20809,3984.31396484375,2797.4168735620333,11141.292987872079,16,1,Model_1
20810,4659.33935546875,2944.7638045824133,11137.66996165505,4,0,Model_1
20811,2148.762451171875,2747.161703316844,11138.091111294656,27,0,Model_1
20812,2120.47998046875,2732.787235025433,11138.628444713417,13,0,Model_1
20813,2284.114990234375,2814.0273549102712,11141.638668838717,18,0,Model_1
20814,3683.04052734375,2876.7862457241863,11148.323718334581,9,0,Model_1
20815,6190.9638671875,2981.0120734792436,11152.330623530019,3,0,Model_1
20816,1998.489501953125,2718.0049216350308,11148.962662880607,9,0,Model_1
20817,5140.90478515625,2935.998817528365,11154.869709403778,5,0,Model_1
20818,4283.75390625,2827.619736493798,11153.53962372223,23,0,Model_1
20819,1474.4718017578125,2957.712656314485,11151.2915934503,1,0,Model_1
20820,2049.50390625,2737.7812660400523,11151.864166190902,13,0,Model_1
20821,2577.05615234375,2844.6076817034045,11156.52286636176,23,0,Model_1
20822,2736.732421875,2765.5193359892583,11160.172211671292,33,1,Model_1
20823,2442.76416015625,2749.5641226979205,11160.446486643672,9,0,Model_1
20824,5925.3388671875,2807.4624758140417,11164.752263681497,42,0,Model_1
20825,7117.13134765625,2960.2299259802094,11170.65825037544,9,0,Model_1
20826,7218.18310546875,2781.9597284389893,11171.41934024003,34,0,Model_1
20827,4946.2734375,2862.719042222365,11169.7437943896,35,0,Model_1
20828,10888.392578125,2923.83458427398,11182.068062730727,31,0,Model_1
20829,3158.165283203125,2736.245862735668,11170.235864268401,8,0,Model_1
20830,1327.91455078125,2837.4370191418566,11168.029388134131,12,0,Model_1
20831,9080.9189453125,2826.1425638948567,11189.09473051452,39,0,Model_1
20832,2564.678466796875,2986.6187927859137,11172.147619558094,2,0,Model_1
20833,1838.2928466796875,2937.1537648797967,11170.93402677256,1,0,Model_1
20834,6523.43212890625,2756.3713612124557,11183.716582935835,39,0,Model_1
20835,2861.908203125,2843.2660738693085,11179.386738942616,26,0,Model_1
20836,1471.0604248046875,2906.6855264406186,11182.01167098387,9,0,Model_1
20837,3480.295654296875,2853.4718681015074,11191.640793597366,39,0,Model_1
20838,4196.158203125,2873.57066791493,11189.664123767438,54,0,Model_1
20839,3111.104736328125,2973.783640534035,11187.27288407103,2,0,Model_1
20840,7654.068359375,2902.7175526784267,11199.85173222471,61,0,Model_1
20841,3956.465576171875,2951.9581737157423,11191.931628401439,12,0,Model_1
20842,3725.654052734375,2773.0202794295037,11196.15721169432,18,0,Model_1
20843,4572.90966796875,2885.100577753503,11205.92000526924,23,0,Model_1
20844,3562.24853515625,2966.8290990492096,11203.706949361844,20,0,Model_1
20845,2960.67431640625,2866.119209066266,11209.425390441924,35,0,Model_1
20846,2960.468017578125,3063.3636403070996,10929.122197730088,0,2,Model_1
20847,2922.521240234375,3205.275552045554,10945.679026573183,0,2,Model_1
20848,2359.222412109375,3044.141753488686,10948.50497289141,0,1,Model_1
20849,4928.3017578125,3005.070561262779,11014.311271102837,0,2,Model_1
20850,3024.11376953125,3250.496873441967,11044.235814321895,0,6,Model_1
20851,8229.1025390625,3088.9294517663075,11054.400194855247,2,16,Model_1
20852,5624.27587890625,3004.280649084598,11074.717651076848,0,2,Model_1
20853,2879.090087890625,3130.9570606381167,11087.656311253544,1,1,Model_1
20854,7005.515625,3052.47472855018,11098.242724617525,4,0,Model_1
20855,5616.7529296875,3025.7130011009285,11096.772962275594,2,1,Model_1
20856,7327.1162109375,3214.2596522679087,11097.25659768012,2,2,Model_1
20857,3361.159423828125,3142.0961572836386,11103.533568763527,3,1,Model_1
20858,5017.73291015625,3010.777170396177,11113.811527662514,5,0,Model_1
20859,6592.72265625,3200.452530573006,11118.283035495919,7,1,Model_1
20860,6431.51416015625,3033.07860993722,11121.288357911038,3,0,Model_1
20861,4886.5634765625,2992.1783291099127,11124.31620169726,4,0,Model_1
20862,2451.637939453125,3062.429187089321,11117.568887234233,0,2,Model_1
20863,4040.942626953125,3152.2289905133657,11120.009762266167,3,0,Model_1
20864,5230.94140625,3114.9714661091566,11128.972914688315,2,1,Model_1
20865,5102.76220703125,3053.0257337234216,11132.304796984412,7,0,Model_1
20866,5222.9296875,3076.8064173114253,11132.691458014546,5,0,Model_1
20867,5174.2119140625,3189.578118952224,11138.003896181075,4,1,Model_1
20868,4847.1474609375,3142.528169276193,11135.124914241882,3,1,Model_1
20869,4651.47119140625,3170.551868891227,11136.03782464343,6,0,Model_1
20870,3314.703369140625,3259.4996166964993,11138.557656952875,1,3,Model_1
20871,6076.12646484375,3210.215955572552,11149.690103167199,2,0,Model_1
20872,4891.166015625,3025.0584235267015,11146.73574087414,2,0,Model_1
20873,2960.0478515625,3231.416535571567,11148.474611520964,6,1,Model_1
20874,1821.3365478515625,3001.4213603347307,11146.142324825381,1,0,Model_1
20875,5831.08837890625,3157.615906169056,11153.901246286845,7,0,Model_1
20876,4858.12060546875,3129.643532432732,11155.243299206762,10,0,Model_1
20877,1810.2088623046875,3082.7450286230305,11152.974293148021,7,0,Model_1
20878,2800.8974609375,2999.1436881566187,11159.667468001302,1,1,Model_1
20879,2720.990234375,3026.2007120291237,11166.334765357591,0,0,Model_1
20880,8181.69677734375,3231.135969445342,11169.895835724314,11,1,Model_1
20881,9636.94140625,3165.37693141622,11177.637093365305,10,1,Model_1
20882,7102.24462890625,3199.614284607698,11179.357372841081,4,1,Model_1
20883,7035.837890625,3267.8035914857173,11183.070837818927,4,12,Model_1
20884,3862.114013671875,3000.142586423899,11180.099827375074,1,1,Model_1
20885,3336.91455078125,3122.6003790048417,11182.915131241465,11,0,Model_1
20886,6381.505859375,3039.581115431967,11184.961573162258,6,0,Model_1
20887,3628.869384765625,3018.8590399255045,11183.453877765864,2,0,Model_1
20888,2701.82470703125,3058.308156334562,11184.141000382228,5,0,Model_1
20889,4074.803955078125,3082.173539130483,11184.740377970396,5,1,Model_1
20890,2769.581787109375,3100.2358753796434,11183.860984668194,6,0,Model_1
20891,9233.251953125,3247.355407439638,11195.956771491514,6,10,Model_1
20892,3743.40966796875,3220.6139341488015,11189.359113747436,2,0,Model_1
20893,1712.4432373046875,3066.226611631224,11194.14865866844,4,1,Model_1
20894,4693.05419921875,3117.34971859667,11199.678980060493,17,0,Model_1
20895,5245.95263671875,3181.585321687744,11200.361156807125,7,0,Model_1
20896,1870.425537109375,3002.068572760443,11199.26988597836,4,0,Model_1
20897,3475.65771484375,3016.16040347761,11200.96525946727,4,0,Model_1
20898,1791.3221435546875,3074.342544972431,11201.442756694181,5,0,Model_1
20899,5525.4306640625,3095.3465675704647,11204.529906757638,9,0,Model_1
20900,2172.38232421875,3049.901069466141,11201.6436384925,4,0,Model_1
20901,3640.729736328125,3137.0231810833793,11208.673706561734,6,0,Model_1
20902,1007.126953125,3036.369220196968,11204.495064871757,0,0,Model_1
20903,1554.456787109375,3063.1792814333457,11208.98149863346,6,0,Model_1
20904,6266.80078125,3335.1390014578355,10966.89168521631,2,5,Model_1
20905,2509.789794921875,3383.3392952674767,10961.097775463262,0,0,Model_1
20906,10315.1904296875,3283.3426738859853,11008.051831361248,0,8,Model_1
20907,2176.428466796875,3343.0367422743,11030.747632690312,1,4,Model_1
20911,3051.919921875,4081.0382029206958,10933.712671394373,2,0,Model_1
20912,4503.32568359375,4066.124237500597,10940.43039895811,2,1,Model_1
20913,2380.31103515625,4057.7136982188094,10951.275278175148,0,5,Model_1
20914,3987.800537109375,4091.0175188360736,10954.21374302978,2,1,Model_1
20915,2295.078125,4111.69563361234,10953.152765653125,0,1,Model_1
20916,3969.443359375,4053.113242327934,10962.106114654911,0,4,Model_1
20917,2267.53515625,4083.528543762164,10964.80982733547,1,0,Model_1
20918,2736.8271484375,4100.925484875217,10974.476618046123,0,0,Model_1
20919,5809.0869140625,4064.665477772942,10982.547659215328,5,0,Model_1
20920,3834.690185546875,4086.1910449501593,10984.629693734372,6,1,Model_1
20921,3440.456298828125,4103.593509924598,10995.386872082767,5,0,Model_1
20922,5451.01220703125,4076.121966287261,11006.339235647378,10,1,Model_1
20923,2930.5029296875,4103.9764976473525,11020.472323364396,2,0,Model_1
20924,4294.14404296875,4088.344430247089,11027.64719060195,3,3,Model_1
20925,3902.762939453125,4104.481010320596,11043.705546431323,15,1,Model_1
20926,5093.78857421875,4219.773664201377,10935.338979345237,0,2,Model_1
20927,5807.4140625,4278.774487985764,10936.099936731174,0,0,Model_1
20928,900.4811401367188,4158.707836902235,10926.932767182574,0,0,Model_1
20929,2916.07373046875,4352.361067759572,10931.987181091557,1,0,Model_1
20930,3562.109375,4255.099678407656,10933.45292491433,2,2,Model_1
20931,3721.953369140625,4112.389338538051,10938.64935593991,0,0,Model_1
20932,3303.32568359375,4168.576675589895,10943.183393697786,2,0,Model_1
20933,3952.40283203125,4295.051926524611,10943.950003506274,0,0,Model_1
20934,2030.349609375,4310.837741400115,10939.268472847456,2,0,Model_1
20935,5156.697265625,4365.368380357977,10943.430068950678,3,1,Model_1
20936,5068.9189453125,4238.506919448031,10945.224713110641,4,0,Model_1
20937,2012.274658203125,4331.862478478346,10941.33743613935,1,0,Model_1
20938,5251.07763671875,4389.029840604402,10950.412665502394,1,0,Model_1
20939,7846.91259765625,4191.787020489806,10960.446068806945,3,0,Model_1
20940,1492.6766357421875,4209.032976058312,10949.629804979071,1,0,Model_1
20941,6218.29052734375,4340.603528799722,10956.601008366582,1,2,Model_1
20942,3946.643798828125,4258.860047046095,10954.291375520756,1,0,Model_1
20943,4441.64990234375,4315.813359543448,10954.094512241594,3,0,Model_1
20944,2921.298583984375,4152.819400664885,10952.100708505808,2,0,Model_1
20945,5066.41748046875,4143.149420987116,10965.58659384073,3,1,Model_1
20946,7029.48193359375,4289.774337292183,10964.61225750349,3,0,Model_1
20947,3873.16162109375,4167.720477075083,10963.74496391831,5,0,Model_1
20948,3230.173828125,4226.205740463454,10964.569864334357,1,0,Model_1
20949,3067.790283203125,4266.5400556596,10967.46266821307,0,1,Model_1
20950,4373.18359375,4365.459524070844,10965.884405853889,2,0,Model_1
20951,7338.5634765625,4123.013104948448,10970.892187276826,1,0,Model_1
20952,2072.92333984375,4211.132503706729,10964.966770380364,4,0,Model_1
20953,3531.89599609375,4244.213068259647,10967.71897024812,0,0,Model_1
20954,5490.412109375,4344.020957710454,10974.641774767537,2,0,Model_1
20955,5122.86083984375,4313.876785805915,10974.890834636193,6,0,Model_1
20956,9314.423828125,4380.544268872123,10983.085257591396,0,0,Model_1
20957,8269.33984375,4209.200993508799,10989.454213019912,4,0,Model_1
20958,3765.5810546875,4162.893082545605,10980.718658924547,4,0,Model_1
20959,3376.732421875,4272.297760510817,10981.084653284728,1,0,Model_1
20960,6117.32958984375,4184.200917519862,10992.294378713617,4,0,Model_1
20961,7094.91357421875,4239.2388310816605,10988.405688636689,6,0,Model_1
20962,2530.072998046875,4114.986013711197,10987.988734154445,0,0,Model_1
20963,3018.344970703125,4294.594366673147,10986.30104442744,1,0,Model_1
20964,4210.8203125,4325.496688552899,10991.971837351797,3,0,Model_1
20965,5362.69775390625,4145.3957912840415,10998.792898265296,3,0,Model_1
20966,1797.4798583984375,4358.677603254328,10988.346161561698,0,0,Model_1
20967,1996.99658203125,4131.4623112599365,10991.775592306352,0,0,Model_1
20968,1845.3656005859375,4171.880865342217,10995.427233912545,1,0,Model_1
20969,1780.259033203125,4283.049496376654,10994.489903279195,2,0,Model_1
20970,2965.743408203125,4344.171943255002,10994.52266966617,1,0,Model_1
20971,5848.482421875,4257.201507664984,10998.483693087932,7,0,Model_1
20972,5259.087890625,4161.8918826694135,11006.359990636432,2,0,Model_1
20973,3711.214111328125,4294.769288950367,11002.83261400726,0,0,Model_1
20974,1216.4351806640625,4197.785473633092,11002.013630971072,1,0,Model_1
20975,3415.223876953125,4126.512471136404,11006.990500708183,2,0,Model_1
20976,2147.913818359375,4366.905855110381,11005.108067360474,1,0,Model_1
20977,6043.232421875,4268.39054922387,11014.369561710395,3,2,Model_1
20978,5734.68017578125,4342.744025086751,11013.573453321718,9,0,Model_1
20979,1042.7093505859375,4310.319419073407,11006.761489275763,0,0,Model_1
20980,4432.9228515625,4316.117632241454,11018.993596633576,9,0,Model_1
20981,2867.176513671875,4234.80593231949,11010.731167969556,2,0,Model_1
20982,3801.3857421875,4210.533164746361,11014.416459153748,3,0,Model_1
20983,1049.8695068359375,4380.103740926599,11013.139718210026,4,0,Model_1
20984,4928.791015625,4143.499265541555,11023.005756815604,6,0,Model_1
20985,2010.3505859375,4191.741448633373,11015.563194378796,9,0,Model_1
20986,3365.438232421875,4297.970826945268,11020.04176774039,2,0,Model_1
20987,2174.5703125,4365.764717412414,11016.645191701813,6,0,Model_1
20988,3070.314453125,4170.915110243252,11023.622312469182,0,0,Model_1
20989,1960.061279296875,4250.396110437578,11022.16071964422,2,0,Model_1
20990,3860.760009765625,4280.309661129257,11027.73321340765,2,0,Model_1
20991,3046.778076171875,4231.671140983002,11024.244697183516,4,0,Model_1
20992,3371.147216796875,4118.8610024733935,11028.885601055248,4,0,Model_1
20993,4270.083984375,4328.944959023036,11029.586943047092,2,1,Model_1
20994,4724.83642578125,4187.867380514741,11031.98789784476,11,0,Model_1
20995,4311.048828125,4372.434319714084,11031.33645614575,14,0,Model_1
20996,4180.42138671875,4209.046325389994,11030.983179736308,3,1,Model_1
20997,5219.23974609375,4352.78548444272,11037.46800982712,14,0,Model_1
20998,6139.13525390625,4249.648087541573,11038.95380208613,10,0,Model_1
20999,1687.58984375,4130.953655690653,11037.642881649794,10,0,Model_1
21000,4342.17822265625,4305.151846746914,11040.42466841684,28,0,Model_1
21001,6767.10107421875,4225.567274151603,11048.483698188124,23,0,Model_1
21002,4019.441162109375,4149.391384353163,11039.221585604486,13,0,Model_1
21003,3211.023681640625,4174.065092198551,11043.460107645864,6,0,Model_1
21004,4482.6650390625,4289.569494099123,11047.615168135511,21,0,Model_1
21005,4649.79931640625,4332.8530909535475,11048.737085692796,20,0,Model_1
21006,3516.221923828125,4380.500077981036,11046.298948553034,16,0,Model_1
21007,5479.20068359375,4123.11391541874,11056.34374502179,22,0,Model_1
21008,1473.1729736328125,4273.124038109789,11048.828495963739,10,0,Model_1
21009,5886.5029296875,4392.632318871561,11059.763107388775,73,0,Model_1
21010,3834.906494140625,4198.346145563759,11052.042339779531,4,0,Model_1
21011,2112.440185546875,4161.7864689813,11051.661066214641,3,0,Model_1
21012,6791.63623046875,4313.102064246545,11063.23033870924,41,0,Model_1
21013,4858.59326171875,4357.958120308816,11058.512862175761,22,0,Model_1
21014,5965.77294921875,4255.618921377929,11061.504406810913,40,0,Model_1
21015,1604.9456787109375,4148.024688981939,11056.223366085273,3,0,Model_1
21016,4364.89453125,4178.306497099344,11062.503825773223,11,0,Model_1
21017,971.4353637695312,4237.9061995223165,11059.296252613698,3,0,Model_1
21018,6317.2783203125,4282.793097143993,11067.665459072472,17,0,Model_1
21019,3222.197265625,4158.07719606068,11067.607168464914,7,0,Model_1
21020,3538.89404296875,4342.469212982804,11071.422377048679,20,0,Model_1
21021,4788.57958984375,4199.817333979532,11071.21067616032,17,0,Model_1
21022,2887.946044921875,4222.286100488389,11069.293445086281,11,0,Model_1
21023,2144.276611328125,4366.465327164857,11076.314548766626,9,0,Model_1
21024,1395.7894287109375,4264.801880610175,11075.86235496254,13,0,Model_1
21025,1746.712158203125,4398.645502311876,11079.992244508016,18,0,Model_1
21026,3347.23388671875,4245.984846799169,11079.564603414387,27,0,Model_1
21027,3313.41162109375,4297.169406722533,11084.017785034051,19,0,Model_1
21028,4073.850341796875,4381.507262040395,11084.397733812406,25,0,Model_1
21029,2853.111083984375,4151.3661647986155,11081.008179142467,8,0,Model_1
21030,2424.393310546875,4171.233652916504,11080.073498082187,5,0,Model_1
21031,1878.5457763671875,4187.667600861285,11083.989434602194,8,0,Model_1
21032,3317.323974609375,4351.754823972471,11086.214281109755,38,0,Model_1
21033,4564.30078125,4224.161451428896,11085.243698334365,9,0,Model_1
21034,3522.955810546875,4262.631463407306,11089.781710451847,25,0,Model_1
21035,2394.587646484375,4203.724545266479,11087.72497935563,11,0,Model_1
21036,4022.2255859375,4276.995344297728,11094.40693768291,11,0,Model_1
21037,2799.146240234375,4369.846850976581,11095.891537634037,14,0,Model_1
21038,4005.21923828125,4243.129931106232,11097.556794309043,26,0,Model_1
21039,5653.40234375,4175.853902644012,11098.12278727652,26,0,Model_1
21040,2640.246337890625,4334.973333082162,11095.662084606105,8,0,Model_1
21041,4733.75390625,4315.584119295934,11096.88804206597,18,0,Model_1
21042,2586.31103515625,4213.524796008598,11101.238994324653,5,0,Model_1
21043,4209.7294921875,4292.906366697978,11103.80908020334,9,1,Model_1
21044,6231.78125,4197.897792147938,11109.985014233647,26,0,Model_1
21045,4434.43115234375,4349.1761013488285,11107.329302985221,39,0,Model_1
21046,6041.546875,4380.354616297875,11115.904822867109,28,0,Model_1
21047,2797.029052734375,4226.9813826663885,11108.312294594492,14,0,Model_1
21048,3937.658447265625,4263.81034749141,11113.093890796285,36,0,Model_1
21049,3229.41455078125,4321.169663800625,11113.27631390221,8,0,Model_1
21050,1928.2747802734375,4334.752838948509,11115.38890683067,19,0,Model_1
21051,3175.819580078125,4243.320044002263,11115.145455225014,12,0,Model_1
21052,1426.13916015625,4303.600562341046,11115.9175849774,8,0,Model_1
21053,3267.801025390625,4284.831401995383,11119.552490113696,33,0,Model_1
21054,4589.17529296875,4222.074812790379,11123.997325578188,24,0,Model_1
21055,2135.430419921875,4360.749511595815,11120.584763782084,10,0,Model_1
21056,3268.973388671875,4268.709091897123,11128.295551332762,21,0,Model_1
21057,4534.42578125,4317.0290693701245,11130.833974813253,32,0,Model_1
21058,1336.5704345703125,4247.155905412976,11126.527447063057,12,0,Model_1
21059,3116.4541015625,4296.25750927208,11133.460452438798,27,0,Model_1
21060,4823.8046875,4342.263909467962,11132.483245730731,33,0,Model_1
21061,2598.365234375,4243.863223705208,11136.693903095314,17,0,Model_1
21062,2233.756103515625,4285.587250361685,11141.989207355986,16,0,Model_1
21063,2899.957275390625,4266.175480808131,11141.05505621032,12,0,Model_1
21064,2330.755859375,4307.960269939853,11143.667800215448,17,0,Model_1
21065,6079.35400390625,4344.825600185664,11153.289592343448,66,1,Model_1
21066,2294.817626953125,4379.921913822647,11152.253476794107,19,0,Model_1
21067,5925.5478515625,4430.126908993581,10937.957375772916,1,0,Model_1
21068,3629.63671875,4522.278266241774,10932.304511626338,0,0,Model_1
21069,5951.49609375,4539.735969830072,10938.334586659097,1,0,Model_1
21070,3866.8017578125,4412.075850628084,10939.428242103626,0,0,Model_1
21071,2647.681640625,4446.521729586879,10934.332053259226,0,1,Model_1
21072,8625.52734375,4489.310020203702,10946.906043862276,4,1,Model_1
21073,1178.264404296875,4662.98252378474,10940.044709438102,10,0,Model_1
21074,3141.066162109375,4516.4593385935295,10949.484255098381,1,0,Model_1
21075,4263.6279296875,4580.899324555881,10950.471486024566,3,0,Model_1
21076,4944.1552734375,4603.499282772653,10951.730563147816,33,0,Model_1
21077,2249.90625,4641.464321756037,10949.305497235204,12,0,Model_1
21078,4189.810546875,4655.5110409385525,10955.38635575182,41,0,Model_1
21079,4653.29296875,4448.620336591732,10954.9777915843,3,0,Model_1
21080,1072.8043212890625,4668.161143834004,10950.873072982999,15,0,Model_1
21081,3813.141845703125,4624.270842870697,10957.73016809026,44,0,Model_1
21082,3244.51611328125,4413.147479736945,10955.829187731055,1,0,Model_1
21083,9602.9150390625,4539.964289434021,10970.350791179357,8,0,Model_1
21084,5436.939453125,4586.615140124923,10971.727244389644,55,0,Model_1
21085,2950.11962890625,4677.221657472197,10966.238477135252,17,0,Model_1
21086,1346.147705078125,4635.934936508769,10961.914638840994,34,0,Model_1
21087,4792.470703125,4491.88782218378,10970.413674380237,1,0,Model_1
21088,1859.30322265625,4432.165213844972,10964.90900968742,0,0,Model_1
21089,6272.3603515625,4508.550550054293,10976.775475961462,7,0,Model_1
21090,8591.654296875,4476.1903890904505,10984.329673743654,10,0,Model_1
21091,4920.1025390625,4666.534366655862,10980.850077748859,47,0,Model_1
21092,4631.630859375,4401.275320653338,10975.589085459455,1,0,Model_1
21093,4555.525390625,4417.931143697118,10971.584697358434,4,0,Model_1
21094,3129.114990234375,4639.694844825426,10972.253891197019,46,0,Model_1
21095,5373.49365234375,4567.213957972359,10977.425062959323,60,1,Model_1
21096,5888.65625,4448.877196146175,10978.539826669316,4,0,Model_1
21097,3801.094482421875,4617.529430371011,10986.531557284601,32,0,Model_1
21098,1526.4937744140625,4650.643138092244,10985.848409027843,7,0,Model_1
21099,5163.30908203125,4551.793178270105,10994.778176829299,69,1,Model_1
21100,4303.4619140625,4424.889367756201,10989.674657499403,3,0,Model_1
21101,7462.966796875,4633.327213612851,10996.479026102556,66,0,Model_1
21102,6088.31298828125,4520.0226895092055,10996.597638657026,8,0,Model_1
21103,6084.806640625,4587.257749332814,10995.12845038926,82,0,Model_1
21104,2731.844482421875,4442.800488299923,10999.848664814912,6,0,Model_1
21105,4714.7763671875,4396.201193648623,11001.97388737501,6,0,Model_1
21106,4985.359375,4489.76205619378,11005.036263930255,19,0,Model_1
21107,4751.90087890625,4652.807571111945,11006.023759813746,29,0,Model_1
21108,5084.72509765625,4527.20324898907,11010.920347486812,88,0,Model_1
21109,5056.70068359375,4566.68274663575,11012.478384771552,49,0,Model_1
21110,3994.90087890625,4599.119781337213,11009.577985450036,38,0,Model_1
21111,3759.3818359375,4421.752274810802,11006.317067552685,8,0,Model_1
21112,2877.511962890625,4613.594599777134,11011.171615333027,45,0,Model_1
21113,5470.79248046875,4441.268077087123,11019.874756317826,10,0,Model_1
21114,2746.855712890625,4531.9132614640985,11024.519192953652,38,0,Model_1
21115,7657.734375,4398.523056717822,11023.672124442914,8,0,Model_1
21116,4254.85107421875,4549.299615176162,11021.573574251728,72,0,Model_1
21117,4086.54931640625,4580.103428194532,11022.61909578547,26,0,Model_1
21118,4376.916015625,4494.901088569779,11019.520243440951,34,0,Model_1
21119,3544.166748046875,4660.720502547221,11022.330998873571,20,0,Model_1
21120,2692.533203125,4421.11150689004,11024.079187185693,5,0,Model_1
21121,6216.39013671875,4641.259938884759,11031.34281512112,27,0,Model_1
21122,2330.005615234375,4514.344160004519,11028.491344582311,26,0,Model_1
21123,3577.66650390625,4620.781603761949,11028.243079585576,20,0,Model_1
21124,5253.50634765625,4480.376555377385,11033.448519159596,57,0,Model_1
21125,5639.10791015625,4590.963339679176,11038.91264538443,30,0,Model_1
21126,4840.01904296875,4460.687672110973,11039.555696768715,48,0,Model_1
21127,1830.4178466796875,4608.757998812012,11035.572681890466,29,0,Model_1
21128,6142.26171875,4498.510931985453,11045.422646419414,57,0,Model_1
21129,4145.18017578125,4530.490867157234,11046.943589681163,29,0,Model_1
21130,2439.5439453125,4433.640545156784,11038.007816180747,20,0,Model_1
21131,4037.89453125,4565.9918036407325,11045.721518261802,50,0,Model_1
21132,4240.58642578125,4414.952401444782,11040.913161371995,30,0,Model_1
21133,2501.78125,4444.931317829527,11046.148894398124,23,1,Model_1
21134,1352.67578125,4519.608399905264,11041.44917000422,13,0,Model_1
21135,5607.5517578125,4627.382157796295,11051.698513514042,22,0,Model_1
21136,2631.501708984375,4578.147060620366,11055.459759126265,19,1,Model_1
21137,2496.532958984375,4604.099542376585,11052.370268606595,23,0,Model_1
21138,704.8916015625,4477.714514511172,11049.609590105014,14,0,Model_1
21139,4942.99609375,4509.076697851298,11060.314306906606,71,0,Model_1
21140,2847.202880859375,4411.5474012221675,11056.101397404913,31,1,Model_1
21141,2417.682861328125,4460.972150972346,11058.671748240908,24,0,Model_1
21142,5286.72021484375,4541.4087791864295,11063.786484096803,53,1,Model_1
21143,2661.697021484375,4478.053311342839,11061.050358305678,36,0,Model_1
21144,4134.4501953125,4612.977308267262,11065.953304954113,21,0,Model_1
21145,4892.9541015625,4557.997855571797,11070.32121448045,53,0,Model_1
21146,2586.204345703125,4590.843656015815,11064.112734860923,12,0,Model_1
21147,3827.052490234375,4443.342747359304,11073.796571158331,29,0,Model_1
21148,2002.056396484375,4435.133829018101,11069.375140255965,18,0,Model_1
21149,2591.092041015625,4412.01969137066,11069.421242827397,21,0,Model_1
21150,2300.337646484375,4517.770795350894,11070.83461342247,30,0,Model_1
21151,4014.597900390625,4574.591535174986,11076.227819408108,21,0,Model_1
21152,6022.369140625,4468.471253125463,11083.782547104915,63,0,Model_1
21153,1540.4718017578125,4456.1631693141535,11074.573602620898,5,0,Model_1
21154,3900.285400390625,4521.171652677469,11082.591828966892,32,0,Model_1
21155,2911.053955078125,4599.454435272841,11078.937891064037,8,0,Model_1
21156,2901.53759765625,4415.26357896952,11081.862975574662,11,0,Model_1
21157,2898.923583984375,4490.913320970954,11083.382903166734,66,1,Model_1
21158,4280.19189453125,4498.362248049816,11094.176645623505,71,0,Model_1
21159,4378.2734375,4543.036477008136,11090.669670706979,24,0,Model_1
21160,2376.60302734375,4591.535519654397,11090.55856527621,3,0,Model_1
21161,3404.296142578125,4423.427385776071,11094.071192615287,43,1,Model_1
21162,7271.841796875,4447.592438052176,11099.133511083932,55,0,Model_1
21163,3099.08203125,4576.101390620461,11093.012953130805,24,0,Model_1
21164,4059.5283203125,4560.292559655849,11098.839187675316,37,0,Model_1
21165,6417.744140625,4400.889110678108,11100.174086747942,48,0,Model_1
21166,4032.81494140625,4526.354415622773,11100.109039729054,48,0,Model_1
21167,4282.95458984375,4475.540414734045,11105.063388095063,54,0,Model_1
21168,2932.175048828125,4509.579829559196,11105.362524894757,39,0,Model_1
21169,6400.701171875,4542.306406661635,11116.012572171989,46,0,Model_1
21170,1175.8553466796875,4420.390642979182,11107.973370039184,13,0,Model_1
21171,2359.1162109375,4490.9869724560995,11113.554254117338,40,0,Model_1
21172,4296.708984375,4455.358526838943,11119.645357649828,51,0,Model_1
21173,7299.51513671875,4399.853846990038,11128.751807815555,56,0,Model_1
21174,5307.0517578125,4517.832018147921,11125.771568025506,87,1,Model_1
21175,858.0783081054688,4501.358942851657,11118.492351768513,20,0,Model_1
21176,2519.98828125,4474.250593100442,11123.473063386577,25,0,Model_1
21177,4411.75146484375,4426.229824785842,11133.456919674703,43,0,Model_1
21178,6494.5908203125,4494.452735153958,11134.720810189032,67,1,Model_1
21179,1713.6881103515625,4447.869091443252,11130.739120097318,17,1,Model_1
21180,3287.54736328125,4457.108209932921,11141.903184550287,38,1,Model_1
21181,3386.812744140625,4473.20658329851,11141.161083292704,36,0,Model_1
21182,5705.50634765625,4435.0615584983025,11147.73961995112,47,0,Model_1
21183,5257.03955078125,4403.20729117305,11150.96684411092,60,1,Model_1
21184,5262.46728515625,4722.565654623555,10933.982132975674,16,0,Model_1
21185,4474.611328125,4679.632362645352,10934.612024813709,65,0,Model_1
21186,3459.527099609375,4711.363724054769,10947.346756183055,24,0,Model_1
21187,1933.1929931640625,4697.133796802955,10943.978883852746,7,0,Model_1
21188,3250.433349609375,4684.793030145112,10953.933418198889,38,0,Model_1
21189,2517.010986328125,4697.657642991049,10960.52555599907,10,0,Model_1
21190,3709.40625,4703.020391753176,10973.930011121614,13,0,Model_1
21191,2529.812255859375,4684.549059600569,10982.903143602329,17,0,Model_1
21192,5900.326171875,4678.197999972152,11003.86382784642,36,0,Model_1
21197,3501.315185546875,5455.817284960765,10937.343558011511,6,0,Model_1
21198,2786.777099609375,5484.239853400039,10942.558094453074,29,0,Model_1
21199,2002.1575927734375,5470.522264291765,10942.736587358944,9,0,Model_1
21200,3237.36376953125,5422.036570977187,10945.448072120511,10,0,Model_1
21201,6513.2451171875,5492.529328053119,10960.545251158896,41,0,Model_1
21202,3624.7734375,5433.938650976634,10958.045732242994,8,0,Model_1
21203,5698.88330078125,5463.752772163367,10958.256726578533,25,0,Model_1
21204,4221.81396484375,5450.577442114474,10973.636791701778,12,0,Model_1
21205,3664.10546875,5469.6338432522025,10980.087795576386,5,0,Model_1
21206,3123.727783203125,5434.144414813258,10982.300365728719,5,1,Model_1
21207,3704.217041015625,5490.5094360730145,10980.258869677658,8,0,Model_1
21208,4669.73876953125,5447.1351558275055,10996.140234025901,4,0,Model_1
21209,5855.73681640625,5520.043221294414,11018.831972676257,22,0,Model_1
21210,3261.368408203125,5503.663591319928,11074.0199301682,4,0,Model_1
21211,3761.77294921875,5768.180598609615,10929.15893847667,0,2,Model_1
21212,5797.90625,5689.826466138009,10940.121812014462,4,1,Model_1
21213,4718.7587890625,5579.8058776282705,10944.051305516681,2,0,Model_1
21214,11465.7734375,5692.933177845785,10961.51941085793,5,1,Model_1
21215,6575.5009765625,5579.126902999589,10980.63422586269,5,0,Model_1
21216,6975.76416015625,5667.073220767779,10980.569223003353,3,2,Model_1
21217,6363.4384765625,5727.3141514332965,10975.748236481908,1,0,Model_1
21218,6275.5537109375,5649.938663070556,10977.124336415785,3,0,Model_1
21219,4325.873046875,5632.665548516903,10978.948302517732,4,0,Model_1
21220,13262.1650390625,5754.590058313217,10991.603281737647,8,1,Model_1
21221,3922.8330078125,5592.629521835595,10987.476836637165,7,0,Model_1
21222,10232.080078125,5691.89699351415,10993.61607408044,3,3,Model_1
21223,8579.0654296875,5787.225491702789,11008.071879797484,4,2,Model_1
21224,6640.9091796875,5638.812685595825,11004.830127145346,6,3,Model_1
21225,5373.41259765625,5607.959157824982,11007.85249514722,15,1,Model_1
21226,11779.1943359375,5648.6875084666535,11030.294555695204,8,1,Model_1
21227,7846.9951171875,5740.709054972278,11016.030225792078,2,1,Model_1
21228,2461.9580078125,5685.066278588725,11020.31493872399,1,0,Model_1
21229,5414.3916015625,5671.066972549772,11032.74673557224,0,0,Model_1
21230,7449.52001953125,5738.297429155558,11045.77159519284,7,0,Model_1
21231,5787.04296875,5667.034553738078,11058.30213279753,6,0,Model_1
21232,4798.47900390625,5543.605712357676,11058.19924104328,20,0,Model_1
21233,4703.5302734375,5563.949173198314,11057.004018631036,9,0,Model_1
21234,2506.75927734375,5780.810447346652,11060.719868224645,5,0,Model_1
21235,5098.361328125,5798.298992494354,11065.838490121045,2,1,Model_1
21236,3639.532470703125,5578.421690029325,11069.540032020072,12,0,Model_1
21237,4434.7392578125,5591.168000177247,11079.033099056382,20,0,Model_1
21238,3762.478271484375,5559.138350252993,11078.583908101777,22,0,Model_1
21239,3842.7998046875,5608.0839050279465,11086.859407992946,24,0,Model_1
21240,3778.762451171875,5787.386604326544,11086.80195641686,7,0,Model_1
21241,3127.19287109375,5655.520985322772,11091.740186546689,23,0,Model_1
21242,3725.42236328125,5594.18633010285,11100.292478504656,6,0,Model_1
21243,4285.50048828125,5671.78369356459,11103.877483348118,30,0,Model_1
21244,3643.837646484375,5650.590018392308,11108.077409941765,9,0,Model_1
21245,7372.3486328125,5597.017309063114,11122.565010535658,29,0,Model_1
21246,6836.6669921875,5708.075002548052,11118.702948668091,24,0,Model_1
21247,5017.77880859375,5615.913978542434,11120.48023812444,34,0,Model_1
21248,5170.98193359375,5653.7947786396835,11126.99933602697,16,0,Model_1
21249,3822.2314453125,5686.598229479743,11130.496595842236,19,0,Model_1
21250,3539.766845703125,5554.390591391828,11140.744393767767,2,0,Model_1
21251,6114.408203125,5677.691923638573,11147.28649879646,11,0,Model_1
21252,5009.8759765625,5581.531163667794,11155.761334901657,1,0,Model_1
21253,3629.2744140625,5594.838606068166,11148.383377888225,3,0,Model_1
21254,4286.2255859375,5612.888283468317,11148.068829405169,5,0,Model_1
21255,4518.85302734375,5655.167918515857,11149.724238500261,9,0,Model_1
21256,9360.056640625,5738.915180987213,11173.908349182751,20,0,Model_1
21257,3856.2841796875,5604.805953617208,11167.867631698158,2,0,Model_1
21258,5088.58349609375,5646.20038987766,11170.45171615457,9,0,Model_1
21259,5023.623046875,5766.998031951254,11189.385874435451,3,0,Model_1
21260,7110.13720703125,5789.585101158125,11195.125821216956,7,1,Model_1
21261,8996.787109375,5666.024147426244,11196.600617747721,14,0,Model_1
21262,3330.8916015625,5797.393999870634,11213.27023008453,1,0,Model_1
21263,5344.3876953125,5913.060435038526,10940.914387639044,4,1,Model_1
21264,6618.98388671875,5814.64225704805,10950.316397680821,1,3,Model_1
21265,7215.5615234375,6052.00994594791,10958.284900372186,22,1,Model_1
21266,3005.0595703125,6066.537701392779,10947.67583315845,15,0,Model_1
21267,15572.294921875,5844.079374695197,10967.033349056495,6,9,Model_1
21268,7873.9306640625,5996.748315999983,10962.23815171294,5,0,Model_1
21269,4873.9658203125,5901.409230410354,10961.10740224542,3,1,Model_1
21270,9053.857421875,5930.122261894168,10971.656059193141,12,0,Model_1
21271,4852.47412109375,6017.5815592168365,10963.492547923765,7,0,Model_1
21272,6898.82958984375,5954.992527140537,10975.081957173701,3,0,Model_1
21273,5066.66162109375,5881.76039513899,10973.34798823706,6,1,Model_1
21274,5213.94580078125,6069.596999956993,10977.734886370403,13,0,Model_1
21275,6099.66845703125,5807.940892543411,10984.161072577248,0,0,Model_1
21276,4227.09423828125,6049.540319586638,10984.917790646272,7,1,Model_1
21277,6237.5068359375,5988.389793079579,10985.308249397807,7,1,Model_1
21278,8611.9716796875,6019.197748993989,10993.855065571428,7,0,Model_1
21279,5931.45263671875,5968.042649664683,10995.17711421466,2,0,Model_1
21280,8933.587890625,5929.361349988263,11002.566066956337,6,1,Model_1
21281,2137.399169921875,6000.459890529513,10998.099240035357,0,0,Model_1
21282,5555.806640625,5884.613469544798,11009.574894281453,2,0,Model_1
21283,8643.302734375,5987.294687559828,11015.882379614726,16,0,Model_1
21284,7796.837890625,6036.239321691217,11026.430065052322,23,0,Model_1
21285,3844.9033203125,6060.096879016841,11024.87008474733,11,0,Model_1
21286,6575.13330078125,5924.029903107323,11028.726096756385,5,0,Model_1
21287,8197.3193359375,5800.298630316043,11035.534704676451,5,0,Model_1
21288,6969.8662109375,5825.022052913904,11032.444860880372,8,0,Model_1
21289,8390.6025390625,5864.40672427346,11033.5758753052,3,0,Model_1
21290,7364.7353515625,5989.238166124094,11041.47239792814,9,0,Model_1
21291,4210.17041015625,6030.160312236054,11048.91575523687,11,0,Model_1
21292,2671.70361328125,6009.076193647925,11048.88396036002,6,0,Model_1
21293,2992.209228515625,6071.335175006418,11057.555483106175,5,0,Model_1
21294,3462.638671875,6020.511507360265,11064.215979891582,8,0,Model_1
21295,3181.704345703125,6002.999946123455,11066.096735176347,14,0,Model_1
21296,11335.103515625,5842.591614695266,11077.10721271031,6,2,Model_1
21297,2699.689453125,5815.325834894553,11078.054876678638,0,0,Model_1
21298,6129.96533203125,5966.86606718949,11084.90340483297,31,0,Model_1
21299,4316.4150390625,6016.525581048569,11083.784092689206,12,0,Model_1
21300,4370.18798828125,5990.140857138904,11082.336498441968,15,0,Model_1
21301,5021.8466796875,5805.369995390065,11092.748790695645,2,0,Model_1
21302,5778.9423828125,6044.548129859148,11092.37705559381,5,0,Model_1
21303,3119.72412109375,5933.169131770264,11089.248042275834,1,0,Model_1
21304,5293.5361328125,6000.898116866127,11099.310679203267,11,0,Model_1
21305,1690.922119140625,5941.409812314436,11100.4793175657,9,0,Model_1
21306,3361.73974609375,5983.373206297634,11105.1302898151,8,0,Model_1
21307,6178.01318359375,6044.311984784901,11118.369014142067,3,2,Model_1
21308,3775.86083984375,5986.542521767784,11125.013569329498,2,0,Model_1
21309,4097.65869140625,5806.672706033569,11135.446351614923,26,0,Model_1
21310,4718.61572265625,5983.216236569919,11159.329249998813,2,1,Model_1
21311,3419.069580078125,5803.353785984218,11157.939681401826,11,0,Model_1
21312,5118.06005859375,5863.877814545762,11166.469981903305,14,0,Model_1
21313,5175.8642578125,5806.854072815739,11177.421948031955,6,0,Model_1
21314,3817.744873046875,5855.678562961984,11185.663533387818,0,0,Model_1
21315,7409.80712890625,5910.458236003993,11193.517883639382,1,0,Model_1
21316,6087.0185546875,5885.420413628919,11199.812871819671,0,0,Model_1
21317,1861.8525390625,5811.6087365036365,11203.370011986339,10,0,Model_1
21318,8539.3291015625,6127.211794855306,10940.634592722767,14,0,Model_1
21319,3996.449951171875,6084.203930748394,10960.400142873717,8,0,Model_1
21320,4048.397216796875,6091.059503050055,10978.686083102824,13,0,Model_1
21321,3082.5478515625,6112.023937974824,10980.273265691343,0,0,Model_1
21322,6378.8388671875,6137.003759805346,10988.68636674399,17,0,Model_1
21323,5321.94970703125,6106.375789707759,10999.081878368219,14,0,Model_1
21324,10094.4345703125,6129.389116884908,11016.471644665675,10,0,Model_1
21325,2026.2274169921875,6106.912985227536,11015.373838223335,8,0,Model_1
21326,2672.697021484375,6088.522669708589,11025.779771501642,5,0,Model_1
21327,4829.0546875,6088.681020401651,11046.307957101475,3,0,Model_1
21328,5773.46826171875,6087.206149411621,11079.504458105679,1,0,Model_1
21335,3678.600341796875,6832.336383337388,10938.344566717664,12,1,Model_1
21336,6569.84375,6868.686613508966,10949.530269350711,21,0,Model_1
21337,3290.423583984375,6915.7641824919265,10956.752917222642,8,0,Model_1
21338,3456.75927734375,6841.567676356761,10958.220162470156,9,0,Model_1
21339,3412.244873046875,6826.6058374713175,10962.159282754532,10,0,Model_1
21340,1542.587646484375,6902.615551106399,10956.971683639189,3,0,Model_1
21341,5114.349609375,6921.372282763943,10976.31144739766,21,0,Model_1
21342,4617.08447265625,6862.178584152833,10980.043636025206,32,0,Model_1
21343,5209.919921875,6920.027222516481,11047.73669522036,13,0,Model_1
21344,3211.814697265625,6921.816493283724,10931.38599296179,15,0,Model_1
21345,3879.64306640625,6943.776604223298,10931.741124072381,29,1,Model_1
21346,3832.741943359375,7001.118428304791,10930.167012711012,13,0,Model_1
21347,4146.67919921875,7073.616807385581,10930.674935868687,8,0,Model_1
21348,2322.943603515625,7159.461756218225,10925.615399451766,31,0,Model_1
21349,4470.7314453125,6977.959639444482,10933.74552610045,6,0,Model_1
21350,2350.74169921875,7173.398458494805,10931.994246619746,9,0,Model_1
21351,2791.366455078125,7184.156638865592,10937.642164896592,6,0,Model_1
21352,2728.92236328125,6935.073760609841,10942.693575956095,21,0,Model_1
21353,3797.21435546875,7157.744295648998,10941.803496042507,16,0,Model_1
21354,4872.99951171875,7043.476318055298,10953.790076295758,15,0,Model_1
21355,4332.93505859375,7065.749447806738,10954.36300231277,10,0,Model_1
21356,2846.30224609375,7143.12309488235,10953.003241412829,16,0,Model_1
21357,4484.25146484375,7107.583031047368,10959.97515135316,19,0,Model_1
21358,4177.771484375,7187.154254310997,10968.258335006234,48,0,Model_1
21359,2285.48974609375,7172.800040178001,10970.050241274024,9,0,Model_1
21360,2514.135009765625,7118.297480848851,10975.081780535496,11,0,Model_1
21361,2625.673828125,6986.143240087666,10980.2305192458,5,0,Model_1
21362,1919.583984375,6995.704583824845,10980.988385463155,11,0,Model_1
21363,2654.5810546875,6960.818176920526,10978.964729870771,24,0,Model_1
21364,3420.969970703125,7097.728462334955,10979.028231305369,25,0,Model_1
21365,4593.375,6931.662315882277,10995.215179747778,12,0,Model_1
21366,5623.1044921875,7155.6452283223625,10994.929555770745,24,0,Model_1
21367,3596.214111328125,6956.881965361303,10996.876462063177,12,0,Model_1
21368,4349.10302734375,7183.3745521577075,11019.785995619954,16,0,Model_1
21369,4406.1943359375,7015.194608081365,11023.397275396368,18,0,Model_1
21370,4180.57421875,7033.80219548149,11024.157702867691,8,0,Model_1
21371,2367.328125,7161.459552752785,11035.455570760736,11,0,Model_1
21372,2827.94287109375,7151.3508864166215,11042.90581695945,9,0,Model_1
21373,2896.210693359375,7140.707786491374,11054.276371473738,9,0,Model_1
21374,4701.7578125,7015.290355012054,11089.909596512065,10,0,Model_1
21375,2774.521484375,7117.178438596427,11086.670758390304,7,0,Model_1
21376,2302.86181640625,7000.8601877850015,11088.26681704861,0,0,Model_1
21377,4006.964599609375,6982.760335310595,11093.356735236743,7,0,Model_1
21378,4852.40625,7034.244104392361,11103.898326656275,5,0,Model_1
21379,6483.66162109375,7230.8493788386695,10954.203851290316,11,0,Model_1
21380,7354.69677734375,7206.880883963546,10968.351423340122,24,0,Model_1
21381,6020.45654296875,7405.69202038995,10970.95295081925,34,0,Model_1
21382,3042.739990234375,7229.9637197298,10972.459851343723,22,0,Model_1
21383,2536.20361328125,7244.954558887519,10975.935649617117,14,0,Model_1
21384,6329.16015625,7288.338045568671,10979.244083191537,36,0,Model_1
21385,5917.1865234375,7311.26621321612,10980.319721539185,41,0,Model_1
21386,4119.36376953125,7226.52327472996,10989.601529282649,28,0,Model_1
21387,5015.46728515625,7269.422963218065,10997.155108831124,23,0,Model_1
21388,3882.294921875,7234.138838293962,11004.4766740977,27,0,Model_1
21389,5871.5615234375,7289.013337623095,11049.873399263764,8,0,Model_1
21390,5440.7314453125,7319.928088190965,11057.336186775014,22,2,Model_1
21391,5005.7080078125,7381.260902123759,11072.548798880183,2,0,Model_1
21392,4906.4208984375,7375.074177371571,10938.533216320306,34,0,Model_1
21393,5255.37158203125,7331.873898759717,10982.804932760504,12,0,Model_1
21394,4452.20556640625,7389.455090167932,10990.91492265385,23,0,Model_1
21395,5267.50537109375,7400.029602147639,11002.911482965668,52,0,Model_1
21396,5425.611328125,7353.718468931969,11014.858231303755,7,0,Model_1
21397,4210.8447265625,7334.243174972478,11012.331421785224,39,0,Model_1
21398,5179.509765625,7346.782800640212,11043.125378247918,15,0,Model_1
21399,3060.784423828125,7363.128366802819,11054.113069453473,5,0,Model_1
21400,4785.130859375,7399.78655224666,11057.894275182829,14,0,Model_1
21401,5024.99169921875,7344.193950937362,11064.684159453194,2,0,Model_1
21402,3929.53857421875,7362.929507792927,11081.373687747586,7,0,Model_1
21403,2735.87548828125,1411.0275555324042,11210.525051585413,1,0,Model_1
21404,5211.87841796875,1570.2015341017395,11215.629321627679,14,0,Model_1
21405,2612.6923828125,1587.7011269722134,11216.392840267585,4,0,Model_1
21406,2959.683837890625,1474.666121272021,11231.112057707418,13,0,Model_1
21407,3191.192626953125,1492.2085240682354,11232.097522251555,5,0,Model_1
21408,3903.099853515625,1502.303265670489,11243.56112094018,1,1,Model_1
21409,1697.279052734375,1520.3267047290574,11243.238447099706,4,0,Model_1
21410,2308.097900390625,1576.377326211601,11249.732418217613,6,1,Model_1
21411,1663.7662353515625,1517.946265713079,11257.17944076909,4,0,Model_1
21412,4889.6494140625,1582.0736931853462,11268.913605027796,6,2,Model_1
21413,5253.376953125,1641.6812210786156,11215.342681980968,4,1,Model_1
21414,4310.42138671875,1667.2880011764355,11213.030973636236,13,0,Model_1
21415,6931.9443359375,1780.296538374154,11217.803031374973,5,0,Model_1
21416,2748.69189453125,1686.3647715530242,11217.14810107142,6,0,Model_1
21417,2118.3408203125,1726.144514082116,11220.533813860406,6,0,Model_1
21418,3901.994873046875,1704.680284782371,11226.700562704067,4,0,Model_1
21419,3261.201171875,1743.8259340565419,11226.601601149872,7,0,Model_1
21420,2275.932373046875,1792.3084051186452,11232.543931154436,3,0,Model_1
21421,3044.91650390625,1635.5232664378127,11233.41254952615,1,0,Model_1
21422,3840.247314453125,1678.5437893937342,11236.408245159113,3,0,Model_1
21423,5092.8515625,1610.7149144711439,11237.036812210612,16,0,Model_1
21424,2210.072021484375,1723.6371413347078,11234.365203523761,8,0,Model_1
21425,3556.379150390625,1657.501675168227,11236.584795044731,2,0,Model_1
21426,4276.7783203125,1702.5145858777687,11242.05324890558,11,0,Model_1
21427,6364.51416015625,1748.443191692466,11245.793739528748,19,0,Model_1
21428,6187.8857421875,1631.8113466669456,11252.652071103443,13,0,Model_1
21429,2286.960693359375,1833.4243467008928,11250.113426825195,1,1,Model_1
21430,2149.863525390625,1651.8820668516564,11250.880566548298,9,0,Model_1
21431,2962.911865234375,1719.3862998373806,11252.184730573303,9,1,Model_1
21432,2488.771484375,1597.3094235311728,11253.767850483113,2,0,Model_1
21433,5404.88818359375,1674.0631322466652,11256.705608784927,23,0,Model_1
21434,1151.1334228515625,1731.624414737802,11253.577434498424,4,0,Model_1
21435,1657.7264404296875,1692.2918748200755,11253.981096955762,1,0,Model_1
21436,8868.1318359375,1771.6454809611896,11271.586317703426,20,5,Model_1
21437,2002.5062255859375,1704.4372348813922,11260.472197702842,4,1,Model_1
21438,5863.03564453125,1821.2223670603707,11268.182764455763,13,2,Model_1
21439,9787.439453125,1606.94073617924,11275.361606052924,14,2,Model_1
21440,6821.2060546875,1748.2157927320804,11271.00349994695,10,3,Model_1
21441,2839.645263671875,1841.549946799525,11266.136719970931,1,1,Model_1
21442,11603.37109375,1725.6123821019428,11282.163060125698,5,1,Model_1
21443,6836.07861328125,1793.7550813995185,11273.885970490686,17,3,Model_1
21444,5417.37646484375,1646.21746208088,11274.303896483056,16,2,Model_1
21445,6148.4892578125,1664.5033996357233,11277.858519555306,6,0,Model_1
21446,3583.920654296875,1701.6258195968694,11275.86732123304,2,0,Model_1
21447,4381.32470703125,1688.4623428338673,11294.098591937785,6,0,Model_1
21448,2625.779296875,1882.0170648298226,11215.772486892605,0,0,Model_1
21449,4522.14306640625,1889.5525324037299,11230.966110390767,5,3,Model_1
21450,6716.09716796875,1868.1174184567062,11241.14210488608,2,3,Model_1
21457,6475.5185546875,2988.842377154622,11215.381454066905,14,0,Model_1
21458,5277.03515625,2925.513147652615,11216.884424391323,30,0,Model_1
21459,3327.38525390625,2812.0113756653154,11218.725568558679,7,0,Model_1
21460,5474.14453125,2828.438879105146,11225.103929971596,26,0,Model_1
21461,3057.105712890625,2957.5354324283544,11222.324836937172,12,0,Model_1
21462,5560.72412109375,2879.1909667141736,11228.274497427232,51,0,Model_1
21463,4886.20166015625,2901.7248687552055,11227.664212429921,46,0,Model_1
21464,2346.648681640625,2974.192176115699,11224.20197113874,6,1,Model_1
21465,1859.8397216796875,2859.4682497967733,11223.614251672083,12,0,Model_1
21466,6620.75732421875,2944.220164557686,11234.69741582729,50,0,Model_1
21467,4753.1845703125,2840.807265069918,11239.88157049764,9,1,Model_1
21468,2653.197021484375,2860.224328323966,11237.657739659757,11,0,Model_1
21469,6009.08447265625,2919.176818321226,11242.750219101858,66,1,Model_1
21470,7990.56640625,2969.5680136530427,11248.205557576006,34,0,Model_1
21471,2773.1357421875,2988.287459246232,11242.13291273591,11,0,Model_1
21472,5917.17919921875,2896.645217889105,11256.543852348954,31,0,Model_1
21473,5247.3076171875,2878.0703133355128,11253.759769285247,27,0,Model_1
21474,4562.9609375,2856.6984936335357,11254.392045739045,11,0,Model_1
21475,2726.16748046875,2934.853306773468,11258.369761471153,28,0,Model_1
21476,1746.8475341796875,2949.119369285181,11255.76209581441,12,0,Model_1
21477,4249.05712890625,2916.540095153032,11264.85512147658,39,0,Model_1
21478,1848.886962890625,2951.658504235558,11266.560695821812,8,1,Model_1
21479,7050.625,2972.196451029158,11276.927989492837,35,0,Model_1
21480,1947.1566162109375,2953.45375918597,11279.968507070247,4,0,Model_1
21481,2403.971435546875,3152.8425994489808,11210.398225354424,4,0,Model_1
21482,4977.765625,3219.332168146386,11210.67912425948,8,2,Model_1
21483,2780.76611328125,3049.105863587465,11214.890267379127,8,0,Model_1
21484,3848.65380859375,3029.6927130685654,11216.548237728188,5,0,Model_1
21485,6290.7099609375,3232.5399508809205,11222.77040680858,4,1,Model_1
21486,4880.2177734375,3085.851740330807,11221.059047562143,20,0,Model_1
21487,3708.41162109375,3010.8464488243917,11219.68458153166,6,0,Model_1
21488,2191.149658203125,3167.887066094321,11215.192274549649,2,0,Model_1
21489,3393.884033203125,3108.71454228519,11221.949966507203,9,0,Model_1
21490,1236.61767578125,3180.6649082843214,11221.631134547682,3,0,Model_1
21491,2302.563232421875,3067.5203459999757,11224.60678174441,4,0,Model_1
21492,9483.2109375,3197.1294676276157,11237.11983216683,5,0,Model_1
21493,6402.400390625,3141.9111079272116,11235.258948680097,8,0,Model_1
21494,1496.764892578125,3156.8932009710697,11226.554836185172,6,0,Model_1
21495,957.3561401367188,3052.537332312553,11225.364780440417,5,0,Model_1
21496,5387.72998046875,3171.5659577773185,11237.088920481005,8,15,Model_1
21497,6046.181640625,3036.366918588057,11236.066759349837,18,0,Model_1
21498,3260.704345703125,3007.4911633542506,11234.923601048435,8,0,Model_1
21499,1006.2329711914062,3057.3460838098545,11232.717389871472,7,0,Model_1
21500,2502.99853515625,3120.4336443762295,11235.290257801884,9,0,Model_1
21501,2107.525390625,3096.159956159536,11236.758165442665,5,1,Model_1
21502,2393.604248046875,3105.4527021368267,11245.553555729879,5,0,Model_1
21503,7290.47607421875,3062.7527933021775,11254.869366327752,32,1,Model_1
21504,4275.73388671875,3086.118726964458,11250.763632056773,21,0,Model_1
21505,3369.654052734375,3003.0050974262413,11252.900645217036,13,0,Model_1
21506,4803.08642578125,3024.018326459918,11254.187984453041,19,0,Model_1
21507,3928.324462890625,3125.24861021759,11251.237110764527,9,0,Model_1
21508,6916.42138671875,3158.211332394276,11257.372992081913,16,0,Model_1
21509,944.1766967773438,3045.207168253488,11249.484418178185,10,0,Model_1
21510,2930.487548828125,2992.07959008764,11263.620862021093,16,0,Model_1
21511,4761.4638671875,3114.6068912576884,11266.293265579865,15,0,Model_1
21512,3880.111083984375,3040.5130368799437,11264.532094359696,21,0,Model_1
21513,3681.2802734375,3137.5200984472176,11266.07754617235,8,0,Model_1
21514,10605.953125,3090.404322756338,11276.787738758288,32,2,Model_1
21515,10581.5205078125,3018.7094353463035,11282.982970512461,28,0,Model_1
21516,2154.3564453125,3047.9414796394994,11276.75638547695,4,0,Model_1
21517,3262.689208984375,2992.399283565348,11282.300705446727,16,0,Model_1
21518,3452.290283203125,3061.212786779972,11283.456095943806,5,0,Model_1
