EntityID,volume,x,y,sox3_expression,sox17a_expression,model
10827,10815.4873046875,1231.575827056833,5251.623027293012,2,5,Model_2
10828,45575.0546875,1228.1239890928846,5300.097496538132,24,43,Model_2
10829,8911.65625,1184.1060639154748,5299.721610438486,3,5,Model_2
10830,2340.66455078125,1173.222676019941,5316.261305375723,3,5,Model_2
10831,4658.35400390625,1176.0336309826816,5335.4131260843715,7,4,Model_2
10832,15760.01953125,1223.6920109742787,5341.9105858068215,5,12,Model_2
10833,14530.298828125,1172.5464633219526,5361.641073274135,14,25,Model_2
10834,11721.7001953125,1266.0787859166157,5229.717770249175,8,4,Model_2
10835,11420.314453125,1349.151792057557,5234.564016033895,4,3,Model_2
10836,9910.2080078125,1375.8653008001274,5253.160486226901,6,5,Model_2
10837,16410.279296875,1422.151691720006,5264.8179011856555,6,8,Model_2
10838,26241.54296875,1472.312035678071,5292.5621107247425,5,6,Model_2
10839,34216.76171875,1397.6602713003522,5324.64596767741,0,4,Model_2
10840,9072.9716796875,1430.5080281119444,5303.84434613667,9,5,Model_2
10841,10830.1953125,1354.3716109063243,5308.090728578158,0,3,Model_2
10842,15338.6318359375,1512.2158349274541,5325.88596787455,4,4,Model_2
10843,8250.2158203125,1528.6413819997106,5310.452028098865,2,3,Model_2
10844,13541.7265625,1463.4514167737798,5331.5292052389705,13,6,Model_2
10845,8842.1279296875,1553.0636390715954,5336.778186130454,3,2,Model_2
10846,15542.880859375,1450.3951949860202,5362.5949195796275,2,4,Model_2
10847,11167.4267578125,1574.1635236807633,5362.349745751475,1,7,Model_2
10848,2885.203369140625,1534.4145076306304,5353.633710177732,3,1,Model_2
10854,13699.2109375,2719.913645904744,5363.8469311746885,23,2,Model_2
10857,17090.705078125,3872.8977249353193,5140.504878572887,10,26,Model_2
10858,9989.51171875,3837.9860003329813,5143.913995923998,2,8,Model_2
10859,8664.638671875,3901.0321319389623,5143.057653907512,89,5,Model_2
10860,5900.037109375,3800.5420456069987,5144.639625668991,0,1,Model_2
10861,4834.94287109375,3800.945287488168,5162.2497481268365,0,9,Model_2
10862,20150.51953125,3742.2802684438648,5188.21839043207,0,0,Model_2
10863,108149.6640625,3818.6023104081396,5212.248958355107,6,7,Model_2
10864,24282.208984375,3920.004294190556,5184.588828601467,4,5,Model_2
10865,1912.5208740234375,3777.6235447169747,5180.574902037391,1,1,Model_2
10866,1409.748046875,3764.8169324155897,5194.041092212487,0,1,Model_2
10867,12040.640625,3895.797812954057,5215.557745205937,1,6,Model_2
10868,3412.545166015625,3924.1393647596706,5219.708743016876,0,0,Model_2
10869,3324.644287109375,3749.163690213347,5217.964970659872,1,6,Model_2
10870,9182.6083984375,3740.4060683078133,5241.529213722446,5,9,Model_2
10872,25986.890625,3740.649348369683,5276.5572762714,2,23,Model_2
10873,49226.58984375,3783.935476993909,5327.32238975534,5,16,Model_2
10874,13692.609375,3863.019679812016,5300.361040739575,0,0,Model_2
10875,21954.025390625,3720.9758858829737,5311.408700615633,2,13,Model_2
10876,25158.603515625,3828.973820481915,5347.800410105032,3,5,Model_2
10877,3251.810302734375,3813.243704542052,5319.950924195931,0,0,Model_2
10878,3004.46826171875,3864.672695331741,5325.976406635367,0,0,Model_2
10879,9767.8115234375,3693.253927196143,5356.6478645030875,1,1,Model_2
10880,23582.767578125,3730.815954459249,5349.681253708899,31,3,Model_2
10881,2339.114990234375,3872.624293796718,5356.836514105729,0,4,Model_2
10882,22972.630859375,3986.95257354388,5070.248092474416,10,0,Model_2
10883,4342.0673828125,3956.792750698747,5061.910769211594,0,1,Model_2
10884,8993.8017578125,4068.2315906193107,5072.252582821588,5,7,Model_2
10885,5753.0283203125,4093.1575548013207,5072.624936157139,3,1,Model_2
10886,25176.2890625,4276.294734545285,5090.266853491834,0,1,Model_2
10887,4820.00927734375,4028.630107700359,5075.080207202758,2,0,Model_2
10888,1201.8389892578125,3937.0076601798646,5069.104183460644,0,1,Model_2
10889,5805.779296875,4014.006605324801,5088.0913773624925,18,0,Model_2
10890,1708.830078125,3950.7938372336794,5077.0564354371745,0,0,Model_2
10891,34005.6015625,4111.33704294404,5102.080416623561,76,11,Model_2
10892,10491.87890625,4201.6148905388545,5090.342454643454,12,5,Model_2
10893,4654.3447265625,4232.422386131482,5090.415936136618,1,1,Model_2
10894,6023.73095703125,4066.6278295302764,5108.638639888435,43,2,Model_2
10895,4140.998046875,3991.106056984281,5104.826080877741,40,3,Model_2
10896,4123.296875,4040.0350401750766,5105.799710662162,5,0,Model_2
10897,4390.23583984375,3975.680213742424,5115.150230667263,8,0,Model_2
10898,5990.67529296875,4008.64938042406,5116.320988688152,14,2,Model_2
10899,165.59683227539062,4026.7621219083667,5112.225808549905,0,0,Model_2
10900,12772.3095703125,4269.932627194095,5129.831691690837,8,1,Model_2
10901,8497.3056640625,4239.130195141071,5139.872513799986,121,6,Model_2
10902,46563.0078125,4148.283389823511,5160.638101146964,5,8,Model_2
10903,6497.08740234375,4190.60537447501,5139.139111973986,30,7,Model_2
10904,1687.5374755859375,4082.0799111137167,5134.740114123619,0,0,Model_2
10905,7127.45068359375,4249.204797665356,5159.929428669624,60,2,Model_2
10906,10570.6103515625,4209.1029449692,5161.446397571766,73,5,Model_2
10907,11166.435546875,4188.064858559286,5186.170093810128,3,6,Model_2
10908,75.89225006103516,3967.4252632230055,5159.35641433351,0,0,Model_2
10909,10644.5439453125,4004.45769027574,5192.699348409427,3,2,Model_2
10910,1630.2178955078125,4028.38061329443,5192.6138555183425,0,0,Model_2
10911,22170.21484375,4067.246041683713,5223.158133878664,4,43,Model_2
10912,13452.1591796875,4219.010911008343,5216.927044568933,5,4,Model_2
10913,2374.2783203125,4153.86202950147,5211.9790551782935,1,0,Model_2
10914,9653.5234375,4282.344743728172,5221.943569583003,60,2,Model_2
10915,8191.09814453125,4192.595345539274,5225.696071604092,2,2,Model_2
10916,16893.58203125,4030.379790794337,5236.9345007412485,6,27,Model_2
10917,13636.4013671875,4097.6452318555675,5256.699609296687,2,22,Model_2
10918,6264.28759765625,4291.545655509923,5252.13669119234,4,1,Model_2
10919,4433.4228515625,4264.568497466622,5254.4775006813,0,0,Model_2
10920,17818.615234375,4058.2067028474994,5273.131908205454,2,46,Model_2
10921,3884.412353515625,4017.144618913764,5266.080511073,0,8,Model_2
10922,12137.8447265625,4190.797328658169,5278.715088580269,2,2,Model_2
10923,12254.9072265625,4226.1505018495955,5275.123680601886,2,2,Model_2
10924,6583.56640625,4112.258146830136,5278.709436157718,2,16,Model_2
10925,8754.138671875,3953.8549770850223,5284.308867247368,0,31,Model_2
10926,2480.67431640625,3974.726427009795,5283.281539448712,0,3,Model_2
10927,13750.5947265625,4013.088263369398,5291.598372679786,1,42,Model_2
10928,3652.743408203125,4140.776001878316,5279.139726824418,0,1,Model_2
10929,25923.3203125,4161.890962025849,5328.825227601104,5,34,Model_2
10930,17650.98046875,4187.97601645533,5323.352269466035,6,45,Model_2
10931,7920.68994140625,4246.732869695174,5297.449336572958,2,1,Model_2
10932,9647.1240234375,4279.662909025326,5295.681541420112,4,1,Model_2
10933,741.9480590820312,3991.4176948308013,5285.553106761421,0,1,Model_2
10934,13538.115234375,4089.0072936133947,5299.990807062481,2,41,Model_2
10935,14974.44921875,4127.143111977959,5308.30410752946,2,16,Model_2
10936,3391.791015625,4040.7651105215773,5300.414032200992,2,18,Model_2
10937,8460.24609375,3977.8193290641066,5309.765258758911,4,46,Model_2
10938,2528.636962890625,4216.598364548059,5305.0794004640775,1,0,Model_2
10939,16668.763671875,4036.2304806455504,5319.970001122041,8,72,Model_2
10940,3289.026611328125,4072.7689824260306,5318.316667525854,3,18,Model_2
10941,7243.91845703125,4213.73654402839,5327.253147579089,4,5,Model_2
10942,1101.9354248046875,4254.4404976156075,5320.576223440643,0,0,Model_2
10943,360.61669921875,4254.950073828455,5324.643141466135,0,1,Model_2
10944,14717.8271484375,4085.5346260888036,5349.166883256752,4,37,Model_2
10945,6239.21923828125,4235.814037022414,5336.766881285352,3,9,Model_2
10946,20189.44140625,4007.759578419151,5348.416524163098,0,23,Model_2
10947,13438.2568359375,4051.894770570565,5353.84991534031,5,32,Model_2
10948,327.3047180175781,3970.987693495117,5342.4065858856775,0,2,Model_2
10949,874.4776611328125,3939.342872580746,5362.22609900817,1,2,Model_2
10950,168.17054748535156,4133.406710467767,5358.625505843142,2,3,Model_2
10951,3483.40185546875,3944.476381095359,5379.827742832189,0,2,Model_2
10952,6706.41650390625,4019.72196057206,5376.210192399507,0,27,Model_2
10953,1394.4344482421875,3975.2917021582834,5371.547650347697,0,3,Model_2
10954,24630.580078125,4322.8033458055,5123.8323517057,0,0,Model_2
10955,13630.501953125,4303.169701152947,5158.334738957405,44,2,Model_2
10956,14382.517578125,4333.284872785211,5179.42463404825,17,1,Model_2
10957,28691.50390625,4273.5696295949165,5185.525717639306,112,3,Model_2
10958,10780.6259765625,4342.151590953115,5205.423658124695,23,0,Model_2
10959,5932.583984375,4378.876062733587,5203.03550959687,7,0,Model_2
10960,1821.9718017578125,4363.410631818464,5209.145778374572,9,0,Model_2
10961,7790.26513671875,4308.884596078424,5216.892423480807,51,3,Model_2
10962,12828.4970703125,4389.248493450927,5233.500654041476,39,0,Model_2
10963,6461.802734375,4355.299762016861,5227.5571317290305,21,0,Model_2
10964,3536.47021484375,4335.680847661337,5236.4201302891015,12,0,Model_2
10965,8309.712890625,4317.201690038433,5253.249511882081,25,0,Model_2
10966,27221.666015625,4412.208423301345,5267.743029855832,61,6,Model_2
10967,4159.845703125,4353.469982932787,5249.939311925613,57,2,Model_2
10968,3894.50927734375,4360.694272981957,5264.646915403486,49,1,Model_2
10969,15431.20703125,4333.567510359455,5279.15103166952,44,1,Model_2
10970,11798.8837890625,4372.259857758647,5288.561608664226,114,2,Model_2
10971,3323.900390625,4438.621687161503,5287.247420421103,1,0,Model_2
10972,23779.41015625,4297.425345633412,5316.987641673535,1,4,Model_2
10973,4505.77392578125,4405.7353784006555,5304.996733784268,20,0,Model_2
10974,1951.1395263671875,4459.690615130821,5308.782443787844,2,0,Model_2
10975,1860.731201171875,4427.4358678550925,5311.920951409324,2,0,Model_2
10976,4834.6005859375,4340.472337091807,5315.173214034643,1,1,Model_2
10977,1720.10400390625,4467.3641792393755,5325.978526293824,2,0,Model_2
10978,1787.70458984375,4445.131097482983,5332.311359209474,1,0,Model_2
10979,2495.23779296875,4385.8080484510865,5349.81337908603,6,0,Model_2
10980,7716.99951171875,4469.572803150164,5351.805151482462,31,1,Model_2
10981,4700.193359375,4316.954957563197,5347.450666459685,0,0,Model_2
10982,9609.0185546875,4443.13698352268,5365.405586693145,43,2,Model_2
10983,2919.29150390625,4409.876433152938,5365.821039750648,57,1,Model_2
10988,9066.8330078125,5296.567123136483,5310.506432665919,13,0,Model_2
10989,4695.59130859375,5278.337459919509,5324.3598137857625,6,0,Model_2
10990,9437.6318359375,5256.368602866074,5340.625366229273,33,0,Model_2
10991,4693.00390625,5410.766973106423,5274.493435487442,36,0,Model_2
10992,6348.7138671875,5354.480206549633,5275.157595137192,3,0,Model_2
10993,4746.6435546875,5393.698241424048,5277.926575634396,74,1,Model_2
10994,7605.76513671875,5371.128204123117,5285.454189366777,147,0,Model_2
10995,17445.474609375,5444.960595728597,5282.721243063337,127,1,Model_2
10996,14148.77734375,5485.034829117823,5294.774327600666,101,0,Model_2
10997,5569.80419921875,5508.989974661265,5284.121630750364,31,2,Model_2
10998,8918.2421875,5321.460864793742,5292.338133481157,43,1,Model_2
10999,7874.95849609375,5533.404061021516,5294.217563979386,27,0,Model_2
11000,7884.90478515625,5337.422062268248,5306.95035232848,15,0,Model_2
11001,5245.10302734375,5399.647440136643,5298.76988379145,42,0,Model_2
11002,5544.3056640625,5420.206331571331,5305.263104196987,53,2,Model_2
11003,3711.947509765625,5558.336930030258,5302.4234684178955,12,0,Model_2
11004,2108.009033203125,5458.559421817074,5302.198784621491,23,0,Model_2
11005,3965.264892578125,5572.7845894850325,5306.780073099129,33,0,Model_2
11006,14080.1640625,5362.81801498984,5319.140508112672,92,0,Model_2
11007,1508.8868408203125,5467.028421965195,5309.627480959229,9,0,Model_2
11008,5160.33056640625,5518.708748447942,5314.742216815124,15,0,Model_2
11009,2705.912353515625,5545.886146466481,5312.238900177821,10,1,Model_2
11010,3694.108154296875,5590.407088271342,5313.733965942578,22,0,Model_2
11011,2107.279052734375,5504.17408817634,5314.916735361388,7,1,Model_2
11012,2251.70751953125,5390.550100755878,5312.408472854353,41,1,Model_2
11013,2930.650390625,5446.8179941195995,5314.057567133626,56,0,Model_2
11014,5147.66064453125,5611.804225671338,5322.74816680589,32,0,Model_2
11015,2124.47509765625,5534.6234534224495,5322.209773557901,9,1,Model_2
11016,1894.332763671875,5402.360116398893,5322.436577012762,46,0,Model_2
11017,6380.36279296875,5413.039581744932,5341.954392081592,12,0,Model_2
11018,2503.322509765625,5464.907259193016,5324.849454889249,8,0,Model_2
11019,3476.282470703125,5572.791033989983,5326.6893184296205,1,0,Model_2
11020,6195.07861328125,5325.286138803465,5330.508236415684,73,0,Model_2
11021,10908.2197265625,5379.500536696985,5340.421879017435,14,0,Model_2
11022,7212.12451171875,5428.603061199654,5333.082914887695,22,0,Model_2
11023,5184.77734375,5448.811647758121,5334.742607459251,0,0,Model_2
11024,3581.158447265625,5496.369332359871,5329.010344439652,2,0,Model_2
11025,5317.00732421875,5587.192200944759,5337.301035216427,14,0,Model_2
11026,3302.82763671875,5540.139949659817,5337.751815914875,8,0,Model_2
11027,6213.27392578125,5522.9644233239815,5342.8722041933215,3,0,Model_2
11028,3810.78369140625,5559.339510871796,5338.745229178225,12,0,Model_2
11029,2689.750732421875,5603.80981728062,5340.9786426387145,11,0,Model_2
11030,4885.4345703125,5325.648412046023,5362.380834075506,2,1,Model_2
11031,2250.817138671875,5554.637323867064,5356.584981302207,0,0,Model_2
11032,2159.71826171875,5310.385983036831,5363.1333128276165,2,0,Model_2
11033,3189.315673828125,5359.307601079112,5366.3092677484965,0,0,Model_2
11034,5778.732421875,5506.127233498031,5377.007890532026,0,0,Model_2
11035,3735.703857421875,5567.408951713005,5373.730898558046,0,0,Model_2
11036,388.39068603515625,5321.091686724452,5383.897487068956,0,0,Model_2
11037,17067.2421875,5648.9986859913915,5347.866826070007,39,0,Model_2
11038,4978.32080078125,5685.708427474834,5370.156447847316,10,0,Model_2
11040,29143.97265625,1134.0425026121084,5365.029700593499,14,20,Model_2
11041,14013.865234375,1249.847839877766,5368.947535974206,8,12,Model_2
11042,13549.931640625,1208.8116490442771,5371.945439584728,20,21,Model_2
11043,16485.693359375,1180.1418878079858,5400.624418503197,14,7,Model_2
11044,23533.595703125,1134.4430976430303,5413.386175517866,11,10,Model_2
11045,11232.9912109375,1217.838674272818,5403.069797809352,14,4,Model_2
11046,13507.068359375,1245.8783700697822,5413.191166939854,9,10,Model_2
11047,6115.03515625,1216.1183366924524,5429.865106912679,15,10,Model_2
11048,11299.890625,1180.7522744911257,5443.678214521846,22,1,Model_2
11049,10828.169921875,1252.5075791350682,5446.90857400978,11,1,Model_2
11050,10162.392578125,1209.980981451401,5450.589714196161,8,1,Model_2
11051,5115.255859375,1277.7711893442902,5444.960607888119,4,6,Model_2
11052,12404.0234375,1121.406554611458,5450.98255756346,4,4,Model_2
11053,19172.689453125,1154.3699672708171,5468.239403611864,31,0,Model_2
11054,21788.212890625,1088.7146167231258,5479.9787786976085,14,33,Model_2
11055,10967.775390625,1232.3506636966486,5475.23286341317,14,4,Model_2
11056,10891.837890625,1195.762792405032,5479.915895496728,15,2,Model_2
11057,11916.6552734375,1125.1248038068297,5494.126792342926,24,6,Model_2
11058,8806.5361328125,1181.830578265828,5506.875124854036,35,0,Model_2
11059,5932.41552734375,1220.1636445140466,5498.04038840672,7,1,Model_2
11060,9568.794921875,1155.4754300306668,5512.506350820535,22,2,Model_2
11061,16656.08203125,1101.9633680962725,5527.3545583093655,22,7,Model_2
11062,7814.8232421875,1239.2229226629133,5519.085064117156,12,6,Model_2
11063,8971.44140625,1208.2868822126184,5520.0042893345235,21,1,Model_2
11064,5561.1494140625,1131.5284551988589,5522.1154691573465,17,0,Model_2
11065,11825.908203125,1173.5650403454201,5542.715723144705,41,1,Model_2
11066,11636.0458984375,1248.9533195745898,5550.550687353301,31,0,Model_2
11067,4093.955810546875,1148.2986682055052,5541.501158849045,7,0,Model_2
11068,8588.6181640625,1220.9565487838117,5547.6580601127935,5,3,Model_2
11069,14834.58203125,1193.8307068048744,5563.227658029704,19,0,Model_2
11070,14183.3994140625,1136.0463984102826,5558.31428972719,55,1,Model_2
11071,4638.423828125,1114.0849065053626,5571.975488480297,11,1,Model_2
11072,10003.65234375,1093.295624018705,5581.728037039342,44,6,Model_2
11073,12683.970703125,1218.6184593717917,5587.300619121874,13,2,Model_2
11074,11242.1923828125,1253.534096709278,5588.910852996109,7,9,Model_2
11075,4495.18408203125,1152.6421494614915,5581.8686410503,14,1,Model_2
11076,3564.8525390625,1133.4917275997577,5588.392949779867,28,1,Model_2
11077,11099.4111328125,1167.2453976786346,5601.863379271876,37,4,Model_2
11078,5050.21044921875,1189.945015561243,5591.975879124424,11,0,Model_2
11079,8549.87109375,1115.1246583308093,5601.47477522149,37,0,Model_2
11080,9048.5341796875,1226.6542967229034,5615.225706182595,9,3,Model_2
11081,13520.1875,1148.0944004146731,5622.812670351763,42,4,Model_2
11082,15007.89453125,1075.3416935492423,5626.017593938217,33,0,Model_2
11083,11522.1416015625,1254.9673085780232,5625.329411492625,11,6,Model_2
11084,7849.1318359375,1190.2023354374687,5622.979416817019,11,1,Model_2
11085,8501.3955078125,1102.7593795380672,5631.593002232024,38,2,Model_2
11086,7641.5771484375,1123.6266865668003,5638.069265369908,49,0,Model_2
11087,8904.3056640625,1207.054485721339,5638.898051826458,19,2,Model_2
11088,12696.2626953125,1241.395756555139,5658.03503492591,6,10,Model_2
11089,21905.65625,1167.0873922269093,5671.660906038072,98,3,Model_2
11090,5231.8232421875,1151.2343703712104,5650.851512416324,18,0,Model_2
11091,15138.4716796875,1207.0883193723275,5667.894979513425,32,3,Model_2
11092,6437.572265625,1267.0128938930575,5667.560073477274,8,9,Model_2
11093,13829.4248046875,1089.1439818654326,5672.92775524233,91,1,Model_2
11094,7840.0234375,1120.9069903973723,5662.689098343893,60,1,Model_2
11095,11843.2060546875,1058.6732116564526,5698.488716571068,48,8,Model_2
11096,11080.37890625,1145.9536739667528,5704.024557907018,85,0,Model_2
11097,12563.4921875,1207.0750851210905,5703.507361243595,27,4,Model_2
11098,2713.058349609375,1237.1841574897408,5718.348503204237,3,1,Model_2
11099,41002.80859375,1358.5219871746958,5380.053133181413,9,38,Model_2
11100,17844.201171875,1488.4359569025692,5367.269473029359,5,7,Model_2
11101,16901.59375,1412.2616782303667,5364.788059529441,3,3,Model_2
11102,26445.060546875,1284.9363280444522,5406.5707670269185,7,26,Model_2
11103,11435.541015625,1572.3946221523802,5396.684679985105,11,5,Model_2
11104,36249.62109375,1410.8929114111234,5413.94647190324,17,27,Model_2
11105,15499.34375,1456.199047095899,5416.921059270739,0,4,Model_2
11106,26438.4921875,1505.1429907446145,5426.959055168612,2,8,Model_2
11107,11996.345703125,1318.2231167557766,5437.420982757816,5,30,Model_2
11108,16173.9560546875,1351.9406515747542,5434.476070608711,5,18,Model_2
11109,7964.64794921875,1583.3152961122687,5438.871535694983,0,1,Model_2
11110,23241.3828125,1398.2355584476027,5469.646856827079,16,43,Model_2
11111,27376.787109375,1545.4748892514035,5473.400771953806,8,9,Model_2
11112,16478.80859375,1441.387963594112,5461.107459458057,8,13,Model_2
11113,45968.765625,1493.0402104481473,5482.896841839596,10,26,Model_2
11114,5318.5869140625,1295.1000028335839,5456.040062641026,1,3,Model_2
11115,11325.5595703125,1578.5250725666992,5466.408725258138,2,3,Model_2
11116,30098.94140625,1360.825322292163,5492.621834838705,18,39,Model_2
11117,11447.9658203125,1337.232795232616,5469.774742887297,4,16,Model_2
11118,28899.29296875,1274.1642229397548,5487.161594654375,19,31,Model_2
11119,3939.937255859375,1313.6385419663857,5471.602595029748,1,6,Model_2
11120,33528.8203125,1441.252628990158,5515.7875821114285,19,16,Model_2
11121,26446.369140625,1313.4408337609493,5521.068357879762,19,27,Model_2
11122,16405.51171875,1566.9601782726822,5523.115947948885,5,10,Model_2
11123,16385.837890625,1402.498368311266,5530.019675542193,8,10,Model_2
11124,30112.240234375,1518.6007282068604,5543.808760355518,6,29,Model_2
11125,6402.68994140625,1270.2099437505822,5528.215846195584,5,15,Model_2
11126,9490.6474609375,1478.5543442854541,5534.430684790481,0,1,Model_2
11127,6168.76123046875,1369.9973488820833,5529.136484518589,0,5,Model_2
11128,22932.6953125,1345.9419682705775,5569.018564933271,14,18,Model_2
11129,6172.068359375,1299.1778784212656,5547.020749470161,8,13,Model_2
11130,12968.1640625,1381.8296901315334,5562.307019706699,4,13,Model_2
11131,13904.7998046875,1279.5488369865343,5567.027499089658,12,22,Model_2
11132,21924.265625,1409.3449643381755,5583.189188268792,17,18,Model_2
11133,13627.921875,1549.955201157136,5571.822873071418,7,9,Model_2
11134,16512.87109375,1474.5420645517297,5568.066131733416,4,12,Model_2
11135,17989.322265625,1314.6613769663381,5581.502646690118,14,28,Model_2
11136,15518.0751953125,1441.5007424307405,5583.553769523336,5,18,Model_2
11137,28166.46484375,1523.9398854776518,5607.71293005941,4,27,Model_2
11138,8524.408203125,1575.4153687673388,5593.785360893584,6,9,Model_2
11139,18907.357421875,1368.842631691543,5606.575380021008,9,25,Model_2
11140,18819.822265625,1480.6574394276831,5609.633340621134,4,8,Model_2
11141,8099.45068359375,1282.4715350618935,5604.2776702539995,6,12,Model_2
11142,24458.8671875,1422.4208648821223,5635.0105982169625,7,35,Model_2
11143,5545.20947265625,1454.0821423002053,5619.508829370665,1,0,Model_2
11144,14140.9033203125,1315.9342817744473,5625.792203588993,13,32,Model_2
11145,17719.28125,1572.7175378825632,5625.3795767427655,10,16,Model_2
11146,16173.185546875,1348.3361018595751,5644.4727535674465,11,22,Model_2
11147,15244.2607421875,1286.2208559775609,5641.7560579788405,11,32,Model_2
11148,19385.248046875,1386.4227808738942,5654.843535843014,9,21,Model_2
11149,12870.4013671875,1501.7557129106135,5649.473027866683,7,5,Model_2
11150,25651.927734375,1478.6823137408937,5677.814274537726,5,10,Model_2
11151,12387.2548828125,1539.2018541650614,5652.36636166001,5,8,Model_2
11152,1408.5279541015625,1453.2344597383635,5639.69363030052,2,4,Model_2
11153,20833.0546875,1573.8755924060242,5667.579150403384,5,5,Model_2
11154,13031.662109375,1447.1045847262722,5669.65712224372,4,12,Model_2
11155,10454.6982421875,1317.456796068931,5665.6530874191085,10,14,Model_2
11156,13387.720703125,1291.9672829451156,5687.6198145581875,9,31,Model_2
11157,12201.5625,1586.4340912668267,5705.906814616523,2,8,Model_2
11158,12697.724609375,1443.9884364219615,5708.501276567462,5,14,Model_2
11159,37557.71484375,1633.1753951879218,5440.649929140112,6,15,Model_2
11160,10803.27734375,1613.7552247618441,5471.379324338981,2,2,Model_2
11161,10007.44140625,1670.0128759659128,5475.51124522381,4,7,Model_2
11162,2539.503173828125,1681.8356655383832,5487.254153073649,0,2,Model_2
11163,34066.04296875,1646.783888033824,5525.121144848876,8,3,Model_2
11164,18677.58984375,1676.8881270237616,5533.062091980304,0,7,Model_2
11165,61290.359375,1719.3220849487698,5533.4287928933045,7,4,Model_2
11166,40044.51953125,1607.6169488772284,5566.491225500125,12,9,Model_2
11167,18412.763671875,1733.3453277203953,5572.294850354432,0,2,Model_2
11168,23439.21484375,1648.3768315609777,5604.379413859919,11,20,Model_2
11169,39421.78125,1730.1458611735143,5613.04599073634,6,8,Model_2
11170,17711.830078125,1614.8588462345651,5633.747281776799,13,13,Model_2
11171,14162.048828125,1671.040544344578,5636.437128358288,0,1,Model_2
11172,11010.6142578125,1648.3673949644435,5660.40128031635,4,6,Model_2
11173,24549.78515625,1706.896273841674,5680.963380451489,0,0,Model_2
11176,9267.7333984375,2589.606216133572,5432.485711317917,1,8,Model_2
11177,15097.9365234375,2548.720435442403,5458.284780946618,5,14,Model_2
11178,15890.7353515625,2588.1658692772035,5465.914844837738,0,8,Model_2
11179,18405.669921875,2561.1903223601403,5494.570507513185,2,15,Model_2
11180,25468.158203125,2519.3134688719874,5522.181178569503,9,18,Model_2
11181,4394.7470703125,2545.915004341048,5521.919754026516,1,12,Model_2
11182,3373.053955078125,2526.4171546142315,5561.715634997294,1,0,Model_2
11183,1803.396484375,2578.398301381618,5564.7665300692315,0,0,Model_2
11184,11708.9140625,2490.7442879450973,5585.357598869945,0,8,Model_2
11185,19194.263671875,2575.9673420500476,5598.019731937151,1,24,Model_2
11186,17987.109375,2464.607677476015,5610.29396750679,2,2,Model_2
11187,2019.6080322265625,2419.583603963256,5609.328109803377,1,1,Model_2
11188,15905.62109375,2506.854859837913,5622.147804149194,3,28,Model_2
11189,13232.919921875,2438.152754494571,5630.21663734084,1,11,Model_2
11190,3856.706298828125,2536.456772683072,5624.319040961622,0,8,Model_2
11191,9283.9775390625,2622.4945963424398,5628.716625706351,0,1,Model_2
11192,4556.94287109375,2411.3132326641353,5634.0970254221465,3,14,Model_2
11193,14338.1298828125,2559.7380071374355,5649.014475087228,1,19,Model_2
11194,15286.2412109375,2589.640970428125,5641.681163380039,4,24,Model_2
11195,44802.12109375,2485.35368971515,5672.47202867415,2,17,Model_2
11196,7251.54638671875,2528.4745628195815,5648.6710904172505,1,14,Model_2
11197,5879.61279296875,2410.586844891892,5657.60474425921,0,5,Model_2
11198,5141.6181640625,2539.3054740319494,5667.75861481938,2,6,Model_2
11199,9048.6162109375,2702.3208378733834,5396.028292416362,13,2,Model_2
11200,8602.1103515625,2784.7955407779664,5381.055731631408,3,0,Model_2
11201,3594.56201171875,2755.573393403087,5375.545326196938,12,0,Model_2
11202,7158.482421875,2842.9581185970455,5390.35467328073,13,1,Model_2
11203,9507.591796875,2820.446312001557,5395.298423354456,30,1,Model_2
11204,7363.2431640625,2875.8741181128426,5392.987289083889,10,1,Model_2
11205,6537.54541015625,2725.2662675876636,5393.753898892377,12,2,Model_2
11206,7028.89892578125,2762.4911091453396,5394.070434555237,15,2,Model_2
11207,5114.744140625,2742.042464777478,5405.633877989079,12,1,Model_2
11208,6274.3720703125,2794.9051277576946,5406.037319648662,12,0,Model_2
11209,6272.88134765625,2862.10336183873,5410.102824568516,15,0,Model_2
11210,3743.80078125,2762.3265441082185,5414.785856652074,11,2,Model_2
11211,3820.189697265625,2718.998065880034,5419.264694970974,17,1,Model_2
11212,5185.0302734375,2816.820587484399,5423.479282535613,16,0,Model_2
11213,2730.42626953125,2835.8898776320275,5420.509641037846,7,0,Model_2
11214,6798.32861328125,2899.3682513914537,5423.928650128422,9,0,Model_2
11215,16889.66796875,2931.3157338775927,5435.607968224562,39,0,Model_2
11216,8537.541015625,2787.4617245402187,5426.034884081513,17,2,Model_2
11217,6310.5849609375,2875.312065216829,5434.529062070127,21,0,Model_2
11218,5380.13134765625,2740.9897088616854,5427.241676296166,16,3,Model_2
11219,4196.6513671875,2854.9373024950037,5427.346952666179,10,0,Model_2
11220,11121.9775390625,2715.956950026215,5446.290340293257,5,18,Model_2
11221,3463.800048828125,2774.215735097765,5438.870829142164,6,1,Model_2
11222,4993.921875,2827.2095897858962,5442.768881043943,10,0,Model_2
11223,6829.203125,2853.2875092277536,5447.753611181164,26,0,Model_2
11224,11044.96875,2754.243753935327,5450.996688619838,20,4,Model_2
11225,4934.57373046875,2809.07130044268,5452.124346918776,21,0,Model_2
11226,10113.595703125,2903.7622529630316,5452.831606290478,47,1,Model_2
11227,3128.12255859375,2792.038934181095,5449.574397795426,5,0,Model_2
11228,2240.321044921875,2778.77775411983,5456.399698025838,7,1,Model_2
11229,9202.7119140625,2875.9093327291775,5473.807039824664,21,0,Model_2
11230,2529.869140625,2831.033252669382,5460.179755606863,16,1,Model_2
11231,8522.7607421875,2703.966488244594,5477.447906500369,0,15,Model_2
11232,4765.00732421875,2852.9825460470747,5468.559472038818,15,0,Model_2
11233,7961.537109375,2752.4577054205583,5474.248635336466,12,12,Model_2
11234,2637.98779296875,2725.7910344193224,5470.897455316503,5,16,Model_2
11235,6465.8603515625,2792.193832460791,5473.158424336929,17,0,Model_2
11236,1545.7767333984375,2895.714907567366,5468.600452102313,3,0,Model_2
11237,5542.17724609375,2815.846316432464,5478.176362456637,28,1,Model_2
11238,5851.58837890625,2838.9217870502034,5480.7531605871045,16,0,Model_2
11239,1068.8314208984375,2909.220288334065,5471.308669057093,2,0,Model_2
11240,6549.2646484375,2925.202430449659,5485.257434807485,22,2,Model_2
11241,8511.9892578125,2895.3056815030286,5493.023863392649,35,0,Model_2
11242,6474.09619140625,2726.5489542336436,5491.752068318659,5,15,Model_2
11243,2367.02099609375,2777.2283110010903,5484.720454665134,4,1,Model_2
11244,2335.932861328125,2910.461085697869,5488.183976583299,12,1,Model_2
11245,7661.26953125,2859.3927570244996,5502.496617035416,17,1,Model_2
11246,5842.95166015625,2749.3790733414935,5495.761755565822,3,24,Model_2
11247,5255.45654296875,2798.3306122996146,5496.6520121176145,27,3,Model_2
11248,7039.21142578125,2831.825696617365,5501.826098410296,17,1,Model_2
11249,17503.1328125,2787.8336645402014,5520.616164075676,18,50,Model_2
11250,5464.11962890625,2712.4822110536043,5514.6139978792635,2,18,Model_2
11251,3982.939208984375,2818.910678536282,5514.127889539872,6,1,Model_2
11252,9212.6240234375,2925.7828962169588,5514.31865880097,19,0,Model_2
11253,2443.096923828125,2874.0019894248107,5512.365040256758,12,0,Model_2
11254,4921.29736328125,2739.6775616216473,5514.438066227362,3,21,Model_2
11255,6037.29736328125,2761.4807028335053,5522.826261293143,5,19,Model_2
11256,8685.8203125,2891.9706501913024,5522.925885240606,23,3,Model_2
11257,4536.3779296875,2842.2676359238103,5526.189452711027,13,1,Model_2
11258,11444.615234375,2735.582308886689,5538.550594277389,4,22,Model_2
11259,4090.49072265625,2818.1812986724544,5534.5055793892825,5,24,Model_2
11260,8424.5224609375,2863.547161108465,5537.0950954704895,28,3,Model_2
11261,6775.24951171875,2905.891011044616,5544.113284620456,10,1,Model_2
11262,9304.9169921875,2927.864931637654,5547.826926236507,14,0,Model_2
11263,7466.4814453125,2702.792207378312,5549.406778339529,2,9,Model_2
11264,9778.1591796875,2764.5864938977174,5553.918118088099,1,12,Model_2
11265,8180.4775390625,2827.490846394794,5555.062027101871,17,8,Model_2
11266,2769.46826171875,2885.345008619828,5549.695051889634,5,1,Model_2
11267,10172.9267578125,2804.102587126079,5566.43752748589,5,42,Model_2
11268,8612.509765625,2726.1109580579214,5563.766051277693,0,30,Model_2
11269,4655.1044921875,2848.351708918577,5558.815942228597,9,1,Model_2
11270,12365.5576171875,2782.551932411734,5580.079649312887,2,41,Model_2
11271,9205.9375,2871.4472035338404,5567.502302583947,14,5,Model_2
11272,13142.0419921875,2910.8037952646846,5579.057973936782,18,3,Model_2
11273,22126.74609375,2703.89306692034,5595.717782853229,4,23,Model_2
11274,7903.802734375,2838.328202112112,5581.800811979687,5,12,Model_2
11275,17380.576171875,2749.5880594305927,5593.687150051759,5,35,Model_2
11276,7990.67529296875,2872.6684372219024,5590.142374559422,5,0,Model_2
11277,24026.255859375,2808.625939118443,5616.530709239072,7,51,Model_2
11278,5539.6123046875,2883.1860994615126,5604.675459491031,3,1,Model_2
11279,5150.72607421875,2907.0754189901054,5607.632383038057,12,0,Model_2
11280,6681.6767578125,2842.2266672851983,5610.3130444329,1,8,Model_2
11281,8519.873046875,2928.128235697048,5623.6675992626115,7,1,Model_2
11282,17703.744140625,2770.241316830623,5632.7906092600315,7,22,Model_2
11283,15647.35546875,2717.3151294444688,5632.731965376064,5,8,Model_2
11284,5874.0205078125,2886.8318479761947,5624.405946958344,5,0,Model_2
11285,7640.80517578125,2904.4690770595334,5639.1064849080285,5,1,Model_2
11286,9427.716796875,2737.818782265298,5648.366566152312,3,12,Model_2
11287,9586.8818359375,2922.0947980983183,5655.948584451748,7,1,Model_2
11288,8554.166015625,2950.201585795032,5658.3324936626595,8,1,Model_2
11289,14070.103515625,2806.307068140828,5661.83063666895,7,19,Model_2
11290,1359.31787109375,2700.143976165564,5662.648824833217,12,17,Model_2
11291,16910.87109375,2760.020792301395,5676.582752974413,4,13,Model_2
11292,8938.44140625,2914.8930638164748,5681.746240974811,11,2,Model_2
11294,30307.28515625,2962.9046256954316,5486.439497673477,54,0,Model_2
11295,10988.4677734375,2996.6008706319844,5531.701271251135,41,1,Model_2
11296,12078.5107421875,2962.1501582944766,5530.485293849837,31,1,Model_2
11298,8551.8798828125,2944.765415708651,5557.38446621754,7,0,Model_2
11299,4608.28564453125,2980.9862954594428,5557.843725549814,9,0,Model_2
11301,18313.0,3010.826194665977,5574.331842131272,44,0,Model_2
11302,8066.90087890625,2961.464048678172,5573.584309248894,17,0,Model_2
11304,2433.962890625,2976.36075203144,5582.702373376582,6,0,Model_2
11305,10071.087890625,2995.9752933300333,5601.799789518176,11,0,Model_2
11306,5794.7392578125,2938.760518060415,5593.154409226321,6,1,Model_2
11307,10637.2822265625,2954.728390200762,5613.806948122277,8,0,Model_2
11308,4732.46630859375,2976.4560386403464,5607.898753450776,1,0,Model_2
11309,2993.71435546875,3021.8147660887334,5610.842252494243,9,0,Model_2
11311,14277.5458984375,3032.021941286279,5638.627442096826,8,0,Model_2
11312,13066.40234375,2996.693165149307,5636.155213783553,1,0,Model_2
11313,4751.353515625,2965.394736376009,5639.912661674374,8,0,Model_2
11314,15186.3330078125,3065.225411755033,5684.418423735828,4,0,Model_2
11315,11364.8623046875,2965.5636744700605,5683.102822387067,1,1,Model_2
11316,3243.843505859375,3040.07688199135,5682.361648480059,3,0,Model_2
11317,9431.669921875,2931.272233469179,5695.788271697296,8,0,Model_2
11320,1845.2711181640625,3884.1866563209333,5336.985206106387,0,0,Model_2
11321,4241.6689453125,3725.153075895156,5377.075719602639,17,1,Model_2
11322,2794.512939453125,3688.313063347363,5388.865259938524,1,0,Model_2
11323,8512.810546875,3880.7729099844582,5403.782003050786,0,12,Model_2
11324,101.79617309570312,3829.2928234769497,5399.022663262789,0,2,Model_2
11325,7775.8896484375,3711.563226081431,5408.207143355452,14,1,Model_2
11326,5671.82958984375,3798.010275805136,5409.81525757123,0,0,Model_2
11327,5709.517578125,3740.2783290132647,5415.676819756685,16,1,Model_2
11328,1582.49169921875,3858.4123190944083,5409.086801614962,0,4,Model_2
11329,14376.9052734375,3827.3935358037706,5421.8944845628575,4,66,Model_2
11330,21947.9140625,3900.9538772359956,5434.4421560734045,4,20,Model_2
11331,971.0568237304688,3691.269479993265,5418.271281707624,8,1,Model_2
11332,10980.4365234375,3862.388118326897,5433.031876646914,2,33,Model_2
11333,2607.861572265625,3942.2903129518963,5422.543100050592,0,2,Model_2
11334,625.6498413085938,3697.7874062677147,5420.641766414978,0,0,Model_2
11335,18818.76953125,3793.1764367707074,5445.486283185368,8,7,Model_2
11336,367.4593505859375,3703.9271781981224,5427.556798853388,2,0,Model_2
11337,18770.806640625,3940.9963484222535,5460.768314104993,4,17,Model_2
11338,6903.16064453125,3736.187679496128,5440.932550267666,34,1,Model_2
11339,5497.9189453125,3838.9282790210564,5448.585930401809,7,25,Model_2
11340,578.1325073242188,3700.080959547311,5448.422010147828,0,0,Model_2
11341,5244.41943359375,3828.4522759027313,5465.022468627489,1,15,Model_2
11342,4075.258056640625,3915.614205354126,5455.664176541381,2,19,Model_2
11343,5967.0263671875,3720.0278531726217,5461.513727328915,33,1,Model_2
11344,12741.75390625,3779.027526152553,5470.89886842214,0,3,Model_2
11345,1127.709228515625,3700.269231156213,5457.327401877032,1,0,Model_2
11346,11652.5205078125,3860.1090651834384,5470.927130534896,1,14,Model_2
11347,7425.48486328125,3745.346011513029,5470.3901503925445,4,0,Model_2
11348,491.1251525878906,3673.2692871846957,5463.651049606036,3,0,Model_2
11349,13458.8125,3902.7178303052206,5479.3555991113535,1,18,Model_2
11350,5111.25146484375,3707.0587472821353,5479.801433940069,19,0,Model_2
11351,5887.1142578125,3870.0658253314905,5491.857344688673,0,4,Model_2
11352,8447.943359375,3815.2415010766126,5485.902517531125,1,4,Model_2
11353,6340.93505859375,3730.0018753875047,5490.086723324552,27,2,Model_2
11354,8512.4755859375,3929.3792076059617,5498.873414180183,1,18,Model_2
11355,4064.668701171875,3837.708426298341,5492.967339167139,1,7,Model_2
11356,11334.58203125,3767.092302984791,5501.9999104037415,5,4,Model_2
11357,3056.93896484375,3808.623915136326,5501.920776488027,4,4,Model_2
11358,5129.44580078125,3788.757807983784,5512.529667063558,2,0,Model_2
11359,15404.576171875,3876.9135721628554,5511.274829257221,3,29,Model_2
11360,30548.890625,3726.974108865368,5538.098400473304,49,4,Model_2
11361,6628.17529296875,3822.527934566373,5514.642259992019,2,4,Model_2
11362,22101.015625,3918.534026418347,5535.385237648792,3,24,Model_2
11363,12309.7451171875,3838.381877065636,5534.803038126032,5,31,Model_2
11364,4633.36767578125,3671.086671454599,5524.791184682457,4,0,Model_2
11365,7754.337890625,3756.8763816733845,5548.820339499856,4,2,Model_2
11366,11508.0830078125,3800.7091424139217,5536.221089633531,6,2,Model_2
11367,345.107421875,3687.9415836691624,5526.466421416029,4,0,Model_2
11368,27406.291015625,3870.3383358265273,5554.336397356878,5,42,Model_2
11369,6312.97412109375,3668.8163644250017,5547.433376316389,20,1,Model_2
11370,13282.3427734375,3781.015195607906,5558.157435001398,6,1,Model_2
11371,6280.599609375,3688.157244424103,5556.276591397531,14,0,Model_2
11372,1002.2303466796875,3676.228695922182,5566.257356517075,3,0,Model_2
11373,11423.9404296875,3813.6768673390616,5572.699705119652,7,15,Model_2
11374,41592.76171875,3876.292598078726,5589.437234846177,2,36,Model_2
11375,5332.921875,3699.585192987928,5580.55869212409,15,0,Model_2
11376,10317.3779296875,3732.943561736378,5580.204002609011,3,0,Model_2
11377,5268.828125,3680.100692592794,5592.044414747856,3,0,Model_2
11378,12011.255859375,3773.1501376379747,5589.226682106149,9,2,Model_2
11379,19669.37109375,3912.649272755254,5620.2372853269335,3,3,Model_2
11380,15960.5751953125,3949.2324257486034,5616.194390097284,2,0,Model_2
11381,12629.7275390625,3739.888666624669,5613.49535832915,6,1,Model_2
11382,12669.658203125,3809.6849568441976,5615.630560947815,0,9,Model_2
11383,1164.8096923828125,3799.991500755539,5594.73072856525,0,0,Model_2
11384,3606.534423828125,3700.577186428476,5602.524006157531,23,3,Model_2
11385,3649.204345703125,3718.525593036553,5603.63188097754,11,0,Model_2
11386,7314.0908203125,3766.6444098907523,5617.742447323457,13,3,Model_2
11387,15548.068359375,3783.3766463503707,5640.6312258911785,5,3,Model_2
11388,13250.65625,3865.5095603317022,5629.534107317799,1,17,Model_2
11389,6281.849609375,3690.7654276418034,5624.825639332761,6,0,Model_2
11390,4051.78857421875,3711.113952022046,5622.833866936329,3,1,Model_2
11391,14252.4091796875,3831.2625403827988,5642.090964014991,1,35,Model_2
11392,4044.388427734375,3667.8147042270284,5630.322620263672,0,1,Model_2
11393,6096.31005859375,3749.9319672677666,5642.7544171119225,4,2,Model_2
11394,7067.6298828125,3722.6567508705193,5647.573107336706,33,0,Model_2
11395,15256.732421875,3938.1257817887235,5654.686681117222,1,0,Model_2
11396,2751.2138671875,3705.034942566883,5645.43225229549,26,0,Model_2
11397,13771.375,3892.6473706769757,5667.896392619063,3,29,Model_2
11398,5408.19091796875,3698.1860449310625,5660.918476979772,33,0,Model_2
11399,20058.44921875,3795.1880429587327,5687.145717616717,7,4,Model_2
11400,3505.40771484375,3741.303465622128,5660.873964152182,11,1,Model_2
11401,5154.39697265625,3764.8901235789526,5670.45411382342,2,0,Model_2
11402,12390.4931640625,3825.7253296652343,5676.6159609569,4,15,Model_2
11403,9414.1357421875,3741.687373988447,5681.898149830871,7,2,Model_2
11404,11312.97265625,3919.177556269802,5688.411153715337,2,21,Model_2
11405,5459.064453125,3698.289847492939,5682.936075921811,12,2,Model_2
11406,453.212158203125,3902.7210525576957,5688.353216384188,0,3,Model_2
11407,309.37005615234375,3902.2193018151447,5693.07157610869,0,3,Model_2
11408,2726.469482421875,3821.245017759502,5702.899725819356,2,5,Model_2
11409,7022.45263671875,3944.520571986446,5339.9986538789235,1,19,Model_2
11410,4636.921875,3965.019621589454,5336.562687520694,0,6,Model_2
11411,17632.4765625,4120.638304874301,5345.426392633584,3,59,Model_2
11412,7966.7353515625,4233.489872344304,5361.6389536156785,4,16,Model_2
11413,13861.1435546875,4198.985532519175,5367.885587087425,3,21,Model_2
11414,8063.99853515625,4285.814189000288,5362.750361199782,4,1,Model_2
11415,1560.2137451171875,3966.983814633917,5354.9959440125385,0,0,Model_2
11416,6301.751953125,3956.791830055183,5382.864506847749,0,5,Model_2
11417,4181.10986328125,4124.359085839475,5373.865850146452,0,8,Model_2
11418,1740.5091552734375,4137.334636234911,5374.163308883202,0,1,Model_2
11419,12545.8671875,3982.1804176282603,5391.254115019168,1,18,Model_2
11420,15189.57421875,4074.613491807133,5393.628132490616,3,29,Model_2
11421,4572.33642578125,4101.257376880152,5382.889942749229,3,19,Model_2
11422,10363.58203125,4120.160951186204,5399.517956788826,1,34,Model_2
11423,530.5979614257812,4055.537296832772,5391.103619268746,0,2,Model_2
11424,4299.15234375,4047.476602105424,5382.551503948984,2,16,Model_2
11425,5916.7060546875,4226.431298136711,5387.240188455093,4,18,Model_2
11426,5334.14892578125,4249.913693209877,5387.859128724434,2,27,Model_2
11427,1509.2060546875,4169.622526678955,5384.599800570926,0,0,Model_2
11428,17496.341796875,4019.1714157206006,5405.890356662334,6,33,Model_2
11429,7707.2470703125,4202.393294672482,5396.120850835636,0,14,Model_2
11430,899.05810546875,4180.052037297282,5400.1277118715225,1,1,Model_2
11431,6126.2353515625,4236.13119873032,5410.860955743177,2,7,Model_2
11432,15063.90234375,4268.744536674349,5420.865037105745,3,82,Model_2
11433,611.2487182617188,3933.4728492146824,5402.086276285467,0,0,Model_2
11434,9532.994140625,4051.9085802240297,5419.047076702758,0,13,Model_2
11435,10990.32421875,3961.5667479014955,5426.620616368367,5,11,Model_2
11436,2190.883056640625,4084.4482666829135,5418.271281707624,1,5,Model_2
11437,9313.7666015625,4107.342370518483,5426.342234557727,5,23,Model_2
11438,17375.685546875,3988.6944311675616,5436.700298882555,1,54,Model_2
11439,15810.802734375,4207.524961899966,5439.678419014148,4,29,Model_2
11440,11018.548828125,4167.522078386974,5428.6703260959475,2,45,Model_2
11441,4750.490234375,4133.75103116082,5429.5838988907635,1,18,Model_2
11442,10253.44140625,4236.57725053723,5438.64614534576,2,30,Model_2
11443,1997.0069580078125,4084.6411415096372,5432.879261238035,0,4,Model_2
11444,6283.26171875,4028.884665645892,5440.762977591134,2,41,Model_2
11445,12536.59375,4063.9510583670344,5448.378910425876,2,73,Model_2
11446,9706.0361328125,4182.365614574403,5457.7640515191015,3,36,Model_2
11447,13394.560546875,4104.316215122584,5459.4216244322015,2,36,Model_2
11448,11061.033203125,4135.784732794389,5463.437670654734,4,58,Model_2
11449,8706.4853515625,4280.210691946093,5469.743654563266,6,26,Model_2
11450,24642.62109375,4007.062190919183,5469.114116001641,4,50,Model_2
11451,6238.63916015625,4228.136790339602,5479.809912573895,1,8,Model_2
11452,12000.1552734375,4066.5629241589922,5479.711701732071,2,28,Model_2
11453,5502.46337890625,4247.146698977333,5475.07459558174,3,9,Model_2
11454,5008.673828125,4198.828562791459,5483.391428812814,1,8,Model_2
11455,4606.568359375,4086.422586806584,5487.683030634711,0,21,Model_2
11456,3680.30712890625,3965.3381642627064,5493.3305073160445,0,2,Model_2
11457,14827.3408203125,4037.1884102742188,5510.171900306945,2,25,Model_2
11458,5430.88916015625,4136.733455987414,5488.4001817458775,0,10,Model_2
11459,4317.8759765625,4184.8163677426055,5498.858576570987,0,12,Model_2
11460,10471.6796875,4241.019355735043,5511.954533068987,0,21,Model_2
11461,718.57421875,4026.313768492546,5498.306758819439,1,7,Model_2
11462,12998.0693359375,4110.100618637167,5503.109198329388,1,19,Model_2
11463,4641.7919921875,4172.877001678804,5506.359341296251,1,3,Model_2
11464,10832.7783203125,4262.733654842945,5513.660151573771,3,28,Model_2
11465,945.9691162109375,4069.626365619246,5500.987420214282,0,3,Model_2
11466,4538.2236328125,4218.012473062845,5501.881916082988,1,8,Model_2
11467,596.2835083007812,4149.647323264042,5496.950177407183,0,2,Model_2
11468,2139.48974609375,3959.063978371909,5506.208845545829,0,2,Model_2
11469,12351.248046875,4201.636525662616,5524.388449575694,4,33,Model_2
11470,8693.1328125,4074.1016139853746,5519.978146880225,0,17,Model_2
11471,26222.5859375,4118.5470630179625,5544.6389599177055,2,26,Model_2
11472,8800.25,4153.83210858563,5533.455641900422,2,10,Model_2
11473,5420.35205078125,4042.207758986857,5534.316929786641,4,10,Model_2
11474,16379.4736328125,4217.421880216338,5550.974619044631,5,21,Model_2
11475,1239.1822509765625,4005.5311606717296,5533.563744481711,0,2,Model_2
11476,6254.23974609375,4089.27520089061,5553.49983881932,0,10,Model_2
11477,3489.0810546875,4043.579057575902,5546.8653078500065,0,5,Model_2
11478,17164.62109375,4074.1283126487397,5573.820297890401,2,23,Model_2
11479,8889.794921875,3951.5552094613668,5560.143554975279,1,25,Model_2
11480,29457.25,4024.3716708936263,5577.823626162193,4,38,Model_2
11481,10444.1142578125,4167.438299822621,5564.382165335759,3,22,Model_2
11482,17367.7890625,4263.921745362692,5579.905130766623,4,54,Model_2
11483,7432.38623046875,4211.893415612634,5572.1252776779,4,5,Model_2
11484,2677.7236328125,3984.2642943360843,5571.378451348341,0,0,Model_2
11485,4824.03515625,4142.16203076439,5581.22285177384,0,8,Model_2
11486,2694.743408203125,3978.6584956729785,5585.183080323681,0,3,Model_2
11487,16653.185546875,4107.317973464029,5598.371595240955,6,45,Model_2
11488,19200.66796875,4200.008827840909,5605.5303884018795,4,31,Model_2
11489,13122.236328125,4066.4556691837497,5614.422355627525,1,21,Model_2
11490,17718.00390625,4134.7370404182,5615.147278819699,2,18,Model_2
11491,8198.25390625,4037.409364729654,5609.747802177793,0,10,Model_2
11492,10201.3017578125,4171.300399574917,5614.473933983303,1,31,Model_2
11493,3772.937744140625,3996.3486617612652,5609.816337801225,0,2,Model_2
11494,7003.41162109375,4245.831099323928,5613.844395421678,0,10,Model_2
11495,9196.224609375,4085.4931971284095,5639.309265567048,0,5,Model_2
11496,30342.42578125,4235.394223557087,5653.4141794904135,3,15,Model_2
11497,1332.4088134765625,3972.155069534667,5624.628511096293,1,5,Model_2
11498,1481.3787841796875,4030.4594264626503,5627.499235199415,1,1,Model_2
11499,14215.669921875,4042.9323054719716,5647.807682872575,5,27,Model_2
11500,865.4591674804688,4208.08931640489,5635.201367478061,0,3,Model_2
11501,5742.22705078125,4158.941220045788,5644.9200015018,0,12,Model_2
11502,1976.6162109375,3965.512626218144,5637.37825671304,0,0,Model_2
11503,11914.314453125,4182.113818559563,5654.649233817821,4,31,Model_2
11504,3261.004150390625,4002.0649376520887,5642.562941298005,0,9,Model_2
11505,12342.431640625,4121.040165790124,5664.88647761062,3,12,Model_2
11506,4775.34619140625,3978.137871737359,5659.209325710894,2,10,Model_2
11507,6691.91943359375,4099.725886310916,5665.35492212954,0,13,Model_2
11508,13458.37890625,4067.944810149027,5672.202832050156,2,14,Model_2
11509,2559.621337890625,4011.3132625774015,5663.262112680008,0,11,Model_2
11510,2863.436767578125,3990.9808494595345,5679.546742049628,1,6,Model_2
11511,14551.146484375,4022.6173845818266,5687.411381476617,5,13,Model_2
11512,12856.46484375,4169.056330886902,5692.531063202245,2,32,Model_2
11513,15389.298828125,4084.7175549254753,5701.969195756887,3,7,Model_2
11514,5194.66845703125,3987.198845697334,5702.781731498602,0,2,Model_2
11515,11588.9052734375,4046.4712593331933,5705.7633843942895,7,32,Model_2
11516,807.7994995117188,3966.34626896563,5710.329835262732,0,1,Model_2
11517,2503.853759765625,4074.217615074478,5728.523570348974,0,0,Model_2
11518,4228.919921875,4303.645673875697,5341.268329294457,2,1,Model_2
11519,10396.98828125,4259.9325967985205,5350.567977496597,2,31,Model_2
11520,5328.97705078125,4429.4700298104435,5349.842347751604,14,0,Model_2
11521,1766.362548828125,4372.251111644786,5353.697299931431,2,1,Model_2
11522,11504.3212890625,4505.6104748316575,5375.449941566389,0,0,Model_2
11523,16423.23828125,4333.125141126802,5375.430864640279,3,0,Model_2
11524,11228.806640625,4474.4881191400345,5380.957520789583,62,2,Model_2
11525,722.8740234375,4398.9345843910705,5371.593576280924,4,0,Model_2
11526,7742.32763671875,4367.999579664785,5382.713304544508,1,0,Model_2
11527,7907.9716796875,4273.260753679089,5385.534569950309,3,8,Model_2
11528,10134.9619140625,4305.776043083519,5390.037431065051,1,1,Model_2
11529,3691.3046875,4421.0456808751915,5380.265099027078,18,0,Model_2
11530,5478.45361328125,4447.179529413581,5393.741180941637,74,3,Model_2
11531,13483.82421875,4493.672489733202,5411.014277704875,51,3,Model_2
11532,4408.5859375,4422.411915924633,5396.938332447084,8,0,Model_2
11533,6779.9091796875,4463.592762878165,5411.781594066182,34,1,Model_2
11534,3239.332763671875,4302.303375558928,5410.677252010268,0,0,Model_2
11535,10299.6904296875,4332.281831621891,5419.586176503566,1,2,Model_2
11536,13423.853515625,4430.314259958919,5424.3872029078775,36,8,Model_2
11537,5143.77294921875,4513.272530895658,5427.935511164309,21,0,Model_2
11538,1868.50146484375,4302.056643083692,5425.6215506824665,0,0,Model_2
11539,3711.20703125,4455.28533567558,5443.677507969027,8,0,Model_2
11540,8271.26171875,4476.815966392402,5438.786042803898,54,0,Model_2
11541,6186.90869140625,4300.5946611035615,5439.362589904107,0,10,Model_2
11542,12554.65625,4346.110358279664,5453.442774478812,1,1,Model_2
11543,13793.4189453125,4396.864517336711,5457.053965936124,3,0,Model_2
11544,12709.14453125,4513.1569901283365,5456.868142544758,34,4,Model_2
11545,8349.17578125,4260.338600610383,5454.412871499138,0,10,Model_2
11546,11154.81640625,4312.7816802861635,5460.682821213908,3,21,Model_2
11547,10451.1953125,4535.886759087676,5479.772465274495,0,0,Model_2
11548,8717.419921875,4476.311453719158,5462.144678996177,9,1,Model_2
11549,14641.0166015625,4382.162760258187,5484.943725355901,11,0,Model_2
11550,3500.82080078125,4353.814303625841,5474.000635297038,0,6,Model_2
11551,4878.68017578125,4478.985923273489,5481.102197679633,1,1,Model_2
11552,14766.7470703125,4445.077239834471,5492.916467364179,6,1,Model_2
11553,15025.587890625,4307.715839073528,5492.773037141946,3,42,Model_2
11554,3405.694091796875,4489.656182183884,5487.785480793449,5,0,Model_2
11555,8829.162109375,4482.520273916889,5509.834874612337,7,0,Model_2
11556,19943.599609375,4523.150115697179,5522.997247075313,11,2,Model_2
11557,14863.689453125,4408.7440415688325,5508.253609403677,8,6,Model_2
11558,16652.509765625,4345.303414195543,5505.119341099111,5,17,Model_2
11559,2208.359375,4275.6802049661055,5497.792388367292,0,6,Model_2
11560,12871.3642578125,4288.809042515,5532.393693013641,1,45,Model_2
11561,3436.32763671875,4375.936908154516,5516.42559930688,2,0,Model_2
11562,3276.37255859375,4306.759290410206,5521.03797610855,3,3,Model_2
11563,13088.58203125,4466.732157432474,5533.72907784133,6,1,Model_2
11564,13564.625,4436.680049884366,5540.923905196018,6,5,Model_2
11565,18979.39453125,4361.4864867690485,5540.129033274774,13,3,Model_2
11566,8981.27734375,4318.175730929477,5540.65682823048,2,10,Model_2
11567,5144.58447265625,4408.078876593616,5535.6367704523145,5,3,Model_2
11568,11395.5751953125,4257.453764001606,5549.834949347773,2,25,Model_2
11569,16705.779296875,4505.940065227682,5556.93509862473,24,0,Model_2
11570,11919.6572265625,4381.32037139684,5568.0152599304565,4,1,Model_2
11571,7560.056640625,4540.507929458749,5563.783715098165,4,0,Model_2
11572,10685.517578125,4413.715056494344,5562.168535354198,3,6,Model_2
11573,8961.890625,4332.441102958517,5567.479692893743,2,3,Model_2
11574,7652.49267578125,4463.16926683858,5567.9184621942695,23,2,Model_2
11575,13399.3291015625,4306.2538570933975,5578.718828583718,3,47,Model_2
11576,23676.11328125,4334.98576177028,5602.15165282198,6,7,Model_2
11577,3070.02294921875,4493.320803891635,5577.48377425631,0,0,Model_2
11578,14165.111328125,4436.481190874474,5593.798785397143,34,3,Model_2
11579,5563.982421875,4402.316108202795,5586.447809869482,0,0,Model_2
11580,6879.58984375,4285.488741500303,5601.243025896896,0,21,Model_2
11581,9744.359375,4470.248095204588,5598.064244764741,74,1,Model_2
11582,5488.57177734375,4525.511106117861,5601.494558700419,43,0,Model_2
11583,10765.267578125,4366.783409516327,5611.252759682015,7,5,Model_2
11584,3959.98486328125,4387.448635282693,5603.193818229833,1,0,Model_2
11585,5581.08251953125,4502.788241985254,5607.031813142006,62,0,Model_2
11586,5678.50439453125,4408.947043474764,5609.804326403304,3,0,Model_2
11587,1611.7669677734375,4545.187560696155,5606.056063699129,0,0,Model_2
11588,5168.3017578125,4459.021767581347,5621.154390885844,19,0,Model_2
11589,1348.8858642578125,4545.33808591892,5617.22171789594,0,0,Model_2
11590,9167.5537109375,4432.491581988521,5630.177776935801,21,3,Model_2
11591,13137.708984375,4291.991707316833,5632.354666170781,3,43,Model_2
11592,2866.12158203125,4496.682073544944,5625.24391860154,5,0,Model_2
11593,11991.001953125,4405.5300748858135,5639.569983557216,4,5,Model_2
11594,7425.10009765625,4376.946854144568,5637.444672678015,3,0,Model_2
11595,7724.82470703125,4351.035801348742,5645.430839189852,3,1,Model_2
11596,4204.49609375,4329.9765401368495,5639.46612029284,1,0,Model_2
11597,12076.3818359375,4459.575534685282,5648.583477867709,57,3,Model_2
11598,14362.7578125,4374.706007709028,5670.815162313869,7,2,Model_2
11599,10441.8154296875,4315.988281820668,5664.704186983348,3,63,Model_2
11600,4810.4404296875,4440.56102282973,5667.795355565962,7,1,Model_2
11601,12262.3603515625,4416.361906741746,5671.860860485816,6,1,Model_2
11602,3654.267333984375,4473.772779090563,5671.070934434305,14,0,Model_2
11603,8036.67626953125,4340.275779690826,5675.727824063564,8,2,Model_2
11604,11112.09765625,4453.399857655866,5691.5701513685635,49,4,Model_2
11605,4317.044921875,4534.374141711509,5686.08730149403,12,0,Model_2
11606,12572.634765625,4411.037364687538,5700.167486068734,6,2,Model_2
11607,6096.05029296875,4486.334960525623,5701.586950681871,58,3,Model_2
11608,2040.440673828125,4541.703845448792,5715.61343724234,2,0,Model_2
11611,8650.75390625,5286.668823854765,5354.538097785902,84,0,Model_2
11612,13712.904296875,5228.265497743618,5377.693246766343,20,1,Model_2
11613,2506.94384765625,5302.291224497603,5351.351544572739,18,0,Model_2
11614,11096.798828125,5267.686074202182,5385.678706725361,39,3,Model_2
11615,8885.826171875,5239.34912561439,5404.989501818258,33,1,Model_2
11616,17332.1484375,5193.4232817303855,5424.177356720669,4,0,Model_2
11617,5708.54736328125,5286.20896239439,5413.990278178011,1,1,Model_2
11618,1816.5732421875,5254.550792148337,5412.692340649723,7,0,Model_2
11619,7822.5302734375,5267.3007848705165,5427.151237535349,11,0,Model_2
11621,10022.568359375,5224.162649699254,5437.523432916554,15,0,Model_2
11622,10696.3212890625,5170.80537096411,5460.799402429024,20,0,Model_2
11623,8682.0546875,5280.178747048136,5464.019163624675,3,0,Model_2
11624,4511.07666015625,5198.383248933125,5459.0344334874535,26,0,Model_2
11625,3632.1220703125,5221.728468115209,5460.701191587199,18,1,Model_2
11626,12619.7041015625,5257.675456405617,5488.7209567256505,4,0,Model_2
11627,2710.808837890625,5189.447022176115,5475.600270878989,8,0,Model_2
11628,7283.982421875,5210.736444279086,5482.0722946999595,67,0,Model_2
11629,5159.2626953125,5156.89858960337,5486.926312565687,9,0,Model_2
11630,3878.3779296875,5176.721886830172,5491.211555412214,24,0,Model_2
11631,6893.275390625,5145.629452054389,5504.476378033927,11,0,Model_2
11632,4626.65087890625,5193.628124923445,5500.3423374906415,30,1,Model_2
11633,7573.40576171875,5208.870760096004,5516.581747479853,14,0,Model_2
11634,8236.359375,5176.928110988578,5517.9595254766755,72,0,Model_2
11635,937.4486083984375,5137.995015297318,5516.904642118083,1,0,Model_2
11636,4586.8564453125,5131.619098292664,5529.725749569538,5,0,Model_2
11637,7494.65185546875,5256.342824846273,5532.390866802365,3,1,Model_2
11638,1312.6868896484375,5148.445700717624,5527.422387379978,15,0,Model_2
11639,5091.8916015625,5165.256191880209,5533.933271605987,51,0,Model_2
11640,3071.908447265625,5229.480747248512,5535.235448451189,1,0,Model_2
11641,15621.1171875,5205.054232200142,5550.725912452384,7,0,Model_2
11642,3419.9765625,5241.036665267777,5547.8756783810095,0,0,Model_2
11643,4865.3544921875,5142.537010321859,5552.5883856829605,23,0,Model_2
11644,3526.770751953125,5177.422036260832,5552.148203276796,33,0,Model_2
11645,7941.1552734375,5125.216022302862,5560.995657674852,5,0,Model_2
11646,4257.09814453125,5161.075089132879,5557.030483255279,37,1,Model_2
11647,9099.361328125,5277.686564919539,5578.421369846968,0,20,Model_2
11648,5067.16796875,5161.379822152667,5577.3262129776995,56,0,Model_2
11649,3399.79736328125,5117.952144580428,5581.199535530817,4,0,Model_2
11650,1232.8203125,5203.404438932892,5581.243341805588,1,0,Model_2
11651,4612.08203125,5141.266982524889,5586.270465111942,20,0,Model_2
11652,4377.54150390625,5253.330939425621,5584.986658640031,2,2,Model_2
11653,6102.2265625,5187.064396631671,5587.378339931951,5,0,Model_2
11654,4730.435546875,5101.813262898009,5601.801909176633,2,0,Model_2
11655,2747.780029296875,5120.354103639722,5594.121680035372,9,0,Model_2
11656,4453.978515625,5157.070749949897,5599.21592585952,32,0,Model_2
11657,14756.25390625,5175.747845939128,5625.1011949321255,22,1,Model_2
11658,6279.28759765625,5121.44644722878,5612.604395224538,12,0,Model_2
11659,8409.0654296875,5200.805922472617,5614.198378383939,3,1,Model_2
11660,9114.0830078125,5260.081098039169,5618.108441683638,4,1,Model_2
11661,2198.134033203125,5141.144536930835,5608.374970050703,16,1,Model_2
11662,6319.85498046875,5227.618285317905,5622.464339812053,8,3,Model_2
11663,5605.1630859375,5146.891654381063,5624.3508358384715,47,0,Model_2
11664,8023.67333984375,5105.984238566132,5644.13502132002,1,0,Model_2
11665,3400.186279296875,5118.586928318022,5630.750084719097,6,0,Model_2
11666,6753.49169921875,5231.6930537335575,5643.911044076434,1,12,Model_2
11667,2990.29052734375,5132.270453614416,5642.638542449626,25,0,Model_2
11668,5734.57666015625,5150.83937398484,5647.688981999003,30,1,Model_2
11669,6221.5205078125,5198.57198086381,5650.919341486937,1,3,Model_2
11670,3832.99658203125,5258.882880440215,5650.862110708607,1,2,Model_2
11671,6439.9404296875,5169.230610147351,5663.589246635151,6,2,Model_2
11672,9476.306640625,5229.466016951483,5672.804815051844,1,1,Model_2
11673,3673.211669921875,5130.367943688761,5667.1834808248095,32,0,Model_2
11674,3920.54638671875,5116.273351040902,5665.183229794551,10,2,Model_2
11675,7684.84814453125,5145.507006460335,5676.859015126596,23,1,Model_2
11676,7171.37255859375,5206.518515789183,5676.604656111798,2,0,Model_2
11677,8625.5283203125,5266.051471553743,5676.933909725398,2,2,Model_2
11678,10752.7177734375,5247.836078312015,5702.256056201353,2,4,Model_2
11679,4714.697265625,5172.361718909582,5700.987793891458,3,0,Model_2
11680,5514.75537109375,5095.396837576525,5703.53632990917,6,0,Model_2
11681,5328.23486328125,5214.918927991763,5702.010882373201,0,1,Model_2
11682,5532.68310546875,5514.867823497625,5360.394714101625,0,1,Model_2
11683,4175.26953125,5309.144495190354,5337.835895700322,50,0,Model_2
11684,1096.9482421875,5500.45192624582,5340.743360550026,0,0,Model_2
11685,5092.048828125,5345.878633728251,5352.215658670233,8,1,Model_2
11686,7333.62255859375,5610.848137329798,5355.388080827019,12,0,Model_2
11687,13795.4423828125,5393.784321597312,5367.1550114727,5,1,Model_2
11688,2616.199462890625,5571.197860301938,5353.890895403805,1,1,Model_2
11689,2826.764892578125,5587.677380103152,5358.41777931439,3,1,Model_2
11690,3989.84619140625,5538.331805699505,5362.978577760281,1,0,Model_2
11691,5606.6982421875,5425.865987882949,5370.842510634451,3,1,Model_2
11692,16843.56640625,5455.973794366699,5397.175734194228,0,2,Model_2
11693,8191.99462890625,5544.293893422,5384.6704558528145,0,0,Model_2
11694,4110.72509765625,5577.75468376698,5387.214752553613,1,1,Model_2
11695,9043.9736328125,5599.636540003587,5384.683880356373,3,0,Model_2
11696,10621.6845703125,5297.175208210712,5387.584986230708,23,0,Model_2
11697,5333.75048828125,5386.970178256044,5395.284292298078,0,0,Model_2
11698,7733.748046875,5485.812312607886,5403.065558492439,1,0,Model_2
11699,8371.310546875,5415.063616621075,5400.353808773565,0,2,Model_2
11700,4601.64501953125,5563.277563718148,5401.003837366938,0,0,Model_2
11701,1816.5260009765625,5316.936822318705,5398.973911118286,0,0,Model_2
11702,6877.5654296875,5360.9228702127,5404.209467506211,2,4,Model_2
11703,7201.34326171875,5518.718875527149,5402.708749318903,1,1,Model_2
11704,8145.1533203125,5500.074462384451,5423.4496073172195,3,0,Model_2
11705,993.0471801757812,5538.474965773756,5404.537308014173,1,0,Model_2
11706,6766.650390625,5620.83251678478,5417.265857046354,2,3,Model_2
11707,10927.3388671875,5587.521331019001,5413.521127106273,2,0,Model_2
11708,7969.0458984375,5544.647420550697,5420.2249002518365,0,0,Model_2
11709,14705.0517578125,5430.001518773846,5425.1432144240825,2,15,Model_2
11710,6368.37890625,5356.092713752529,5420.186746399617,2,6,Model_2
11711,11654.837890625,5374.687872464536,5437.6421337901265,1,19,Model_2
11712,1502.5906982421875,5320.251139150234,5420.505401720933,0,0,Model_2
11713,6123.60595703125,5401.230026423698,5437.100207778043,1,6,Model_2
11714,1665.3094482421875,5464.062568722758,5427.627454135276,0,1,Model_2
11715,722.6603393554688,5320.0679310809355,5426.079396909103,0,0,Model_2
11716,12162.91796875,5591.935816909885,5443.130636087211,3,0,Model_2
11717,9446.0869140625,5298.499093656195,5444.376995259721,2,1,Model_2
11718,7445.97607421875,5484.038692781236,5444.761359993194,2,10,Model_2
11719,9629.3388671875,5512.859439562075,5447.609474406112,2,1,Model_2
11720,6869.2255859375,5565.8309686437715,5444.474499548727,2,1,Model_2
11721,6125.0986328125,5542.957118966617,5443.973553600139,1,0,Model_2
11722,6095.041015625,5339.6900676889345,5444.461075045168,1,2,Model_2
11723,12669.8662109375,5451.494403104531,5450.429326706275,3,36,Model_2
11724,6661.88623046875,5321.252339026425,5462.92118054413,0,0,Model_2
11725,2580.32275390625,5257.278198707616,5454.058181984059,2,1,Model_2
11726,14587.37890625,5414.5448339725845,5465.860440270684,8,32,Model_2
11727,15549.66796875,5602.98814289947,5473.237558252644,3,2,Model_2
11728,7802.7294921875,5376.996386202052,5466.4878591738525,1,4,Model_2
11729,12390.8447265625,5347.112296104431,5475.954960394069,4,11,Model_2
11730,7134.2548828125,5527.2822416406125,5465.85690750659,1,2,Model_2
11731,6254.90771484375,5563.922014213167,5468.109397893189,2,2,Model_2
11732,29181.189453125,5475.8771875835955,5483.083371783781,2,18,Model_2
11733,8858.8095703125,5539.245084115304,5484.509195372288,1,3,Model_2
11734,16994.66796875,5387.048432959011,5495.604194287211,8,13,Model_2
11735,1826.65283203125,5323.253818135243,5485.391679843073,0,0,Model_2
11736,2239.9150390625,5311.671661774395,5489.476261689037,1,1,Model_2
11737,8753.51171875,5433.59202867467,5499.33761938219,1,3,Model_2
11738,3246.74755859375,5568.766440648586,5489.968022450979,0,0,Model_2
11739,9647.6787109375,5279.847775686765,5506.2653697713395,2,0,Model_2
11740,18597.119140625,5521.611997928005,5517.785006930411,2,6,Model_2
11741,5705.7099609375,5556.665961961029,5505.559523505275,0,1,Model_2
11742,17187.853515625,5318.883062813664,5510.544253642496,1,11,Model_2
11743,9288.892578125,5582.6119992122985,5514.094681557384,1,0,Model_2
11744,17992.166015625,5361.617956103757,5532.115311203001,3,22,Model_2
11745,20455.7421875,5480.978013251675,5526.8345354346675,2,4,Model_2
11746,12114.603515625,5396.140708800172,5530.986946351244,4,11,Model_2
11747,2364.471923828125,5554.523624386871,5522.306944971264,0,3,Model_2
11748,4659.12548828125,5435.874304070603,5523.140677297546,1,2,Model_2
11749,8438.361328125,5336.744928926695,5535.380998331879,0,9,Model_2
11750,17754.52734375,5292.268638334703,5544.545694945613,3,8,Model_2
11751,6486.7734375,5419.55083335354,5544.123176359921,0,10,Model_2
11752,5482.9794921875,5602.21111973119,5543.342435495055,2,2,Model_2
11753,11081.0712890625,5444.112683005864,5547.830459000601,2,3,Model_2
11754,2763.64990234375,5555.263361490797,5547.308316467446,0,0,Model_2
11755,4608.51708984375,5584.719812652795,5549.555154431495,1,2,Model_2
11756,19500.248046875,5325.5245854866225,5571.823579624237,3,24,Model_2
11757,2408.710693359375,5515.99146896787,5573.672628351254,0,0,Model_2
11758,12139.2919921875,5397.619722686242,5565.239213905064,1,8,Model_2
11759,25412.990234375,5367.902729395544,5592.5100330555,3,25,Model_2
11760,3042.638427734375,5455.237279515248,5566.33649043279,0,2,Model_2
11761,21737.431640625,5557.2316974313,5601.880336539529,8,13,Model_2
11762,13756.6806640625,5440.308123476338,5592.917007479176,9,18,Model_2
11763,11793.2158203125,5409.159989764914,5602.823584552738,2,11,Model_2
11764,12943.568359375,5305.528667591512,5603.901077601535,0,13,Model_2
11765,2960.442626953125,5336.5580382831395,5606.956211990386,1,5,Model_2
11766,21308.673828125,5508.139760329621,5630.413765577308,1,4,Model_2
11767,2221.465576171875,5610.616135151591,5615.1430395027855,2,2,Model_2
11768,9313.015625,5316.260609620716,5630.280933647358,1,10,Model_2
11769,8429.591796875,5343.499230436282,5633.584774628456,1,8,Model_2
11770,2955.46435546875,5445.960874961223,5618.8157010553405,0,1,Model_2
11771,4859.38427734375,5396.812318280339,5628.25524671562,2,0,Model_2
11772,19715.9140625,5367.626076004468,5653.135091126955,1,12,Model_2
11773,12976.125,5285.605940859765,5644.72993879352,6,28,Model_2
11774,20412.04296875,5546.686185723869,5651.400503956596,4,34,Model_2
11775,3911.7412109375,5585.538725103252,5644.443784901872,0,5,Model_2
11776,1458.283447265625,5434.227272734046,5647.881870918558,0,1,Model_2
11777,14569.9189453125,5322.243872145191,5662.296961529413,3,25,Model_2
11778,841.6693115234375,5463.756454737624,5652.51827051607,2,2,Model_2
11779,13534.384765625,5604.622745547909,5672.278433201776,2,14,Model_2
11780,10921.349609375,5403.483761869138,5671.917384711327,1,15,Model_2
11781,4569.32275390625,5455.5065677578095,5665.296984798391,2,6,Model_2
11782,248.7059326171875,5258.370542296674,5665.280734083557,0,0,Model_2
11783,26370.115234375,5298.458125017583,5697.252249138022,6,48,Model_2
11784,11431.1708984375,5384.1709614987485,5699.6107224474545,1,13,Model_2
11785,9204.4609375,5357.306582292076,5688.139130880067,2,10,Model_2
11786,10682.03515625,5599.140773444204,5711.934416714415,3,17,Model_2
11787,8361.9130859375,5565.669856020017,5713.194200390484,2,5,Model_2
11788,6259.07421875,5628.692050893325,5366.954350472137,7,0,Model_2
11789,5100.26611328125,5655.0979496049695,5382.259697634785,10,0,Model_2
11790,4358.9912109375,5673.294469653629,5384.946011452179,11,0,Model_2
11791,6835.1513671875,5627.0721785419155,5390.705830031715,6,2,Model_2
11792,6215.02880859375,5708.130701483693,5390.60761918989,34,0,Model_2
11793,2180.53173828125,5689.946610123152,5392.237636543054,11,0,Model_2
11794,5619.02734375,5647.957898441935,5401.691313259711,2,1,Model_2
11795,3389.13671875,5673.627282302128,5405.8628011023975,7,0,Model_2
11796,2596.57666015625,5688.338706138078,5408.9786990336725,6,0,Model_2
11797,1623.1517333984375,5702.36332987505,5409.641445577785,2,0,Model_2
11798,8483.7353515625,5727.595408042194,5417.511737427325,80,1,Model_2
11799,11088.3955078125,5667.492573911324,5429.998645395448,2,0,Model_2
11800,3937.958984375,5643.368490273831,5422.934530312254,1,0,Model_2
11801,4648.88232421875,5696.191335419891,5426.663716090319,18,1,Model_2
11802,6133.84765625,5712.324232919142,5436.871284664725,39,0,Model_2
11803,7568.435546875,5626.782175819157,5439.848698243499,1,0,Model_2
11804,4490.04541015625,5743.643146011746,5440.548892087012,35,0,Model_2
11805,2442.78662109375,5733.911483215168,5451.839606132766,7,0,Model_2
11806,3667.90087890625,5690.661029529059,5449.859138581436,1,0,Model_2
11807,4320.71044921875,5763.589809476165,5458.064336467127,74,0,Model_2
11808,9821.3134765625,5643.849066214403,5459.714137299219,2,2,Model_2
11809,4753.2197265625,5723.997532992857,5459.230148618284,15,1,Model_2
11810,4289.0400390625,5673.2926283665,5456.506387501489,1,0,Model_2
11811,5569.25146484375,5705.240801335312,5467.409910602495,3,0,Model_2
11812,1987.6822509765625,5747.951297570951,5458.779367919837,39,0,Model_2
11813,3333.351806640625,5691.034810816171,5475.78326805908,1,1,Model_2
11814,4966.7578125,5670.184535693377,5477.077672823274,3,0,Model_2
11815,1809.0723876953125,5752.3667041054,5473.108259086788,26,0,Model_2
11816,2851.42333984375,5778.483981059631,5476.544931997836,59,0,Model_2
11817,9539.779296875,5723.690498364158,5491.149378764152,5,0,Model_2
11818,3882.39306640625,5741.9638921504375,5481.520476948412,42,0,Model_2
11819,4967.47998046875,5765.305428758264,5485.6658223367995,53,1,Model_2
11820,5656.98974609375,5650.514985941816,5493.063430350507,0,0,Model_2
11821,9061.369140625,5629.042355769547,5490.557287501928,5,1,Model_2
11822,6741.6650390625,5790.035295861075,5499.81171632366,124,1,Model_2
11823,4701.587890625,5695.0322451724205,5493.317789365305,0,1,Model_2
11824,5670.9521484375,5679.524924975121,5502.536890546093,3,0,Model_2
11825,8759.166015625,5608.162159730913,5508.009142128343,3,3,Model_2
11826,2557.4267578125,5754.66969398153,5500.872252104804,77,1,Model_2
11827,1703.466064453125,5661.650630173972,5501.472822000855,0,0,Model_2
11828,3827.7548828125,5766.312612817623,5511.745393434598,79,0,Model_2
11829,5227.8671875,5743.374778412748,5514.05299494107,7,0,Model_2
11830,3080.6650390625,5704.663097498706,5510.715945977485,2,0,Model_2
11831,6048.9697265625,5643.190806065919,5521.726158554142,4,2,Model_2
11832,7121.7109375,5668.152675346937,5520.975092907669,2,0,Model_2
11833,3652.856689453125,5777.426621926017,5520.06363977131,80,1,Model_2
11834,3761.162841796875,5724.0265332651325,5518.616619598237,0,0,Model_2
11835,4008.6318359375,5798.184372370597,5524.755857041513,50,0,Model_2
11836,11679.8330078125,5707.788222077768,5533.747448214621,1,3,Model_2
11837,7267.4716796875,5620.623070373898,5532.497556278016,1,0,Model_2
11838,12800.638671875,5749.629630788695,5544.793694985041,4,0,Model_2
11839,7377.55517578125,5779.366878237808,5541.473603289109,94,0,Model_2
11840,4614.6416015625,5808.412722370122,5541.6382300959085,76,1,Model_2
11841,5617.08349609375,5672.02490217844,5540.399643004406,2,0,Model_2
11842,6273.37158203125,5641.540552476887,5554.830984330096,0,2,Model_2
11843,338.1886291503906,5657.719942476135,5548.170310906484,0,0,Model_2
11844,2080.806884765625,5701.614386335481,5552.38631157676,3,0,Model_2
11845,5396.0166015625,5684.256572573911,5558.899315461225,3,0,Model_2
11846,2335.837890625,5728.377034428297,5555.51139469468,0,0,Model_2
11847,1202.2340087890625,5794.310764573747,5553.724522615725,11,0,Model_2
11848,6534.73486328125,5662.987404629355,5565.543031617184,4,1,Model_2
11849,4875.6064453125,5808.334927988937,5561.983418515651,50,0,Model_2
11850,5582.66845703125,5722.452232770156,5568.625721565972,1,1,Model_2
11851,2197.55126953125,5782.294985094108,5560.196546436695,50,0,Model_2
11852,5253.38671875,5699.692542894976,5573.498816357809,3,0,Model_2
11853,6550.6435546875,5751.631109897513,5572.795089750201,4,1,Model_2
11854,5129.966796875,5784.81386588607,5575.284275331127,80,1,Model_2
11855,3092.560546875,5813.0352737065405,5575.386018937046,42,1,Model_2
11856,5834.43505859375,5645.060172823258,5579.355432673532,2,7,Model_2
11857,8435.623046875,5669.276781138964,5598.796233485104,6,50,Model_2
11858,7336.8291015625,5823.540277097141,5594.891822607955,126,0,Model_2
11859,6927.48828125,5763.711794748437,5591.288403231651,2,0,Model_2
11860,4321.87744140625,5723.766911779996,5588.595023886068,0,1,Model_2
11861,4577.3408203125,5701.046349256299,5590.796642469708,2,1,Model_2
11862,2713.039306640625,5682.746256806655,5599.429304810823,0,20,Model_2
11863,6851.67236328125,5796.7242316775955,5594.346363831777,114,0,Model_2
11864,721.7880249023438,5739.450535219861,5591.78228365205,0,0,Model_2
11865,4791.92822265625,5752.091892001452,5607.392861632456,3,0,Model_2
11866,5021.22265625,5698.123766261386,5607.268508336332,2,2,Model_2
11867,4048.2373046875,5777.085063163657,5610.558218261052,3,2,Model_2
11868,6897.32861328125,5728.419844354037,5611.690115876903,4,2,Model_2
11869,4354.6962890625,5798.663567345822,5614.28599093348,94,0,Model_2
11870,2531.9052734375,5833.897056873888,5615.143746055604,30,0,Model_2
11871,5474.39599609375,5817.69004756771,5628.395144173759,126,1,Model_2
11872,4315.1484375,5717.7040135872085,5626.488158115593,3,0,Model_2
11873,5827.041015625,5748.487572447164,5630.9754750683205,4,0,Model_2
11874,4139.63720703125,5768.360584426438,5635.571601155156,3,1,Model_2
11875,4890.27490234375,5693.854281731881,5632.393526575819,4,11,Model_2
11876,3603.188720703125,5782.806862915866,5629.252192743064,1,0,Model_2
11877,7084.021484375,5838.10623924993,5640.717425335082,98,0,Model_2
11878,2469.992431640625,5802.115980711998,5631.015748578997,69,0,Model_2
11879,1433.0958251953125,5676.921805297025,5632.864797306014,0,8,Model_2
11880,1212.85546875,5665.464396139141,5637.894040270825,0,7,Model_2
11881,1883.85888671875,5718.010587894125,5642.456251822354,1,1,Model_2
11882,4629.01611328125,5702.080692300806,5648.09595642268,1,2,Model_2
11883,3482.096923828125,5734.031166878529,5645.820856345876,2,0,Model_2
11884,6208.4384765625,5789.060334326467,5651.825848753564,9,0,Model_2
11885,12087.6865234375,5680.084215940442,5669.6761991698295,5,48,Model_2
11886,9325.1162109375,5817.720889127115,5656.314578811929,270,0,Model_2
11887,7550.228515625,5758.436046803137,5658.019490763894,2,0,Model_2
11888,7204.8720703125,5660.045948441373,5661.713348901016,4,11,Model_2
11889,11729.3564453125,5637.909534259234,5672.136416085181,2,14,Model_2
11890,8747.0361328125,5712.834269453771,5670.365088168241,5,13,Model_2
11891,3250.27001953125,5738.551066457527,5664.086659819644,1,0,Model_2
11892,11388.4775390625,5789.856691009598,5679.989750667068,11,1,Model_2
11893,6503.73828125,5841.267729249783,5681.9271184964455,122,0,Model_2
11894,4308.04443359375,5817.248598978622,5677.7951976116165,149,1,Model_2
11895,8787.6103515625,5755.363859229023,5696.325958392466,10,0,Model_2
11896,4651.76708984375,5819.829162889393,5695.806642070587,164,2,Model_2
11897,3243.78662109375,5847.7624092742335,5711.550051980943,44,0,Model_2
11898,2506.580078125,5745.21698618494,5712.4480806137435,1,0,Model_2
11899,5133.337890625,5689.325636039022,5716.396297765663,0,33,Model_2
11900,3668.3681640625,5812.943209350109,5716.637232276902,58,0,Model_2
11902,3797.37060546875,6623.789901540149,5530.060655605688,24,0,Model_2
11903,4345.14013671875,6603.900317976717,5559.368466532964,50,2,Model_2
11904,5712.81787109375,6622.460952555062,5567.049402227043,44,1,Model_2
11905,6718.31982421875,6642.023707653163,5568.566371129185,53,3,Model_2
11906,4958.66748046875,6586.925952259684,5584.091456218506,38,1,Model_2
11907,2470.459716796875,6628.055703495396,5588.769542432332,19,1,Model_2
11908,3811.377197265625,6611.422896540724,5600.9865472236415,47,0,Model_2
11909,7337.40380859375,6584.198085378623,5609.9527024952695,47,0,Model_2
11910,1159.3668212890625,6620.145994312596,5612.474389505864,18,0,Model_2
11911,6206.80712890625,6570.652656616876,5625.935633811227,26,1,Model_2
11912,2825.83984375,6598.777857184876,5629.905754100531,51,0,Model_2
11913,4042.320068359375,6619.535607629456,5635.990586976754,58,0,Model_2
11914,7542.31884765625,6557.217244761065,5646.920252532058,11,0,Model_2
11915,3888.4912109375,6578.267299537314,5650.305347087327,30,0,Model_2
11916,2917.779052734375,6600.258712358074,5645.16022946022,20,1,Model_2
11917,2526.16455078125,6617.634018347366,5652.933723573573,22,0,Model_2
11918,1705.87890625,6590.882417977322,5654.009803516732,5,0,Model_2
11919,3327.553955078125,6604.897835278651,5665.368346633099,30,1,Model_2
11920,4624.0615234375,6557.138529736316,5669.894523990864,43,1,Model_2
11921,6705.72119140625,6582.813437457895,5673.818718346942,43,1,Model_2
11922,5382.95166015625,6551.688319835579,5689.776920314238,22,2,Model_2
11923,5888.130859375,6628.57080356963,5703.171748654626,0,0,Model_2
11924,3145.30224609375,6574.3177386464085,5718.0263151188265,29,0,Model_2
11925,4946.48388671875,6852.398587569129,5410.812203598674,89,0,Model_2
11926,2139.677490234375,6823.927225020947,5407.661684579274,62,0,Model_2
11927,2270.86962890625,6836.399183386704,5409.354585133318,52,0,Model_2
11928,4957.3896484375,6871.231272320729,5412.6386426354875,100,0,Model_2
11929,3375.7392578125,6899.994478878798,5409.687371511012,43,0,Model_2
11930,2801.059814453125,6886.589448260609,5416.193309867289,78,0,Model_2
11931,3144.212158203125,6810.518051506719,5414.17468846374,86,1,Model_2
11932,3128.551513671875,6778.940897894325,5414.624056056549,37,0,Model_2
11933,4127.0478515625,6917.08392504137,5417.135851327679,75,0,Model_2
11934,4778.35400390625,6796.156472225208,5421.740456048341,104,0,Model_2
11935,2857.162109375,6935.886228555348,5418.5553159408155,32,0,Model_2
11936,4441.390625,6956.103100905893,5423.612114465563,75,0,Model_2
11937,4394.41650390625,6763.696881756419,5425.904878362839,84,1,Model_2
11938,1287.9957275390625,6823.41995041701,5422.675931980542,24,0,Model_2
11939,3812.93505859375,6744.549797227606,5429.754178120114,62,0,Model_2
11940,4454.29052734375,6836.285023584729,5429.612161003519,137,0,Model_2
11941,4464.98974609375,6860.560092766769,5435.12185988517,94,1,Model_2
11942,3388.971435546875,6887.3393124437425,5431.454850755166,92,1,Model_2
11943,2940.529296875,6902.410247591557,5435.9485266832635,58,0,Model_2
11944,2737.105712890625,6818.396458808333,5437.351034028747,79,0,Model_2
11945,3237.0498046875,6918.352571872994,5435.86232723936,46,0,Model_2
11946,2909.17822265625,6780.5870085873175,5437.146840264089,103,0,Model_2
11947,3198.78369140625,6803.46039794269,5440.378612857661,76,1,Model_2
11948,2016.9281005859375,6842.629178386414,5440.365188354102,56,0,Model_2
11949,7886.271484375,6722.605337228626,5447.5819188461755,93,0,Model_2
11950,2706.4248046875,6764.715573860332,5443.849906856834,61,0,Model_2
11951,1564.599365234375,6793.419398908503,5446.591331794101,28,0,Model_2
11952,2438.918701171875,6874.625224820571,5447.093690848327,69,0,Model_2
11953,2792.68310546875,6697.440466041677,5449.144813681545,24,0,Model_2
11954,5079.615234375,6750.878301088698,5454.559834485466,80,0,Model_2
11955,1388.771728515625,6887.384884300176,5446.21261948318,39,0,Model_2
11956,1928.233642578125,6860.2935664549,5449.004916223406,23,0,Model_2
11957,2183.44775390625,6922.36197459558,5452.168859746365,25,0,Model_2
11958,2467.219970703125,6907.315896824002,5453.1467288477,35,0,Model_2
11959,2354.75390625,6932.95213751588,5455.009908631095,19,0,Model_2
11960,5515.09912109375,6967.028838405386,5456.553726540355,38,0,Model_2
11961,2148.776123046875,6824.927043931792,5455.252256247972,43,0,Model_2
11962,2426.2255859375,6837.12833308964,5455.074911490432,26,1,Model_2
11963,2664.025390625,6781.500747324899,5455.85423924966,35,0,Model_2
11964,3589.899169921875,6813.170885937288,5461.555413945229,52,0,Model_2
11965,3470.3759765625,6892.347153111827,5459.473909340799,48,0,Model_2
11966,4573.71484375,6677.520961562404,5463.856656476331,20,0,Model_2
11967,1432.1654052734375,6690.067492056871,5464.852189398138,0,0,Model_2
11968,3187.915771484375,6794.478139007464,5462.370069345401,54,1,Model_2
11969,1283.9771728515625,6768.673420543317,5457.930091431539,29,0,Model_2
11970,2548.78564453125,6849.994326900924,5461.42823443783,48,0,Model_2
11971,2835.4482421875,6734.61144995084,5463.506912830984,49,0,Model_2
11972,4590.17041015625,6869.88483110792,5465.023175180308,62,1,Model_2
11973,5513.15380859375,6709.8383126005065,5471.040885538736,93,1,Model_2
11974,4848.17529296875,6914.239596749423,5469.658161672181,3,0,Model_2
11975,5243.34912109375,6769.725716137327,5473.744156623783,81,1,Model_2
11976,3962.992431640625,6833.99952593632,5474.482504319516,9,2,Model_2
11977,4009.463623046875,6729.780372847104,5485.374016022601,25,0,Model_2
11978,5387.111328125,6803.385365492199,5477.604054673342,15,0,Model_2
11979,1800.4549560546875,6879.214172666892,5476.263017423102,3,0,Model_2
11980,6058.28759765625,6893.352035562275,5487.8547229697,0,0,Model_2
11981,13793.724609375,6929.531486352673,5484.581970312633,4,2,Model_2
11982,3161.6318359375,6666.278062355006,5479.943451056664,60,0,Model_2
11983,4239.6025390625,6749.706321831327,5481.184157806623,44,1,Model_2
11984,1274.7530517578125,6852.354396678042,5473.94199141307,1,0,Model_2
11985,5014.3759765625,6687.037654086715,5488.385344136681,73,1,Model_2
11986,4059.595458984375,6853.877141133416,5485.369776705687,0,0,Model_2
11987,5455.60693359375,6652.140199459624,5493.528342105332,46,0,Model_2
11988,3506.6953125,6711.710441288538,5487.432910936826,19,0,Model_2
11989,4256.744140625,6821.838284773519,5493.772809380665,1,1,Model_2
11990,9888.4892578125,6939.308721005684,5500.331032645539,1,1,Model_2
11991,5743.91650390625,6872.136725266231,5496.604673078749,0,1,Model_2
11992,2453.54443359375,6741.604198143585,5494.842530348455,20,0,Model_2
11993,9020.978515625,6770.447961013531,5498.966679152276,5,1,Model_2
11994,4300.14404296875,6797.445833537029,5491.78951561806,1,0,Model_2
11995,2519.225830078125,6835.701335564954,5499.411100875353,0,0,Model_2
11996,2227.942626953125,6701.884412526619,5500.703385981091,38,2,Model_2
11997,1605.173583984375,6668.416717354907,5500.405220691522,16,2,Model_2
11998,2057.474365234375,6717.565274035791,5502.745323627663,19,0,Model_2
11999,3169.63671875,6850.171550787054,5504.264412188262,1,0,Model_2
12000,1048.1375732421875,6679.658695918741,5503.8150445954525,3,0,Model_2
12001,6139.90478515625,6636.5656722821295,5514.860584813054,54,1,Model_2
12002,2133.025390625,6733.179849208333,5508.002076600154,14,0,Model_2
12003,6038.77587890625,6806.064438264351,5512.331832274271,4,1,Model_2
12004,2068.754638671875,6689.7365206955,5509.97901138739,20,1,Model_2
12005,7578.37890625,6893.560561329592,5519.415024283575,0,1,Model_2
12006,4958.5849609375,6736.227639727993,5522.056825273379,4,0,Model_2
12007,3197.751220703125,6654.862542479299,5515.02733127831,91,1,Model_2
12008,6113.59765625,6868.716534424806,5518.102955698909,1,0,Model_2
12009,6785.28759765625,6780.455356557621,5523.863480831264,1,0,Model_2
12010,6770.04443359375,6836.209070490673,5519.542910343793,1,1,Model_2
12011,2719.321044921875,6672.5108192854095,5515.943023731583,34,1,Model_2
12012,2589.028564453125,6720.619969382184,5520.959548745654,4,0,Model_2
12013,2499.632080078125,6699.503167947521,5519.660198111727,27,1,Model_2
12014,2053.939697265625,6710.845956981648,5520.646545846888,23,1,Model_2
12015,6273.2744140625,6912.754598680185,5526.5865353952395,1,1,Model_2
12016,4892.82666015625,6958.527615732513,5523.4402556927525,10,0,Model_2
12017,10014.2802734375,6752.397362969816,5535.482741937798,1,2,Model_2
12018,1773.0904541015625,6668.710862973705,5528.912507275003,38,1,Model_2
12019,2450.21435546875,6795.769801928196,5531.853886660014,2,2,Model_2
12020,2075.06201171875,6813.481142818462,5529.862114263582,2,2,Model_2
12021,2358.643310546875,6653.545101538766,5532.022046230908,43,0,Model_2
12022,3806.91552734375,6867.987845043652,5535.869226329727,0,2,Model_2
12023,3958.753173828125,6697.689960447606,5537.875836335355,13,1,Model_2
12024,7271.47119140625,6833.512045169016,5540.3982298987685,1,5,Model_2
12025,4372.01904296875,6616.303688396933,5545.054412975209,33,2,Model_2
12026,7186.14404296875,6918.442794942297,5551.96237988543,2,4,Model_2
12027,3346.807861328125,6640.421327529475,5543.248463970143,38,0,Model_2
12028,16856.94921875,6842.223174574552,5564.288193810848,1,13,Model_2
12029,2007.7623291015625,6668.065491835121,5544.436885811505,21,1,Model_2
12030,3838.86669921875,6681.4046964384615,5550.950596248789,13,1,Model_2
12031,16915.28515625,6780.139115493279,5562.45822200994,3,9,Model_2
12032,8259.9248046875,6807.8173436108045,5554.792123925057,0,0,Model_2
12033,4934.06201171875,6886.759306998225,5549.05208882445,0,4,Model_2
12034,2095.711181640625,6655.407563469373,5547.64110284514,27,1,Model_2
12035,7243.5966796875,6702.596070001833,5557.563930633536,0,0,Model_2
12036,2244.613037109375,6936.057928580092,5555.396226585202,1,0,Model_2
12037,982.8489990234375,6738.188150198199,5554.017742035561,0,0,Model_2
12038,2783.412841796875,6663.722816142254,5562.143806005537,20,1,Model_2
12039,6519.6123046875,6880.314802048029,5567.529151591065,0,2,Model_2
12040,6469.45556640625,6718.93519165949,5590.179115306004,0,1,Model_2
12041,1707.6048583984375,6925.029539323179,5571.803796145308,0,0,Model_2
12042,4838.57861328125,6602.1349839421455,5583.875251055928,41,1,Model_2
12043,8933.638671875,6670.78645388945,5585.8260433888645,9,0,Model_2
12044,4596.34765625,6739.072428341722,5591.971639807511,0,7,Model_2
12045,4984.4951171875,6939.6189778868575,5581.0589315198595,2,2,Model_2
12046,4073.510009765625,6980.847237983951,5577.393335495493,0,0,Model_2
12047,7794.5634765625,6697.953264506999,5582.110988667177,5,3,Model_2
12048,2720.952392578125,6812.709643511567,5583.697906298388,0,1,Model_2
12049,9169.744140625,6867.031756702112,5587.012345571769,3,7,Model_2
12050,3278.116455078125,6646.701957925223,5585.361838186858,27,1,Model_2
12051,12197.1533203125,6769.7206525977235,5595.425269986212,1,22,Model_2
12052,7535.28515625,6926.488759372616,5600.691208145348,2,9,Model_2
12053,326.26226806640625,6835.837590812473,5598.474045399693,0,0,Model_2
12054,1719.7823486328125,6982.115884815576,5593.196802395454,0,0,Model_2
12055,2490.421875,6639.1927286928985,5600.600062831712,43,1,Model_2
12056,1857.57861328125,6909.571013234789,5601.406946150877,0,8,Model_2
12057,6822.5927734375,6660.843503394863,5608.310673744185,2,0,Model_2
12058,2302.288818359375,6630.151548569556,5608.5367706462275,41,2,Model_2
12059,5053.70849609375,6687.756216388661,5611.092372192128,3,0,Model_2
12060,6013.19384765625,6703.233155348338,5619.409205423202,3,3,Model_2
12061,3623.63818359375,6733.604726213263,5614.035871235596,2,7,Model_2
12062,10589.640625,6938.704778827494,5628.662927692116,1,4,Model_2
12063,1766.5386962890625,6764.059615320759,5617.630811978073,0,0,Model_2
12064,9281.595703125,6790.2385753938,5623.920545171772,1,15,Model_2
12065,2813.916259765625,6608.2549620359205,5618.812168291246,26,1,Model_2
12066,4187.59033203125,6640.800632677972,5629.727702790173,18,0,Model_2
12067,1450.2135009765625,6625.7872377529275,5621.943610384536,20,1,Model_2
12068,5604.1845703125,6956.458929643501,5639.103658696753,1,0,Model_2
12069,6799.6552734375,6660.3762767859735,5632.897298735683,1,0,Model_2
12070,2899.37548828125,6968.73294964293,5638.527818149363,1,0,Model_2
12071,4669.1787109375,6766.398510295898,5646.930850824341,4,8,Model_2
12072,7627.2060546875,6790.095415319549,5647.717244111758,3,18,Model_2
12073,2165.60400390625,6698.19447312085,5643.596628072031,0,2,Model_2
12074,2489.865478515625,6632.738556985278,5648.64636106859,3,0,Model_2
12075,412.73028564453125,6741.416847178247,5647.470657177968,0,4,Model_2
12076,3555.39501953125,6752.53269757377,5660.700858711556,0,5,Model_2
12077,2497.3427734375,6667.953633642057,5661.072505494289,0,1,Model_2
12078,5575.66552734375,6716.078895001207,5675.007140188303,0,10,Model_2
12079,4204.40283203125,6626.563800599426,5668.653110688087,3,0,Model_2
12080,5931.72802734375,6653.286861018976,5688.576487074955,1,4,Model_2
12081,1925.2420654296875,6692.886962972581,5689.68082913087,0,1,Model_2
12082,2055.599365234375,6685.9453104976565,5706.742666601262,0,0,Model_2
12083,377.8516845703125,6964.664625732228,5731.506636350299,0,0,Model_2
12084,5548.791015625,6975.21474065748,5435.740093601693,95,1,Model_2
12085,2750.369873046875,6935.681385362288,5434.656948130345,78,0,Model_2
12086,4760.7587890625,6996.849864418851,5444.095787237806,78,1,Model_2
12087,3534.234130859375,6950.793289148714,5442.383103204833,39,0,Model_2
12088,2415.228759765625,7013.948977338849,5447.967696685286,42,0,Model_2
12089,1570.9329833984375,7030.223193625221,5451.319583258068,18,0,Model_2
12090,2708.859130859375,6945.212347861845,5458.980735473218,17,2,Model_2
12091,6485.8505859375,6985.184389815433,5468.023198449286,68,2,Model_2
12092,2448.319580078125,7022.561597883003,5461.977932530921,26,0,Model_2
12093,3001.259521484375,7004.30247407197,5465.266935902822,40,1,Model_2
12094,3967.4365234375,7040.987358179176,5467.224793763948,89,0,Model_2
12095,5235.419921875,7014.62150746258,5478.825684497191,28,1,Model_2
12096,4247.4765625,7058.642539812019,5481.119154947286,57,1,Model_2
12097,7490.486328125,6963.750426672865,5496.692285628291,3,0,Model_2
12098,2838.874267578125,7038.524176322855,5483.721388979233,10,0,Model_2
12099,3872.45849609375,7075.296981890453,5490.514894332795,31,0,Model_2
12100,7413.77783203125,6987.335473503452,5497.135294245731,5,0,Model_2
12101,6468.79052734375,7015.320736249676,5499.081847261754,5,0,Model_2
12102,6005.4375,7089.591354191769,5504.6961159606,51,0,Model_2
12103,3265.915771484375,7043.815575208748,5497.376935309789,7,0,Model_2
12104,1667.978759765625,7057.724197856616,5502.033824939048,18,1,Model_2
12105,2127.136474609375,7033.261317387456,5507.231934027572,2,0,Model_2
12106,4093.88916015625,7066.485962658189,5512.429336563277,41,0,Model_2
12107,3637.557373046875,7106.576767631574,5512.7868522896315,51,0,Model_2
12108,1467.3306884765625,7002.374186126515,5511.941108565428,0,0,Model_2
12109,5571.48876953125,6981.742103528464,5521.02525815781,2,1,Model_2
12110,2891.57861328125,7047.881137188757,5518.497212171846,8,1,Model_2
12111,3580.10009765625,7024.557553130435,5520.798454702948,0,0,Model_2
12112,1277.1875,7120.2253084725235,5519.765474481741,14,0,Model_2
12113,1277.4468994140625,7074.612943722168,5522.747833930247,2,0,Model_2
12114,4077.468017578125,7003.846295185853,5527.669680866587,3,2,Model_2
12115,4818.99560546875,6938.538142342353,5530.649920656637,2,0,Model_2
12116,1367.796630859375,7038.911767263431,5527.700769190618,1,0,Model_2
12117,4119.47216796875,7083.381153028691,5529.783686900686,52,1,Model_2
12118,4229.92236328125,7135.99040886783,5534.38687851571,10,0,Model_2
12119,4191.57666015625,7109.527890576981,5532.511687334394,36,0,Model_2
12120,1444.52392578125,7060.841957287164,5530.083971848711,3,0,Model_2
12121,5443.58251953125,7043.645716471132,5544.52873767796,2,0,Model_2
12122,4253.50732421875,7012.910491398303,5542.486800031387,2,0,Model_2
12123,1755.526611328125,7028.764433897566,5539.219699796871,1,1,Model_2
12124,4558.71142578125,6963.048435955076,5543.6589711579145,2,0,Model_2
12125,4603.4013671875,7087.025060256245,5545.221865993284,22,0,Model_2
12126,2333.364501953125,7122.978953373386,5543.322652016126,17,0,Model_2
12127,4856.806640625,6985.166437265929,5542.713603486249,4,1,Model_2
12128,563.0664672851562,7057.150176594267,5540.420839588973,1,0,Model_2
12129,5334.47314453125,7061.662250702968,5552.616647795716,1,1,Model_2
12130,2070.452392578125,6946.280754718231,5549.057741247001,0,0,Model_2
12131,6535.12451171875,7104.973006542539,5556.294255218003,36,1,Model_2
12132,5901.0556640625,7150.608387382003,5564.062096908805,16,1,Model_2
12133,2441.975341796875,7136.148759560892,5553.262437072175,18,0,Model_2
12134,2517.142822265625,7023.923229714623,5554.705217928335,4,0,Model_2
12135,3539.169189453125,6998.963201720733,5558.901435119682,2,0,Model_2
12136,2535.924072265625,7074.573816370685,5561.849880032882,2,0,Model_2
12137,4093.649658203125,6976.786279221764,5561.789116490458,0,0,Model_2
12138,7056.7470703125,6955.638636227697,5570.4775965042645,0,1,Model_2
12139,3680.0068359375,7127.351549982093,5566.433994721796,22,0,Model_2
12140,2163.51416015625,7003.5148635027,5570.377972556802,0,1,Model_2
12141,4528.447265625,7042.4028476593085,5571.7479784726165,3,0,Model_2
12142,3588.815185546875,7021.622081125621,5572.304035541078,4,0,Model_2
12143,4166.30419921875,7084.485464984085,5574.002588517673,2,0,Model_2
12144,2503.522705078125,7062.471496396,5576.991306941549,0,0,Model_2
12145,4081.6298828125,7107.29532993352,5580.795387318416,33,0,Model_2
12146,1494.226806640625,7120.441659710137,5576.265677196556,8,0,Model_2
12147,1043.8885498046875,7159.915173173649,5581.610749271407,3,0,Model_2
12148,4487.81884765625,7143.088570748689,5586.2132343336125,42,1,Model_2
12149,4181.13037109375,7003.547086027451,5584.641860864416,0,0,Model_2
12150,3090.38671875,7088.987412013579,5589.54887019156,1,0,Model_2
12151,198.06800842285156,7046.2364074611105,5581.256059756328,0,0,Model_2
12152,3222.710693359375,7122.038976294221,5593.145930592495,37,0,Model_2
12153,4156.9970703125,7025.9919158036355,5592.730477534991,0,0,Model_2
12154,3388.258056640625,7047.562134193722,5589.293804623943,1,0,Model_2
12155,846.8099975585938,7067.23306491063,5587.061804269091,0,0,Model_2
12156,5545.80859375,7167.910041886149,5599.695675223542,42,1,Model_2
12157,6305.9404296875,6959.12235147506,5598.987709299021,2,0,Model_2
12158,918.1409912109375,7100.876603003126,5594.678443656652,0,0,Model_2
12159,994.4446411132812,7134.953764214413,5597.301167720347,11,0,Model_2
12160,1514.5181884765625,7059.943869490176,5598.018318831513,1,0,Model_2
12161,4686.64599609375,7000.2028482800815,5601.163185428362,0,1,Model_2
12162,3760.327392578125,7101.780674983282,5604.728450952447,2,0,Model_2
12163,2416.60107421875,7146.174107654486,5602.829943528108,39,1,Model_2
12164,1854.7119140625,7035.55648179329,5606.4015680275625,0,0,Model_2
12165,3771.66552734375,7070.016630727332,5607.4296023790375,5,0,Model_2
12166,4733.94775390625,6972.061536449706,5611.021010357421,0,0,Model_2
12167,3119.8623046875,7047.998519243207,5609.380394711974,1,0,Model_2
12168,2654.10107421875,7125.832027779194,5609.526651145483,30,0,Model_2
12169,6650.9130859375,7008.261701720301,5614.4251818388,3,1,Model_2
12170,2240.89990234375,7081.869456296088,5614.28599093348,2,0,Model_2
12171,11403.7880859375,7186.506581563503,5632.504455368384,72,0,Model_2
12172,2916.704833984375,7152.360372084891,5616.281296094006,48,0,Model_2
12173,4213.4462890625,7139.13624792709,5625.510289014259,24,0,Model_2
12174,2785.27001953125,7097.893717854749,5618.280134018627,0,1,Model_2
12175,12093.220703125,7114.896623522276,5635.514370376826,3,1,Model_2
12176,2840.990966796875,6982.12324996409,5623.332693226461,2,0,Model_2
12177,1077.014892578125,7027.5036125362385,5619.382356416085,0,0,Model_2
12178,4634.34912109375,7063.634269217728,5627.340260815166,4,0,Model_2
12179,4605.25830078125,7156.063200500561,5632.243737378216,22,0,Model_2
12180,3958.448974609375,7039.168626817875,5626.968614032434,2,2,Model_2
12181,4413.80859375,7083.991079390049,5633.579828758724,2,0,Model_2
12182,790.5669555664062,7016.47614392289,5627.295041434758,0,1,Model_2
12183,4451.2275390625,7165.439034559531,5642.555875769816,22,0,Model_2
12184,2840.116943359375,6997.48142590397,5631.322392502392,2,0,Model_2
12185,2641.14599609375,7023.929213897791,5636.6321369362995,0,1,Model_2
12186,7387.87548828125,6981.4083702364005,5653.077153795806,0,0,Model_2
12187,3362.803466796875,7005.172021918464,5643.370531169989,0,0,Model_2
12188,1487.10205078125,7047.7863109016325,5640.7640578211285,1,0,Model_2
12189,3617.78662109375,7081.52191335056,5646.9774833103875,5,2,Model_2
12190,3106.74462890625,7030.187288526213,5648.138349591813,0,0,Model_2
12191,5415.13623046875,7136.084774833173,5657.543980716786,12,0,Model_2
12192,5328.9013671875,7040.495734515833,5658.577667490812,2,0,Model_2
12193,2359.555908203125,7114.177600898547,5656.405724125565,3,0,Model_2
12194,5306.158203125,7071.073529539164,5658.618647554307,2,0,Model_2
12195,2335.445068359375,7158.512572703417,5657.558818325982,26,0,Model_2
12196,3753.821044921875,7005.595057636267,5657.230977818021,1,0,Model_2
12197,4701.68896484375,7166.869254336692,5669.939743371273,17,0,Model_2
12198,11912.5751953125,7194.76567497896,5671.288552702521,75,1,Model_2
12199,4049.147216796875,7103.256006295094,5667.174295638164,0,0,Model_2
12200,1992.53564453125,7006.833783552051,5668.68914488185,0,0,Model_2
12201,2907.73974609375,7053.167012213264,5671.6601994852535,0,0,Model_2
12202,4152.40625,7127.75847443752,5675.879732919624,4,0,Model_2
12203,3397.25927734375,6996.8889917703345,5680.922400387994,1,0,Model_2
12204,2450.102294921875,7016.033314368455,5679.490924376936,1,0,Model_2
12205,2309.9609375,7041.051803228678,5680.739403207903,4,0,Model_2
12206,2779.25634765625,7102.264933498111,5680.6927707218565,2,0,Model_2
12207,2582.477294921875,7153.535113272956,5686.552919801674,18,0,Model_2
12208,2654.572998046875,7026.333474565996,5687.645250459667,1,0,Model_2
12209,2437.926513671875,7052.666642436059,5690.133729487774,1,0,Model_2
12210,3231.726318359375,7105.356914908858,5691.455689811904,2,0,Model_2
12211,4502.70556640625,7172.751246069092,5691.995496165531,11,0,Model_2
12212,4606.00244140625,7076.769090949791,5699.294186784595,5,1,Model_2
12213,4594.0166015625,7188.108501365408,5702.8107001641765,27,1,Model_2
12214,472.64984130859375,6997.76728573069,5697.332796159375,2,0,Model_2
12215,5028.435546875,7125.503818348516,5699.787360652175,0,2,Model_2
12216,7645.66943359375,7033.723020134959,5709.847259687434,2,0,Model_2
12217,1331.078125,7089.495146939298,5703.409150401771,0,0,Model_2
12218,4954.21337890625,6995.491915161489,5712.033334109059,1,0,Model_2
12219,6136.60205078125,7132.587249932345,5713.023214608314,2,1,Model_2
12220,4253.35302734375,7080.644079711987,5716.787021474505,2,1,Model_2
12221,6046.7392578125,1054.6142092618393,5672.734159769956,18,6,Model_2
12222,6490.40283203125,1120.6601428416907,5684.512395260739,60,0,Model_2
12223,5592.75830078125,1232.9237643154338,5691.329216857324,7,1,Model_2
12224,13953.0849609375,1091.9816354915383,5715.340707854251,128,3,Model_2
12225,5488.06640625,1118.6649931573775,5708.972547297657,59,0,Model_2
12226,2233.417724609375,1174.7015748255653,5704.076136262796,13,1,Model_2
12227,13462.4130859375,1265.5316934785224,5729.71552495443,24,45,Model_2
12228,5213.431640625,1175.783561174525,5719.873244187387,31,0,Model_2
12229,12340.22265625,1060.13139598188,5731.002157637617,54,8,Model_2
12230,10896.8525390625,1191.19501936069,5735.16304718802,25,3,Model_2
12231,7306.52197265625,1142.8639941649162,5732.845553942083,50,1,Model_2
12232,8664.134765625,1224.22264690866,5734.639491549227,14,4,Model_2
12233,6068.62890625,1120.50846681447,5732.755115181266,39,0,Model_2
12234,3045.4482421875,1162.6445965464227,5738.784130384796,11,0,Model_2
12235,8937.6533203125,1093.9844955657027,5752.691916071693,63,0,Model_2
12236,13241.3583984375,1237.4718586035888,5764.536567527452,17,4,Model_2
12237,1533.5167236328125,1154.470662660664,5750.478286090132,15,0,Model_2
12238,8718.787109375,1061.1685009570792,5758.08432718541,56,2,Model_2
12239,4808.1396484375,1212.8860722185927,5757.921820037067,10,0,Model_2
12240,9461.384765625,1120.1909598652273,5764.542219950003,102,0,Model_2
12241,12074.5068359375,1190.0378854807932,5770.531668195676,26,1,Model_2
12242,8773.5322265625,1164.7002785450895,5772.377890711417,40,1,Model_2
12243,7368.7216796875,1139.9790424756939,5770.394596948812,47,0,Model_2
12244,6863.38720703125,1094.6753234802745,5778.902199440985,61,1,Model_2
12245,5616.705078125,1071.2793538217084,5782.888570445124,22,4,Model_2
12246,4452.55712890625,1290.4676696592942,5783.171191572677,4,4,Model_2
12247,12555.3408203125,1203.7547841063933,5807.119799368724,31,1,Model_2
12248,5706.123046875,1150.6423965593567,5794.916219080973,30,0,Model_2
12249,9833.416015625,1230.8015658192453,5802.772379874135,29,1,Model_2
12250,2926.24755859375,1247.4410474397591,5803.649211922369,8,0,Model_2
12251,6467.71044921875,1114.1613199212006,5800.8293596222065,72,3,Model_2
12252,5799.5244140625,1178.2617034887662,5801.128231464594,24,0,Model_2
12253,8420.9873046875,1096.0290147611522,5813.212404325954,83,0,Model_2
12254,5617.22607421875,1140.9108488432248,5806.6372237934265,58,1,Model_2
12255,13214.7763671875,1073.3817584812641,5816.294387721922,82,4,Model_2
12256,15324.84375,1268.9055069003953,5820.898285889765,11,4,Model_2
12257,7805.49853515625,1052.5373524611932,5823.637591168575,37,1,Model_2
12258,14914.6318359375,1130.371091158071,5831.015415703354,122,0,Model_2
12259,10497.587890625,1180.2123170406558,5830.718663519423,62,0,Model_2
12260,9763.2373046875,1221.6552021686803,5835.156521774828,13,1,Model_2
12261,7318.490234375,1164.2866794238216,5843.847827999911,48,0,Model_2
12262,5054.28369140625,1242.0679414375336,5842.287759375817,7,0,Model_2
12263,4574.47607421875,1104.2375878610183,5850.173595387372,38,1,Model_2
12264,6058.87841796875,1058.7337439708062,5848.996478391113,21,2,Model_2
12265,8854.1591796875,1211.3248908944079,5860.783899068541,34,0,Model_2
12266,4637.30126953125,1088.6026434496162,5853.766416471393,47,0,Model_2
12267,10402.7919921875,1147.9873756003217,5866.134623565944,95,1,Model_2
12268,3316.4716796875,1123.5589041843778,5855.854986604012,52,0,Model_2
12269,8362.9306640625,1078.1239934810437,5873.162704455375,26,0,Model_2
12270,9399.7021484375,1190.1553826156887,5873.477120459778,71,0,Model_2
12271,10786.2236328125,1243.0293234795681,5883.3123356986325,24,5,Model_2
12272,5872.55322265625,1058.6953071019961,5877.70866529207,24,2,Model_2
12273,9788.8876953125,1120.5180184914498,5880.2204605632,92,1,Model_2
12274,6486.88037109375,1169.1671260386938,5880.775104526023,23,0,Model_2
12275,2507.181396484375,1097.7467054912704,5878.076072757889,18,0,Model_2
12276,20976.005859375,1224.5285307329032,5915.338961872971,37,3,Model_2
12277,2155.256103515625,1209.611112899438,5887.928951817215,42,1,Model_2
12278,8667.9384765625,1096.85022882052,5901.852634942537,79,0,Model_2
12279,1813.810791015625,1141.818603397638,5898.3400076034595,15,0,Model_2
12280,6696.58642578125,1195.7848878505756,5904.474299177004,50,1,Model_2
12281,5942.74951171875,1071.592142472684,5907.14012296265,30,0,Model_2
12282,8559.2724609375,1124.2871332437498,5911.335986877588,54,1,Model_2
12283,9918.0908203125,1078.7343801641837,5932.872423349967,70,2,Model_2
12284,12111.833984375,1109.2431269201916,5942.750738310773,108,0,Model_2
12285,7299.25244140625,1209.00222226209,5950.499149799056,77,0,Model_2
12286,14316.8935546875,1242.990656449867,5956.835162202391,10,2,Model_2
12287,11914.8203125,1185.6527451035217,5964.754912749253,58,0,Model_2
12288,7134.83203125,1083.990909675078,5959.779721075087,22,0,Model_2
12289,19857.6875,1259.0077830209048,5986.33692187845,42,17,Model_2
12290,14179.0732421875,1095.696662434435,5985.5717251756,49,1,Model_2
12291,8740.603515625,1216.199353326112,5982.129399842001,90,1,Model_2
12292,7630.2978515625,1174.1178868057905,5993.38478624681,69,1,Model_2
12293,2672.6328125,1198.8033328566235,5994.837812118843,46,0,Model_2
12294,7315.021484375,1115.6102978109848,6006.421039031615,3,0,Model_2
12295,1320.10791015625,1220.7934797924827,6000.170872795774,19,0,Model_2
12296,8999.1025390625,1232.6728889441583,6019.672790426179,137,5,Model_2
12297,6905.74853515625,1205.2692427696893,6015.9181687466335,113,0,Model_2
12298,7864.1015625,1175.5176102648838,6017.288174662448,77,0,Model_2
12299,9179.2265625,1150.156066596508,6037.761249142408,46,1,Model_2
12300,2990.630859375,1171.6440024680342,6041.628565996565,55,0,Model_2
12301,18572.71875,1336.7858227821416,5698.610243655916,5,19,Model_2
12302,14253.6181640625,1365.2633996743825,5695.2428129211185,12,18,Model_2
12303,33651.8828125,1525.3645813934272,5702.882061998884,15,11,Model_2
12304,11943.5478515625,1412.3935604209546,5685.6414666653145,10,14,Model_2
12305,12355.0576171875,1257.5742259108229,5698.634973004577,14,16,Model_2
12306,15016.9375,1307.194842579309,5723.562863007595,13,17,Model_2
12307,30602.298828125,1400.949960916536,5728.409815345134,19,32,Model_2
12308,25353.380859375,1556.8986949191894,5748.661032239965,9,5,Model_2
12309,12094.8369140625,1583.5658262422075,5751.261146613455,4,6,Model_2
12310,14715.5927734375,1338.0380131100537,5748.235687442997,2,18,Model_2
12311,6531.36328125,1366.1397372671636,5737.556848138396,10,12,Model_2
12312,17149.0625,1437.13182839629,5750.54328894947,11,12,Model_2
12313,11297.2236328125,1286.4899140592315,5754.020235371194,10,10,Model_2
12314,10231.2822265625,1609.8132591803442,5758.1118827453465,5,7,Model_2
12315,18541.439453125,1378.734716629202,5771.7363407518715,11,28,Model_2
12316,7762.13720703125,1523.1622869071434,5758.911700536322,1,3,Model_2
12317,12364.5712890625,1263.523079382081,5780.814837921702,12,3,Model_2
12318,10324.6640625,1315.5186112051597,5773.462449288403,9,19,Model_2
12319,17313.3984375,1342.282064861094,5796.865598308272,9,21,Model_2
12320,40997.25390625,1433.4360198877985,5809.32989658619,19,43,Model_2
12321,21332.642578125,1590.6433887233143,5795.805062527128,7,15,Model_2
12322,5595.13623046875,1296.2237633842742,5802.774499532592,13,1,Model_2
12323,7725.9423828125,1315.2309100913117,5812.471936971764,5,5,Model_2
12324,29826.046875,1373.8031742965104,5823.876406021358,16,55,Model_2
12325,12634.4521484375,1562.305749652849,5829.552851368266,3,23,Model_2
12326,12107.0869140625,1295.8835855872603,5841.26679055253,13,2,Model_2
12327,26093.24609375,1322.028596928867,5862.3800018863985,13,16,Model_2
12328,15334.408203125,1399.8721174636157,5854.384650187916,10,22,Model_2
12329,18941.8125,1453.3356154499925,5871.74253328942,5,9,Model_2
12330,14971.599609375,1264.8463894253364,5863.274497755105,25,1,Model_2
12331,20478.17578125,1415.9106489975238,5878.761428992206,8,27,Model_2
12332,19754.30078125,1362.6351924591581,5878.825725298724,20,11,Model_2
12333,7330.93017578125,1490.4450313207926,5889.055903563334,0,3,Model_2
12334,12433.314453125,1284.962106064253,5895.679129687545,24,13,Model_2
12335,11869.291015625,1325.7681360066636,5904.490903168247,24,20,Model_2
12336,14371.3095703125,1367.56466334383,5920.358313098317,8,8,Model_2
12337,33707.03515625,1434.9197520721355,5936.275888278527,19,26,Model_2
12338,10981.99609375,1260.9787658116547,5921.385287620564,18,2,Model_2
12339,29775.9609375,1389.5642468762235,5945.938351353165,23,36,Model_2
12340,14673.72265625,1306.9260146585293,5936.28083414826,22,7,Model_2
12341,21791.056640625,1474.3952219032217,5945.034670297813,3,8,Model_2
12342,18871.619140625,1339.9148600963526,5947.410454151308,17,18,Model_2
12343,10906.7529296875,1281.2539839480887,5946.531855721027,11,2,Model_2
12344,19650.970703125,1505.8063144327025,5958.739322049281,10,4,Model_2
12345,11137.3935546875,1546.3371870298288,5954.9147516406665,2,3,Model_2
12346,19791.890625,1604.9593961483915,5962.8217842367885,6,8,Model_2
12347,12486.859375,1300.1820703890407,5980.3421744866355,2,1,Model_2
12348,7810.189453125,1326.9121507157688,5983.916271920956,4,1,Model_2
12349,13130.9404296875,1538.5844475747435,5990.794916889194,16,10,Model_2
12350,12354.462890625,1433.5314215771505,5983.972796146467,10,11,Model_2
12351,23764.087890625,1577.4069509578403,6005.388765363226,7,15,Model_2
12352,33718.38671875,1378.593858163862,6010.344880111283,24,35,Model_2
12353,13940.9970703125,1344.154423710017,6005.878759743122,9,4,Model_2
12354,17509.91796875,1491.831290367758,6006.223557518737,6,25,Model_2
12355,12068.6826171875,1610.1040674662217,6011.684504255885,9,4,Model_2
12356,3623.709228515625,1411.8915795175126,6007.0640020967985,2,5,Model_2
12357,11538.1904296875,1431.2530589163653,6016.299353992421,12,19,Model_2
12358,22322.17578125,1275.9856011513039,6029.795572662319,40,6,Model_2
12359,5137.70947265625,1313.3626941384282,6020.100961434422,4,1,Model_2
12360,16987.873046875,1625.5211645942181,5689.821433141828,8,14,Model_2
12361,10292.6943359375,1659.469665867393,5694.452886869607,6,12,Model_2
12362,9998.98046875,1613.8564955539186,5724.029187868058,4,7,Model_2
12363,25873.619140625,1653.7235841411748,5741.176518229535,11,23,Model_2
12364,30594.01171875,1642.3375248595257,5790.900172858441,15,27,Model_2
12365,21013.30859375,1777.7437088507577,5876.850203617127,9,19,Model_2
12366,7439.4609375,1817.1213603031356,5889.236781084968,1,3,Model_2
12367,28586.2421875,1707.5073510074872,5904.286002850771,23,51,Model_2
12368,24170.81640625,1755.8378008010332,5919.422130613297,13,20,Model_2
12369,3706.794921875,1798.3817756319768,5901.506424061285,2,4,Model_2
12370,2423.979248046875,1784.378556857875,5905.759165478143,0,0,Model_2
12371,26921.400390625,1805.407782073482,5933.856651426671,21,43,Model_2
12372,4005.344482421875,1663.6436336271,5919.098882698658,3,2,Model_2
12373,18617.3359375,1710.8223583216895,5943.109313866356,18,12,Model_2
12374,12965.9482421875,1665.4810080205789,5949.745611217717,15,12,Model_2
12375,10900.1103515625,1634.8421052806661,5962.969453775935,4,7,Model_2
12376,12010.6982421875,1724.3988588037319,5965.893522616883,17,3,Model_2
12377,30294.158203125,1770.5993997112382,5979.711576095782,11,11,Model_2
12378,10329.0400390625,1806.3817078840802,5990.208478049521,11,14,Model_2
12379,12074.05078125,1689.0745708041359,5987.694209843525,27,5,Model_2
12380,10291.2060546875,1657.4348134293687,5983.731508358818,19,4,Model_2
12381,9935.0517578125,1725.5277979744715,5993.472752072761,34,7,Model_2
12382,13706.3095703125,1636.4748666419764,6014.796162870247,22,11,Model_2
12383,4425.75439453125,1655.7675279343966,6033.8162114781735,28,2,Model_2
12385,25176.033203125,2440.3669022667455,5736.259617162927,0,6,Model_2
12386,14912.564453125,2402.0978207462467,5740.537794481264,5,12,Model_2
12387,13999.3193359375,2521.701157956035,5737.057315295446,2,14,Model_2
12388,11980.673828125,2609.3082185707754,5751.547300505103,2,7,Model_2
12389,9887.517578125,2496.673232499277,5759.387210583431,0,9,Model_2
12390,32681.58984375,2551.497326593264,5792.206589020556,8,16,Model_2
12391,33570.75,2455.960532798199,5783.069447966758,1,2,Model_2
12392,8038.58935546875,2584.2676342650084,5773.61647780292,1,4,Model_2
12393,11889.3798828125,2390.237860189867,5779.532444555429,3,10,Model_2
12394,4629.6826171875,2518.070600060164,5773.6843068735325,1,12,Model_2
12395,20254.5859375,2503.399684541044,5805.379559775814,3,9,Model_2
12396,13599.142578125,2581.2269787329715,5827.0855689247255,5,8,Model_2
12397,27195.734375,2422.641981883906,5846.773663222906,1,0,Model_2
12398,10455.2529296875,2455.3160823031794,5830.65083444881,0,2,Model_2
12399,17838.85546875,2534.143425566843,5842.031987255381,4,16,Model_2
12400,10024.3662109375,2492.15563452919,5840.755246311659,0,9,Model_2
12401,6955.873046875,2462.5422136394773,5858.802018411574,0,9,Model_2
12402,15798.525390625,2569.833324141917,5870.358396317228,4,18,Model_2
12403,14693.7373046875,2498.9193726353114,5873.465815614676,3,18,Model_2
12404,14119.4697265625,2536.190246371203,5879.969634312496,5,21,Model_2
12405,7554.7021484375,2467.6025309907272,5884.837783234601,0,7,Model_2
12406,22164.78515625,2576.508220144082,5911.304545277148,7,27,Model_2
12407,16540.931640625,2452.3992533305427,5922.223259263759,1,3,Model_2
12408,11971.6279296875,2494.3253612493863,5904.080749256886,3,36,Model_2
12409,44054.5078125,2408.350371513283,5943.842715692357,0,0,Model_2
12410,23425.962890625,2538.7540085369255,5933.913882205001,5,12,Model_2
12411,15467.10546875,2496.0020833408926,5931.262896028551,1,17,Model_2
12412,17124.927734375,2602.544940786436,5953.135298366309,7,8,Model_2
12413,13819.734375,2478.083367487765,5958.306205171306,2,4,Model_2
12414,9248.1171875,2571.307274488383,5955.591629241157,3,14,Model_2
12415,12101.4794921875,2505.3588140459033,5971.997432419215,4,14,Model_2
12416,15227.9541015625,2456.028200100176,5978.712510409881,0,6,Model_2
12417,4823.189453125,2529.4143097378546,5975.002401557926,2,9,Model_2
12418,12823.8564453125,2553.5011073109927,5990.014529300737,1,6,Model_2
12419,14668.201171875,2586.4845439678757,5991.697538115317,4,12,Model_2
12420,4389.99755859375,2363.8393266267376,5983.053924205509,1,4,Model_2
12421,34267.015625,2402.617754199193,6009.034577908664,14,27,Model_2
12423,25515.24609375,2509.5035513724433,6011.838886046811,1,19,Model_2
12424,9079.9697265625,2730.7457079215674,5686.891358601919,1,6,Model_2
12425,12311.8740234375,2757.220885061426,5716.474725128559,1,6,Model_2
12426,17355.216796875,2908.7137042128015,5728.868368124589,1,5,Model_2
12427,19301.57421875,2637.4663321461994,5749.003710357123,4,13,Model_2
12428,23773.75,2743.991006881348,5779.701310679142,1,5,Model_2
12429,19796.794921875,2675.074851909303,5786.711021195282,6,22,Model_2
12430,8305.2548828125,2706.00594390044,5778.86757835286,0,11,Model_2
12431,13767.2822265625,2609.2170748579083,5798.713233929651,1,12,Model_2
12432,11402.927734375,2639.825711440644,5794.282441202435,1,15,Model_2
12433,20314.638671875,2699.331278059166,5827.645158757281,5,9,Model_2
12434,18899.916015625,2758.144981039106,5822.714833187114,2,14,Model_2
12435,7596.27392578125,2787.333524923888,5813.442033992091,4,7,Model_2
12436,8825.3427734375,2662.109428593074,5819.086684462149,3,0,Model_2
12437,12372.4931640625,2915.959629385732,5821.339881401567,3,12,Model_2
12438,10765.1953125,2886.142746268306,5825.398320793232,1,17,Model_2
12439,18929.302734375,2738.8466808048543,5846.409788521181,2,10,Model_2
12440,21544.662109375,2797.2329750100616,5853.113561666745,10,19,Model_2
12441,35727.12890625,2665.9353930854704,5877.500232210499,5,13,Model_2
12442,9757.6796875,2874.9458792391233,5853.885823897785,0,19,Model_2
12443,8006.0458984375,2930.3967014395166,5857.870075243467,7,21,Model_2
12444,27457.41796875,2897.5242023321334,5879.146500278497,9,71,Model_2
12445,28397.6796875,2840.0316228669835,5878.566420414194,5,15,Model_2
12446,11379.1640625,2710.353913293802,5866.293597950193,1,4,Model_2
12447,17394.583984375,2756.5260293312604,5888.171299434092,3,6,Model_2
12448,21324.841796875,2625.776920810109,5904.384213692596,1,4,Model_2
12449,24880.35546875,2719.981543367612,5906.717251100548,4,15,Model_2
12450,23998.248046875,2789.8678264955524,5908.891667400661,8,22,Model_2
12451,16512.658203125,2836.78037011961,5917.979703033547,7,42,Model_2
12452,12866.3291015625,2879.107188149821,5928.364263089083,5,12,Model_2
12453,11851.376953125,2913.523146192776,5925.194313867163,8,13,Model_2
12454,13548.4599609375,2684.945531884092,5932.212149740721,4,11,Model_2
12455,17558.5546875,2654.4241262790747,5946.096265908185,2,19,Model_2
12456,19695.5234375,2751.4047193438746,5950.016574223759,4,11,Model_2
12457,11559.74609375,2844.9303672726965,5945.54904074996,1,14,Model_2
12458,6853.76318359375,2626.4623399437405,5946.404322937218,0,3,Model_2
12459,16820.208984375,2712.031786189764,5955.791583688901,5,13,Model_2
12460,24000.201171875,2795.950748685864,5955.869304498978,4,17,Model_2
12461,8229.734375,2893.8782236565603,5954.309235874884,1,15,Model_2
12462,15946.880859375,2922.766637739376,5962.971926710801,5,7,Model_2
12463,25556.546875,2845.4523721736623,5980.264453676558,14,48,Model_2
12464,16591.923828125,2677.6181297557196,5983.983041162341,5,12,Model_2
12465,9410.7861328125,2637.4488399184775,5978.908932093531,2,8,Model_2
12466,12073.673828125,2942.884771067649,5982.16119471885,5,3,Model_2
12467,8693.5849609375,2885.1882690530038,5985.975873388001,4,27,Model_2
12468,12385.337890625,2741.396633317112,5989.370859682735,2,10,Model_2
12469,11872.2607421875,2798.1138007402187,5993.96698576957,3,19,Model_2
12470,19840.18359375,2700.1635398413055,6011.236549768713,6,18,Model_2
12471,23602.732421875,2624.4956151294755,6014.248584435612,7,19,Model_2
12472,8266.7509765625,2908.8135940395296,6002.146747753781,8,6,Model_2
12473,21519.8671875,2660.04051234317,6032.695618707425,4,17,Model_2
12474,19397.91015625,2857.8074088067515,6021.077770706528,7,52,Model_2
12475,12031.0,2919.255533345975,6031.15462700944,4,2,Model_2
12476,10523.4541015625,3042.6116438847966,5710.009766835778,2,0,Model_2
12477,9906.8193359375,2937.1056612535613,5726.579136991408,0,1,Model_2
12478,6255.93408203125,3021.7595274748746,5719.074839502049,21,0,Model_2
12479,11976.029296875,3041.999646075419,5748.723915440845,10,0,Model_2
12480,3797.66455078125,3013.959144715336,5761.135928810167,5,1,Model_2
12481,15399.8564453125,3076.4841920639155,5780.021379106096,10,0,Model_2
12482,5631.6259765625,3028.3128985265503,5776.338119261258,16,0,Model_2
12483,2621.19921875,2976.088011375512,5774.554073393578,0,0,Model_2
12484,12364.5263671875,2996.083008627058,5787.425346095173,9,2,Model_2
12485,11073.1201171875,3044.057054280769,5795.219330240274,33,0,Model_2
12486,3361.18994140625,3017.070459640934,5794.8526293272735,2,0,Model_2
12487,1255.578857421875,3059.4980881414376,5804.998727806436,2,0,Model_2
12488,4820.80029296875,3084.686435739277,5815.987743798527,14,0,Model_2
12489,5452.90625,2981.92051851633,5818.909339704609,3,0,Model_2
12490,10537.1875,3011.7917196040507,5821.386513887614,10,1,Model_2
12491,4152.6513671875,3070.1091957028257,5816.037909048668,6,0,Model_2
12492,2238.287841796875,3052.079081978416,5817.187470484991,5,0,Model_2
12493,2693.7001953125,3095.479140243726,5823.737215116038,8,0,Model_2
12494,11928.7412109375,2946.6218934560893,5831.779199300567,6,2,Model_2
12495,8178.31494140625,3038.147673402331,5834.883085833921,7,1,Model_2
12496,2303.331787109375,3105.6729661095887,5829.511164751952,2,1,Model_2
12497,6332.7392578125,3122.310836603865,5841.400329035299,15,0,Model_2
12498,4839.53369140625,3061.2733190943254,5836.811268476653,12,1,Model_2
12499,7488.52783203125,2966.8136782695074,5846.028956551803,8,0,Model_2
12500,14824.1220703125,2998.3915223645745,5852.813983271539,14,1,Model_2
12501,13117.41015625,3087.2768965683645,5851.69339050079,40,0,Model_2
12503,8388.0361328125,3021.998664640705,5868.2881965579,28,0,Model_2
12504,7018.4306640625,3049.69599611219,5862.681699940062,14,1,Model_2
12505,9378.36328125,3112.4965460473904,5874.5645052480395,26,1,Model_2
12506,10437.0810546875,2962.233476537047,5874.623149132007,7,8,Model_2
12507,10811.5419921875,3066.0199271510355,5885.164210636925,29,1,Model_2
12508,6916.11865234375,3085.5946506154723,5890.314274133765,11,0,Model_2
12509,5693.6591796875,2989.9913403228857,5882.574694555718,16,1,Model_2
12510,5027.232421875,3038.816981273587,5884.774193480902,14,1,Model_2
12511,11055.9326171875,2932.153519521118,5896.0896368753165,8,7,Model_2
12512,11930.63671875,3132.4540270736907,5902.038105057494,54,0,Model_2
12513,6542.90234375,3014.7147629207466,5899.109796899633,8,0,Model_2
12514,5164.33154296875,3100.9201437088195,5904.148225051089,11,0,Model_2
12516,9634.33984375,2986.002652080497,5906.846550266404,15,1,Model_2
12517,2230.91162109375,2964.376504593878,5900.5511646501545,3,0,Model_2
12518,14192.0908203125,2951.0895465128124,5923.004353405035,7,1,Model_2
12519,3734.3798828125,3039.750513847801,5903.826036965678,8,1,Model_2
12520,7258.60595703125,3083.7936416427838,5921.158484165702,12,0,Model_2
12521,29322.34765625,2997.503791807685,5938.878122310474,38,0,Model_2
12522,6859.37060546875,3048.4853498251177,5923.432524413278,17,2,Model_2
12523,1991.5601806640625,3065.3851434134413,5922.119749275793,3,1,Model_2
12524,10821.7587890625,3108.779217495583,5934.182725552586,45,1,Model_2
12525,5212.056640625,3134.13143964787,5932.570018743485,29,0,Model_2
12526,5082.0087890625,3071.034672645852,5940.202202293061,25,0,Model_2
12527,6007.2255859375,3184.8651143856114,5939.346213552984,4,0,Model_2
12528,5822.40673828125,3040.2798838972813,5946.973804509238,8,0,Model_2
12529,2591.169189453125,3157.612683916581,5942.9725958959025,11,1,Model_2
12530,3911.75146484375,2955.929139569518,5953.193235697458,8,3,Model_2
12531,11802.6484375,3173.4970076534664,5964.268804409861,28,3,Model_2
12532,11835.986328125,3139.353329944657,5962.893852624315,53,0,Model_2
12533,10031.4423828125,3014.0953999628546,5967.823824918072,26,0,Model_2
12534,1963.906494140625,3056.2887246762402,5954.548757280485,5,0,Model_2
12535,5674.9765625,3073.500156111084,5960.1450088824495,23,0,Model_2
12536,6594.86572265625,3111.4318217652617,5964.327095017419,21,0,Model_2
12537,6886.05908203125,3086.037250009016,5971.053831129597,22,0,Model_2
12538,7733.11767578125,3032.4164370535873,5981.066391125991,21,1,Model_2
12539,6159.962890625,3052.323052522959,5977.465797960962,26,1,Model_2
12540,6771.95849609375,2982.0247813999886,5977.881957571284,16,0,Model_2
12541,8454.1142578125,3111.4074247108074,5987.004261015885,20,1,Model_2
12542,4214.482421875,3168.3724754136056,5989.882050647197,5,0,Model_2
12543,18997.525390625,3054.6108517802786,6012.291786403715,46,2,Model_2
12544,8425.384765625,3141.747923855437,5998.8241831229825,34,0,Model_2
12545,3492.564697265625,3081.152315256768,5994.153515713755,6,0,Model_2
12546,18868.685546875,2957.288239631336,6008.663284402341,19,1,Model_2
12547,8466.431640625,3008.6323010522174,6001.8704856015975,12,1,Model_2
12548,1627.4044189453125,2987.5051423774567,5994.863248020323,1,0,Model_2
12549,7213.4345703125,3114.540835081949,6008.75866903289,28,0,Model_2
12550,14882.4541015625,3154.9462699934375,6024.300711389864,29,7,Model_2
12551,5315.62548828125,3121.1232064059004,6032.393567377352,8,0,Model_2
12552,2757.78564453125,3102.829558461206,6048.813148335379,19,0,Model_2
12555,15113.7021484375,3859.6722198121715,5683.841876635619,2,27,Model_2
12556,9412.7734375,3716.3524139029905,5691.500202639494,15,0,Model_2
12557,8642.2275390625,3767.9300886283163,5704.685184792674,2,1,Model_2
12558,9987.099609375,3926.5546731506474,5718.181756738981,0,25,Model_2
12559,6516.4501953125,3946.874197258614,5707.4025869340985,1,3,Model_2
12560,15123.375,3887.144684093073,5715.8543717535795,5,42,Model_2
12561,7110.95166015625,3740.614363914239,5709.534963341488,20,1,Model_2
12562,2637.292236328125,3847.536756669171,5705.311190590204,1,9,Model_2
12563,7446.45263671875,3819.1017595417798,5723.3862248028745,3,0,Model_2
12564,23201.0,3851.8941626590677,5739.065338406712,3,31,Model_2
12565,13188.29296875,3790.1765197163913,5739.017292815028,1,2,Model_2
12566,9530.5751953125,3712.488242702675,5732.479559581901,27,0,Model_2
12567,6988.859375,3760.8535618712194,5732.565759025805,5,2,Model_2
12568,4622.38720703125,3736.0422178129666,5733.7796167686465,16,1,Model_2
12569,30651.982421875,3946.7871964417864,5762.676920508151,10,56,Model_2
12570,10956.9560546875,3900.7310814934317,5748.600268697541,6,38,Model_2
12571,3768.34521484375,3821.849880581256,5746.280655793147,0,3,Model_2
12572,3394.595947265625,3740.595490721171,5749.759721873328,8,0,Model_2
12573,10612.4619140625,3776.1726104596164,5768.992089603329,8,1,Model_2
12574,6000.65185546875,3720.8175351899117,5769.06133177958,54,5,Model_2
12575,14692.90625,3812.4091411510017,5772.494471926533,3,23,Model_2
12576,14720.19140625,3742.8657977507683,5779.926701028366,54,8,Model_2
12577,1150.22412109375,3698.055543705821,5766.5177416316,0,0,Model_2
12578,10225.9296875,3872.6141667175107,5773.539463545661,0,18,Model_2
12579,1085.0152587890625,3704.9783229876775,5772.2874519506,1,0,Model_2
12580,13590.3486328125,3840.473579243757,5792.239797003043,2,48,Model_2
12581,7239.85009765625,3887.649196766317,5792.1239223407465,2,23,Model_2
12582,14848.70703125,3912.7878296116833,5791.363671507628,3,16,Model_2
12583,4576.048828125,3764.250736623537,5789.762622820039,4,1,Model_2
12584,15210.4189453125,3709.338721069158,5805.8084373368765,29,1,Model_2
12585,10207.6162109375,3781.6007249148097,5806.464824905619,5,1,Model_2
12586,7681.99853515625,3863.7815123614855,5808.527252583939,0,14,Model_2
12587,20289.65625,3811.805659294594,5824.253705226642,10,6,Model_2
12588,8369.7998046875,3946.689608223969,5816.977624297782,5,14,Model_2
12589,3686.4130859375,3733.683068679413,5820.80643402331,14,1,Model_2
12590,6920.32568359375,3894.081273028394,5827.609831116337,3,20,Model_2
12591,20936.80859375,3933.9865683235694,5839.8812404747005,8,49,Model_2
12592,18692.513671875,3860.1394464210607,5839.851565256307,3,58,Model_2
12593,6974.8232421875,3777.9964053605217,5835.097877890861,19,2,Model_2
12594,4719.87939453125,3737.560819372302,5841.405274905032,9,1,Model_2
12595,15218.6689453125,3771.792188380612,5861.337836478546,51,4,Model_2
12596,4814.12841796875,3822.480521422811,5851.881333550613,1,2,Model_2
12597,13286.060546875,3899.2856710974593,5861.746930560679,4,27,Model_2
12598,21712.44921875,3863.2908093417063,5880.8443467022735,8,54,Model_2
12599,11667.76171875,3808.0641638492234,5874.263513747195,4,5,Model_2
12600,4229.68408203125,3752.2945688146865,5877.411913108139,20,0,Model_2
12601,9286.8671875,3927.7469065664336,5878.102921765007,5,13,Model_2
12602,5038.71728515625,3733.3912246695254,5875.408129313786,25,0,Model_2
12603,12817.4462890625,3834.6376196895726,5898.585887984431,12,3,Model_2
12604,5522.0654296875,3776.535344023956,5893.197009634809,19,0,Model_2
12605,1156.1156005859375,3897.664878102485,5903.942971457203,1,0,Model_2
12606,3692.30712890625,3802.7603362752125,5897.503449065902,2,2,Model_2
12607,6112.4150390625,3792.7036863004323,5917.54093373302,19,1,Model_2
12608,4547.962890625,3775.8816870932933,5921.882347528648,0,0,Model_2
12609,9927.78515625,3883.695953301154,5920.05908797952,0,18,Model_2
12610,6157.236328125,3816.774832932977,5922.606210891594,10,0,Model_2
12611,4289.119140625,3752.372823517653,5921.653777691739,15,0,Model_2
12612,14710.6474609375,3844.4236004564445,5934.755386612291,5,2,Model_2
12613,569.3557739257812,3911.5886913691647,5920.206050965848,0,2,Model_2
12614,8789.09375,3905.4645703793503,5940.588333408581,2,46,Model_2
12615,3705.45751953125,3868.1844902078155,5939.110578187887,1,2,Model_2
12616,11877.3466796875,3763.347124965163,5946.394431197754,9,1,Model_2
12617,4280.375,3801.786755705951,5939.033917207038,19,0,Model_2
12618,29556.4453125,3802.6995737999678,5973.278412679851,41,3,Model_2
12619,4185.01953125,3879.5562795142177,5954.376711669087,0,2,Model_2
12620,4963.501953125,3858.619463896379,5962.216621747415,0,0,Model_2
12621,3776.09912109375,3901.9813154537696,5966.940280618059,6,5,Model_2
12622,8434.3056640625,3835.716153625166,5977.071894764435,30,1,Model_2
12623,4509.94580078125,3887.892706989078,5975.205182216945,2,1,Model_2
12624,6973.72900390625,3923.7812344131526,5981.311564954143,2,7,Model_2
12625,5438.27734375,3860.49573548045,5983.904613799445,6,1,Model_2
12626,7062.9951171875,3964.301059287507,5989.455646021001,1,30,Model_2
12627,4485.1005859375,3883.275679514045,5990.29114472933,2,1,Model_2
12628,4397.8349609375,3907.9480063940864,5995.108775124885,1,1,Model_2
12629,1083.403564453125,3864.25196122285,5998.816411041975,0,1,Model_2
12630,3927.6357421875,3876.177977954969,6008.58167755176,3,0,Model_2
12631,14171.7275390625,3934.088759759208,6015.0982142003195,4,3,Model_2
12632,4095.10595703125,3900.326458646916,6011.607843275036,0,1,Model_2
12633,3489.6982421875,3863.457445826847,6028.53578898625,10,0,Model_2
12634,3657.045654296875,3870.4009395889007,6044.944065099175,8,1,Model_2
12635,3353.30029296875,3890.769257805776,6050.725786816096,6,0,Model_2
12636,2122.15283203125,3999.9502193848602,5669.338466922403,0,4,Model_2
12637,2450.835693359375,4156.77540606074,5668.366956796439,2,1,Model_2
12638,9727.587890625,4204.885016479297,5680.098559801176,2,30,Model_2
12639,29581.5078125,4270.657634000992,5685.666196013975,6,56,Model_2
12640,17005.208984375,4220.148826453835,5714.133915639599,11,141,Model_2
12641,7525.51025390625,4182.242708658567,5712.953972432064,6,53,Model_2
12642,7036.60107421875,4114.245355963707,5722.490315828531,0,12,Model_2
12643,994.2883911132812,4018.477250473108,5717.87864557968,0,0,Model_2
12644,10239.5849609375,4150.593744848156,5729.839171697735,2,41,Model_2
12645,805.9524536132812,4019.301226463169,5733.203776221257,0,5,Model_2
12646,2073.16943359375,4282.472713183612,5723.680857328349,0,0,Model_2
12647,18595.591796875,4238.7734457599,5758.357763126318,1,8,Model_2
12648,2651.450927734375,4051.0832232686225,5739.20594241767,1,6,Model_2
12649,759.0079956054688,4090.8918509895448,5747.12639951735,0,3,Model_2
12650,16397.935546875,4192.350914672948,5749.335083629179,5,59,Model_2
12651,2491.861328125,4299.540984544205,5746.840952178522,0,0,Model_2
12652,3435.024658203125,4217.841233359883,5741.538273272803,1,28,Model_2
12653,123.54830932617188,4024.403433096595,5739.344426770171,0,1,Model_2
12654,860.6911010742188,3980.38332139072,5752.9271981603815,0,1,Model_2
12655,15428.875,4111.846619156888,5771.919337931962,2,43,Model_2
12656,7660.41943359375,4081.9947515840176,5768.390106601641,4,41,Model_2
12657,7884.27099609375,3990.8956899298355,5775.800432566088,5,43,Model_2
12658,6343.31494140625,4056.1237467832398,5772.34468272893,2,32,Model_2
12659,14744.970703125,4215.715467369882,5794.41174036829,2,46,Model_2
12660,7736.30859375,4019.9663914383855,5782.497846736282,1,17,Model_2
12661,5151.90478515625,3939.189125105506,5797.795421817922,3,23,Model_2
12662,22541.0546875,4102.465721558314,5828.384919558652,4,64,Model_2
12663,750.4681396484375,4112.528816038044,5798.320390562352,4,5,Model_2
12664,8193.8662109375,4229.184943037573,5817.269430611981,2,22,Model_2
12665,3108.516845703125,3971.4319040148985,5811.762557941605,0,2,Model_2
12666,3587.61669921875,3990.0408723803703,5821.0784568585805,0,1,Model_2
12667,11299.78125,4174.876179178711,5815.788495903602,2,27,Model_2
12668,22208.86328125,4143.388327992056,5831.789091040031,0,26,Model_2
12669,4599.6376953125,4064.886432228377,5813.8914015849,0,10,Model_2
12670,9727.8388671875,4275.333122342359,5825.689420554612,7,89,Model_2
12671,6231.26123046875,4036.52278497722,5817.8961429623305,0,2,Model_2
12672,672.7431030273438,4084.751618737355,5832.2278603405575,1,1,Model_2
12673,23032.220703125,4232.45184672554,5846.140591897187,10,85,Model_2
12674,1283.7325439453125,4059.7971146048512,5832.607279204298,1,5,Model_2
12675,1281.76171875,4027.352714754874,5839.918687774101,0,2,Model_2
12676,6892.7451171875,4185.766471900977,5840.256420021527,0,25,Model_2
12677,24610.037109375,4004.8678369836416,5862.7841500988,4,92,Model_2
12678,10316.01953125,4174.718288807431,5861.685460465436,3,43,Model_2
12679,12869.3955078125,4264.299669545842,5876.346431457263,3,53,Model_2
12680,15511.1767578125,3964.418441341957,5870.228390598553,0,26,Model_2
12681,10212.658203125,4116.305295938859,5870.169040161767,1,20,Model_2
12682,296.62152099609375,4094.421138093341,5861.4183834998985,0,0,Model_2
12683,5122.49462890625,4069.1269164856058,5866.37767773564,1,8,Model_2
12684,2810.52490234375,4045.5906637639273,5867.159831706143,1,16,Model_2
12685,10998.3984375,4194.838033261942,5881.546660204243,5,30,Model_2
12686,13873.6669921875,4231.3226773939095,5885.362045426213,6,44,Model_2
12687,7040.142578125,4148.029292199761,5880.506614454847,5,10,Model_2
12688,5326.69482421875,4033.2545003239065,5894.585385923914,1,33,Model_2
12689,10898.5224609375,4174.546588782687,5914.829537290556,7,46,Model_2
12690,858.8097534179688,4114.243514676578,5892.226912614482,0,7,Model_2
12691,8940.5947265625,3943.4171806746162,5902.956976998452,3,32,Model_2
12692,692.4302368164062,4112.176669874694,5901.498651980277,1,1,Model_2
12693,13504.68359375,4205.150161825819,5917.47169155677,3,28,Model_2
12694,12675.8974609375,4262.087823382579,5919.264569334686,6,40,Model_2
12695,5724.59765625,4234.491992864059,5911.668419978872,2,9,Model_2
12696,32218.5078125,4044.9637054966297,5938.414270384877,4,22,Model_2
12697,1536.117919921875,4019.2671626512893,5914.863451825862,0,1,Model_2
12698,5644.974609375,3932.9563681751024,5925.686074629106,0,16,Model_2
12699,12146.6845703125,4281.658403950976,5948.999138164567,0,13,Model_2
12700,13336.4931640625,3935.6331393383443,5951.237497494789,0,46,Model_2
12701,6982.904296875,4226.923842443619,5939.990943000215,3,29,Model_2
12702,2578.427490234375,4120.896545394091,5938.877415757655,0,1,Model_2
12703,10624.2626953125,4192.623425167985,5948.720756353927,5,67,Model_2
12704,13002.5009765625,4241.760934126098,5957.5950597591,5,14,Model_2
12705,6996.01318359375,4267.557366798166,5971.386264230881,3,6,Model_2
12706,6679.56787109375,4191.735924771987,5970.885318282293,0,26,Model_2
12707,4396.25830078125,3985.2038110934664,5974.954002689832,1,19,Model_2
12708,3995.774169921875,4101.5842053454835,5975.9046695076395,0,4,Model_2
12709,11589.0283203125,4227.21430548816,5985.793582760729,5,15,Model_2
12710,1703.0386962890625,4124.570833859267,5982.987861516944,0,1,Model_2
12711,13931.2939453125,4157.39638014487,5995.613253837568,3,53,Model_2
12712,3319.4609375,3944.132520724088,5987.280523168069,1,4,Model_2
12713,11688.0546875,4052.3951403477695,6000.924764653522,1,42,Model_2
12714,7486.8037109375,4190.5179133364,5993.740535591118,0,37,Model_2
12715,8157.7373046875,4286.879833925981,6001.733767631144,10,3,Model_2
12716,6335.08447265625,4078.6836570049636,5995.087931816728,0,9,Model_2
12717,8613.640625,4260.67739744205,5998.594906733255,11,1,Model_2
12718,6923.23876953125,4005.0294099291787,5997.812752762751,0,14,Model_2
12719,4984.18359375,4093.0521411132067,6006.43693647004,1,20,Model_2
12720,7535.953125,4189.779096876038,6020.14653409124,6,11,Model_2
12721,4705.46142578125,4108.076123439241,6017.284995174763,1,10,Model_2
12722,5696.89892578125,4264.61498996662,6025.198386746255,7,1,Model_2
12723,7355.00634765625,4048.7783921053633,6028.6686209162,3,7,Model_2
12724,10759.6318359375,4084.5569026235025,6034.807858359476,4,17,Model_2
12725,5639.4208984375,4162.876971283229,6029.941829095827,0,4,Model_2
12726,9041.8193359375,4273.204594421666,6042.634343934245,9,0,Model_2
12727,6185.888671875,3995.2581594593357,6036.132998171292,2,2,Model_2
12728,1911.014892578125,4012.0327455229126,6033.78688953619,2,2,Model_2
12729,6855.7392578125,4209.583060587989,6040.590993182035,6,3,Model_2
12730,6476.775390625,4180.139498435892,6044.520486684254,0,1,Model_2
12731,615.4404296875,4161.790611877339,6060.885309798818,1,0,Model_2
12732,6038.50732421875,4490.920225797687,5675.108177241404,23,0,Model_2
12733,7387.54248046875,4513.451135747135,5680.786742246768,34,1,Model_2
12734,391.55108642578125,4530.951649261173,5663.741862044029,0,0,Model_2
12735,10046.0107421875,4302.184152217349,5703.305993690214,0,31,Model_2
12736,17705.552734375,4337.104622933548,5704.161629153881,3,17,Model_2
12737,13852.568359375,4377.6391781049315,5711.800171678828,4,0,Model_2
12738,10810.0029296875,4517.156265771715,5711.483636015968,45,0,Model_2
12739,11105.263671875,4466.992239239393,5719.524207094859,108,2,Model_2
12740,17626.259765625,4423.704499488929,5733.996528484044,41,1,Model_2
12741,9523.6064453125,4490.291886565043,5739.782489517878,27,1,Model_2
12742,4983.48828125,4355.1317445663735,5731.144174754212,1,2,Model_2
12743,1840.486328125,4251.7255197444465,5727.332322296337,0,3,Model_2
12744,8384.248046875,4393.835600010119,5739.81287128909,3,0,Model_2
12745,8946.998046875,4319.255645830417,5738.173668749281,2,8,Model_2
12746,10720.525390625,4342.254242710536,5752.527289264894,3,18,Model_2
12747,6715.9443359375,4515.5874891381245,5736.332392103272,26,0,Model_2
12748,2510.220458984375,4452.859439883614,5738.869623275881,56,0,Model_2
12749,10631.03125,4525.500979038654,5756.8054665832315,19,1,Model_2
12750,10559.4951171875,4379.1683670652565,5761.097068405128,5,4,Model_2
12751,6173.482421875,4467.6311658730265,5756.059346806491,43,0,Model_2
12752,3303.6259765625,4437.0929585229605,5754.7663551479345,25,1,Model_2
12753,4280.67041015625,4449.383089784766,5762.394299380598,66,1,Model_2
12754,7389.29248046875,4421.435573424678,5769.4555882525165,15,2,Model_2
12755,4755.8828125,4497.091299609281,5769.523417323129,38,1,Model_2
12756,15415.7099609375,4373.3595664962195,5787.712913092459,9,3,Model_2
12757,5786.9677734375,4333.266459913924,5779.119111156382,1,4,Model_2
12758,5043.03662109375,4467.337020254228,5778.978507145424,48,0,Model_2
12759,5115.10986328125,4484.700818198966,5793.776549384114,7,0,Model_2
12760,15308.0673828125,4510.790015524486,5795.782452836924,13,0,Model_2
12761,8621.8310546875,4437.9206170872785,5791.398999148572,94,2,Model_2
12762,8711.9541015625,4306.560431400314,5790.973654351605,3,4,Model_2
12763,6484.4130859375,4352.328845234821,5800.096664349025,0,8,Model_2
12764,8540.2802734375,4412.557807534002,5802.42758209852,11,2,Model_2
12765,12874.3603515625,4472.3480831747875,5817.277202692989,88,1,Model_2
12766,8281.1875,4448.363477037288,5817.712439229421,46,0,Model_2
12767,16115.8896484375,4334.410819864366,5815.264940264809,1,52,Model_2
12768,3466.381591796875,4257.744227046147,5807.256870615587,1,21,Model_2
12769,10947.2861328125,4299.068694395712,5831.2598829786875,6,7,Model_2
12770,4441.77001953125,4399.58547939104,5820.643220322148,6,1,Model_2
12771,2032.997314453125,4430.961932706414,5820.679254515911,14,0,Model_2
12772,1056.2783203125,4377.178856322775,5815.295322036021,1,1,Model_2
12773,6179.55029296875,4388.048894886626,5836.987200128555,8,0,Model_2
12774,17114.326171875,4501.957821490243,5843.94321263046,25,1,Model_2
12775,4702.7236328125,4367.015872016316,5832.661683771352,4,1,Model_2
12776,7468.8955078125,4416.1234600585885,5837.070573361183,29,3,Model_2
12777,11680.4521484375,4324.089484864846,5849.777925808798,9,3,Model_2
12778,9774.2138671875,4457.992027754663,5853.589071713854,51,0,Model_2
12779,9036.1025390625,4432.908633523155,5857.9880695642205,69,1,Model_2
12780,11802.927734375,4369.882295753807,5860.174850538664,6,3,Model_2
12781,2995.427001953125,4275.683427218581,5853.831419330731,0,24,Model_2
12782,4433.54638671875,4477.495861664647,5860.72172242048,26,1,Model_2
12783,11277.4951171875,4294.345792910783,5871.32496057346,8,26,Model_2
12784,11642.3310546875,4410.032021915307,5871.922704258235,37,2,Model_2
12785,8301.287109375,4345.91103894799,5871.986294011935,2,1,Model_2
12786,5553.78125,4391.089320257772,5883.479082163889,27,0,Model_2
12787,12142.4560546875,4486.244277134538,5886.012074019585,54,0,Model_2
12788,2799.75634765625,4326.617111770669,5880.43525262014,3,1,Model_2
12789,9163.4638671875,4438.120857062517,5894.68924918829,66,0,Model_2
12790,2692.1630859375,4459.5239786456805,5885.667982796789,49,2,Model_2
12791,2684.434326171875,4308.8896596180275,5888.944268217951,2,1,Model_2
12792,3111.45166015625,4361.076340061147,5889.169658567174,2,0,Model_2
12793,2719.5849609375,4366.58777275891,5899.679278471653,1,0,Model_2
12794,9625.490234375,4330.3374324140605,5904.575689506513,9,0,Model_2
12795,3892.72119140625,4450.486020774813,5906.238914842164,36,0,Model_2
12796,6183.51513671875,4415.403056469513,5906.905194150371,22,1,Model_2
12797,8083.48779296875,4293.062876103912,5906.035427630326,4,12,Model_2
12798,9012.5439453125,4392.583064440871,5912.539246328146,23,1,Model_2
12799,2322.6513671875,4465.531638224609,5904.032350388792,39,0,Model_2
12800,1225.9847412109375,4352.788706695195,5906.607382137212,0,0,Model_2
12801,4336.66650390625,4365.459063749062,5920.032945525221,9,0,Model_2
12802,15465.529296875,4474.727026144974,5933.629141418991,81,0,Model_2
12803,5959.0869140625,4452.004622334149,5929.363682051393,68,0,Model_2
12804,298.0361633300781,4316.918131820625,5921.6986437957385,0,0,Model_2
12805,3095.91064453125,4429.215471864911,5926.533938011766,23,0,Model_2
12806,5395.37646484375,4375.461395753548,5938.671455610951,9,0,Model_2
12807,1909.4547119140625,4320.196543553146,5930.90290736733,0,0,Model_2
12808,2265.971923828125,4408.629881766858,5935.518110380275,10,0,Model_2
12809,8203.484375,4350.462700729957,5944.044083245739,11,1,Model_2
12810,4987.9755859375,4394.0266335497145,5944.276185846742,23,0,Model_2
12811,2709.4541015625,4426.063648622483,5940.433951617655,28,0,Model_2
12812,4553.044921875,4327.084338379558,5945.113450937119,9,1,Model_2
12813,7837.794921875,4302.165739346063,5953.123286968388,2,1,Model_2
12814,9442.3720703125,4440.070319809951,5958.163834778301,67,0,Model_2
12815,3562.535400390625,4418.500561741646,5957.673133845587,42,0,Model_2
12816,3404.284423828125,4406.213652732316,5962.146319741936,25,0,Model_2
12817,6148.48974609375,4366.5937569420785,5968.47703299913,61,0,Model_2
12818,10162.734375,4330.373337513069,5971.861067725171,9,1,Model_2
12819,4286.93505859375,4385.417235258035,5967.279072694713,9,0,Model_2
12820,3861.968505859375,4457.930804957636,5972.536178943614,19,0,Model_2
12821,3679.647705078125,4352.195812239777,5975.779962935107,16,0,Model_2
12822,7769.66162109375,4307.192913528997,5985.797822077642,13,3,Model_2
12823,6409.0625,4398.824567485135,5984.0565226555045,40,0,Model_2
12824,5214.12158203125,4420.521374365315,5987.604477635527,76,0,Model_2
12825,14549.9619140625,4437.9293632011395,6002.44455976694,127,1,Model_2
12826,3599.38720703125,4376.0805285505485,5989.116500667937,17,1,Model_2
12827,10698.87109375,4337.65562810679,6006.01901047767,34,2,Model_2
12828,1820.3812255859375,4360.985656670062,5999.291567812674,8,0,Model_2
12829,11867.50390625,4398.536406049505,6014.214669900306,87,0,Model_2
12830,5190.814453125,4367.750085258856,6015.077370892162,31,1,Model_2
12831,1845.3294677734375,4351.89752372494,6026.01127576438,14,0,Model_2
12832,5924.8642578125,4335.010619146517,6034.417487927043,21,0,Model_2
12833,5969.96435546875,4363.651380110532,6036.974149302172,56,0,Model_2
12834,7956.49951171875,4418.283289860468,6039.831802178145,102,0,Model_2
12838,6488.9091796875,5184.817566012964,5680.080895980704,2,0,Model_2
12839,7219.435546875,5120.218308713986,5693.2220718591125,32,0,Model_2
12840,5555.22705078125,5152.823821187718,5700.7115317392745,32,2,Model_2
12841,10649.578125,5196.336197967874,5715.96176778205,3,1,Model_2
12842,6650.13916015625,5137.481756510213,5719.950258444645,48,0,Model_2
12843,7527.3134765625,5111.1743666599505,5721.907409752952,24,1,Model_2
12844,7990.65234375,5231.476702495944,5726.412390526151,1,0,Model_2
12845,9926.7548828125,5262.093164548976,5729.692915264226,4,6,Model_2
12846,10236.23046875,5164.810600395082,5728.34269282734,12,0,Model_2
12847,3256.874267578125,5095.60490302206,5737.178135827475,5,0,Model_2
12848,6589.22265625,5120.692440149607,5748.042798523442,19,0,Model_2
12849,8217.619140625,5212.6140968285035,5747.652781367418,0,2,Model_2
12850,3973.9931640625,5187.030793141574,5742.912518505531,2,0,Model_2
12851,3036.5458984375,5141.735590099124,5750.572257615044,17,0,Model_2
12852,10993.796875,5262.978363336064,5761.51958699082,1,27,Model_2
12853,18046.513671875,5173.165440741228,5766.347462402249,7,1,Model_2
12854,5126.4501953125,5237.20632771845,5757.637785803876,1,1,Model_2
12855,4879.71875,5098.243467477383,5758.785934134561,6,0,Model_2
12856,8253.6591796875,5134.2134718569,5769.8851723663975,26,0,Model_2
12857,7480.29150390625,5216.2244005659595,5773.491417953977,3,0,Model_2
12858,2752.47607421875,5099.644226660486,5777.213538203854,0,0,Model_2
12859,5786.21923828125,5245.227895094315,5788.471750819939,4,1,Model_2
12860,5175.07080078125,5229.276824699016,5795.630543980864,5,0,Model_2
12861,7294.869140625,5111.494750620332,5793.630999503424,12,0,Model_2
12862,8966.705078125,5181.2947234141175,5796.988538498757,3,0,Model_2
12863,9064.8076171875,5137.1484835399315,5794.04503945529,87,2,Model_2
12864,4369.015625,5261.109456900507,5794.769256094645,0,6,Model_2
12865,6511.21435546875,5205.951399353566,5798.918840799946,10,0,Model_2
12866,6681.50927734375,5156.564856311306,5810.197543447779,54,2,Model_2
12867,8438.015625,5104.081268318696,5819.500724414014,3,1,Model_2
12868,8809.6845703125,5264.788808905287,5815.779310716956,0,8,Model_2
12869,2439.332275390625,5188.124057374196,5815.493156825309,2,0,Model_2
12870,15240.326171875,5216.261226308532,5834.284635596327,8,2,Model_2
12871,4896.27001953125,5239.759732644074,5822.6512434334145,1,0,Model_2
12872,5559.9501953125,5136.686320470646,5824.29892460705,39,1,Model_2
12873,8702.7783203125,5186.259754156461,5835.158641433285,1,1,Model_2
12874,8380.69140625,5120.109212451614,5842.159873315599,10,2,Model_2
12875,3102.29443359375,5158.097267524106,5831.451358792605,33,0,Model_2
12876,7869.419921875,5263.07779284101,5843.997617197514,1,0,Model_2
12877,5782.41748046875,5166.872381657362,5852.409835059138,36,1,Model_2
12878,6084.4150390625,5144.935286806896,5852.64229093655,57,0,Model_2
12879,3848.371826171875,5236.1664608125575,5852.876866472419,2,1,Model_2
12880,7652.125,5190.899797720602,5862.782030440343,5,0,Model_2
12881,9667.8623046875,5252.055387767265,5870.975216928113,3,2,Model_2
12882,6226.40673828125,5117.151184679475,5867.108253350365,4,0,Model_2
12883,2630.384033203125,5271.437236404978,5867.125210618018,1,0,Model_2
12884,4208.93212890625,5225.4294552437495,5871.738293972507,0,1,Model_2
12885,3814.69384765625,5136.869528539944,5876.950534117408,15,0,Model_2
12886,1622.392822265625,5171.000087077962,5874.551080744481,18,0,Model_2
12887,5823.75146484375,5154.315263761906,5879.7901698965,63,0,Model_2
12888,5184.46142578125,5206.104226185242,5880.847172913549,4,2,Model_2
12889,2402.818359375,5177.834484577645,5885.683526958805,7,0,Model_2
12890,2413.862548828125,5191.612375839381,5889.400701338949,2,1,Model_2
12891,2353.17236328125,5122.8978418079205,5889.189442046103,1,0,Model_2
12892,4139.4296875,5226.6180060852785,5892.204302924278,4,2,Model_2
12893,5181.787109375,5248.79538890603,5900.259711612365,3,0,Model_2
12894,2802.01513671875,5164.655011632713,5895.5328732540365,22,0,Model_2
12895,6043.3603515625,5142.104307846632,5904.0846352973895,39,1,Model_2
12896,3807.1298828125,5207.868179254467,5907.097023240698,1,1,Model_2
12897,4348.49365234375,5177.623657201417,5907.356328125228,50,0,Model_2
12898,4843.330078125,5235.161578362109,5913.849548530765,3,0,Model_2
12899,1756.3358154296875,5195.8390504431445,5904.99538188093,0,0,Model_2
12900,1343.3067626953125,5161.118819702184,5908.815006419813,7,0,Model_2
12901,2258.14013671875,5219.163555145031,5913.914551390102,0,1,Model_2
12902,5482.75537109375,5133.123429876752,5921.568638077064,4,0,Model_2
12903,4242.78173828125,5188.966906557325,5922.203122508421,30,0,Model_2
12904,5554.82470703125,5163.358285172377,5927.147579134966,40,0,Model_2
12905,3627.0703125,5268.39220781601,5937.682634940924,0,0,Model_2
12906,1544.7174072265625,5207.599811655469,5926.830336919287,0,0,Model_2
12907,4664.6552734375,5220.801380045945,5934.00290786018,2,1,Model_2
12908,1246.851318359375,5244.355585317127,5930.335192177357,1,0,Model_2
12909,3516.76904296875,5140.182924727909,5945.231798534282,0,0,Model_2
12910,2546.692138671875,5184.10176564171,5938.837142246979,25,0,Model_2
12911,4258.46630859375,5203.717457744759,5945.335308522248,24,1,Model_2
12912,3037.181396484375,5155.109779157909,5940.760732296389,4,0,Model_2
12913,4050.7978515625,5234.441635094816,5947.412573809765,3,0,Model_2
12914,4337.63525390625,5249.391045292141,5948.880790567404,2,0,Model_2
12915,7408.90234375,5161.435060766526,5960.673863667384,9,0,Model_2
12916,3211.57275390625,5196.578327225288,5961.682467816339,20,1,Model_2
12917,4200.0458984375,5182.328606136842,5958.134159559908,40,0,Model_2
12918,9584.685546875,5277.241433756193,5970.722104581131,7,0,Model_2
12919,173.4876708984375,5215.2172165066,5951.887172811752,5,0,Model_2
12920,2358.26611328125,5223.706931134919,5959.500632711628,12,1,Model_2
12921,2550.415283203125,5212.008313363185,5966.310742056434,13,0,Model_2
12922,4768.810546875,5248.986422445625,5977.437535848207,4,0,Model_2
12923,1891.6220703125,5232.980113436468,5972.765102056932,4,0,Model_2
12924,9726.7783203125,5173.48812631052,5988.6060162562935,8,1,Model_2
12925,4517.92578125,5195.973004081752,5986.76721254515,16,1,Model_2
12926,4655.7236328125,5213.33680202649,5984.786391717411,21,0,Model_2
12927,4502.64599609375,5238.484641307499,5990.997697548213,15,0,Model_2
12928,1990.3741455078125,5284.035322939046,5989.7100050357985,5,0,Model_2
12929,2518.19970703125,5220.0459920014255,5999.395784353459,32,0,Model_2
12930,5744.1748046875,5191.224324577022,6011.572868910502,2,0,Model_2
12931,5487.17529296875,5236.949468164006,6009.718521037343,59,0,Model_2
12932,3026.8408203125,5257.433327148203,6013.667444742081,20,0,Model_2
12933,568.5401000976562,5224.507430714089,6019.183149322693,7,0,Model_2
12934,3379.361328125,5254.022803064203,6032.532051729853,37,0,Model_2
12935,6755.974609375,5238.166558956029,6036.117807285686,57,0,Model_2
12936,4692.8759765625,5266.6314769992605,6049.492145594326,35,0,Model_2
12937,1744.0828857421875,5473.798834737157,5671.729441661504,0,0,Model_2
12938,2502.91015625,5516.164549957961,5668.215047940379,1,1,Model_2
12939,11876.7802734375,5567.732097604079,5679.60891869769,0,8,Model_2
12940,20648.83203125,5532.989311095793,5702.045503461326,4,8,Model_2
12941,3249.55029296875,5584.888750746846,5695.55157650297,0,4,Model_2
12942,7628.326171875,5338.410833456321,5710.244342371647,1,5,Model_2
12943,3363.080322265625,5415.160284195328,5713.619545187452,2,4,Model_2
12944,12463.115234375,5360.263689420652,5729.830693063908,0,16,Model_2
12945,6775.181640625,5513.3367932501715,5721.417062096647,1,8,Model_2
12946,23107.62109375,5308.17045429931,5738.257748534728,4,26,Model_2
12947,13290.03515625,5392.61004073103,5736.135263866803,2,8,Model_2
12948,673.813232421875,5458.9787749606185,5725.048037032888,0,1,Model_2
12949,9064.37890625,5462.118169514928,5743.742718067719,2,12,Model_2
12950,1542.2200927734375,5490.126908672042,5726.3565728534595,0,0,Model_2
12951,8790.0908203125,5568.125672727823,5737.017041784769,1,18,Model_2
12952,2754.563232421875,5486.5202875088435,5738.632221528736,0,0,Model_2
12953,16502.140625,5517.955201690551,5750.854172189778,2,11,Model_2
12954,21437.494140625,5401.672395656351,5766.000544968178,1,13,Model_2
12955,3652.74658203125,5440.655206100084,5756.83160903753,0,9,Model_2
12956,6256.50830078125,5546.102497704094,5762.581535877602,1,4,Model_2
12957,7191.810546875,5570.3835510693025,5761.474367610412,0,10,Model_2
12958,12906.6875,5323.183849224355,5764.595917964238,4,18,Model_2
12959,9189.2412109375,5360.246657514712,5769.95300143701,1,7,Model_2
12960,2043.39404296875,5485.81093164254,5759.710811774479,0,0,Model_2
12961,13074.5419921875,5290.072903433815,5784.626690379577,3,32,Model_2
12962,6286.32763671875,5500.462513646809,5775.217526490509,0,4,Model_2
12963,3952.95166015625,5587.629506637808,5769.474665178626,1,5,Model_2
12964,8753.7294921875,5447.386491520563,5778.449299084081,0,11,Model_2
12965,7238.83984375,5474.278950355947,5780.5753165161,1,1,Model_2
12966,12415.62890625,5335.922794223763,5790.262862215808,1,19,Model_2
12967,4129.90234375,5523.6779220863245,5783.619146059849,1,0,Model_2
12968,4584.10009765625,5599.092439657077,5787.847864680865,1,3,Model_2
12969,7733.6943359375,5548.232406590134,5788.07254847727,3,4,Model_2
12970,23171.201171875,5417.500099814031,5804.7500212141895,8,46,Model_2
12971,10947.8359375,5576.678451440297,5798.225712484622,0,10,Model_2
12972,6416.61572265625,5371.531446004286,5799.7949662953615,1,6,Model_2
12973,6625.55029296875,5630.998723343713,5803.002009540272,2,3,Model_2
12974,2722.59912109375,5508.46612847317,5796.1230112956255,0,0,Model_2
12975,10717.8759765625,5611.529873889172,5815.2161881203065,1,5,Model_2
12976,4460.47998046875,5461.389480133774,5803.590568038402,0,7,Model_2
12977,5760.09521484375,5514.479311913485,5808.677041781542,1,4,Model_2
12978,7774.96826171875,5319.771023531444,5812.17730444629,2,8,Model_2
12979,13690.8642578125,5542.984738273546,5821.207049471617,5,6,Model_2
12980,12654.140625,5290.308588186279,5825.778446209792,1,24,Model_2
12981,1802.6368408203125,5450.115739366971,5815.570877635386,1,12,Model_2
12982,23107.92578125,5354.675382985268,5836.603541947901,2,13,Model_2
12983,14283.0771484375,5390.735610434087,5830.761056688556,3,17,Model_2
12984,1249.448974609375,5454.138951743022,5822.7240183737595,1,2,Model_2
12985,1573.6297607421875,5471.827736865962,5820.372610592516,0,3,Model_2
12986,19583.900390625,5309.560626081424,5853.671031840844,1,43,Model_2
12987,5471.8515625,5548.892508025747,5849.913583950023,0,5,Model_2
12988,6763.896484375,5515.666021467885,5859.091705067316,2,8,Model_2
12989,4282.56494140625,5400.174968898995,5865.606828610238,0,5,Model_2
12990,14511.9580078125,5355.117291896138,5873.369017878489,1,18,Model_2
12991,12266.623046875,5560.339790104423,5874.928379949764,1,9,Model_2
12992,11832.8984375,5534.629437605618,5889.0354135315865,2,8,Model_2
12993,9813.9228515625,5507.206227755407,5885.2906835915055,1,1,Model_2
12994,5853.611328125,5418.170788650634,5882.625566358678,0,8,Model_2
12995,4174.02685546875,5282.335354597541,5881.199742770172,2,2,Model_2
12996,13806.548828125,5311.51054915064,5892.648018094536,4,24,Model_2
12997,7000.126953125,5366.603241004515,5893.762251889915,0,1,Model_2
12998,7939.6279296875,5273.177713063313,5900.287267172302,4,4,Model_2
12999,13272.5283203125,5486.992117335554,5914.109913244523,0,6,Model_2
13000,13752.6962890625,5415.204475086415,5907.086424948415,1,17,Model_2
13001,4461.7939453125,5386.2138695679605,5906.50104593797,1,1,Model_2
13002,10990.109375,5553.298708124552,5915.185639911273,0,3,Model_2
13003,4518.05810546875,5336.146050288109,5909.294049231015,1,1,Model_2
13004,2658.08642578125,5578.258736118441,5908.658858246839,0,0,Model_2
13005,17742.880859375,5295.991720908787,5927.992263029941,11,7,Model_2
13006,10567.8095703125,5632.903534878278,5934.336400790693,2,29,Model_2
13007,6833.6025390625,5519.970030131051,5918.466517925757,0,2,Model_2
13008,11836.5380859375,5375.740628380328,5930.27018931802,1,1,Model_2
13009,3229.018310546875,5462.789318673313,5927.755214559205,1,0,Model_2
13010,3565.025146484375,5258.684481752105,5921.605378823646,5,1,Model_2
13011,7609.71533203125,5583.230671687517,5936.030714450375,2,19,Model_2
13012,13193.1962890625,5336.520291897003,5940.1534501485585,2,11,Model_2
13013,8017.5048828125,5504.648679933744,5941.25355288756,0,8,Model_2
13014,8256.361328125,5536.01086327387,5946.191650538734,2,10,Model_2
13015,11486.5947265625,5561.249846267747,5958.951641171356,0,15,Model_2
13016,7940.39990234375,5482.458868424874,5953.996586252528,0,4,Model_2
13017,11035.3154296875,5391.18442417169,5966.546730697941,0,4,Model_2
13018,4719.5869140625,5266.235600266606,5955.915583708615,3,1,Model_2
13019,10878.388671875,5535.023012729362,5978.6966129714565,1,18,Model_2
13020,7369.66845703125,5359.850320460275,5962.640906715154,2,9,Model_2
13021,9175.666015625,5608.673116909107,5958.768997267674,2,10,Model_2
13022,9083.9404296875,5312.130142269423,5961.39737375392,4,2,Model_2
13023,8625.2451171875,5510.030301888939,5972.735780114948,3,15,Model_2
13024,8660.48046875,5574.312397480011,5982.31946255028,0,27,Model_2
13025,19559.0234375,5466.454400702845,5990.7355664524075,0,9,Model_2
13026,3970.6259765625,5334.268397738691,5972.427369809506,1,1,Model_2
13027,6021.34326171875,5370.2784501132555,5985.625069913425,3,5,Model_2
13028,10979.2333984375,5421.429406546522,5993.323669427977,3,10,Model_2
13029,2931.243896484375,5310.100583531894,5979.53599772029,4,0,Model_2
13030,5249.76904296875,5347.202058851952,5986.22316687461,0,2,Model_2
13031,3727.811279296875,5297.248859695857,5993.201789066719,9,0,Model_2
13032,4100.91015625,5318.419518779032,5992.546461327205,5,0,Model_2
13033,8267.275390625,5273.116950588068,6002.723648130399,56,0,Model_2
13034,7045.74072265625,5617.579422750277,6002.749084031879,3,0,Model_2
13035,7033.7138671875,5388.2098248153925,6000.619887112174,2,2,Model_2
13036,1658.7069091796875,5522.968105898239,5995.403407650359,0,3,Model_2
13037,9721.7001953125,5500.357560280478,6006.321415084152,2,12,Model_2
13038,5736.93212890625,5556.418308842229,6005.423033174942,0,4,Model_2
13039,3100.489501953125,5582.244202108355,6003.678907541529,1,2,Model_2
13040,4632.75537109375,5339.492129322607,6006.270896557602,2,0,Model_2
13041,3013.178466796875,5359.996702787001,6008.206144728523,0,0,Model_2
13042,3551.384765625,5318.535059546353,6009.279398460407,8,0,Model_2
13043,3296.195068359375,5599.071264855098,6012.2518661694485,0,1,Model_2
13044,6010.4091796875,5446.504514985951,6025.457691630785,3,9,Model_2
13045,3084.875732421875,5302.128730908502,6015.5638325079635,16,1,Model_2
13046,7642.54052734375,5512.608103869017,6028.931458564824,2,2,Model_2
13047,2025.570068359375,5376.547572464449,6014.319239717501,1,2,Model_2
13048,3527.623291015625,5410.910133180674,6018.959525355516,2,0,Model_2
13049,4736.83203125,5582.572871860815,6023.676471974381,6,0,Model_2
13050,2690.114990234375,5288.761906998232,6021.863104164717,12,0,Model_2
13051,2041.594482421875,5391.932447067695,6019.371092372516,1,0,Model_2
13052,5650.02294921875,5426.455660085892,6027.773418494675,3,1,Model_2
13053,3445.824462890625,5545.956575699151,6026.263868397131,1,1,Model_2
13054,3242.921142578125,5462.866192410933,6027.0739312039805,0,4,Model_2
13055,3891.478515625,5343.146163629368,6041.032941970247,9,1,Model_2
13056,1348.0555419921875,5282.734913904453,6039.54423518086,6,0,Model_2
13057,5673.904296875,5585.9728085438255,6048.5958833435725,12,3,Model_2
13058,6357.93115234375,5383.990055038361,6046.867301872175,10,1,Model_2
13059,2289.276123046875,5417.802531224908,6045.511073736328,1,2,Model_2
13060,6594.41162109375,5541.3685484963935,6051.093900834734,3,1,Model_2
13061,3253.5888671875,5409.543898131233,6055.333217748033,1,0,Model_2
13062,4577.88720703125,5729.70736437873,5680.197477195819,4,0,Model_2
13063,6526.88818359375,5694.316905122949,5692.885046164505,1,29,Model_2
13064,1940.4591064453125,5765.173316406785,5682.244360712124,1,0,Model_2
13065,10521.716796875,5783.776300589088,5706.043179310567,9,0,Model_2
13066,12081.306640625,5636.152486016741,5703.424694563786,0,16,Model_2
13067,4752.7529296875,5733.124793289462,5701.750164383033,3,0,Model_2
13068,5166.6669921875,5670.0735981438775,5705.841105204367,1,7,Model_2
13069,2780.434326171875,5715.108719379408,5700.444454773737,2,6,Model_2
13070,3686.306884765625,5832.351296329405,5708.5281255745795,52,0,Model_2
13071,9117.9384765625,5652.543163713999,5726.360105617554,0,3,Model_2
13072,3456.154052734375,5717.0701504931785,5718.205779534823,5,6,Model_2
13073,9180.3427734375,5619.413805052172,5735.00477935659,0,10,Model_2
13074,4968.611328125,5693.502135568531,5728.977177258697,0,25,Model_2
13075,3934.125732421875,5755.770323362667,5729.716231507249,1,0,Model_2
13076,3443.468505859375,5831.218904745299,5728.243068879878,48,0,Model_2
13077,2383.64111328125,5740.545640739612,5728.350464908348,1,1,Model_2
13078,9081.7333984375,5802.928448657505,5735.446374868392,32,0,Model_2
13079,4083.087890625,5774.687707322184,5731.083411211788,0,0,Model_2
13080,5678.7568359375,5724.41228291858,5734.845098419522,4,1,Model_2
13081,4457.34228515625,5847.713615165325,5736.383263906231,67,0,Model_2
13082,13998.3740234375,5606.952434087405,5760.1086010115105,1,7,Model_2
13083,7062.3623046875,5697.980145865353,5747.627345465939,0,59,Model_2
13084,8032.0361328125,5823.891502616927,5755.271540413436,100,0,Model_2
13085,8047.84814453125,5743.036902224645,5759.05230454728,3,1,Model_2
13086,8058.94677734375,5770.175633213483,5755.577477784012,1,0,Model_2
13087,1501.3592529296875,5841.460604076507,5751.362183666555,30,0,Model_2
13088,5086.80224609375,5723.358606359223,5755.546389459982,1,3,Model_2
13089,2361.991943359375,5791.54745291546,5753.929796610377,2,0,Model_2
13090,5666.66357421875,5683.328103539301,5764.976749933616,3,18,Model_2
13091,1871.777099609375,5802.522444845643,5761.676441716612,7,0,Model_2
13092,826.74169921875,5850.706167071126,5757.996714635869,14,0,Model_2
13093,11716.029296875,5641.946556288749,5772.729754015221,5,15,Model_2
13094,1674.495361328125,5785.077630267246,5766.850528009294,0,0,Model_2
13095,15104.7275390625,5701.971596038435,5785.711955509381,2,20,Model_2
13096,5500.83837890625,5844.85685818526,5776.276649166015,78,0,Model_2
13097,5162.64306640625,5820.084181156708,5778.091783357726,89,0,Model_2
13098,7196.90234375,5796.229846083559,5785.495750346803,9,0,Model_2
13099,8035.3837890625,5743.04012447712,5784.597721714003,4,3,Model_2
13100,4605.6240234375,5764.683994352352,5784.810394112486,2,0,Model_2
13101,8149.35595703125,5785.865701158298,5803.0316847586655,3,1,Model_2
13102,11279.33203125,5657.564814035548,5800.740333967027,4,7,Model_2
13103,2920.31201171875,5833.40451256698,5795.451786117686,63,0,Model_2
13104,7286.5517578125,5733.517447769642,5803.980585194426,2,7,Model_2
13105,3285.86474609375,5814.333841454005,5796.476287705067,72,0,Model_2
13106,3870.034423828125,5846.562350388151,5805.291240673454,35,0,Model_2
13107,4768.986328125,5681.543435989879,5802.852926895488,0,6,Model_2
13108,8277.0654296875,5765.149379674112,5814.364085420733,9,0,Model_2
13109,5278.75439453125,5824.784066552529,5813.135390068695,92,0,Model_2
13110,16382.6328125,5691.259447845863,5824.688941763074,5,32,Model_2
13111,1352.94775390625,5720.68367648311,5820.6001206001965,0,2,Model_2
13112,3222.20166015625,5806.39559232071,5823.417853241903,37,1,Model_2
13113,6992.525390625,5741.49482425442,5828.48736971739,5,1,Model_2
13114,4420.18310546875,5841.184871328995,5831.66332463827,51,1,Model_2
13115,4993.20458984375,5818.050479523139,5836.01569000259,90,0,Model_2
13116,5144.046875,5786.432817593915,5832.993057043408,10,0,Model_2
13117,7458.22900390625,5657.045571065275,5846.648603373964,0,10,Model_2
13118,16079.513671875,5731.327697051922,5854.841083308915,8,1,Model_2
13119,500.0404357910156,5635.904832897941,5838.860271651414,0,2,Model_2
13120,7728.83642578125,5763.172757941531,5851.568330651848,3,0,Model_2
13121,2073.3271484375,5802.909575464437,5846.433811317023,48,0,Model_2
13122,2469.707275390625,5829.274045215687,5848.467976882588,38,0,Model_2
13123,14265.888671875,5690.83411051915,5857.070257452491,5,25,Model_2
13124,4214.5703125,5783.621632470284,5853.121333747753,3,1,Model_2
13125,3562.85595703125,5836.720210363856,5859.9000014921185,19,2,Model_2
13126,4775.443359375,5815.028006701497,5863.386133100488,103,0,Model_2
13127,1853.25830078125,5796.895011058776,5860.876457487815,33,0,Model_2
13128,5009.248046875,5773.76476214896,5875.856083800958,2,0,Model_2
13129,14503.712890625,5665.137107352028,5880.732004804071,2,20,Model_2
13130,875.7283935546875,5802.614509202074,5872.196140199143,17,0,Model_2
13131,1524.526611328125,5717.959031854523,5874.263513747195,0,0,Model_2
13132,8263.2568359375,5793.5452494500205,5891.689225919312,91,0,Model_2
13133,5042.103515625,5754.374627719168,5886.76808553579,6,1,Model_2
13134,1419.581298828125,5819.753670117119,5879.675001787022,10,0,Model_2
13135,3227.861572265625,5830.994728037389,5884.098022433231,28,0,Model_2
13136,6744.9892578125,5708.4736412114,5893.7785026047495,4,6,Model_2
13137,8041.3154296875,5732.051322893472,5893.653442755807,4,1,Model_2
13138,2751.633056640625,5693.852440444753,5885.316119492985,1,8,Model_2
13139,1586.9150390625,5808.801694276044,5884.394068064343,18,0,Model_2
13140,2134.1728515625,5769.307006010553,5896.260269381077,0,0,Model_2
13141,3805.953125,5643.518094853032,5899.543620330427,2,7,Model_2
13142,7080.744140625,5816.617037493503,5904.127735019341,79,0,Model_2
13143,2401.287109375,5779.590594623936,5902.340156387567,12,1,Model_2
13144,7552.68310546875,5674.712721064454,5908.499883862591,0,23,Model_2
13145,6478.42333984375,5748.244522546185,5914.215542890946,2,0,Model_2
13146,5266.7861328125,5701.529687127564,5922.033903108299,0,3,Model_2
13147,2847.092041015625,5718.205304007977,5915.644545967138,0,0,Model_2
13148,9615.037109375,5654.815312030725,5925.452912198874,0,14,Model_2
13149,3628.845947265625,5768.555760862073,5918.910939648835,20,0,Model_2
13150,4693.06103515625,5601.797750770813,5918.5827458644635,0,0,Model_2
13151,3231.6875,5785.950860687997,5919.325686153519,54,0,Model_2
13152,6945.76318359375,5721.169776285067,5935.2683439588,1,0,Model_2
13153,8243.7109375,5807.257314696908,5931.506303474656,73,0,Model_2
13154,2647.540283203125,5685.6688398015685,5928.004274427862,1,2,Model_2
13155,3558.348876953125,5754.683503634995,5937.600674813933,3,0,Model_2
13156,3861.200927734375,5779.710278287297,5937.249164786539,31,0,Model_2
13157,5690.57568359375,5609.927033443702,5937.510236053116,1,8,Model_2
13158,5548.70654296875,5737.70867759618,5943.987205743819,2,0,Model_2
13159,3817.962646484375,5767.294018857181,5952.462660082732,33,1,Model_2
13160,8101.3486328125,5664.936407055007,5952.354557501443,2,1,Model_2
13161,7563.37841796875,5689.514828291489,5949.335457306355,2,1,Model_2
13162,10517.0400390625,5792.361301826313,5960.104382095364,91,1,Model_2
13163,3675.69775390625,5755.851339996327,5960.933875104733,17,0,Model_2
13164,5488.134765625,5697.211408489151,5970.437363795121,6,1,Model_2
13165,8399.8857421875,5719.479474700987,5969.755540324899,21,0,Model_2
13166,3933.989990234375,5656.450835322728,5974.407484084426,3,0,Model_2
13167,5560.05517578125,5740.849913437618,5974.175028207013,10,0,Model_2
13168,5420.93798828125,5641.630315224407,5974.2559285047755,4,0,Model_2
13169,4197.3544921875,5674.885802054545,5977.847336483159,1,0,Model_2
13170,4849.28759765625,5599.159646637272,5975.206595322583,0,15,Model_2
13171,4816.23583984375,5770.991783733247,5981.629513722641,71,0,Model_2
13172,5151.5625,5627.154576140922,5983.653434272332,1,1,Model_2
13173,748.6148071289062,5704.937909602653,5979.891747064597,0,0,Model_2
13174,4288.08642578125,5750.757879476761,5989.140523463779,24,0,Model_2
13175,4803.1201171875,5783.903349400964,5991.269367107074,33,0,Model_2
13176,3820.439453125,5679.176921707811,5995.50444470346,2,0,Model_2
13177,3590.568115234375,5698.623675716808,5994.3086040575,7,0,Model_2
13178,3132.09521484375,5597.08037314727,5992.931179337087,2,0,Model_2
13179,4634.4658203125,5718.865865765372,5998.271658818616,18,0,Model_2
13180,4341.81884765625,5643.9793372787535,6002.686907383817,0,0,Model_2
13181,4384.271484375,5735.929533908144,6012.305210907274,34,0,Model_2
13182,9133.603515625,5662.389906956116,6014.65485230647,10,1,Model_2
13183,9599.6005859375,5762.06706502079,6012.734795021155,78,1,Model_2
13184,4597.19873046875,5702.103708389914,6018.009918366937,27,0,Model_2
13185,8038.60546875,5610.424641290214,6034.075516362704,6,2,Model_2
13186,4954.84521484375,5719.194535517832,6042.0320076561475,27,0,Model_2
13187,1484.341552734375,5648.215218318161,6036.73498117298,0,0,Model_2
13188,3562.068359375,5699.6465107167605,6044.85857220809,24,0,Model_2
13189,2351.921630859375,5685.645823712461,6047.584806259751,9,0,Model_2
13190,4750.34912109375,6599.901962976903,5695.0732402445865,42,0,Model_2
13191,5587.9619140625,6574.252372953342,5697.990596833755,49,2,Model_2
13192,5950.51513671875,6551.249172855401,5713.450679063739,25,1,Model_2
13193,2015.4281005859375,6589.760153472424,5710.938883792609,10,1,Model_2
13194,3001.64892578125,6588.879557903158,5726.690065783972,25,0,Model_2
13195,4150.5107421875,6635.222913643578,5728.72847066645,1,1,Model_2
13196,2955.930908203125,6558.91721310257,5729.237188696046,31,0,Model_2
13197,4906.80859375,6605.50592035288,5736.547184160212,2,0,Model_2
13198,9149.5361328125,6544.47047429136,5753.226776555588,10,1,Model_2
13199,2864.123291015625,6569.83604577533,5738.778477962245,29,0,Model_2
13200,7651.341796875,6571.143359636655,5754.141055903223,20,0,Model_2
13201,1062.584228515625,6594.64462790289,5751.01738589094,4,0,Model_2
13202,972.8031616210938,6586.570583843859,5757.471745891438,5,0,Model_2
13203,4406.615234375,6622.051726490725,5768.2636336470605,2,0,Model_2
13204,1635.444091796875,6592.139556764392,5769.570756361994,9,0,Model_2
13205,2796.71142578125,6580.563384586712,5772.311474746442,11,1,Model_2
13206,5031.404296875,6605.295092976652,5778.720615366532,3,0,Model_2
13207,3463.69775390625,6564.103658622131,5777.523008338525,13,0,Model_2
13208,4480.02001953125,6542.077721667709,5787.5320355708245,3,1,Model_2
13209,4682.2177734375,6583.827066022204,5792.398064834473,16,1,Model_2
13210,3687.048828125,6558.390144662,5794.757951249543,27,0,Model_2
13211,6921.640625,6612.224316763459,5799.380219790677,0,0,Model_2
13212,3175.342041015625,6572.710755304899,5805.780175224121,10,0,Model_2
13213,4303.13818359375,6547.7976801327895,5811.912347139209,23,0,Model_2
13214,3936.871826171875,6600.651827160036,5815.509407540143,0,0,Model_2
13215,2731.17333984375,6586.947127061663,5819.162285613769,5,1,Model_2
13216,11391.3466796875,6612.779004510958,5832.969034247566,5,3,Model_2
13217,6019.4580078125,6574.775758819655,5830.749045290635,33,0,Model_2
13218,2695.57373046875,6558.23225429072,5826.509021824517,8,1,Model_2
13219,5543.939453125,6545.644755157642,5839.1549041768885,12,1,Model_2
13220,2681.3125,6580.458431220381,5850.798188079265,6,0,Model_2
13221,3466.71826171875,6623.215419956017,5853.150302413327,0,1,Model_2
13222,8016.724609375,6600.215902432334,5864.284161733289,2,0,Model_2
13223,4663.67236328125,6546.828702781349,5862.938178613316,3,1,Model_2
13224,2689.76416015625,6572.918360428652,5865.00484560855,10,0,Model_2
13225,5303.7255859375,6622.142870203592,5878.1460214869585,1,1,Model_2
13226,2290.615478515625,6582.301099314354,5874.022579235956,14,0,Model_2
13227,4320.31396484375,6578.448666319484,5885.908917308028,12,0,Model_2
13229,4338.78271484375,6605.8217010954395,5892.461488150351,4,0,Model_2
13231,12276.880859375,6579.321436418453,5908.3341972265625,21,1,Model_2
13232,8671.3515625,6619.915373099735,5910.085741664574,1,0,Model_2
13233,9212.158203125,6587.057604289381,5932.981585760484,8,0,Model_2
13234,2324.92138671875,6644.199648717418,5947.418226232316,0,0,Model_2
13235,4647.353515625,6561.821383226197,5950.700517352438,8,1,Model_2
13237,5908.255859375,6594.262100501917,5952.216779701761,16,0,Model_2
13238,7487.74072265625,6577.214083299739,5973.592828684254,8,0,Model_2
13239,4553.5966796875,6611.571120154578,5980.645992198755,24,0,Model_2
13240,6969.74072265625,6642.917192232329,5996.708057430427,4,1,Model_2
13241,5684.55126953125,6629.212952455739,5978.979587375419,29,2,Model_2
13242,4131.337890625,6598.118216071045,5974.98685739591,26,2,Model_2
13243,14453.111328125,6587.954311121022,6004.678326503839,25,1,Model_2
13244,5580.23974609375,6740.491140074329,5670.540313267324,0,2,Model_2
13245,4568.220703125,6693.991274927976,5674.56625122932,2,3,Model_2
13246,12171.1298828125,6781.01648881007,5678.492565243854,1,2,Model_2
13247,4252.3095703125,6959.462989593856,5677.458171917009,1,0,Model_2
13248,7274.90673828125,6966.204862415325,5696.457377216779,2,0,Model_2
13249,2758.478759765625,6634.621733396081,5682.0175572572625,1,0,Model_2
13250,3590.969482421875,6610.564856738783,5681.708793675411,29,1,Model_2
13251,2533.5048828125,6672.065227800282,5689.872304944787,1,4,Model_2
13252,21750.25390625,6735.857080693357,5705.386085189006,10,24,Model_2
13253,6091.38330078125,6611.160513124894,5714.22788716451,2,0,Model_2
13254,6742.8125,6665.56180166197,5714.304901421769,2,3,Model_2
13255,4612.4775390625,6646.367303989595,5711.23563597654,5,2,Model_2
13256,5586.57373046875,6976.215480211889,5730.477895446005,2,0,Model_2
13257,6309.03955078125,6714.963995644823,5734.018431621429,4,15,Model_2
13258,3976.4169921875,6667.2359919836745,5737.513748416444,4,14,Model_2
13259,8146.58447265625,6742.698383019771,5744.176541498513,0,1,Model_2
13260,5927.55224609375,6613.341057406971,5751.28304975084,1,1,Model_2
13261,10905.4501953125,6645.972347900504,5752.160588351893,2,1,Model_2
13262,1437.651123046875,6836.651900045108,5748.45542536967,2,2,Model_2
13263,4486.78076171875,6775.919345716247,5756.843620435451,0,1,Model_2
13264,10395.392578125,6850.861112816725,5770.176978680596,1,14,Model_2
13265,5990.0498046875,6724.592546362197,5761.414310620807,1,1,Model_2
13266,4393.3056640625,6678.109252800001,5772.820899328857,0,10,Model_2
13267,5437.7890625,6770.0668145779055,5778.349675136618,0,1,Model_2
13268,4244.375,6635.134992183186,5779.81647878862,0,0,Model_2
13269,21556.701171875,6718.977080941666,5799.336413515906,3,14,Model_2
13270,10139.1787109375,6934.600549817784,5784.740445383417,0,1,Model_2
13271,7829.14599609375,6742.0235512871295,5785.2272602756275,1,19,Model_2
13272,5592.619140625,6784.737730097026,5789.2503720263485,4,18,Model_2
13273,4667.77783203125,6654.0684874050785,5787.186531242391,0,11,Model_2
13274,3140.4765625,6804.233738536714,5782.671658729727,3,27,Model_2
13275,3133.4501953125,6824.059337372426,5783.510336925741,3,21,Model_2
13276,1916.270263671875,6669.085564904381,5791.011808203824,0,6,Model_2
13277,5600.30419921875,6882.138136627153,5795.988059707219,5,34,Model_2
13278,7414.79443359375,6843.000197742833,5798.7485615705955,3,35,Model_2
13279,4815.09716796875,6636.92012005439,5801.9852800338995,0,0,Model_2
13280,4056.61376953125,6807.937027274165,5799.103957638494,1,16,Model_2
13281,6376.4833984375,6762.413964949548,5807.904779550503,3,15,Model_2
13282,5272.66064453125,6865.503488385351,5811.239708855632,2,34,Model_2
13283,4992.39892578125,6903.401320388541,5805.3124372580205,2,20,Model_2
13284,6803.57080078125,6826.197532050544,5816.550866395177,2,7,Model_2
13285,9623.095703125,6676.378903220873,5821.345533824118,0,9,Model_2
13286,15314.107421875,6796.3346167549025,5822.398297524254,6,26,Model_2
13287,10930.6435546875,6947.691640980542,5824.713671111735,0,3,Model_2
13288,175.1221466064453,6671.853019458707,5804.752140872646,0,0,Model_2
13289,12175.34375,6647.061929558869,5828.3983440622105,1,5,Model_2
13290,5704.4423828125,6920.072334051132,5824.383710945316,2,15,Model_2
13291,6314.54736328125,6886.404398904182,5822.3064456577995,3,30,Model_2
13292,5851.173828125,6852.299158064183,5828.283175952733,0,5,Model_2
13293,14839.353515625,6702.942231982015,5833.987883412396,1,26,Model_2
13294,846.479248046875,6972.172013677424,5828.585580559215,0,0,Model_2
13295,6418.92138671875,6904.321963952854,5840.036682094855,5,17,Model_2
13296,14461.4560546875,6736.995916782413,5845.498335384822,0,10,Model_2
13297,4757.20947265625,6839.7351353419945,5840.931177963561,1,7,Model_2
13298,10366.2861328125,6765.615963266231,5846.775076328544,1,23,Model_2
13299,10638.7333984375,6871.23587553855,5849.0466436412535,4,26,Model_2
13300,9812.1279296875,6799.391153388424,5851.4058235035045,3,24,Model_2
13301,5871.4453125,6661.533065424534,5855.959556421207,2,0,Model_2
13302,7467.2900390625,6921.124169323361,5857.499841566372,2,17,Model_2
13303,12463.517578125,6831.983776852256,5865.286760183284,1,21,Model_2
13304,5490.3896484375,6685.136064804625,5864.9391361963935,0,9,Model_2
13305,3482.148193359375,6719.420831139665,5867.527945724782,2,6,Model_2
13306,12141.666015625,6879.947465265868,5874.523525184544,2,14,Model_2
13307,17337.861328125,6649.302775994409,5883.011344197788,4,4,Model_2
13308,7241.998046875,6702.636117996881,5879.237645592133,0,3,Model_2
13309,10113.9443359375,6779.7796041814145,5874.435912635003,5,24,Model_2
13310,8240.4560546875,6901.660843730206,5884.960016872268,5,22,Model_2
13311,8993.1669921875,6963.6882832322735,5878.926055799006,0,3,Model_2
13312,6940.0390625,6741.729405668331,5879.562659888819,3,9,Model_2
13313,4039.429931640625,6852.37326987111,5884.418797413004,3,6,Model_2
13314,3078.753662109375,6929.830695511075,5880.237417830853,1,17,Model_2
13315,9645.837890625,6811.627887323499,5888.316142761963,4,44,Model_2
13316,5348.34716796875,6754.825560370693,5894.516143747664,1,2,Model_2
13317,9983.0771484375,6918.001346353209,5904.529763573286,1,14,Model_2
13318,8152.81201171875,6723.586282946402,5901.175050789228,0,0,Model_2
13319,7527.15087890625,6681.911050398834,5904.783769311674,1,8,Model_2
13320,6086.53271484375,6772.782252770849,5902.336976899882,3,13,Model_2
13321,4701.29736328125,6837.4280025698245,5904.087814785074,5,8,Model_2
13322,14825.19921875,6861.083018311299,5915.420921999961,5,9,Model_2
13323,2070.858154296875,6640.556201811647,5905.640111328161,2,1,Model_2
13324,3931.431640625,6799.973460442852,5909.12659621294,0,11,Model_2
13325,2061.990478515625,6703.520396140404,5906.977262537897,0,0,Model_2
13326,4432.466796875,6890.07270318619,5912.218824624782,4,6,Model_2
13327,6841.64599609375,6783.488877102034,5921.099133728916,3,5,Model_2
13328,5455.38525390625,6820.189872471616,5917.369241398032,1,9,Model_2
13329,19442.732421875,6733.421518143965,5931.062235027988,2,14,Model_2
13330,8432.7041015625,6937.1309386543,5930.18151693925,1,14,Model_2
13331,4284.734375,6666.813876909437,5925.713983465452,2,0,Model_2
13332,3127.235595703125,6701.68187094247,5922.195703703823,1,1,Model_2
13333,4053.298828125,6630.728331762599,5928.980730423558,0,0,Model_2
13334,6143.365234375,6904.316440091468,5936.447227337107,2,14,Model_2
13335,6090.4716796875,6762.738952127751,5939.0279115080775,8,27,Model_2
13336,1458.27001953125,6807.3298628435,5932.830383457243,0,4,Model_2
13337,11736.3232421875,6832.791181258159,5945.635946746683,3,7,Model_2
13338,3317.378662109375,6613.954666342586,5938.979512639984,10,0,Model_2
13339,5341.47705078125,6923.556969942059,5944.868277108966,7,24,Model_2
13340,2407.5546875,6787.364786507795,5939.626008469262,1,1,Model_2
13341,11904.5693359375,6870.4965987564065,5948.927069777041,0,1,Model_2
13342,1594.4564208984375,6686.349012700608,5941.6110686139145,0,0,Model_2
13343,7549.1748046875,6796.852018438047,5954.227982300712,0,11,Model_2
13344,5967.08984375,6624.028808545088,5954.0075378212205,10,0,Model_2
13345,2505.673583984375,6777.234485047869,5953.158967885742,1,3,Model_2
13346,3314.888671875,6890.938108136645,5959.645476039499,1,0,Model_2
13347,1533.706787109375,6758.206623860635,5957.631447229272,0,0,Model_2
13348,3370.030517578125,6905.756786947837,5965.611254765739,2,2,Model_2
13349,2421.83544921875,6850.58261813852,5964.235596427374,0,0,Model_2
13350,6865.86669921875,6822.277431753697,5971.383791296015,3,1,Model_2
13351,11401.2919921875,6776.05652160733,5997.191339558543,1,13,Model_2
13352,6399.88232421875,6949.288957564626,5988.621913694718,3,11,Model_2
13353,5455.73193359375,6702.869501140434,5984.85033474752,1,2,Model_2
13354,6779.99609375,6663.785419904627,5991.188820085721,2,2,Model_2
13355,3259.059814453125,6748.95139410859,5992.682119468431,1,8,Model_2
13356,8907.4306640625,6623.747551936191,6015.3444478577,36,0,Model_2
13357,8201.7861328125,6869.032775489148,6001.10988149207,1,0,Model_2
13358,11396.1884765625,6718.363472006051,6006.282554679114,0,11,Model_2
13359,4312.9169921875,6833.048501134384,6000.323841481062,0,0,Model_2
13360,5999.1796875,6686.160280769924,6003.599067072995,8,3,Model_2
13361,4712.77734375,6812.261750417529,6009.647512479045,2,2,Model_2
13362,6736.11376953125,6742.880210123723,6018.022636317677,2,10,Model_2
13363,5970.8681640625,6788.535845121602,6020.141588221508,2,3,Model_2
13364,1614.35693359375,6827.427511852467,6018.483662031998,0,0,Model_2
13365,192.6846923828125,6891.713750339579,6012.895182511042,0,0,Model_2
13366,3624.513671875,6928.2656014517415,6020.506522752461,0,1,Model_2
13367,1583.9827880859375,6839.634324871702,6022.721919116069,3,1,Model_2
13368,5749.00048828125,6890.025290042628,6028.183572406037,5,1,Model_2
13369,4347.47119140625,6910.376116031781,6028.142239066132,0,1,Model_2
13370,10933.603515625,6816.612251580693,6036.751938440633,2,1,Model_2
13371,11257.2470703125,6636.959247405874,6044.540623439592,41,0,Model_2
13372,2683.1708984375,6872.485649177106,6048.554196727258,0,1,Model_2
13373,2501.142333984375,7084.364400355378,5669.696689201577,2,0,Model_2
13374,1750.6556396484375,7025.665547660086,5669.925612314895,0,0,Model_2
13375,1997.3262939453125,7146.988877208903,5673.861111516075,1,0,Model_2
13376,4220.35107421875,7073.418869019253,5680.445477235247,0,0,Model_2
13377,4971.52490234375,7210.961176240584,5692.779063241673,46,0,Model_2
13378,2851.90673828125,7133.79421364516,5688.635130958923,3,0,Model_2
13379,1662.4937744140625,7066.976665677968,5691.8485331792035,2,0,Model_2
13380,3741.304443359375,7011.221570779569,5697.389320384886,1,0,Model_2
13381,2087.862060546875,7034.391867684433,5697.281924356415,3,0,Model_2
13382,7706.9833984375,7162.9275189160835,5713.72199534619,10,0,Model_2
13383,5267.57763671875,7214.486320448341,5713.280399834388,40,1,Model_2
13384,3925.662353515625,7105.561758101918,5714.646872986108,3,0,Model_2
13385,3081.6396484375,7054.785963921109,5716.030303405481,1,0,Model_2
13386,3471.828369140625,7189.435148741584,5718.4615516552585,33,0,Model_2
13387,4843.6748046875,7000.990919171134,5730.2588640721515,1,0,Model_2
13388,4909.58642578125,7062.451702559367,5729.783354025043,2,1,Model_2
13389,4649.76806640625,7033.467541545862,5729.565029204008,1,0,Model_2
13390,4329.4453125,7200.400934236124,5734.119468674529,18,0,Model_2
13391,2563.57373046875,7097.140171097359,5726.521906213078,1,0,Model_2
13392,3218.1337890625,7141.412999461638,5728.616128768248,3,0,Model_2
13393,3996.3720703125,7219.83664052235,5732.544562441239,32,0,Model_2
13394,1961.220947265625,7017.103102190187,5733.3563916301355,1,0,Model_2
13395,4849.9384765625,7121.844720502151,5734.551878999686,3,2,Model_2
13396,3067.992431640625,7182.812499261694,5737.650113110489,13,0,Model_2
13397,4012.546630859375,7161.807556020096,5736.27657443058,2,0,Model_2
13398,2138.000732421875,7077.327461271547,5740.354090748355,0,0,Model_2
13399,2976.95263671875,7096.044605255825,5738.271173038287,3,1,Model_2
13400,3285.508544921875,7049.944299416384,5742.892028473783,0,0,Model_2
13401,4000.064453125,7001.339382760227,5749.22698104789,0,0,Model_2
13402,3606.597412109375,7013.3643686755095,5756.211255662551,2,0,Model_2
13403,4186.61962890625,7104.645257433644,5754.80733521143,2,0,Model_2
13404,2379.3359375,7168.780050054425,5748.633476680028,3,0,Model_2
13405,2813.50537109375,7039.222024144605,5753.868326515134,2,0,Model_2
13406,2391.6767578125,7060.932640678249,5752.752679614117,3,0,Model_2
13407,4170.595703125,7125.9756481752265,5755.2143096351065,4,1,Model_2
13408,3774.748779296875,7147.69040760491,5754.900600183522,6,0,Model_2
13409,3624.080810546875,7024.077437511645,5760.455518445582,1,0,Model_2
13410,3873.797119140625,7086.739660751307,5755.150719881407,3,1,Model_2
13411,3896.407958984375,7203.306485325098,5751.337454317894,16,0,Model_2
13412,3237.1435546875,7071.809123747051,5762.0869489043835,0,0,Model_2
13413,3409.488525390625,7182.804673791397,5759.357535365038,3,0,Model_2
13414,2275.31787109375,7164.739805772435,5762.315165464883,1,0,Model_2
13415,5011.36962890625,7048.546302163973,5773.804420852743,3,0,Model_2
13416,746.9382934570312,6984.320826152107,5762.9637809526175,0,0,Model_2
13417,5593.9716796875,7207.536382181337,5771.001525820233,28,1,Model_2
13418,430.7023010253906,7114.612604982685,5765.691781386326,1,0,Model_2
13419,6951.27197265625,7238.35998903634,5793.609096366039,31,1,Model_2
13420,4556.7958984375,7032.04560756078,5779.138894635311,1,0,Model_2
13421,600.2926635742188,7062.453083524713,5768.768818912562,0,0,Model_2
13422,2809.81982421875,7103.736121913884,5773.382608819869,1,0,Model_2
13423,4201.46630859375,7143.887689362513,5774.332922361267,4,0,Model_2
13424,3458.19287109375,6997.945890582167,5775.64711060439,1,1,Model_2
13425,2833.5126953125,7124.464872086188,5771.728568670864,4,0,Model_2
13426,5604.083984375,7084.485004662303,5779.844034348556,5,0,Model_2
13427,2717.091796875,7193.49150428595,5777.255931372987,15,0,Model_2
13428,2503.38623046875,7171.8361263661645,5777.014996861748,0,0,Model_2
13429,2793.107177734375,7159.060815945966,5780.966746777762,1,1,Model_2
13430,3473.97900390625,7015.639739244711,5785.48515205452,0,0,Model_2
13431,1580.2781982421875,7060.087489886209,5781.22746476793,2,0,Model_2
13432,3312.60205078125,7107.983510997845,5791.476013405831,2,0,Model_2
13433,3057.227294921875,7122.8288884724025,5787.935477230407,1,0,Model_2
13434,5663.83837890625,7217.593492477899,5796.890327656933,55,2,Model_2
13435,3293.040283203125,7148.7473064167425,5794.155261695036,1,0,Model_2
13436,2534.88671875,7174.886218494736,5792.547147479258,7,0,Model_2
13437,3074.244384765625,7190.7332561672665,5796.058714989107,15,0,Model_2
13438,8514.759765625,7005.254879839253,5806.025349052274,1,9,Model_2
13439,1363.69921875,7062.4125752078835,5790.828811023734,0,0,Model_2
13440,3621.5224609375,7134.121502432274,5800.201940719038,3,1,Model_2
13441,9547.46484375,7052.780802238034,5813.442033992091,7,4,Model_2
13442,7083.87451171875,7073.841444415273,5806.510044286028,6,1,Model_2
13443,840.1288452148438,7083.787617162336,5792.1408796084,1,0,Model_2
13444,1960.019287109375,7202.713130547898,5799.59995771735,21,0,Model_2
13445,1734.3902587890625,7095.418567632092,5799.424026065448,1,1,Model_2
13446,5749.20263671875,7172.511418420589,5809.773611756449,6,1,Model_2
13447,3603.912353515625,7116.810641492484,5812.674717630784,4,0,Model_2
13448,2648.055419921875,7092.658938548062,5815.412609803956,0,0,Model_2
13449,3753.4853515625,7154.793633025372,5815.15683768352,4,0,Model_2
13450,1177.1383056640625,7104.683464141563,5809.9891103662085,0,1,Model_2
13451,5971.1416015625,7227.583395794267,5822.789727785916,23,1,Model_2
13452,3396.609375,7190.975845746463,5818.9609180603875,6,1,Model_2
13453,2208.60546875,7128.47979867016,5818.847869609366,0,0,Model_2
13454,2061.19384765625,7206.465213394258,5816.054866316321,9,0,Model_2
13455,2403.482666015625,7140.947614139877,5819.758616192907,1,0,Model_2
13456,4517.9404296875,7110.314120180905,5831.73892578989,4,0,Model_2
13457,2971.459716796875,7076.1379897864535,5827.774457923137,0,1,Model_2
13458,5334.6337890625,7207.842035844689,5833.967393380648,30,0,Model_2
13459,2097.5263671875,7165.878641861491,5830.778720509028,1,2,Model_2
13460,2647.96240234375,7091.242068102583,5833.433946002391,5,2,Model_2
13461,4879.236328125,7185.5730489892885,5838.669502390316,15,0,Model_2
13462,4003.51025390625,7147.882822109852,5838.263941072277,5,0,Model_2
13463,2605.427001953125,7130.244212061167,5835.875085991633,0,2,Model_2
13464,6922.23974609375,7101.689531270415,5855.468502212083,5,2,Model_2
13465,2155.087158203125,7159.744854114251,5846.042381055362,2,0,Model_2
13466,3808.43701171875,7082.89643419208,5848.401560917613,10,1,Model_2
13467,1045.4532470703125,7056.400312411133,5853.839897964557,2,0,Model_2
13468,6175.154296875,7169.158434559358,5855.576604793372,4,0,Model_2
13469,8886.2626953125,7225.391803789418,5857.001015276241,57,0,Model_2
13470,4605.365234375,7125.586676269304,5855.897379773145,3,0,Model_2
13471,2398.802490234375,7140.721135823056,5854.671510632383,0,0,Model_2
13472,3989.2509765625,7203.126499508275,5858.130086680816,7,1,Model_2
13473,2433.435546875,7071.232340554008,5858.273516903049,0,5,Model_2
13474,1653.9329833984375,7034.479328823043,5856.099453879346,0,1,Model_2
13475,1737.806640625,7047.940058376873,5860.872218170902,0,0,Model_2
13476,4018.87890625,7193.265486290911,5871.2974050135235,6,0,Model_2
13477,1397.6851806640625,7030.089239986613,5866.162885678699,0,6,Model_2
13478,4967.64501953125,7173.923685648246,5873.434727290645,6,0,Model_2
13479,6643.9501953125,7099.695877631893,5880.465634391352,6,5,Model_2
13480,4729.32861328125,7144.663791887229,5875.871627962973,3,1,Model_2
13481,6549.4345703125,7052.96124837664,5880.107412112178,3,4,Model_2
13482,4129.2041015625,7122.258089462528,5879.133782327757,7,0,Model_2
13483,5292.0322265625,6995.95315758721,5883.676210400357,1,0,Model_2
13484,4099.8828125,7161.604554114165,5890.035185770306,3,0,Model_2
13485,2684.180419921875,7074.537911271676,5892.691824369307,0,3,Model_2
13486,4417.44384765625,7136.588366862852,5895.59999577183,4,1,Model_2
13487,3472.705078125,7113.789089314407,5896.217876211944,5,0,Model_2
13488,1085.733154296875,7027.383468551096,5896.214696724259,0,2,Model_2
13489,2630.44140625,6979.053363998886,5899.983449460182,0,0,Model_2
13490,2640.44189453125,7003.524069938343,5898.482731272874,0,2,Model_2
13491,1897.9857177734375,7182.090714707272,5898.3887597479625,0,0,Model_2
13492,7263.412109375,6966.146401548991,5914.890654109389,0,1,Model_2
13493,6466.8564453125,7154.704330599634,5908.880362555559,2,3,Model_2
13494,5690.9873046875,7101.972629166441,5913.717776430043,0,9,Model_2
13495,3544.0966796875,7079.861993004102,5909.176761463081,0,1,Model_2
13496,4153.87353515625,7121.986959932838,5914.6475999396935,5,0,Model_2
13497,1090.035400390625,6934.88779060985,5910.317137712758,0,3,Model_2
13498,7975.3447265625,7163.575191663578,5930.229562530934,22,4,Model_2
13499,10213.39453125,7184.576912652701,5941.560903363774,6,1,Model_2
13500,2793.257568359375,7132.798537630355,5936.879284385854,0,0,Model_2
13501,6483.4443359375,7208.258166735759,5951.802739749895,13,2,Model_2
13502,13428.9697265625,7140.08589176368,5958.553145381506,15,11,Model_2
13503,2083.447509765625,7102.58715874562,5952.258466318075,1,2,Model_2
13504,6124.77734375,7167.3861956980545,5972.105888276914,9,32,Model_2
13505,4008.0576171875,7187.164381390205,5967.128576944291,3,1,Model_2
13506,3777.218017578125,7217.648270769976,5979.186607351352,14,3,Model_2
13507,4770.74658203125,6989.714416473638,5989.569401024841,0,3,Model_2
13508,10245.806640625,7069.822835257044,5993.4459030656435,0,4,Model_2
13509,8323.8984375,7216.324845646275,6009.4751135912375,28,13,Model_2
13510,1225.1771240234375,7090.971859216457,6002.352001347666,0,1,Model_2
13511,7301.61572265625,7015.567929046694,6041.357249714114,0,2,Model_2
13512,3792.024169921875,7230.935459011933,5747.257818341663,23,0,Model_2
13513,4959.69384765625,7226.724895670544,5769.531189404137,25,0,Model_2
13514,6831.2060546875,7245.5373262637295,5836.9829608116415,24,1,Model_2
13515,11751.9267578125,7248.628387030913,5875.74091569148,40,1,Model_2
13516,8775.302734375,7251.9450054713525,5919.793777396029,14,0,Model_2
13517,4973.33154296875,7231.392558541615,5917.90162894706,14,1,Model_2
13518,10069.7099609375,7238.452053392772,5942.440208346874,20,3,Model_2
13519,3300.26171875,7224.64516185876,5957.279583925469,25,2,Model_2
13520,17564.451171875,7241.842783640139,5985.615178173961,35,5,Model_2
13521,5275.05029296875,1189.1906632407336,6038.531038438581,81,1,Model_2
13522,3783.597900390625,1223.5688748975517,6039.464041435916,47,1,Model_2
13523,3212.4873046875,1206.5403062906698,6042.553796912893,44,0,Model_2
13524,6036.9541015625,1241.599564024189,6052.555758617003,78,0,Model_2
13525,9923.73828125,1161.8499660699745,6067.287738167128,122,1,Model_2
13526,7336.14111328125,1196.425885932229,6064.175019723538,89,0,Model_2
13527,2694.35546875,1219.238512812357,6056.5636794821185,11,0,Model_2
13528,7112.720703125,1254.4145771980984,6068.240524643392,54,2,Model_2
13529,9083.388671875,1220.19529163657,6080.06645244945,124,0,Model_2
13530,8656.345703125,1179.6077994602383,6085.588162729022,98,2,Model_2
13531,8220.9501953125,1256.662903862598,6087.51245933125,91,1,Model_2
13532,7986.06396484375,1270.7164127914002,6101.302603973803,125,1,Model_2
13533,6059.0439453125,1156.3183942942414,6109.506035477447,45,0,Model_2
13534,7725.54931640625,1191.5445186737925,6109.324098126584,97,0,Model_2
13535,14855.3828125,1130.1359818078345,6110.031710774696,22,0,Model_2
13536,8582.267578125,1235.6154959365958,6109.429021220189,122,0,Model_2
13537,6522.27001953125,1211.3179860676755,6112.657614326075,114,0,Model_2
13538,5684.76904296875,1172.657746112789,6117.079575143056,65,0,Model_2
13539,10734.4521484375,1229.4883828551974,6144.064946954662,112,0,Model_2
13540,13453.0615234375,1197.0477806599229,6146.00231478404,176,1,Model_2
13541,6876.37451171875,1249.4078873344697,6149.210771134589,80,2,Model_2
13542,5528.03271484375,1142.5035622094874,6140.448456351209,18,1,Model_2
13543,2800.26318359375,1169.4397516141762,6139.297835085657,37,0,Model_2
13544,7378.6015625,1156.4572963920073,6158.317883693584,38,1,Model_2
13545,6619.001953125,1172.339318519982,6171.064096546237,40,1,Model_2
13546,3079.16943359375,1208.402077738603,6162.5285852177185,33,1,Model_2
13547,3722.807373046875,1255.4239477859228,6170.0604382670135,29,0,Model_2
13548,3110.084228515625,1231.550394278369,6175.73123119137,65,0,Model_2
13549,11805.8818359375,1215.5721648979234,6191.790116935357,104,1,Model_2
13550,5051.654296875,1178.7511406236445,6192.259621283505,48,2,Model_2
13551,4155.92041015625,1193.9361204929883,6191.660817769502,37,0,Model_2
13552,12433.1220703125,1247.3320662578335,6202.909491922532,214,2,Model_2
13553,5042.15673828125,1290.26190582267,6194.235142965103,28,0,Model_2
13554,3763.04248046875,1197.812950542313,6212.664160140033,31,2,Model_2
13555,7183.54638671875,1212.587553542864,6226.4928119112155,27,2,Model_2
13556,9136.1982421875,1232.1782731892308,6235.919639620755,73,0,Model_2
13557,30412.146484375,1275.108457995404,6265.2479405797785,180,4,Model_2
13558,10796.900390625,1241.9311107877875,6259.408281531709,63,2,Model_2
13559,13689.02734375,1458.9948114398285,6014.301575897029,2,4,Model_2
13560,18824.490234375,1528.2255963499774,6021.456836293859,5,13,Model_2
13561,9720.57421875,1402.0838485464337,6044.418036525516,15,14,Model_2
13562,24543.59375,1323.2687038099975,6058.2205458424,28,28,Model_2
13563,19113.87109375,1508.7005876380135,6052.178812688129,10,8,Model_2
13564,22398.419921875,1569.2997637304943,6052.53880134935,23,17,Model_2
13565,24849.431640625,1458.6418597133597,6062.797595003125,3,4,Model_2
13566,10136.5615234375,1289.759464597446,6066.050917457673,19,3,Model_2
13567,21598.380859375,1375.9838336590328,6071.770109250123,52,9,Model_2
13568,8590.748046875,1609.272841408092,6075.443124079087,12,2,Model_2
13569,4743.77392578125,1407.6214045053348,6074.386474338447,10,14,Model_2
13570,25021.888671875,1526.0932707745815,6089.208892649389,34,3,Model_2
13571,5780.28125,1490.038337026257,6080.963067976612,10,3,Model_2
13572,7558.044921875,1343.5741881036083,6082.103797502699,17,22,Model_2
13573,20815.18359375,1585.1442696332233,6098.068005168956,44,2,Model_2
13574,12092.595703125,1419.7038155629416,6102.570866283699,23,7,Model_2
13575,4368.11474609375,1479.0859008633997,6097.264301337476,5,0,Model_2
13576,3617.3505859375,1622.4090441055014,6097.797395439324,17,0,Model_2
13577,15505.8623046875,1324.2838284200989,6109.416656545858,14,2,Model_2
13578,17658.365234375,1459.762167850684,6113.114753999893,3,1,Model_2
13579,3504.274658203125,1296.6317235637107,6106.1961887973885,85,0,Model_2
13580,7369.84375,1354.9032825647155,6108.410172055359,10,15,Model_2
13581,17400.396484375,1383.4555466661113,6120.631769439991,39,3,Model_2
13582,44152.5859375,1527.3669811458094,6141.125333951699,11,0,Model_2
13583,6766.71044921875,1572.7404388912255,6123.798185897816,21,0,Model_2
13584,8319.1591796875,1615.9793845327804,6126.370038158551,26,1,Model_2
13585,9877.6953125,1271.783899004222,6126.354140720126,115,0,Model_2
13586,2739.63037109375,1297.7553690339555,6120.608453196968,42,0,Model_2
13587,18510.498046875,1419.917750111199,6141.259932263696,13,6,Model_2
13588,8788.125,1297.6505307480693,6141.351077577332,110,1,Model_2
13589,1629.6954345703125,1351.923964910151,6130.609355071851,15,1,Model_2
13590,5718.8984375,1319.3228254933492,6143.742405592842,75,0,Model_2
13591,3999.048583984375,1357.6656735794386,6144.467682061426,14,0,Model_2
13592,19589.916015625,1590.9580186614185,6153.556070970721,41,2,Model_2
13593,2797.452392578125,1337.7033591744257,6149.620218493132,64,0,Model_2
13594,6477.9453125,1273.029069424956,6157.952949162631,77,0,Model_2
13595,14080.3203125,1390.771901071712,6165.4957537806185,139,1,Model_2
13596,1304.522216796875,1367.3818005158682,6152.347512374021,25,1,Model_2
13597,803.1559448242188,1351.2857287591905,6154.673130977375,17,0,Model_2
13598,13382.2255859375,1325.2768575846567,6180.310046734143,130,0,Model_2
13599,2767.579345703125,1342.6408856902854,6165.633531580301,37,0,Model_2
13600,6530.248046875,1293.8947653274518,6170.229304390727,58,1,Model_2
13601,10274.28515625,1356.1675563394092,6186.127449368418,89,1,Model_2
13602,1390.2298583984375,1304.299763810879,6180.17262221087,10,0,Model_2
13603,5342.21923828125,1266.2766092024976,6187.207062075671,74,0,Model_2
13604,6520.41015625,1380.6974136278732,6190.766675177205,21,0,Model_2
13605,9582.3232421875,1321.1486918422743,6208.585230716621,91,0,Model_2
13606,9080.6181640625,1281.6137254208443,6214.633322846261,77,0,Model_2
13607,10533.84375,1327.0574973184848,6232.983912658296,26,0,Model_2
13608,7212.02978515625,1298.6876357232686,6238.950044660945,42,0,Model_2
13609,7305.111328125,1595.451794979279,6301.462658588047,26,1,Model_2
13610,14895.2333984375,1567.6449069236405,6317.855743815366,62,7,Model_2
13611,9332.9619140625,1401.4155763991876,6339.165023556474,2,0,Model_2
13612,22688.560546875,1530.1800075565698,6339.74298376232,27,4,Model_2
13613,7139.64892578125,1368.3572223722585,6334.525091194868,9,0,Model_2
13614,2061.984375,1336.6590041311574,6328.475939235999,5,0,Model_2
13615,2734.197021484375,1447.767217931687,6346.147885065497,1,0,Model_2
13616,9302.396484375,1670.6011672035092,6015.038157210714,6,1,Model_2
13617,37357.88671875,1761.4132182265166,6033.400405144261,40,22,Model_2
13618,13399.0966796875,1709.950393785839,6023.68918992512,27,1,Model_2
13619,10012.5615234375,1681.4460031497874,6045.987996889075,31,7,Model_2
13620,17119.7578125,1625.6874558380223,6059.726563175849,20,2,Model_2
13621,4099.7919921875,1700.73808903998,6053.373240228451,12,0,Model_2
13622,6523.95947265625,1654.1582429839764,6057.326756526512,24,1,Model_2
13623,8054.08837890625,1716.832319509529,6061.711976596911,30,3,Model_2
13624,17484.5,1735.7388859071652,6082.603683622059,52,1,Model_2
13625,12932.6142578125,1664.0112005701521,6086.84194070613,22,1,Model_2
13626,4138.90771484375,1764.1949427560903,6081.999580961914,5,6,Model_2
13627,10395.69140625,1693.6148396219942,6086.042122915154,40,2,Model_2
13628,2253.38623046875,1783.0511039185803,6085.643980401714,0,0,Model_2
13629,8871.783203125,1637.2988426320371,6115.026685927791,23,0,Model_2
13630,13601.7314453125,1760.6567944579874,6115.314252925076,22,9,Model_2
13631,12084.0849609375,1693.907604275446,6118.264110943914,59,0,Model_2
13632,10702.5361328125,1728.693430870364,6120.3311312155565,20,4,Model_2
13633,8593.0,1660.9411995245027,6123.1022313712165,47,0,Model_2
13634,4981.5166015625,1678.4407923949766,6142.951772988512,23,0,Model_2
13635,9495.369140625,1704.7296542935073,6149.543557512283,24,3,Model_2
13636,12903.3564453125,1644.1263353049872,6152.274030880857,33,1,Model_2
13637,4031.98583984375,1760.1977385607315,6144.609699178021,4,2,Model_2
13638,8346.0380859375,1737.9098785122624,6160.176117607247,9,4,Model_2
13639,6237.42431640625,1707.2916902525467,6202.388762495015,10,5,Model_2
13640,13911.9931640625,1686.2371473389212,6238.956756912725,4,0,Model_2
13641,5404.8447265625,1630.4369409058709,6258.994594856253,9,0,Model_2
13642,10423.154296875,1657.2659904157626,6269.16294974921,8,0,Model_2
13643,10581.9794921875,1612.9557609066833,6289.561836183188,36,0,Model_2
13645,8821.18359375,1635.886805565271,6287.044741765916,11,0,Model_2
13650,24348.400390625,2452.7714234914165,6018.134271663061,1,5,Model_2
13651,9788.35546875,2577.2903068519663,6030.622946013231,0,13,Model_2
13652,6336.56005859375,2535.7600756657775,6036.319528115477,2,17,Model_2
13653,4887.88671875,2557.8191557885148,6042.03059455051,3,4,Model_2
13654,12568.0419921875,2607.819077605498,6052.162561973295,3,8,Model_2
13655,59762.8828125,2430.8736861533253,6080.402065038419,9,7,Model_2
13656,15718.169921875,2484.743533192901,6063.4776520913,7,37,Model_2
13657,1000.278564453125,2472.2379713370465,6044.684053661826,0,4,Model_2
13658,580.791748046875,2476.8586813863367,6047.753672383464,0,1,Model_2
13659,10839.189453125,2537.660283982521,6062.276865575608,2,7,Model_2
13660,19950.62890625,2574.36933498329,6076.473631365428,0,10,Model_2
13661,9682.4326171875,2514.53325732518,6076.154269491293,1,12,Model_2
13662,10047.7998046875,2609.600753063336,6087.783775613701,7,10,Model_2
13663,18956.25390625,2476.4273598764557,6115.741364104091,1,2,Model_2
13664,23995.74609375,2580.1875721488614,6143.955431267736,1,13,Model_2
13665,7037.5390625,2436.4099762273254,6148.617620043136,1,6,Model_2
13666,9742.4716796875,2486.4589223141083,6150.441232868674,1,3,Model_2
13667,22304.796875,2535.3483178316383,6164.623514325707,14,56,Model_2
13668,14443.638671875,2450.284304902423,6198.423588075442,1,4,Model_2
13669,33479.0,2527.6551900473423,6212.788160159747,14,55,Model_2
13670,4768.86962890625,2607.619528112933,6193.889285360259,1,8,Model_2
13671,43102.96484375,2494.74655568006,6250.9282345994725,5,30,Model_2
13672,13505.3564453125,2548.028111482039,6265.722037521249,0,1,Model_2
13673,13658.25,2585.0317684233887,6284.583111744927,8,11,Model_2
13675,6263.52880859375,2524.114625059883,6294.083420947631,1,6,Model_2
13676,7907.7275390625,2560.928169105202,6304.809952567506,0,2,Model_2
13677,9373.3095703125,2540.8933540194994,6310.971799700987,3,3,Model_2
13678,32068.1328125,2594.067885007127,6327.086149841256,12,29,Model_2
13679,12802.775390625,2759.3068332172697,6005.181745387294,1,16,Model_2
13680,14048.2548828125,2782.216818154324,6029.423925879586,3,15,Model_2
13681,8496.2294921875,2888.488315909286,6025.664005053899,2,2,Model_2
13682,22809.04296875,2825.824021221604,6039.931426125608,6,51,Model_2
13683,19866.03125,2730.0798524636775,6037.749237744487,3,5,Model_2
13684,2768.712158203125,2590.7160519503523,6020.789143880014,1,2,Model_2
13685,5937.48974609375,2702.5118714129785,6051.732977859414,0,1,Model_2
13686,10695.55078125,2754.235237982357,6065.205527009879,1,4,Model_2
13687,16627.8359375,2798.9152209629538,6063.916421391827,5,16,Model_2
13688,12913.857421875,2876.521330538555,6066.960957488394,5,6,Model_2
13689,3015.34619140625,2896.9609986316646,6058.046027296135,6,0,Model_2
13690,6829.859375,2914.6817761184648,6057.598779361782,15,2,Model_2
13691,18404.052734375,2642.308687133598,6079.651352668356,5,18,Model_2
13692,16333.53515625,2680.9029859931907,6074.614690898947,6,12,Model_2
13693,2510.729248046875,2849.4769655150594,6066.69811983977,3,9,Model_2
13694,15839.4716796875,2717.9545163998846,6087.159536198218,3,23,Model_2
13695,9854.61328125,2931.654300548369,6088.615741557936,5,1,Model_2
13696,13912.8828125,2767.441179429763,6096.1140333483345,1,12,Model_2
13697,4400.58935546875,2903.211017628899,6083.483341881569,8,0,Model_2
13698,11146.015625,2830.715860800585,6100.302831735084,5,16,Model_2
13699,3707.955322265625,2847.4867642899044,6081.307865752227,3,3,Model_2
13700,27150.6796875,2791.126346247969,6117.017045218585,5,35,Model_2
13701,5991.58447265625,2866.664920539013,6094.4172467537865,0,1,Model_2
13702,4127.228515625,2741.3862760770135,6097.732039303577,2,7,Model_2
13703,14445.068359375,2905.407673173351,6106.51131135461,10,2,Model_2
13704,23137.57421875,2615.4111647586105,6124.787359844253,3,24,Model_2
13705,34159.1796875,2694.819894433138,6135.5739484537335,4,28,Model_2
13706,9720.6455078125,2864.2005878782365,6116.286822880269,7,2,Model_2
13707,13791.4453125,2655.7240749918856,6122.180179942574,3,12,Model_2
13708,5458.7158203125,2947.6705064758426,6117.9599399553845,7,1,Model_2
13709,5652.2294921875,2750.405360754812,6124.705046440853,1,2,Model_2
13710,9527.00390625,2729.9601688003168,6133.762347026117,2,11,Model_2
13711,11001.0029296875,2835.3763886840316,6134.415201830765,1,4,Model_2
13712,9672.7177734375,2904.7740402402123,6134.257640552154,11,0,Model_2
13713,7363.8486328125,2934.4875811175443,6134.846552326693,4,0,Model_2
13714,8195.0966796875,2867.356784177595,6141.646416655625,4,0,Model_2
13715,39617.9921875,2793.5667421760736,6170.158649108838,12,41,Model_2
13716,8696.6298828125,2754.628352784319,6154.905233578378,1,11,Model_2
13717,8344.01171875,2886.005570377223,6160.112174577138,2,0,Model_2
13718,31085.39453125,2917.3923809326952,6189.5136037529155,12,4,Model_2
13719,12709.0732421875,2866.470664746943,6177.124553350208,4,2,Model_2
13720,11009.12109375,2729.5313790602377,6175.506900671375,2,8,Model_2
13721,7957.50341796875,2836.991427656729,6180.843847388809,1,1,Model_2
13722,13261.2548828125,2696.8966361533385,6195.741513574962,1,14,Model_2
13723,1718.2974853515625,2649.356213618419,6185.180315314705,1,5,Model_2
13724,5833.96337890625,2671.3577535183867,6200.676431738451,3,25,Model_2
13725,3295.03564453125,2811.1926933757495,6195.739393916505,3,0,Model_2
13726,3080.908203125,2629.9412218123907,6202.464363646635,3,18,Model_2
13727,20919.701171875,2733.4733446417376,6218.688582750241,6,35,Model_2
13728,4496.7216796875,2860.1000414427835,6201.94257438989,3,0,Model_2
13729,9530.03125,2834.1664328796323,6208.600421602227,5,1,Model_2
13730,19074.890625,2782.6469888597494,6219.712731061212,20,70,Model_2
13731,17542.017578125,2875.368224474252,6220.465563089732,3,0,Model_2
13732,7328.94921875,2642.8652161682257,6222.027751372283,4,34,Model_2
13733,5633.69384765625,2815.776117360685,6223.533768705733,6,1,Model_2
13734,16228.494140625,2932.948725399794,6237.7637424780405,11,1,Model_2
13735,920.1654663085938,2703.8760350144003,6222.117836856691,1,1,Model_2
13736,11517.7119140625,2778.677173810429,6255.947585824819,13,3,Model_2
13737,9512.744140625,2828.9721618897747,6247.620507577871,4,1,Model_2
13738,7595.40478515625,2743.689726274926,6252.990309001383,7,17,Model_2
13739,24007.6953125,2857.52108865825,6265.371234046674,9,5,Model_2
13740,16727.669921875,2893.9498036936857,6263.799860577477,5,3,Model_2
13741,5642.30615234375,2657.791610276443,6252.982536920375,2,28,Model_2
13742,9884.37890625,2808.381508252118,6265.180464785575,14,1,Model_2
13743,7489.14501953125,2922.927290041349,6274.065719759441,8,2,Model_2
13744,1194.46630859375,2676.00263046124,6273.0613549273985,0,2,Model_2
13745,11799.53515625,2807.7702009254135,6290.480001571326,11,0,Model_2
13746,3483.38232421875,2692.576976549579,6292.584822418779,8,8,Model_2
13747,5517.6083984375,2900.2424024557695,6299.281530036154,0,1,Model_2
13748,4788.1376953125,2637.591079349164,6305.6062375943875,2,8,Model_2
13749,836.058837890625,2942.875794792897,6305.121895637043,1,3,Model_2
13750,8878.8359375,2809.385470059002,6316.263880314422,3,4,Model_2
13751,6302.14453125,2834.579571679118,6319.341624393477,2,2,Model_2
13752,2483.3330078125,2861.5560392397456,6313.00667181937,2,0,Model_2
13753,4846.5634765625,2717.5878701003967,6317.546626957104,1,3,Model_2
13754,1790.369384765625,2665.9139881226,6315.712769115693,0,4,Model_2
13755,1111.917236328125,2689.7556643467396,6320.4827071959735,1,2,Model_2
13756,14651.6884765625,2635.322383445804,6341.816363009333,6,6,Model_2
13757,4667.470703125,2794.0567547131795,6347.227144496341,3,1,Model_2
13758,20325.5625,2699.4795016730204,6357.904217418894,3,15,Model_2
13759,4485.6796875,2823.475229328149,6354.587305210647,4,11,Model_2
13760,12284.650390625,3091.1456709865015,6023.9852355562325,21,1,Model_2
13761,13897.73046875,2989.9563558674417,6031.061008760938,18,0,Model_2
13762,12588.0263671875,3024.234677697532,6033.751208618836,26,0,Model_2
13763,10558.396484375,2954.566587094334,6043.282252869161,9,0,Model_2
13764,12806.6884765625,3068.8994700593175,6051.28608320147,28,2,Model_2
13765,8702.611328125,3141.5083263678243,6056.245377437212,17,1,Model_2
13766,12091.5107421875,3031.749660952133,6069.231111695466,34,0,Model_2
13767,4882.67822265625,3116.2449463194935,6059.195942008868,17,0,Model_2
13768,6257.654296875,3004.3556815350894,6060.9436004063755,7,1,Model_2
13769,11069.6728515625,2977.7622016972164,6069.94967591227,13,1,Model_2
13770,9342.3505859375,2946.4617014758987,6071.60088985,11,1,Model_2
13771,4377.5546875,3097.865448362427,6072.0417788089835,8,0,Model_2
13772,7623.6865234375,3133.5166799077997,6081.00899390984,9,0,Model_2
13773,13912.0830078125,3066.282310566865,6080.261814303871,33,0,Model_2
13774,14550.6083984375,3095.165891270968,6099.448962653463,37,0,Model_2
13775,19221.45703125,3022.313064417918,6108.057955475146,16,0,Model_2
13776,2143.217041015625,2985.305264580529,6092.899571298825,3,1,Model_2
13777,5351.982421875,2966.4797148165526,6098.20472313941,11,1,Model_2
13778,6716.0654296875,3051.168795654201,6105.722091855918,13,1,Model_2
13779,7378.95654296875,3123.053335638484,6108.263562345441,20,3,Model_2
13780,10782.3251953125,2997.527728540357,6117.6328060002415,14,0,Model_2
13781,7169.2978515625,2968.6607194204116,6120.96172960641,12,1,Model_2
13782,6205.19091796875,3078.096929427702,6125.705525232392,24,1,Model_2
13783,10246.01953125,3101.223956085043,6136.142723472934,32,1,Model_2
13784,10421.1611328125,3065.8500684134196,6145.0537676246895,21,1,Model_2
13785,21515.46484375,2986.9594309047097,6159.521143144142,19,2,Model_2
13786,4665.8310546875,3015.1463145915186,6142.669151860959,11,0,Model_2
13787,7060.3955078125,3043.751860939199,6150.5712385873485,17,0,Model_2
13788,13614.951171875,2946.4550268100575,6161.0886305728345,5,1,Model_2
13789,12456.93359375,3030.1067725116154,6169.604711698834,23,4,Model_2
13790,10108.3447265625,3074.4880066555925,6174.440005914861,17,9,Model_2
13791,16794.533203125,2967.228888517013,6198.403098043695,14,1,Model_2
13792,27924.298828125,2993.1901163870934,6222.570737213595,18,2,Model_2
13793,14370.837890625,3040.854825803195,6199.577742105088,22,2,Model_2
13794,8444.0927734375,2956.0598709556507,6261.189854464523,3,0,Model_2
13795,14982.216796875,2996.916191052762,6256.79438937825,6,1,Model_2
13796,6815.5615234375,2958.8006268466124,6285.904365516239,2,0,Model_2
13799,4143.763671875,3855.141732832184,6008.2651418889,7,0,Model_2
13800,3266.427978515625,3844.900954144541,6020.915616834594,15,0,Model_2
13801,7432.052734375,3890.332412434509,6028.676039720798,25,3,Model_2
13802,14982.75,3848.4679876344744,6058.271417645359,16,3,Model_2
13803,4997.853515625,3909.9678983741906,6052.807997973345,6,0,Model_2
13804,4758.728515625,3877.616483524209,6065.193162335549,5,0,Model_2
13805,7402.24951171875,3905.584254042711,6074.409084028652,40,0,Model_2
13806,10960.7509765625,3937.3598063432146,6089.08771884095,40,0,Model_2
13807,13389.396484375,3892.0972861472983,6094.881098679383,45,0,Model_2
13808,5949.66357421875,3950.9738230505027,6113.172338054632,40,2,Model_2
13809,7541.3330078125,3922.8329715419095,6118.4799628300825,3,0,Model_2
13812,16465.818359375,3971.594397604,6020.952357581176,3,9,Model_2
13813,8435.048828125,4024.1838596065063,6012.667672503361,1,10,Model_2
13814,10216.1025390625,4127.313891359139,6011.653062655445,1,8,Model_2
13815,8186.53369140625,4216.121010859963,6010.671307513607,3,13,Model_2
13816,9908.7314453125,4240.097791527165,6024.154101679946,4,3,Model_2
13817,3605.541259765625,4147.545954328496,6019.107548171072,1,3,Model_2
13818,6321.78466796875,4117.438147844747,6038.532804820628,2,2,Model_2
13819,4468.35546875,4024.9166918837,6041.583346616157,1,1,Model_2
13820,14037.9609375,3938.109210204566,6056.123497075954,11,4,Model_2
13821,7970.92919921875,3969.8322858219035,6057.841833531478,2,2,Model_2
13822,9416.8818359375,4074.2222182922997,6060.4596117254405,1,0,Model_2
13823,7164.87060546875,4134.85442247265,6054.391029564053,4,0,Model_2
13824,7473.2470703125,4048.1477512638085,6054.568727598002,4,3,Model_2
13825,7336.4365234375,4238.207710289629,6055.794243462355,3,1,Model_2
13826,5096.35791015625,4104.969872053247,6059.295212679921,1,2,Model_2
13827,4513.20849609375,4002.3250194590073,6058.020238118246,3,1,Model_2
13828,9155.22265625,3991.3767261921894,6076.950201241765,5,0,Model_2
13829,8163.31591796875,4191.7994491779245,6065.038427268213,4,3,Model_2
13830,2044.358154296875,4022.3029848046135,6057.671201025718,0,0,Model_2
13831,8486.6962890625,4261.5234688776545,6070.50008055818,14,0,Model_2
13832,4706.9140625,4149.512909303652,6070.090986476047,2,0,Model_2
13833,14309.0458984375,4030.0336288141552,6087.156709986943,1,4,Model_2
13834,10672.59375,4175.506359698484,6086.691444955708,4,2,Model_2
13835,4430.9013671875,4214.369486478856,6074.580069810821,2,2,Model_2
13836,3267.318359375,4129.314910146175,6077.924184302596,0,0,Model_2
13837,1530.68798828125,4231.232454324607,6078.045004834625,8,1,Model_2
13838,5179.1337890625,4109.945029874798,6084.495832071028,0,2,Model_2
13839,5506.2900390625,3965.817819559714,6091.213029720151,3,2,Model_2
13840,5281.8935546875,4062.6248713126406,6086.967353831482,4,0,Model_2
13841,3794.688720703125,4082.3671519057825,6087.6894508123805,2,3,Model_2
13842,3801.378662109375,4153.240595095558,6090.909212008031,2,2,Model_2
13843,4471.03173828125,4200.766977816122,6095.568927848566,4,1,Model_2
13844,5775.33056640625,4223.064044300234,6095.705292542611,9,0,Model_2
13845,10790.134765625,4240.908878507325,6108.092576563271,40,0,Model_2
13846,12940.123046875,3982.507706415374,6114.746537735104,14,1,Model_2
13847,11289.5380859375,4137.7259097497445,6114.668463648617,6,0,Model_2
13848,5216.88671875,4062.7749362136237,6107.925476821605,2,0,Model_2
13849,5862.55712890625,4297.783936301712,6110.363084046752,32,0,Model_2
13850,8485.294921875,4015.582747106906,6116.511506676674,1,0,Model_2
13851,3836.04296875,4081.4013968068175,6114.013842461922,2,0,Model_2
13852,3985.66748046875,4114.585073438939,6114.228281242453,4,1,Model_2
13853,327.5816345214844,4187.198993287049,6106.533567768405,1,0,Model_2
13854,5174.20458984375,4277.353014322463,6126.780898622732,48,2,Model_2
13855,405.6740417480469,4054.7225272783544,6120.142128336505,0,0,Model_2
13856,9149.98828125,4260.4343475410715,6149.783432194294,15,1,Model_2
13857,6146.99072265625,4247.411844323855,6131.480534697534,30,2,Model_2
13858,5619.55712890625,4081.423031930579,6131.8076686526765,4,1,Model_2
13859,5769.6416015625,3943.8079938676674,6134.991042378155,45,0,Model_2
13860,3828.448486328125,4031.003987130942,6134.438871350198,1,0,Model_2
13861,2539.399169921875,4050.9593967092223,6131.965583207697,4,0,Model_2
13862,7694.40966796875,4110.182095592609,6139.06820541952,35,1,Model_2
13863,4646.564453125,4172.730159030296,6135.4891621154675,18,1,Model_2
13864,2717.088623046875,4091.496713811299,6149.694053262705,7,1,Model_2
13865,5296.57568359375,4060.7283455701545,6148.806269645778,12,0,Model_2
13866,655.9033813476562,4140.075852447655,6137.113880322489,0,0,Model_2
13867,3288.830810546875,4136.824139378499,6144.729459880822,3,0,Model_2
13868,5998.32958984375,3988.7464475289453,6148.172845043649,14,0,Model_2
13869,5364.80908203125,4225.027316701133,6152.5495864802215,13,0,Model_2
13870,7926.619140625,4035.8880012396257,6160.850168996461,63,3,Model_2
13871,11317.2724609375,3971.7467641138937,6172.299857426464,2,0,Model_2
13872,5336.6640625,4077.2502149753273,6160.444254402013,54,1,Model_2
13873,6293.88037109375,4009.926313047763,6163.815571177314,52,0,Model_2
13874,6064.79931640625,4110.436193216359,6166.876711265126,26,0,Model_2
13875,2802.118408203125,4194.2741390788,6174.417749501066,23,1,Model_2
13876,6182.904296875,4133.495552571723,6180.427687778487,17,1,Model_2
13877,13613.802734375,4078.3522253218107,6179.652952612581,53,0,Model_2
13878,1453.29833984375,4180.024878312135,6176.440610221529,6,0,Model_2
13879,6043.22021484375,4158.618074154714,6182.972691032104,33,1,Model_2
13880,4316.2265625,4312.385343231726,6008.305062123167,5,1,Model_2
13881,4876.955078125,4308.074429741828,6026.548609183141,7,0,Model_2
13882,4949.04541015625,4294.454889173154,6041.139631445898,11,0,Model_2
13883,5567.255859375,4389.0892221143,6040.542241037532,79,0,Model_2
13884,6315.6630859375,4314.656110583106,6052.311644618079,31,1,Model_2
13885,6059.81982421875,4369.694024144905,6059.110802394192,66,0,Model_2
13886,4139.9560546875,4334.373073478229,6057.727371974819,20,0,Model_2
13887,6869.43603515625,4395.80347562884,6062.213275821909,78,0,Model_2
13888,5335.89208984375,4346.159152388573,6066.975441821181,37,0,Model_2
13889,4784.69677734375,4292.3024245197885,6062.960808704287,27,0,Model_2
13890,5064.455078125,4317.760981003754,6077.271329497948,23,0,Model_2
13891,5837.6171875,4361.206611125497,6084.620538643561,104,1,Model_2
13892,3415.8056640625,4379.197367337532,6081.869928519649,29,0,Model_2
13893,10960.3310546875,4288.164131698199,6093.271924634377,39,2,Model_2
13894,6213.63134765625,4263.667187417159,6091.638374517119,40,1,Model_2
13895,4746.9794921875,4322.198482983746,6096.397714305116,20,0,Model_2
13896,1419.2362060546875,4339.335802611662,6086.2159349086,37,0,Model_2
13897,8092.28955078125,4350.063141423045,6106.717978054134,65,2,Model_2
13898,5454.14404296875,4330.015207166551,6116.1568171615945,53,2,Model_2
13899,12164.2900390625,4299.983814098639,6136.1091622140375,67,0,Model_2
13901,9379.7099609375,5210.019723264268,6026.983492443163,32,0,Model_2
13902,11588.3466796875,5226.9614061347675,6058.787554479553,8,0,Model_2
13903,6716.20849609375,5254.604189475067,6075.9801042214385,25,0,Model_2
13904,3149.045166015625,5269.961444771383,6067.309641304513,28,6,Model_2
13905,8626.890625,5282.593595117331,6095.8388310253795,30,3,Model_2
13906,2332.81884765625,5438.433693179395,6006.081187125732,0,0,Model_2
13907,3923.6484375,5534.429197630379,6014.481040313025,1,1,Model_2
13909,8145.3779296875,5484.669333622791,6031.634729649872,4,1,Model_2
13910,3245.876220703125,5565.265233173501,6024.618660158361,0,0,Model_2
13911,5394.52978515625,5329.587845857721,6029.3483247279655,8,1,Model_2
13912,3137.885986328125,5352.496219668537,6023.768323840835,5,1,Model_2
13913,3803.766357421875,5272.715549994027,6028.555572465179,20,0,Model_2
13914,2093.5068359375,5314.145891353488,6026.066033607844,7,2,Model_2
13915,6710.21484375,5372.416184469592,6031.442194006726,4,0,Model_2
13916,2460.41015625,5401.82798441872,6033.402524802717,1,0,Model_2
13917,6011.75048828125,5301.177706106566,6040.4560415936285,18,0,Model_2
13918,4028.953857421875,5523.932480031857,6037.602981310978,0,3,Model_2
13919,7638.70263671875,5443.05532387225,6052.924225912051,1,2,Model_2
13920,5091.2529296875,5563.629709881498,6041.829226997128,0,0,Model_2
13921,2131.6923828125,5466.398241445422,6042.198754121404,1,1,Model_2
13922,2836.60888671875,5322.34836518974,6054.574733296962,13,1,Model_2
13923,5408.15087890625,5351.845324668568,6055.415531151433,6,0,Model_2
13924,4808.306640625,5487.260484934552,6055.174243363785,1,2,Model_2
13925,5468.5185546875,5286.716236998327,6063.054426952789,33,2,Model_2
13926,5674.65087890625,5605.92913876567,6059.001993260084,11,1,Model_2
13927,1525.202880859375,5467.550887187943,6053.478516598465,2,0,Model_2
13928,4579.70556640625,5311.357261997182,6063.289355765068,25,0,Model_2
13929,10111.0517578125,5522.373830477474,6070.918713103369,11,1,Model_2
13930,3297.361572265625,5339.180031154305,6064.81904261795,9,0,Model_2
13931,2642.332763671875,5425.976925432449,6064.010039640329,2,0,Model_2
13932,4144.9111328125,5498.729862458771,6067.217436161649,11,1,Model_2
13933,6425.38525390625,5565.516568866558,6066.035020019248,2,0,Model_2
13934,2846.932373046875,5374.2174236031715,6063.50308799278,10,0,Model_2
13935,3131.13916015625,5394.131404221058,6064.516638011468,9,0,Model_2
13936,5309.92578125,5633.250617502024,6065.929390372825,11,0,Model_2
13937,3571.0751953125,5463.479801346548,6066.309162512975,1,1,Model_2
13938,2526.47021484375,5585.697996439878,6073.092422850663,3,1,Model_2
13939,1907.330810546875,5303.662983408431,6070.984775791934,11,0,Model_2
13940,2393.224853515625,5407.389592190739,6073.94205261537,1,0,Model_2
13941,5530.9814453125,5545.753573793219,6083.621119681251,4,0,Model_2
13942,1441.845947265625,5419.784676818876,6077.049118636409,2,0,Model_2
13943,3129.4609375,5480.247942905175,6078.167591748701,4,0,Model_2
13944,4063.242919921875,5362.286803653231,6077.467397905188,9,1,Model_2
13945,1561.2083740234375,5385.569419072941,6074.951010040735,1,0,Model_2
13946,4307.95361328125,5442.543446050491,6077.22575684113,13,0,Model_2
13947,6356.98291015625,5337.573508134577,6082.8071708338975,27,0,Model_2
13948,4825.29052734375,5600.849948221352,6079.176902450476,8,1,Model_2
13949,2969.607421875,5564.9241347329225,6082.5167776253365,3,0,Model_2
13950,7157.44677734375,5310.267220017035,6087.928972217982,67,2,Model_2
13951,2225.9365234375,5465.636869217735,6082.507239162282,3,1,Model_2
13952,5390.69140625,5408.980464269873,6089.459365623683,11,1,Model_2
13953,5532.49169921875,5499.722316221101,6088.976436771976,5,0,Model_2
13954,3450.535888671875,5381.106139073148,6087.5414279968245,12,0,Model_2
13955,3265.0185546875,5431.195593476761,6093.158522906946,6,0,Model_2
13956,4998.02099609375,5606.500398097327,6095.133691312134,12,0,Model_2
13957,3000.76220703125,5452.349220653996,6092.830682398984,15,0,Model_2
13958,4338.33740234375,5367.454375979723,6099.345452665497,27,0,Model_2
13959,7593.34765625,5579.1163155986,6105.776849699381,28,0,Model_2
13960,8410.6796875,5480.008115256671,6102.669783678342,25,2,Model_2
13961,2974.651123046875,5519.915251838975,6097.3179993517115,4,0,Model_2
13962,4065.980712890625,5354.5101274654735,6105.416154485341,41,2,Model_2
13963,1957.35888671875,5397.769327265443,6099.306238984049,6,1,Model_2
13964,1496.397705078125,5553.013308619615,6098.659743154771,0,0,Model_2
13965,3236.1435546875,5563.824886317132,6107.262023724674,6,0,Model_2
13966,12840.6455078125,5318.223421699833,6114.34380262834,42,3,Model_2
13967,682.901123046875,5335.3078043228015,6097.809760113654,11,0,Model_2
13968,12738.19140625,5515.283954388695,6117.35548401883,45,1,Model_2
13969,4604.76953125,5444.1646993672475,6111.073522906139,37,0,Model_2
13970,5586.4013671875,5390.5109734043945,6112.108269509394,25,0,Model_2
13971,5114.4638671875,5646.048023367766,6111.97119826253,24,0,Model_2
13972,818.2265625,5341.837468802696,6107.589864232636,5,0,Model_2
13973,4034.201171875,5424.350148254307,6110.120029877056,15,0,Model_2
13974,2259.703857421875,5549.051779362373,6110.359551282658,13,0,Model_2
13975,4967.61279296875,5411.452852561837,6122.428886534821,33,5,Model_2
13976,7524.46923828125,5470.986728969961,6120.205364813795,63,0,Model_2
13977,1575.1990966796875,5594.866225375095,6118.576054013451,14,0,Model_2
13978,4848.67138671875,5538.2512493876275,6126.849434246164,32,2,Model_2
13979,5065.0205078125,5343.618914099643,6129.4997138697945,17,4,Model_2
13980,6232.8544921875,5379.6888083058875,6132.895759993757,41,0,Model_2
13981,5112.9833984375,5362.001404148294,6129.727930430294,20,7,Model_2
13982,7547.3720703125,5601.347095746081,6134.891418430692,47,23,Model_2
13983,8585.623046875,5425.365157783963,6141.6506559725385,34,12,Model_2
13984,2551.658203125,5552.964054188924,6129.50889905644,8,0,Model_2
13985,3475.69287109375,5576.342876861105,6128.615816293372,28,3,Model_2
13986,4523.98583984375,5457.791605084436,6132.453811205545,15,0,Model_2
13987,5543.177734375,5399.260309517849,6143.675636351458,18,3,Model_2
13988,5092.10693359375,5524.708582556574,6144.638314567186,28,8,Model_2
13989,6809.82177734375,5483.9314378059935,6149.081825245143,20,8,Model_2
13990,4860.8974609375,5559.310970921302,6146.905289286573,21,3,Model_2
13991,5618.677734375,5505.051921814913,6148.850429196958,18,11,Model_2
13992,2418.54248046875,5576.789849311579,6143.724035219551,6,4,Model_2
13993,8005.64208984375,5453.780361074721,6150.04521001369,24,3,Model_2
13994,3605.9208984375,5538.454251293559,6154.980481453589,8,0,Model_2
13995,6680.37841796875,5684.866038613487,6021.995582818257,18,1,Model_2
13996,4693.158203125,5720.8213126959745,6018.7221236083715,32,0,Model_2
13997,7011.40478515625,5744.574837298831,6035.356849899748,79,0,Model_2
13998,9558.1123046875,5664.844342698576,6051.250402284117,19,0,Model_2
13999,5221.97802734375,5635.020094432635,6049.795610030036,16,2,Model_2
14000,12088.814453125,5719.4182519039605,6064.904888785444,54,0,Model_2
14001,4021.884765625,5686.975693341112,6066.216250817291,28,0,Model_2
14002,11051.7841796875,5637.112256932538,6093.971765201481,60,0,Model_2
14003,7675.12353515625,5672.793639554642,6084.869951788627,59,2,Model_2
14004,4004.787109375,5694.030124652665,6086.428960583493,42,1,Model_2
14005,3754.649169921875,5624.886110398453,6084.454145454714,14,0,Model_2
14007,2444.11669921875,5602.292596686631,6109.271106665168,16,0,Model_2
14008,5845.8076171875,5629.234770274488,6127.25040297088,29,0,Model_2
14011,21503.7421875,6597.375717036426,6047.603176633042,21,0,Model_2
14012,3529.339111328125,6617.591668743407,6084.84910848047,1,0,Model_2
14014,5748.716796875,6635.034642034676,6099.11546972295,4,0,Model_2
14017,10116.9384765625,6668.558956785593,6024.779400924657,1,0,Model_2
14018,7731.986328125,6708.3238539372105,6030.100803480076,1,2,Model_2
14019,6490.767578125,6764.469762028661,6027.797088014107,0,8,Model_2
14020,2233.728759765625,6685.6088152749,6041.023050230782,0,0,Model_2
14021,6433.11767578125,6781.0975054437295,6045.602925602783,1,0,Model_2
14022,7051.5712890625,6734.7440226241015,6046.4847035207495,1,3,Model_2
14023,9950.587890625,6760.106832177378,6065.250393113878,3,5,Model_2
14024,11996.94140625,6842.208444277523,6058.47313847515,1,0,Model_2
14025,2582.454345703125,6704.636676462134,6050.52088649862,0,0,Model_2
14026,5618.25341796875,6892.594806230627,6052.4557813931315,0,0,Model_2
14027,5646.82421875,6668.463670176687,6057.433799278573,85,1,Model_2
14028,12537.05078125,6805.198112670332,6066.462484474672,6,1,Model_2
14029,3545.944091796875,6876.61197363236,6066.465663962357,3,0,Model_2
14030,2771.404296875,6741.359306955477,6065.455293431354,0,0,Model_2
14031,6619.24658203125,6637.123121960321,6071.650701823732,9,1,Model_2
14032,5303.4150390625,6728.397566213505,6076.863648521452,1,1,Model_2
14033,3032.6181640625,6663.096318196738,6073.110439947544,11,0,Model_2
14034,1876.54736328125,6777.117563315202,6073.500810379977,0,1,Model_2
14035,405.8537292480469,6690.617576586548,6070.826507960504,0,0,Model_2
14036,6748.7119140625,6853.418200316606,6083.344857529068,2,1,Model_2
14037,3251.89990234375,6892.895396354375,6077.920298262092,0,1,Model_2
14038,2428.448974609375,6788.0893329929095,6079.361666012614,0,1,Model_2
14039,3639.43115234375,6681.128043047385,6082.118635111896,9,0,Model_2
14040,5182.708984375,6913.592844645493,6083.647968688369,2,0,Model_2
14041,6401.79150390625,6939.76029667398,6083.011011322145,0,0,Model_2
14042,5656.6318359375,6828.876144500915,6095.744506224059,4,2,Model_2
14043,239.8260498046875,6653.7398176526185,6084.79858995392,1,0,Model_2
14044,3305.149169921875,6800.57694229926,6090.749884347373,10,0,Model_2
14045,2267.253173828125,6877.38669519173,6094.678671296773,0,0,Model_2
14046,6544.17333984375,6781.849671235774,6101.3986951571715,6,1,Model_2
14047,2728.171630859375,6899.185233185766,6095.995332474762,1,1,Model_2
14048,3127.791259765625,6747.240378044313,6102.554968845274,1,2,Model_2
14049,2472.5986328125,6932.913010164397,6101.28599998256,1,1,Model_2
14050,2686.06494140625,6662.86615730566,6108.127550927806,4,0,Model_2
14051,2949.6953125,6688.220681066858,6104.4234477748105,49,0,Model_2
14052,4768.70166015625,6911.292616700055,6108.792770406784,0,0,Model_2
14053,6166.6943359375,6759.39655566751,6114.830264244141,10,0,Model_2
14054,4015.67431640625,6809.700520021608,6113.607927867473,3,0,Model_2
14055,3102.03369140625,6845.647047990235,6108.468109386507,7,0,Model_2
14056,855.9917602539062,6945.452635832131,6102.1730770466675,1,0,Model_2
14057,5417.7431640625,6888.804056354566,6113.826252688508,2,3,Model_2
14058,246.6136932373047,6994.289094344713,6103.663196941692,0,0,Model_2
14059,11247.0126953125,6945.178744371748,6121.710322318017,5,2,Model_2
14060,2267.789794921875,6666.63527205796,6116.457808662439,0,0,Model_2
14061,3588.77978515625,6689.519248814322,6118.840658044122,6,0,Model_2
14062,3386.56396484375,6732.073235644028,6120.848327878979,13,1,Model_2
14063,8500.38671875,6914.929619100876,6136.947133857233,3,0,Model_2
14064,9331.705078125,6778.044651384465,6134.471726056276,12,1,Model_2
14065,12263.177734375,6875.47221689974,6141.671499280696,6,0,Model_2
14066,8194.9716796875,6720.378300446551,6140.843066100555,29,2,Model_2
14067,3777.181640625,6856.085765044205,6132.523759934615,8,3,Model_2
14068,4160.3349609375,6744.663957029581,6133.687099150906,21,0,Model_2
14069,6819.37255859375,6815.351890541147,6142.228969454794,24,2,Model_2
14070,7769.18408203125,6694.406945497263,6138.5139147331065,36,1,Model_2
14071,4540.11767578125,6796.058423685608,6139.656410641241,35,0,Model_2
14072,6272.06640625,6937.641895832494,6146.612423143146,0,0,Model_2
14073,8582.7021484375,6681.7011436661705,6155.436208021769,5,1,Model_2
14074,8519.4501953125,6748.036274405662,6154.488720691646,11,0,Model_2
14075,4010.8984375,6839.526149252895,6146.0521267577715,3,0,Model_2
14076,3752.72412109375,6854.726434821496,6161.822738951654,6,1,Model_2
14077,8281.708984375,6764.673684578156,6169.983777286165,18,0,Model_2
14078,8045.69091796875,6792.978410641197,6166.506477588031,14,0,Model_2
14079,4949.66845703125,6709.10916289757,6164.994454555621,8,1,Model_2
14080,7724.5361328125,6831.956617867108,6168.223400937917,32,2,Model_2
14081,5242.63671875,6729.563100965926,6175.582148546586,7,0,Model_2
14082,6221.81640625,6802.713756012032,6182.95644031727,3,0,Model_2
14083,4089.008544921875,6873.282005860237,6176.6395048400445,4,0,Model_2
14084,3470.961669921875,6893.172970389016,6175.269145647821,11,0,Model_2
14085,7649.2802734375,6849.566227643518,6188.476384214795,15,0,Model_2
14086,3256.980712890625,6701.717315719696,6184.568440573552,2,0,Model_2
14087,2777.91064453125,6919.2925489521585,6182.13401283609,4,1,Model_2
14088,10245.53515625,6750.793601880781,6196.707371278375,16,1,Model_2
14089,591.7225341796875,6942.765277267899,6201.933742479654,0,0,Model_2
14090,5134.55517578125,6805.682831506943,6210.062985937315,26,3,Model_2
14091,5252.33935546875,6778.784388488391,6212.032855196361,30,0,Model_2
14092,1234.5509033203125,6896.68246365618,6208.107954287465,0,1,Model_2
14093,3993.958251953125,6980.039373256266,6219.655147006473,9,0,Model_2
14094,636.6482543945312,6923.417492442066,6215.159351419919,0,1,Model_2
14095,5278.30224609375,6901.073933457956,6231.2542713576695,4,2,Model_2
14096,3462.260009765625,6926.426615932025,6230.9606986614235,5,5,Model_2
14097,4646.54638671875,6930.523940115003,6249.173510673776,9,6,Model_2
14098,1770.4403076171875,6875.188198360149,6257.5345034560305,5,0,Model_2
14099,2342.56591796875,7030.972597486572,6002.338930120517,0,1,Model_2
14100,7352.81005859375,7000.135641299887,6019.0061578415625,0,1,Model_2
14101,4744.65478515625,7174.377562925452,6022.680232499755,4,4,Model_2
14102,3582.86865234375,7062.144667930668,6026.342295760027,0,1,Model_2
14103,5991.8740234375,7080.400569489226,6042.738207198621,2,2,Model_2
14104,3686.64306640625,6961.328673776938,6035.347311436693,0,8,Model_2
14105,13864.921875,7054.061417435994,6050.6558380870265,7,12,Model_2
14106,6668.00732421875,7205.792683270527,6052.6158156066085,2,17,Model_2
14107,3507.501220703125,7147.134338892065,6047.554777764948,3,9,Model_2
14108,7255.904296875,7224.157681091456,6062.957629216602,7,7,Model_2
14109,1442.4881591796875,6990.510312834987,6058.038608491537,0,1,Model_2
14110,2488.387451171875,6933.461253406946,6061.030153126689,1,0,Model_2
14111,5192.67236328125,6980.13189793448,6072.817220527708,3,7,Model_2
14112,3653.291259765625,7190.810129904887,6078.044651558215,6,29,Model_2
14113,15040.556640625,7211.947185497964,6108.693853012141,8,3,Model_2
14114,5440.265625,7198.95736512728,6094.07986778277,8,8,Model_2
14115,6752.72265625,6966.15054444503,6096.982740039151,1,2,Model_2
14116,4447.20166015625,7185.654065622948,6113.577546096261,1,0,Model_2
14117,4572.44970703125,6978.831488899887,6122.221866558888,3,1,Model_2
14118,4201.92236328125,7015.285751794232,6113.813888014178,3,8,Model_2
14119,3820.549560546875,7035.25773295667,6117.269991127745,8,18,Model_2
14120,4707.3837890625,6994.789464121917,6126.841662165156,0,3,Model_2
14121,13371.1884765625,7153.611526688794,6127.671155174525,13,14,Model_2
14122,1008.4146118164062,7075.6182864943985,6115.511734437954,0,2,Model_2
14123,5317.26123046875,7183.282487801276,6138.076911814627,3,1,Model_2
14124,3378.282470703125,7012.39769293298,6136.830199365708,2,0,Model_2
14125,4549.58203125,7129.505395600805,6145.874428723822,3,3,Model_2
14126,1966.6185302734375,7113.97551963618,6141.044433653937,8,8,Model_2
14127,7306.5849609375,6976.007875088137,6150.062520557753,4,1,Model_2
14128,4888.40478515625,7170.410970128607,6151.642019384366,2,4,Model_2
14129,3625.42724609375,6960.244615979958,6162.0901691936015,1,0,Model_2
14130,8816.1787109375,7058.133884242736,6172.326706433581,3,12,Model_2
14131,3189.371826171875,6941.6913465501275,6167.700551851944,0,0,Model_2
14132,3894.0595703125,6986.338876845082,6174.143960283749,1,0,Model_2
14133,5241.8818359375,7110.675472779898,6179.731026699068,12,20,Model_2
14134,19022.46875,7092.399777384708,6202.146061601728,17,31,Model_2
14135,3792.9306640625,6966.229719791561,6182.082787756721,2,1,Model_2
14136,3728.361572265625,6948.6771899161395,6183.6460358685,4,0,Model_2
14137,2375.83349609375,7004.36001429474,6180.93817219013,1,0,Model_2
14138,3978.67822265625,7128.091747407801,6184.874377944128,3,13,Model_2
14139,4951.0009765625,7018.713768105954,6194.213239827717,5,1,Model_2
14140,5475.140625,7056.765807906166,6192.333456053078,4,10,Model_2
14141,8940.1123046875,6999.362300705863,6217.474018454581,2,0,Model_2
14142,4872.75830078125,7036.724318154622,6213.561128943606,12,31,Model_2
14143,9879.9951171875,7060.315349168377,6226.835490028374,7,34,Model_2
14144,9101.4609375,7018.334462957457,6233.469314444868,12,12,Model_2
14145,3431.454833984375,6944.296767837135,6225.802509807167,3,2,Model_2
14146,3043.781494140625,6963.798760459991,6228.505780892214,6,13,Model_2
14147,7352.78564453125,6977.085488380166,6247.960359483754,6,8,Model_2
14148,4885.5361328125,6951.980919346679,6246.772644195211,4,6,Model_2
14150,7770.36181640625,7228.798645299161,6034.878160364955,10,4,Model_2
14153,27962.732421875,1400.5646715848707,6367.661358571262,3,0,Model_2
14161,2541.3447265625,2800.474100678228,6362.749050097977,2,1,Model_2
14162,35689.7890625,2730.1291068943683,6390.778353699483,3,6,Model_2
14163,10351.587890625,2775.5559619665146,6367.638395604648,4,6,Model_2
14164,868.0433959960938,2667.2740088279825,6360.625505600823,1,0,Model_2
14179,3713.7646484375,1265.869914907962,6862.231374521856,35,2,Model_2
14180,6554.22900390625,1224.87147046061,6884.353896557499,27,0,Model_2
14181,7802.572265625,1271.8757331997622,6895.695129129803,94,0,Model_2
14182,6944.421875,1244.8756741477991,6908.940874825406,124,7,Model_2
14183,3668.326171875,1218.0103742975625,6903.188121774059,17,0,Model_2
14184,4436.47216796875,1200.3043271077913,6912.801126151375,32,0,Model_2
14185,4338.20947265625,1190.9289533706033,6931.897129187331,61,2,Model_2
14186,2921.873291015625,1173.4421344295843,6934.102633811475,16,1,Model_2
14187,13977.548828125,1273.3865092888009,6954.71171970907,271,0,Model_2
14188,6578.30810546875,1237.0541165862815,6948.609576288785,135,2,Model_2
14189,5553.134765625,1151.9060949318227,6951.667890165321,59,0,Model_2
14190,9904.8154296875,1214.5656713212375,6960.1062504812435,97,0,Model_2
14191,5781.11767578125,1154.464678477496,6965.005841003789,7,0,Model_2
14192,6723.943359375,1187.9846201714827,6968.234787386085,111,1,Model_2
14193,9919.2919921875,1228.0707068466,6986.50306379472,104,0,Model_2
14194,8556.1259765625,1249.6718818765366,6990.31209004132,196,0,Model_2
14195,2806.034423828125,1271.671005087148,6979.4018546885345,62,1,Model_2
14196,9246.603515625,1160.9621204326395,6994.935065135272,123,1,Model_2
14197,9504.78515625,1194.2050634942134,6997.659532804886,160,1,Model_2
14198,7629.818359375,1129.1986515789176,6997.967589833919,52,0,Model_2
14199,9873.4951171875,1105.7877214624314,7022.256756088667,76,1,Model_2
14200,7728.0673828125,1209.8720002694754,7019.4305448131345,154,0,Model_2
14201,676.767822265625,1227.8914115124498,7009.821073199913,12,0,Model_2
14202,8535.9951171875,1176.7676140643307,7023.083069610351,210,0,Model_2
14203,5832.16259765625,1131.2109482496162,7021.349895545631,108,1,Model_2
14204,4079.29296875,1227.8403157946304,7027.668597404903,67,0,Model_2
14205,10402.3310546875,1095.4647753366735,7051.874037150614,62,0,Model_2
14206,7957.04638671875,1461.2244950721506,6808.880984273623,83,0,Model_2
14207,7485.9345703125,1406.6088116650353,6806.558898434363,33,0,Model_2
14208,6878.8779296875,1489.1373722181306,6807.960699227027,32,0,Model_2
14209,6073.072265625,1383.105011628999,6810.666089970531,80,1,Model_2
14210,13039.5068359375,1434.9000733159482,6818.413441629586,126,1,Model_2
14211,6613.37158203125,1359.0296070199693,6813.928597611724,18,1,Model_2
14212,6633.40673828125,1509.7945423533092,6825.882411478,32,0,Model_2
14213,5880.408203125,1527.2855041903676,6816.060974019114,36,0,Model_2
14214,11178.328125,1548.8619369245134,6829.192611434468,61,0,Model_2
14215,9444.1005859375,1346.4053972247639,6829.250195489207,61,1,Model_2
14216,4121.81494140625,1481.0716139511787,6828.897625632584,56,0,Model_2
14217,3834.366455078125,1313.8445359639009,6830.175426405534,47,0,Model_2
14218,8844.189453125,1585.9356778571964,6841.437525062123,53,0,Model_2
14219,8554.7353515625,1390.7812225878006,6839.0073366415745,184,2,Model_2
14220,19754.865234375,1418.6533612560597,6856.942826672515,318,2,Model_2
14221,1963.650390625,1461.0748904929496,6834.108099395438,119,1,Model_2
14222,10200.4296875,1475.2753571507055,6856.139122841036,51,0,Model_2
14223,2486.580078125,1496.4047023539315,6838.618732591189,54,0,Model_2
14224,11061.1943359375,1286.8388379701064,6847.711714093806,98,1,Model_2
14225,7340.9140625,1610.272084916709,6847.078996044496,65,0,Model_2
14226,5806.1513671875,1318.9177423250512,6855.152068553056,91,0,Model_2
14227,6482.486328125,1448.3391677460168,6851.104580730083,333,1,Model_2
14228,5623.53271484375,1340.058595572831,6852.755441391404,71,0,Model_2
14229,3937.9736328125,1362.3566977809533,6848.852443619893,114,0,Model_2
14230,14038.962890625,1558.077348842402,6856.61074684764,430,1,Model_2
14231,6838.7626953125,1504.92433789809,6854.698108366923,187,1,Model_2
14232,14627.185546875,1529.1606249699835,6876.559559135989,312,1,Model_2
14233,9217.970703125,1615.1642697370262,6879.069941301481,268,0,Model_2
14234,12989.5498046875,1362.5212628180743,6875.298009077873,345,0,Model_2
14235,1484.669189453125,1383.3761411586893,6859.3044794696325,53,0,Model_2
14236,7503.994140625,1249.0768008926534,6873.390669743298,19,1,Model_2
14237,5886.013671875,1458.2885627455544,6878.0454397141,96,0,Model_2
14238,3713.691650390625,1278.7825162996887,6876.1864992476185,66,2,Model_2
14239,6798.60595703125,1391.1600674145157,6882.1967908014485,380,0,Model_2
14240,7747.7451171875,1336.085673351481,6886.472141908511,107,0,Model_2
14241,12798.8515625,1309.1821667933255,6887.045509521035,396,5,Model_2
14242,4436.640625,1501.4348686284502,6877.448755858553,189,0,Model_2
14243,4100.501953125,1574.7946248441003,6889.411754911474,99,1,Model_2
14244,14248.66015625,1422.281847703911,6899.244850491872,382,3,Model_2
14245,7632.734375,1561.4717616640264,6897.296884370211,153,0,Model_2
14246,5429.404296875,1449.116305994743,6898.055722097692,224,0,Model_2
14247,13035.525390625,1392.4955759849981,6913.0600777594955,372,0,Model_2
14248,9745.1904296875,1603.6397686793935,6912.361650298029,203,2,Model_2
14249,9685.6640625,1364.3115693093278,6913.925251686218,275,2,Model_2
14250,7721.18896484375,1524.6761701682117,6909.5018777636,238,0,Model_2
14251,3966.246337890625,1546.0418906065752,6907.199575403269,136,1,Model_2
14252,10402.1455078125,1286.799480457732,6916.321172295051,338,0,Model_2
14253,5394.78466796875,1314.8680614465266,6916.557514212967,105,2,Model_2
14254,5861.759765625,1339.4958521941444,6917.3615713208565,187,0,Model_2
14255,11480.7939453125,1580.300303519587,6928.084923453047,222,0,Model_2
14256,7005.09033203125,1446.0503327646875,6919.9383694513235,77,0,Model_2
14257,12269.5390625,1507.8889252556255,6935.760206724575,152,0,Model_2
14258,8328.7451171875,1258.0261468204553,6932.421744655352,146,0,Model_2
14259,10203.8818359375,1545.1672792204772,6934.20720362867,221,0,Model_2
14260,12416.357421875,1344.044291723636,6939.619398221315,210,0,Model_2
14261,767.7614135742188,1413.5319361882284,6929.771818308131,14,0,Model_2
14262,6334.30078125,1309.4120975235128,6946.201644282031,106,0,Model_2
14263,23485.08203125,1394.7876332188025,6956.8087684755155,342,1,Model_2
14264,3905.070068359375,1426.5214113175753,6947.694590388332,88,0,Model_2
14265,2025.9737548828125,1579.5494036124437,6951.349234844005,41,0,Model_2
14266,8854.703125,1549.6898256497225,6963.500530223158,211,0,Model_2
14267,15545.478515625,1334.74084326491,6968.700758970139,290,0,Model_2
14268,213.7523651123047,1526.39282517432,6953.552619809692,11,0,Model_2
14269,7496.19287109375,1296.3791219857521,6974.841056242643,201,0,Model_2
14270,7037.71484375,1569.9994528393727,6976.624395557505,211,1,Model_2
14271,5783.52734375,1484.993785696046,6976.254515156819,1,0,Model_2
14272,19314.888671875,1374.309988578665,6992.180922247266,299,2,Model_2
14273,949.0855712890625,1511.6251270005014,6982.224886476382,9,0,Model_2
14274,1030.15771484375,1425.9347312062164,6988.925833410671,5,0,Model_2
14275,6441.45166015625,1309.9082093242323,6998.291897577787,68,0,Model_2
14276,4010.017822265625,1448.5592015578877,6998.794963184831,194,0,Model_2
14277,16668.791015625,1272.1528469126206,7007.954713928833,238,0,Model_2
14278,20115.83984375,1347.9109946937533,7021.754397034441,229,1,Model_2
14279,4051.753662109375,1330.8824260868714,6998.34665542125,43,0,Model_2
14280,17462.130859375,1578.486175376107,7007.149596991716,93,0,Model_2
14281,6288.353515625,1638.3898052557488,6859.036695951276,12,0,Model_2
14282,3777.676025390625,1659.4487212263048,6869.349187619286,16,0,Model_2
14283,6076.34521484375,1590.0325417183922,6883.444916356006,216,0,Model_2
14284,6641.18994140625,1642.0032161652343,6885.95388541586,116,0,Model_2
14285,4477.86474609375,1661.6471029774402,6894.789681692404,41,0,Model_2
14286,7408.50634765625,1634.8797365863575,6912.002368189627,232,0,Model_2
14287,3136.558349609375,1655.191780465364,6915.854494158179,85,0,Model_2
14288,3326.826904296875,1668.9237546293298,6920.042232715699,1,0,Model_2
14289,2000.8670654296875,1702.7348498505307,6919.130073026521,19,1,Model_2
14290,7855.12939453125,1622.099938028783,6934.592628191371,269,0,Model_2
14291,4104.2880859375,1708.1956471522572,6934.465801960381,62,0,Model_2
14292,4559.1279296875,1726.3207022442366,6937.937449235964,4,0,Model_2
14293,6494.81005859375,1653.0593398095225,6940.197005150752,290,1,Model_2
14294,11003.998046875,1614.1636452630628,6963.240872062219,311,1,Model_2
14295,3915.5712890625,1704.2070739903138,6954.900369311712,68,1,Model_2
14296,509.2673034667969,1637.2082743213978,6948.375707305735,15,0,Model_2
14297,14411.939453125,1740.9722842485062,6964.355812410417,82,1,Model_2
14298,3485.990966796875,1592.1113548866124,6964.269259690103,86,0,Model_2
14299,5773.70654296875,1711.7801728699123,6977.925512573478,88,0,Model_2
14300,9905.3251953125,1632.1535959119792,6989.885332138714,368,0,Model_2
14301,3525.401611328125,1696.345353353303,6984.035428074771,101,0,Model_2
14302,1895.5791015625,1653.8315295990906,6981.763860762061,69,1,Model_2
14303,6750.44384765625,1732.7477149667102,6989.557138354343,115,1,Model_2
14304,5658.9443359375,1595.8229294161429,6986.085137802351,160,0,Model_2
14305,5962.9501953125,1775.3178130587912,6993.040797027847,24,0,Model_2
14306,5341.5390625,1675.96046355227,6990.178551558551,86,0,Model_2
14307,575.185791015625,1753.575434322178,6992.720022048074,4,0,Model_2
14308,6669.21240234375,1661.3323579588905,7006.421141035447,152,0,Model_2
14309,6876.814453125,1700.1312698506517,7005.212935715157,288,1,Model_2
14310,8322.6572265625,1749.757295300078,7010.350987814076,124,0,Model_2
14311,18866.728515625,1799.7877134351293,7023.91892159509,117,1,Model_2
14312,6638.04248046875,1693.6196730007068,7024.5516396444,156,0,Model_2
14313,6031.5849609375,1773.881839259353,7046.467494980519,95,1,Model_2
14314,3772.85009765625,1749.4197643533116,7047.981284394977,109,1,Model_2
14315,3206.488525390625,1700.5364680993953,7064.791589061846,125,0,Model_2
14318,9776.4462890625,2888.2312261939514,6916.437753510167,54,60,Model_2
14319,4356.8740234375,2833.316909030662,6919.974403645087,6,49,Model_2
14320,14052.1396484375,2926.059089286253,6929.87320863764,38,154,Model_2
14321,4334.6162109375,2858.1473564428743,6921.2783468723355,8,54,Model_2
14322,4311.61767578125,2952.45071802265,6923.778130745544,17,94,Model_2
14323,7701.7412109375,2814.229206011747,6935.270565621089,10,40,Model_2
14324,12391.9375,2861.7551284105284,6944.597062830348,13,73,Model_2
14325,1141.8450927734375,2894.848351812456,6937.162360793649,0,3,Model_2
14326,2511.521484375,2791.2101248123217,6940.506122009014,12,39,Model_2
14327,2067.49462890625,2909.9234298563097,6944.764515848423,1,4,Model_2
14328,8862.484375,2761.3895591206383,6952.613257836987,16,91,Model_2
14329,3101.031982421875,2787.104744998156,6956.745885274635,1,3,Model_2
14330,3688.654296875,2731.8175671913195,6963.630889218242,6,42,Model_2
14331,12988.373046875,2730.542706015636,6985.92722324733,5,48,Model_2
14332,5523.8642578125,2955.952155658626,6990.746973301342,15,34,Model_2
14333,8327.69921875,2760.669385692454,6990.673845084588,14,44,Model_2
14334,9024.3056640625,2708.7310488508083,7011.8531191070215,8,94,Model_2
14337,3748.951416015625,3010.5999465100467,6925.227270577074,6,14,Model_2
14338,8400.560546875,2955.597017403692,6950.364300214482,24,80,Model_2
14339,7434.7587890625,2985.7112683923915,6949.548584985081,45,32,Model_2
14340,8534.0029296875,3081.1189419275615,6962.425156832818,3,4,Model_2
14341,5525.2822265625,2937.8525333451107,6966.179071959545,7,4,Model_2
14342,7800.21728515625,3016.0639660642482,6972.992714068445,30,1,Model_2
14343,13377.46875,2979.501297390205,6976.112498040224,25,5,Model_2
14344,4977.0830078125,3039.1645242191153,6973.907699968899,24,2,Model_2
14345,2893.216064453125,2927.269275251543,6978.747233501839,0,3,Model_2
14346,7918.85009765625,3069.7176920271013,6988.465867525578,23,3,Model_2
14347,7073.60107421875,3005.3978500498924,7001.330781251803,16,2,Model_2
14348,6596.98193359375,3109.683749797521,6995.737002584705,14,30,Model_2
14349,5426.84326171875,3044.558574862429,6996.514210685476,25,4,Model_2
14350,3765.41552734375,3023.5142741084564,6996.811316145817,29,1,Model_2
14351,4004.4970703125,2989.7383935035905,7009.963090316509,3,0,Model_2
14352,8970.2412109375,3061.714767683414,7018.935251287097,45,0,Model_2
14353,9643.1953125,3156.5028480998008,7026.735241131159,17,3,Model_2
14354,7738.41748046875,3098.073974129744,7045.319699926244,58,0,Model_2
14355,4271.98291015625,3034.346566286171,7034.733772317326,20,0,Model_2
14356,6616.80615234375,3053.684454193688,7046.149899488431,40,2,Model_2
14357,716.5923461914062,3216.9767015870893,7066.674905600579,3,0,Model_2
14360,9971.216796875,3924.959197853692,6898.843528490746,12,2,Model_2
14361,5976.90478515625,3926.5192283734214,6921.858073460229,32,0,Model_2
14362,13107.8212890625,3905.037852087291,6945.333290867624,23,2,Model_2
14363,4567.74609375,3885.2154755040538,6937.0747482441075,2,2,Model_2
14364,5119.35205078125,3936.4405437442474,6939.799215913721,9,0,Model_2
14365,6526.90771484375,3931.971279561287,6963.732986100571,29,1,Model_2
14366,607.7754516601562,3866.8454141435213,6961.6878689663135,0,1,Model_2
14367,5875.0791015625,3896.5334071619436,6973.353762558894,15,0,Model_2
14368,23807.90625,3861.1719481784385,7002.564422473573,79,2,Model_2
14369,2327.23583984375,3856.5756351836026,6973.3915631347045,0,0,Model_2
14370,3027.548583984375,3913.4631216661073,6979.078960050305,7,0,Model_2
14371,10866.7080078125,3926.8695332496427,6996.476410109666,10,0,Model_2
14372,6733.91650390625,3887.692927335622,7021.3753314471105,39,0,Model_2
14373,6445.9560546875,3873.18174347491,7040.839801778115,32,1,Model_2
14374,3307.6474609375,3852.250451718457,7033.389555579401,23,0,Model_2
14375,2139.02294921875,3802.841813230654,7047.807119125122,2,0,Model_2
14376,5770.28955078125,3894.825613350142,7049.998845969298,6,0,Model_2
14377,5434.0498046875,3857.4470243172254,7054.435644395475,32,1,Model_2
14378,3776.6171875,3910.3587115672417,7060.962072783499,1,0,Model_2
14384,1165.3050537109375,4154.477940045996,6807.994613762334,10,3,Model_2
14385,6363.84326171875,4136.070132299326,6817.430626658519,24,1,Model_2
14386,6469.93603515625,4177.18745484692,6817.577942921256,20,4,Model_2
14387,8475.615234375,4203.376541999169,6821.467516189208,26,6,Model_2
14388,3704.319091796875,4159.134555194294,6823.175960905268,6,1,Model_2
14389,11773.29296875,4087.09189467784,6835.6953703030595,21,1,Model_2
14390,6826.15234375,4107.603372968966,6823.157943808386,9,2,Model_2
14391,10998.5830078125,4058.6826755702496,6833.514948303986,20,3,Model_2
14392,4379.818359375,4228.93452798808,6827.946252261958,29,14,Model_2
14393,16759.125,4030.2743771062233,6850.453845583892,23,1,Model_2
14394,8469.1865234375,4255.260791031411,6833.194173324213,24,26,Model_2
14395,10808.998046875,4135.801764700329,6843.715451350203,12,2,Model_2
14396,2090.9599609375,4179.137838237919,6838.462584418216,17,2,Model_2
14397,4131.05615234375,4113.586635493441,6851.445845741604,7,0,Model_2
14398,4944.41552734375,4195.129877271829,6847.723372215318,57,4,Model_2
14399,4069.46533203125,4163.919139798032,6845.639394676022,25,0,Model_2
14400,5014.474609375,4215.350432196632,6846.230072832608,25,7,Model_2
14401,24323.359375,3976.2054408958647,6863.4787935235945,19,3,Model_2
14402,5959.615234375,4238.511522665853,6854.151589761517,10,2,Model_2
14403,4871.0771484375,4263.8338239023,6856.791624369274,33,5,Model_2
14404,4233.365234375,4281.213272787631,6861.740320312732,14,1,Model_2
14405,2300.6474609375,4076.4147309407126,6857.328957788035,17,0,Model_2
14406,6620.05322265625,4181.670989005128,6864.625528748642,37,3,Model_2
14407,5494.67919921875,4056.52929027332,6864.904617112101,22,0,Model_2
14408,8175.1171875,4147.1629666057415,6866.849757022486,25,4,Model_2
14409,4629.2880859375,4017.6422267602757,6873.132071411586,26,0,Model_2
14410,5496.39306640625,4103.345856805798,6870.002748976753,20,1,Model_2
14411,5716.21923828125,4219.493328236043,6869.270053703571,15,1,Model_2
14412,5107.90087890625,4084.6485066581517,6875.538237036293,9,1,Model_2
14413,6045.7109375,4251.379818086047,6874.491479035118,4,1,Model_2
14414,2300.73974609375,4199.311440340942,6874.474875043874,2,0,Model_2
14415,5962.6904296875,4062.9277630453,6883.539594433736,11,0,Model_2
14416,17056.330078125,4128.254328760086,6894.743755759177,13,2,Model_2
14417,3281.114990234375,4163.94860039209,6879.697713481059,13,2,Model_2
14418,5604.03271484375,4281.555291871773,6882.413349240436,14,0,Model_2
14419,13428.6162109375,3986.559458741918,6892.0549690069165,34,0,Model_2
14420,6261.72216796875,4211.783859028481,6890.661293571669,5,2,Model_2
14421,7431.66943359375,4188.445084351348,6895.476097755949,11,2,Model_2
14422,13730.2705078125,4243.461362789385,6898.58210394776,17,0,Model_2
14423,8599.0419921875,4026.4767224034294,6895.821602084383,38,4,Model_2
14424,22290.705078125,4098.946101211943,6920.7756345417,23,1,Model_2
14425,9585.2216796875,4163.432579674292,6904.075198838167,9,1,Model_2
14426,1612.2664794921875,4050.8889674765524,6896.364587925695,4,0,Model_2
14427,4702.87548828125,3971.7605737673584,6910.8273708518245,19,0,Model_2
14428,9002.421875,3953.081636490999,6913.404168982292,69,0,Model_2
14429,5412.4814453125,4068.8972159163095,6906.198036782502,5,0,Model_2
14430,3061.3173828125,4263.261643927079,6912.078322617657,2,1,Model_2
14431,6983.41455078125,4049.784655521158,6919.002540242713,12,0,Model_2
14432,11055.0791015625,4208.598892617738,6924.809697861114,7,3,Model_2
14433,5917.03173828125,3994.569518073229,6921.04801065338,10,1,Model_2
14434,15133.2998046875,4022.6427022798453,6930.136752839084,29,1,Model_2
14435,8450.462890625,4177.418536381563,6927.290758084622,4,1,Model_2
14436,14226.322265625,4283.204164495459,6929.695863880101,6,4,Model_2
14437,13272.681640625,4140.3267278189305,6932.336251764267,9,4,Model_2
14438,7061.85986328125,4241.623297913233,6927.006370575022,5,1,Model_2
14439,4047.951904296875,4073.082001237897,6930.558211595548,3,0,Model_2
14440,10205.4296875,3967.4455173814204,6943.468697978591,22,3,Model_2
14441,8794.6474609375,4056.9923739861697,6948.905621919897,2,0,Model_2
14442,3179.2099609375,3994.6855191623326,6939.976207394851,23,0,Model_2
14443,11940.486328125,4217.848598508397,6954.717725408031,1,25,Model_2
14444,9797.9189453125,4182.71499880706,6954.068756643886,4,3,Model_2
14445,8209.1474609375,4087.2304515342694,6959.480951236532,3,0,Model_2
14446,3792.714111328125,4007.1630013894755,6955.567001896328,2,1,Model_2
14447,10827.390625,4125.550858933479,6963.030319322192,1,2,Model_2
14448,6421.0830078125,4155.472235095454,6962.1118006576435,7,2,Model_2
14449,20986.650390625,3964.048342629103,6981.2530230740085,32,2,Model_2
14450,2654.755615234375,3987.1026384448633,6958.455389819923,3,1,Model_2
14451,19604.1328125,4034.80900698225,6977.797273236851,10,2,Model_2
14452,11194.76953125,4002.5662280728575,6987.883314726409,5,0,Model_2
14453,11085.8134765625,4070.621581312269,6984.913319952233,5,3,Model_2
14454,12984.5869140625,4175.474597495515,6985.234448208415,3,32,Model_2
14455,20978.587890625,4118.240488711046,6990.858255370316,8,17,Model_2
14456,2611.80712890625,4200.399180712178,6989.124374752777,1,8,Model_2
14457,8202.671875,4217.781391528202,6991.22283662486,1,13,Model_2
14458,8801.5380859375,3981.753699336201,7013.5227034180425,6,0,Model_2
14459,4850.060546875,4038.359929209808,7008.822360790422,2,0,Model_2
14460,6532.61328125,4081.0193297276273,7013.089586540067,2,3,Model_2
14461,6459.6982421875,4154.878419996472,7014.924150934297,2,7,Model_2
14462,5602.76953125,3940.6566309470218,7016.792276587425,4,0,Model_2
14463,2697.71044921875,4288.760708727874,7010.864651713404,0,3,Model_2
14464,22946.291015625,4107.962884280831,7032.762843229051,4,15,Model_2
14465,6727.60205078125,3954.8888598077465,7031.990227721602,4,1,Model_2
14466,4717.69970703125,4073.3996232675854,7035.5166328406485,0,1,Model_2
14467,7843.0654296875,4044.71190948179,7050.026401529234,10,1,Model_2
14469,17957.865234375,4304.190694865771,6846.571691120538,15,12,Model_2
14472,12423.2685546875,4341.580791943241,6870.046555251523,25,11,Model_2
14473,8998.16015625,4311.53236696939,6882.261087107967,11,1,Model_2
14474,5062.400390625,4368.609045704361,6885.087651659909,18,5,Model_2
14475,9442.919921875,4384.583592510549,6905.896692005248,14,8,Model_2
14476,5605.4384765625,4356.2471042445395,6900.730731069983,6,2,Model_2
14477,1926.0367431640625,4302.9634769945405,6899.200690940692,3,0,Model_2
14478,10941.7783203125,4331.445426943712,6908.337125441671,11,1,Model_2
14479,832.6566162109375,4294.836495930562,6899.717534327705,0,0,Model_2
14480,4507.37158203125,4281.496831005439,6904.104520780151,6,3,Model_2
14481,5257.35107421875,4402.768144192873,6917.309992965078,5,1,Model_2
14482,3428.24755859375,4364.6742151104845,6922.842654813343,6,1,Model_2
14483,7545.69091796875,4319.065993256168,6932.378291656991,4,3,Model_2
14484,5600.2119140625,4411.2831765192095,6935.148331983422,30,5,Model_2
14486,5694.98681640625,4345.68686224008,6934.354166614998,2,1,Model_2
14487,12731.904296875,4433.1889694884885,6946.622396485676,13,9,Model_2
14488,8495.369140625,4371.224133748794,6943.644982906902,12,0,Model_2
14489,2648.615478515625,4393.146037980448,6944.077393232059,9,1,Model_2
14490,19002.111328125,4338.149093057262,6973.943380886252,14,23,Model_2
14491,4535.14453125,4401.241256841458,6962.94270677265,6,0,Model_2
14492,8849.1982421875,4372.066522610141,6972.159335018572,8,0,Model_2
14493,7325.3515625,4443.905720898882,6973.906286863261,7,5,Model_2
14494,8268.31640625,4464.509723868221,6979.997478714853,17,3,Model_2
14495,11499.4677734375,4417.62410906842,6984.23820873379,15,6,Model_2
14496,6508.751953125,4387.482238772791,6985.059929662151,5,3,Model_2
14497,1589.0975341796875,4306.637305137934,7004.999556763854,0,1,Model_2
14498,8343.4384765625,4455.163810725091,7007.447762281285,24,10,Model_2
14499,32452.166015625,4350.437383031938,7018.17464717757,9,82,Model_2
14500,13149.8662109375,4418.826009241631,7018.81337092584,11,7,Model_2
14501,3781.513671875,4497.153443049872,7012.063318570639,38,4,Model_2
14502,6252.7216796875,4476.616647060728,7030.478911242011,35,4,Model_2
14503,15809.5859375,4282.913701450918,7037.37592658354,4,29,Model_2
14504,22976.634765625,4391.931709119119,7051.218002858281,13,76,Model_2
14505,1811.9854736328125,4308.319781251717,7040.046696238918,0,3,Model_2
14507,6258.8369140625,5296.662870067172,6963.270900557021,0,1,Model_2
14508,5986.166015625,5302.240589101566,6990.537127114134,2,0,Model_2
14509,8047.3779296875,5286.855254176538,7017.999775354896,3,0,Model_2
14510,5783.95263671875,5253.9325799949,7034.699151229201,0,0,Model_2
14514,7591.470703125,5592.611108964309,6816.735378684738,4,0,Model_2
14515,4159.27978515625,5545.272997852648,6813.293053351139,1,0,Model_2
14516,4706.517578125,5562.961782975588,6814.803310001502,5,0,Model_2
14517,1992.052490234375,5579.44084245502,6820.149088629172,3,0,Model_2
14518,3581.99853515625,5527.651880031684,6818.430752173648,1,0,Model_2
14519,4625.54931640625,5513.2723482006695,6826.013477025903,3,0,Model_2
14520,7019.6171875,5496.886734043015,6830.372554642003,2,0,Model_2
14521,12687.46484375,5474.459856816335,6842.37618048201,9,0,Model_2
14522,7203.25341796875,5578.537230796646,6837.66241335083,13,0,Model_2
14523,7383.8369140625,5540.341570600402,6837.156874808919,11,2,Model_2
14524,7465.04833984375,5456.659673822112,6860.544126390363,9,0,Model_2
14525,8053.57568359375,5439.099778798176,6847.672853688768,2,0,Model_2
14526,1893.1309814453125,5427.425558080897,6866.336446399568,0,0,Model_2
14527,12043.076171875,5561.196448941017,6859.571203158761,26,0,Model_2
14528,15467.525390625,5601.367810226278,6862.759876030381,55,0,Model_2
14529,7719.8251953125,5519.833314561751,6868.402053565573,8,0,Model_2
14531,3785.12353515625,5534.646469511557,6869.831409918173,3,1,Model_2
14532,1247.7923583984375,5539.663976937067,6862.554975712905,4,0,Model_2
14533,5156.32275390625,5393.208919369616,6878.965371484286,2,1,Model_2
14534,4894.7119140625,5375.853407216957,6884.11296204626,0,0,Model_2
14535,7479.32421875,5494.1874071124475,6889.62336748073,5,1,Model_2
14536,10335.537109375,5564.734942480456,6888.04810797103,3,3,Model_2
14537,893.001708984375,5417.1369059279095,6885.065041969705,0,0,Model_2
14538,6205.2548828125,5454.886514317244,6892.901066007529,13,0,Model_2
14539,9706.6552734375,5357.387138603954,6904.66199095425,1,0,Model_2
14540,7251.76611328125,5637.779263194883,6899.283004344092,3,1,Model_2
14541,10707.228515625,5537.357764808461,6903.312121793773,0,1,Model_2
14542,3981.0224609375,5511.510236418573,6900.547733889893,0,0,Model_2
14543,5752.78125,5399.444898552494,6905.791768911644,2,0,Model_2
14544,6382.6328125,5377.9041407564655,6912.933958081325,1,1,Model_2
14545,2653.215576171875,5473.108812385704,6909.719849308225,0,0,Model_2
14546,3227.589599609375,5420.439254393103,6912.784168883722,4,0,Model_2
14547,9458.2421875,5572.159932826646,6920.83887101899,4,1,Model_2
14548,19908.857421875,5330.88963585766,6937.843477711052,4,1,Model_2
14549,7107.208984375,5458.070560084423,6919.718278248241,1,0,Model_2
14550,4286.69091796875,5598.186526389793,6919.806950627011,1,0,Model_2
14551,611.2700805664062,5618.0434271066915,6915.035952717502,0,0,Model_2
14552,6088.02001953125,5434.851469070651,6927.917117158562,0,1,Model_2
14553,5373.8798828125,5409.890980754979,6929.514986358467,1,2,Model_2
14554,5545.09716796875,5551.898869585013,6930.102485027368,1,1,Model_2
14555,1586.028076171875,5532.166716071079,6921.987725902494,0,0,Model_2
14556,1486.963623046875,5523.0965356754605,6926.292045675131,0,0,Model_2
14557,4689.646484375,5388.815608280711,6932.9180980106175,3,0,Model_2
14558,4767.5146484375,5484.522030652501,6934.995363298134,0,0,Model_2
14559,7869.8984375,5367.893983281683,6945.312800835876,6,0,Model_2
14560,1225.840087890625,5510.797658299794,6936.960286687448,1,0,Model_2
14561,10551.4365234375,5600.487214657012,6943.7290626923495,1,0,Model_2
14562,6519.8779296875,5541.9379665409215,6951.154579542403,1,0,Model_2
14563,10997.1591796875,5446.601182560204,6954.765064446896,3,1,Model_2
14564,2131.833251953125,5477.847825133009,6950.374898506765,1,0,Model_2
14565,452.7411193847656,5511.583427581936,6955.186876479769,0,0,Model_2
14566,13061.3466796875,5497.091116914293,6974.120019090973,2,0,Model_2
14567,6609.4169921875,5584.871258519124,6966.35888965195,2,0,Model_2
14568,3903.6513671875,5423.23662986327,6967.744086453371,0,0,Model_2
14569,7003.087890625,5625.808595249895,6973.5395859502605,0,0,Model_2
14570,1283.62060546875,5313.948413308943,6968.106548049458,0,0,Model_2
14571,2913.145263671875,5553.689521317603,6975.924201713991,0,0,Model_2
14572,1845.6099853515625,5536.732647828292,6971.939950368309,0,0,Model_2
14573,1697.0313720703125,5374.987081622938,6977.02607083504,1,0,Model_2
14574,7092.88818359375,5524.469675551634,6986.4864598034765,1,1,Model_2
14575,1025.8101806640625,5453.761948203435,6975.15935828755,0,1,Model_2
14576,4864.03271484375,5278.917925686808,6994.122176117147,1,0,Model_2
14577,7563.30615234375,5572.870209336514,6995.533868649276,0,1,Model_2
14578,5313.45556640625,5328.519439001335,6992.419383823639,3,1,Model_2
14579,1016.3675537109375,5455.1746757528745,6987.158038257825,0,0,Model_2
14580,5808.11376953125,5440.209154293174,6999.408957584441,0,2,Model_2
14581,2609.29638671875,5624.764585447963,6992.080591746984,0,0,Model_2
14582,5771.13232421875,5419.4937534525525,7001.963499301113,0,1,Model_2
14583,3955.84130859375,5594.154107578099,7001.496467887831,0,0,Model_2
14584,23445.962890625,5468.944281222532,7025.067069925775,1,36,Model_2
14585,1240.9169921875,5371.760225930018,7002.749186035711,0,0,Model_2
14586,455.9212951660156,5636.390472378116,7008.179751001648,0,0,Model_2
14587,1902.662353515625,5361.565939742373,7010.489472166577,0,0,Model_2
14588,14888.1240234375,5426.638407833409,7034.153692453023,0,5,Model_2
14589,9786.46484375,5378.242477266351,7053.811758256401,2,1,Model_2
14590,1625.2535400390625,5490.27789421659,7048.366355681268,0,1,Model_2
14591,2155.636474609375,5464.633367732633,7059.306619528856,0,3,Model_2
14592,2153.116943359375,5475.26127703907,7065.536295732949,0,5,Model_2
14593,10172.3837890625,5666.001591658918,6807.88333169336,5,0,Model_2
14594,17103.421875,5624.415661537088,6817.588541213539,3,1,Model_2
14595,29921.513671875,5686.096939058974,6844.072260523739,63,1,Model_2
14596,4304.51416015625,5706.820625691675,6818.320176657493,3,0,Model_2
14597,7043.97802734375,5726.764066903619,6832.843723126047,2,0,Model_2
14598,6785.9921875,5640.733608392766,6848.596318223048,15,0,Model_2
14599,7268.74755859375,5747.042622372974,6850.054643241223,7,0,Model_2
14600,8583.75,5773.900557074696,6863.3106339527,1,0,Model_2
14601,5533.49560546875,5629.1003563140985,6868.158292843058,16,0,Model_2
14602,7955.056640625,5724.5784590819385,6872.45272087623,31,0,Model_2
14603,7437.0537109375,5755.182952768635,6878.828300237423,22,0,Model_2
14604,2904.530029296875,5644.3871823777445,6871.814350404369,30,0,Model_2
14605,7875.6650390625,5658.993652847363,6885.2823069615115,34,0,Model_2
14606,11118.6484375,5692.039693266619,6896.960918504832,82,0,Model_2
14607,11468.5859375,5806.649689944461,6902.038913614146,8,2,Model_2
14608,4222.154296875,5776.85306098545,6901.799392208544,26,0,Model_2
14609,5078.61376953125,5727.901522027329,6902.7571245545405,28,0,Model_2
14610,3622.201171875,5757.408608585363,6915.091417113785,41,0,Model_2
14611,5547.57666015625,5711.883704973618,6919.4391898847825,39,1,Model_2
14612,5216.4228515625,5790.518173410557,6925.92569803854,43,2,Model_2
14613,12508.34375,5690.058468316216,6934.986884664308,3,0,Model_2
14614,9572.8369140625,5659.4714668572415,6928.460809552693,5,1,Model_2
14615,5009.7763671875,5773.873398089549,6926.704672521359,43,0,Model_2
14616,2197.904052734375,5806.383623954374,6924.840786185145,15,0,Model_2
14617,9093.001953125,5809.928101676982,6950.391149221599,103,0,Model_2
14618,4884.19189453125,5756.919286530931,6940.796868493984,33,1,Model_2
14619,7414.83203125,5715.865488389274,6952.542602555099,1,0,Model_2
14620,7355.4912109375,5648.34733066964,6951.3552405429655,2,1,Model_2
14621,3694.87744140625,5856.152234075824,6950.4024540667015,6,0,Model_2
14622,5540.82861328125,5773.3771712083835,6952.315799100237,30,1,Model_2
14623,678.345947265625,5867.303068926791,6950.869838756393,1,0,Model_2
14624,4194.19140625,5836.4500014777295,6955.613634382375,18,0,Model_2
14625,5730.75341796875,5789.203494400717,6967.298958177475,39,0,Model_2
14626,7446.3369140625,5869.595471401932,6973.3947426223895,6,0,Model_2
14627,791.065185546875,5753.398745540995,6958.483651932678,2,0,Model_2
14628,5754.14697265625,5839.532316131052,6970.980098363856,71,1,Model_2
14629,1142.864990234375,5747.642881976906,6970.2940355767205,0,0,Model_2
14630,2833.359619140625,5760.893704798073,6975.8747430166695,0,0,Model_2
14631,6250.60009765625,5712.9139051220845,6980.94814553266,1,1,Model_2
14632,7470.71337890625,5810.294057493797,6982.275051726523,88,1,Model_2
14633,4612.099609375,5666.044401584659,6983.6623681864,0,1,Model_2
14634,2863.1572265625,5772.7313397480175,6984.431450929755,0,1,Model_2
14635,2867.310791015625,5846.820590907941,6984.348784249945,16,0,Model_2
14636,8670.3779296875,5885.640907762572,6993.3615720076195,19,1,Model_2
14637,6450.2529296875,5686.743691162905,6991.270528940135,0,1,Model_2
14638,2425.5751953125,5831.903863557149,6992.599201516045,21,0,Model_2
14639,492.53094482421875,5752.70826286776,6991.263816688355,0,0,Model_2
14640,3108.6162109375,5858.790338209365,6998.161891859112,27,0,Model_2
14641,4285.80078125,5753.144647917245,7003.801949735847,1,1,Model_2
14642,8521.892578125,5802.2895220238715,7013.339352961542,4,1,Model_2
14643,7712.01220703125,5709.1595206668135,7006.360730769433,1,0,Model_2
14644,4223.4033203125,5821.284240042791,7007.557631244621,38,0,Model_2
14645,5956.78759765625,5842.048434992321,7010.3979735765315,54,0,Model_2
14646,10735.5546875,5903.6583626379725,7022.1528928242915,23,1,Model_2
14647,1558.9691162109375,5728.7963875718415,7022.897599495394,0,1,Model_2
14648,5340.23095703125,5854.5986480610445,7044.979848020361,30,0,Model_2
14650,2206.15087890625,5929.698765854584,7057.384089308674,4,0,Model_2
14651,5976.67626953125,6925.285017912276,6986.5288529726095,0,0,Model_2
14652,9307.1669921875,6927.837502194336,7006.632400328293,1,1,Model_2
14653,12417.109375,6882.037786478642,7034.720701090177,40,2,Model_2
14654,6061.5537109375,6935.080205114791,7027.439321015176,41,0,Model_2
14656,3497.01513671875,6864.020331603242,7045.507996252476,15,5,Model_2
14657,988.969482421875,6945.036044619279,7041.394799017347,1,0,Model_2
14658,3714.304931640625,6931.462536228821,7061.51848312837,5,0,Model_2
14659,8594.5634765625,7002.449218577007,6965.19519715925,0,0,Model_2
14660,6749.091796875,6966.528928949963,6968.815573803207,0,1,Model_2
14661,6903.7294921875,7050.060760827269,6976.106139064854,0,0,Model_2
14662,3977.4833984375,6943.162995287683,6977.890891485353,0,0,Model_2
14663,6062.32275390625,7129.985971541377,6981.738424860581,1,0,Model_2
14664,4886.28173828125,7155.358447852079,6980.885968884599,1,0,Model_2
14666,4585.3505859375,7000.124593577115,6986.7224484449835,0,1,Model_2
14667,39506.15625,7202.9732123548165,7024.607810593501,32,1,Model_2
14668,8959.583984375,7156.31913941144,7011.098167420045,13,0,Model_2
14669,5209.845703125,7015.819725061534,7006.144878883264,17,0,Model_2
14671,4120.912109375,6996.6422592950985,7009.684708505869,8,0,Model_2
14672,11270.4990234375,7121.886609784327,7020.146282818663,39,1,Model_2
14673,557.0636596679688,7065.213633252308,7005.674667982297,0,0,Model_2
14674,8804.8876953125,7092.797495404491,7023.015947092557,43,0,Model_2
14675,10944.9453125,7154.386708569946,7042.448975823121,29,0,Model_2
14676,6627.69580078125,7029.360090283677,7046.466081874882,14,2,Model_2
14677,7413.5185546875,6969.793070707237,7049.161227602512,34,0,Model_2
14678,4895.5380859375,7109.3414602552075,7049.898868745426,10,0,Model_2
14679,4991.53369140625,7086.082321246387,7046.792862553615,16,0,Model_2
14680,4620.2890625,7004.638969294727,7057.398220365052,4,0,Model_2
14682,7006.13330078125,1155.8463343066396,7030.8494981955155,114,0,Model_2
14683,8749.462890625,1189.1769686677144,7045.611506240442,91,0,Model_2
14684,9197.4853515625,1128.725786028197,7047.385307092249,152,1,Model_2
14685,12900.8798828125,1218.6791067665908,7060.286608288647,238,1,Model_2
14686,2114.2841796875,1150.8628906930098,7051.937273627904,48,0,Model_2
14687,6073.13525390625,1163.62577242509,7066.714119282027,186,1,Model_2
14688,12420.294921875,1145.9320388429915,7080.132617141848,254,0,Model_2
14689,12451.9560546875,1189.2384216256323,7078.164867541258,293,1,Model_2
14690,5423.47998046875,1096.2282190123806,7077.264719250001,47,1,Model_2
14691,7262.72314453125,1236.169147960085,7083.456241601874,80,0,Model_2
14692,2283.51513671875,1117.7693220497458,7076.015533866215,14,0,Model_2
14693,3687.3017578125,1122.4522906200727,7090.60196353565,30,0,Model_2
14694,5353.673828125,1282.3985740594217,7087.795889015455,69,0,Model_2
14695,5008.32958984375,1075.748618004669,7091.823946635908,52,2,Model_2
14696,10621.9228515625,1254.2085832005832,7100.713794203097,135,0,Model_2
14697,3145.4296875,1106.5294149339315,7095.664767759357,66,1,Model_2
14698,10866.1533203125,1216.0268477382488,7107.096792368888,170,0,Model_2
14699,6874.8505859375,1135.343026727147,7106.609624200268,157,2,Model_2
14700,8820.8095703125,1182.0570565826492,7107.138478985202,187,0,Model_2
14701,4638.9453125,1095.4375012710807,7110.245545006241,66,0,Model_2
14702,7085.98681640625,1077.2636520701926,7115.767255285813,36,1,Model_2
14703,4166.55712890625,1061.354355876625,7119.19827577431,32,0,Model_2
14704,11082.9658203125,1158.6844482545275,7126.854482119728,180,1,Model_2
14705,1286.462890625,1116.5169015609426,7110.424656145828,29,0,Model_2
14706,4332.41845703125,1107.832700979663,7124.900157022697,78,0,Model_2
14707,12578.5595703125,1241.5827622791403,7135.755634532019,260,1,Model_2
14708,5861.98388671875,1192.9470040635788,7130.763838866609,118,1,Model_2
14709,3183.441162109375,1137.62092906615,7129.71319482493,52,0,Model_2
14710,10007.955078125,1120.0936018083012,7146.310473816906,233,0,Model_2
14711,12396.31640625,1054.6285943175317,7147.747248974105,165,3,Model_2
14712,4841.779296875,1213.3104889017413,7136.386232922872,74,1,Model_2
14713,9976.4208984375,1089.4645959867048,7146.963681897963,166,1,Model_2
14714,7863.49853515625,1175.2030954072252,7151.848081534903,152,0,Model_2
14715,18620.19921875,1208.8964633326395,7168.144722302444,347,2,Model_2
14716,2902.590087890625,1260.61280999484,7153.498942196224,32,0,Model_2
14717,6382.54931640625,1138.940326374257,7160.894430551474,148,1,Model_2
14718,13796.95703125,1160.623323600972,7178.710513156024,243,0,Model_2
14719,5477.46435546875,1255.9597623403533,7170.263674206275,43,0,Model_2
14720,17756.03125,1074.9242967732716,7183.846798872895,277,1,Model_2
14721,6402.734375,1039.323700623936,7174.192461155675,74,1,Model_2
14722,11415.216796875,1110.8494197790278,7181.968074927485,171,2,Model_2
14723,5967.193359375,1135.3642015291261,7198.202539046964,98,0,Model_2
14724,879.1666870117188,1234.2232527064625,7189.751460780302,8,0,Model_2
14725,8751.4189453125,1172.5820231796242,7204.841309333191,71,0,Model_2
14726,227.21023559570312,1244.8098481329507,7182.759060808225,3,0,Model_2
14727,16913.126953125,1247.3810905276332,7211.746450032137,64,0,Model_2
14728,5299.2177734375,1041.567884392396,7195.809797925816,29,1,Model_2
14729,15820.904296875,1208.3426962287049,7207.395144497044,225,2,Model_2
14730,3355.84033203125,1094.5212307636975,7204.848728137789,58,0,Model_2
14731,8716.1767578125,1030.1972458904493,7218.890052307455,70,0,Model_2
14732,1922.280517578125,1116.6802007131628,7207.679178730235,53,0,Model_2
14733,8557.5869140625,1056.3274118545814,7219.907135090238,142,0,Model_2
14734,16717.978515625,1141.1147713927203,7232.030874909455,146,0,Model_2
14735,5132.5712890625,1096.3726449715323,7220.29785879908,86,1,Model_2
14736,5381.66552734375,1191.0890302703483,7224.879147276719,98,0,Model_2
14737,2510.70263671875,1076.388695442758,7226.8839909003,49,0,Model_2
14738,8229.97265625,1113.5332108494476,7234.979673099064,165,0,Model_2
14739,4228.1796875,1017.5911037251935,7237.906214874878,53,0,Model_2
14740,4057.6806640625,1170.2738546834444,7238.794705044624,34,0,Model_2
14741,8370.7861328125,1089.8297462404007,7251.5822512371815,172,0,Model_2
14742,19866.19140625,1246.288746938575,7259.260713996395,96,3,Model_2
14743,11912.77734375,1201.2978165941313,7246.253076600755,164,1,Model_2
14744,6798.61474609375,1061.8433326897211,7243.57382831155,93,0,Model_2
14745,2464.593017578125,1158.6118324933923,7253.6662287764775,36,0,Model_2
14746,17318.4375,1026.012575649307,7265.334595303924,159,3,Model_2
14747,8202.9794921875,1216.0883006961667,7270.718174507405,114,1,Model_2
14748,21721.19921875,1178.4007206669776,7282.228273203422,280,0,Model_2
14749,4702.7314453125,1074.3041282522609,7268.667758227006,70,0,Model_2
14750,4382.91064453125,1057.5883482963545,7266.88759839983,90,0,Model_2
14751,9272.4599609375,1141.533664214483,7269.326618730614,112,1,Model_2
14752,13207.3095703125,1109.8142711714027,7278.121434943663,188,0,Model_2
14753,4065.42919921875,1267.2011655019596,7287.605846707942,7,13,Model_2
14754,7964.9619140625,1085.3576050463016,7294.879454701935,191,0,Model_2
14755,7520.107421875,1021.0318939663703,7292.898280597787,85,3,Model_2
14756,7581.11962890625,1055.584797739517,7295.577528886992,185,0,Model_2
14757,9985.3056640625,1229.4113940371317,7299.557540915761,70,2,Model_2
14758,18074.55859375,1154.0297894738032,7312.805759546231,130,0,Model_2
14759,3495.79248046875,1037.7926703764824,7305.170749785379,32,0,Model_2
14760,6188.00439453125,1001.87261091033,7310.526420152513,33,1,Model_2
14761,10324.62109375,1198.1171081598732,7311.2937365138205,96,0,Model_2
14762,13829.310546875,1123.229428868799,7319.3184101542865,114,1,Model_2
14763,4687.11279296875,1070.3790794962551,7313.1904775561125,100,0,Model_2
14764,9301.1103515625,1095.9105969826924,7326.466605022928,173,1,Model_2
14765,8509.7451171875,1018.6962212437065,7327.962730616913,108,2,Model_2
14766,5449.4951171875,1044.2496040147962,7325.890057922719,126,0,Model_2
14767,730.752685546875,1220.1806764199864,7318.857031163556,1,0,Model_2
14768,7835.13232421875,1069.5128689826815,7337.544293393788,158,0,Model_2
14769,11603.1611328125,1140.7826492268941,7352.898745977349,106,0,Model_2
14770,6722.78515625,1001.3676379153039,7348.907075827068,47,0,Model_2
14771,11304.505859375,1026.3947578089428,7362.669311633275,174,0,Model_2
14772,19743.958984375,1177.0981251039193,7366.4373578163795,330,0,Model_2
14773,6510.23193359375,1056.2386848310707,7358.962382269005,113,0,Model_2
14774,5737.9833984375,1094.7875269146753,7354.134153581166,97,0,Model_2
14775,6384.0400390625,1116.9413182440912,7358.366051689867,48,1,Model_2
14776,8736.8271484375,1099.0735830283375,7383.783936072781,131,1,Model_2
14777,6598.04248046875,1051.131874979823,7387.635355488514,204,0,Model_2
14778,5102.8486328125,1308.3363255186123,7020.107069137215,91,0,Model_2
14779,12670.255859375,1296.4729125488666,7038.913738793839,158,0,Model_2
14780,5321.62451171875,1442.2727020594175,7044.100189760851,14,13,Model_2
14781,3777.84228515625,1327.4114847689634,7043.369614146126,38,0,Model_2
14782,18463.751953125,1349.4638902258594,7071.548706945236,136,0,Model_2
14783,10836.0341796875,1309.7307552772108,7071.0926271006465,94,1,Model_2
14784,1878.98828125,1287.5903132794774,7064.600113247929,17,0,Model_2
14785,3375.3623046875,1314.5479076470365,7095.047240595653,1,0,Model_2
14786,11078.9873046875,1330.8893309136038,7108.558296874748,6,0,Model_2
14787,4175.3916015625,1268.3212434783927,7120.010104963207,50,1,Model_2
14788,9495.271484375,1282.557845396048,7134.121377861942,29,3,Model_2
14789,12872.4228515625,1401.8708346417407,7143.805390797555,3,0,Model_2
14790,7891.6298828125,1378.0748453544802,7162.0842654984735,5,0,Model_2
14791,6441.86669921875,1433.5081753271515,7191.481102080928,16,16,Model_2
14792,15988.6923828125,1280.3004273763509,7210.740318818047,160,34,Model_2
14793,20082.81640625,1400.322312166565,7217.670542142063,3,2,Model_2
14794,10987.427734375,1287.1974286384066,7250.115800861589,85,34,Model_2
14795,12326.0478515625,1394.157682859921,7263.46470326875,4,7,Model_2
14796,3926.756591796875,1270.435501423839,7264.785250487243,46,18,Model_2
14797,2557.381103515625,1383.8104547601542,7316.541304299666,8,5,Model_2
14798,5644.54150390625,1726.6903406353085,7016.669336396939,92,0,Model_2
14799,5553.90478515625,1760.7586406522896,7027.970648734976,171,0,Model_2
14800,3203.082763671875,1674.5884744805517,7031.769076689292,6,0,Model_2
14801,3788.873291015625,1715.8070678202203,7031.6662732541445,111,0,Model_2
14802,3750.18994140625,1734.3039478317369,7040.930593815341,98,0,Model_2
14803,5740.24658203125,1692.687061070057,7046.658617518027,118,0,Model_2
14804,10984.9443359375,1798.2480521542602,7061.726209657121,199,1,Model_2
14805,8428.9755859375,1826.31881967152,7060.328294904961,105,0,Model_2
14806,9444.2822265625,1720.5656442432664,7064.142267021292,228,1,Model_2
14807,3426.646484375,1762.325460918306,7061.718084299704,75,0,Model_2
14808,6857.62353515625,1751.178884043824,7073.965824138635,210,0,Model_2
14809,5756.06689453125,1785.2393585905083,7078.428765019111,214,0,Model_2
14810,4103.6005859375,1736.7332960370695,7082.909016443649,121,0,Model_2
14811,7190.1552734375,1836.1593485695776,7082.82634976384,87,0,Model_2
14812,2852.46728515625,1711.911364577827,7084.365221803368,47,0,Model_2
14813,2726.453857421875,1775.1258588756318,7090.825587502826,82,0,Model_2
14814,10176.4609375,1809.489340235421,7105.130102597526,286,0,Model_2
14815,4555.50244140625,1753.7768251018715,7105.137521402125,182,0,Model_2
14816,7223.3212890625,1781.2613728295546,7105.087709428393,184,0,Model_2
14817,3064.655517578125,1836.5888287923299,7099.020540372643,38,0,Model_2
14818,3556.305419921875,1852.23723761586,7104.552848944499,20,0,Model_2
14819,3886.427978515625,1738.0241533946828,7103.722649382311,85,0,Model_2
14820,2910.4990234375,1764.2460384739097,7120.676737547823,104,1,Model_2
14821,7789.37158203125,1848.2266840888187,7121.355028253951,134,1,Model_2
14822,5594.986328125,1821.0248890158255,7129.2825508818205,128,0,Model_2
14823,9230.6572265625,1794.0250601247535,7134.283885010285,204,0,Model_2
14824,3588.988037109375,1753.7919006402371,7136.185925198719,9,0,Model_2
14825,6790.16943359375,1773.3802035972476,7146.514314305154,170,2,Model_2
14826,7703.22265625,1843.5129890395328,7145.160559104173,139,2,Model_2
14827,3560.446533203125,1867.5723974666325,7140.579977179354,48,1,Model_2
14828,1783.5419921875,1820.0218478525057,7147.774451257632,37,0,Model_2
14829,4195.37109375,1873.4182539391331,7158.210589668946,66,0,Model_2
14830,2289.71875,1794.3131064799381,7157.449632283009,76,1,Model_2
14831,8175.18701171875,1813.4136985087534,7166.42638584692,268,3,Model_2
14832,5125.1103515625,1845.7308193859644,7166.568756239925,168,1,Model_2
14833,13021.654296875,1792.6486979961046,7187.067973174184,337,1,Model_2
14834,7688.78466796875,1869.1308168601245,7178.306718220032,78,0,Model_2
14835,7230.7314453125,1827.5034577779006,7186.009203775087,161,0,Model_2
14836,2501.2373046875,1848.5256630863296,7189.128987746866,130,2,Model_2
14837,9437.2587890625,1769.0444327311125,7200.025092043274,30,0,Model_2
14838,7157.3662109375,1879.599454829935,7201.254140671721,23,1,Model_2
14839,5748.79931640625,1815.882289146015,7211.507988455764,211,0,Model_2
14840,8086.36962890625,1839.3652596214088,7217.432787118509,153,0,Model_2
14841,4669.17578125,1864.9720397192286,7222.36664545277,26,0,Model_2
14842,1462.5372314453125,1879.1142756715417,7216.8837955782365,11,0,Model_2
14843,3085.416015625,1889.7882171561942,7224.561198508221,12,0,Model_2
14844,5697.54638671875,1809.8848717267392,7232.3954561639985,115,0,Model_2
14845,8105.72705078125,1858.873696749215,7244.473270049988,122,3,Model_2
14846,5361.69189453125,1830.5052161193453,7242.784608812857,227,6,Model_2
14847,8492.720703125,1891.0310859680176,7245.928415580478,92,0,Model_2
14848,17867.166015625,1790.5284558674903,7272.012932548008,25,0,Model_2
14849,6409.1669921875,1832.4604328890564,7261.873546320625,107,1,Model_2
14850,12019.1943359375,1895.8773536905646,7279.081286948116,131,0,Model_2
14851,7105.29931640625,1867.0289876027964,7268.954971947882,250,2,Model_2
14852,6226.93994140625,1824.002480463707,7281.371931186935,150,0,Model_2
14853,5344.740234375,1846.3423568735598,7286.634689858387,185,0,Model_2
14854,4924.84619140625,1865.5149892612826,7293.112012825499,95,0,Model_2
14855,4814.24755859375,1830.8055760822026,7307.474465251347,129,1,Model_2
14856,3091.51171875,1907.4503036157694,7306.27721149975,13,0,Model_2
14857,1235.124267578125,1816.7722062313696,7306.56831126113,3,0,Model_2
14858,2545.489501953125,1888.296544421115,7304.533439142746,42,1,Model_2
14859,7693.92822265625,1857.4671835438348,7316.0880506663525,252,0,Model_2
14860,5554.548828125,1875.4558683078503,7334.29768319102,81,0,Model_2
14861,6349.19189453125,1902.3819306333316,7330.044941774162,33,0,Model_2
14862,6081.666015625,1834.9065828394378,7330.656816515315,177,0,Model_2
14863,4451.31396484375,1902.6652586902492,7351.364466531144,38,0,Model_2
14864,5496.53173828125,1905.508896499523,7372.042088052171,16,0,Model_2
14865,5083.15185546875,1837.7670223937603,7378.337120392011,24,0,Model_2
14866,206.95257568359375,1919.4290271919454,7388.513600642385,0,0,Model_2
14867,2459.027587890625,1918.5861780088162,7355.004273377621,2,0,Model_2
14868,7424.6767578125,2607.672465117881,7100.827902483346,15,74,Model_2
14869,5454.837890625,2566.520158114843,7165.073337198759,21,142,Model_2
14870,11846.24609375,2570.6368158126716,7193.612771935499,10,86,Model_2
14871,7177.2373046875,2552.037974526407,7229.1371878397185,10,104,Model_2
14872,10390.4580078125,2537.7767453934066,7260.176053173258,10,69,Model_2
14873,9709.3759765625,2525.340922287549,7299.709096495411,24,186,Model_2
14874,8708.2734375,2555.8489785608836,7319.18345856588,14,104,Model_2
14875,19144.171875,2523.005019403994,7339.287712474383,17,111,Model_2
14876,8079.123046875,2528.0878925225697,7377.2787042693235,59,156,Model_2
14877,16975.927734375,2554.772746234201,7384.521223939286,5,10,Model_2
14878,8036.38232421875,2506.9853610631544,7383.453975906363,9,67,Model_2
14879,16733.462890625,2748.7981472524116,7023.507354578091,20,98,Model_2
14880,8624.3017578125,2782.690259107272,7025.285041470401,2,3,Model_2
14881,7374.00048828125,2715.9877915856196,7037.751812683186,0,1,Model_2
14882,10365.8388671875,2683.358342379215,7043.787893414905,15,126,Model_2
14883,15915.2265625,2801.7616207029205,7055.230869593128,1,22,Model_2
14884,5959.80029296875,2694.9163318465,7063.890027664951,2,9,Model_2
14885,1711.5009765625,2641.9841602771776,7055.964624695538,2,23,Model_2
14886,8602.16796875,2661.825179892592,7077.042508388462,5,65,Model_2
14887,3772.49169921875,2627.608080859529,7072.854769830941,16,117,Model_2
14888,2355.41357421875,2642.5068556608167,7072.168353767396,0,3,Model_2
14889,4370.50830078125,2918.0414346455364,7089.9346243982145,1,5,Model_2
14890,2562.194091796875,2628.5547326045344,7089.21606018141,8,45,Model_2
14891,8871.09375,2644.3120075295446,7106.638946142251,13,171,Model_2
14892,4716.0703125,2760.731529133045,7124.572316514736,0,0,Model_2
14893,3577.3134765625,2630.462075908901,7128.469308587286,7,76,Model_2
14894,6416.23095703125,2683.0837604361586,7134.534357984579,3,39,Model_2
14895,2342.652099609375,2651.903174039093,7133.441320773767,0,6,Model_2
14896,6709.2841796875,2933.7423201522324,7148.544593830215,2,20,Model_2
14897,5715.88720703125,2638.944655549596,7267.466971711314,1,4,Model_2
14898,11819.4189453125,2666.374540065648,7285.0449460159,2,9,Model_2
14899,8251.919921875,3086.969631778775,7015.74481203343,40,2,Model_2
14900,8747.125,3116.674426542246,7023.807639526116,54,4,Model_2
14901,3715.403564453125,3133.4547666280996,7007.780195382569,3,4,Model_2
14902,5594.0185546875,3031.2525134274038,7018.288048905,41,1,Model_2
14903,4119.00830078125,3123.167955762241,7047.47291964179,46,0,Model_2
14904,4765.76953125,3170.1311347823357,7053.955895031453,8,5,Model_2
14905,7571.091796875,3141.0514569990337,7060.667440258025,43,0,Model_2
14906,4208.96240234375,3078.0228176207747,7054.975450749102,16,0,Model_2
14907,4269.69140625,3060.843608710682,7066.6639540318865,21,0,Model_2
14908,5373.25537109375,3019.3792035393417,7072.712046161527,27,20,Model_2
14909,2730.58740234375,3121.864554636064,7068.474495630275,12,0,Model_2
14910,6679.6669921875,3101.8145489315502,7081.800788347231,3,0,Model_2
14911,5199.72705078125,3048.494786421652,7081.5315917232365,9,2,Model_2
14912,7487.0888671875,3160.2820899313083,7084.399489615083,8,0,Model_2
14913,5674.47607421875,3127.321209041751,7088.348766596231,22,0,Model_2
14914,5224.130859375,3020.988948811544,7095.510032692022,4,7,Model_2
14915,3706.15869140625,3222.132765869028,7091.777667426271,0,3,Model_2
14916,4148.880859375,3239.172497279127,7105.170376108203,1,0,Model_2
14917,5527.8291015625,3106.8373500575544,7106.999641356291,27,1,Model_2
14918,6015.888671875,3149.142532964004,7107.102091515029,14,1,Model_2
14919,5708.6435546875,3216.5138480351306,7110.225408250903,6,0,Model_2
14920,5980.5087890625,3074.3271241927287,7116.998423572717,20,2,Model_2
14921,8413.7138671875,3093.750631951727,7133.750084355619,31,1,Model_2
14922,3200.706787109375,3253.6997924022144,7127.516522111022,3,1,Model_2
14923,9486.6728515625,3159.9605551664717,7134.355600121402,8,0,Model_2
14924,12815.1767578125,3124.025305081508,7148.055306003138,23,2,Model_2
14925,4064.9833984375,3239.5704454598017,7138.344090783998,10,2,Model_2
14926,9163.17578125,3197.062490808312,7156.232241776073,10,0,Model_2
14927,9170.2890625,3102.9427976196166,7170.0368707514135,3,0,Model_2
14928,7552.556640625,3223.644462601631,7170.082090131822,1,0,Model_2
14929,11632.3642578125,3164.7504334707046,7176.806706585543,14,1,Model_2
14930,9022.13671875,3128.0420729526086,7184.02732311812,4,0,Model_2
14931,5732.384765625,3249.961979531101,7179.86431390926,5,0,Model_2
14932,1133.4849853515625,3188.8254928383976,7181.588656063745,4,0,Model_2
14933,1918.7152099609375,3206.044979904429,7189.546560462826,3,0,Model_2
14934,5595.75927734375,3228.473007935565,7193.078264728014,3,0,Model_2
14935,2210.188720703125,3255.5733020555926,7195.328635456157,7,2,Model_2
14936,4917.32177734375,3142.1787850435358,7205.32918405463,9,1,Model_2
14937,8508.138671875,3162.7890023569344,7207.418107463658,11,1,Model_2
14938,6678.96728515625,3195.5528655237285,7206.0152468417655,16,0,Model_2
14939,7008.11865234375,3219.233198963222,7215.980821075704,10,0,Model_2
14940,4887.66845703125,3118.8169942772947,7207.756192987494,5,0,Model_2
14941,5912.05419921875,3262.15268128796,7212.475612541224,19,3,Model_2
14942,2043.7218017578125,3237.8886598286917,7214.343738194351,3,0,Model_2
14943,6198.8017578125,3127.820197853609,7227.895067984122,8,0,Model_2
14944,9839.94921875,3195.108194682165,7233.675023318996,27,0,Model_2
14945,3663.775390625,3257.7250762262847,7235.205063448288,2,0,Model_2
14946,2167.598876953125,3243.941430942272,7228.818532518402,2,0,Model_2
14947,5349.08984375,3166.3937822330045,7239.817793526367,15,0,Model_2
14948,9387.2109375,3229.3292064503767,7246.237532438739,9,0,Model_2
14949,6498.15966796875,3279.3747001237934,7257.104314793163,9,0,Model_2
14950,7336.51318359375,3177.3713059329893,7261.6884294820775,15,0,Model_2
14951,9668.626953125,3256.8608220802853,7264.727666432504,12,0,Model_2
14952,8520.728515625,3125.1190296359127,7264.256042425899,4,0,Model_2
14953,13844.24609375,3207.9456485429546,7268.9634505817085,14,2,Model_2
14954,10968.8564453125,3149.9448738303035,7276.717867768952,13,1,Model_2
14955,7547.45458984375,3239.8754086404806,7283.014666490839,5,1,Model_2
14956,2531.3046875,3305.060425407253,7280.916204618756,3,0,Model_2
14957,11754.763671875,3174.9831565271597,7293.07986467224,5,0,Model_2
14958,2603.9453125,3294.3478168928996,7292.520628116094,4,0,Model_2
14959,4895.14208984375,3215.930160015356,7299.29223033227,2,0,Model_2
14960,7765.8115234375,3279.285627858946,7309.112607961928,6,0,Model_2
14961,4981.04541015625,3233.406966957613,7309.060323053331,5,0,Model_2
14962,14743.4091796875,3188.4381320587127,7323.669715689379,9,0,Model_2
14963,7401.03515625,3253.4795284294523,7322.847641484608,4,0,Model_2
14964,4697.419921875,3297.6289905561134,7324.83305490567,15,0,Model_2
14965,10264.9365234375,3222.541531611583,7332.024702772673,15,0,Model_2
14966,6714.7080078125,3251.6953212018125,7350.173571754916,9,0,Model_2
14967,14071.056640625,3216.5635627876036,7360.542940924846,10,1,Model_2
14968,9210.7080078125,3257.2023808426457,7375.990658480499,8,0,Model_2
14969,1541.228759765625,3167.237552059698,7372.490749092161,0,7,Model_2
14970,2159.13720703125,3228.646779408329,7382.310420169,0,0,Model_2
14971,3882.382568359375,3263.6102902111597,7397.398149063432,2,0,Model_2
14973,4852.76611328125,3276.3605130942306,7167.681576929666,3,4,Model_2
14974,2670.90625,3295.6859723136295,7209.842996738065,1,0,Model_2
14975,5063.3798828125,3298.622364962008,7243.3304208654445,4,0,Model_2
14976,5164.20849609375,3280.05689700495,7281.043384126155,0,0,Model_2
14977,3553.582275390625,3318.526448661578,7286.027407710557,10,2,Model_2
14978,953.2294921875,3263.628012599773,7297.4820420102915,3,0,Model_2
14979,3905.228759765625,3318.734744268004,7326.617807326169,4,0,Model_2
14980,8290.1396484375,3300.6671143183485,7366.701608570642,2,0,Model_2
14981,1620.9969482421875,3344.3256432643393,7400.82210402374,0,0,Model_2
14982,6718.2724609375,3813.1769578836393,7020.309849796235,2,0,Model_2
14983,829.855712890625,3831.292000976857,7012.1435123155825,0,0,Model_2
14984,8592.76953125,3912.6004786463454,7028.813212971494,20,0,Model_2
14985,4616.912109375,3831.9636104570236,7043.803084300511,41,0,Model_2
14986,1204.234619140625,3970.675595326815,7054.437410777522,1,0,Model_2
14987,4724.47265625,3821.4728770416696,7061.247873398737,18,0,Model_2
14988,4644.4326171875,3843.357034887187,7066.741321565554,26,0,Model_2
14989,10461.296875,3895.0866158006247,7086.067307544057,5,1,Model_2
14990,6206.40283203125,3871.8762709007133,7074.49397237075,15,0,Model_2
14991,4122.5283203125,3918.530804165872,7075.062040837132,3,2,Model_2
14992,4814.607421875,3806.9667567205615,7082.429620356037,9,2,Model_2
14993,7960.6806640625,3830.482294962043,7087.775045707298,35,1,Model_2
14994,6944.00634765625,3934.6710668136366,7090.511171498423,7,1,Model_2
14995,1185.9659423828125,3854.313613946084,7085.332139336009,2,0,Model_2
14996,6395.06298828125,3866.694428598974,7100.486284195416,3,1,Model_2
14997,11435.625,3956.7826236195397,7106.556986015261,10,1,Model_2
14998,5553.271484375,3805.2529787255917,7106.566524478316,36,0,Model_2
14999,13512.2197265625,3886.336819365388,7121.580065326765,4,1,Model_2
15000,14898.9560546875,3916.200194982812,7130.135713410622,11,3,Model_2
15001,4144.208984375,3831.2293972144835,7110.167117643345,48,2,Model_2
15002,15722.2431640625,3854.8176662975457,7134.233366483735,31,3,Model_2
15003,2925.23779296875,3821.0415555317886,7122.2286808145,28,1,Model_2
15004,5115.462890625,3800.185296225827,7129.362744626764,53,0,Model_2
15005,1025.67041015625,3821.803388081258,7137.736808636168,2,0,Model_2
15006,2934.06005859375,3933.862741764169,7143.09389210894,4,1,Model_2
15007,10620.1318359375,3780.791479221778,7155.063250137231,21,0,Model_2
15008,952.3021240234375,3806.137256869115,7143.742154320265,1,0,Model_2
15009,9515.306640625,3885.474636667408,7158.958475827734,4,2,Model_2
15010,4291.61279296875,3846.4430321147665,7154.704321305238,11,1,Model_2
15011,5340.2275390625,3821.0033488238696,7159.1866923882335,44,3,Model_2
15012,2964.25634765625,3802.3349989484996,7159.566817804793,17,0,Model_2
15013,14972.9013671875,3920.8218256756663,7175.861338913877,3,2,Model_2
15014,7423.7041015625,3843.239652832737,7173.513817173138,4,4,Model_2
15015,15827.9443359375,3883.5380629298743,7193.161284684233,3,3,Model_2
15016,7022.4794921875,3791.393610508414,7180.016929318139,17,0,Model_2
15017,2855.479736328125,3818.5668656309135,7180.772234281525,19,1,Model_2
15018,2189.591796875,3859.4811862725765,7185.363414498628,0,0,Model_2
15019,3565.25,3808.2694673640653,7193.415643699031,20,2,Model_2
15020,2053.945556640625,3941.3894632242154,7194.745729380578,1,0,Model_2
15021,6499.6005859375,3787.2327619194984,7202.395576750627,10,0,Model_2
15022,1336.294677734375,3844.1883760257624,7192.521854383143,0,0,Model_2
15023,6789.1748046875,3830.053275061073,7206.821070331702,2,1,Model_2
15024,7335.5693359375,3759.728535435628,7211.799441493553,3,1,Model_2
15025,7747.63916015625,3931.491163942497,7212.576296317915,2,3,Model_2
15026,5248.14501953125,3779.7032785287593,7218.21034849569,14,1,Model_2
15027,5533.9482421875,3851.1981561244465,7220.913266304327,2,1,Model_2
15028,5548.81103515625,3871.611585875973,7229.211022609292,6,1,Model_2
15029,6338.88818359375,3892.1649534492753,7237.59497835816,1,0,Model_2
15030,11265.6884765625,3799.0980161763728,7240.586876269721,46,1,Model_2
15031,3215.287353515625,3825.328071967233,7230.943843397603,2,1,Model_2
15032,17266.8828125,3925.3721064922865,7244.441475173138,7,8,Model_2
15033,15757.5849609375,3830.3170394422486,7253.697670376918,7,2,Model_2
15034,6447.49267578125,3753.0980604854412,7241.718773885572,1,0,Model_2
15035,4454.607421875,3865.147747410927,7249.071162518871,4,3,Model_2
15036,7590.9951171875,3898.0239290925674,7265.864863194496,2,2,Model_2
15037,10729.4326171875,3784.0547003354877,7275.202665248857,31,2,Model_2
15038,5477.9443359375,3856.761605183594,7269.895040473406,4,1,Model_2
15039,5027.25244140625,3880.704782360699,7275.361286356696,3,0,Model_2
15040,10144.056640625,3817.265075630974,7283.954735016363,5,3,Model_2
15041,5682.400390625,3857.496278747916,7297.842737224331,1,0,Model_2
15042,7101.13720703125,3761.8630475394893,7299.616538076138,13,0,Model_2
15043,7870.83544921875,3934.1136171354447,7301.085814663005,2,7,Model_2
15044,4365.62158203125,3785.654778850265,7300.147865795938,22,1,Model_2
15045,5616.05810546875,3865.9247705792077,7322.332564479642,1,4,Model_2
15046,3135.912841796875,3781.6734557563905,7317.838888551545,11,0,Model_2
15047,3780.4892578125,3798.7748702852987,7321.824199726456,1,0,Model_2
15048,4112.22021484375,3902.789180181455,7330.008907580399,1,1,Model_2
15049,4437.86376953125,3774.404974816134,7333.040019173408,31,0,Model_2
15050,12540.2041015625,3880.264254415175,7347.099007163546,1,1,Model_2
15051,3806.864501953125,3816.358241720125,7334.478913989064,0,2,Model_2
15052,5763.91650390625,3785.1806474146433,7356.800683919631,31,1,Model_2
15053,6616.14697265625,3895.6431448352523,7369.267455132416,7,1,Model_2
15054,15861.1923828125,4191.464334920514,7020.924550748663,2,43,Model_2
15055,30038.720703125,4234.076322294772,7033.248951568443,12,54,Model_2
15056,9397.87890625,4016.155387403909,7023.327183609275,6,4,Model_2
15057,8699.7958984375,3985.8533251280896,7037.444108930562,9,3,Model_2
15058,6655.30126953125,3932.47349062562,7046.08736956396,3,1,Model_2
15059,12485.3662109375,4244.567055710126,7066.5191107040155,4,19,Model_2
15061,3956.2880859375,4060.6781704958994,7055.826493619446,7,2,Model_2
15062,1571.4910888671875,4022.1676502006594,7058.884454219573,2,0,Model_2
15063,10556.9013671875,4269.25273192185,7072.484536153846,2,5,Model_2
15064,779.6757202148438,4171.113508931361,7056.246892546682,0,3,Model_2
15065,1165.838623046875,4009.956233963603,7062.250825125142,0,2,Model_2
15066,10523.7421875,4023.5159327005967,7083.600025100517,2,2,Model_2
15067,4617.830078125,3990.7575933951885,7081.507215650985,1,1,Model_2
15068,19220.400390625,4152.050663288683,7095.058545440756,6,56,Model_2
15069,10639.01953125,4213.222824919503,7092.091730154265,5,27,Model_2
15070,5616.05419921875,4184.34131566342,7096.461759339058,2,25,Model_2
15071,3199.44873046875,4113.709541409276,7093.553234660125,0,6,Model_2
15072,8539.7412109375,4001.9503175283317,7102.9567461266415,7,2,Model_2
15073,6192.6181640625,3981.8402398312464,7112.785955666535,2,2,Model_2
15074,10230.79296875,4072.5075196537655,7113.600964343117,0,20,Model_2
15075,14561.55078125,4242.093746774597,7118.482891045191,3,32,Model_2
15076,11932.99609375,4124.833217275096,7117.643859572767,0,32,Model_2
15077,4354.5458984375,4095.427861830918,7114.604622622341,2,13,Model_2
15078,6497.568359375,4211.776033558184,7120.41319334638,1,11,Model_2
15079,4913.94482421875,4182.5327113813255,7120.497626408236,0,15,Model_2
15080,1836.295654296875,3937.906668620417,7123.679233751667,1,1,Model_2
15081,4356.15087890625,4275.714268777985,7127.764875426859,2,7,Model_2
15082,4386.646484375,4001.094579335302,7132.588511521375,1,2,Model_2
15083,7397.26220703125,3977.24806973245,7137.144364097534,5,2,Model_2
15084,5826.3232421875,4105.333526261151,7136.3968312151555,2,21,Model_2
15085,11906.0087890625,4153.562820343068,7139.945139471587,2,30,Model_2
15086,7236.63818359375,3952.133833941538,7142.526176918967,6,8,Model_2
15087,11738.9482421875,4187.778538410785,7146.198485195113,0,2,Model_2
15088,1557.9075927734375,4077.8665858416352,7140.306894514855,1,1,Model_2
15089,2388.80029296875,4221.10813704785,7143.885231266089,0,4,Model_2
15090,12921.5615234375,4128.521315393737,7160.842498919286,2,15,Model_2
15091,2726.0029296875,4238.171805190621,7151.7212553039135,0,0,Model_2
15092,6900.11279296875,4095.9719621774275,7159.5858947309025,2,10,Model_2
15093,6194.96484375,3970.4896253268234,7163.47228851117,0,5,Model_2
15094,7982.91455078125,3950.6852012930904,7174.059629225725,2,0,Model_2
15095,9268.533203125,4027.4305091360584,7172.282295609824,0,5,Model_2
15096,4114.27001953125,4161.761611605063,7169.673702602508,1,8,Model_2
15097,8849.484375,4063.119256906677,7181.6102059247205,1,9,Model_2
15098,3361.148193359375,4188.135287791956,7179.2142853158875,0,8,Model_2
15099,7490.0830078125,4245.187109150691,7183.793807411479,3,31,Model_2
15100,1686.2720947265625,4207.9990933355875,7177.1847123436455,0,1,Model_2
15101,15223.228515625,4133.542505393503,7191.6107545231935,1,11,Model_2
15102,1106.9097900390625,4172.207233485766,7181.315926675656,0,2,Model_2
15103,6744.51806640625,4219.057403508341,7195.170014348318,1,20,Model_2
15104,2297.845458984375,3974.0976274553686,7189.193284053385,0,1,Model_2
15105,14110.3994140625,4102.468483489007,7209.229708891275,4,14,Model_2
15106,1801.3160400390625,4174.536001381697,7196.97137076006,1,4,Model_2
15107,8023.94970703125,4254.046462170081,7208.045173090417,1,32,Model_2
15108,5558.04248046875,4192.659790588776,7213.934997388627,2,10,Model_2
15109,10629.1552734375,3956.951101391809,7229.521199296782,0,4,Model_2
15110,2909.51513671875,4076.5841293565463,7220.46849130484,2,18,Model_2
15111,5192.29052734375,3982.3152919104323,7226.640936730604,2,7,Model_2
15112,6745.95751953125,4260.21201212029,7234.686806955637,6,23,Model_2
15113,17497.4921875,4015.6366047554184,7254.172473871207,1,3,Model_2
15114,2870.357177734375,4245.602319398196,7244.6280051173235,0,12,Model_2
15115,9000.0302734375,4152.258728734218,7258.1069132431585,2,18,Model_2
15116,5717.99365234375,4044.0467445065733,7262.494252972014,2,7,Model_2
15117,6433.4208984375,3962.516391738085,7266.308578364755,1,11,Model_2
15118,6234.60107421875,4206.7553038802,7265.895598242118,0,3,Model_2
15119,2297.005615234375,4280.163739124313,7266.284908845322,1,4,Model_2
15120,4740.88623046875,4180.822155638831,7271.344886857754,3,20,Model_2
15121,3190.310791015625,4229.164688879158,7271.548020793183,2,6,Model_2
15122,8002.79736328125,3955.456436565146,7286.551669902168,0,5,Model_2
15123,6229.984375,3924.213476566598,7279.136751344398,0,1,Model_2
15124,1073.000244140625,4168.746994649293,7279.055497770227,0,1,Model_2
15125,1535.0472412109375,4270.93244610494,7277.806665662851,1,6,Model_2
15126,1550.4764404296875,3998.4247129987925,7279.269229997939,0,4,Model_2
15127,2222.481201171875,4215.191621181788,7281.95095122201,2,2,Model_2
15128,8341.1591796875,3985.3658443607856,7300.747022586351,0,5,Model_2
15129,2928.36669921875,4016.627677552402,7289.638599167869,1,1,Model_2
15130,1874.636474609375,4158.599200961646,7286.0567296525405,2,1,Model_2
15131,5240.875,4283.822376648895,7308.768516739132,2,2,Model_2
15132,12052.888671875,4025.539046933176,7323.4983766308,2,13,Model_2
15133,4171.5634765625,3954.990590921603,7315.544358272222,0,0,Model_2
15134,325.3056945800781,3994.507374632638,7314.072608750488,0,1,Model_2
15135,5058.8564453125,3935.0899596353993,7325.011459492438,0,0,Model_2
15136,1965.833740234375,4050.3955025260802,7323.537590312248,1,3,Model_2
15137,2532.990966796875,4302.949207019294,7334.844555072836,3,15,Model_2
15138,4104.3837890625,4134.700214675628,7339.73248747387,0,11,Model_2
15139,13973.1298828125,3949.184091961477,7348.58983361139,0,3,Model_2
15140,2546.42578125,4020.6186674037017,7365.081836233352,1,9,Model_2
15141,3201.709228515625,4017.4511932206806,7396.63436546622,1,1,Model_2
15142,3338.5927734375,4398.797408499988,7008.575067303813,4,0,Model_2
15143,23036.763671875,4510.7412214155775,7044.922263965622,33,8,Model_2
15144,8075.54931640625,4447.594739661086,7031.464199147944,7,1,Model_2
15145,17749.224609375,4321.530556077836,7065.117309911351,6,46,Model_2
15146,8356.0654296875,4465.156015650369,7055.48911464843,13,0,Model_2
15147,10885.69921875,4432.962030849885,7060.633878999128,7,13,Model_2
15148,6749.3427734375,4354.813662214903,7060.710893256386,4,12,Model_2
15149,14270.3291015625,4458.480429165531,7088.699923347216,10,4,Model_2
15150,3879.114013671875,4380.135042807786,7077.459374551603,1,5,Model_2
15151,3305.30908203125,4476.927824585466,7071.068957581214,11,1,Model_2
15152,5590.3095703125,4494.6092445598915,7076.548274691653,17,2,Model_2
15153,7550.37451171875,4514.336794856004,7085.173871504579,6,0,Model_2
15154,3803.063720703125,4535.350023889681,7079.3974489338,14,3,Model_2
15155,1464.4677734375,4420.267737063346,7077.319830369874,1,2,Model_2
15156,2437.0,4348.469047091436,7084.763717593218,1,4,Model_2
15157,1895.0162353515625,4364.367180481786,7084.519603594294,2,13,Model_2
15158,2544.320068359375,4413.595833152765,7089.014339351619,0,2,Model_2
15159,7085.4404296875,4551.425841487944,7102.594284530554,8,0,Model_2
15160,2468.903076171875,4399.981356123695,7091.772721556539,1,0,Model_2
15161,4266.1630859375,4313.109429395059,7100.133007785975,2,15,Model_2
15162,6242.94091796875,4432.935792508302,7105.59607418158,3,18,Model_2
15163,1071.5389404296875,4375.160805629799,7094.016380032903,1,5,Model_2
15164,5210.66748046875,4531.3967804245185,7105.166843344108,9,0,Model_2
15165,12552.9697265625,4494.33995631733,7115.466263784969,14,0,Model_2
15166,6930.482421875,4414.417507533915,7114.571414639853,4,17,Model_2
15167,5193.14111328125,4518.188767529093,7117.824030541582,9,0,Model_2
15168,2023.709228515625,4302.6550614004955,7112.1949242335395,0,7,Model_2
15169,4568.33203125,4460.705624660477,7112.32104391171,5,5,Model_2
15170,3776.901611328125,4545.265355077339,7125.911234106519,39,0,Model_2
15171,1643.7835693359375,4321.853241647128,7125.2714505290205,0,3,Model_2
15172,5256.990234375,4480.576335030841,7135.538369540212,6,1,Model_2
15173,8515.90234375,4457.403736517066,7136.202529189963,2,1,Model_2
15174,9345.8681640625,4426.885323003633,7140.422769177152,2,8,Model_2
15175,15557.478515625,4559.22139086877,7162.817667324474,44,0,Model_2
15176,4727.41064453125,4533.114240993746,7140.170176544401,15,1,Model_2
15177,3539.33203125,4320.358576820465,7139.710917212127,1,12,Model_2
15178,6324.83154296875,4373.4507102090865,7147.692844407051,5,30,Model_2
15179,5302.19189453125,4577.37325970456,7161.423991889227,20,1,Model_2
15180,9444.759765625,4531.47181287501,7160.401963236713,36,0,Model_2
15181,8189.31396484375,4498.103086886462,7153.708081830613,13,0,Model_2
15182,2849.8115234375,4326.53839674592,7155.860594993341,0,3,Model_2
15183,3864.1318359375,4473.8657640905585,7157.2595695747295,8,2,Model_2
15184,5003.56591796875,4450.454718893627,7160.8082311075705,1,12,Model_2
15185,8644.2607421875,4348.241187809268,7170.976939276938,1,11,Model_2
15186,3879.4384765625,4369.031160778599,7170.603172835748,1,1,Model_2
15187,4323.30322265625,4513.492564707529,7171.052540428558,6,1,Model_2
15188,15340.4384765625,4278.0840053125285,7175.6815212214715,0,22,Model_2
15189,8283.484375,4408.249195653014,7178.40316267981,2,8,Model_2
15190,15803.4833984375,4503.7553780495655,7196.0178777309775,19,4,Model_2
15191,12460.6708984375,4441.011217532679,7185.53934615053,2,13,Model_2
15192,3814.41552734375,4471.126849486725,7181.9836190895,2,12,Model_2
15193,4968.2109375,4528.925773097901,7194.136680850701,3,0,Model_2
15194,3115.10009765625,4545.078464433784,7191.120053590479,4,1,Model_2
15195,935.04248046875,4322.5883755332325,7191.586731727351,0,7,Model_2
15196,2703.857177734375,4344.191276769852,7200.764852844644,0,1,Model_2
15197,6074.49755859375,4584.983299407177,7201.3961577883165,30,1,Model_2
15198,270.9503173828125,4311.2847138505895,7192.926355871954,1,0,Model_2
15199,3253.684326171875,4477.291939115152,7199.235165991762,8,3,Model_2
15200,4529.20166015625,4372.347779219039,7206.197537469037,1,8,Model_2
15201,5004.04296875,4303.197780781658,7208.901515106903,0,13,Model_2
15202,14995.4833984375,4548.710863616783,7218.890405583865,27,3,Model_2
15203,14842.0302734375,4333.773274196079,7226.772355554916,0,14,Model_2
15204,6309.787109375,4463.423364462331,7217.664889719512,1,8,Model_2
15205,11960.1806640625,4494.409925228218,7226.976549319574,14,7,Model_2
15206,10087.5908203125,4578.482635199558,7236.444003816199,32,2,Model_2
15207,792.2395629882812,4368.887540382566,7224.292001884227,0,0,Model_2
15208,7734.552734375,4283.332133950898,7238.124892972322,1,27,Model_2
15209,5106.1494140625,4522.312330053654,7237.527149287547,6,4,Model_2
15210,4635.9375,4479.61794508039,7244.258477993048,4,10,Model_2
15211,8520.130859375,4542.472582824994,7259.020839314384,12,2,Model_2
15212,4217.8154296875,4607.2025715101045,7256.380098153808,28,0,Model_2
15213,7169.947265625,4516.885596563807,7263.378150548437,4,3,Model_2
15214,8622.490234375,4489.472974114586,7267.386071413552,3,0,Model_2
15215,4918.859375,4566.24313933379,7263.574218955677,10,0,Model_2
15216,1737.038330078125,4250.219346873229,7263.890754618536,1,6,Model_2
15217,15431.650390625,4413.926804514136,7271.59430000282,2,14,Model_2
15218,3908.681884765625,4467.655102605699,7266.89996307416,1,2,Model_2
15219,4606.48974609375,4589.023543689167,7269.7226415855985,6,0,Model_2
15220,1888.3021240234375,4368.6191727835685,7269.179302467877,1,2,Model_2
15221,4068.790283203125,4552.04175203247,7282.533857297589,9,0,Model_2
15222,10009.7568359375,4524.064314756542,7293.426782106311,3,4,Model_2
15223,10823.486328125,4494.060540995561,7297.6268853381625,6,1,Model_2
15224,4262.373046875,4580.451431461843,7290.179112074315,13,0,Model_2
15225,8828.5458984375,4316.1806963256095,7308.644516719418,2,22,Model_2
15226,10526.3984375,4538.607260820223,7311.664323467325,4,0,Model_2
15227,4608.482421875,4582.545895570656,7312.368756627751,21,0,Model_2
15228,8985.1640625,4499.157223767601,7327.102855836332,2,0,Model_2
15229,4149.46875,4617.578224479919,7318.116917085776,59,1,Model_2
15230,4478.0078125,4555.499689260032,7327.764895827626,5,0,Model_2
15231,2574.350830078125,4594.569960842375,7330.212041515828,10,0,Model_2
15232,3612.3056640625,4574.030863244319,7333.698173124198,6,0,Model_2
15233,15716.416015625,4360.435111818602,7345.170471244404,3,18,Model_2
15234,4541.4951171875,4522.753778642742,7337.459507055522,0,0,Model_2
15235,5486.529296875,4480.239379486302,7345.953331767727,8,0,Model_2
15236,3487.8896484375,4310.817947563482,7352.344102014526,3,7,Model_2
15237,1789.738525390625,4329.702648676466,7356.30786332846,1,4,Model_2
15238,1275.468505859375,4555.3072747550905,7364.417323307192,0,0,Model_2
15239,7744.142578125,4378.809776396956,7369.8093811445,0,28,Model_2
15240,5275.47607421875,4627.50046049431,7367.46857165554,38,1,Model_2
15241,3289.9453125,4567.582215398084,7374.772561420745,13,0,Model_2
15242,8043.58935546875,4507.806670054328,7378.545200197172,2,1,Model_2
15243,5919.6318359375,4572.391197056277,7394.332769658708,48,0,Model_2
15244,7389.93408203125,4539.356664681574,7394.024359353265,7,1,Model_2
15246,3396.686279296875,4602.983262054855,7233.1634790781245,20,1,Model_2
15247,7676.54296875,4608.537044356577,7295.932218402071,25,0,Model_2
15248,6934.7607421875,5269.635076627834,7043.500326417619,3,0,Model_2
15249,10962.4140625,5293.427268260391,7057.755382814998,12,2,Model_2
15250,8431.0439453125,5242.816269277595,7069.149606848718,1,0,Model_2
15251,3319.798583984375,5250.051607049536,7096.477303501073,1,2,Model_2
15252,2833.559814453125,5258.980928979814,7107.609749715397,1,2,Model_2
15253,4964.10107421875,5237.865508510498,7114.845910409989,1,2,Model_2
15254,14297.1787109375,5292.01408038917,7131.479576872138,1,3,Model_2
15255,11697.8271484375,5229.200411283178,7142.778769551718,2,1,Model_2
15257,15605.6005859375,5257.834267420461,7166.057918551873,8,3,Model_2
15258,6210.373046875,5213.468454056187,7170.660403614078,1,2,Model_2
15259,5103.8388671875,5236.008570441278,7181.3805762585835,3,0,Model_2
15261,22919.716796875,5192.886546532391,7200.198904036719,0,1,Model_2
15262,942.9083862304688,5298.395060933428,7185.221750658442,1,0,Model_2
15263,3338.861572265625,5255.95155133144,7192.83379745268,1,0,Model_2
15264,2984.554443359375,5240.443310490577,7202.480009812483,3,0,Model_2
15265,11309.38671875,5263.560670390492,7217.67230852411,9,0,Model_2
15266,6776.60302734375,5220.55280628358,7220.163260487083,2,0,Model_2
15267,413.84661865234375,5286.198374993401,7208.839691735251,0,0,Model_2
15268,13724.787109375,5167.779215568211,7239.300596862944,0,1,Model_2
15269,2732.11328125,5239.799780639121,7218.7607531416,4,0,Model_2
15270,9153.7763671875,5239.23818806489,7244.401554938871,9,0,Model_2
15271,4574.02294921875,5215.676157323411,7258.992577201629,8,0,Model_2
15272,7767.39306640625,5260.451196752023,7265.149831741786,2,2,Model_2
15273,7513.66845703125,5239.505174698541,7282.20425040758,7,0,Model_2
15274,5950.82470703125,5217.963035937166,7281.713196198456,1,0,Model_2
15275,14264.8662109375,5184.438260864466,7280.707418260776,5,1,Model_2
15277,16183.6357421875,5263.966674202355,7304.996584515524,3,1,Model_2
15278,14724.673828125,5189.660151161253,7310.835537010775,3,0,Model_2
15279,5594.61181640625,5225.37191502098,7319.123401576275,25,0,Model_2
15280,1145.18505859375,5243.73507155478,7316.350535038568,2,1,Model_2
15281,3032.341064453125,5241.120904153911,7331.0069134370715,4,0,Model_2
15282,5655.8974609375,5260.650055761915,7345.5866308547265,1,0,Model_2
15283,2780.076904296875,5237.841111456044,7344.541992512008,5,0,Model_2
15284,7546.3828125,5283.669367122231,7352.754962478706,1,1,Model_2
15285,556.9589233398438,5207.406016185181,7404.068360950099,0,0,Model_2
15286,5097.53466796875,5260.716802420327,7011.869369821856,0,0,Model_2
15287,2794.82763671875,5506.084423572291,7004.917949913273,0,0,Model_2
15288,10152.9599609375,5311.861314348644,7024.490522825567,13,1,Model_2
15289,15386.5703125,5339.758655634476,7030.253167616378,2,1,Model_2
15290,14574.7529296875,5386.047693404602,7020.000732937973,0,5,Model_2
15291,4168.3701171875,5533.3759813928045,7008.854862220091,0,1,Model_2
15292,6281.619140625,5550.998940500896,7016.83961562629,2,22,Model_2
15293,6979.548828125,5617.708312849281,7023.394306127069,4,9,Model_2
15294,365.71575927734375,5635.272811091039,7016.011535722559,0,0,Model_2
15295,7856.37451171875,5567.159917628858,7030.543560824939,0,14,Model_2
15296,42359.2578125,5526.027864784235,7053.759473347804,2,68,Model_2
15297,4268.47216796875,5589.66597020207,7024.7176795568375,1,2,Model_2
15298,10695.08203125,5620.234558789758,7051.620384688635,0,3,Model_2
15299,11721.8525390625,5411.637441596482,7059.275884481234,2,4,Model_2
15300,7981.23486328125,5587.956335103139,7050.994732167514,1,20,Model_2
15301,2255.8232421875,5314.3175913782325,7053.264886374585,0,1,Model_2
15302,8382.8564453125,5571.51410136628,7074.531419670151,2,11,Model_2
15303,2881.578857421875,5269.870301058516,7063.136135807203,3,1,Model_2
15304,22614.58203125,5332.60341385263,7080.83952323714,2,2,Model_2
15305,12240.765625,5601.514652874786,7079.636263786582,1,13,Model_2
15306,16176.916015625,5442.657145530684,7095.287115277664,2,25,Model_2
15307,12312.53515625,5275.372527320636,7086.087091022986,8,2,Model_2
15308,9280.51953125,5397.819502339698,7084.073768765578,0,3,Model_2
15309,2446.83447265625,5370.494341029087,7079.446907631122,0,1,Model_2
15310,13100.15625,5476.754100578604,7095.254613847996,0,13,Model_2
15311,21381.984375,5512.010606195778,7106.305099935329,2,30,Model_2
15312,8694.6748046875,5547.001506144647,7101.737235961249,2,12,Model_2
15313,13458.7509765625,5374.282789296238,7114.33931203885,2,5,Model_2
15314,4332.27392578125,5578.771074261982,7102.197908399161,0,5,Model_2
15315,10168.4716796875,5317.904879026581,7107.583607261098,2,0,Model_2
15316,25094.771484375,5406.555028799688,7132.235235111933,3,16,Model_2
15317,3724.287109375,5275.8300871721,7110.915003802133,3,2,Model_2
15318,5783.23046875,5351.089476302266,7119.180965230247,2,1,Model_2
15319,9178.5478515625,5557.070584807545,7123.453843402443,0,13,Model_2
15320,4659.48828125,5595.183847404784,7115.714970377216,0,8,Model_2
15321,14953.02734375,5611.723209037678,7139.488353074179,2,35,Model_2
15322,18720.251953125,5469.734193400713,7135.4069507159,2,41,Model_2
15323,2747.324462890625,5581.006857157918,7124.698082916497,0,1,Model_2
15324,6239.25830078125,5263.298286974663,7129.847793136927,3,0,Model_2
15325,2895.088623046875,5327.524683630094,7128.796442542429,0,0,Model_2
15326,8746.8408203125,5540.718113818206,7144.5430319404695,0,16,Model_2
15327,11380.6376953125,5586.051063246792,7156.431136394589,3,13,Model_2
15328,22077.05078125,5509.476074463222,7161.596744053444,3,35,Model_2
15329,1877.0819091796875,5337.812415139517,7142.426552971505,0,1,Model_2
15330,962.8424072265625,5347.44925164897,7140.874609704828,0,0,Model_2
15331,4732.05224609375,5349.264300436014,7155.163933913922,0,1,Model_2
15332,7159.916015625,5321.017574917525,7151.767181237141,0,1,Model_2
15333,17545.109375,5367.697425880702,7177.508313534694,0,47,Model_2
15334,30896.087890625,5433.554742610315,7183.898377228674,5,82,Model_2
15335,11167.1748046875,5541.834394139936,7177.097099794104,2,17,Model_2
15336,20435.740234375,5479.593365330948,7185.699380364007,2,27,Model_2
15337,10841.4912109375,5560.549236515304,7191.671518065617,2,16,Model_2
15338,9759.873046875,5395.370130136842,7184.150616585015,1,19,Model_2
15339,4522.3505859375,5587.8541436675005,7189.2540475958085,0,20,Model_2
15340,942.6921997070312,5287.02419227059,7190.601797097828,0,0,Model_2
15341,5555.19970703125,5334.250445189187,7198.747291270323,1,6,Model_2
15342,368.82769775390625,5279.028863236308,7194.211575449503,0,0,Model_2
15343,12473.44140625,5310.774494620971,7209.981481090566,0,4,Model_2
15344,10165.021484375,5580.596710450016,7213.077948819322,2,23,Model_2
15345,8592.8837890625,5531.903412011685,7213.029196674819,0,9,Model_2
15346,11849.1298828125,5348.24100511428,7221.106861776701,0,14,Model_2
15347,11484.9765625,5394.192627018085,7223.275625654263,0,16,Model_2
15348,6715.88330078125,5371.461016771616,7220.442348850542,1,7,Model_2
15349,15482.375,5469.864924786845,7223.476993207645,0,35,Model_2
15350,20923.8203125,5509.881617953302,7235.891832788242,3,51,Model_2
15351,13978.494140625,5296.209453111747,7238.508551152976,3,0,Model_2
15352,8033.50390625,5607.792061018059,7230.767911745701,2,10,Model_2
15353,6360.5576171875,5626.568126190454,7231.715752352233,2,6,Model_2
15354,15863.2509765625,5553.3562483473215,7241.894352261064,3,23,Model_2
15355,13812.8056640625,5424.654881274095,7233.275114423508,2,16,Model_2
15356,5672.36767578125,5585.818600746803,7240.427901885472,1,18,Model_2
15357,5207.35693359375,5273.18139563757,7244.119993640546,1,2,Model_2
15358,9752.72265625,5329.55148043693,7249.006159659533,2,6,Model_2
15359,13820.447265625,5446.4483557285275,7261.813842607429,0,24,Model_2
15360,19343.673828125,5369.62847575685,7261.687369652849,1,24,Model_2
15361,10620.3623046875,5478.459132459713,7264.14793984461,1,17,Model_2
15362,11833.2509765625,5564.010395995341,7274.367166540527,1,32,Model_2
15363,13898.1201171875,5594.954146835487,7279.612967944326,1,14,Model_2
15364,7584.7822265625,5286.481933211209,7273.18227746326,1,1,Model_2
15365,6385.65625,5320.588094694773,7271.302493688621,1,7,Model_2
15366,7653.90625,5519.551137309289,7280.925036528992,1,9,Model_2
15367,7207.56640625,5416.894316348713,7275.52344022863,0,7,Model_2
15368,11683.634765625,5401.356614913791,7295.023944753397,0,4,Model_2
15369,9250.76953125,5301.065847913502,7293.741551387124,2,1,Model_2
15370,11276.0576171875,5362.564838009654,7292.151454268227,1,14,Model_2
15371,20089.96484375,5467.175264613703,7303.197347762238,2,46,Model_2
15372,9230.5703125,5320.375426031416,7306.992596228869,0,1,Model_2
15373,9874.400390625,5435.842541867634,7308.881211913744,2,8,Model_2
15374,13420.4189453125,5557.135490178829,7307.3080720625,2,23,Model_2
15375,5941.71142578125,5337.839113802882,7311.120631073194,1,5,Model_2
15376,1009.1093139648438,5534.675009462051,7308.424778792745,0,4,Model_2
15377,12577.92578125,5390.110033132136,7322.597168510314,1,5,Model_2
15378,9452.1474609375,5590.300293617882,7323.019687096006,2,19,Model_2
15379,5093.65673828125,5359.229346376145,7321.89132224425,1,9,Model_2
15380,5940.48486328125,5296.936301205773,7327.745112348697,2,1,Model_2
15381,13958.5146484375,5426.390294392826,7338.884977367619,0,17,Model_2
15382,5144.76025390625,5514.4259145867545,7342.121695830923,0,4,Model_2
15383,8482.2265625,5341.669451352209,7339.332578578382,0,3,Model_2
15384,15224.6220703125,5559.565068545053,7343.772203215834,5,20,Model_2
15385,27842.234375,5465.118086569244,7358.344501828891,4,54,Model_2
15386,7757.82958984375,5317.111744595924,7346.234539789642,0,0,Model_2
15387,15482.1748046875,5584.790702207247,7362.740320191573,0,39,Model_2
15388,6376.4443359375,5357.973588554421,7363.739739153883,0,0,Model_2
15389,14340.2666015625,5402.30395714147,7372.7627719274315,7,10,Model_2
15390,24593.994140625,5516.19631216093,7370.276059281372,4,55,Model_2
15391,9197.328125,5308.170914621092,7368.961871038249,0,0,Model_2
15392,1811.54638671875,5557.213744881796,7368.8604807087395,0,1,Model_2
15393,5539.6328125,5304.832200735109,7389.262546630402,3,1,Model_2
15394,4239.1181640625,5610.167321413988,7009.845095995755,1,9,Model_2
15395,7006.11328125,5867.586627144599,7019.234123129485,66,0,Model_2
15396,4072.61328125,5768.901922842255,7020.202453767764,0,0,Model_2
15397,12931.451171875,5878.423062218353,7049.165820195834,62,5,Model_2
15398,14206.6748046875,5649.267053590389,7044.13269119052,2,5,Model_2
15399,7907.55322265625,5762.134272000985,7041.344280490797,2,1,Model_2
15400,702.5738525390625,5690.742506484501,7036.481783991243,1,0,Model_2
15401,16220.3857421875,5720.166274799965,7054.646550411911,3,1,Model_2
15402,2698.429443359375,5819.413952641888,7041.844519886567,1,0,Model_2
15403,731.7283935546875,5696.479496855522,7042.775403225445,0,0,Model_2
15404,4564.96630859375,5898.252803950105,7057.841935535311,36,2,Model_2
15405,8037.4765625,5851.600111972075,7070.918461830792,13,0,Model_2
15406,2429.410400390625,5692.195282028988,7062.731281041983,1,0,Model_2
15407,4783.419921875,5739.15362767037,7071.606290999975,1,0,Model_2
15408,14191.6318359375,5666.1001005203,7080.9716486142715,2,14,Model_2
15409,4197.74072265625,5937.709745829459,7075.199465360405,16,0,Model_2
15410,11369.5146484375,5764.138513040496,7079.423944664508,2,4,Model_2
15411,4205.7998046875,5693.711581979413,7081.085050341702,1,4,Model_2
15412,5460.849609375,5887.500607762486,7080.138269564399,34,0,Model_2
15413,16103.474609375,5630.555433467496,7094.11317776909,1,32,Model_2
15414,5999.63037109375,5801.5203243258875,7088.02693178723,2,1,Model_2
15415,4464.90185546875,5910.762508701999,7086.240766261093,34,0,Model_2
15416,4602.96875,5709.994084057864,7090.08935946555,1,0,Model_2
15417,6937.28466796875,5870.789085783064,7105.660370488098,0,0,Model_2
15418,2050.90869140625,5887.748721203068,7095.882386027573,10,0,Model_2
15419,2380.946044921875,5745.444385145325,7099.834489219997,0,1,Model_2
15420,7308.849609375,5782.971658113878,7109.766855471447,1,0,Model_2
15421,4046.65673828125,5917.905782117508,7105.854672513291,42,1,Model_2
15422,23770.150390625,5693.84967851406,7122.701364650333,3,47,Model_2
15423,5787.45849609375,5897.73310065805,7108.290513356391,31,2,Model_2
15424,11811.392578125,5730.100479180692,7119.910481015744,3,12,Model_2
15425,5219.6826171875,5760.919482817873,7112.4309128750465,1,3,Model_2
15426,5928.80419921875,5952.893920135684,7114.140770696744,24,0,Model_2
15427,3392.109619140625,5806.2841944494285,7112.827995559259,0,0,Model_2
15428,4604.66064453125,5851.57985781366,7116.971927842009,2,0,Model_2
15429,14445.3701171875,5641.523520570947,7129.549981123768,0,30,Model_2
15430,10414.642578125,5796.937360662734,7133.865959017916,2,5,Model_2
15431,5555.3916015625,5758.706255689263,7133.479827902396,2,7,Model_2
15432,1933.1123046875,5922.2268226866145,7128.5777644449845,21,0,Model_2
15433,5682.3046875,5870.278588926652,7134.785890788102,1,1,Model_2
15434,17359.0703125,5672.702956163557,7151.974201213074,2,41,Model_2
15435,3552.065185546875,5914.2195252859965,7140.676421639131,33,0,Model_2
15436,4168.02294921875,5895.429650460137,7144.660319708404,3,0,Model_2
15437,4276.2958984375,5931.39044840401,7148.422006916138,49,1,Model_2
15438,13639.9931640625,5754.238832793431,7160.690236786817,1,25,Model_2
15439,4275.1318359375,5783.234962173272,7150.956058601063,0,7,Model_2
15440,16820.3046875,5718.783468166366,7168.570420375821,0,20,Model_2
15441,4057.239013671875,5822.430441280361,7151.445699704549,0,0,Model_2
15442,5192.51416015625,5852.039258952253,7153.727865309542,1,0,Model_2
15443,3857.6044921875,5878.0248838767875,7153.631774126174,0,0,Model_2
15444,3533.04443359375,5805.091040390078,7159.141473007825,0,5,Model_2
15445,4020.0400390625,5836.936101279687,7163.226054853789,2,1,Model_2
15446,8945.0576171875,5958.38233674434,7162.319547587162,71,0,Model_2
15447,7442.001953125,5905.059582142858,7164.797075046576,14,1,Model_2
15448,11515.4638671875,5620.606959111523,7175.626763378008,1,7,Model_2
15449,12109.029296875,5653.951748367399,7181.552975146391,6,28,Model_2
15450,15543.37890625,5772.7313397480175,7194.924487243756,1,38,Model_2
15451,12599.6787109375,5800.015072098235,7187.83599608831,2,30,Model_2
15452,7571.4033203125,5852.998569546267,7183.063231796754,0,1,Model_2
15453,6694.24560546875,5875.584257787792,7180.101009103586,3,0,Model_2
15454,2336.921630859375,5817.581411627121,7171.84246648007,0,0,Model_2
15455,9357.166015625,5678.4068033662625,7197.508704178821,1,41,Model_2
15456,4596.95947265625,5828.874946230557,7184.132599488134,2,0,Model_2
15457,2844.989013671875,5904.619514519116,7181.538490813604,0,1,Model_2
15458,14603.1630859375,5742.310974774184,7205.115805103327,3,29,Model_2
15459,3954.594970703125,5694.177427622955,7189.84790524008,0,10,Model_2
15460,2978.1240234375,5921.048859246075,7189.767004942318,5,0,Model_2
15461,5839.05615234375,5906.49210352893,7202.702927226841,1,0,Model_2
15462,4527.6884765625,5953.125461992109,7200.1981974839,20,1,Model_2
15463,9021.197265625,5617.9495214631315,7201.566083741258,3,3,Model_2
15464,23002.7578125,5711.258587993449,7223.907283874345,3,34,Model_2
15465,6102.3291015625,5834.779493730282,7206.923873766849,3,3,Model_2
15466,4524.314453125,5876.694093604572,7207.932124639396,1,0,Model_2
15467,4617.80859375,5929.794973107055,7208.392443800898,2,1,Model_2
15468,6891.42529296875,5855.569006377831,7215.388023260661,0,1,Model_2
15469,14567.455078125,5653.685682377312,7220.6101551450265,2,20,Model_2
15470,9170.021484375,5810.996508533368,7221.212491423124,1,16,Model_2
15471,10147.6083984375,5771.550614376785,7230.814897508157,1,23,Model_2
15472,5781.7099609375,5864.005323679419,7235.729325639899,3,0,Model_2
15473,3201.357666015625,5903.684600979555,7231.437017265183,2,1,Model_2
15474,3934.801513671875,5838.742864274653,7232.769222605188,0,0,Model_2
15475,6177.53662109375,5925.577504938934,7241.037303691759,1,0,Model_2
15476,9162.123046875,5685.819825346116,7245.836210437614,4,25,Model_2
15477,10107.779296875,5960.22638580366,7249.10331067213,59,2,Model_2
15478,10892.20703125,5778.129993609153,7249.076461665012,2,29,Model_2
15479,4885.97265625,5833.941247764975,7247.943504219933,2,2,Model_2
15480,1289.4503173828125,5737.44399257144,7243.931697314314,0,2,Model_2
15481,4093.38916015625,5888.176360138692,7249.663607057504,1,0,Model_2
15482,1964.0958251953125,5643.150297749089,7257.965955955791,1,19,Model_2
15483,3128.8212890625,5904.439528702293,7249.67879794311,1,0,Model_2
15484,10512.4755859375,5663.0610561145,7275.792283576215,2,13,Model_2
15485,9591.6416015625,5788.2354376928415,7264.923381563334,2,35,Model_2
15486,6904.0,5724.073486086912,7274.806289117463,0,2,Model_2
15487,6729.86474609375,5852.777615090832,7270.203097502439,1,0,Model_2
15488,5857.98828125,5818.033447617199,7274.727861754567,0,6,Model_2
15489,2325.175537109375,5929.9408951119985,7262.7468456047645,0,0,Model_2
15490,5451.7255859375,5692.823621261632,7268.379837953311,0,6,Model_2
15491,3174.53271484375,5872.06233583251,7266.602151061001,0,0,Model_2
15492,2369.23388671875,5836.466573061887,7262.98354079909,2,1,Model_2
15493,771.6571044921875,5951.835640358506,7271.0050349518715,1,0,Model_2
15494,1144.514892578125,5745.0549529176205,7276.64297317015,0,2,Model_2
15495,2912.03955078125,5886.797696401132,7279.004625967267,0,2,Model_2
15496,2966.723876953125,5770.128680391703,7277.209628530894,1,7,Model_2
15497,4360.650390625,5832.946492393734,7285.145983069,2,4,Model_2
15498,4726.341796875,5795.80957229645,7284.982416091429,1,13,Model_2
15499,3449.55126953125,5900.258886276744,7287.9718410681235,0,0,Model_2
15500,5392.01806640625,5863.427619842812,7290.024377006979,0,0,Model_2
15501,3417.080810546875,5913.340771003859,7291.262257545663,3,0,Model_2
15502,2115.382568359375,5711.546289107297,7291.3597618346685,0,2,Model_2
15503,1442.3284912109375,5774.027145564789,7286.647054532717,0,4,Model_2
15504,16025.15234375,5638.256156561198,7306.255661638774,3,20,Model_2
15505,5066.06787109375,5681.143416361185,7293.2653347871965,0,14,Model_2
15506,8319.73046875,5888.906430485193,7306.052527703345,2,2,Model_2
15507,5448.8994140625,5836.515827492578,7302.891410391661,2,3,Model_2
15508,5709.44287109375,5925.964175235946,7307.6306134243205,1,0,Model_2
15509,4296.693359375,5974.535948723787,7304.779672800127,24,0,Model_2
15510,7498.48828125,5801.720103979344,7303.744926196872,0,14,Model_2
15511,8675.1982421875,5611.017996067414,7314.411400827143,0,23,Model_2
15512,10610.912109375,5669.624324084492,7321.804769523937,3,17,Model_2
15513,5200.15185546875,5863.094346872531,7311.441406052967,1,1,Model_2
15514,8402.2060546875,5786.9437747721095,7320.382478699525,1,15,Model_2
15515,2501.72314453125,5908.425915335771,7314.747719968931,2,4,Model_2
15516,2257.827880859375,5941.087126745144,7317.776358627074,6,0,Model_2
15517,1820.53955078125,5827.1920097949915,7316.578751599067,0,1,Model_2
15518,2565.13232421875,5851.1232186057605,7325.571755877812,0,2,Model_2
15519,703.31884765625,5815.449661453953,7319.369635233656,0,3,Model_2
15520,5063.10986328125,5835.562501081731,7330.076030098193,1,2,Model_2
15521,6297.7138671875,5870.450749273179,7332.16566006004,0,1,Model_2
15522,8427.904296875,5705.475565444212,7338.151222265209,0,6,Model_2
15523,3234.872802734375,5888.935891079251,7331.021397769859,0,0,Model_2
15524,6317.58544921875,5920.075738998596,7338.389683841582,2,2,Model_2
15525,6037.89453125,5814.237173879752,7337.0355753641925,0,22,Model_2
15526,363.5354309082031,5908.69888615259,7328.128770529351,0,0,Model_2
15527,12882.9443359375,5654.947884703986,7353.251315833972,0,17,Model_2
15528,1864.8499755859375,5901.2103714004625,7339.482014499576,2,0,Model_2
15529,11536.30859375,5777.444114153739,7349.0777083328285,2,10,Model_2
15530,3321.150146484375,5980.443258154206,7344.442015288136,8,0,Model_2
15531,6502.375,5843.643910289276,7351.380363969569,1,0,Model_2
15532,3842.1171875,5892.844483331544,7355.491088269831,1,2,Model_2
15533,6152.59765625,5865.707133308053,7361.750792968727,1,2,Model_2
15534,6064.98828125,5817.770143557806,7364.113152318663,4,6,Model_2
15535,742.8526611328125,5906.284498405177,7353.300774531293,0,0,Model_2
15536,10928.0888671875,5752.612976258853,7369.993791430228,0,12,Model_2
15537,1579.209716796875,5612.697249928722,7365.192058473098,0,2,Model_2
15538,11125.67578125,5628.948450125987,7374.687421806069,3,20,Model_2
15539,5022.7568359375,5907.003981350688,7370.392287220078,1,0,Model_2
15540,4003.443359375,5792.603431083728,7371.681392838131,0,2,Model_2
15541,6522.251953125,5834.804811428301,7378.418020689773,1,1,Model_2
15542,7597.94677734375,5685.920175494626,7388.202010849258,0,3,Model_2
15543,9404.2431640625,5799.289144647773,7391.605829054228,1,7,Model_2
15544,840.9871215820312,5590.228483419865,7404.003004814353,0,1,Model_2
15545,525.4246215820312,5677.528509405907,7403.095084442088,0,1,Model_2
15546,4987.12890625,5943.561356324237,7095.876380328613,15,0,Model_2
15547,4330.7109375,5937.827127883909,7125.363655671885,56,0,Model_2
15548,5672.55419921875,5963.788816075772,7137.397310006694,30,0,Model_2
15549,2424.01318359375,5946.565876596374,7147.084502429992,20,0,Model_2
15550,6334.1533203125,5971.831097931834,7183.138126395555,27,0,Model_2
15551,3470.32421875,5935.318374171155,7185.767915987439,26,1,Model_2
15552,2479.1103515625,5949.871447314043,7182.258468136046,34,0,Model_2
15553,5811.92431640625,5978.153617609758,7206.653970590036,24,0,Model_2
15554,9005.4326171875,5953.759325086139,7223.012434729229,53,0,Model_2
15555,13338.427734375,5987.8562801340595,7245.516495287069,134,0,Model_2
15556,6965.74658203125,5969.729728996288,7277.132614273636,82,0,Model_2
15557,6584.44189453125,5991.9628107526805,7291.030154944659,45,1,Model_2
15558,5239.63134765625,5955.688533675158,7295.759819514264,32,0,Model_2
15559,4427.4599609375,5996.868459985126,7315.806136091618,23,0,Model_2
15560,2350.47412109375,5959.311726422515,7316.8044952247,16,1,Model_2
15561,3842.646728515625,5977.950615703827,7324.93444523518,25,1,Model_2
15562,7058.591796875,5956.086712016724,7335.935472625191,23,1,Model_2
15563,4428.033203125,5936.469638948329,7341.161490550061,0,1,Model_2
15564,3902.9287109375,5999.203672386007,7336.148145023675,21,0,Model_2
15565,5809.9990234375,5997.271241544513,7359.736057605682,31,0,Model_2
15566,2866.79736328125,5965.039510357892,7353.953982612351,16,0,Model_2
15567,5635.42431640625,5950.945838353597,7366.174520167755,3,0,Model_2
15568,4489.77490234375,5974.26758112479,7369.750030707713,15,1,Model_2
15570,11210.1962890625,6968.360088999383,7015.596435941465,33,0,Model_2
15571,5729.66064453125,6910.980978853535,7033.970695272932,39,2,Model_2
15572,3858.876953125,6915.450703358278,7055.601456546632,3,0,Model_2
15573,2839.779541015625,6954.202432267368,7060.625753641711,16,0,Model_2
15574,6262.60693359375,6885.720360735897,7072.263738397945,21,0,Model_2
15575,2509.367431640625,6822.169716456672,7069.60992601022,4,1,Model_2
15576,2576.71484375,6957.557717737509,7075.719841511513,6,1,Model_2
15577,4687.6669921875,6833.031469228445,7084.550691918324,25,3,Model_2
15578,8478.3515625,6867.98968633078,7101.378307129256,15,0,Model_2
15579,4337.44873046875,6889.758763730759,7094.466454178531,10,1,Model_2
15580,4842.74853515625,6941.303755609551,7114.708132610307,2,0,Model_2
15581,4931.287109375,6965.3643148411065,7115.5372723432665,1,0,Model_2
15582,4404.0390625,6919.65988573432,7114.860748019186,5,0,Model_2
15583,743.592529296875,6901.790654472774,7110.645100625319,0,0,Model_2
15584,1149.4051513671875,6791.229187869001,7114.789739460888,1,6,Model_2
15585,719.1776733398438,6848.729362643557,7114.835312117706,0,0,Model_2
15586,3345.293701171875,6889.98524204758,7115.073773694079,10,0,Model_2
15587,3720.532470703125,6878.033907617442,7130.034676357522,8,0,Model_2
15588,1373.0726318359375,6782.710472968407,7124.639792308939,1,0,Model_2
15589,8900.51953125,6901.418254151009,7136.402130361297,6,0,Model_2
15590,4518.2412109375,6812.301798412576,7130.821422921348,8,0,Model_2
15591,3582.0224609375,6931.034436971415,7132.942141207226,0,0,Model_2
15592,8655.4228515625,6953.404234297108,7141.295361908473,3,0,Model_2
15593,3822.247802734375,6828.7955881890375,7141.382621181605,0,0,Model_2
15594,20227.259765625,6743.0127827969845,7154.571842651698,13,7,Model_2
15595,1333.923583984375,6792.258927695686,7142.738142764632,3,0,Model_2
15596,1753.4349365234375,6773.547767894575,7143.743214149494,0,0,Model_2
15597,9446.240234375,6927.641405115137,7158.205643799214,7,0,Model_2
15598,9104.5478515625,6814.24481665506,7171.983777043846,15,0,Model_2
15599,3151.802001953125,6784.024231334683,7154.016492136056,14,0,Model_2
15600,5193.63330078125,6766.0017129196785,7168.977748075908,11,0,Model_2
15601,10973.2236328125,6867.68449298921,7184.224451354588,1,0,Model_2
15602,3968.987548828125,6889.764747913927,7169.237052960438,2,0,Model_2
15603,10383.533203125,6842.568876232952,7177.4510827563645,22,0,Model_2
15604,5348.5341796875,6787.45777150779,7171.367309709371,8,0,Model_2
15605,4776.185546875,6909.600473828847,7177.885259463568,2,0,Model_2
15606,8272.33984375,6932.197670114925,7189.23391084047,1,1,Model_2
15607,4768.0,6801.318060368532,7191.561649102281,8,2,Model_2
15608,7426.1767578125,6753.237450222252,7195.519757993665,12,1,Model_2
15609,4832.36279296875,6886.9342292754445,7190.316703035409,2,1,Model_2
15610,12864.1767578125,6724.387703169137,7201.285935548571,21,26,Model_2
15611,6631.4892578125,6781.306951854611,7195.567450308939,16,0,Model_2
15612,5006.6064453125,6902.364215413341,7201.852237632906,2,0,Model_2
15613,10250.7412109375,6835.620318931295,7204.548796466173,8,1,Model_2
15614,13119.115234375,6918.11044261558,7220.8765255577455,1,3,Model_2
15615,9623.28125,6775.127592250938,7221.990406076715,7,0,Model_2
15616,9091.9755859375,6808.908766556298,7222.661984531063,6,0,Model_2
15617,8875.2021484375,6884.1221235082485,7229.138247668947,1,2,Model_2
15618,6946.306640625,6749.093633539276,7229.809472846886,40,4,Model_2
15619,2053.93603515625,6839.357671480626,7225.503739968612,0,1,Model_2
15620,6051.2236328125,6856.357354895677,7241.7904889966885,2,0,Model_2
15621,6821.8125,6785.141892621759,7244.233042091568,7,0,Model_2
15622,3643.21484375,6837.447796406457,7243.589725749975,1,0,Model_2
15623,4873.5869140625,6815.943864353001,7251.006410689792,1,0,Model_2
15624,12122.271484375,6899.572824126342,7258.4972836755915,1,16,Model_2
15625,6404.6982421875,6935.676321822684,7252.882661700336,1,14,Model_2
15626,2643.94189453125,6874.154315637425,7249.18562407553,1,0,Model_2
15627,12256.9892578125,6759.30265002395,7271.690744462598,10,2,Model_2
15628,5965.4296875,6735.789873713162,7262.893808591092,12,3,Model_2
15629,5046.33251953125,6790.998566656141,7263.633922668872,4,0,Model_2
15630,12259.4990234375,6956.9077433811035,7276.0233263479895,2,41,Model_2
15631,4111.52783203125,6841.389531827066,7263.520520941442,0,1,Model_2
15632,11259.28515625,6857.931195068872,7279.219064747798,1,1,Model_2
15633,12230.16015625,6820.925466679502,7279.203873862192,10,0,Model_2
15634,7764.00244140625,6926.076771377586,7279.8256403428095,0,15,Model_2
15635,5959.4267578125,6678.021791661391,7280.058096220222,10,16,Model_2
15636,11972.6064453125,6887.692379250657,7291.500012569217,2,65,Model_2
15637,2029.2635498046875,6798.936815789435,7289.026017873897,0,1,Model_2
15638,10240.6884765625,6732.339761955896,7299.8620651807,11,0,Model_2
15639,5294.7158203125,6696.144660224905,7294.60425237898,7,7,Model_2
15640,3714.21533203125,6779.630459923996,7301.292834638938,1,0,Model_2
15641,6047.33349609375,6760.079212870449,7303.261644068756,3,0,Model_2
15642,11191.013671875,6938.705699471058,7310.062921503326,0,11,Model_2
15643,3113.72119140625,6840.716541381553,7302.934510113613,2,0,Model_2
15644,11998.482421875,6868.240561702056,7328.026673647022,4,9,Model_2
15645,7206.5693359375,6797.624898710288,7317.698637816997,3,0,Model_2
15646,1457.2940673828125,6843.05083313887,7315.533406703529,0,0,Model_2
15647,6352.21728515625,6828.015803090064,7324.1766673369275,1,0,Model_2
15648,5218.0966796875,6717.774720446672,7326.908553811139,9,0,Model_2
15649,4941.02880859375,6768.7489133155905,7326.657374284026,4,0,Model_2
15650,4362.59375,6749.054506187793,7326.868986853282,2,0,Model_2
15651,6666.689453125,6738.397136287298,7343.539394062012,12,1,Model_2
15652,9930.5390625,6796.863526482601,7346.81179344267,5,1,Model_2
15653,1241.40478515625,6886.478050389327,7333.005398085283,0,3,Model_2
15654,4259.6376953125,6840.54300006968,7346.275519853138,2,0,Model_2
15655,4610.79931640625,6781.512255369453,7355.209880247916,0,0,Model_2
15656,4278.1494140625,6824.4308170506265,7355.817868948565,2,3,Model_2
15657,579.9564819335938,6696.910635670414,7351.3192471507355,0,0,Model_2
15658,6774.45849609375,6719.658357179258,7379.491627698066,21,0,Model_2
15659,5008.99658203125,6765.132165073184,7375.551889179973,5,1,Model_2
15660,4247.5439453125,6824.262799600139,7376.645632943604,2,0,Model_2
15661,3443.10888671875,6798.168078413233,7375.267854946782,0,0,Model_2
15662,4079.068359375,6742.340252673253,7383.198910338746,4,0,Model_2
15663,3412.921875,7136.575477852952,7057.040704638697,18,0,Model_2
15664,4978.61962890625,7065.351269465173,7059.713240676123,11,0,Model_2
15665,3787.9716796875,7182.122016588459,7062.533799529105,21,0,Model_2
15666,1868.9617919921875,7099.751576567534,7062.593149965891,4,0,Model_2
15667,2851.599609375,7088.423057508655,7067.470837351051,11,0,Model_2
15668,3642.288818359375,7201.4822301024105,7066.597891343321,25,0,Model_2
15669,3244.97412109375,7017.542709492147,7069.354153889784,3,0,Model_2
15670,2015.8656005859375,7169.304356564302,7073.4341431424255,4,0,Model_2
15671,3932.552978515625,7075.865018969635,7079.280867718684,9,0,Model_2
15672,3537.12451171875,7029.916158996522,7081.35248058365,0,0,Model_2
15673,589.7578735351562,7042.814375332557,7077.043214941281,2,0,Model_2
15674,3959.959716796875,7003.5871340224985,7086.652686554502,1,0,Model_2
15675,2471.114990234375,7189.409831043566,7088.770931905514,6,0,Model_2
15676,5936.18017578125,7101.98091495852,7093.513667702267,10,0,Model_2
15677,2226.778564453125,7043.6945105800405,7090.381165779749,1,0,Model_2
15678,4222.91015625,7221.150859210407,7095.165941469226,21,0,Model_2
15679,3126.023681640625,7019.91658892273,7096.7768818962795,2,0,Model_2
15680,1881.19775390625,7064.0651304058265,7093.44901811934,0,0,Model_2
15681,4083.595703125,6956.501739569241,7098.389235428971,6,0,Model_2
15682,5394.09130859375,7137.695440748939,7099.981098929915,11,1,Model_2
15683,1057.243896484375,7053.728604787495,7100.095560486574,2,0,Model_2
15684,2327.38232421875,7196.854615226388,7099.590021944663,10,0,Model_2
15685,2522.873779296875,7112.674189958023,7104.3726779756835,3,1,Model_2
15686,3476.005615234375,7042.139543599915,7106.792268103949,2,0,Model_2
15687,2832.66162109375,7175.148601910565,7106.239390523173,13,0,Model_2
15688,4709.5576171875,7206.616659260588,7112.786308942945,6,0,Model_2
15689,3895.095947265625,7029.289200729225,7117.485945017746,2,0,Model_2
15690,3399.759765625,7101.79954817635,7123.805000153428,1,0,Model_2
15691,9661.3125,7053.627794317203,7137.859748826653,0,0,Model_2
15692,1093.967529296875,7078.859872484347,7123.85445885075,0,0,Model_2
15693,3860.92431640625,7167.514625475276,7128.96672177178,1,0,Model_2
15694,3656.254150390625,7187.0700154248625,7132.906813566282,10,0,Model_2
15695,2000.752685546875,7224.202792626107,7129.735451238725,2,0,Model_2
15696,7101.9482421875,7024.094009095803,7138.663452658133,3,0,Model_2
15697,9479.1279296875,7084.24103411776,7143.497333768522,1,0,Model_2
15698,2753.235595703125,7236.512257402763,7136.356910980889,12,0,Model_2
15699,6704.18310546875,7142.871759189293,7142.881926263275,2,0,Model_2
15700,3926.962646484375,6973.6063763506245,7147.476992520882,1,0,Model_2
15701,4025.992919921875,7173.334473767085,7147.9715794941,0,0,Model_2
15702,3963.693115234375,7210.273915819824,7146.430587796116,2,0,Model_2
15703,6636.76416015625,6994.513271052623,7150.582292159874,1,0,Model_2
15704,2960.490234375,7119.725859338883,7153.337141600699,1,0,Model_2
15705,3023.617919921875,7189.537340177223,7157.03170629064,1,0,Model_2
15706,4071.058349609375,7008.840326200472,7163.405519269785,1,0,Model_2
15707,9461.853515625,7034.0134831795,7164.7553884302615,4,0,Model_2
15708,6359.6611328125,7144.509123768425,7165.198397047701,3,0,Model_2
15709,3049.796630859375,7205.828588369535,7163.223228642513,2,0,Model_2
15710,10095.3310546875,6966.078734247014,7171.286762688018,0,0,Model_2
15711,2207.131591796875,7119.088313670596,7172.906181748898,1,0,Model_2
15712,5189.29541015625,6991.686434988398,7180.896234301239,1,0,Model_2
15713,4934.24951171875,7168.130536019802,7178.153749534744,7,0,Model_2
15714,7629.22119140625,7055.972213153727,7189.6292271426355,0,0,Model_2
15715,11611.509765625,7201.212481538067,7182.443231698184,5,0,Model_2
15716,13565.03125,7096.887914760737,7189.789614632522,0,0,Model_2
15717,9638.4033203125,6960.759716054192,7197.685342383542,0,0,Model_2
15718,741.7028198242188,7014.993907784345,7180.388929377281,1,1,Model_2
15719,16039.0859375,7136.938211417291,7199.764727329515,3,0,Model_2
15720,8887.310546875,7024.810269788839,7196.246800844296,5,2,Model_2
15721,10251.9775390625,7166.200867109001,7207.869241438515,1,0,Model_2
15722,7903.78662109375,6994.813400854589,7207.801765644312,0,1,Model_2
15723,7136.94140625,7068.614950900665,7211.678620961524,1,3,Model_2
15724,6539.68408203125,7196.840805572923,7207.790814075619,4,0,Model_2
15725,8403.65234375,7037.67580327834,7220.398189299362,0,0,Model_2
15726,5015.1103515625,7107.757032681024,7214.2063136710785,2,2,Model_2
15727,14071.568359375,6954.610277366359,7227.868925529823,0,17,Model_2
15728,3546.759765625,7086.912741741398,7218.871681934164,0,0,Model_2
15729,2373.73193359375,7014.302044145763,7221.737813443964,0,0,Model_2
15730,2915.43505859375,7181.3698507964145,7225.076275513187,0,0,Model_2
15731,6022.98291015625,7055.932625480462,7234.774772781588,0,5,Model_2
15732,1854.021728515625,7220.990667230217,7228.822065282497,0,0,Model_2
15733,10624.0966796875,7113.016669363948,7241.965360819362,0,8,Model_2
15734,5646.38232421875,7203.532503320137,7235.692938169726,4,0,Model_2
15735,12110.3623046875,7143.193063793238,7243.154842489952,2,1,Model_2
15736,6671.1064453125,7082.834290751489,7240.443446047488,1,2,Model_2
15737,2009.4989013671875,7170.0661891137715,7235.121690215659,0,0,Model_2
15738,7103.6513671875,6983.911139765987,7243.337133117224,0,12,Model_2
15739,894.1624145507812,7163.855527628912,7238.3481636630895,0,0,Model_2
15740,4813.8505859375,7189.466450622771,7248.655002908548,1,2,Model_2
15741,5176.17919921875,7173.081296786899,7260.0167255126,2,2,Model_2
15742,6094.00390625,7058.019724440761,7257.814047099731,0,3,Model_2
15743,2930.02490234375,7037.410657931818,7261.537933731655,0,3,Model_2
15744,11647.19921875,7088.873712533386,7268.953205565835,4,38,Model_2
15745,7461.0810546875,6992.7028254834,7267.7732623583,2,7,Model_2
15746,6519.5341796875,7116.736529685557,7273.749992653233,0,4,Model_2
15747,3768.294921875,7139.1726133478805,7269.194846629893,0,1,Model_2
15748,4312.4267578125,7159.480169089511,7272.8834056208725,1,0,Model_2
15749,3800.76611328125,7192.110999261262,7276.94679088227,2,0,Model_2
15750,2896.029296875,6974.913229890168,7284.402689503535,0,5,Model_2
15751,8484.6494140625,7021.598604714731,7281.836136388942,1,8,Model_2
15752,1257.533203125,7056.258072980447,7274.94124070587,0,2,Model_2
15753,6463.60205078125,7056.74325213884,7287.362085985427,1,13,Model_2
15754,5128.91845703125,7222.8595736657735,7287.846074666362,1,0,Model_2
15755,6708.44091796875,7116.629274710314,7296.226497651136,0,15,Model_2
15756,3266.56201171875,7041.241455802927,7297.626178785344,0,8,Model_2
15757,12364.5830078125,7079.961422509048,7304.870111560944,0,23,Model_2
15758,11842.3837890625,7142.641137976432,7310.815046979027,1,19,Model_2
15759,5670.16796875,7295.600082003977,7301.775056937826,0,1,Model_2
15760,5269.3779296875,7214.268588245381,7310.097189315042,2,0,Model_2
15761,303.62451171875,7202.180998567725,7301.394578244857,0,0,Model_2
15762,13553.009765625,7041.482664416777,7324.887812749133,1,18,Model_2
15763,11127.3525390625,7103.348070651526,7326.02854227522,1,43,Model_2
15764,7964.25439453125,7182.622386365663,7325.618741640268,0,1,Model_2
15765,4450.2216796875,7157.196973050013,7330.028691059328,0,1,Model_2
15766,2188.0283203125,7205.433632280445,7330.879027376854,0,0,Model_2
15767,11866.6416015625,7133.573259189725,7346.168830377486,1,13,Model_2
15768,6483.8310546875,7267.216180594405,7339.649467517651,3,0,Model_2
15769,3143.767333984375,7294.713502251543,7337.7491937112645,1,0,Model_2
15770,3793.80908203125,7187.099936340703,7345.932841735979,0,1,Model_2
15771,2415.6591796875,7210.981430398999,7345.650927161245,0,1,Model_2
15772,14226.0849609375,7104.256745849503,7362.506097932113,2,21,Model_2
15773,25783.9765625,6988.319641473703,7372.407375859533,0,2,Model_2
15774,8705.7392578125,7209.692989730742,7361.719704644696,0,0,Model_2
15775,10778.5322265625,7257.752425075043,7370.433973836392,1,0,Model_2
15776,952.843994140625,7070.079234489705,7365.829015839321,1,2,Model_2
15777,15562.28125,7134.1063118134625,7383.204916037706,1,51,Model_2
15778,10763.6318359375,7079.649784662528,7387.480620421178,1,14,Model_2
15779,1263.250732421875,7279.812886163127,7385.589178525028,0,0,Model_2
15780,11660.7119140625,7253.009729753481,7061.971736761683,5,0,Model_2
15781,5541.85205078125,7220.766950844089,7062.101389203948,20,0,Model_2
15784,1346.666259765625,7274.186373019824,7098.013702605735,4,1,Model_2
15785,9652.57421875,7247.029689481482,7113.433511325042,48,0,Model_2
15786,5610.49267578125,7307.689512968762,7110.349408270617,1,1,Model_2
15787,7161.75927734375,7300.943036929471,7139.698199261387,28,1,Model_2
15788,7293.45263671875,7260.194432129385,7142.8158635747095,19,0,Model_2
15789,5287.05859375,7324.574576260056,7138.502005339018,0,0,Model_2
15790,2027.22802734375,7244.931082476629,7152.917449226283,12,0,Model_2
15791,5146.77587890625,7337.039169477299,7156.762509666645,0,0,Model_2
15792,3550.281005859375,7275.089064034633,7157.511808931071,26,0,Model_2
15793,5699.50341796875,7291.5124245784245,7164.602773021383,38,0,Model_2
15794,2146.697509765625,7349.558080664836,7171.89934398199,1,0,Model_2
15795,5976.15771484375,7334.374366680393,7181.044963669614,21,0,Model_2
15796,4331.26611328125,7359.665826357435,7183.7941606878885,0,0,Model_2
15797,9885.921875,7274.023879430722,7193.9547434998385,6,0,Model_2
15798,4613.798828125,7311.077020963654,7191.339791517152,16,0,Model_2
15799,5619.10302734375,7242.7459349767305,7195.336054260755,1,0,Model_2
15800,397.98980712890625,7253.607687748503,7187.300075775187,0,0,Model_2
15801,5076.35791015625,7327.910067893565,7203.493913107581,24,0,Model_2
15802,6506.88525390625,7356.19223818928,7206.502768286795,3,0,Model_2
15803,3970.83984375,7230.332437477307,7209.83981725038,1,0,Model_2
15804,2928.11962890625,7214.9001497305,7213.630826400098,0,0,Model_2
15805,2972.09375,7302.565671211574,7208.8280336137395,39,0,Model_2
15806,2641.297119140625,7255.104193862295,7212.321230750298,0,0,Model_2
15807,5214.01220703125,7286.561203489546,7220.038907190959,13,0,Model_2
15808,2672.58837890625,7343.16052853642,7221.147841840197,8,0,Model_2
15809,5004.75634765625,7240.140974011505,7228.026840084844,1,0,Model_2
15810,3585.69580078125,7311.282784800278,7222.118645413342,22,0,Model_2
15811,1872.338134765625,7329.654687447939,7222.755249503156,10,0,Model_2
15812,3907.50634765625,7361.164634080138,7231.144151121756,5,0,Model_2
15813,4741.41162109375,7308.301280617248,7239.298123928078,51,0,Model_2
15814,9597.66015625,7323.42929566605,7254.055892656092,56,0,Model_2
15815,4007.45556640625,7285.090475395555,7238.770328972372,0,0,Model_2
15816,5793.54931640625,7225.544170299312,7248.405943039892,1,1,Model_2
15817,5379.2353515625,7272.432086708024,7252.86111183936,0,0,Model_2
15818,5679.1669921875,7247.753315323032,7258.712075732532,3,0,Model_2
15819,2771.131103515625,7361.896545713767,7281.502643458429,7,0,Model_2
15820,5356.54443359375,7258.561670768075,7285.293299331737,1,0,Model_2
15821,713.278564453125,7328.480406581657,7281.820592226926,0,0,Model_2
15822,5914.125,7236.442288491875,7309.22530313654,1,0,Model_2
15823,987.3259887695312,7262.518596807495,7302.87339329478,0,0,Model_2
15824,4000.1220703125,7353.752993065631,7313.070363576902,19,0,Model_2
15825,4097.9697265625,7343.104369278997,7328.21779618453,16,0,Model_2
15826,3373.29736328125,7362.029578708811,7332.511870941293,3,0,Model_2
15827,3144.8232421875,7329.03601497272,7339.034413288813,4,0,Model_2
15828,6697.607421875,7311.409833612153,7347.233958751953,2,0,Model_2
15829,1420.3387451171875,7247.610615570564,7343.737935404119,1,0,Model_2
15830,7583.78173828125,7347.005136060994,7354.101298875088,15,1,Model_2
15831,6115.197265625,7283.086234356044,7357.052216723154,2,0,Model_2
15832,8049.46533203125,7316.510198958451,7376.335809532524,24,0,Model_2
15833,5079.1865234375,7225.249564358732,7382.612824775482,0,2,Model_2
15834,2960.76025390625,7338.092846036656,7379.5138841118605,7,1,Model_2
15835,6635.05126953125,7358.543101530755,7383.554659683054,8,0,Model_2
15839,1528.90625,1041.1850117500871,7355.863794881792,22,0,Model_2
15840,492.9950256347656,1049.0368354687816,7341.497809691849,1,0,Model_2
15841,6081.7392578125,1075.7083398487302,7370.774179018685,123,0,Model_2
15842,2380.716552734375,1011.962749294762,7392.663891900505,9,0,Model_2
15843,4223.15771484375,1029.9024097889778,7396.343618981249,28,0,Model_2
15844,5174.2685546875,1075.4733455789392,7394.591367990419,75,0,Model_2
15845,2793.864501953125,995.7389382435358,7394.522125814168,18,0,Model_2
15846,1765.855224609375,1201.189525894879,7405.52951217955,24,0,Model_2
15847,8581.80078125,1020.7158830629196,7420.873366470827,124,2,Model_2
15848,8208.48828125,1089.3774800894316,7422.821332592488,198,0,Model_2
15849,2193.249755859375,1189.5890717431903,7415.300784388295,60,0,Model_2
15850,5200.9541015625,1047.6060402893927,7422.589583267894,94,0,Model_2
15851,2124.858154296875,1170.5174799866509,7421.479588789429,32,0,Model_2
15852,3961.319091796875,1068.5962532339618,7426.637071090867,68,1,Model_2
15853,4941.4580078125,998.7999630144332,7430.364843763295,26,0,Model_2
15854,5878.740234375,1116.0695838691317,7427.871772141865,41,0,Model_2
15855,5821.4375,1033.500399918761,7443.088800202153,89,0,Model_2
15856,4237.16162109375,1052.6024879933684,7447.570818008739,66,0,Model_2
15857,7031.3486328125,1100.4743422114407,7453.460995583358,130,0,Model_2
15858,2553.114990234375,996.963394184073,7448.9115019825695,19,1,Model_2
15859,516.6968383789062,1009.5748300498235,7444.998965748004,4,0,Model_2
15860,3151.18212890625,1208.6359212039388,7450.4779295820335,60,0,Model_2
15861,9353.255859375,1127.145156108716,7470.308394273219,90,0,Model_2
15862,8266.7939453125,1073.5082318909117,7466.244655735412,176,1,Model_2
15863,7560.04443359375,1047.6595526965684,7487.447952553688,49,1,Model_2
15864,2139.02392578125,1036.8307129322202,7474.32550032498,16,0,Model_2
15865,1655.9840087890625,1000.7353859475115,7476.523939420935,28,0,Model_2
15866,1678.25830078125,1206.0741154057905,7486.01082412008,21,1,Model_2
15867,7225.650390625,1078.1992560924264,7495.598745872325,95,0,Model_2
15868,3115.320556640625,1218.1083077567164,7493.130756875966,80,0,Model_2
15869,9709.4072265625,1015.2110099505517,7504.543351282977,127,3,Model_2
15870,1269.0474853515625,1189.3991890080506,7493.828477784613,9,0,Model_2
15871,2334.216552734375,1054.0996845898335,7500.233732364199,46,2,Model_2
15872,5659.20166015625,1202.3443581658648,7507.5550326734665,72,0,Model_2
15873,2259.1826171875,1042.2729822822148,7509.442941805522,9,1,Model_2
15874,11718.3564453125,1098.9177641050774,7519.634966217913,113,0,Model_2
15875,5147.5146484375,1064.1001753071905,7517.319945906842,112,0,Model_2
15876,5334.98095703125,1149.4673101299559,7521.492140302347,64,0,Model_2
15877,673.257568359375,1120.353108212992,7510.918224091351,4,1,Model_2
15878,1435.3553466796875,1124.63824368309,7520.00343351296,36,0,Model_2
15879,6577.84130859375,1046.173173661984,7531.861156195868,189,0,Model_2
15880,4154.59912109375,1016.2697500495124,7524.448710572964,46,0,Model_2
15881,745.112548828125,1133.4611162012443,7526.09603847019,6,0,Model_2
15882,13911.4501953125,1074.8504151272355,7546.4942183513485,164,2,Model_2
15883,3651.232177734375,1021.794416998513,7536.671014510415,12,0,Model_2
15884,477.85675048828125,1184.1792550788377,7535.982832064823,16,0,Model_2
15885,9428.65625,1134.9738486578572,7550.468224681157,53,0,Model_2
15886,317.3313903808594,1109.8630652803113,7538.41443359101,22,0,Model_2
15887,866.9718627929688,1107.15763908613,7544.397169584903,26,0,Model_2
15888,4033.040283203125,1017.2291757239727,7554.152897631633,15,1,Model_2
15889,5008.087890625,1035.3132621773402,7556.974163037434,5,0,Model_2
15890,1885.9625244140625,1210.2632737843087,7555.9563737018325,49,0,Model_2
15891,1000.2437744140625,1110.5662068025558,7562.116101176856,10,0,Model_2
15892,8381.6171875,1072.0730636545923,7570.8808888951025,160,1,Model_2
15893,1947.8013916015625,1036.8835348567227,7573.836046060082,2,0,Model_2
15894,2760.71630859375,1145.591745965532,7578.3615168650285,15,0,Model_2
15895,5260.5947265625,1050.1791239712038,7583.851432267751,16,0,Model_2
15896,2541.971435546875,1092.5035253120586,7590.196983134141,5,0,Model_2
15897,8390.6787109375,1142.0587762874784,7600.436346585397,74,1,Model_2
15898,9694.705078125,1045.0029206112958,7604.413179126481,87,0,Model_2
15899,1906.603759765625,1105.584029073827,7597.287947224453,9,0,Model_2
15900,2013.617919921875,1112.7917475388385,7609.4544334892125,12,0,Model_2
15901,2565.688720703125,1172.7767392934766,7615.288440114731,36,0,Model_2
15902,4828.40625,1112.6674606576562,7626.275689724775,47,1,Model_2
15903,19347.19921875,1062.64981645206,7644.137344986142,134,5,Model_2
15904,6084.052734375,1132.6377156134113,7630.354972424597,70,0,Model_2
15905,5531.74609375,1207.237808871083,7633.483588306612,41,1,Model_2
15906,5445.1611328125,1085.4535821378813,7646.990051992383,102,0,Model_2
15907,2754.777099609375,1149.5490172462887,7638.935703133524,8,0,Model_2
15908,7371.3720703125,1191.0871889832197,7649.340046667989,82,0,Model_2
15909,5443.00927734375,1133.8489373027114,7654.537802480103,66,0,Model_2
15910,2401.44140625,1157.40763071127,7653.082303673204,31,0,Model_2
15911,557.836181640625,1167.4469035387738,7655.701494972804,13,0,Model_2
15912,10861.4296875,1106.5496690923464,7672.062785323273,158,1,Model_2
15913,9787.6728515625,1219.1868416923098,7668.574534056446,185,0,Model_2
15914,652.1098022460938,1244.5406749708345,7660.08176917347,17,0,Model_2
15915,2527.029052734375,1177.1702805432724,7665.9443911881535,15,0,Model_2
15916,3902.699951171875,1273.9934435585747,7671.951149977889,110,1,Model_2
15917,6687.56982421875,1156.4187444427516,7678.693076975673,126,0,Model_2
15918,19455.029296875,1091.5213137093815,7701.664522223204,85,1,Model_2
15919,2097.739990234375,1065.9031406474533,7684.118696071877,11,1,Model_2
15920,14663.02734375,1236.0610874217236,7699.705957809259,27,0,Model_2
15921,2613.963134765625,1117.3186670250143,7693.343449675216,35,2,Model_2
15922,8300.18359375,1273.794584548683,7705.084591143008,195,1,Model_2
15923,231.67015075683594,1241.1179523596074,7427.227749247453,0,2,Model_2
15924,130.29098510742188,1238.6215122545254,7431.374507741479,0,0,Model_2
15925,661.6519775390625,1241.7142992283916,7437.300719509862,0,0,Model_2
15926,4910.07373046875,1281.9965980631532,7660.79044165081,53,0,Model_2
15927,7308.6328125,1253.3993375075515,7678.092153803213,104,0,Model_2
15928,8770.6923828125,1296.7985902097425,7711.41000525406,155,0,Model_2
15929,11440.75390625,1866.1702573181828,7355.638051256159,279,0,Model_2
15930,7143.1025390625,1841.3223176782485,7358.582610128855,134,1,Model_2
15931,11231.4091796875,1869.138182008639,7387.311401021056,170,0,Model_2
15932,12241.08984375,1902.4433835912496,7405.789170340489,112,0,Model_2
15933,397.77880859375,1905.6458422297146,7386.966249969031,5,0,Model_2
15934,5710.47998046875,1874.043370919302,7412.173228335509,201,0,Model_2
15935,3658.37548828125,1837.9647305991966,7411.847860762413,13,0,Model_2
15936,5696.76025390625,1822.9780343375169,7432.4014822637255,46,0,Model_2
15937,2467.944580078125,1840.965798457968,7426.3968431324465,70,0,Model_2
15938,10461.234375,1865.2203833207022,7436.816024276108,385,4,Model_2
15939,9570.5361328125,1898.7690951260738,7437.646223838296,64,0,Model_2
15940,3019.79541015625,1841.2951586931013,7444.502612392738,92,0,Model_2
15941,15349.9443359375,1832.3497255004477,7467.197795488086,293,0,Model_2
15942,6067.3291015625,1904.6945872668875,7465.391493206611,42,1,Model_2
15943,191.18614196777344,1882.3190359189175,7462.71613095791,3,0,Model_2
15944,7330.78125,1874.3810169465141,7480.447427224193,128,2,Model_2
15945,9779.2294921875,1847.3253740393557,7493.243098774168,271,2,Model_2
15946,11008.908203125,1893.5347761411685,7502.385185697698,35,0,Model_2
15947,6014.66796875,1872.3938078129431,7513.384446705662,97,0,Model_2
15948,4554.5712890625,1841.1490065272665,7518.272025830287,90,0,Model_2
15949,7753.021484375,1860.338210499147,7532.5585238281055,236,1,Model_2
15950,10538.6005859375,1829.6257713545347,7544.172132512089,280,3,Model_2
15951,7169.22509765625,1891.604646908585,7536.676666932966,83,0,Model_2
15952,7760.1171875,1853.0400388039416,7562.493753658549,187,0,Model_2
15953,13733.2109375,1883.3485455847112,7565.633321109257,126,1,Model_2
15954,3943.19482421875,1808.0855889607337,7560.516112318495,37,0,Model_2
15955,7207.32177734375,1820.4349866519915,7579.424878857448,95,1,Model_2
15956,3030.4130859375,1839.988535314449,7576.731852788274,71,2,Model_2
15957,3032.45068359375,1790.6558499207022,7576.210416807939,10,0,Model_2
15958,9936.4912109375,1799.4058765168302,7597.165713586786,159,0,Model_2
15959,9298.4345703125,1850.47857824713,7600.070705501625,205,0,Model_2
15960,8267.72265625,1815.1049207363976,7618.950503375003,129,0,Model_2
15961,8556.1025390625,1879.1273948423332,7622.407313041389,44,0,Model_2
15962,8273.7900390625,1848.8651504006702,7630.204123397765,187,2,Model_2
15963,5144.92822265625,1828.0774790402502,7635.475360703043,140,1,Model_2
15964,5644.66552734375,1787.7067984233145,7638.706426743796,163,0,Model_2
15965,3478.22021484375,1803.1833921416546,7646.468262735638,100,1,Model_2
15966,9743.0888671875,1864.3082557093585,7654.708788262273,99,0,Model_2
15967,7744.60107421875,1813.4810205693939,7662.939775325853,201,1,Model_2
15968,7556.59912109375,1836.8231325794477,7665.5483683331695,224,1,Model_2
15969,1928.5802001953125,1792.8527356260456,7670.226101270586,68,0,Model_2
15970,4427.20751953125,1775.6186333434307,7671.765679862932,91,1,Model_2
15971,3191.266845703125,1757.09528482944,7677.251709225151,79,0,Model_2
15972,3660.119384765625,1858.7438860066468,7683.356325580302,13,0,Model_2
15973,12184.5693359375,1807.891218088218,7694.001250349596,259,4,Model_2
15974,10187.1318359375,1841.2378486312227,7699.3996671622735,107,1,Model_2
15975,4985.66943359375,1779.8486452801153,7692.520315641217,119,2,Model_2
15976,5557.37109375,1731.4023094779113,7696.39045870665,81,0,Model_2
15977,2931.1689453125,1764.195287997427,7696.449455867027,71,0,Model_2
15978,5383.556640625,1748.5794469399843,7703.585992614157,113,0,Model_2
15979,6458.63037109375,1794.3691506569157,7719.487317079533,143,0,Model_2
15980,4481.4365234375,1822.7370558845578,7720.617095036927,40,0,Model_2
15981,9348.2607421875,1760.2906084802817,7725.440377855033,200,0,Model_2
15982,1130.2967529296875,1907.743068269221,7488.485172091809,8,0,Model_2
15983,3962.156982421875,2499.1801449249033,7411.592795194796,5,29,Model_2
15984,5747.87158203125,2538.741349687916,7426.543099565955,13,8,Model_2
15985,5574.76953125,2558.1915561102796,7435.792935794365,13,8,Model_2
15986,10213.228515625,2522.361949874321,7450.877838477521,41,35,Model_2
15987,2833.5732421875,2490.5362224995624,7446.46258991232,5,3,Model_2
15988,1454.901611328125,2572.1538062457694,7446.839889117604,1,12,Model_2
15989,6113.09619140625,2571.6281187705463,7469.321339985239,1,26,Model_2
15990,1215.8831787109375,2537.6559109255904,7464.472267989244,1,0,Model_2
15991,3897.55908203125,2613.0428091894137,7481.661638243444,3,28,Model_2
15992,2042.689453125,2555.327664142591,7481.500190924329,4,8,Model_2
15993,4524.80029296875,2545.8036064697662,7495.3737087995105,9,0,Model_2
15994,8899.0390625,2571.301750626997,7499.5448433657875,19,24,Model_2
15995,2060.877197265625,2527.085311681032,7499.116672357544,13,0,Model_2
15996,3691.22412109375,2621.5097378895152,7512.010908025753,11,65,Model_2
15997,4984.95263671875,2532.743587027304,7519.442077298358,28,2,Model_2
15998,4010.673828125,2550.4098163829185,7517.40967811484,4,0,Model_2
15999,5183.35009765625,2564.451011704048,7535.416529980488,22,1,Model_2
16000,4660.8916015625,2540.0187426334014,7547.028019006015,42,0,Model_2
16001,5086.140625,2503.7539021524135,7550.21987136532,31,0,Model_2
16002,1251.184326171875,2581.8516353913583,7553.392293522105,2,0,Model_2
16003,5473.2607421875,2524.3629686613567,7562.074767836952,61,0,Model_2
16004,836.0673217773438,2551.587779823458,7560.592066746525,4,0,Model_2
16005,932.9597778320312,2572.3683161962545,7562.52519525899,3,0,Model_2
16006,5909.4287109375,2508.729980617529,7576.011522189423,40,0,Model_2
16007,295.47113037109375,2546.9990621380275,7568.957298845693,4,0,Model_2
16008,8420.8203125,2572.4827061591204,7582.619557428028,30,0,Model_2
16009,1579.0059814453125,2537.9228975592414,7576.786257355328,18,0,Model_2
16010,3995.247802734375,2554.0350805782946,7588.4708745976095,28,1,Model_2
16011,3926.296875,2545.609810999478,7601.514192910603,24,0,Model_2
16012,7001.93408203125,2519.2200235502096,7598.091297779523,45,0,Model_2
16013,9432.4052734375,2522.2337502579903,7619.5125661424245,65,0,Model_2
16014,6661.78173828125,2577.759144587093,7624.383541275805,28,2,Model_2
16015,1799.109130859375,2552.228777905111,7626.608476102469,21,0,Model_2
16016,8320.6533203125,2598.476616875734,7645.773721314676,55,1,Model_2
16017,975.9072265625,2528.554888970568,7638.5601703102875,11,0,Model_2
16018,470.926513671875,2551.1824664942687,7643.159122608398,4,0,Model_2
16019,5881.68408203125,2576.843104240601,7659.662783351872,57,0,Model_2
16020,2057.386962890625,2559.4496155409142,7654.275318107888,22,1,Model_2
16021,5085.21826171875,2560.2807265185984,7675.460244552873,50,1,Model_2
16022,4594.9306640625,2544.813684477238,7682.907311263902,22,0,Model_2
16023,3798.29736328125,2528.951456185896,7680.706045956671,41,0,Model_2
16024,4776.20751953125,2597.7437845985405,7698.727028878697,59,0,Model_2
16025,12173.185546875,2611.781527506304,7453.520346020145,1,55,Model_2
16026,4230.84423828125,2586.24218454957,7451.2890522181115,4,61,Model_2
16027,121.1951675415039,2769.951314107864,7458.084323953721,0,0,Model_2
16028,490.7096252441406,2588.6040956138168,7484.560624459322,0,3,Model_2
16029,5983.939453125,2597.0335080886725,7502.16226828334,8,78,Model_2
16030,1212.3160400390625,2644.306943989941,7510.598508940806,1,22,Model_2
16031,8826.4736328125,2588.358513943036,7529.5948880293,9,7,Model_2
16032,9948.16796875,2642.2249085692456,7533.691834549594,13,143,Model_2
16033,3659.7900390625,2618.077808842645,7534.746011355368,4,35,Model_2
16034,263.23406982421875,2619.2711930628866,7547.575597440649,0,1,Model_2
16035,172.49954223632812,2619.9225483846385,7550.521216142573,2,1,Model_2
16036,3518.190185546875,2625.7541348818922,7558.835929715191,8,12,Model_2
16037,3465.599853515625,2634.6804647205863,7573.0288094645075,5,12,Model_2
16038,8450.44140625,2603.1468115166062,7578.387306042918,25,0,Model_2
16039,2844.091796875,2676.3678957953816,7572.291521598003,3,73,Model_2
16040,9851.494140625,2642.9199944603024,7593.700425286574,24,50,Model_2
16041,8992.4091796875,2594.7058909971965,7605.007036770752,40,0,Model_2
16042,5630.75048828125,2685.726467787521,7628.239200008451,11,120,Model_2
16043,4493.72021484375,2640.0908567871666,7635.728659888613,2,0,Model_2
16044,7107.24755859375,2620.026120785624,7639.240227398463,30,1,Model_2
16045,6136.05859375,2681.197591933771,7652.074759353476,10,55,Model_2
16046,8335.216796875,2661.0037356723333,7672.77922988162,30,0,Model_2
16047,6768.716796875,2626.6439368868014,7671.148505975638,12,1,Model_2
16048,7572.1455078125,2599.2587035836186,7672.4570417962095,41,1,Model_2
16049,2479.591064453125,2682.6344863767736,7671.75472829424,2,0,Model_2
16050,2456.2548828125,2703.1395201629493,7683.726205980987,1,51,Model_2
16051,7552.07421875,2678.247159471037,7696.150584024639,10,2,Model_2
16052,834.3128662109375,3311.5659229935845,7340.522413525381,0,0,Model_2
16053,3974.48779296875,3160.8726827778155,7346.968294892053,4,9,Model_2
16054,3540.396728515625,3145.313806540915,7353.262267402664,1,6,Model_2
16055,2460.2119140625,3124.96689328691,7352.045583448547,0,6,Model_2
16056,955.1096801757812,3279.687258613878,7346.060374519788,3,0,Model_2
16057,5888.17724609375,3283.940171559225,7392.49643888243,1,0,Model_2
16058,8206.9345703125,3238.819890793995,7400.469180890708,8,0,Model_2
16059,4019.445556640625,2950.2036572430516,7401.268645405275,1,2,Model_2
16060,7845.861328125,3211.3736648546765,7408.873273394915,2,0,Model_2
16061,6877.51416015625,3291.307851843536,7414.589638976089,2,0,Model_2
16062,4254.65869140625,3246.9581497416366,7424.144706022256,3,0,Model_2
16063,4752.1611328125,3300.0857279074844,7440.9133240728115,3,0,Model_2
16064,588.120361328125,3235.192094828817,7434.6366621062625,0,0,Model_2
16065,5180.37890625,3282.939662165707,7460.324802942399,3,0,Model_2
16066,3937.40478515625,3120.041680378723,7464.484985939984,0,5,Model_2
16067,8086.966796875,3172.3708304134198,7473.695608486945,9,1,Model_2
16068,15364.4609375,3232.535117502208,7482.7539689014375,11,1,Model_2
16069,4328.05224609375,3292.3454171405174,7475.849534755311,4,0,Model_2
16070,6479.466796875,3285.1961595418397,7492.2217766744725,8,0,Model_2
16071,4465.244140625,3206.0376147559145,7508.465072704188,10,0,Model_2
16072,7427.16015625,3246.6347736896714,7511.577084594959,6,1,Model_2
16073,9774.685546875,3161.22574958473,7521.688915262406,2,1,Model_2
16074,2018.9154052734375,3288.9875999005744,7513.424366939929,2,0,Model_2
16075,6650.44384765625,3222.229893765063,7521.953519293078,4,0,Model_2
16076,11684.25390625,3194.6720397935715,7539.953305630537,12,0,Model_2
16077,5697.685546875,3232.6274120195303,7540.314707397396,2,0,Model_2
16078,7665.6591796875,3257.863402921823,7545.573580028344,3,0,Model_2
16079,13546.83984375,3123.481895217672,7565.615657288785,0,9,Model_2
16080,1176.6014404296875,3134.8308985958574,7547.888247063005,0,1,Model_2
16081,8375.92578125,3275.474853985361,7565.503668666992,7,0,Model_2
16082,10302.8984375,3224.225388690713,7561.127987059648,8,0,Model_2
16083,6108.28515625,3255.442110347678,7580.096104035387,9,0,Model_2
16084,9089.88671875,3182.7078163535334,7585.457073548663,12,0,Model_2
16085,13246.412109375,3220.5223301141523,7586.055523786257,6,0,Model_2
16086,5787.1318359375,3242.589235707186,7606.455470049463,7,1,Model_2
16087,7681.6884765625,3269.0342617703136,7605.8128602606885,13,0,Model_2
16088,9939.6240234375,3212.323769013048,7614.8694542931335,19,1,Model_2
16089,1490.158447265625,3190.8598849546397,7605.393874439091,0,0,Model_2
16090,1802.6708984375,3294.5740650488297,7610.905692979199,0,0,Model_2
16091,5802.87109375,3252.184413095354,7628.026527609967,12,0,Model_2
16092,6694.21484375,3193.866706835688,7640.27320761967,7,0,Model_2
16093,8425.197265625,3149.153580686776,7645.965903681412,4,1,Model_2
16094,7786.16455078125,3225.6537671807455,7642.08268938883,7,0,Model_2
16095,5189.92431640625,3250.534849988995,7646.425869566505,6,0,Model_2
16096,524.0816040039062,3167.631127183442,7651.917551351275,0,0,Model_2
16097,6602.75830078125,3208.9079512285534,7659.978612461913,29,0,Model_2
16098,16963.76953125,3176.762530376087,7675.229555057507,12,1,Model_2
16099,5221.5341796875,3289.822623613407,7670.260369082302,7,2,Model_2
16100,5898.82763671875,3234.912679507048,7671.766739692161,9,0,Model_2
16101,6207.25732421875,3210.039652329986,7694.01184864188,20,0,Model_2
16102,830.3909301757812,3115.773346653674,7696.0929999699,0,0,Model_2
16103,785.012939453125,3087.4152232639026,7699.466436403658,0,0,Model_2
16104,12457.85546875,3118.8011131758103,7719.738143330236,14,3,Model_2
16105,5775.30859375,3215.01550063421,7726.648936451733,10,0,Model_2
16106,6881.19189453125,3257.552685718867,7730.491877233639,6,0,Model_2
16107,1834.09765625,3238.4868479846045,7726.156115860562,0,0,Model_2
16108,1189.8798828125,3290.835331534152,7343.247587747814,0,0,Model_2
16109,4485.5205078125,3274.0036655695876,7357.365219621919,9,0,Model_2
16110,10270.4501953125,3316.1445135998074,7388.889133465622,9,0,Model_2
16111,4875.11181640625,3338.161013957695,7415.646995269548,0,0,Model_2
16112,7309.22509765625,3317.3804775848985,7423.836648993223,5,0,Model_2
16113,3576.123291015625,3261.441484134528,7421.352762558439,1,0,Model_2
16114,2802.220947265625,3280.3970748019638,7426.455487016414,0,0,Model_2
16115,4781.693359375,3273.044585136464,7438.728309480415,5,0,Model_2
16116,10008.9755859375,3257.7193222040078,7458.979173098836,12,1,Model_2
16117,6024.5810546875,3329.9106666560983,7466.460507621581,7,0,Model_2
16118,2364.712646484375,3310.454476050567,7474.350936226459,1,0,Model_2
16119,5537.80859375,3314.805437535513,7499.709116896178,5,0,Model_2
16120,4606.97021484375,3339.8006801457377,7498.754210761457,1,0,Model_2
16121,10076.1416015625,3270.6753089237027,7516.84054981923,11,0,Model_2
16122,6682.3154296875,3308.230201199185,7519.204322274803,5,1,Model_2
16123,6244.5224609375,3337.8769954181043,7534.774273468123,5,1,Model_2
16124,15402.8759765625,3301.6864969049348,7545.639995993319,11,0,Model_2
16125,4523.66064453125,3309.025637238752,7569.56670065198,10,0,Model_2
16126,7455.98779296875,3289.253896051552,7589.467820625054,10,0,Model_2
16127,5016.4833984375,3311.898735642084,7594.899445420218,9,0,Model_2
16128,9390.37890625,3311.168665295583,7625.749307874707,10,2,Model_2
16129,5537.38818359375,3278.0715291585075,7625.372008669423,6,0,Model_2
16130,9114.8828125,3304.7883752339985,7651.944753634802,10,2,Model_2
16131,6755.634765625,3275.422837623977,7651.414839020639,3,0,Model_2
16132,3870.160888671875,3256.8647348154336,7665.910829929257,9,1,Model_2
16133,3573.8154296875,3274.5203767700586,7681.547550363961,2,0,Model_2
16134,5792.18505859375,3311.1461095282575,7683.192405326321,3,1,Model_2
16135,7620.9423828125,3261.423761745915,7703.670425676013,20,0,Model_2
16136,14949.4384765625,3826.4070662246086,7359.663635941746,4,2,Model_2
16137,7242.59912109375,3854.269423054997,7367.422645722312,1,1,Model_2
16138,5117.9443359375,3757.670436747605,7363.731613796466,6,1,Model_2
16139,5785.3486328125,3779.5605787762906,7380.266362863971,28,1,Model_2
16140,4009.241455078125,3799.815197512973,7379.669679008424,1,0,Model_2
16141,6320.3544921875,3873.5260641679633,7390.201555326697,1,1,Model_2
16142,4997.46533203125,3756.343329049647,7382.464801959926,1,1,Model_2
16143,3165.85888671875,3827.829460531473,7393.466889179166,1,0,Model_2
16144,1933.9061279296875,3840.3488320407923,7396.405089076492,2,0,Model_2
16145,2394.60595703125,3785.7569702859037,7401.812691075815,8,0,Model_2
16146,2905.06298828125,3770.3997149895877,7406.657170478487,7,0,Model_2
16147,1244.5943603515625,3802.219458181178,7405.811073477875,0,0,Model_2
16148,1658.8148193359375,3823.1664008782245,7407.2828229996085,0,0,Model_2
16149,1501.8328857421875,3847.3438818424474,7408.754219244933,0,0,Model_2
16150,11589.1416015625,3868.4454926582985,7432.181391060643,1,1,Model_2
16151,3920.486083984375,3783.571822786005,7418.2266196112905,20,0,Model_2
16152,6458.5546875,3809.7254651610274,7423.2088768136455,1,0,Model_2
16153,4181.9033203125,3902.6294485230464,7420.38407864375,0,2,Model_2
16154,6318.5576171875,3782.861085954355,7435.363704956893,30,1,Model_2
16155,2783.753173828125,3825.216674095951,7442.689597859484,1,0,Model_2
16156,4405.95849609375,3799.3235738496296,7448.432105894957,17,1,Model_2
16157,7285.84375,3771.5270430340897,7457.680529017729,2,2,Model_2
16158,5494.9990234375,3822.0280251109507,7460.771344323934,5,0,Model_2
16159,3165.424560546875,3863.592320109019,7453.9506366868445,1,1,Model_2
16160,11363.458984375,3901.82986958744,7472.974924611684,3,3,Model_2
16161,3487.76513671875,3806.1100978839677,7467.47335108745,9,0,Model_2
16162,2199.940185546875,3790.9374316222966,7467.620667350187,4,0,Model_2
16163,2084.119873046875,3837.242580654798,7467.950274240196,1,0,Model_2
16164,717.7484741210938,3847.236626867205,7463.1008489677915,0,0,Model_2
16165,5050.44873046875,3765.019934321521,7480.7470056194,0,1,Model_2
16166,467.9510192871094,3846.9567512236536,7476.418309774512,0,0,Model_2
16167,5172.05126953125,3860.774690480437,7483.314618563221,0,2,Model_2
16168,6448.34130859375,3791.199815038126,7487.875063732703,6,1,Model_2
16169,4043.596923828125,3821.5488301357254,7484.617501961242,21,1,Model_2
16170,1277.3388671875,3879.331642484525,7483.588407780539,2,3,Model_2
16171,2395.412353515625,3924.956435922999,7483.982664253475,0,1,Model_2
16172,3068.76611328125,3808.2372448393144,7495.397025042534,7,1,Model_2
16173,33103.3515625,3846.5668586741667,7528.749850857916,23,2,Model_2
16174,14629.3212890625,3779.4077519446146,7515.6436493440415,12,0,Model_2
16175,11027.775390625,3877.2717025093734,7506.362371515192,5,1,Model_2
16176,8532.998046875,3910.219234067248,7507.119442860625,1,1,Model_2
16177,4966.06005859375,3808.6248357798904,7514.763991084532,14,0,Model_2
16178,11970.3935546875,3887.79281716235,7539.773487938131,6,4,Model_2
16179,10340.7099609375,3815.294898403343,7544.225477249915,51,2,Model_2
16180,7799.83935546875,3918.763726987643,7546.735506138997,1,5,Model_2
16181,6676.4189453125,3832.6563947391696,7570.741344713373,9,2,Model_2
16182,9667.5771484375,3801.8792803841643,7577.2335052896815,4,1,Model_2
16183,3715.4462890625,3879.713249241933,7568.569048071717,0,0,Model_2
16184,10573.0458984375,3925.8466982496902,7586.73098828111,0,1,Model_2
16185,7139.13623046875,3862.9630602328107,7584.7197856821585,1,0,Model_2
16186,4159.7646484375,3815.656251002336,7594.101747287699,6,0,Model_2
16187,5453.35107421875,3887.02454010793,7595.483764601435,2,0,Model_2
16188,1236.55029296875,3839.205392733915,7594.086909678503,0,0,Model_2
16189,2641.778076171875,3852.141355456086,7604.529407065187,14,2,Model_2
16190,1922.4700927734375,3868.2461733266246,7604.026694734552,1,0,Model_2
16191,9575.4111328125,3939.3410312936176,7624.720213694003,3,0,Model_2
16192,6161.1806640625,3844.327853525756,7624.549581188243,8,0,Model_2
16193,4161.904296875,3812.2563143193256,7622.415085122397,0,2,Model_2
16194,2875.913330078125,3864.5364400842227,7619.861956511362,2,0,Model_2
16195,3515.189453125,3891.3704380532727,7622.314401345706,1,0,Model_2
16196,4181.56982421875,3919.4040345866233,7630.335895498487,1,2,Model_2
16197,6931.91943359375,3828.903851571027,7639.807236035616,5,0,Model_2
16198,5754.3134765625,3868.091965529602,7637.240682921023,10,0,Model_2
16199,2504.73779296875,3902.3854779785033,7637.013172913343,2,0,Model_2
16201,912.1314086914062,3909.655800205888,7645.9984051110805,0,0,Model_2
16202,4249.47119140625,3868.077235232573,7657.823626364319,25,0,Model_2
16203,2958.410888671875,3840.5610403823666,7658.564800271328,3,0,Model_2
16204,3127.242919921875,3856.1291230549105,7681.244792481069,1,0,Model_2
16205,13384.55078125,3942.8127781746443,7691.572475034685,7,2,Model_2
16206,4353.2900390625,3902.6648933002725,7683.465841267229,13,0,Model_2
16207,748.3493041992188,3903.9712865180336,7716.619772464095,2,0,Model_2
16208,2700.017333984375,4303.687563157873,7398.47528883582,0,4,Model_2
16209,1878.6072998046875,4059.9476398276165,7404.060235592682,0,1,Model_2
16210,102218.625,4137.934895838844,7462.649361716525,5,14,Model_2
16211,761.9428100585938,3970.021938396152,7409.584065530711,1,4,Model_2
16212,10123.783203125,4004.231672280701,7426.073241941398,2,33,Model_2
16213,7069.7919921875,3960.7441528767813,7428.645447478542,0,4,Model_2
16214,1232.2088623046875,4024.4655765371863,7432.708126187121,2,12,Model_2
16215,3098.39599609375,4073.994819331914,7436.1158304325945,0,0,Model_2
16216,9245.15234375,3925.402487729909,7452.174362900172,1,1,Model_2
16217,2305.36669921875,4041.0643196799792,7456.408733943739,0,7,Model_2
16218,921.1240234375,4049.6313683677,7452.9554570414475,1,3,Model_2
16219,5391.8505859375,4288.468864717986,7460.844472540688,2,14,Model_2
16220,2710.3779296875,4070.067353886552,7466.260906450247,0,0,Model_2
16221,6510.6474609375,4022.4521290620323,7482.351233794674,0,17,Model_2
16222,7043.99072265625,4247.1494609080255,7477.9292729776935,4,10,Model_2
16223,3670.69384765625,4045.202152179787,7476.9701275260595,2,8,Model_2
16224,959.91943359375,4008.1899792854674,7474.316315138334,0,1,Model_2
16225,17953.462890625,4035.6458719822112,7525.65974210453,1,14,Model_2
16226,1840.329345703125,4168.038559426554,7515.079466918163,0,1,Model_2
16227,9145.0634765625,4262.488303333055,7532.2896804805205,2,27,Model_2
16228,483.699462890625,4167.470522347372,7532.522136357933,0,1,Model_2
16229,8009.06884765625,4137.35581103689,7544.732782173873,0,5,Model_2
16230,2357.712646484375,4184.19631430204,7543.159995599039,1,9,Model_2
16231,13107.826171875,4062.7187769562006,7554.902196896059,7,36,Model_2
16232,15867.02734375,3971.97002017824,7558.049889704183,0,24,Model_2
16233,4798.423828125,4159.6699094269425,7554.662675490457,3,11,Model_2
16234,25418.85546875,4256.166704298696,7564.601753993687,6,87,Model_2
16235,4947.3193359375,4128.821905517485,7561.1290468888765,1,15,Model_2
16236,2295.88623046875,4194.988098162925,7559.066619210556,3,7,Model_2
16237,13802.9580078125,4105.859674058156,7574.373379478842,3,17,Model_2
16238,9691.455078125,4185.365991950501,7577.518246075691,4,18,Model_2
16239,8966.3994140625,4214.895634275861,7577.208069388202,2,19,Model_2
16240,4030.646728515625,4021.270943369018,7575.574519270944,0,6,Model_2
16241,492.84442138671875,4005.7751312162727,7570.998176663037,0,3,Model_2
16242,1649.6510009765625,4010.4998739883304,7582.436206971528,0,1,Model_2
16243,28992.712890625,4154.165381555911,7597.542306239251,5,41,Model_2
16244,12047.646484375,4235.946609695675,7598.958944641112,9,24,Model_2
16245,994.18505859375,4075.19764014869,7580.874018688977,0,1,Model_2
16246,4058.033203125,4033.616773566464,7596.053246173455,1,4,Model_2
16247,3213.228271484375,4045.466376882745,7601.975571901334,0,7,Model_2
16248,5654.56591796875,3988.8997346824035,7594.644379852602,2,3,Model_2
16249,923.0479736328125,4071.801386039937,7591.503046019847,0,1,Model_2
16250,7320.80322265625,4094.086484157713,7606.198638099799,2,26,Model_2
16251,8964.962890625,4290.191849148599,7605.272700630652,2,17,Model_2
16252,9622.248046875,3963.309065846959,7610.008370899217,2,6,Model_2
16253,604.33154296875,4068.872818861855,7599.513235327526,0,3,Model_2
16254,5917.9521484375,4118.462824131828,7616.237693826901,5,10,Model_2
16255,12142.54296875,4257.903038060991,7616.4358818925975,7,27,Model_2
16256,27920.498046875,4212.136925835395,7632.971690789331,3,25,Model_2
16257,10359.3154296875,4058.9561067088507,7624.02637882586,3,10,Model_2
16258,9020.333984375,4081.4216509652324,7634.02869380638,0,8,Model_2
16259,7549.60791015625,4009.049400052754,7633.64892166623,2,4,Model_2
16260,11749.623046875,4142.837322818814,7631.705194861483,1,2,Model_2
16261,4967.0810546875,4039.778640942415,7636.577229824092,0,6,Model_2
16262,5586.24267578125,4107.094257077901,7638.948421084264,1,4,Model_2
16263,4389.9296875,3984.248643395491,7635.153879170452,1,10,Model_2
16264,5815.54541015625,4028.596964532044,7649.925425678433,1,3,Model_2
16265,669.5264282226562,4170.347533485852,7645.247339464608,2,6,Model_2
16266,3129.04296875,3964.4368542132434,7651.283420196327,0,1,Model_2
16267,11562.8037109375,3935.4715663928073,7658.9205496156355,2,3,Model_2
16268,20784.146484375,4007.3830352013465,7672.263799600245,4,3,Model_2
16269,9009.5,4196.795321479673,7660.243216492585,8,4,Model_2
16270,12009.0302734375,4111.371567077702,7663.556595936738,3,5,Model_2
16271,6160.67822265625,4142.189189749537,7659.8676836693485,0,1,Model_2
16272,9740.4296875,4286.483496871544,7674.558329879568,5,0,Model_2
16273,15255.32421875,4087.0256083412096,7681.2232426200935,2,11,Model_2
16274,4173.85302734375,4251.532184595941,7668.609508420981,3,0,Model_2
16275,2846.912841796875,4266.438324545743,7673.462113181071,2,1,Model_2
16276,16659.580078125,4043.590565620456,7693.234640541108,3,8,Model_2
16277,5781.0576171875,4188.4943387820385,7686.611061140487,0,0,Model_2
16278,7088.97509765625,4239.913662814302,7687.519688065571,2,1,Model_2
16279,4648.70068359375,4168.509928931482,7689.094594298862,2,7,Model_2
16280,7742.63525390625,3977.400436242344,7696.439564127562,0,2,Model_2
16281,16550.150390625,4213.306603483856,7713.001868755004,3,4,Model_2
16282,8007.51220703125,4124.013844502857,7713.514119548694,1,4,Model_2
16283,3327.869140625,4181.827038089279,7706.226027221914,2,2,Model_2
16284,9843.560546875,4086.2821886630263,7709.5938112331205,1,2,Model_2
16285,3995.940673828125,3965.633690846851,7715.822427607985,1,0,Model_2
16286,3144.03515625,4288.171036524931,7341.4395190842915,3,11,Model_2
16287,11718.65625,4411.938674737001,7353.4487973468495,2,7,Model_2
16288,454.3169860839844,4595.544001733419,7336.657922882499,0,0,Model_2
16289,649.465576171875,4386.395879366901,7348.0401355182985,0,4,Model_2
16290,1638.8533935546875,4339.186198032461,7359.92082116782,0,2,Model_2
16291,7628.099609375,4486.971125228563,7368.0557170480315,5,1,Model_2
16292,5019.31982421875,4463.984957036562,7364.914736491686,2,8,Model_2
16293,10896.732421875,4470.589193645166,7404.1365432971215,10,4,Model_2
16294,3778.287353515625,4590.986355768284,7399.188200630073,41,0,Model_2
16295,2065.730712890625,4351.526964690303,7399.603653687576,0,5,Model_2
16296,6435.18505859375,4502.864655401092,7400.892759305629,2,4,Model_2
16297,373.9635314941406,4523.4599122565705,7405.506195936527,0,0,Model_2
16298,1277.9451904296875,4601.969633490546,7406.423301495437,8,0,Model_2
16299,7189.4912109375,4530.130895523587,7421.163406402979,1,1,Model_2
16300,8348.94921875,4428.304955379805,7425.149777407118,1,29,Model_2
16301,3052.37939453125,4445.036731517641,7414.064670231659,5,1,Model_2
16302,6848.35009765625,4563.2736035170965,7421.309309560078,25,1,Model_2
16303,12729.3994140625,4494.708674064837,7431.647590405977,3,4,Model_2
16304,4363.0703125,4353.081471348647,7423.943691745284,1,7,Model_2
16305,4000.205322265625,4462.355417927727,7428.091510068538,3,0,Model_2
16306,2622.95361328125,4586.421344654635,7427.708558440703,19,1,Model_2
16307,6439.33154296875,4544.2383771813475,7442.33773455568,10,1,Model_2
16308,5159.17236328125,4452.351244636113,7442.816070814064,2,2,Model_2
16309,21121.77734375,4343.543604022358,7464.29774944298,13,22,Model_2
16310,17960.62890625,4478.474505773513,7468.669898286229,4,5,Model_2
16311,2506.5654296875,4525.581535350531,7443.712333064817,12,0,Model_2
16312,8731.802734375,4311.658495137701,7454.235377472854,0,6,Model_2
16313,9290.3447265625,4441.6865095871035,7458.873543452413,2,3,Model_2
16314,2291.47412109375,4374.179859912023,7449.9042086931,1,4,Model_2
16315,4796.123046875,4410.288881469751,7456.2921527286235,4,39,Model_2
16316,10537.1357421875,4538.072827231139,7469.050376979198,15,1,Model_2
16317,10459.4736328125,4384.604767312529,7466.578855218744,3,24,Model_2
16318,10592.328125,4507.563620153349,7471.745522706828,6,0,Model_2
16319,3443.147705078125,4267.789368976373,7466.188838062721,1,5,Model_2
16320,8513.9892578125,4434.823572136927,7476.494617478951,1,9,Model_2
16321,12219.5908203125,4299.741224519443,7487.783565142658,3,17,Model_2
16322,2721.304443359375,4604.375735445879,7479.3052845924685,72,0,Model_2
16323,20818.96875,4414.335570256691,7506.952696395369,5,23,Model_2
16324,11584.90234375,4516.66003889055,7501.550040265778,3,1,Model_2
16325,6777.64501953125,4352.116636893246,7497.898928574199,0,11,Model_2
16326,21027.939453125,4458.877686863532,7512.787409573706,14,6,Model_2
16327,3319.223876953125,4602.015205346979,7497.55695700986,73,0,Model_2
16328,11115.373046875,4329.753744394286,7514.477130640065,10,52,Model_2
16329,11813.55859375,4291.199493529741,7514.782008181413,3,7,Model_2
16330,16210.314453125,4376.6089779564645,7524.98922347941,0,36,Model_2
16331,11410.201171875,4501.732263816986,7521.299251382792,3,2,Model_2
16332,5547.083984375,4351.137532462599,7532.082307228178,0,3,Model_2
16333,3423.99609375,4589.282704852521,7522.024881127785,33,0,Model_2
16334,10517.126953125,4320.47918112739,7541.524325823324,3,20,Model_2
16335,9306.5966796875,4425.628184216563,7540.35038831475,3,2,Model_2
16336,12265.0869140625,4484.580674213823,7554.614983175183,2,1,Model_2
16337,6965.09521484375,4517.326584831113,7548.806059174734,12,0,Model_2
16338,2295.28271484375,4288.132829817012,7542.848052529502,3,16,Model_2
16339,8237.748046875,4392.175679663662,7553.518766476685,4,7,Model_2
16340,8206.5146484375,4459.064577507088,7552.999096878397,6,0,Model_2
16341,3883.72509765625,4538.140494533116,7554.146185379854,4,1,Model_2
16342,14974.9130859375,4300.1104025887325,7578.188764700812,2,36,Model_2
16343,13354.4951171875,4355.841100432677,7567.431144756905,0,14,Model_2
16344,7975.2314453125,4321.626303008525,7565.510734195181,5,11,Model_2
16345,15313.96875,4431.251935429173,7570.285971421603,6,3,Model_2
16346,3355.807373046875,4504.999627826735,7567.043247259338,10,1,Model_2
16347,11725.1005859375,4399.266936717788,7583.03607031476,4,13,Model_2
16348,1531.670654296875,4560.898803442949,7567.986141996138,7,1,Model_2
16349,4645.95556640625,4530.4324062909,7573.775635794067,8,0,Model_2
16350,5799.21337890625,4458.810019561555,7588.828743600374,0,1,Model_2
16351,4710.26171875,4518.641263840953,7586.265723249875,11,4,Model_2
16352,7556.32958984375,4493.7521254015155,7595.348459736619,4,0,Model_2
16353,8683.83984375,4474.279133050935,7599.528072936722,6,1,Model_2
16354,6185.29541015625,4366.7788062985055,7592.14000338607,3,13,Model_2
16355,6874.474609375,4330.608561943751,7595.511673437781,0,18,Model_2
16356,4649.9462890625,4586.0807065358385,7596.771810390259,41,1,Model_2
16357,227.64749145507812,4564.386661586352,7589.092287801817,1,0,Model_2
16358,5308.80908203125,4384.335479069967,7604.532233276463,1,6,Model_2
16359,6262.466796875,4436.477968621999,7600.815058896318,3,2,Model_2
16360,11795.712890625,4526.564782677218,7612.102946730796,40,1,Model_2
16361,5915.12548828125,4348.912797289435,7610.185362380347,1,1,Model_2
16362,8799.2353515625,4420.366245924728,7620.260099024803,5,5,Model_2
16363,8549.2705078125,4450.0961282253265,7624.0468688576075,3,2,Model_2
16364,8815.056640625,4512.335776068969,7627.739667165501,13,1,Model_2
16365,11362.3505859375,4322.51104147383,7628.346242760512,2,2,Model_2
16366,9483.759765625,4296.772149024531,7640.8744840685395,4,3,Model_2
16367,11562.08203125,4372.072967115091,7639.408386969357,3,5,Model_2
16368,10308.6416015625,4400.908444192959,7634.172124028613,4,0,Model_2
16369,10546.44140625,4347.786389888497,7642.250848959724,4,4,Model_2
16370,4483.80810546875,4489.125431169057,7627.766162896209,18,1,Model_2
16371,3510.210693359375,4570.8965322296135,7632.3803060799255,60,1,Model_2
16372,3028.13818359375,4475.069965872681,7637.645890962653,50,1,Model_2
16373,11893.833984375,4434.206740948837,7656.4189993603795,8,5,Model_2
16374,6510.75634765625,4460.58456003177,7652.566520115419,13,1,Model_2
16375,11497.63671875,4553.438368319534,7668.221610923414,100,1,Model_2
16376,1458.93798828125,4491.266387777869,7651.805209453072,7,0,Model_2
16377,10274.3759765625,4392.719319688389,7664.485712893569,4,2,Model_2
16378,4849.53955078125,4477.6141643626615,7662.074248122721,44,0,Model_2
16379,7074.92822265625,4330.930787191261,7668.516243448888,5,2,Model_2
16380,12575.4267578125,4519.395731241908,7674.370386829745,31,0,Model_2
16381,5194.8818359375,4416.317715850659,7677.993236408569,9,3,Model_2
16382,6627.734375,4367.974261966767,7679.798832137225,3,1,Model_2
16383,9579.4892578125,4439.680427260464,7686.553123809339,41,1,Model_2
16384,2682.916748046875,4484.37951359502,7680.6032425215235,7,0,Model_2
16385,4332.92578125,4398.372071173275,7693.25901661336,7,1,Model_2
16386,2931.08740234375,4464.590740501881,7692.641136173246,22,0,Model_2
16387,5127.13623046875,4446.1833930769935,7701.944317139481,63,2,Model_2
16388,5947.09130859375,4502.72333661397,7704.75427770018,100,1,Model_2
16389,3233.842529296875,4414.322681246791,7707.769491854764,7,0,Model_2
16390,3897.13427734375,4388.442930332152,7711.08075164046,0,0,Model_2
16391,5310.994140625,4366.994697214337,7715.753538708144,1,0,Model_2
16392,642.6456909179688,4323.352049369831,7705.466129665205,0,0,Model_2
16393,4631.4228515625,4524.183998419903,7724.412343503558,33,0,Model_2
16394,764.9561157226562,4368.547822907334,7736.552687314019,3,0,Model_2
16395,5956.525390625,4590.1927610158455,7364.191579681559,33,1,Model_2
16396,4410.04150390625,4604.264337574597,7375.898100061226,27,0,Model_2
16397,3024.677001953125,4618.969316905597,7405.296349749318,2,0,Model_2
16398,7261.474609375,4609.54284745059,7443.63461225474,97,0,Model_2
16399,7166.58056640625,4615.829922351288,7511.10228110067,50,0,Model_2
16400,7821.30224609375,4604.104605916189,7540.704018000601,83,2,Model_2
16401,12652.6201171875,5215.246677100658,7353.246369964239,10,0,Model_2
16402,6678.67138671875,5245.376118708169,7364.003989908146,19,1,Model_2
16403,8267.06640625,5274.548551330576,7381.400380138279,2,0,Model_2
16404,5230.33056640625,5253.225986059289,7392.652587055403,0,0,Model_2
16405,3202.89453125,5238.4206565797795,7381.588323188102,5,0,Model_2
16406,4070.266845703125,5218.566057471791,7389.327549489739,0,0,Model_2
16407,3125.612548828125,5234.592620639363,7400.6069586903905,3,1,Model_2
16408,4903.11865234375,5282.488181429217,7403.8101158947975,0,1,Model_2
16409,3887.098388671875,5254.821921678027,7415.442448228481,0,0,Model_2
16410,4312.37255859375,5234.432428659173,7418.016773424082,2,0,Model_2
16411,5246.443359375,5217.958432719344,7429.737071583717,8,0,Model_2
16412,8390.802734375,5260.098590266891,7437.5469531672425,4,1,Model_2
16413,7084.56103515625,5235.214515367057,7448.284083079401,13,0,Model_2
16414,5151.71240234375,5211.568706061225,7452.145747511007,0,1,Model_2
16415,12612.814453125,5273.793163286056,7460.769931218296,2,0,Model_2
16416,9886.416015625,5245.953362222994,7479.38653816664,10,0,Model_2
16417,10653.228515625,5217.959353362909,7484.159302458196,1,0,Model_2
16418,10227.33203125,5279.279738607584,7493.314813885285,4,0,Model_2
16419,10789.4873046875,5253.639355019666,7510.588970477751,12,1,Model_2
16420,9741.1953125,5233.5628808126785,7525.19165086202,0,0,Model_2
16422,11634.525390625,5251.069378509885,7557.143382437556,9,0,Model_2
16423,7859.90673828125,5260.3149415045045,7590.192743817228,1,0,Model_2
16425,4762.7021484375,5288.233917914098,7597.3066708741535,5,0,Model_2
16426,11759.7265625,5278.870052221464,7621.44498810207,2,2,Model_2
16427,1301.29736328125,5302.287541923346,7627.074447686522,1,0,Model_2
16428,7830.44580078125,5378.969325360376,7345.368659310101,3,2,Model_2
16429,4574.130859375,5427.675512808608,7365.390599815204,0,3,Model_2
16430,5272.171875,5375.260052439757,7373.9402422001,0,1,Model_2
16431,6196.18896484375,5425.4406505562365,7397.731995270355,1,4,Model_2
16432,9608.2509765625,5453.778980109375,7399.332337405125,0,21,Model_2
16433,12248.1259765625,5560.815762827173,7401.539608411316,0,17,Model_2
16434,7172.69921875,5500.575292483438,7403.101090141048,0,16,Model_2
16435,3893.582275390625,5338.112084619701,7399.4181835726195,2,0,Model_2
16436,1663.2567138671875,5527.436449437635,7401.1389929630095,0,1,Model_2
16437,6870.66357421875,5354.0346150645055,7409.2004073500575,1,0,Model_2
16438,1072.086669921875,5372.684091746807,7399.856246320327,0,0,Model_2
16439,731.7024536132812,5383.456081771059,7401.38522662039,0,0,Model_2
16440,8603.7392578125,5311.104545338778,7412.1347212068795,1,0,Model_2
16441,9852.63671875,5547.098634040682,7426.592558263277,2,14,Model_2
16442,966.38330078125,5593.998979137512,7413.066664374986,0,1,Model_2
16443,6151.078125,5389.909793156898,7417.366038277891,1,2,Model_2
16444,11511.158203125,5429.807723303558,7427.37506551019,1,8,Model_2
16445,4360.24267578125,5277.828804350225,7421.771395103628,2,1,Model_2
16446,3438.626220703125,5502.835012112046,7418.147485695576,1,3,Model_2
16447,13648.162109375,5462.402188054519,7437.550839207746,1,35,Model_2
16448,1745.16259765625,5407.747262215475,7424.61703658168,0,0,Model_2
16449,7375.2119140625,5358.202368480153,7430.776057503885,0,0,Model_2
16450,19462.478515625,5606.486588443862,7440.753996412153,1,24,Model_2
16451,3338.01318359375,5322.807766328333,7430.296661416272,0,0,Model_2
16452,7241.39990234375,5523.726255873451,7444.084686400369,0,14,Model_2
16453,1113.25390625,5290.584781255573,7430.263100157375,0,0,Model_2
16454,2530.48291015625,5480.46889736061,7439.284719825286,0,5,Model_2
16455,5465.70654296875,5505.773706369335,7439.904366647446,1,15,Model_2
16456,13696.951171875,5347.256376822246,7455.063104100176,0,0,Model_2
16457,12736.3994140625,5398.261411250569,7447.891946264921,1,0,Model_2
16458,13021.1162109375,5588.25324265263,7463.695766441291,2,18,Model_2
16459,602.0150756835938,5294.689470587065,7449.083194317558,0,0,Model_2
16460,7252.41943359375,5542.510606837925,7455.760471732414,2,9,Model_2
16461,6123.8076171875,5444.020618649432,7456.904027469776,2,9,Model_2
16462,15990.70703125,5489.778905404732,7468.635630474513,1,33,Model_2
16463,10727.3037109375,5429.1420980065595,7472.158149553055,2,2,Model_2
16464,6807.14794921875,5561.31889453507,7471.126935713895,1,10,Model_2
16465,3707.14990234375,5386.4486336768605,7467.213339650101,0,0,Model_2
16466,2225.1298828125,5517.362767556915,7477.125569146214,0,10,Model_2
16467,4581.2255859375,5321.011130412575,7474.411699768883,0,1,Model_2
16468,12584.96484375,5372.949237093329,7488.506368676375,2,1,Model_2
16469,5104.5947265625,5402.115225210786,7482.727826447139,1,1,Model_2
16470,7504.634765625,5622.4022140619345,7484.896237048291,2,15,Model_2
16471,7080.7998046875,5303.466886329232,7488.078550944541,1,1,Model_2
16472,10785.1025390625,5341.783611154184,7494.843440908939,1,0,Model_2
16473,7115.47216796875,5465.031085752416,7496.026563604159,0,17,Model_2
16474,5474.7451171875,5559.003936292604,7496.638791621721,0,5,Model_2
16475,23376.423828125,5597.131468865089,7508.597904634138,6,14,Model_2
16476,14957.9921875,5439.947691520909,7509.164559994882,1,10,Model_2
16477,22088.828125,5493.950801716419,7510.929882212862,1,40,Model_2
16478,13382.6123046875,5416.210278180428,7528.566147125006,1,1,Model_2
16479,2073.830810546875,5317.71476613055,7501.079122811992,0,0,Model_2
16480,4957.9833984375,5397.521674146643,7508.424445917102,2,0,Model_2
16481,10380.671875,5297.5867358839605,7522.459764387808,2,0,Model_2
16482,5983.61083984375,5327.75852709543,7519.777336610918,0,0,Model_2
16483,7335.560546875,5366.948482341133,7520.122134386533,1,0,Model_2
16484,5426.81982421875,5391.670063651865,7528.725828062074,1,2,Model_2
16485,1853.3912353515625,5555.244948619511,7517.918396144436,0,7,Model_2
16486,2035.9996337890625,5572.606444955338,7523.567639207817,0,6,Model_2
16487,4336.98974609375,5464.603446816793,7531.83430718875,2,7,Model_2
16488,7290.00341796875,5272.632231751457,7536.134034368064,16,0,Model_2
16489,8684.8017578125,5548.940841812873,7536.344233831682,0,12,Model_2
16490,2846.09326171875,5512.893043052172,7538.2879606364295,0,5,Model_2
16491,8806.9580078125,5354.094456896186,7547.580896586791,1,1,Model_2
16492,16101.51953125,5595.281895944383,7556.883017723798,0,33,Model_2
16493,3764.248046875,5308.356424299302,7540.534798600478,2,1,Model_2
16494,2239.263916015625,5453.054893946042,7539.570000726293,1,0,Model_2
16495,9033.2900390625,5327.14399751625,7552.520054067194,2,2,Model_2
16496,5145.11279296875,5381.447237513727,7546.9488850903,2,0,Model_2
16497,8228.8564453125,5437.423747189343,7556.384191433666,3,1,Model_2
16498,17022.09765625,5482.865332558518,7562.285673853388,3,38,Model_2
16499,7303.72705078125,5562.504223124124,7553.777364808397,0,12,Model_2
16500,3212.298095703125,5402.888565804809,7554.545740998932,0,0,Model_2
16501,8641.671875,5628.842576116091,7563.93582796189,5,11,Model_2
16502,2667.42578125,5459.495716321981,7553.746629760775,0,3,Model_2
16503,24492.490234375,5513.72070161649,7581.444560090225,6,48,Model_2
16504,3873.80029296875,5303.558030042099,7556.980168736394,5,0,Model_2
16505,7472.533203125,5277.517626825487,7566.463873947854,32,0,Model_2
16506,3863.087158203125,5394.748235409148,7568.308330081549,0,0,Model_2
16507,4884.044921875,5362.513281970052,7567.209287171776,2,1,Model_2
16508,7690.88525390625,5455.774014713243,7579.835386045219,2,0,Model_2
16509,8643.46875,5413.212662735023,7580.384377585491,0,1,Model_2
16510,8118.89990234375,5298.935939027462,7578.908035470435,3,2,Model_2
16511,7033.31005859375,5562.746352381539,7581.351648394542,1,6,Model_2
16512,9271.7802734375,5332.870860808063,7582.328457666648,1,0,Model_2
16513,5144.6171875,5374.973732291255,7581.1054147371615,0,0,Model_2
16514,6306.23486328125,5431.476389763877,7597.272049786028,0,1,Model_2
16515,2766.708251953125,5577.732588321436,7593.793336982257,0,4,Model_2
16516,3504.45166015625,5596.374699855223,7590.92543909041,0,6,Model_2
16517,5112.29443359375,5634.449295422761,7597.884984356409,1,0,Model_2
16518,3375.85546875,5348.61248479248,7595.619069466251,0,0,Model_2
16519,4382.8056640625,5369.220170336077,7599.803275259677,1,0,Model_2
16520,4589.10009765625,5450.150263500633,7601.703902342473,1,0,Model_2
16521,2689.591552734375,5486.913402310805,7599.158899088856,0,3,Model_2
16522,11331.583984375,5321.760073952144,7614.72001837194,24,0,Model_2
16523,5736.52099609375,5387.301149617415,7606.511640998564,3,0,Model_2
16524,5839.87255859375,5410.998054641066,7606.954296339594,0,0,Model_2
16525,8798.0126953125,5466.288224539487,7617.413750993932,1,0,Model_2
16526,2911.091064453125,5304.422054027207,7610.958331164205,4,0,Model_2
16527,5613.02978515625,5351.6174653864,7614.307391525712,4,0,Model_2
16528,3075.8623046875,5482.280723895179,7618.537876528775,0,0,Model_2
16529,4337.22412109375,5539.672723050928,7615.094844642357,0,2,Model_2
16530,4542.337890625,5620.401195274899,7617.4342410256795,0,0,Model_2
16531,6643.986328125,5498.7722120627295,7626.038994530449,0,2,Model_2
16532,8180.3896484375,5583.149655053858,7631.771610826458,1,3,Model_2
16533,3352.612548828125,5441.167544243624,7622.8517347644665,0,0,Model_2
16534,8786.6025390625,5369.514315954875,7634.289765072957,7,0,Model_2
16535,9325.7578125,5407.381766720442,7627.60082953659,0,0,Model_2
16536,6589.74853515625,5560.783540302422,7631.448362911819,2,2,Model_2
16537,2563.224609375,5515.918277804507,7627.802550366381,0,1,Model_2
16538,8107.81103515625,5334.293255114928,7639.838324359647,21,0,Model_2
16539,1180.2349853515625,5546.272816763492,7628.4932057468395,0,0,Model_2
16540,5997.7080078125,5622.285292329267,7640.751190601644,0,0,Model_2
16541,2403.95361328125,5534.929107085802,7636.34442067027,0,0,Model_2
16542,9762.9609375,5599.381521736272,7652.54037766112,1,1,Model_2
16543,7532.95361328125,5438.312168228906,7645.384057435062,0,1,Model_2
16544,7689.4951171875,5297.000285933493,7647.075898159877,7,1,Model_2
16545,3131.890625,5462.98725703964,7639.967623525503,0,0,Model_2
16546,4897.1318359375,5486.980609291,7646.429755607009,0,0,Model_2
16547,10054.9443359375,5391.198233825155,7657.00685130569,0,1,Model_2
16548,4306.30908203125,5413.76919176965,7646.136536187172,0,0,Model_2
16549,4639.21240234375,5346.502369743073,7652.670736656204,19,0,Model_2
16550,1570.7908935546875,5521.216581517132,7646.247464979737,0,0,Model_2
16551,19498.7265625,5556.941234386759,7668.296152245806,4,1,Model_2
16552,6291.07373046875,5464.189157212852,7661.181518636062,0,0,Model_2
16553,13972.5263671875,5318.882602491882,7674.619446698402,7,0,Model_2
16554,6823.0625,5524.380373125896,7665.159411006374,0,0,Model_2
16555,3653.070556640625,5499.504123696359,7661.50547310352,1,1,Model_2
16556,1488.788330078125,5358.52597469301,7660.282430174033,1,0,Model_2
16557,5914.681640625,5620.395671413513,7665.248436661554,0,0,Model_2
16558,4276.25341796875,5367.7011084549595,7668.9769158868,14,0,Model_2
16559,2212.128173828125,5447.948544416577,7664.751376753469,1,0,Model_2
16560,13061.18359375,5426.3299922393635,7676.370284583594,2,0,Model_2
16561,4329.6025390625,5343.854598852107,7673.465292668756,14,1,Model_2
16562,3025.59912109375,5583.413879756816,7676.087663456041,1,0,Model_2
16563,6077.283203125,5636.897286660271,7679.4928947666485,0,0,Model_2
16564,4399.287109375,5492.148181617493,7680.236188332114,5,0,Model_2
16565,5605.6630859375,5513.668224933324,7684.573716087238,0,0,Model_2
16566,8759.728515625,5368.159588949988,7687.358594022866,5,0,Model_2
16567,3438.538818359375,5453.819488426205,7686.000599504972,0,0,Model_2
16568,5477.22412109375,5508.710099017713,7709.745366812771,1,1,Model_2
16569,13229.494140625,5484.7093816178385,7710.791418261128,14,0,Model_2
16570,7231.193359375,5378.918689964339,7711.6233842053625,17,1,Model_2
16571,4086.52001953125,5610.142464037752,7719.133687393682,1,0,Model_2
16572,6595.73681640625,5622.937568294583,7344.353342909366,0,13,Model_2
16573,5624.17138671875,5728.314890987705,7346.655291993287,2,6,Model_2
16574,1518.565185546875,5758.560794006102,7340.371917774959,0,4,Model_2
16575,3576.88671875,5880.698432787554,7359.116057507112,0,1,Model_2
16576,7173.88330078125,5690.493472400354,7369.632742939779,0,6,Model_2
16577,5527.1513671875,5930.04999137437,7366.929825131141,5,0,Model_2
16578,1205.614013671875,5850.016144719673,7368.488127373188,0,1,Model_2
16579,2693.850830078125,5774.783454252873,7380.219730377925,0,2,Model_2
16580,4496.974609375,5915.818222835427,7389.90868918327,1,1,Model_2
16581,3486.001953125,5887.620751747629,7380.2490523199085,1,0,Model_2
16582,1035.5838623046875,5855.127557788743,7378.416607584135,0,0,Model_2
16583,18513.267578125,5629.350771363592,7406.890686185128,2,19,Model_2
16584,3520.444091796875,5859.974746154854,7390.228404333815,0,0,Model_2
16585,4169.13623046875,5874.946251797723,7394.258934889134,0,1,Model_2
16586,2123.990966796875,5928.818170285318,7387.68163469815,0,0,Model_2
16587,3449.33544921875,5945.759392834036,7389.074603580579,6,1,Model_2
16588,4201.11572265625,5894.391624841373,7397.458559329447,1,0,Model_2
16589,1352.0333251953125,5977.543230926618,7394.458889336878,4,0,Model_2
16590,3361.329833984375,5825.376500686165,7396.758718762343,2,2,Model_2
16591,9017.072265625,5852.248245041352,7409.51517663087,1,2,Model_2
16592,7762.7890625,5775.615716035012,7409.440282032068,0,11,Model_2
16593,4895.86962890625,5928.03102003783,7409.233615332545,2,0,Model_2
16594,5982.212890625,5707.243201087695,7408.601603836054,0,1,Model_2
16595,12799.9580078125,5665.46623742627,7420.066836428072,0,14,Model_2
16596,3696.384033203125,5950.586787363514,7408.040600897861,3,1,Model_2
16597,3703.32470703125,5906.753105979413,7410.902139814338,0,0,Model_2
16598,4749.90087890625,5830.029433260206,7416.313981130574,0,0,Model_2
16599,5508.44677734375,5808.03894108301,7415.201513717242,2,7,Model_2
16600,2809.58056640625,5729.829349651001,7420.400329358585,1,1,Model_2
16601,6569.07666015625,5931.929945532698,7428.412285048311,8,0,Model_2
16602,4718.85302734375,5689.947530766716,7426.394016921171,0,4,Model_2
16603,4328.28125,5883.283599916147,7416.593776046851,1,0,Model_2
16604,6428.4033203125,5901.412452662829,7431.6302798619145,1,1,Model_2
16605,8700.322265625,5784.709833163302,7432.565402517706,2,11,Model_2
16606,3682.853271484375,5865.459940511035,7431.29148778526,2,0,Model_2
16607,16931.666015625,5719.906653314829,7443.033335805871,2,7,Model_2
16608,6140.92333984375,5852.218324125512,7449.6099294440355,1,1,Model_2
16609,686.3046264648438,5842.460422987351,7435.408217784483,0,0,Model_2
16610,3064.63232421875,5879.815075287595,7439.012696990016,1,0,Model_2
16611,4241.68017578125,5981.91674817889,7447.172675495298,11,0,Model_2
16612,2907.123046875,5819.610510042869,7443.227991107473,2,1,Model_2
16613,9459.9921875,5640.709671660094,7453.755981385242,0,22,Model_2
16614,4621.392578125,5910.974717043573,7450.661633314943,2,0,Model_2
16615,630.205322265625,5835.388039126294,7442.339854214137,0,0,Model_2
16616,2803.702880859375,5761.991111926734,7451.674830057222,0,2,Model_2
16617,2631.035888671875,5929.810163725866,7451.00537126133,6,0,Model_2
16618,4201.14013671875,5832.280867096735,7455.449941768515,0,2,Model_2
16619,4508.5380859375,5873.916511971038,7454.815104060748,1,1,Model_2
16620,7206.974609375,5697.1925352960825,7468.081693064509,1,11,Model_2
16621,2033.9718017578125,5920.826984147076,7467.085806866293,1,0,Model_2
16622,1278.4298095703125,5764.7498203672,7464.522433239385,0,1,Model_2
16623,3275.9755859375,5824.359189547598,7470.638707716047,0,0,Model_2
16624,5083.26171875,5872.876184743363,7472.011539843137,4,0,Model_2
16625,9038.845703125,5759.929790986236,7480.839210762264,0,9,Model_2
16626,1868.1082763671875,5844.599998630816,7472.711380410241,0,0,Model_2
16627,1081.5855712890625,5908.901888058521,7468.133624696697,0,0,Model_2
16628,6515.08056640625,5959.155217016581,7491.572101357509,7,0,Model_2
16629,5376.2841796875,5900.467412044061,7483.18885216146,3,0,Model_2
16630,5323.9169921875,5928.48996085464,7485.8483169717365,7,1,Model_2
16631,4563.03955078125,5857.2022280609235,7487.147314329253,3,2,Model_2
16632,2831.307373046875,5884.533373554703,7485.195108890679,1,0,Model_2
16633,4875.45263671875,5642.391687452095,7490.940089861018,1,4,Model_2
16634,3362.63720703125,5834.535983507521,7483.765045985259,2,0,Model_2
16635,7636.4619140625,5737.874393437756,7492.871098715026,3,12,Model_2
16636,4531.361328125,5805.1071516524535,7487.669810138817,0,3,Model_2
16637,3412.93408203125,5788.098261801759,7489.117536864709,1,0,Model_2
16638,4400.328125,5822.24447128037,7496.218392694485,0,1,Model_2
16639,5164.5009765625,5875.659750560066,7500.902484607272,2,2,Model_2
16640,4368.9853515625,5850.1487173929345,7506.2302461380605,4,0,Model_2
16641,2179.053466796875,5913.5884241226595,7497.237948412134,2,0,Model_2
16642,3479.072998046875,5783.622092792066,7504.692787204171,3,0,Model_2
16643,5231.6318359375,5972.1086719664745,7507.752514186344,10,0,Model_2
16644,2742.957763671875,5838.137080809334,7509.8085828892945,0,0,Model_2
16645,2978.4794921875,5896.088831252186,7507.448696474225,1,1,Model_2
16646,3693.9560546875,5923.162196547957,7511.046463427978,2,0,Model_2
16647,4138.64111328125,5772.0855082876515,7515.4549997414,1,2,Model_2
16648,5007.48046875,5807.596571850358,7512.463455106248,0,0,Model_2
16649,4104.7353515625,5906.601199791301,7520.346464906528,4,2,Model_2
16650,2688.145751953125,5866.219011129811,7516.219489891431,0,0,Model_2
16651,3780.294189453125,5827.803777443478,7521.494613237213,3,0,Model_2
16652,6221.67626953125,5790.060613559093,7530.555799862981,1,0,Model_2
16653,6360.57275390625,5882.9590730597265,7528.336870735278,2,0,Model_2
16654,2851.68310546875,5928.913917216007,7526.862295002269,11,0,Model_2
16655,4972.927734375,5766.346676629502,7533.486227679299,2,1,Model_2
16656,2708.575439453125,5943.053621398518,7528.618078757194,3,0,Model_2
16657,4281.70556640625,5841.46981051215,7533.013190567057,3,1,Model_2
16658,7869.04931640625,5723.61408494832,7539.522661687428,2,1,Model_2
16659,4789.69140625,5818.611151453806,7538.795265560388,1,0,Model_2
16660,8338.5908203125,5856.048201353056,7543.762331877137,6,0,Model_2
16661,5209.7451171875,5911.694660310866,7541.956029595662,2,0,Model_2
16662,4742.0087890625,5745.689276333433,7539.473202990106,2,0,Model_2
16663,7145.18212890625,5700.342517251382,7544.941921808262,4,37,Model_2
16664,4096.9267578125,5803.336754078278,7544.5582636276085,0,0,Model_2
16665,3718.8740234375,5891.806457712781,7544.779414659919,0,0,Model_2
16666,3682.860107421875,5927.341458008159,7549.051233002887,6,0,Model_2
16667,4047.183349609375,5682.256014108658,7551.37084590728,1,8,Model_2
16668,4792.587890625,5943.105177438119,7552.4476324032585,6,1,Model_2
16669,4418.56591796875,5760.648813609965,7553.910903291166,0,2,Model_2
16670,4491.66064453125,5651.217436981387,7554.5740031116875,1,7,Model_2
16671,5658.33935546875,5782.735513039632,7558.650106323825,0,0,Model_2
16672,6305.39111328125,5825.7419961811975,7563.316887692548,2,0,Model_2
16673,3417.216064453125,5872.044843604788,7555.705547451129,2,0,Model_2
16674,3663.477783203125,5673.170182772446,7564.718335208803,0,1,Model_2
16675,5760.71826171875,5730.312687522266,7562.007292042748,2,0,Model_2
16676,6122.79248046875,5804.9575470732525,7571.875361987681,3,0,Model_2
16677,4525.71630859375,5906.180005360628,7565.59975985036,2,0,Model_2
16678,3876.955810546875,5752.862470664782,7570.207544058707,0,1,Model_2
16679,5499.9765625,5846.3975551901385,7571.090028529492,0,1,Model_2
16680,3835.947021484375,5876.204771550139,7571.030324816296,1,0,Model_2
16681,3441.30322265625,5893.7227772919,7572.007840641221,4,0,Model_2
16682,617.9799194335938,5661.943855149206,7563.6457880297385,0,0,Model_2
16683,1871.5872802734375,5925.249755830038,7566.853891103878,2,1,Model_2
16684,5743.33837890625,5616.665684012696,7583.7669992058945,0,12,Model_2
16685,7033.2646484375,5708.584118439117,7576.375750167557,1,2,Model_2
16686,6195.1064453125,5940.746028304566,7579.864001434384,14,0,Model_2
16687,3189.50390625,5856.712906006491,7584.277483617538,0,0,Model_2
16688,2324.604248046875,5914.787102043396,7580.128958741465,3,0,Model_2
16689,4791.337890625,5787.837719673058,7583.037483420398,3,3,Model_2
16690,4035.875,5770.884068436222,7581.457631317375,2,1,Model_2
16691,3892.51904296875,5650.421540620038,7580.254725143226,1,0,Model_2
16692,4992.7919921875,5687.334744331194,7583.185506235954,1,1,Model_2
16693,2941.233154296875,5728.038697918411,7583.976845393103,0,0,Model_2
16694,3343.21435546875,5667.6932742083445,7585.360275812476,0,0,Model_2
16695,3102.6669921875,5740.173240417847,7589.310965899262,0,0,Model_2
16696,3870.428955078125,5832.1708501908,7586.364640644519,1,0,Model_2
16697,2623.870361328125,5865.977342194179,7590.937097211921,1,0,Model_2
16698,1747.6802978515625,5924.717623849865,7586.197540902853,0,0,Model_2
16699,4895.4345703125,5880.396922020242,7594.169223081903,3,1,Model_2
16700,4331.65625,5755.646496803267,7592.558635931258,0,0,Model_2
16701,1945.82763671875,5813.037575315451,7590.426612800278,1,1,Model_2
16702,2076.342529296875,5704.243284033379,7594.375889781426,1,0,Model_2
16703,6088.04833984375,5893.778015905758,7601.7258054798585,6,0,Model_2
16704,2073.594482421875,5650.415096115088,7598.043958740658,0,1,Model_2
16705,5040.41259765625,5669.381274183514,7603.974056549545,0,0,Model_2
16706,4887.91064453125,5915.276884419611,7603.694261633267,23,2,Model_2
16707,5210.0537109375,5774.091590614291,7607.384940282704,2,0,Model_2
16708,6219.8154296875,5826.386906997999,7604.671070905373,1,0,Model_2
16709,3572.09814453125,5933.092258032644,7604.289885659586,11,0,Model_2
16710,6706.38623046875,5601.808798493585,7609.888610196416,1,1,Model_2
16711,5318.279296875,5797.333237395389,7605.208757600543,0,0,Model_2
16712,3413.6455078125,5849.2506295959465,7606.206056904397,1,0,Model_2
16713,2713.32421875,5724.092819601763,7603.342398329463,0,1,Model_2
16714,6386.4150390625,5688.910425791517,7611.635562041105,2,0,Model_2
16715,6762.81396484375,5711.108062770683,7617.539870672103,0,1,Model_2
16716,6733.18798828125,5737.8458534872625,7617.949671307055,4,0,Model_2
16717,6253.76220703125,5865.210906426888,7619.6365661621385,2,2,Model_2
16718,3468.268798828125,5754.9877763330005,7615.402195118571,0,0,Model_2
16719,4792.18212890625,5652.26374839223,7618.6894321084255,0,1,Model_2
16720,5507.11328125,5639.486596684903,7631.942243332218,1,0,Model_2
16721,2791.28857421875,5836.823322443059,7620.502799918089,0,0,Model_2
16722,6455.30859375,5900.1419645440765,7625.255427454307,17,0,Model_2
16723,2077.994873046875,5805.940334078157,7621.083939611621,1,1,Model_2
16724,2279.795166015625,5669.694753317162,7625.365649694053,0,1,Model_2
16725,4167.69873046875,5791.803391826339,7627.400168536027,4,1,Model_2
16726,3616.69482421875,5817.40188613208,7627.925490556867,2,0,Model_2
16727,4452.51904296875,5922.892908305395,7628.675143097702,9,0,Model_2
16728,1168.8533935546875,5775.831146629062,7625.54476083364,0,0,Model_2
16729,3213.193115234375,5871.684871971142,7637.1385860386945,17,0,Model_2
16730,5355.73828125,5684.108348960057,7637.473492074845,1,0,Model_2
16731,7012.68798828125,5833.4588305372745,7641.817378805339,7,0,Model_2
16732,11252.7109375,5765.273206233513,7644.224604259274,5,0,Model_2
16733,7179.3525390625,5711.093332473654,7640.2417660192295,2,0,Model_2
16734,4014.0771484375,5883.988812886411,7654.478098766907,31,0,Model_2
16735,3738.169189453125,5734.98541393294,7645.377345183282,4,0,Model_2
16736,4692.2822265625,5801.6524366773665,7646.257356719201,5,0,Model_2
16737,6020.712890625,5907.47166828136,7647.446131836972,10,0,Model_2
16738,7440.998046875,5844.455457591219,7660.2124814449635,11,0,Model_2
16739,571.9158325195312,5874.353357342305,7649.521277466032,1,0,Model_2
16740,2479.26904296875,5860.39225801127,7656.967990900652,5,0,Model_2
16741,3965.587646484375,5646.703061263775,7659.764880234201,0,0,Model_2
16742,1147.97802734375,5696.205605395138,7655.673939412867,0,0,Model_2
16743,892.0687255859375,5688.9592199004255,7657.577745983348,0,0,Model_2
16744,5560.833984375,5712.995382077526,7661.343319231586,1,0,Model_2
16745,5547.05908203125,5743.570415170165,7664.697678739234,2,0,Model_2
16746,2035.130126953125,5798.017275563674,7661.142658231023,3,0,Model_2
16747,3715.238037109375,5802.753986702068,7671.660050216509,7,0,Model_2
16748,3472.550048828125,5822.812508359551,7667.3539640618255,6,1,Model_2
16749,5067.00439453125,5903.118865509285,7666.336174726224,21,0,Model_2
16750,3563.815673828125,5777.587734549772,7667.025417001045,1,0,Model_2
16751,4624.265625,5868.453873382183,7676.6511393291,10,0,Model_2
16752,4974.5185546875,5756.277137644822,7679.393624095595,1,0,Model_2
16753,3501.53076171875,5721.458858364262,7676.150193380512,0,0,Model_2
16754,6302.71826171875,5681.537451806711,7678.7672650216555,0,1,Model_2
16755,5567.818359375,5852.7845199175645,7685.383072341268,18,1,Model_2
16756,4358.4716796875,5884.65443818341,7681.223595896503,13,1,Model_2
16757,2734.262451171875,5702.119359330507,7679.893156938546,0,1,Model_2
16758,3721.986572265625,5777.48922568839,7682.078524807352,3,0,Model_2
16759,6253.62744140625,5728.767847621348,7691.056338200491,3,0,Model_2
16760,2798.26416015625,5798.278738335939,7688.131209530315,1,0,Model_2
16761,4931.66748046875,5814.50139858271,7690.264999043342,7,0,Model_2
16762,2627.693359375,5784.3871475940105,7700.6795875936805,0,0,Model_2
16763,6055.203125,5871.423869520659,7704.55820929294,19,0,Model_2
16764,3825.336669921875,5747.533785714535,7700.885547740385,0,1,Model_2
16765,3146.443359375,5684.954880717443,7709.75243234096,4,0,Model_2
16766,4207.83642578125,5798.937919127988,7709.134905177256,14,0,Model_2
16767,4118.4326171875,5845.95610660105,7711.987612183497,8,0,Model_2
16768,2738.246826171875,5674.832404727815,7718.282644523337,0,0,Model_2
16769,3141.419677734375,5738.453017917927,7719.2767643395055,0,1,Model_2
16770,4408.50927734375,5853.271080041304,7726.91036099472,16,0,Model_2
16771,3590.580810546875,5647.7157691845205,7732.609769308241,3,0,Model_2
16772,7960.08984375,5990.407383450773,7388.043743017828,27,0,Model_2
16773,4762.56396484375,5963.510781719349,7391.384324745508,8,1,Model_2
16774,4358.1005859375,5973.709671124816,7412.092681314156,31,1,Model_2
16775,4513.986328125,5988.486920975614,7425.646130762383,17,0,Model_2
16776,9789.185546875,5953.902945482172,7439.268115834042,17,0,Model_2
16777,2290.0849609375,5971.170996496221,7429.841994677321,6,0,Model_2
16779,5912.29052734375,5947.028960309224,7465.2879832186445,7,0,Model_2
16780,6379.255859375,5976.121296941536,7466.032336613338,14,0,Model_2
16781,6544.20166015625,5987.17776582716,7484.817809685395,11,0,Model_2
16782,2272.2724609375,5946.2491752102505,7482.883974620112,13,0,Model_2
16783,4473.8798828125,5942.945906101493,7507.323283348873,10,0,Model_2
16784,6209.4970703125,5960.74286684324,7531.1945236112515,8,2,Model_2
16785,7388.1044921875,5959.625665877946,7566.684671703755,6,0,Model_2
16787,4868.94970703125,6718.814587352565,7351.005184422742,10,1,Model_2
16788,4905.76025390625,6761.770895419875,7351.298403842578,0,0,Model_2
16789,757.9127197265625,6816.539520739112,7337.11329617427,0,0,Model_2
16790,4199.54443359375,6703.848605571082,7373.208960032556,12,2,Model_2
16791,6602.89697265625,6732.9183864360675,7403.013124315097,8,1,Model_2
16792,2952.57421875,6832.708783659153,7395.4699664207,0,8,Model_2
16793,4389.228515625,6686.616459656041,7398.101169118221,50,7,Model_2
16794,10372.80859375,6812.833470070967,7411.064646962681,2,3,Model_2
16795,6127.23095703125,6713.752889035968,7414.47517741943,18,1,Model_2
16796,5031.8349609375,6755.765077128075,7410.135530005849,6,3,Model_2
16797,4225.92041015625,6790.3937038343865,7408.475484157883,0,1,Model_2
16798,1495.34326171875,6771.646638934268,7409.455119641265,0,0,Model_2
16799,4060.266845703125,6696.533171809046,7416.837536769366,19,3,Model_2
16800,5772.240234375,6895.337403408717,7419.550699593878,0,4,Model_2
16801,6431.28076171875,6734.911579752807,7430.304080220871,13,3,Model_2
16802,4221.46728515625,6682.650327180978,7432.660433871846,11,0,Model_2
16803,5620.6337890625,6760.301087969448,7434.397493977071,4,1,Model_2
16804,11736.701171875,6786.450587448431,7442.564538010542,2,3,Model_2
16805,5346.3349609375,6706.57785341749,7439.732321036048,27,0,Model_2
16806,4793.20556640625,6841.941457643872,7443.12200818464,14,9,Model_2
16807,3605.16943359375,6723.824729629559,7452.025280255388,4,0,Model_2
16808,5753.87255859375,6747.0221855195705,7454.148118199722,2,0,Model_2
16809,3827.60693359375,6810.565464650281,7452.035525271262,4,2,Model_2
16810,4395.21142578125,6952.338589371415,7450.791285757208,0,13,Model_2
16811,2431.248046875,6681.251409285003,7452.362305949995,6,3,Model_2
16812,3959.069091796875,6703.034756660229,7459.156871132785,6,0,Model_2
16813,2102.537353515625,6775.96906046872,7462.420791879616,1,0,Model_2
16814,1193.7275390625,6735.768698911183,7463.518068407342,2,0,Model_2
16815,3376.345703125,6761.928785791155,7469.580998146179,4,0,Model_2
16816,11290.197265625,6835.532397470903,7482.255495887715,17,4,Model_2
16817,2360.3515625,6739.0061420050915,7477.173968014307,0,0,Model_2
16818,3506.26513671875,6716.946601560572,7478.777489636763,6,0,Model_2
16819,8349.369140625,6782.176499701105,7486.4594851600705,2,0,Model_2
16820,4428.7763671875,6754.490446113283,7486.699006565672,7,0,Model_2
16821,6236.59912109375,6804.159166408004,7488.932420026162,2,0,Model_2
16822,3681.4365234375,6723.946714901831,7496.657161995012,9,1,Model_2
16823,614.8649291992188,6710.324872724246,7493.19752611735,2,0,Model_2
16824,4112.064453125,6766.25166764739,7502.335727000376,4,1,Model_2
16825,3019.508056640625,6847.663717717864,7496.262198969256,2,1,Model_2
16826,1194.267333984375,6693.358792799292,7513.263272897224,0,0,Model_2
16827,833.944580078125,6701.939190818695,7509.780320776539,2,0,Model_2
16828,4607.3134765625,6851.119813658297,7515.648241937364,12,0,Model_2
16829,5197.4248046875,6727.162983193761,7517.3916610179585,10,1,Model_2
16830,14298.0888671875,6783.630195889156,7530.192631714075,5,0,Model_2
16831,7226.39697265625,6826.451629674295,7535.626729444106,7,2,Model_2
16832,1567.90869140625,6805.58386232378,7531.2249053824635,0,1,Model_2
16833,10420.5517578125,6754.212872078642,7544.4678248667915,10,1,Model_2
16834,6909.71044921875,6970.205058702268,7537.105191217619,1,9,Model_2
16835,1538.328125,6811.6301889324095,7532.8248942408245,0,1,Model_2
16836,2368.261474609375,6913.387541130651,7531.734329964878,0,0,Model_2
16837,2121.494140625,6841.859520366648,7542.95050268824,0,0,Model_2
16838,6413.1396484375,6805.678228289122,7558.3275649620045,3,1,Model_2
16839,2028.3016357421875,6867.123821058543,7555.794573106308,1,0,Model_2
16840,12231.5830078125,6841.360991876572,7567.332227362262,3,1,Model_2
16841,3352.9501953125,6786.409158488037,7561.811576911918,4,0,Model_2
16842,6220.97900390625,6733.791156535037,7570.3576865327195,29,1,Model_2
16843,4138.31396484375,6957.333080707816,7565.401218508254,0,0,Model_2
16844,5229.1923828125,6765.001433687052,7569.982860262302,1,0,Model_2
16845,2878.9091796875,6716.359691288322,7571.276558473677,13,0,Model_2
16846,3499.083251953125,6891.2930162306875,7575.7031118839805,1,1,Model_2
16847,6675.9794921875,6823.274028412066,7583.700936517329,11,0,Model_2
16848,3415.88232421875,6875.508121998748,7577.116570798156,6,1,Model_2
16849,3143.382568359375,6781.610303909052,7579.394850362645,4,1,Model_2
16850,5300.1416015625,6800.277733140858,7585.9149197752995,10,0,Model_2
16851,3332.607666015625,6768.9252165581565,7593.73433982188,9,0,Model_2
16852,5039.0029296875,6913.2370159078855,7598.40995310084,0,0,Model_2
16853,4124.4677734375,6864.870085613104,7597.443388844607,8,0,Model_2
16854,5959.83447265625,6889.242743012961,7604.0705010093225,0,0,Model_2
16855,5298.87744140625,6726.464214728447,7605.998330375645,16,0,Model_2
16856,3244.18212890625,6784.574776186142,7600.5737711086695,0,0,Model_2
16857,2710.532470703125,6754.050378489541,7603.223697455891,7,0,Model_2
16858,3428.120361328125,6815.285143882735,7602.997953830258,4,0,Model_2
16859,1266.972900390625,6833.105581035372,7602.5033668570395,1,0,Model_2
16860,3627.4248046875,6982.8671299640555,7608.658148462331,6,2,Model_2
16861,6188.39990234375,6798.357730987482,7617.137842118158,12,1,Model_2
16862,1227.6353759765625,6858.329833732219,7610.696906621219,1,0,Model_2
16863,10745.38671875,6954.805453801993,7624.012247769482,3,1,Model_2
16864,2489.75048828125,6776.148125641979,7616.729101312434,4,0,Model_2
16865,5048.73046875,6906.670986007201,7620.076395291893,2,0,Model_2
16866,7444.77294921875,6843.833840490319,7621.889763101557,2,0,Model_2
16867,3340.08251953125,6928.712573902216,7620.751859786746,11,0,Model_2
16868,3836.049072265625,6819.197418709286,7622.483620745828,1,0,Model_2
16869,9512.2841796875,6875.891570043284,7632.569308958977,2,0,Model_2
16870,1341.37109375,6733.486883837031,7621.5333072044305,3,0,Model_2
16871,3038.485595703125,6785.590706359362,7631.999120834138,6,0,Model_2
16872,4963.34130859375,6923.298729422269,7640.179236094758,1,0,Model_2
16873,3696.767333984375,6747.728319133399,7640.677002555662,14,0,Model_2
16874,2961.476318359375,6767.411218216643,7639.608341417101,3,0,Model_2
16875,9856.8232421875,6807.829772298923,7651.875158182142,10,0,Model_2
16876,1443.8326416015625,6857.127933559008,7636.724899363238,2,0,Model_2
16877,4158.0869140625,6830.23041118402,7641.6665297785075,1,0,Model_2
16878,12657.0849609375,6901.450936997542,7653.5942011904845,3,1,Model_2
16879,2302.973388671875,6781.756686235778,7645.474142919469,8,0,Model_2
16880,7802.02734375,6962.96833996498,7657.166532242758,3,0,Model_2
16881,5585.22607421875,6855.263630341273,7653.9446513886505,2,0,Model_2
16882,4162.1669921875,6787.687472077087,7661.453541471332,10,0,Model_2
16883,7591.58740234375,6764.612922102911,7663.100516092149,34,3,Model_2
16884,5723.81201171875,6833.720110614551,7662.951786723774,8,0,Model_2
16885,2536.5390625,6876.981612023432,7664.005256976729,1,0,Model_2
16886,2016.9322509765625,6927.738993332954,7669.948072736355,3,0,Model_2
16887,10799.93359375,6887.907809844706,7685.728576669702,4,1,Model_2
16888,2966.6474609375,6812.721611877903,7680.2128720890905,6,0,Model_2
16889,523.5905151367188,6947.777260832023,7673.002500572387,0,0,Model_2
16890,3659.23828125,6829.166607545456,7682.335003480606,4,0,Model_2
16891,3152.587646484375,6937.033350436483,7682.484086125391,0,0,Model_2
16892,7721.87890625,6914.011277145473,7692.943187503319,2,1,Model_2
16893,8067.24072265625,6955.672700039577,7695.199210654013,2,0,Model_2
16894,5105.71728515625,6974.423447513953,7686.928656632575,5,0,Model_2
16895,8181.1474609375,6837.804545787629,7700.90780415418,1,1,Model_2
16896,2539.157470703125,6809.159641927574,7693.4773414343945,2,0,Model_2
16897,4621.078125,6812.131019031396,7709.086506309162,7,0,Model_2
16898,140.05880737304688,6988.818169963779,7708.718745566934,0,0,Model_2
16899,3349.104248046875,6890.536247220822,7733.752971769194,1,0,Model_2
16900,7595.70361328125,7163.0301706735045,7354.181139343622,0,7,Model_2
16901,968.9317626953125,7328.917251952924,7361.919305816031,0,0,Model_2
16902,5706.70361328125,7180.106727826176,7371.226726099179,0,1,Model_2
16903,4452.0458984375,7203.20015099342,7382.063479958801,1,0,Model_2
16904,5699.32080078125,7175.30327002937,7393.580997459416,3,9,Model_2
16905,4556.57421875,7298.105153142475,7395.199003414658,9,1,Model_2
16906,1801.39892578125,7191.737217974151,7396.199482206197,0,0,Model_2
16907,9856.818359375,7267.098798539955,7405.832270062441,4,0,Model_2
16908,16533.67578125,7153.423715401674,7414.395336950896,2,30,Model_2
16909,1563.472412109375,7202.55984339444,7403.220850843849,0,0,Model_2
16910,5831.673828125,6959.3704649156425,7422.271987775806,0,8,Model_2
16911,4216.0546875,7288.646461162716,7415.832818660914,5,0,Model_2
16912,1005.12841796875,7313.146167374449,7410.348555680743,3,0,Model_2
16913,4390.80712890625,7182.853928222088,7418.290915917809,2,5,Model_2
16914,3436.98046875,7199.53138638963,7420.856409203174,0,0,Model_2
16915,3858.228515625,7238.041446363088,7426.662506992347,0,0,Model_2
16916,15450.16015625,7126.834148298949,7442.297107768594,3,22,Model_2
16917,8646.46484375,7260.9005657432135,7446.480960285611,4,1,Model_2
16918,5813.548828125,7286.669379108353,7449.400789809646,7,0,Model_2
16919,3716.98388671875,7230.647757898085,7448.467786812311,1,1,Model_2
16920,1918.523681640625,7211.581229681149,7457.866705685505,1,0,Model_2
16921,557.7664184570312,6966.261942316312,7453.368083887675,0,1,Model_2
16922,9010.478515625,7172.858961366117,7466.915527636942,1,3,Model_2
16923,7363.556640625,7140.525499065639,7465.954262526851,0,4,Model_2
16924,2501.205322265625,7195.294124384876,7467.630912366061,0,1,Model_2
16925,7280.10546875,7218.924743071897,7473.643676854757,1,0,Model_2
16926,10949.865234375,7281.786285643233,7481.434128235764,4,0,Model_2
16927,2693.51171875,7099.512209240813,7474.965283902478,0,5,Model_2
16928,2211.575927734375,7300.461540345335,7472.831494389451,0,0,Model_2
16929,2578.102294921875,6932.843961897073,7473.905454674154,0,3,Model_2
16930,7383.55517578125,7241.582241511438,7498.073800396873,2,0,Model_2
16931,6535.5283203125,7257.875791312661,7484.489615901024,2,0,Model_2
16932,5525.80126953125,7311.922171755694,7485.194049061451,0,0,Model_2
16933,3682.171875,7196.471167181851,7485.066163001233,0,0,Model_2
16934,11918.2490234375,7044.746806174051,7501.437345091166,0,14,Model_2
16935,3370.98974609375,6932.4393390505575,7491.672078581381,0,4,Model_2
16936,8181.2177734375,7189.315925400006,7504.268855512841,1,4,Model_2
16937,5206.78125,7155.450972530292,7502.156615860789,0,8,Model_2
16938,845.2911376953125,7130.301752283936,7497.8088430897915,0,0,Model_2
16939,3954.26611328125,7265.934184431098,7503.919465143903,4,2,Model_2
16940,3220.265625,7133.313177382806,7510.0230216698255,0,5,Model_2
16941,1257.7880859375,7218.631057774881,7508.011465794465,0,0,Model_2
16942,3953.949462890625,7280.761609356152,7513.750794342253,0,0,Model_2
16943,1397.4088134765625,7170.0602049306035,7513.810498055449,0,2,Model_2
16944,4165.3955078125,6979.671115830541,7518.052641180024,1,1,Model_2
16945,6948.69287109375,7155.16879527783,7524.930226319033,1,1,Model_2
16946,2085.502197265625,7118.252369314199,7521.66135970247,0,10,Model_2
16947,2702.254638671875,7302.121921013575,7523.198112083541,0,0,Model_2
16948,8656.5078125,7256.845130842412,7532.557817275287,0,0,Model_2
16949,5015.02197265625,7182.989723147824,7528.613839440281,1,1,Model_2
16950,5671.42529296875,7104.256285527721,7532.866227580729,2,8,Model_2
16951,5615.1005859375,7133.619751689723,7535.948564253107,2,7,Model_2
16952,6562.15234375,7226.010015942855,7538.915026263188,1,2,Model_2
16953,2900.166015625,7011.209602413233,7539.273955095181,0,2,Model_2
16954,4383.80712890625,7172.709817108698,7548.232338285801,1,0,Model_2
16955,4369.11962890625,7115.854553150944,7549.285455262347,1,6,Model_2
16956,5328.58837890625,7193.302772355266,7550.014264495025,0,2,Model_2
16957,4900.9296875,7151.471030401764,7549.518617692578,1,0,Model_2
16958,857.9132080078125,6950.546556673478,7542.9127021124295,0,3,Model_2
16959,8658.142578125,7059.24464070308,7567.381332783174,3,5,Model_2
16960,8135.32177734375,7217.638604012551,7561.427565454855,0,0,Model_2
16961,4381.80908203125,7246.261872748844,7559.263394170615,3,1,Model_2
16962,5843.35205078125,7134.0446286946535,7567.5544382238,1,1,Model_2
16963,2047.813232421875,7161.710888445843,7563.112340651482,0,0,Model_2
16964,2052.6474609375,7096.821628424106,7566.316910961526,0,0,Model_2
16965,6922.1787109375,7112.868445750093,7575.324399573059,2,8,Model_2
16966,4260.677734375,7191.165498320712,7572.127601344022,0,1,Model_2
16967,3973.71923828125,7174.399658370996,7579.503659496753,2,1,Model_2
16968,11508.017578125,7252.815473961411,7580.061836223671,2,0,Model_2
16969,1816.220703125,7151.958971490851,7575.737026419287,0,0,Model_2
16970,6872.0166015625,7215.287740671076,7585.517837091087,2,0,Model_2
16971,3847.699951171875,7282.696341806557,7584.784788541496,0,0,Model_2
16972,5133.9404296875,7033.975276471581,7589.95074947676,3,4,Model_2
16973,16261.0078125,7129.237028001808,7606.507401681651,2,1,Model_2
16974,5653.31884765625,7056.330343500245,7596.014385768416,1,2,Model_2
16975,8483.9482421875,7081.039956444642,7598.892881952546,2,0,Model_2
16976,3167.567626953125,7190.347046192037,7591.6139748124115,1,0,Model_2
16977,7241.77734375,7272.787455123849,7607.093840521324,13,0,Model_2
16978,5540.46240234375,6938.169424594846,7602.998307106667,7,0,Model_2
16979,1599.21435546875,7292.86669126153,7597.832346171403,2,0,Model_2
16980,4893.06787109375,7206.186718716053,7607.060985815246,1,0,Model_2
16981,3370.917724609375,7184.264354162617,7606.056267706794,0,0,Model_2
16982,9385.5263671875,7246.584097996354,7611.1695904570515,4,0,Model_2
16983,13011.134765625,7160.9403097825125,7630.111918254901,1,2,Model_2
16984,4821.8173828125,7003.945724690799,7616.243699525861,9,7,Model_2
16985,1050.566162109375,7147.662327976199,7615.077887374704,0,0,Model_2
16986,9466.2275390625,7108.599421542371,7628.890641707461,1,1,Model_2
16987,8259.9833984375,7224.005314581562,7626.719404895033,2,1,Model_2
16988,3288.33447265625,7192.687782454304,7624.2012506485335,1,0,Model_2
16989,4752.49609375,7065.006488450337,7626.347758112301,2,0,Model_2
16990,3582.742919921875,6984.0032041224185,7626.785467583599,4,2,Model_2
16991,2048.118408203125,7179.893598841038,7631.889251870802,1,0,Model_2
16992,3652.06884765625,7010.369515160797,7634.229354806943,3,0,Model_2
16993,6565.6494140625,7204.415400498314,7645.374518972007,2,0,Model_2
16994,2726.8056640625,7023.985833476996,7637.825355378649,0,0,Model_2
16995,7620.77880859375,7070.325506643159,7645.347669964889,1,0,Model_2
16996,1678.4805908203125,7271.53906245064,7633.836511439644,0,0,Model_2
16997,5734.30810546875,6991.771134196315,7646.423396631639,1,1,Model_2
16998,7257.6171875,7253.49398826831,7648.345220299001,2,0,Model_2
16999,2094.707275390625,7187.424002875341,7644.065983151435,1,0,Model_2
17000,6476.966796875,6941.3861532085575,7655.797939432581,1,2,Model_2
17001,8049.3896484375,7043.483683203813,7661.273370502517,1,0,Model_2
17002,4970.05029296875,7108.0557815176435,7651.489027066622,2,0,Model_2
17003,3813.14892578125,7009.958908131113,7656.866247294733,0,0,Model_2
17004,714.5230102539062,7022.522930853302,7656.910760122322,0,0,Model_2
17005,603.0836181640625,7127.274676244473,7655.095625930611,1,0,Model_2
17006,2264.962646484375,7188.306900053518,7659.269586708164,1,0,Model_2
17007,4274.1494140625,7094.482273127185,7665.420128996542,1,0,Model_2
17008,2162.475341796875,7149.961635278072,7660.99286903342,0,0,Model_2
17009,2364.070068359375,7078.023007484386,7668.687582507468,0,0,Model_2
17010,2580.534912109375,6977.947210756363,7668.988220731902,2,0,Model_2
17011,6425.1513671875,7123.393242977327,7673.262865286146,3,1,Model_2
17012,2792.478271484375,6992.903525780421,7667.634818807332,0,1,Model_2
17013,6104.99462890625,7064.190337930573,7675.389942547394,0,0,Model_2
17014,4734.49462890625,7223.280307774665,7679.505259440979,3,1,Model_2
17015,4338.384765625,7237.526346288854,7679.4840628564125,5,0,Model_2
17016,7584.205078125,7152.81885257992,7683.932166127692,5,0,Model_2
17017,1003.8571166992188,7167.739722826751,7669.225622479047,1,0,Model_2
17018,7024.14208984375,7176.041165846167,7684.8895451972785,3,0,Model_2
17019,8864.5029296875,6998.409894938581,7692.807176085684,2,0,Model_2
17020,3560.597900390625,7089.04311094922,7682.707003539748,0,0,Model_2
17021,4067.68017578125,7193.595537008718,7686.775687947287,2,0,Model_2
17022,8718.365234375,7047.195257733343,7697.23196311394,1,0,Model_2
17023,1969.86083984375,7028.647512164898,7690.428919297323,0,0,Model_2
17024,8582.22265625,7135.386927011423,7704.165012649231,5,1,Model_2
17025,5042.1298828125,7117.131485774647,7695.276224911271,8,0,Model_2
17026,4780.2080078125,7099.683909265557,7699.555462058837,3,0,Model_2
17027,5113.24267578125,7206.343688443769,7700.255655902351,4,1,Model_2
17028,2771.776611328125,7261.54869881249,7697.513524412265,1,0,Model_2
17029,4705.2939453125,7077.837958127959,7702.444203258841,3,0,Model_2
17030,4278.86962890625,7023.421939293854,7713.2057092432515,1,2,Model_2
17031,4965.85205078125,7192.527590474114,7723.681414612423,3,0,Model_2
17032,4605.546875,7066.3773267176,7715.645436126855,3,1,Model_2
17033,4866.67626953125,7178.469363247044,7720.073049366387,4,1,Model_2
17034,5131.9189453125,6960.881701326463,7719.783009434235,1,0,Model_2
17035,2487.32470703125,7152.969377802685,7719.044308462093,1,0,Model_2
17036,6501.13427734375,7270.064651782392,7723.298816260998,9,2,Model_2
17037,5415.3369140625,7244.341870595468,7392.923550061445,0,0,Model_2
17038,4228.0380859375,7338.849615046522,7399.927608155034,10,0,Model_2
17039,5481.04345703125,7225.819442725042,7405.928361245809,0,0,Model_2
17040,3776.400146484375,7362.438344451366,7407.174720418319,5,0,Model_2
17041,4686.818359375,7346.481750194682,7418.785149614618,7,0,Model_2
17042,4570.904296875,7219.828815052053,7426.764603874675,2,0,Model_2
17043,3253.751708984375,7313.898333166493,7427.9759886826505,13,0,Model_2
17044,3676.2060546875,7360.402341208886,7444.610361697618,3,0,Model_2
17045,1524.4847412109375,7335.585473289248,7458.17970858427,15,1,Model_2
17046,6278.76025390625,7345.706107991748,7476.219061879587,91,0,Model_2
17047,2848.060791015625,7365.718137149233,7477.70988832743,1,0,Model_2
17048,1383.33154296875,7326.0660188342445,7489.873195104505,0,0,Model_2
17049,6643.81298828125,7356.6396709615365,7499.249151011085,11,0,Model_2
17050,2078.835693359375,7337.356331185205,7512.761973672226,2,0,Model_2
17051,4256.087890625,7236.171619283967,7518.957735341013,1,1,Model_2
17052,4556.87548828125,7348.159623090643,7522.955057913845,11,0,Model_2
17053,2248.815673828125,7343.529246283928,7539.557636051963,10,0,Model_2
17054,3956.837646484375,7348.839058041107,7562.498346251872,20,0,Model_2
17055,3993.654052734375,7328.3087065569125,7563.147668292426,30,0,Model_2
17056,4087.274658203125,7364.14659858495,7573.383852255996,15,0,Model_2
17057,2997.908447265625,7326.051288537215,7579.65733473486,4,0,Model_2
17058,5491.75439453125,7346.412701927358,7588.550008513324,14,0,Model_2
17059,1892.4052734375,7327.661954452982,7592.2307954232965,7,0,Model_2
17060,4401.52001953125,7364.645127075026,7596.327388667181,15,0,Model_2
17061,3217.91845703125,7331.141987126088,7605.860552575963,2,0,Model_2
17062,1811.8275146484375,7290.323873736896,7609.697840935318,0,0,Model_2
17063,3382.60595703125,7295.720686310902,7620.164007841435,0,0,Model_2
17064,8023.2607421875,7361.049553634599,7622.879996877222,3,0,Model_2
17065,10791.9072265625,7311.873837968567,7640.314894235984,1,0,Model_2
17066,6324.947265625,7333.10387856164,7629.673855507193,2,0,Model_2
17067,3697.986328125,7281.08567589079,7641.856945763197,0,0,Model_2
17068,7067.45947265625,7325.172534255078,7662.644789523969,0,0,Model_2
17069,5741.78662109375,7232.540601066314,7652.478554289468,8,0,Model_2
17070,10230.76171875,7348.370450466871,7663.483820996393,1,0,Model_2
17071,4542.23193359375,7290.444017722039,7663.857587437582,0,0,Model_2
17072,7055.7177734375,7266.658730916213,7674.880517964979,2,0,Model_2
17074,3984.34033203125,7245.655628961744,7689.6446456683625,0,0,Model_2
17075,3410.658447265625,7308.971048810286,7709.249720010324,1,0,Model_2
17080,3545.50732421875,1189.862848123128,7675.770421240362,30,0,Model_2
17081,11008.4501953125,1144.0969660584233,7695.818857476173,177,4,Model_2
17082,7124.44189453125,1178.9798054689309,7694.630082358402,109,2,Model_2
17083,1928.2957763671875,1201.0851479307748,7687.782878990605,17,0,Model_2
17084,3512.447021484375,1199.5673519345582,7705.0835313137795,57,0,Model_2
17085,7862.13232421875,1135.2174739610637,7720.877459750685,114,0,Model_2
17086,10289.7080078125,1223.7912103183335,7724.708035858261,202,2,Model_2
17087,6806.7529296875,1176.6085728885955,7720.696582229051,169,0,Model_2
17088,8998.2412109375,1274.6693110152264,7732.412641071773,62,0,Model_2
17089,9838.6015625,1109.7508618459105,7733.770988866076,36,1,Model_2
17090,6284.80078125,1199.2483489395236,7729.54227024506,96,0,Model_2
17091,9474.5361328125,1156.2074567447416,7740.946386018244,89,0,Model_2
17092,9938.2041015625,1237.1563080219203,7749.199982772028,178,0,Model_2
17093,4813.20654296875,1179.4623377770768,7747.185953961802,74,0,Model_2
17094,16276.36328125,1269.017710334796,7762.842811151844,243,0,Model_2
17095,7852.2177734375,1205.6052776706638,7756.850536694896,145,1,Model_2
17096,11746.6337890625,1130.4964137632633,7764.641694628721,62,0,Model_2
17097,5387.38427734375,1183.4764587979298,7769.34274380916,61,0,Model_2
17098,4655.25439453125,1155.713876713824,7775.22656240841,49,1,Model_2
17099,5541.4853515625,1245.3228767591645,7778.397571459558,86,1,Model_2
17100,6877.90771484375,1222.8768961785245,7781.903839823266,70,0,Model_2
17101,9255.876953125,1200.7358787785633,7792.824320191925,125,0,Model_2
17102,4557.6533203125,1173.4056539283483,7789.211715628975,58,0,Model_2
17104,6973.3798828125,1149.4708776237676,7796.4295059502765,10,0,Model_2
17105,9601.9921875,1239.5694298844319,7807.360584611219,127,0,Model_2
17106,8327.9609375,1284.3786482053692,7813.612870505516,117,2,Model_2
17107,10400.60546875,1183.6740519229206,7817.056608944753,14,0,Model_2
17108,5431.93310546875,1213.6037138769752,7820.441703500022,20,0,Model_2
17109,19864.033203125,1246.0265936836367,7843.665388103895,67,2,Model_2
17110,4965.64208984375,1211.8060422372073,7841.7548692816345,13,1,Model_2
17111,7085.4208984375,1274.5583734657266,7863.499738835584,16,0,Model_2
17113,29417.087890625,1326.7334307838464,7692.523848405312,24,0,Model_2
17114,4045.805908203125,1327.672832460783,7729.81429308033,108,0,Model_2
17115,5770.03466796875,1350.3167514077504,7743.569463358348,78,0,Model_2
17116,7492.00634765625,1385.596158033586,7759.862218085385,179,0,Model_2
17117,8306.5751953125,1347.264012428932,7762.708919392666,162,3,Model_2
17118,6802.51220703125,1312.9884525295347,7767.9229259196145,84,0,Model_2
17119,3493.67138671875,1409.0660093381885,7766.118390020187,97,0,Model_2
17120,11232.1064453125,1432.0884278705344,7779.480716930906,58,2,Model_2
17121,4991.25927734375,1292.9963322891272,7778.036876245518,120,1,Model_2
17122,10994.091796875,1370.0025275021326,7785.232763429434,133,2,Model_2
17123,6958.224609375,1401.2267293880577,7788.027533104527,121,0,Model_2
17124,8419.232421875,1341.0172156841727,7789.523305422103,95,0,Model_2
17125,4789.5234375,1616.5032307208749,7785.825914520887,127,0,Model_2
17126,5945.5712890625,1320.917265066295,7796.8198763827095,106,0,Model_2
17127,9624.41015625,1483.488073146611,7793.246485501208,210,2,Model_2
17128,15067.904296875,1588.8514711058233,7804.676390452281,313,2,Model_2
17129,1405.1346435546875,1276.8080810955726,7791.951374184195,6,0,Model_2
17130,4744.7861328125,1302.5177431117045,7798.511717107525,52,1,Model_2
17131,1419.2218017578125,1518.0769970992114,7790.886952362547,24,1,Model_2
17132,18639.939453125,1549.213162444299,7805.289678299072,330,0,Model_2
17133,6130.46435546875,1262.658479994745,7804.891535785631,149,0,Model_2
17134,6630.75439453125,1412.8423741585575,7808.523217274691,121,1,Model_2
17135,8814.3154296875,1444.6728198315832,7808.137439435581,264,1,Model_2
17136,9243.3896484375,1505.4972083559842,7808.493895332707,143,1,Model_2
17137,7811.79833984375,1379.3004520994727,7810.344357165362,122,0,Model_2
17138,439.34088134765625,1614.0235923608416,7801.381734657829,6,0,Model_2
17139,6997.32666015625,1332.9761997130117,7822.580792159191,79,0,Model_2
17140,3139.05322265625,1475.4793947806465,7817.075332594453,73,0,Model_2
17141,4816.67919921875,1307.0568611251074,7822.614706694498,51,0,Model_2
17142,11100.9912109375,1356.630640052259,7832.009739527188,125,0,Model_2
17143,4885.68017578125,1610.4335427818005,7826.178205836535,62,0,Model_2
17144,8545.1220703125,1424.8777173139388,7833.905067463842,219,1,Model_2
17145,6909.5703125,1392.3429793142132,7830.815665263275,147,0,Model_2
17146,2963.200439453125,1508.7395999090513,7824.939972021442,59,0,Model_2
17147,6875.6953125,1529.4756001494243,7834.4462869231065,113,0,Model_2
17148,5961.28125,1469.334329149744,7837.886492598249,119,1,Model_2
17149,10694.5009765625,1495.3168469022494,7840.386983024277,183,1,Model_2
17150,7684.6689453125,1449.3063038103282,7838.888384495425,134,0,Model_2
17151,5710.43701171875,1556.6187041951925,7838.494481298898,79,0,Model_2
17152,5396.54345703125,1579.6795595963486,7838.662287593383,76,1,Model_2
17153,3982.578125,1317.8436965268338,7840.364020057663,25,0,Model_2
17154,3988.240478515625,1600.843774174573,7844.824134726863,44,1,Model_2
17155,1387.4544677734375,1282.8699435643503,7841.1044874118525,3,0,Model_2
17156,4516.6748046875,1404.1168596973293,7850.318289446499,108,0,Model_2
17157,4798.22998046875,1298.728489281435,7850.5026997322275,46,0,Model_2
17158,5926.5537109375,1615.4958165006246,7855.876033919834,107,0,Model_2
17159,6970.96826171875,1336.266004409641,7866.3623375812895,24,0,Model_2
17160,10290.9833984375,1385.9763838256476,7865.365391553845,153,1,Model_2
17161,9541.951171875,1544.5950992452563,7861.519624560664,171,1,Model_2
17162,10329.2265625,1360.6251973973704,7863.117847036978,89,3,Model_2
17163,6528.2646484375,1521.0894579220912,7866.1927649047575,129,0,Model_2
17164,7185.87548828125,1587.6883530427585,7866.224206505198,128,1,Model_2
17165,3344.537353515625,1569.2070088913897,7859.993470471876,52,0,Model_2
17166,4699.47119140625,1319.2518208584515,7861.665174441354,26,1,Model_2
17167,4341.58837890625,1420.4909658104298,7860.68059308824,116,1,Model_2
17168,8792.783203125,1444.2889114652644,7867.3967309081345,143,0,Model_2
17169,5556.63134765625,1481.7675054053543,7869.231648578774,131,1,Model_2
17170,1723.827392578125,1466.3912618355243,7866.023545504635,32,0,Model_2
17171,5836.97705078125,1501.2277238264796,7870.98672578088,131,0,Model_2
17172,9790.6884765625,1606.6460151582141,7885.690796494659,56,1,Model_2
17173,4888.892578125,1416.8831938427757,7878.393872257642,103,2,Model_2
17174,9807.1357421875,1568.7735008530435,7888.158785491018,70,1,Model_2
17175,8151.875,1456.1752254436724,7886.52488209735,183,2,Model_2
17176,3402.362548828125,1282.0245626114192,7882.629303130438,1,0,Model_2
17177,10325.6494140625,1406.6574906934984,7897.928997870535,86,1,Model_2
17178,4855.4140625,1325.816699954681,7893.3289857431955,2,0,Model_2
17179,174.13096618652344,1543.7302696970291,7881.69806651515,1,0,Model_2
17180,8308.42578125,1352.7980008940212,7894.342182485474,10,0,Model_2
17181,7034.09521484375,1377.0668557320023,7900.024280254933,22,0,Model_2
17182,8076.537109375,1497.2063527375576,7899.286639112019,47,0,Model_2
17183,2651.612548828125,1309.0550029010046,7891.797532508266,0,0,Model_2
17184,5330.69970703125,1546.4641207612585,7898.561009367026,27,0,Model_2
17185,1155.6363525390625,1430.4523291763035,7898.809715959273,7,0,Model_2
17186,12802.419921875,1465.7781132216915,7908.6590622545045,65,2,Model_2
17187,3812.549560546875,1528.397526535613,7907.031164559798,6,0,Model_2
17188,227.25047302246094,1622.344944297336,7898.416166039155,0,0,Model_2
17189,2127.38134765625,1587.17751094501,7904.34732367727,1,0,Model_2
17190,3548.245849609375,1427.1350202531903,7914.666527597059,23,1,Model_2
17191,8770.7919921875,1721.4908910254017,7722.8158874092915,283,1,Model_2
17192,3191.8701171875,1779.7328743519029,7731.181119508459,111,0,Model_2
17193,3974.040771484375,1741.6009687224869,7743.266705475457,52,0,Model_2
17194,853.8231201171875,1696.5110691948794,7737.253587710351,6,0,Model_2
17195,5963.671875,1716.1928174736677,7746.699139069591,120,0,Model_2
17196,2335.88232421875,1806.3141556625487,7753.573897997325,1,0,Model_2
17197,1079.8663330078125,1765.1519517411944,7754.237351094256,36,1,Model_2
17198,3579.760498046875,1700.4585586377652,7762.052178547514,96,0,Model_2
17199,2681.252685546875,1749.9248524287832,7763.306663077441,65,0,Model_2
17200,396.5220642089844,1687.3873763920856,7758.636348944623,22,0,Model_2
17201,4020.813232421875,1736.9881992239389,7772.9292059178115,91,0,Model_2
17202,2610.77001953125,1791.7639595307992,7770.290937692102,2,0,Model_2
17203,3815.31591796875,1668.5770172469201,7780.21235237486,126,0,Model_2
17204,4220.0859375,1701.2498517812928,7781.662905312027,62,0,Model_2
17205,2787.3583984375,1774.3967091726954,7793.081505417998,0,0,Model_2
17206,2887.22314453125,1759.1723717909772,7796.815637065796,3,0,Model_2
17207,3776.93603515625,1650.5534631079063,7797.039261032973,47,0,Model_2
17208,2667.580078125,1677.4402830014587,7798.310702830553,37,0,Model_2
17209,2282.48779296875,1739.1585013463628,7815.924358052493,0,0,Model_2
17210,2454.035888671875,1750.6797801515204,7815.106169888226,1,0,Model_2
17211,2578.69287109375,1650.8015765484888,7817.920723042247,27,0,Model_2
17212,921.0625,1680.0009379951516,7822.135663883295,19,0,Model_2
17213,168.3447265625,1702.6865160634043,7824.709635802486,2,0,Model_2
17214,1139.403076171875,1716.9195504872478,7834.883643117995,5,0,Model_2
17215,3467.724609375,1650.5227366289473,7868.701733964612,6,0,Model_2
17216,4337.390625,1634.9755985974916,7882.739878646593,1,0,Model_2
17218,4821.52197265625,2580.1005713320337,7688.749089970428,28,1,Model_2
17219,486.8489074707031,2556.753971184604,7692.400201662007,4,0,Model_2
17220,7844.77734375,2623.29072286468,7702.328681872954,56,1,Model_2
17221,6310.49951171875,2573.514747594716,7709.216512027837,30,0,Model_2
17222,6157.0302734375,2550.172980825999,7712.0865295781405,140,1,Model_2
17223,4237.482421875,2607.5587656376883,7718.202097501984,23,0,Model_2
17224,4461.56396484375,2567.8953694390366,7731.596925842372,45,0,Model_2
17225,5353.2939453125,2572.0635831764666,7755.115596248128,49,1,Model_2
17226,5830.220703125,2611.3014118875144,7760.489636988554,28,0,Model_2
17227,3482.6416015625,2591.607004759717,7766.335655011993,36,0,Model_2
17228,5369.80859375,2607.0222606005846,7785.883851852035,93,1,Model_2
17229,6813.3134765625,2618.1841431743233,7818.856552250858,127,2,Model_2
17230,2696.291259765625,2632.842630005325,7861.411875255784,0,0,Model_2
17231,1966.777587890625,2695.017142316792,7674.680916793644,1,3,Model_2
17232,1766.392333984375,2714.941250013886,7676.091549496545,1,3,Model_2
17233,7605.78125,2647.944406712544,7699.290504751756,35,0,Model_2
17234,3494.03564453125,2712.1045170313446,7698.405194069695,6,22,Model_2
17235,7758.9873046875,2704.946513318806,7712.356079478544,16,6,Model_2
17236,11998.5361328125,2675.884097602335,7733.709872047242,30,0,Model_2
17237,9542.7421875,2651.5857821702957,7728.849141929735,50,0,Model_2
17238,976.5316162109375,2691.843453789712,7719.069744363573,2,0,Model_2
17239,18407.783203125,2772.8375316819875,7740.293531213596,1,56,Model_2
17240,5688.2119140625,2589.990354660782,7729.520720384084,67,0,Model_2
17241,10860.5693359375,2625.222002901719,7739.3283800630015,92,1,Model_2
17242,782.4044799804688,2696.719412267208,7728.878463871719,3,0,Model_2
17243,8006.24072265625,2738.7658943320857,7741.880448844808,16,13,Model_2
17244,2793.2490234375,2595.426064425381,7745.548871080449,37,0,Model_2
17245,17276.205078125,2824.24373654346,7764.621911149792,10,93,Model_2
17246,6882.9736328125,2722.485003379872,7763.040292664722,18,0,Model_2
17247,11820.44921875,2763.7855339967646,7768.886310688162,11,4,Model_2
17248,1249.9495849609375,2707.3231546800816,7761.798526085535,1,0,Model_2
17249,5426.54443359375,2742.3513406933052,7776.040864532173,13,1,Model_2
17250,1356.049072265625,2680.413433777867,7771.301308223105,7,0,Model_2
17251,12897.771484375,2702.945264370879,7784.7745639263885,47,0,Model_2
17252,21343.376953125,2853.3572479777504,7789.646598888998,5,11,Model_2
17253,8778.7294921875,2638.2152756857686,7787.675669800723,94,0,Model_2
17254,5368.53759765625,2586.2230811956106,7782.860865616443,87,1,Model_2
17255,348.9400634765625,2659.0462172937114,7780.915725706058,0,0,Model_2
17256,12250.0458984375,2791.7841460746713,7792.971636454662,18,9,Model_2
17257,4115.1796875,2618.59958358272,7794.717881746532,30,0,Model_2
17258,4772.15673828125,2678.083054755698,7794.743670924421,30,1,Model_2
17259,231.01805114746094,2726.4246673524613,7795.244616873009,1,0,Model_2
17260,5721.3271484375,2740.683134554769,7799.173050546,35,1,Model_2
17261,5701.45751953125,2654.994464967167,7799.301996435446,56,0,Model_2
17262,29325.515625,2877.6610872711753,7831.366776462004,8,3,Model_2
17263,11363.5380859375,2765.9218873877544,7816.674717146147,21,1,Model_2
17264,2459.24951171875,2812.755946147954,7812.303628132126,1,0,Model_2
17265,5349.5263671875,2706.1896122915205,7810.6859754532925,41,0,Model_2
17266,2773.259765625,2666.2518643107032,7812.090249180823,26,1,Model_2
17267,2805.4853515625,2798.8760936114704,7812.297622433165,7,0,Model_2
17268,3379.22802734375,2684.554948851932,7816.028927869687,29,1,Model_2
17269,10600.0849609375,2731.775447748252,7824.374376489926,68,1,Model_2
17270,4838.28466796875,2643.6422393365065,7821.12670645793,77,2,Model_2
17271,16852.3203125,2828.791025268496,7841.1557124912215,18,0,Model_2
17272,2484.9140625,2798.3016120273387,7825.921373886871,6,0,Model_2
17273,6861.0625,2675.4688873548293,7832.349591433071,46,1,Model_2
17274,5511.611328125,2704.9863311529625,7833.915665756125,77,0,Model_2
17275,12916.8603515625,2787.3701205055695,7845.538459626754,74,3,Model_2
17276,3078.600830078125,2634.9449195844354,7839.684316245897,54,1,Model_2
17277,5850.6591796875,2656.321802826016,7843.376054724562,64,0,Model_2
17278,5628.72802734375,2747.238346893573,7846.232294494897,79,1,Model_2
17279,5396.2568359375,2717.9457702860236,7853.483292798686,57,0,Model_2
17280,11587.51953125,2914.048373346217,7861.815316915367,24,3,Model_2
17281,5291.7568359375,2696.487640249892,7855.957994046825,31,0,Model_2
17282,6361.81640625,2763.5275236378657,7862.706280019978,30,0,Model_2
17283,3540.499755859375,2675.3312511419645,7856.759578219848,26,0,Model_2
17284,4246.71044921875,2652.4827191628283,7864.53377888602,58,0,Model_2
17285,6807.19775390625,2735.2425914114574,7868.8423379755695,66,0,Model_2
17286,6014.40966796875,2844.97593912913,7867.318303545238,12,0,Model_2
17287,7673.41748046875,2866.417497581104,7876.569552879286,23,0,Model_2
17288,8777.9326171875,2813.8459881281015,7877.524105737597,122,2,Model_2
17289,3143.56884765625,2791.8697659261525,7869.345756859024,43,0,Model_2
17290,4448.3271484375,2687.660509755253,7873.369928438973,84,0,Model_2
17291,13961.361328125,2892.997167765512,7890.648677624762,51,1,Model_2
17292,8989.9453125,2683.2713415623875,7889.071298456605,76,0,Model_2
17293,6412.1806640625,2715.3822382811923,7882.983992645517,117,1,Model_2
17294,2331.28369140625,2778.92712853814,7880.248220130801,26,0,Model_2
17295,8656.3935546875,2754.6281226234278,7892.0282220036315,112,1,Model_2
17296,5879.23193359375,2837.602965144324,7888.963902428135,54,0,Model_2
17297,3289.27685546875,2795.314814143814,7889.99193677961,59,0,Model_2
17298,3256.188720703125,2736.116512314882,7893.918957346963,58,1,Model_2
17299,8943.9833984375,2774.964908798225,7906.560953658831,108,0,Model_2
17300,5748.640625,2713.3927275387105,7905.961796868418,112,0,Model_2
17301,7095.63037109375,2860.2176536581246,7903.705067164905,68,0,Model_2
17302,8305.9267578125,2934.9080850655446,7911.491632505407,86,0,Model_2
17303,7025.0283203125,2914.8599206481595,7915.415473585075,64,0,Model_2
17304,7143.072265625,2826.2479775829706,7908.932851471822,90,1,Model_2
17305,5138.78564453125,2800.196066321805,7910.127985564963,54,0,Model_2
17306,5746.5390625,2731.170124604716,7920.559531382954,75,0,Model_2
17307,4113.490234375,2752.2408938611625,7920.816010056209,88,1,Model_2
17308,5687.67578125,2871.1834391526645,7921.320488768892,61,0,Model_2
17309,6614.72802734375,2842.392843448557,7931.069151287433,59,0,Model_2
17310,12452.6845703125,2790.5967460375978,7939.772115634027,144,0,Model_2
17311,8184.8447265625,2817.566078610602,7935.963795940246,146,0,Model_2
17312,7375.29638671875,2894.086058941204,7936.849813175126,61,1,Model_2
17313,4347.8095703125,2758.556508712354,7937.2567875988025,74,1,Model_2
17314,4830.4306640625,2865.2876377668,7940.040958981612,87,0,Model_2
17315,8788.7412109375,2931.595379360253,7946.097176468669,108,1,Model_2
17316,5001.32470703125,2960.2329180717934,7951.014784088096,66,0,Model_2
17317,2358.7001953125,2773.0789704567287,7949.754293859209,43,1,Model_2
17318,491.8849792480469,2911.245474014664,7942.775671667099,0,1,Model_2
17319,1631.89892578125,2853.50869384408,7951.448607518891,6,0,Model_2
17320,7874.34423828125,2880.5728527042083,7959.5018965485215,88,0,Model_2
17321,3172.22265625,2840.5101273595355,7956.438283525844,43,0,Model_2
17322,5224.0419921875,2825.148038684507,7964.620518444921,71,0,Model_2
17323,1432.9683837890625,2910.9036850914126,7954.957702093874,13,0,Model_2
17324,1998.098388671875,2807.7082876457134,7961.946922578267,11,0,Model_2
17325,2755.9404296875,2922.4393489522627,7965.020780616818,53,0,Model_2
17326,6032.88623046875,2855.0213112202473,7971.981738988456,126,0,Model_2
17327,3255.189208984375,2905.706882331753,7971.167790141102,23,1,Model_2
17328,5602.38330078125,2948.5531734931283,7975.036520100897,61,0,Model_2
17329,5280.71484375,2885.729147147038,7981.4230510307825,40,1,Model_2
17330,3657.9736328125,2915.7237144723767,7986.514823920064,35,0,Model_2
17331,2632.42431640625,2899.146376292454,7992.860021510045,42,0,Model_2
17332,5594.08837890625,3250.033099246444,7687.0646680502105,12,0,Model_2
17333,1274.411865234375,3131.4056442148285,7678.342626777507,0,1,Model_2
17334,799.1727905273438,3125.6401138933143,7697.172259400744,0,0,Model_2
17335,6166.1279296875,3198.399035102804,7708.258779681841,12,0,Model_2
17336,4890.84619140625,3232.6713727497263,7709.969344056357,12,0,Model_2
17337,10241.638671875,3179.4588652150705,7726.36631532418,15,0,Model_2
17338,3671.36669921875,3203.1815482585225,7741.962055695389,5,0,Model_2
17339,5616.81591796875,3228.356086202897,7745.125645941938,10,1,Model_2
17340,353.87298583984375,3111.80284112168,7741.738785004622,0,0,Model_2
17341,6495.5703125,3242.26355804631,7766.561045361217,6,0,Model_2
17342,6304.32470703125,3204.222105647088,7760.63130082874,8,0,Model_2
17343,4789.927734375,3177.173597727553,7766.871928601526,6,0,Model_2
17344,7665.83251953125,3219.9441659557633,7777.720693859068,10,0,Model_2
17345,3307.68310546875,3064.55679436645,7780.745446476707,0,1,Model_2
17346,1370.3927001953125,3081.3893809745787,7779.217526005872,0,0,Model_2
17347,4799.41064453125,3154.9633018993773,7785.8425185121305,4,0,Model_2
17348,6272.70263671875,3182.4755840144353,7787.252444662212,9,0,Model_2
17349,6529.720703125,3133.338305217214,7792.649448369251,8,0,Model_2
17350,9238.4111328125,3106.6497689313255,7799.3564010025,9,6,Model_2
17351,5244.50146484375,3224.0658871931955,7798.161266909359,6,0,Model_2
17352,3324.67724609375,3195.331450746511,7802.187558147765,9,0,Model_2
17353,7378.3876953125,3167.3330688294955,7806.481632904528,9,0,Model_2
17354,7968.45654296875,3206.1467110182857,7819.630227587535,20,0,Model_2
17355,6034.681640625,3166.077771329554,7825.315504844679,10,0,Model_2
17356,5439.60302734375,3047.910638080095,7836.606925443251,0,0,Model_2
17357,9887.853515625,3196.2896105360705,7845.856761671661,26,2,Model_2
17358,4360.22119140625,3071.9309191557113,7844.483222991752,8,2,Model_2
17359,7469.09423828125,3162.344331515371,7844.631952360127,26,0,Model_2
17360,8171.9033203125,3106.6437847481575,7857.586245017941,38,0,Model_2
17361,14554.9443359375,3135.255085118115,7871.4622358279885,42,0,Model_2
17362,7078.1025390625,3048.5633743671933,7861.2048552798515,2,2,Model_2
17363,4306.3212890625,3017.9080151235685,7862.463932403101,3,0,Model_2
17364,5631.42724609375,3075.352490962483,7865.774132359569,19,0,Model_2
17365,7287.74951171875,3179.2266328759724,7866.983044232678,13,1,Model_2
17366,2771.30029296875,3156.3141161691165,7870.225768394943,3,0,Model_2
17367,5052.50341796875,3093.2092935359105,7879.220185779326,22,1,Model_2
17368,3311.993408203125,3056.068230542587,7880.471490821568,21,1,Model_2
17369,6611.02880859375,3106.7758970996365,7892.500552563055,48,0,Model_2
17370,2333.004150390625,2935.9725791867822,7886.369440477196,4,0,Model_2
17371,5552.35986328125,3068.5675780543825,7894.253156830295,25,1,Model_2
17372,3898.41162109375,3040.3687260012375,7892.2490197595325,11,0,Model_2
17373,7000.72265625,2955.949623888824,7899.0976362329675,35,0,Model_2
17374,4710.7939453125,3083.653703821008,7906.336269862426,60,0,Model_2
17375,7598.38134765625,3120.6444717524573,7909.115142099094,44,1,Model_2
17376,4706.22900390625,3006.8036727725994,7906.734412375867,50,0,Model_2
17377,3865.78515625,3029.4080040463014,7906.89691952421,14,0,Model_2
17378,2666.228759765625,3050.7188311121427,7907.150571986189,7,0,Model_2
17379,10000.2451171875,2986.0954069196014,7927.949720592063,58,0,Model_2
17380,3527.59716796875,2963.9606038636994,7919.300454259705,35,0,Model_2
17381,5053.27099609375,3038.2956668552943,7926.562757408596,50,0,Model_2
17382,5290.041015625,3077.5855119277257,7928.537925813784,60,1,Model_2
17383,4437.8056640625,3098.707837223774,7930.443498766312,48,0,Model_2
17384,4142.85009765625,2952.4399004607694,7934.124992229103,35,1,Model_2
17385,551.0216064453125,3018.6212837250205,7927.563236200134,3,0,Model_2
17386,1853.2769775390625,3010.4966042699525,7934.263123305194,34,0,Model_2
17387,5069.55810546875,2999.561890495708,7950.026669970888,38,0,Model_2
17388,5643.64990234375,3040.7850870531984,7949.218726822495,20,0,Model_2
17389,4656.24951171875,3022.0021170540713,7962.734375694912,7,0,Model_2
17390,9202.1923828125,2976.991623033886,7969.693920960912,73,0,Model_2
17391,3152.319091796875,3004.7577726118034,7972.273898579064,2,0,Model_2
17392,4622.5908203125,2934.967466575443,7982.041991300124,61,0,Model_2
17393,4369.400390625,3291.801316794008,7694.81484592054,9,1,Model_2
17394,7899.0849609375,3284.290476435446,7718.971533521748,9,0,Model_2
17395,5217.5888671875,3261.979600297869,7768.9725101320655,3,0,Model_2
17396,2811.648681640625,3250.2400138875237,7789.540262689756,0,0,Model_2
17397,4875.61865234375,3913.6808538690675,7702.0132060393225,3,0,Model_2
17398,10214.5927734375,3941.2306522093713,7728.15672016723,29,0,Model_2
17399,5082.04736328125,3919.182619809406,7725.951568819495,6,1,Model_2
17400,3154.23095703125,3882.492672162596,7733.219171114528,1,0,Model_2
17401,7124.6845703125,3915.5129345620517,7748.430900028674,2,0,Model_2
17402,1706.1334228515625,3895.4594764441717,7748.866136565106,0,0,Model_2
17403,5880.4189453125,3931.4041631256696,7769.270322145225,0,1,Model_2
17405,2187.01708984375,4198.582290638005,7677.361578188487,1,0,Model_2
17406,2098.375,3967.0353706735186,7674.183503609151,0,1,Model_2
17407,6235.29248046875,4149.637656506617,7680.810262497456,0,1,Model_2
17408,13856.88671875,4286.689260708168,7702.569263107784,8,1,Model_2
17409,17555.0703125,4156.5733247983735,7725.505027437961,9,5,Model_2
17410,8698.615234375,4057.113898936659,7724.313426108914,1,2,Model_2
17411,4500.857421875,4266.4751502883155,7725.937791039527,5,3,Model_2
17412,7816.54345703125,4186.7506398712285,7737.27937688824,1,2,Model_2
17413,4819.38037109375,4017.1786827256437,7740.583217869338,0,0,Model_2
17414,7383.07080078125,4229.478168012807,7744.685463535774,1,1,Model_2
17415,11998.26953125,4110.606972597539,7750.882285033789,4,12,Model_2
17416,5941.1572265625,3965.102479510242,7745.168039111071,25,1,Model_2
17417,8979.6572265625,3990.4344475041144,7760.045568541886,21,0,Model_2
17418,733.9637451171875,4066.916911609471,7745.648495027912,0,0,Model_2
17419,9998.64453125,4208.3807000929955,7763.998731563537,5,0,Model_2
17420,1162.16015625,4016.873949705856,7753.813419402926,0,0,Model_2
17421,7565.81494140625,4165.502186406869,7761.547346558422,2,1,Model_2
17422,13738.7236328125,4128.038898166036,7774.610448350344,4,5,Model_2
17423,14100.7421875,4261.34118145192,7773.068043546722,7,0,Model_2
17424,587.1732177734375,4050.500916214194,7759.635061354114,0,2,Model_2
17425,972.5159301757812,4063.782580594765,7758.472075414233,0,0,Model_2
17426,4660.0537109375,4232.648864448303,7767.152783347032,3,1,Model_2
17427,7118.53466796875,4286.9926127626095,7781.696113294514,8,1,Model_2
17428,4905.6103515625,4159.6758936101105,7782.20483132411,0,1,Model_2
17429,5112.9580078125,4180.706614871509,7789.757174405153,4,0,Model_2
17430,4021.32373046875,4234.00128984428,7788.428148552834,9,1,Model_2
17431,1815.109375,4007.8792620825116,7785.061071094446,13,0,Model_2
17432,5297.44677734375,3958.721498965984,7791.846804367,2,1,Model_2
17433,3763.2578125,4029.8840242349543,7789.905903773528,15,1,Model_2
17434,7290.67919921875,4209.864777518669,7798.169038990367,20,4,Model_2
17435,6098.63330078125,4006.3003583697136,7801.530817302613,12,0,Model_2
17436,2033.6947021484375,4057.0356442336924,7796.573642725329,15,0,Model_2
17437,3739.605712890625,4076.6633047030773,7802.66554112974,16,1,Model_2
17438,1965.8116455078125,4103.657494652318,7800.931307235791,3,0,Model_2
17439,4530.58544921875,4247.930626972346,7805.525666940579,21,0,Model_2
17440,4069.228515625,4155.8570641053375,7804.245039956353,28,0,Model_2
17441,2930.9501953125,4046.9849784420803,7807.353872359439,20,0,Model_2
17442,2970.7626953125,4229.870822492987,7806.763900755672,16,0,Model_2
17443,4178.61474609375,4026.067496339092,7813.904676819715,1,1,Model_2
17444,7392.73193359375,4093.860466162674,7817.879742978752,74,4,Model_2
17445,13304.998046875,4125.832115542376,7820.508472741407,20,4,Model_2
17446,9310.89453125,4066.6347343570087,7825.576929387666,27,2,Model_2
17447,4731.67041015625,4195.60170709854,7817.12797077946,53,0,Model_2
17448,5771.01025390625,4166.89604076324,7819.151891329151,13,0,Model_2
17449,4560.33984375,3981.8116998807527,7820.826421509904,0,2,Model_2
17450,5103.57568359375,4001.7763158946764,7823.5809176743205,3,0,Model_2
17451,2503.21142578125,4042.463237575954,7822.841510149359,23,1,Model_2
17452,2066.67822265625,4212.887710662093,7820.389065315016,14,1,Model_2
17453,2355.67529296875,4254.517371353228,7822.703379073268,19,0,Model_2
17454,4697.302734375,4231.217263705796,7825.981784152886,13,1,Model_2
17455,6381.6640625,4178.799501728034,7836.194298597024,32,0,Model_2
17456,4074.22021484375,4019.1304470819887,7833.814628703025,3,0,Model_2
17457,4347.53125,4148.462915318552,7835.887301397219,24,1,Model_2
17458,7479.556640625,4042.5157142591197,7842.968727024476,7,1,Model_2
17459,5160.134765625,4209.887793607777,7839.345524169243,10,0,Model_2
17460,3099.90087890625,4246.075530190254,7838.41110806627,7,0,Model_2
17461,471.7779235839844,4106.381678959122,7838.267324567627,1,0,Model_2
17462,3198.596435546875,4078.5137982673477,7845.3724197143165,10,0,Model_2
17463,8379.830078125,4184.164552099071,7857.738153874001,16,0,Model_2
17464,5234.60888671875,4231.558362146374,7850.559930510557,31,1,Model_2
17465,1503.109375,4114.364579305286,7849.309332021134,5,0,Model_2
17466,8628.455078125,4140.052836358547,7856.000033939548,25,0,Model_2
17467,4718.82080078125,4071.079601485515,7859.721800913016,3,0,Model_2
17468,2553.604736328125,4090.9613595786504,7860.550587369566,5,2,Model_2
17469,2897.678955078125,4216.520570166875,7860.350632921822,8,0,Model_2
17470,8155.35595703125,4120.226777201053,7871.598953798442,4,1,Model_2
17471,10019.5517578125,4265.458759793313,7871.58800222975,10,2,Model_2
17472,6506.0966796875,4205.147860216908,7875.09285748782,24,0,Model_2
17473,9234.30078125,4161.670928213978,7876.776572855219,4,0,Model_2
17474,5212.47802734375,4229.003115933621,7879.948641735595,9,2,Model_2
17475,8997.525390625,4315.744311276125,7677.9049173062085,3,3,Model_2
17476,5326.57763671875,4371.964331174502,7697.538960313745,2,1,Model_2
17477,5186.83154296875,4481.238277753582,7698.194994606078,83,0,Model_2
17478,13551.0634765625,4342.209131175885,7716.575612912915,5,1,Model_2
17479,6507.712890625,4542.699981785379,7706.4810927895305,32,1,Model_2
17480,7274.517578125,4471.01683258079,7719.350952385488,88,1,Model_2
17481,1463.057861328125,4314.911589172203,7715.476570003142,1,0,Model_2
17482,1770.0870361328125,4438.088174215984,7713.286609541014,17,0,Model_2
17483,6667.419921875,4395.60921983677,7728.2574039439205,18,3,Model_2
17484,10778.216796875,4502.562684311997,7733.212105586339,53,4,Model_2
17485,8578.8544921875,4442.566644834587,7732.1685270728485,61,2,Model_2
17486,5214.4140625,4419.970369192073,7728.229848383984,68,1,Model_2
17487,13395.576171875,4307.931729989359,7736.702123235213,7,0,Model_2
17488,11568.2333984375,4473.214869090589,7748.18678602975,23,0,Model_2
17489,2912.509765625,4263.931412120117,7745.716677374934,2,0,Model_2
17490,878.2239990234375,4275.2074544958305,7742.051434626977,0,0,Model_2
17491,7511.96728515625,4341.5356804085895,7751.340131260426,1,3,Model_2
17492,4098.16357421875,4398.855869366322,7748.192085175891,16,0,Model_2
17493,4563.25634765625,4416.163508053636,7754.2959949782235,47,1,Model_2
17494,6801.419921875,4447.296451146249,7760.9927025955985,94,0,Model_2
17495,8462.521484375,4371.2227527834475,7760.787802278122,88,3,Model_2
17496,4088.607666015625,4429.024898647098,7766.492156461376,23,0,Model_2
17497,6903.85546875,4313.273764271289,7763.880030689965,5,0,Model_2
17498,589.8994750976562,4390.89046124788,7768.662686720985,14,0,Model_2
17499,6881.7900390625,4330.3756391219795,7783.156911247555,15,0,Model_2
17500,6172.65234375,4405.484963351162,7779.873560298205,61,1,Model_2
17501,8997.75390625,4457.590627160622,7784.594039681164,15,0,Model_2
17502,3001.35302734375,4362.790118056117,7780.244147251709,26,0,Model_2
17503,5615.64111328125,4381.902218129486,7786.372786402702,97,1,Model_2
17504,5669.82958984375,4426.546065850183,7789.7992142978765,67,0,Model_2
17505,6172.95263671875,4346.445472537074,7798.5781330725,14,0,Model_2
17506,4838.400390625,4302.473694618326,7795.9183149858145,62,0,Model_2
17507,6837.45556640625,4363.686364565976,7810.191388480074,50,2,Model_2
17508,14901.41015625,4402.008152930532,7816.133497686882,28,0,Model_2
17509,4107.28466796875,4268.220230164472,7806.066179847025,78,1,Model_2
17510,8110.70751953125,4320.862168850144,7812.4643688984215,56,1,Model_2
17511,5668.96923828125,4289.196633455576,7812.733212246007,118,2,Model_2
17512,7073.744140625,4434.579141270602,7811.6779756110045,13,0,Model_2
17513,4878.0244140625,4270.882731352467,7828.302456886508,84,0,Model_2
17514,9008.3994140625,4326.331712265732,7843.089194280095,24,1,Model_2
17515,6024.525390625,4303.31976605393,7833.0974775918585,42,1,Model_2
17516,5038.646484375,4362.3726061997,7842.732738382969,3,0,Model_2
17517,13802.8505859375,4295.5430898661725,7858.077299227065,76,2,Model_2
17518,3422.98046875,4265.369457367575,7848.220180850825,21,1,Model_2
17519,11335.46484375,5603.355479681632,7694.844167862524,0,1,Model_2
17521,5439.13037109375,5579.769051885698,7697.075108388148,1,1,Model_2
17522,13237.2451171875,5546.495612506056,7704.7387335381645,0,0,Model_2
17523,4308.2158203125,5630.3128438882995,7699.258356598497,1,2,Model_2
17524,17038.703125,5357.9178896187805,7723.713209489273,13,1,Model_2
17525,3878.751708984375,5329.717196278507,7709.64468303608,0,0,Model_2
17526,11033.8701171875,5453.564009837108,7714.0857207791705,3,0,Model_2
17527,3692.603759765625,5524.970505650621,7718.0120347937045,3,0,Model_2
17528,8195.7353515625,5405.039649492828,7721.891716322192,19,0,Model_2
17529,5284.85791015625,5630.506179036805,7719.549847004004,3,0,Model_2
17530,6708.380859375,5433.874666248914,7730.361518238555,24,0,Model_2
17531,4701.5390625,5576.808722504647,7721.45683306217,3,0,Model_2
17532,4576.1162109375,5552.349064287962,7729.255056524184,0,0,Model_2
17533,4539.4794921875,5414.473944418132,7737.048334116465,16,1,Model_2
17534,15288.6005859375,5506.462808077224,7748.685612319881,33,1,Model_2
17535,7161.4697265625,5475.885013053892,7742.996095745824,28,0,Model_2
17536,6890.00732421875,5579.564208692638,7746.805475268833,9,0,Model_2
17537,9197.0576171875,5529.786852457328,7757.373385780869,22,0,Model_2
17538,5741.64599609375,5452.212505084695,7747.220575049927,25,0,Model_2
17539,6791.4091796875,5555.301107876934,7749.037828900095,8,0,Model_2
17540,5280.794921875,5607.695853765588,7752.7256813382555,14,0,Model_2
17541,9962.228515625,5393.6839714488015,7756.28494116338,1,0,Model_2
17542,7002.99365234375,5417.900579764508,7762.824087502144,4,0,Model_2
17543,3073.4775390625,5438.04840384773,7761.171813735185,15,1,Model_2
17544,1636.292236328125,5464.806448722724,7760.884600014309,7,0,Model_2
17545,2408.011474609375,5594.380125573138,7763.242366770923,1,0,Model_2
17546,3417.806884765625,5623.226190051995,7768.525615474122,7,0,Model_2
17547,7136.33544921875,5487.178087335546,7774.608681968297,18,0,Model_2
17548,5153.14697265625,5581.699181118282,7774.579360026313,14,0,Model_2
17549,7608.7431640625,5552.765195179032,7776.373650909867,11,0,Model_2
17550,10367.1708984375,5457.629111495335,7783.3890138485585,3,0,Model_2
17551,4878.7236328125,5431.840504293563,7781.7586432189855,2,0,Model_2
17552,7759.44091796875,5521.723856121069,7788.711829509615,20,0,Model_2
17553,5707.18798828125,5481.861370751634,7796.1150899458735,7,0,Model_2
17554,4435.291015625,5574.7308299799915,7796.68669117635,14,0,Model_2
17555,17561.3359375,5596.143157998798,7818.324164701829,24,0,Model_2
17556,13527.68359375,5543.788460105192,7819.872575204412,15,0,Model_2
17557,6916.6708984375,5562.409396837,7811.01028319716,4,0,Model_2
17558,8442.70703125,5498.750576938968,7809.894283019734,8,0,Model_2
17559,8289.6240234375,5519.803393645911,7824.029931990721,6,0,Model_2
17560,5082.978515625,5832.020785289817,7694.545296020136,20,0,Model_2
17561,4712.1240234375,5697.522586013889,7695.393865955615,1,0,Model_2
17562,4140.10009765625,5769.573992644204,7700.675701553177,7,0,Model_2
17563,1453.730224609375,5671.357895916095,7698.722789561783,1,0,Model_2
17564,1286.289794921875,5657.850213540485,7705.4922721195035,0,0,Model_2
17565,2065.8837890625,5646.477503590519,7709.862654580706,0,0,Model_2
17566,4913.2841796875,5705.755901409546,7712.837948501023,3,1,Model_2
17567,4541.3837890625,5723.182763438439,7716.1576869205455,3,0,Model_2
17568,2911.81640625,5830.539469794836,7714.164854694885,20,0,Model_2
17569,4401.8408203125,5756.0248813082,7718.17948781178,2,0,Model_2
17570,3097.599853515625,5814.043378409464,7716.416285252257,14,1,Model_2
17571,1004.157470703125,5663.847746040206,7713.330062539375,1,0,Model_2
17572,4715.189453125,5775.104298535036,7723.8471012484515,5,0,Model_2
17573,4633.4931640625,5663.35980495112,7730.23822477166,1,0,Model_2
17574,3811.785888671875,5793.001149103511,7729.679694768332,18,0,Model_2
17575,3933.56298828125,5597.89146012743,7732.128253562172,6,0,Model_2
17576,5035.984375,5688.911806756863,7732.160048439022,5,0,Model_2
17577,5120.4892578125,5813.754296330269,7735.3692113423895,30,1,Model_2
17578,1993.0634765625,5834.354616725352,7731.614589662844,13,0,Model_2
17579,5439.76611328125,5716.595558735775,7736.914442357287,2,1,Model_2
17580,2771.15625,5754.178530639969,7737.712847042625,6,0,Model_2
17581,5652.193359375,5625.074842329137,7741.465702340123,6,1,Model_2
17582,2696.226806640625,5770.446302421391,7742.118910421181,3,0,Model_2
17583,6205.48046875,5832.701140883844,7750.538547087403,23,1,Model_2
17584,2663.751953125,5694.328873489285,7746.850341372832,4,0,Model_2
17585,3618.613525390625,5727.772631928325,7748.283937042346,5,0,Model_2
17586,3901.5703125,5785.97709902958,7749.146284757793,12,0,Model_2
17587,3561.05029296875,5653.758873540675,7749.38262667571,5,0,Model_2
17588,6320.7705078125,5676.699469876243,7758.243858853733,5,0,Model_2
17589,4873.4111328125,5732.642836383544,7759.30227497642,8,1,Model_2
17590,8995.458984375,5813.09281392931,7764.17430993903,47,0,Model_2
17591,3032.60498046875,5637.788469630526,7757.177317373629,4,0,Model_2
17592,4708.4697265625,5750.778133635176,7762.757671537169,20,0,Model_2
17593,3538.954833984375,5705.10362544423,7759.064166676457,2,0,Model_2
17594,1564.048828125,5765.9236409117,7754.891972280951,0,0,Model_2
17595,1176.31787109375,5793.575170365861,7760.382240960083,11,0,Model_2
17596,3776.523193359375,5771.864553832216,7768.040920240368,10,1,Model_2
17597,1535.944091796875,5642.573514556047,7771.748556157458,7,0,Model_2
17598,8304.966796875,5791.081146950135,7780.512990599294,42,1,Model_2
17599,3883.4716796875,5697.845271583181,7773.768590666645,6,0,Model_2
17600,4317.07666015625,5603.459972726181,7779.1998621854,3,0,Model_2
17601,4506.16748046875,5627.886948096333,7786.414826295426,8,0,Model_2
17602,2795.8359375,5723.13811222557,7775.670984131488,20,1,Model_2
17603,3380.47607421875,5678.296786460327,7779.98413581436,1,0,Model_2
17604,9998.990234375,5745.553021085914,7793.420297494653,56,1,Model_2
17605,3942.08935546875,5764.695042075124,7785.74148145903,17,1,Model_2
17606,3059.110595703125,5662.651369728381,7789.047088822175,7,0,Model_2
17607,7244.6025390625,5643.0840114124585,7797.112742526137,24,0,Model_2
17608,5393.15283203125,5714.218917374499,7789.739510584681,41,0,Model_2
17609,3470.089599609375,5610.835248319898,7794.859192310309,5,0,Model_2
17610,3431.830078125,5689.6842267073225,7793.536878709769,16,0,Model_2
17611,1025.4605712890625,5675.734635420842,7797.757118696958,4,0,Model_2
17612,9062.970703125,5696.6291014347225,7819.033543731988,45,2,Model_2
17613,7500.90234375,5720.691962275188,7813.299161053932,25,1,Model_2
17614,11283.869140625,5667.789941782597,7818.36196527764,17,0,Model_2
17615,7938.4794921875,5626.606793220155,7829.1527932040335,26,1,Model_2
17616,3056.355712890625,5740.2321616059635,7817.366785632243,11,0,Model_2
17617,5870.28271484375,5644.375214011408,7827.80716336047,16,0,Model_2
17619,7463.021484375,6784.477187968325,7698.062162676128,17,1,Model_2
17620,3623.2939453125,6930.386303902138,7702.263325737207,4,2,Model_2
17622,6787.8583984375,6883.657658830052,7716.199726813269,5,0,Model_2
17623,4680.4140625,6793.304318462964,7719.976958183019,11,1,Model_2
17624,1833.7059326171875,6902.569979249965,7716.959977646387,0,1,Model_2
17625,3418.251953125,6925.539115536027,7717.613539003854,0,0,Model_2
17626,7162.7001953125,6858.012211702531,7725.246782382659,3,2,Model_2
17627,2734.687255859375,6946.051514470717,7726.826281209273,0,0,Model_2
17628,5072.78955078125,6835.130076233298,7729.110566472722,4,0,Model_2
17629,2682.478515625,6928.9846240754705,7730.925700664433,0,0,Model_2
17630,6317.03271484375,6811.472758882912,7734.8516614025575,14,0,Model_2
17631,6417.2197265625,6872.0672166771255,7746.40909913744,3,0,Model_2
17632,3143.43994140625,6928.856654620031,7748.516746196168,1,0,Model_2
17633,3954.87548828125,6910.725039942656,7749.344826099899,2,0,Model_2
17634,6411.2587890625,6822.329908436863,7755.2639723400935,22,2,Model_2
17635,4696.48193359375,6839.795897817239,7758.270707860851,26,1,Model_2
17636,5564.60986328125,6857.059345613467,7762.741067545925,24,2,Model_2
17637,6341.3076171875,6894.658889101818,7767.058105269301,5,1,Model_2
17638,8509.1064453125,6922.339879150037,7769.936248177022,5,1,Model_2
17639,2416.6962890625,6875.678901379928,7765.102720343042,8,0,Model_2
17640,1747.8543701171875,6962.868910460034,7769.719336461625,0,0,Model_2
17641,6275.21142578125,6942.042572069913,7780.9514066234115,5,0,Model_2
17642,6162.89794921875,6856.835629227338,7789.780137371767,16,1,Model_2
17643,4961.203125,6876.265811652178,7785.619601097773,25,0,Model_2
17644,1228.4918212890625,6928.353062590351,7784.9833502843685,0,0,Model_2
17645,4494.6201171875,6901.032044175779,7792.877311653341,7,0,Model_2
17646,1728.1513671875,6918.907259620493,7791.97327732158,2,0,Model_2
17647,4959.22314453125,6972.315634073457,7801.527284538519,8,0,Model_2
17648,11436.234375,6899.535538061988,7814.5730757863785,14,0,Model_2
17649,3349.8779296875,6922.90607494209,7811.031833058136,16,2,Model_2
17650,3512.64501953125,6939.880900980905,7818.023879753804,3,0,Model_2
17651,4210.2158203125,6961.260546153178,7818.289543613704,10,1,Model_2
17652,3274.47900390625,6950.14147350518,7833.17873116603,4,0,Model_2
17653,2785.920166015625,6933.388982887147,7835.866458089062,1,0,Model_2
17654,2872.792724609375,7286.64544237568,7687.748964455299,0,0,Model_2
17655,3741.263916015625,7277.657659579068,7700.6188240512565,1,0,Model_2
17656,3359.45458984375,7251.966640595114,7709.653514946316,1,0,Model_2
17657,13422.990234375,7234.284299977124,7733.696094267274,19,2,Model_2
17658,3220.991455078125,7095.713633894455,7717.96434247843,1,1,Model_2
17659,4806.6064453125,7208.665551512968,7724.235352022428,0,0,Model_2
17660,5512.4755859375,7043.831226149341,7724.710155516717,7,0,Model_2
17661,3834.120361328125,7110.499629859114,7726.2550332552055,0,1,Model_2
17662,5207.7890625,6984.866767785745,7728.826532239531,2,0,Model_2
17663,3193.117431640625,7087.214712830493,7732.83198016978,2,0,Model_2
17664,7319.38232421875,7309.070478315232,7735.910077525245,1,0,Model_2
17665,4496.23291015625,7137.287135328166,7734.876744027628,2,0,Model_2
17666,9274.34375,7011.342635408277,7742.025645449088,1,0,Model_2
17667,4374.5869140625,7068.977224143222,7735.433860925317,2,1,Model_2
17668,6614.9970703125,7263.020347550046,7745.2514123436995,9,0,Model_2
17669,2963.5947265625,7098.8567110230215,7745.272962204675,1,1,Model_2
17670,4339.951171875,6947.808102391427,7744.633885179996,0,0,Model_2
17671,4468.7705078125,7210.7369995326735,7748.631207752827,9,0,Model_2
17672,2880.010009765625,7061.800347237615,7750.329054176604,4,0,Model_2
17673,6467.80810546875,7111.932151245186,7757.18932877155,3,0,Model_2
17674,4014.39404296875,7196.992711761035,7760.280850630574,6,0,Model_2
17675,2505.09228515625,6957.392462217715,7759.217841914564,0,0,Model_2
17676,11024.79296875,7137.843664362794,7772.580168825283,9,0,Model_2
17677,5520.8623046875,6988.363372043008,7765.607552332134,0,2,Model_2
17678,3179.5947265625,7027.447453278815,7766.316224809474,0,0,Model_2
17679,7060.599609375,7083.034991048509,7771.867963583849,5,0,Model_2
17680,2315.652587890625,7216.853755373973,7767.388771988539,1,0,Model_2
17681,8464.1259765625,6997.674300730694,7783.877241846407,3,1,Model_2
17682,4506.47802734375,7041.0564064465,7777.552887564583,5,0,Model_2
17683,5805.13818359375,7161.5801570597105,7780.3522498329985,4,0,Model_2
17684,5650.79248046875,7056.873062881408,7781.438928068441,3,0,Model_2
17685,6606.1181640625,6962.357492960058,7787.63963560696,1,0,Model_2
17686,2578.90087890625,7172.512339064153,7787.909538783773,2,0,Model_2
17687,6097.72216796875,7021.095473006833,7790.017892395321,1,1,Model_2
17688,3739.056396484375,7098.235736938892,7788.4769006973365,1,0,Model_2
17689,2280.5888671875,7147.5555333227385,7796.109790799732,2,0,Model_2
17690,2851.033447265625,7062.593481668271,7795.162656746019,0,1,Model_2
17691,3726.523681640625,7109.081838770071,7799.652799910022,1,0,Model_2
17692,7630.0693359375,7127.444995303871,7806.838795354473,10,0,Model_2
17693,4158.98828125,7083.925253375201,7800.339922526386,1,0,Model_2
17694,2629.9599609375,6939.444055609638,7802.401996928296,0,0,Model_2
17695,5840.908203125,7032.902266397374,7807.079023312894,1,0,Model_2
17696,10770.40234375,6994.040520582348,7816.16635239296,20,1,Model_2
17697,4085.990966796875,7064.66354872263,7809.211399720283,7,0,Model_2
17698,2334.42333984375,7167.463069435675,7805.288618469844,7,0,Model_2
17699,6567.0517578125,7084.766721592983,7824.203037431347,12,0,Model_2
17700,17752.24609375,7151.2353456493,7829.499004085286,35,0,Model_2
17701,4615.18017578125,7042.6435959513765,7823.241772321257,8,0,Model_2
17702,3592.87646484375,7106.555592829594,7820.491162197344,7,0,Model_2
17703,2636.9072265625,7011.913894739933,7823.697852165846,7,0,Model_2
17704,2193.84423828125,7023.600544145331,7827.334126248228,7,0,Model_2
17705,2820.15478515625,7061.861570034642,7825.863436555723,3,0,Model_2
17706,1020.4630126953125,7099.586781369522,7832.429785178014,2,0,Model_2
17707,4391.919921875,7121.687750774436,7840.577399008966,10,0,Model_2
17708,4576.197265625,6964.616752266884,7841.986971882638,8,2,Model_2
17709,8352.7021484375,6987.276552315336,7848.1067791233945,2,0,Model_2
17710,7587.1064453125,7058.419283747673,7850.22290481595,14,2,Model_2
17711,2581.64697265625,7043.7755272137,7840.540304985974,13,0,Model_2
17712,3294.775390625,7022.606709417654,7842.102139992116,8,0,Model_2
17713,5101.908203125,7102.946670057485,7845.936955416604,12,1,Model_2
17714,6404.0888671875,7007.238866720349,7855.89157808185,10,0,Model_2
17715,8924.576171875,7081.643898622831,7857.468250697188,13,0,Model_2
17716,7530.736328125,7031.726604565745,7862.842644714023,4,0,Model_2
17717,11622.6328125,7326.7205964084715,7695.77681758345,0,0,Model_2
17718,5973.162109375,7293.2146945288405,7716.0640686720435,0,0,Model_2
17719,3890.900146484375,7226.769086561631,7707.118403432163,0,0,Model_2
17720,8358.3505859375,7281.433218836319,7756.829340110329,0,0,Model_2
17721,7307.38134765625,7245.336165644927,7762.286400806974,5,1,Model_2
17751,18916.44921875,1410.6178691462846,8617.123813065613,20,0,Model_2
17752,5332.12158203125,1372.7454699215596,8625.109273024631,2,0,Model_2
17753,29737.78515625,1435.5857226104708,8648.781971944903,74,0,Model_2
17754,22683.478515625,1481.2301948051318,8646.712478738395,16,0,Model_2
17755,7096.974609375,1353.4616698234458,8635.703325990966,1,0,Model_2
17756,2365.81298828125,1391.2113932932261,8631.066219840635,4,0,Model_2
17757,4899.52978515625,1330.8931285683066,8648.095202604949,8,0,Model_2
17758,8138.064453125,1381.8779088382144,8649.131362313841,31,0,Model_2
17759,7183.7255859375,1342.6725328128086,8664.267136799957,8,0,Model_2
17760,4599.07080078125,1396.0170376184979,8667.052368011995,13,0,Model_2
17761,6569.349609375,1361.8501136596897,8675.498853685334,7,0,Model_2
17762,6085.91455078125,1382.723635032482,8682.495492974325,10,0,Model_2
17763,4769.08544921875,1491.8064329915214,8680.533042519877,3,1,Model_2
17764,18167.849609375,1294.0771678336314,8698.280942777405,47,0,Model_2
17765,16754.69921875,1447.642585809168,8688.226342888287,19,0,Model_2
17766,3975.2041015625,1366.471053869871,8698.039301713347,10,0,Model_2
17767,4363.091796875,1322.4568112667184,8705.094231609895,15,0,Model_2
17768,6528.29931640625,1531.5389925379422,8707.956123802782,4,0,Model_2
17769,6049.23095703125,1510.335305366898,8708.630881744815,36,0,Model_2
17770,5787.76416015625,1319.3300755614182,8724.493699081562,6,1,Model_2
17771,17092.396484375,1801.6725009721704,8618.530913004419,6,0,Model_2
17772,23486.458984375,1845.8960749057587,8633.667747319763,9,0,Model_2
17773,1436.7943115234375,1816.0917355568963,8637.166950155282,2,0,Model_2
17774,6032.7666015625,1769.3665428981767,8622.460759783047,11,0,Model_2
17775,9934.6103515625,1742.4873183140298,8631.716601710417,9,0,Model_2
17776,4808.3251953125,1718.179451205011,8644.362837339198,4,0,Model_2
17777,6560.8994140625,1787.7690569443512,8648.008649884636,9,0,Model_2
17778,9945.00390625,1683.032732332882,8666.03033935948,0,0,Model_2
17779,18361.474609375,1821.1681641705218,8672.384368859697,26,0,Model_2
17780,8405.40234375,1871.3900761669502,8661.883934141864,7,0,Model_2
17781,8788.9697265625,1744.6428901394247,8666.886328099557,5,0,Model_2
17782,9380.8974609375,1717.981167597347,8671.108687745203,6,0,Model_2
17783,24427.8828125,1778.7419166353648,8687.290160403267,6,0,Model_2
17784,2201.39404296875,1682.6122283848817,8687.82537416357,3,0,Model_2
17785,4757.84033203125,1719.1147099859081,8693.769249752426,7,0,Model_2
17786,8271.220703125,1827.3701946219662,8707.474961333122,7,0,Model_2
17787,3764.470458984375,1849.3093609204516,8707.389115165628,0,0,Model_2
17788,12715.84765625,1905.4508959549712,8714.083703124546,0,0,Model_2
17789,7553.46240234375,1806.8690735709388,8725.247237662901,5,0,Model_2
17790,9728.8212890625,1669.0849823335302,8731.716435272596,15,0,Model_2
17791,4609.208984375,1863.0253389024874,8725.211910021957,2,0,Model_2
17797,31534.033203125,2878.8889956250787,8510.012878657784,8,2,Model_2
17798,3624.36083984375,2935.8973165753996,8508.866143432737,1,0,Model_2
17799,6449.84814453125,2823.8375025707064,8518.602794553357,4,3,Model_2
17800,13636.7978515625,2794.092889973079,8528.53410097558,2,0,Model_2
17801,14750.791015625,2887.7057688796194,8538.920074136753,22,0,Model_2
17802,18326.169921875,2760.508042907808,8548.214423192752,0,0,Model_2
17803,12640.6298828125,2933.843821105198,8535.502124875406,9,1,Model_2
17804,6775.6669921875,2906.1078226040117,8547.454172359634,11,1,Model_2
17805,10957.7353515625,2838.9717319635674,8543.321898198396,12,1,Model_2
17806,2526.4892578125,2814.7850445637014,8555.419142286904,4,0,Model_2
17807,8904.44921875,2794.3027967057424,8561.966767259495,6,1,Model_2
17808,4311.3486328125,2828.7390089071123,8564.58878477037,6,0,Model_2
17809,5757.2822265625,2917.9360209574224,8566.4869389183,0,0,Model_2
17810,13760.99609375,2849.7177138071274,8582.744719280803,7,2,Model_2
17811,4693.43115234375,2874.8229733232874,8570.806802852952,6,1,Model_2
17812,10230.7705078125,2887.906929498422,8587.437996380235,1,1,Model_2
17813,7782.70361328125,2911.7773758339463,8592.129860374029,2,0,Model_2
17814,6762.322265625,2756.217383576324,8583.420890328474,1,0,Model_2
17815,5688.35888671875,2802.7890589206945,8584.768993106904,16,0,Model_2
17816,7068.1005859375,2816.207208709675,8593.789906221995,12,2,Model_2
17817,39564.97265625,2685.500679953373,8623.089238515444,20,2,Model_2
17818,17076.53515625,2773.047898736433,8618.629123846244,17,1,Model_2
17819,9154.62890625,2745.2251295793103,8605.65540098591,9,0,Model_2
17820,3981.99365234375,2827.0869140309514,8608.690751895832,3,2,Model_2
17821,11175.9150390625,2860.638157606125,8612.561954790493,6,1,Model_2
17822,5347.29931640625,2911.0298132597236,8617.944120888336,0,0,Model_2
17823,23538.76953125,2810.113699118374,8636.321912983898,4,1,Model_2
17824,6199.98291015625,2886.8451973078772,8628.935609815293,5,0,Model_2
17825,6874.2021484375,2736.5515163990203,8630.18338209344,5,0,Model_2
17826,12070.1865234375,2912.4202152027283,8640.94524135426,3,0,Model_2
17827,9258.6494140625,2859.875864734873,8637.612784983998,6,0,Model_2
17828,4077.6826171875,2713.447505830787,8643.391680489643,0,0,Model_2
17829,12904.3779296875,2761.1089929944137,8662.952948556835,5,0,Model_2
17830,4031.062255859375,2736.309617302497,8651.260559233546,2,0,Model_2
17831,19388.48828125,2922.504714645329,8676.421611666796,1,2,Model_2
17832,4869.31298828125,2650.1847928263014,8661.080230310385,1,0,Model_2
17833,10571.9453125,2688.9392836660845,8669.804037965136,17,0,Model_2
17834,4708.5224609375,2885.242356862407,8668.547433776752,1,0,Model_2
17835,7824.2783203125,2818.8943371130154,8666.48571265125,5,2,Model_2
17836,9502.0458984375,2852.172840032261,8664.995592756226,6,2,Model_2
17837,6474.43994140625,2721.0101323898416,8665.768208263675,18,1,Model_2
17838,3671.45751953125,2706.9258969820803,8681.33497996931,4,0,Model_2
17839,9751.33203125,2634.37181896565,8683.519994561706,6,1,Model_2
17840,3581.43017578125,2664.1514160187216,8675.521463375539,16,1,Model_2
17841,3393.068359375,2776.451978315483,8682.77104857369,1,0,Model_2
17842,5312.91796875,2835.8226706518326,8685.309339575528,1,0,Model_2
17843,6865.16357421875,2651.6842910316773,8698.218766129343,2,0,Model_2
17844,8740.7490234375,2709.639954209677,8700.53555282246,16,1,Model_2
17845,4472.67431640625,2674.5682677880395,8700.14977498335,8,0,Model_2
17846,26242.18359375,2982.701224258868,8504.99246760321,14,6,Model_2
17847,23019.892578125,3046.5094185752096,8527.260186243133,12,6,Model_2
17848,4463.1572265625,3071.4326208265265,8518.794270367274,5,3,Model_2
17849,22415.212890625,3108.491976703517,8539.570456006535,6,10,Model_2
17850,5565.583984375,2965.649984804215,8527.361223296233,12,0,Model_2
17851,12234.13671875,2999.194553713547,8540.20034784457,5,1,Model_2
17852,5544.4306640625,3025.770311162807,8551.800178748585,1,0,Model_2
17853,5298.25439453125,2961.024901697994,8548.048030003905,7,0,Model_2
17854,5676.86669921875,3085.2107422491536,8556.928339108039,4,2,Model_2
17855,1908.487548828125,3140.72623965994,8552.887916813255,0,0,Model_2
17856,2614.3115234375,3153.37173933757,8553.03028720626,0,2,Model_2
17857,3162.9501953125,3171.494147579302,8559.472989085247,3,7,Model_2
17858,4957.25048828125,2944.744931389345,8563.268944104697,4,2,Model_2
17859,5313.6171875,2970.3480289129075,8568.36672269294,2,0,Model_2
17860,8637.001953125,2998.3687364363577,8567.004488858132,1,0,Model_2
17861,10573.7265625,3066.3170648614177,8572.107213316107,2,0,Model_2
17862,10700.826171875,3182.5287511802744,8581.359522479383,1,7,Model_2
17863,7069.8017578125,3137.6547425684985,8589.202612045396,0,3,Model_2
17864,11129.5439453125,3109.0482755772537,8578.100194325874,5,1,Model_2
17865,4453.78662109375,3037.904623501352,8578.177208583133,6,0,Model_2
17866,11704.634765625,2964.977684841375,8585.102132761007,4,0,Model_2
17867,8018.4736328125,3053.30929194123,8594.642715474387,2,0,Model_2
17868,21362.01171875,3013.11054150993,8608.923561049654,10,1,Model_2
17869,14724.671875,3200.3107514641015,8610.104917362827,3,22,Model_2
17870,5912.24365234375,2934.9690777016804,8599.481542454509,2,0,Model_2
17871,6922.62158203125,3082.1548960983055,8604.213679958979,1,1,Model_2
17872,6615.80224609375,2966.4827069081366,8604.417873723636,2,0,Model_2
17873,4942.76953125,3103.7881785725476,8606.104062025901,0,1,Model_2
17874,9800.2255859375,3232.030374668073,8613.934786917584,2,17,Model_2
17875,11956.9169921875,3163.9876802776707,8616.649009571323,2,16,Model_2
17876,7627.83203125,3048.8757026963867,8621.73159727396,2,1,Model_2
17877,14636.58984375,3121.0728011707542,8633.198596248025,2,8,Model_2
17878,9590.8740234375,3069.4154907771153,8636.734186553716,9,1,Model_2
17879,5222.02490234375,2966.7204631086206,8630.389695516555,8,0,Model_2
17880,14125.7119140625,3015.884210408316,8642.8624724283,1,0,Model_2
17881,5479.1435546875,3212.585001624422,8638.810745288414,0,2,Model_2
17882,2293.361328125,3277.436515260022,8632.800453734584,0,1,Model_2
17883,16583.146484375,3268.0367444683798,8661.575170560012,1,8,Model_2
17884,8514.6357421875,2950.0128538643476,8653.58653111331,2,3,Model_2
17885,9766.5595703125,3218.7268450028496,8671.373998328694,0,1,Model_2
17886,1761.425537109375,2951.8564426018856,8671.322773249325,0,0,Model_2
17887,6127.228515625,3012.819618143607,8678.435640477022,0,3,Model_2
17888,6472.3857421875,2990.7018469936447,8685.011174285959,0,8,Model_2
17889,7904.48046875,3044.8794191445922,8688.206206132949,1,0,Model_2
17890,2388.072998046875,3256.687280768412,8681.870193729614,0,1,Model_2
17891,8655.33203125,3300.457898068358,8662.957894426567,4,13,Model_2
17892,1402.255615234375,3305.854940803256,8684.2007582027,0,2,Model_2
17893,15918.0712890625,3340.326597781852,8710.265491691302,1,3,Model_2
17894,6989.5595703125,4277.962020040257,8424.684614379716,22,0,Model_2
17895,16442.990234375,4225.332510042703,8437.377482494543,65,1,Model_2
17896,755.9038696289062,4250.2989825415425,8429.71173768607,0,0,Model_2
17897,1166.3941650390625,4258.072436476825,8425.059440650133,4,0,Model_2
17898,14787.5068359375,4177.662046604324,8452.130658629234,47,1,Model_2
17899,6908.810546875,4252.6940367741045,8455.108072208008,47,0,Model_2
17900,13111.1923828125,4210.490815142402,8477.600121367926,52,0,Model_2
17901,10208.91015625,4276.649182317546,8470.726422269421,39,2,Model_2
17902,15273.978515625,4147.625129675027,8476.243186679261,26,1,Model_2
17903,8139.3408203125,4234.457008408615,8476.365067040519,31,0,Model_2
17904,5272.6015625,4180.841028831899,8480.633705895802,36,0,Model_2
17905,2814.263427734375,4264.2297006349545,8491.346813012118,12,0,Model_2
17906,4557.3671875,4143.332168734632,8498.129366796988,13,0,Model_2
17907,11662.2509765625,4192.666695415508,8508.853072205588,61,0,Model_2
17908,6950.85107421875,4096.178186335834,8510.234736242914,15,0,Model_2
17909,9230.88671875,4134.475577645935,8516.706053511065,38,1,Model_2
17910,9414.6337890625,4244.199258606182,8519.786977077805,11,1,Model_2
17911,9285.015625,4166.330765614752,8517.51858925278,35,1,Model_2
17912,5059.994140625,4218.061727493536,8510.416673593776,18,0,Model_2
17913,7082.8056640625,4266.243608431891,8516.129506410856,5,1,Model_2
17914,3667.77587890625,4110.165524008451,8519.925461430306,9,0,Model_2
17915,7782.0908203125,4223.7701779140625,8534.93617606748,2,0,Model_2
17916,5754.8828125,4124.383943215711,8539.322809243517,8,0,Model_2
17917,4446.77490234375,4096.762794999173,8539.10589752812,19,0,Model_2
17918,23021.330078125,4168.273783857236,8547.940987251844,23,0,Model_2
17919,9043.943359375,4279.10868159961,8547.03942585495,2,0,Model_2
17920,15537.5859375,4087.293975940207,8561.771052128664,23,0,Model_2
17921,14814.263671875,4248.361027838662,8562.072750182328,3,0,Model_2
17922,3374.668701171875,4111.538663884625,8552.775221638643,21,0,Model_2
17923,11546.3154296875,4209.898381008767,8563.141764597298,1,0,Model_2
17924,4918.48046875,4053.1882747784257,8564.985160901764,8,0,Model_2
17925,6695.0166015625,4130.525096111465,8569.685856805794,20,0,Model_2
17926,8966.431640625,4166.527323015733,8577.241379374522,5,0,Model_2
17927,15689.298828125,4277.092472193763,8580.662861399964,4,2,Model_2
17928,9229.6669921875,4188.000413509784,8589.095569293335,2,0,Model_2
17929,8782.8720703125,4083.880689925514,8588.90833279633,21,1,Model_2
17930,8086.05419921875,4115.214333315147,8594.00823104303,13,0,Model_2
17931,1007.920654296875,4243.601760932943,8587.129586074792,0,0,Model_2
17932,10073.7939453125,4142.8009573980235,8603.14996469015,8,0,Model_2
17933,4746.939453125,4036.9140584920533,8594.201119962585,11,0,Model_2
17934,4972.49560546875,4062.2805506195873,8601.349668107636,14,1,Model_2
17935,3766.3681640625,4205.9271849941,8618.582138083788,0,0,Model_2
17936,14728.0263671875,4270.477648184169,8621.705454819661,4,4,Model_2
17937,4531.43017578125,4029.727054507239,8611.961738170852,8,0,Model_2
17938,4738.80908203125,4088.6450203708373,8613.392154352681,5,1,Model_2
17939,2820.639404296875,4048.6504226499237,8615.93574450066,2,0,Model_2
17940,8095.58740234375,4108.620684107533,8623.290606068826,7,0,Model_2
17941,6485.93017578125,4066.731862253044,8625.760008170822,8,1,Model_2
17942,6368.724609375,4248.403837764403,8632.179747083195,0,0,Model_2
17943,7999.2197265625,4019.060478171101,8639.890004719258,13,0,Model_2
17944,7869.83447265625,4163.108052817872,8628.657228004653,0,1,Model_2
17945,2269.5283203125,4127.6609739828855,8629.053250859637,0,0,Model_2
17946,7862.92041015625,4044.542050744174,8640.061697054247,18,2,Model_2
17947,9251.958984375,4084.370472301729,8646.370860450465,6,1,Model_2
17948,5917.271484375,4144.532687942497,8645.372854593792,2,0,Model_2
17949,6827.78857421875,4280.195501327282,8655.018713677186,2,5,Model_2
17950,1554.084228515625,4229.5407717751805,8654.874930178543,0,0,Model_2
17951,6336.52685546875,4239.546326032141,8666.155045932013,0,4,Model_2
17952,3649.833740234375,4053.9008528972045,8663.23380330234,3,0,Model_2
17953,4791.64599609375,4033.8303628733847,8662.752640832681,12,1,Model_2
17954,1824.5028076171875,4117.676594527904,8659.215284144942,0,0,Model_2
17955,1034.4339599609375,4131.52491502231,8658.373426461243,1,0,Model_2
17956,5520.404296875,4071.5587964607403,8668.667547755962,4,0,Model_2
17957,2208.313232421875,4190.414801257197,8660.719181819935,0,0,Model_2
17958,2040.533935546875,4104.429454280995,8666.105233958282,0,0,Model_2
17959,2528.4326171875,4218.565779844997,8678.965201814775,0,1,Model_2
17960,4555.66650390625,3997.810183419613,8677.280779894558,0,0,Model_2
17961,4328.6357421875,4017.6564967355225,8676.864973560645,19,1,Model_2
17962,5707.27734375,4120.831640022807,8677.521714405797,2,1,Model_2
17963,6090.17919921875,4191.623606257141,8680.681771888252,1,6,Model_2
17964,2198.719970703125,4293.757501673186,8680.192130784766,0,4,Model_2
17965,6293.70947265625,4090.6893094053958,8685.372576052818,2,0,Model_2
17966,10103.98828125,4039.0020780959167,8691.050787781773,20,0,Model_2
17967,6078.75830078125,4004.387721364852,8698.156236204872,8,0,Model_2
17968,3702.55712890625,4024.9512160173617,8713.380329793348,0,1,Model_2
17969,2056.5927734375,4194.889589301543,8711.49418704334,0,0,Model_2
17970,2546.888427734375,4138.414551135851,8734.823501293635,0,1,Model_2
17971,7054.6806640625,4361.12605481362,8415.158869275532,16,0,Model_2
17972,5992.376953125,4390.364773772657,8411.339951289468,4,0,Model_2
17973,19065.0234375,4428.157192087732,8428.14248387533,22,0,Model_2
17975,2019.0067138671875,4303.072573256912,8422.925297860696,3,0,Model_2
17976,1987.587890625,4342.321910012513,8425.205343807233,2,0,Model_2
17977,3310.761474609375,4313.1310645188205,8433.251567308675,1,0,Model_2
17978,6113.5517578125,4387.777305035153,8430.809014213795,28,0,Model_2
17979,9287.1416015625,4466.83803144237,8439.147750582255,12,0,Model_2
17980,4871.34130859375,4292.24304300989,8441.353608482808,48,0,Model_2
17981,5991.16552734375,4493.455217852024,8441.804389181256,2,0,Model_2
17982,2519.466796875,4360.97460894729,8436.742644786777,5,0,Model_2
17983,4653.634765625,4341.288027289789,8442.460776749998,40,0,Model_2
17984,3184.277099609375,4377.441239738604,8444.61046370145,34,0,Model_2
17985,18227.18359375,4524.56100195949,8464.975435600121,22,0,Model_2
17986,3331.888916015625,4320.111384023447,8448.644173744455,21,1,Model_2
17987,3405.089599609375,4355.062235977268,8454.163057812752,27,0,Model_2
17988,7659.58056640625,4397.428871841636,8462.106124602637,52,0,Model_2
17989,6348.4658203125,4302.645854964852,8464.454706172604,10,0,Model_2
17990,7161.3056640625,4418.450386667391,8465.538558196771,29,1,Model_2
17991,6919.1025390625,4439.7784758000635,8459.608107111475,24,0,Model_2
17992,7982.10498046875,4371.308832956711,8466.86157835013,28,1,Model_2
17993,4872.28271484375,4336.169249072205,8466.233099617733,13,0,Model_2
17994,5862.08837890625,4471.723886838183,8461.48400484561,26,0,Model_2
17995,2184.201904296875,4318.44732078095,8465.629703510407,6,0,Model_2
17996,4210.28515625,4497.499144708272,8470.19580110244,48,0,Model_2
17997,3797.71533203125,4463.665493719745,8478.40771123991,25,0,Model_2
17998,5541.42041015625,4441.077043547528,8483.223221977009,24,1,Model_2
17999,8033.64404296875,4482.150175204035,8492.235656458273,38,0,Model_2
18000,841.21826171875,4316.947132092901,8480.499460860214,3,0,Model_2
18001,2463.103759765625,4353.034518526867,8481.732395529165,1,0,Model_2
18002,8240.4501953125,4367.0283007044345,8494.304796388373,4,0,Model_2
18003,8001.31103515625,4579.841965422267,8492.36460234772,3,0,Model_2
18004,10560.4169921875,4299.133139445214,8500.737959804304,7,0,Model_2
18005,15834.337890625,4404.503096989822,8497.623474978667,12,1,Model_2
18006,9295.5634765625,4505.360520103946,8499.748432581458,55,0,Model_2
18007,2011.0623779296875,4344.3298336262815,8496.102266759612,1,0,Model_2
18008,887.9095458984375,4251.477406303864,8489.056168773299,0,0,Model_2
18009,4219.826171875,4457.12063862104,8497.455668684182,11,2,Model_2
18010,4251.212890625,4534.746081711492,8496.047155639739,13,0,Model_2
18011,6999.490234375,4556.934051933233,8509.56598399984,57,0,Model_2
18012,3947.466796875,4436.834718003171,8507.494371134875,1,2,Model_2
18013,11359.37109375,4530.6335669097025,8521.609530074114,75,2,Model_2
18014,1682.5458984375,4585.465716634877,8511.201300499146,0,0,Model_2
18015,10683.3115234375,4468.425220947247,8523.247672784695,1,0,Model_2
18016,3619.726318359375,4334.901522884145,8517.611854224873,3,0,Model_2
18017,11400.4345703125,4390.762952114223,8524.68126845421,2,2,Model_2
18018,7989.44677734375,4442.190561938565,8528.87501271069,3,7,Model_2
18019,5213.2578125,4351.813284838805,8525.700117619039,3,0,Model_2
18020,7277.8203125,4571.138201165246,8530.209337709151,24,0,Model_2
18021,4097.62353515625,4592.236589728622,8531.578637072147,2,0,Model_2
18022,6785.4951171875,4419.36366508319,8534.861281468678,2,0,Model_2
18023,1028.9091796875,4610.031248861458,8524.607433684636,0,0,Model_2
18024,26527.416015625,4503.379295153543,8551.604816894163,8,14,Model_2
18025,3709.372802734375,4303.387893677689,8528.093565293006,0,0,Model_2
18026,10985.41015625,4365.271252461942,8544.017852724995,5,0,Model_2
18027,11622.572265625,4617.385349653196,8545.468405662163,16,0,Model_2
18028,1202.9991455078125,4337.712708007777,8538.084575428424,0,0,Model_2
18029,18105.923828125,4552.04819653742,8561.077217260521,24,1,Model_2
18030,8213.8154296875,4470.884259907529,8553.438321459165,4,4,Model_2
18031,3792.195556640625,4313.902103503933,8556.34613958528,1,0,Model_2
18032,5488.423828125,4401.4442587473895,8554.687153566541,0,0,Model_2
18033,4292.06201171875,4580.760767699452,8557.944715338002,16,0,Model_2
18034,3547.791259765625,4333.072664443636,8557.940829297499,2,0,Model_2
18035,11382.8466796875,4428.501973102568,8566.76532072894,3,1,Model_2
18036,11000.1259765625,4388.0387678074185,8572.366164924228,2,1,Model_2
18037,4546.27001953125,4601.814965371741,8566.85434638412,7,0,Model_2
18038,7115.548828125,4624.748656880576,8571.303509484627,14,0,Model_2
18039,1738.2723388671875,4348.771478502313,8568.899816794787,1,0,Model_2
18040,1203.6707763671875,4361.311104170047,8568.042414949072,0,0,Model_2
18041,9944.0419921875,4447.4101506264415,8586.550919316127,1,4,Model_2
18042,4921.4189453125,4317.847521498799,8576.931555963441,1,0,Model_2
18043,5550.88671875,4514.448192727286,8584.73967116492,2,1,Model_2
18044,5773.01904296875,4586.639076857595,8579.440878299705,13,1,Model_2
18045,6488.572265625,4532.654379533371,8587.439762762282,2,0,Model_2
18046,7578.6083984375,4469.111560724443,8585.630634269532,3,1,Model_2
18047,5502.5693359375,4351.637902239803,8587.363455057843,2,0,Model_2
18048,6667.68115234375,4411.395495034056,8594.371752468345,3,0,Model_2
18049,10690.6142578125,4367.719704021234,8602.078124063904,2,0,Model_2
18050,7792.42431640625,4561.168552007293,8597.44384412485,3,1,Model_2
18051,11670.7392578125,4491.137958000647,8606.139742943255,2,0,Model_2
18052,16665.759765625,4602.993849455845,8610.007059797412,6,4,Model_2
18053,1662.264404296875,4336.084549864288,8596.986351174623,0,0,Model_2
18054,8676.5263671875,4315.254068578128,8611.538513032341,1,3,Model_2
18055,5840.205078125,4387.052298228256,8606.363013634022,0,0,Model_2
18056,7430.09619140625,4425.2695935482625,8613.053715552436,3,0,Model_2
18057,12147.6982421875,4521.081889929948,8624.676156146656,5,1,Model_2
18058,4353.13818359375,4540.098703394411,8615.002388226916,2,0,Model_2
18059,7787.67822265625,4459.445723942714,8617.814468446071,1,1,Model_2
18060,838.1967163085938,4292.777476598974,8609.69864949197,0,0,Model_2
18061,16200.6328125,4574.585550991818,8627.31831041287,8,5,Model_2
18062,10467.271484375,4396.152859861497,8630.003917677444,1,3,Model_2
18063,8393.9443359375,4350.624733997276,8632.468727186118,2,3,Model_2
18064,15219.353515625,4489.281480253208,8641.393195841432,1,0,Model_2
18065,17029.5546875,4315.620484716725,8647.123339202575,1,17,Model_2
18066,5228.04248046875,4420.615740330657,8641.550757120043,0,1,Model_2
18067,5931.05029296875,4446.170043745311,8640.365514766367,1,0,Model_2
18068,9017.07421875,4549.514125126647,8648.31635363726,5,4,Model_2
18069,1598.690673828125,4365.519826224307,8643.161697547097,0,2,Model_2
18070,5281.58544921875,4379.146731941495,8652.604775971471,1,1,Model_2
18071,15257.017578125,4596.61148794624,8659.636389624997,1,8,Model_2
18072,6253.92431640625,4446.621619413607,8659.386269927112,1,0,Model_2
18073,8935.7880859375,4524.169268122874,8669.099604804709,0,0,Model_2
18074,2645.859130859375,4511.775564460084,8661.792435551819,0,0,Model_2
18075,1622.038330078125,4400.444439836545,8662.647717739077,0,0,Model_2
18076,10620.60546875,4564.7148710170295,8677.148301241017,2,0,Model_2
18077,1610.0093994140625,4409.229681049008,8669.466658994119,0,0,Model_2
18078,6544.654296875,4428.275494785747,8678.721087815851,0,1,Model_2
18079,1116.267822265625,4388.745361743029,8679.592973994353,1,1,Model_2
18080,1681.5555419921875,4317.515169172082,8689.024041020806,0,1,Model_2
18081,10127.5927734375,4581.117977402406,8711.840751201002,4,0,Model_2
18082,2594.4638671875,4285.495186005253,8703.646858160413,0,1,Model_2
18083,6985.83837890625,4294.8208449899685,8714.601253064378,0,7,Model_2
18084,5066.58642578125,4361.651742288843,8734.628845992032,1,5,Model_2
18086,19847.451171875,4666.749336928129,8575.809550087055,4,0,Model_2
18088,7630.91015625,4629.5047015338205,8597.483764359116,43,0,Model_2
18089,4482.29638671875,4656.458383166231,8599.644402879261,28,0,Model_2
18090,10662.1630859375,4690.443480021087,8607.615025229083,7,0,Model_2
18091,8264.3603515625,4644.153981929179,8621.816383612226,28,0,Model_2
18092,2792.8974609375,4667.675964675611,8619.33991598204,9,0,Model_2
18093,5664.22021484375,4631.508942573331,8643.90039851924,1,1,Model_2
18094,13748.94921875,4664.1379314579535,8647.883590035693,66,3,Model_2
18095,20218.171875,4688.25649123406,8682.237247919024,46,3,Model_2
18096,5465.841796875,4710.502462000353,8664.104276375205,4,0,Model_2
18097,14439.62109375,4637.677254454233,8677.932221593568,6,19,Model_2
18098,19931.85546875,4615.104915544391,8702.01648753084,6,15,Model_2
18099,7675.48388671875,4656.921006557299,8701.351621328271,0,7,Model_2
18107,5511.068359375,5578.045607133303,8647.852854988072,17,0,Model_2
18108,5455.3115234375,5556.121401292738,8649.083669998567,47,0,Model_2
18109,8848.3603515625,5601.464017478749,8655.713608374557,28,0,Model_2
18110,7990.47509765625,5525.957435551565,8656.296514450136,21,0,Model_2
18111,12372.0615234375,5484.4391727317125,8675.195035973215,20,0,Model_2
18112,6423.1923828125,5574.810925970087,8674.191377693991,54,1,Model_2
18113,9839.6552734375,5547.587956095114,8681.864541307063,36,1,Model_2
18114,3854.927978515625,5612.816012948519,8673.286636809411,44,0,Model_2
18115,5438.9052734375,5520.983658695361,8675.869793915248,30,2,Model_2
18116,3035.720947265625,5502.686328176409,8683.525646984257,11,1,Model_2
18117,6484.11572265625,5513.29812622047,8701.16226517281,20,0,Model_2
18118,1067.26611328125,5584.8454804993235,8707.207177814766,27,0,Model_2
18119,3791.1181640625,5607.279262552736,8717.711498573102,0,0,Model_2
18120,5865.44970703125,5496.6381602806505,8726.333209345525,38,1,Model_2
18130,6262.10205078125,5718.794515889138,8620.283517271659,18,2,Model_2
18131,3607.982177734375,5744.134769675089,8623.790138911776,7,0,Model_2
18132,13456.8759765625,5648.481744630029,8637.36513822098,24,0,Model_2
18133,7831.79541015625,5758.417633931851,8636.66211816619,1,0,Model_2
18134,11004.2919921875,5786.783582791919,8636.076032602927,2,0,Model_2
18135,4782.70947265625,5624.404613814317,8636.660705060553,28,1,Model_2
18137,7341.6181640625,5672.15287163388,8646.896889024123,21,0,Model_2
18138,8365.025390625,5809.915672988864,8642.215976599022,9,0,Model_2
18139,4421.30224609375,5723.241684626555,8637.273639630934,7,0,Model_2
18140,5996.05126953125,5842.084340091329,8642.656512281595,4,1,Model_2
18141,6212.28955078125,5694.135998662561,8644.498495480424,21,1,Model_2
18142,3665.94970703125,5862.678676303243,8651.372547855339,19,0,Model_2
18143,2749.300048828125,5736.858923586318,8650.300353952684,5,0,Model_2
18144,4149.57470703125,5832.54877437395,8654.639648089855,1,0,Model_2
18145,4997.396484375,5713.643515146803,8654.867864650354,20,1,Model_2
18146,5219.322265625,5777.25860447553,8659.978361189336,0,0,Model_2
18147,1384.8944091796875,5753.070075788535,8656.334668302356,0,0,Model_2
18148,7298.2412109375,5879.845916847,8668.971012191672,10,0,Model_2
18149,9852.421875,5627.7180100022815,8679.401498180436,47,1,Model_2
18150,2850.489990234375,5644.364626610419,8664.243820556934,4,0,Model_2
18151,7661.330078125,5815.155515835155,8670.845850096579,1,0,Model_2
18152,9389.6640625,5679.55024267314,8674.388859206869,40,0,Model_2
18153,4567.45263671875,5857.39786481834,8672.299582521431,7,0,Model_2
18154,3162.9287109375,5840.353069868637,8675.79913863336,0,0,Model_2
18155,14842.65625,5909.629656796111,8687.485168981279,30,2,Model_2
18156,3842.55712890625,5791.0797659847885,8677.256403822306,1,0,Model_2
18157,2455.031982421875,5767.344654253218,8675.562796715443,0,0,Model_2
18158,2377.60693359375,5827.29834412667,8685.114330997516,0,0,Model_2
18159,974.508544921875,5709.41914215195,8679.84803956197,0,0,Model_2
18160,3976.082763671875,5772.4496228173375,8690.446331845218,2,0,Model_2
18161,3475.833251953125,5794.1588583856355,8693.636064546066,0,0,Model_2
18162,3624.134033203125,5851.421507120598,8693.273956226389,0,1,Model_2
18163,10703.2236328125,5662.669322277885,8695.807301358494,10,2,Model_2
18164,7868.11669921875,5876.497075881809,8697.919541010546,6,2,Model_2
18165,2785.2421875,5831.215222171042,8697.628794525575,0,1,Model_2
18166,11487.880859375,5951.094522289233,8711.946027571015,23,1,Model_2
18167,7011.1494140625,5650.378730694298,8719.369424762612,2,1,Model_2
18168,3620.48046875,5775.318808485521,8707.001217668061,1,1,Model_2
18169,7650.32373046875,5755.85410192702,8716.61846136229,0,1,Model_2
18170,1532.369873046875,5838.684403408319,8707.485912901815,0,1,Model_2
18171,2662.387451171875,5710.009274676675,8710.815896337212,0,0,Model_2
18172,9115.3876953125,5872.79654907505,8724.728274617431,1,1,Model_2
18173,3945.296142578125,5797.925671529025,8715.596079433366,0,0,Model_2
18174,3711.2431640625,5852.358722269069,8720.00991489293,1,0,Model_2
18175,7649.34765625,5905.665365608176,8715.197230367106,0,0,Model_2
18176,5653.8642578125,5820.674313681433,8720.919248370832,1,2,Model_2
18177,2454.28515625,5948.88267612597,8731.471614720853,9,1,Model_2
18180,13830.0927734375,1273.423219950928,8736.094589814806,4,0,Model_2
18181,8493.61328125,1250.0682189309737,8777.401433988765,33,0,Model_2
18182,10770.455078125,1268.5239001429873,8801.752423615166,13,0,Model_2
18183,2600.55908203125,1235.9912335912813,8799.993460372556,12,1,Model_2
18184,15696.99609375,1234.9292712398455,8827.114490325388,10,0,Model_2
18185,5879.0791015625,1272.129025260394,8828.228724120767,4,0,Model_2
18186,9797.125,1241.853086245712,8860.72326489941,3,0,Model_2
18187,6981.82763671875,1214.7720105600893,8856.42442091112,8,0,Model_2
18188,9315.515625,1239.521211177751,8885.72039707868,4,1,Model_2
18189,9427.884765625,1279.0909318937338,8905.202354591951,1,0,Model_2
18190,6627.9111328125,1252.2026159543893,8908.956093080473,7,0,Model_2
18191,1082.850830078125,1235.1875117596355,8902.416770103504,0,0,Model_2
18192,7305.85205078125,1220.9374454298522,8915.222686669353,18,0,Model_2
18193,2793.96875,1177.5175933279097,8918.465764108027,2,0,Model_2
18194,8768.85546875,1239.5742632631445,8940.890160835537,11,0,Model_2
18195,4991.0673828125,1195.5084646203904,8930.69001106573,6,1,Model_2
18196,3752.342529296875,1222.8498522738228,8937.9777501161,2,0,Model_2
18197,4763.43505859375,1260.7593074020115,8938.26319745493,5,0,Model_2
18198,4666.2734375,1174.7191821337328,8938.413163290737,6,0,Model_2
18199,9248.2861328125,1204.1213153254357,8953.777860890172,20,0,Model_2
18200,3466.6865234375,1174.5692323131952,8967.39754966517,0,0,Model_2
18201,6317.3623046875,1206.0109362411895,8974.68493543913,9,0,Model_2
18202,885.8413696289062,1276.5692891710787,8977.552833330978,3,0,Model_2
18203,8036.708984375,1336.6073330111103,8690.848007122753,33,1,Model_2
18204,4538.3564453125,1349.1200298545882,8713.487019269,10,0,Model_2
18205,11557.0654296875,1594.0054639397422,8723.854975333292,10,1,Model_2
18206,942.040771484375,1335.1173864827142,8718.984000199911,0,0,Model_2
18207,6981.13916015625,1537.2058989176294,8733.115056577575,4,0,Model_2
18208,6717.64794921875,1558.692223662918,8735.941621129517,3,0,Model_2
18209,5025.05712890625,1514.17634539766,8734.949974248215,6,0,Model_2
18210,3492.14453125,1304.8179710571421,8735.750851868419,3,0,Model_2
18211,28540.578125,1303.371985258942,8763.807004477043,21,1,Model_2
18212,11925.2421875,1619.4250081526698,8763.4162807682,21,0,Model_2
18213,7621.6875,1553.6545771594392,8762.611870383902,0,0,Model_2
18214,7005.69482421875,1568.8888114594738,8776.654254382796,4,0,Model_2
18215,6698.24365234375,1314.015545505972,8790.164957385481,14,0,Model_2
18216,6464.61767578125,1312.9828135877033,8815.942830429616,11,0,Model_2
18217,6054.3740234375,1292.7616832606727,8822.269304369896,3,0,Model_2
18218,5050.12939453125,1309.8457206423045,8842.46152410435,12,0,Model_2
18219,15224.9638671875,1272.0669969002483,8866.925208905363,0,1,Model_2
18220,3965.82373046875,1287.3852399255265,8846.90962737563,0,0,Model_2
18221,6469.9521484375,1302.0924057849916,8870.457443085164,2,0,Model_2
18222,7191.49755859375,1302.925933452032,8902.199681749902,0,0,Model_2
18223,3170.190673828125,1296.0755397704197,8925.879976112978,2,0,Model_2
18224,5076.876953125,1277.5220401796978,8933.158353338498,7,0,Model_2
18225,3894.701171875,1297.4032228706055,8946.26261183212,3,0,Model_2
18226,6398.30224609375,1274.5733339236467,8959.467200826024,16,0,Model_2
18227,9081.9462890625,1303.5883364965557,8968.198250647169,7,1,Model_2
18228,6738.626953125,1289.6198720170069,8990.581314034775,8,0,Model_2
18229,7244.82080078125,1293.6663306430564,9023.589518712746,1,0,Model_2
18230,17705.970703125,1587.1294073187746,9032.888990276682,1,0,Model_2
18231,9303.787109375,1264.2099945615046,9034.183395040876,17,1,Model_2
18232,6116.66748046875,1303.5396574680926,9044.747066236,3,0,Model_2
18233,13937.8974609375,1655.9747878168127,8698.124794604431,11,0,Model_2
18234,6726.16943359375,1741.3978517361102,8700.66237905345,8,1,Model_2
18235,5990.04248046875,1859.4587657343363,8682.074387494271,1,0,Model_2
18236,11050.3837890625,1891.1625078368234,8690.464702218509,3,0,Model_2
18237,7289.10400390625,1631.5182367721573,8699.727609674068,6,0,Model_2
18238,1747.8851318359375,1665.0647620490636,8684.399299544806,0,0,Model_2
18239,9346.28515625,1695.1044409090537,8702.261661358993,10,0,Model_2
18240,4607.2255859375,1864.679505226668,8701.366105661058,4,0,Model_2
18241,7957.80615234375,1634.6659171185456,8732.659683285805,11,0,Model_2
18242,3740.0869140625,1878.225854631979,8733.360936958547,4,0,Model_2
18243,12008.4931640625,1897.3973362152465,8751.198922700481,4,0,Model_2
18244,5141.51904296875,1850.7669698436512,8742.598408512626,2,0,Model_2
18245,2250.438720703125,1868.1611490260111,8751.824221945193,1,0,Model_2
18246,5450.95263671875,1834.6591598815285,8761.15778468264,1,0,Model_2
18247,3437.47412109375,1880.4795900774188,8761.793328943226,2,0,Model_2
18248,4366.1591796875,1859.0078805487137,8768.615096409543,1,0,Model_2
18249,2682.236083984375,1843.989191923174,8775.149650154985,0,0,Model_2
18250,1114.935302734375,1873.086361934198,8774.076043146692,0,0,Model_2
18251,5693.50732421875,1881.8630871936912,8787.57155526377,2,0,Model_2
18252,5982.296875,1913.5325353234075,8800.685528858652,0,0,Model_2
18253,2933.696044921875,1894.1396389629226,8802.83839529779,0,0,Model_2
18254,4454.05908203125,1858.2932309819153,8808.491524401674,4,0,Model_2
18255,10401.9755859375,1915.6539282564772,8829.554217208992,1,0,Model_2
18256,4993.72509765625,1866.737143592909,8825.703151069669,2,0,Model_2
18257,6254.57275390625,1954.8735742571298,8829.88453065182,0,0,Model_2
18258,5639.6806640625,1887.6882291859947,8836.890355127456,3,0,Model_2
18259,2953.1142578125,1903.336638009525,8842.441387349012,3,0,Model_2
18260,3833.043212890625,1856.0604401775636,8845.964966256783,5,0,Model_2
18261,4793.44970703125,1872.2596240134444,8851.194163669337,10,0,Model_2
18262,4128.90380859375,1882.52871249069,8866.592952442283,19,1,Model_2
18263,2764.072021484375,1893.0247396065388,8876.816418455113,7,0,Model_2
18264,4691.7421875,1901.6306854848517,8891.734221396604,6,0,Model_2
18265,4881.6806640625,1934.641741448664,8914.91798576621,12,0,Model_2
18266,4938.982421875,1958.1807561010355,8923.245064013157,1,0,Model_2
18267,2040.388916015625,1890.627383765066,8945.890081858364,2,0,Model_2
18268,10513.5478515625,1907.7267268459545,8961.059947517992,7,0,Model_2
18269,4687.35791015625,1937.2766233297298,8965.33105930814,10,0,Model_2
18270,16359.0947265625,1928.307253404404,9002.551025339475,18,0,Model_2
18271,4284.72412109375,1899.6050394824706,9003.545321793848,8,2,Model_2
18272,11338.150390625,1924.112801325391,8749.860005108698,1,0,Model_2
18273,7303.65087890625,1950.7633610642515,8776.692408235016,1,0,Model_2
18274,8464.6142578125,1926.0689387386665,8780.230118199164,5,0,Model_2
18275,8768.1796875,1942.1917091587093,8808.882954663335,1,0,Model_2
18276,5487.59521484375,1984.746156310197,8826.141213817376,2,0,Model_2
18277,2032.038818359375,1938.0515750499908,8829.008051879995,0,0,Model_2
18278,19361.966796875,1960.8955038113054,8861.299988637824,3,0,Model_2
18279,10671.876953125,1923.522898961557,8865.859727254487,8,0,Model_2
18280,7062.11083984375,1947.2927649876801,8897.073994325314,8,0,Model_2
18281,9300.12109375,1985.7045462606475,8900.08779537426,2,0,Model_2
18282,5848.7841796875,1916.0060744198272,8906.55416677268,21,0,Model_2
18283,14220.5908203125,2031.2902123476379,8920.139587735961,12,0,Model_2
18284,5805.80419921875,1976.8493361372966,8919.991211643995,9,0,Model_2
18285,8511.1748046875,2002.8292070395546,8929.406381232024,9,0,Model_2
18286,2969.8935546875,1977.261554293218,8942.272001511068,4,1,Model_2
18287,19323.466796875,2036.6571040058043,8959.269012760327,13,0,Model_2
18288,5528.3642578125,1994.3312066191575,8955.518277121286,12,0,Model_2
18289,5360.6142578125,1980.7330710133538,8972.896120339923,19,0,Model_2
18290,4806.62744140625,2010.3812461976195,8973.663613339435,11,0,Model_2
18291,4451.14892578125,1951.7249732671771,8979.37361994524,7,0,Model_2
18292,4206.26806640625,2003.1700753192417,8990.619821163404,16,0,Model_2
18293,3498.204345703125,2024.0424458875787,8990.661684417923,5,0,Model_2
18294,14175.8779296875,2048.616954388912,9001.969709007739,14,0,Model_2
18295,3649.76220703125,1982.069154986064,8993.119075121998,6,0,Model_2
18296,6750.18603515625,1990.103381210938,9012.326536865134,18,0,Model_2
18297,10115.337890625,2014.641524291481,9018.62439541625,30,1,Model_2
18298,24484.53515625,2029.8176429665182,9054.50279428273,94,0,Model_2
18299,5606.29638671875,1955.7481856432278,9054.746908281653,23,0,Model_2
18300,6212.5673828125,2581.6935148591874,8764.249306541664,9,0,Model_2
18301,3419.811767578125,2616.961988842697,8797.114964188426,23,0,Model_2
18303,6823.25244140625,2578.187934327172,8827.331755317195,6,2,Model_2
18304,6352.8037109375,2580.6407589433948,8896.514227854554,58,0,Model_2
18305,12694.7275390625,2581.6550779903773,8927.071930718434,38,0,Model_2
18306,5139.71044921875,2620.977605909342,8937.992411087092,34,1,Model_2
18307,7990.15283203125,2553.126405380317,8959.918511439086,10,0,Model_2
18308,7631.3359375,2592.1170412943466,8958.427155076628,19,1,Model_2
18309,17509.447265625,2573.15063306503,8986.233717901981,33,0,Model_2
18310,6025.0947265625,2537.2192957152147,8990.97663033694,2,0,Model_2
18311,5639.25732421875,2599.7956689425046,9012.688821823016,8,0,Model_2
18312,7158.85693359375,2550.01532061561,9015.083505964416,6,0,Model_2
18313,6443.98095703125,2617.250380439218,9017.88357478565,2,1,Model_2
18314,6026.50341796875,2580.477114549838,9020.651848730035,8,0,Model_2
18315,9400.07421875,2541.5127169773914,9037.898626400769,4,0,Model_2
18316,14051.623046875,2575.01815853524,9050.809289422017,13,0,Model_2
18317,9075.408203125,2603.959509623004,9050.011591289498,22,0,Model_2
18318,4483.91552734375,2626.6559052531375,9041.091008674688,9,0,Model_2
18319,21121.666015625,2748.9735298514133,8699.800031338003,17,0,Model_2
18320,4865.19287109375,2854.7630707004573,8691.029591197206,1,1,Model_2
18321,2955.477783203125,2873.0760521600023,8685.94700349457,0,2,Model_2
18322,30614.828125,2883.568166540703,8710.693662699545,1,1,Model_2
18323,6509.44482421875,2827.616744402214,8710.257366333884,2,1,Model_2
18324,12458.982421875,2691.1575743342983,8724.002291596029,3,1,Model_2
18325,13019.0966796875,2715.520104654948,8740.073542014346,7,1,Model_2
18326,24154.259765625,2755.1091588857817,8745.092893239693,11,0,Model_2
18327,7846.95751953125,2848.3388199086767,8737.687866421387,1,1,Model_2
18328,6722.80029296875,2883.3497438550694,8745.970078564336,0,2,Model_2
18329,6972.94189453125,2894.743168285233,8752.061623692338,0,8,Model_2
18330,5105.8056640625,2654.7410578260897,8752.270056773908,8,0,Model_2
18331,3556.70703125,2622.072481268202,8747.395548876433,4,0,Model_2
18332,3877.370849609375,2675.267726736027,8749.52933838946,6,0,Model_2
18333,4499.89697265625,2632.3070456117857,8757.453328253236,6,0,Model_2
18334,10107.802734375,2839.0628756764345,8761.11998410683,2,0,Model_2
18335,8700.9228515625,2769.3248161623487,8779.455736309668,2,0,Model_2
18336,8947.5146484375,2788.921174750547,8803.791535050463,0,0,Model_2
18337,5762.16357421875,2810.6966966554755,8761.679220662976,0,0,Model_2
18338,10267.021484375,2802.073949032114,8778.759781783068,3,0,Model_2
18339,4732.15625,2703.466808950063,8768.665968212503,1,0,Model_2
18340,8240.150390625,2602.223866343382,8779.524978485919,15,0,Model_2
18341,17336.4453125,2883.686008916935,8781.519223817217,0,10,Model_2
18342,2182.446533203125,2654.1619730241364,8774.223712685838,1,0,Model_2
18343,7339.580078125,2743.623900260078,8778.327018181502,0,0,Model_2
18344,9086.7763671875,2714.815582167357,8786.896797321737,5,0,Model_2
18345,10208.2607421875,2636.237733309623,8793.186177239026,7,0,Model_2
18346,7556.9033203125,2682.879607725772,8787.376193409349,12,0,Model_2
18347,6941.6357421875,2838.0706520749955,8787.492068071646,4,9,Model_2
18348,8431.6416015625,2590.7257187077776,8804.898350041243,11,0,Model_2
18349,9424.6416015625,2865.8153966900427,8806.243979884806,0,9,Model_2
18350,9893.5625,2724.7900647040224,8810.964459267765,3,1,Model_2
18351,5789.37353515625,2813.1412354796194,8811.29689236905,1,1,Model_2
18352,7161.189453125,2836.1863248597365,8811.103650173085,2,0,Model_2
18353,4632.048828125,2761.3872575117275,8805.242794540449,0,0,Model_2
18354,6650.0361328125,2679.981651946204,8815.862636684673,1,1,Model_2
18355,7420.09765625,2904.135804089252,8812.835764408577,2,6,Model_2
18356,5728.5029296875,2698.9126153982943,8819.376677129389,6,1,Model_2
18357,5626.32763671875,2746.8219858416123,8824.819253493246,0,0,Model_2
18358,6887.58837890625,2613.9280079765012,8819.385862316034,11,0,Model_2
18359,7028.326171875,2769.2419582415605,8826.292769397027,4,3,Model_2
18360,6467.06640625,2658.6303165635327,8828.749453548284,4,0,Model_2
18361,7711.59521484375,2873.8537658109562,8830.069647490367,0,12,Model_2
18362,38605.99609375,2912.0726722572,8857.990848510584,0,17,Model_2
18363,12717.2802734375,2637.154464138788,8843.221774937469,31,1,Model_2
18364,6689.9189453125,2806.732635628432,8837.66014442363,2,4,Model_2
18365,3860.075927734375,2847.7254411339527,8832.270912797598,1,2,Model_2
18366,5357.28173828125,2787.548265035264,8841.112361496693,1,2,Model_2
18367,7061.04150390625,2826.492178288405,8844.1508918943,0,11,Model_2
18368,25676.287109375,2693.8525282079354,8866.62986982707,10,1,Model_2
18369,10056.40234375,2736.541619480704,8846.724863813492,2,0,Model_2
18370,6803.04541015625,2679.2030176516855,8843.60719950017,4,0,Model_2
18371,13040.4404296875,2602.8160703161266,8854.787338029768,32,2,Model_2
18372,5432.45947265625,2844.4672835598467,8856.370369620476,0,5,Model_2
18373,18302.06640625,2768.5459517069394,8871.359711034878,5,3,Model_2
18374,12525.5625,2871.9282397961942,8868.095437011638,0,17,Model_2
18375,1998.1217041015625,2576.7397620005067,8855.530631595233,8,0,Model_2
18376,8250.400390625,2797.6679790942,8868.126878612078,0,14,Model_2
18377,6724.634765625,2636.6069113789126,8872.806377931542,35,4,Model_2
18378,2576.8564453125,2817.169741556165,8871.621842130684,0,7,Model_2
18379,14308.9228515625,2729.173939196393,8884.196539286553,1,0,Model_2
18380,15664.26171875,2833.006652149488,8894.249549431828,0,5,Model_2
18381,3365.777099609375,2661.7374885930913,8876.349210403627,2,0,Model_2
18382,4670.10888671875,2602.151135501801,8878.827267777655,21,1,Model_2
18383,1057.2322998046875,2587.2350986336824,8878.761911641908,1,0,Model_2
18384,16117.1474609375,2865.467623583623,8900.940957903062,1,5,Model_2
18385,4832.90478515625,2615.6249842264224,8888.258688080517,27,2,Model_2
18386,14254.900390625,2805.6366094651166,8908.12006445753,1,5,Model_2
18387,685.3726196289062,2636.3401549061527,8888.627508651974,7,0,Model_2
18388,6838.2578125,2658.0463983828668,8904.062154980478,3,2,Model_2
18389,4356.34375,2629.7062275425997,8903.187972505315,52,2,Model_2
18390,11656.291015625,2767.6805467564845,8907.491585725133,1,4,Model_2
18391,10208.0234375,2733.130635074922,8920.847200384072,0,0,Model_2
18392,9269.8369140625,2607.037681380287,8915.713387602067,56,3,Model_2
18393,12777.2919921875,2894.573309547617,8928.958250106647,0,1,Model_2
18394,7223.33544921875,2701.9946998907253,8922.086847304803,0,0,Model_2
18395,2983.7138671875,2634.6689566760324,8919.77023724989,37,2,Model_2
18396,8770.962890625,2865.5801722593606,8940.345585250383,2,11,Model_2
18397,3662.2705078125,2655.1012596206274,8931.456974150628,2,0,Model_2
18398,5818.91796875,2836.4862245008117,8933.23660406319,0,0,Model_2
18399,11298.6806640625,2783.180271644378,8941.329460050678,2,5,Model_2
18400,7704.3291015625,2757.7306914351648,8939.666587991436,0,1,Model_2
18401,6822.6416015625,2923.843330387841,8940.837699288735,0,2,Model_2
18402,5355.1923828125,2639.648947876296,8943.76053166225,11,1,Model_2
18403,6689.29248046875,2682.4082382208435,8940.578217766,4,0,Model_2
18404,9916.1787109375,2809.8596014946233,8955.646869734323,1,1,Model_2
18405,8148.0791015625,2837.324240305228,8957.215593630448,0,4,Model_2
18406,1358.201904296875,2702.314163207542,8949.068156437701,0,0,Model_2
18407,1400.8934326171875,2656.979142330936,8949.817279063922,1,0,Model_2
18408,6426.05810546875,2899.5608960572863,8957.869508264324,0,1,Model_2
18409,18254.658203125,2616.5879773946945,8976.349397242215,28,0,Model_2
18410,26076.576171875,2740.944597327034,8975.911864409121,6,3,Model_2
18411,1912.6826171875,2679.081722862087,8959.187229271542,0,0,Model_2
18412,6939.970703125,2646.693021947751,8971.130444845534,5,1,Model_2
18413,4963.48388671875,2701.4703933808487,8971.006621464025,2,0,Model_2
18414,7599.0830078125,2684.1135002628434,8982.244697324772,1,0,Model_2
18415,3224.1552734375,2788.7904433644144,8975.086434078461,0,5,Model_2
18416,4482.13720703125,2663.118684100453,8985.923011299878,2,1,Model_2
18417,2934.873291015625,2895.9213618866634,8979.50945472467,0,3,Model_2
18418,2664.399658203125,2773.6619679938303,8991.036687326545,0,0,Model_2
18419,4449.44970703125,2751.807961225044,8996.856032981072,0,5,Model_2
18420,1706.874267578125,2885.368485030718,8999.024443582224,0,1,Model_2
18421,2241.19775390625,2847.640972086927,9004.063931562909,0,2,Model_2
18422,2866.450927734375,2686.2567584805656,9005.182051398791,0,0,Model_2
18423,8051.61962890625,2730.3852759661386,9012.41096992699,2,0,Model_2
18424,3853.44775390625,2829.823527025874,9010.316217457206,0,5,Model_2
18425,11280.7470703125,2647.571546068997,9015.246366389169,6,0,Model_2
18426,11654.705078125,2836.078839723603,9032.603896214263,3,6,Model_2
18427,8195.6962890625,2717.7922529716743,9038.235475457172,3,0,Model_2
18428,877.731689453125,2669.9629785184516,9026.64023714648,0,0,Model_2
18429,3367.397216796875,2851.636565156048,9047.229009650531,0,1,Model_2
18430,9923.16015625,2972.6146533682477,8695.868064900918,0,5,Model_2
18431,1415.45458984375,3088.0313639693195,8694.161739843315,0,1,Model_2
18432,13327.556640625,2945.608034730889,8708.269479977957,1,5,Model_2
18433,15181.759765625,3020.8665032174904,8709.733810695092,2,10,Model_2
18434,2847.562744140625,3099.28116800345,8706.490733256418,1,5,Model_2
18435,6006.0341796875,3076.5306845639134,8710.427645563235,6,18,Model_2
18436,10444.5205078125,3221.152050312143,8719.020740946493,0,13,Model_2
18437,14318.1826171875,3056.484131272766,8735.847649604606,2,11,Model_2
18438,13898.564453125,3093.0274664319586,8736.28182631181,0,5,Model_2
18439,15295.0947265625,3201.266839805641,8748.58008467729,0,0,Model_2
18440,17620.7265625,2966.170148418052,8751.645817358425,1,10,Model_2
18441,2645.221435546875,3002.531196151511,8729.864560334303,0,1,Model_2
18442,15057.8251953125,2928.551961897523,8747.811355210346,0,7,Model_2
18443,17961.333984375,3246.2013807317708,8763.640964564605,4,10,Model_2
18444,8335.119140625,3107.009740564972,8759.611493838514,1,2,Model_2
18445,2050.624755859375,3225.2958669951186,8755.775971861207,1,0,Model_2
18446,10806.0771484375,3178.259036489879,8775.838185876986,1,2,Model_2
18447,7380.2392578125,3022.4672722149407,8781.937149809586,1,7,Model_2
18448,5856.1474609375,3096.463308213977,8787.430597976403,1,8,Model_2
18449,12195.5263671875,3216.7446994088823,8787.865127960016,1,4,Model_2
18450,11589.736328125,3202.7727825159673,8812.649234464392,2,8,Model_2
18451,9844.6591796875,3251.1988641597563,8809.206202577974,3,6,Model_2
18452,9777.5830078125,3143.8299592761323,8821.257167456846,0,5,Model_2
18453,19903.681640625,3024.3891156554455,8843.168430199643,0,0,Model_2
18454,6235.755859375,3179.710200908128,8816.467092621227,0,1,Model_2
18455,7762.455078125,3056.913611495518,8820.550614637963,0,4,Model_2
18456,3385.56201171875,2937.0359225035645,8814.27642560628,0,14,Model_2
18457,13051.0634765625,3237.1924231331795,8833.672007037443,3,22,Model_2
18458,16640.91796875,3209.293931042892,8858.207053673163,3,10,Model_2
18459,14838.3974609375,3175.523804460303,8854.28603880477,2,4,Model_2
18460,18055.837890625,3135.6698350438382,8880.518755226061,0,8,Model_2
18461,14062.609375,3249.1773610534146,8868.333898588011,4,4,Model_2
18462,3895.930419921875,3055.607448438648,8863.808427783064,0,1,Model_2
18463,2774.293701171875,3156.345648211194,8869.582554057182,0,3,Model_2
18464,8809.9873046875,3062.715737398714,8898.286615600722,1,1,Model_2
18465,14220.1171875,3098.1342762832064,8904.195693463247,2,8,Model_2
18466,7367.15966796875,3212.2169743595878,8893.618244488156,0,3,Model_2
18467,11573.998046875,3182.900461019366,8896.945401712277,0,4,Model_2
18468,10307.333984375,3239.5761994820787,8910.101238561678,3,13,Model_2
18469,11100.302734375,3159.981729968451,8921.372345766707,0,7,Model_2
18470,12296.1064453125,3206.2024099539267,8924.338631138584,1,9,Model_2
18471,9152.7021484375,3281.595522561809,8927.246272626493,1,0,Model_2
18472,12390.4052734375,3130.200751950033,8939.811607957512,0,10,Model_2
18473,11850.9130859375,3063.3489100100705,8945.002828156052,1,5,Model_2
18474,5542.94873046875,3084.2235821873182,8932.452860348843,0,4,Model_2
18475,11559.2666015625,3243.0919070933014,8951.607153992358,3,11,Model_2
18476,25512.46875,3188.81743720721,8960.775736646596,2,13,Model_2
18477,3270.14013671875,3272.566771126585,8949.564863069376,0,0,Model_2
18478,18351.845703125,3140.553158669849,8971.77234808149,4,11,Model_2
18479,6168.3681640625,3263.0056575502967,8967.781737760437,0,0,Model_2
18480,5749.02734375,3216.1437493222766,8981.757175879742,3,8,Model_2
18481,5539.9150390625,3234.9020921060583,8985.64286310719,0,3,Model_2
18482,2159.964111328125,3272.792328799842,8987.599484500883,1,0,Model_2
18483,15442.404296875,3218.9995856587775,9012.343494132787,2,13,Model_2
18484,2074.292724609375,3268.771648193593,8998.484813866802,0,0,Model_2
18485,4520.20849609375,3282.4864753711736,9011.861978386718,0,1,Model_2
18486,914.3965454101562,3272.3603168072877,9005.659857742561,0,0,Model_2
18487,12185.0,3118.9928371980786,9025.204168542099,0,9,Model_2
18488,16187.162109375,3243.897240051185,9034.160785350672,3,14,Model_2
18489,4769.22900390625,3265.111169381882,9024.628857909323,4,4,Model_2
18490,3588.016845703125,3204.4430601025233,9043.299516148312,2,5,Model_2
18491,9603.5380859375,3185.500358444988,9037.269794391963,0,13,Model_2
18492,12035.7919921875,3286.605434677913,9042.058632760149,1,2,Model_2
18493,4139.67431640625,3094.044317248743,9048.462120957687,0,1,Model_2
18494,2286.689697265625,3320.288560443674,8687.168633318419,1,2,Model_2
18495,38989.7734375,3282.246417561779,8712.06331533895,2,10,Model_2
18496,9696.318359375,3322.178181359428,8749.538170299697,4,1,Model_2
18497,2566.55224609375,3343.8627897123806,8739.88135964761,0,0,Model_2
18498,6976.3623046875,3364.0299473104533,8740.998772930674,0,0,Model_2
18499,21142.67578125,3358.9408598478185,8773.068852103374,1,1,Model_2
18500,3290.31201171875,3287.333663737285,8763.01778497835,0,0,Model_2
18501,5934.11572265625,3268.4206528346986,8787.981709175132,0,1,Model_2
18502,2398.506103515625,3287.6577302719234,8787.258199088596,0,0,Model_2
18503,9229.666015625,3399.663226306322,8804.317563624121,0,0,Model_2
18504,24100.958984375,3366.8887757385382,8825.187720788294,8,1,Model_2
18505,9388.154296875,3304.796200704295,8814.180687699321,9,14,Model_2
18506,7416.833984375,3333.919839217793,8811.51804340136,2,2,Model_2
18507,14364.560546875,3278.143109195633,8836.949705564242,6,2,Model_2
18508,13900.751953125,3398.5722636826104,8841.374492592498,8,2,Model_2
18509,10185.7978515625,3332.399396371329,8838.616463663988,4,0,Model_2
18510,2565.438720703125,3419.5861831989605,8840.141557923547,1,0,Model_2
18511,15011.830078125,3304.3858238355024,8860.660911613144,8,3,Model_2
18512,6449.111328125,3422.78749103297,8861.061703699655,0,0,Model_2
18513,19056.88671875,3337.6192152200965,8878.926008534094,13,1,Model_2
18514,9859.857421875,3369.2824490057537,8881.328641394706,6,2,Model_2
18515,12063.6611328125,3395.4284960713703,8887.273046898175,7,0,Model_2
18516,7235.60986328125,3428.2973126044963,8884.220915358805,0,1,Model_2
18517,14532.447265625,3291.425003737095,8892.636136069908,0,1,Model_2
18518,9248.3154296875,3263.3688514364185,8895.46676330056,3,0,Model_2
18519,8971.384765625,3312.861958971247,8920.137114801095,2,2,Model_2
18520,4814.7431640625,3435.130098977941,8910.476948023119,4,1,Model_2
18521,13799.5087890625,3351.5292188333115,8916.080441791477,4,2,Model_2
18522,12559.7109375,3401.814770316123,8927.644415139934,1,0,Model_2
18523,11168.001953125,3372.5659242778784,8939.413642082276,7,1,Model_2
18524,11190.837890625,3444.1512551037595,8944.147545968794,4,2,Model_2
18525,4346.0244140625,3424.554436193779,8941.51440025102,2,2,Model_2
18526,6147.5576171875,3326.4239593171515,8941.190269145358,0,1,Model_2
18527,6775.50390625,3348.1186947493115,8954.19614015895,5,0,Model_2
18528,7416.5283203125,3297.178565692273,8955.117838311184,0,0,Model_2
18529,10909.5234375,3377.748457062291,8976.319898662026,0,1,Model_2
18530,10223.5771484375,3351.275351370452,8988.077644121062,5,0,Model_2
18531,5039.28466796875,3324.2698835375486,8985.164350210602,9,1,Model_2
18532,10971.0888671875,3453.569668927579,9003.594073938351,5,1,Model_2
18533,8624.736328125,3424.7309695972363,9012.489397289886,14,0,Model_2
18534,5883.18017578125,3394.9446978783235,9014.763790813871,0,0,Model_2
18535,7240.70849609375,3307.598409553175,9018.140936649928,4,0,Model_2
18536,10638.9775390625,3365.5400329168187,9022.950265049862,7,0,Model_2
18537,2419.6845703125,3342.8289069896564,9045.22752215284,1,0,Model_2
18538,1720.9114990234375,3442.1700301533565,9045.027214428686,0,0,Model_2
18539,8635.583984375,3351.689180652611,9063.104368299813,5,1,Model_2
18541,28235.341796875,3927.586254264461,8860.064051119392,0,0,Model_2
18542,3720.202880859375,3961.388603371801,8899.9134534662,4,0,Model_2
18543,1940.3583984375,3951.7117188673,8908.915819569796,0,0,Model_2
18544,9307.6572265625,3958.683292258065,8933.047777822343,1,0,Model_2
18546,3013.442626953125,3969.8815402525943,8969.671589912745,2,0,Model_2
18547,3918.5185546875,3966.751352133928,8991.72010054061,2,0,Model_2
18548,7514.3134765625,4065.614661287749,8694.78562598239,10,0,Model_2
18549,7616.9638671875,4133.768983710324,8692.775483212667,0,1,Model_2
18550,13447.41015625,4164.207301233662,8693.187050229666,1,1,Model_2
18551,9698.1962890625,4102.944456211757,8709.46284768905,5,1,Model_2
18552,3783.639404296875,4083.3264624997973,8716.918393033906,1,1,Model_2
18553,2387.55517578125,4010.16475973092,8715.90342990958,1,0,Model_2
18554,8679.4169921875,4158.214371951763,8730.25811025442,0,5,Model_2
18555,2859.8056640625,4043.4538500511553,8717.54157262016,0,0,Model_2
18556,6126.384765625,4064.815082352143,8720.42077535711,6,0,Model_2
18557,7954.78125,4258.407090412453,8732.950429770775,0,4,Model_2
18558,4721.43359375,4003.3464734936133,8732.87836138325,2,0,Model_2
18559,4873.78515625,3986.531839434989,8729.573460572923,17,0,Model_2
18560,7474.392578125,4029.088127873605,8736.918077125214,2,0,Model_2
18561,10080.8466796875,4099.1302299248055,8742.711456963647,0,3,Model_2
18562,8705.7421875,4172.313567817444,8749.600700224168,1,8,Model_2
18563,1152.7569580078125,4278.918568703579,8737.545849304792,0,1,Model_2
18564,5051.82861328125,4057.2206935901195,8743.308847372013,2,0,Model_2
18565,29862.029296875,4213.8723389541265,8766.38380260751,0,8,Model_2
18566,4625.91162109375,4008.8763190626632,8755.707789514185,4,0,Model_2
18567,6728.8369140625,4268.654313605046,8763.242468774755,0,1,Model_2
18568,1662.537353515625,4042.659794976935,8758.385271421343,1,0,Model_2
18569,7096.4208984375,4065.9037433669437,8765.916771194228,1,0,Model_2
18570,6612.99072265625,4113.434268983547,8770.91951842833,1,4,Model_2
18571,7586.91650390625,4023.8464437401854,8776.83583845725,0,0,Model_2
18572,8273.306640625,3991.5976806476247,8774.088761097431,17,2,Model_2
18573,394.58380126953125,4134.2946711855475,8774.339940624544,1,0,Model_2
18574,14481.6162109375,4079.0910417821724,8797.541722091031,3,9,Model_2
18575,2635.98583984375,4105.2856527958065,8802.658224328974,0,4,Model_2
18576,6003.65966796875,4151.68931068969,8793.979989331041,1,0,Model_2
18577,13796.74609375,4011.030164681375,8806.252458518633,4,0,Model_2
18578,6096.42822265625,4044.4048748530913,8798.935750802688,0,1,Model_2
18579,5653.22265625,3975.5761810196564,8799.879705368716,6,0,Model_2
18580,12061.4619140625,4121.569535839604,8825.285931630118,0,0,Model_2
18581,4176.57080078125,4172.483886876842,8816.954614066257,0,0,Model_2
18582,4916.8681640625,3991.031945177354,8820.587708660954,0,0,Model_2
18583,7633.87744140625,4045.4774246055167,8821.605144720146,3,0,Model_2
18584,12791.35546875,4083.4097807423677,8839.675939615903,5,13,Model_2
18585,7363.47802734375,3964.0474219855387,8836.912258264842,0,0,Model_2
18586,11344.767578125,4050.8549036646727,8848.620898302965,3,1,Model_2
18587,4462.77587890625,4021.215704755159,8837.34996773614,2,0,Model_2
18588,4903.37890625,3996.2257558454294,8845.605330871971,0,0,Model_2
18589,3221.080810546875,4012.110079582315,8851.757992818806,1,2,Model_2
18590,6174.52001953125,3976.8959235691,8859.510996900412,1,1,Model_2
18591,7712.6396484375,4025.1330431213137,8869.948548417364,1,1,Model_2
18592,1479.2325439453125,4112.381052745972,8860.433048329054,1,2,Model_2
18593,2489.381103515625,4082.207420247374,8864.864017694475,1,3,Model_2
18594,8287.830078125,4163.071227075299,8872.889044611351,3,22,Model_2
18595,4899.72021484375,4000.1127129739616,8870.241591198996,2,0,Model_2
18596,5085.96630859375,3959.469061540207,8878.458270567993,6,1,Model_2
18597,7122.2919921875,4052.2515199517366,8878.454207889285,2,2,Model_2
18598,4603.880859375,3978.1779197324067,8885.516733228636,2,0,Model_2
18599,1704.9384765625,4009.081622577505,8885.601519566902,0,0,Model_2
18600,3100.991943359375,3996.318280523643,8892.017372438771,1,0,Model_2
18601,13638.099609375,4047.148852996528,8901.309778474519,6,5,Model_2
18602,12271.79296875,4018.2931217602454,8914.272903042569,2,0,Model_2
18603,1791.8662109375,3985.176191786537,8901.148507793609,3,0,Model_2
18604,2387.972900390625,4221.371441107243,8908.71127252873,0,1,Model_2
18605,4286.8984375,3979.140912900679,8914.512247809966,3,0,Model_2
18606,3621.1943359375,3996.0904212414753,8925.11901872704,0,0,Model_2
18607,4434.521484375,4211.961082914611,8935.98156176455,0,1,Model_2
18608,4497.25390625,4022.0884748541284,8940.639687861243,0,0,Model_2
18609,8367.451171875,3977.11365577206,8947.950743154637,1,2,Model_2
18610,3268.8623046875,4002.8424211421516,8939.998667816311,1,1,Model_2
18611,3788.677734375,4045.081547872862,8943.948651350278,0,0,Model_2
18612,7791.33251953125,4005.1734906469937,8965.778483880698,2,0,Model_2
18613,6332.27490234375,3952.58679057518,8970.104000237901,4,1,Model_2
18614,6106.9013671875,3986.523093321128,8977.331505660462,3,1,Model_2
18615,4528.41796875,4029.474798170617,8977.296531295928,0,0,Model_2
18616,1991.24755859375,4092.7340587617364,8976.08391002052,1,2,Model_2
18617,9811.8095703125,4010.1486484685447,9000.544768610256,1,0,Model_2
18618,5324.50927734375,4167.3397909612395,8995.284659511875,0,2,Model_2
18619,7393.9150390625,4035.3406786406413,9003.5884215158,1,1,Model_2
18620,1681.3779296875,4152.336983437184,9005.585846334783,0,0,Model_2
18621,2228.16064453125,4099.71391794458,9006.149675484252,1,0,Model_2
18622,9838.45703125,4172.306662990712,9018.942697461156,0,4,Model_2
18623,2839.331298828125,4082.0242121780757,9016.228121531007,0,0,Model_2
18624,4783.41943359375,4143.638282719767,9030.717930102459,0,2,Model_2
18625,3920.217041015625,4092.1439262370113,9032.565035809224,1,2,Model_2
18626,16558.107421875,4117.887421904132,9050.524371997803,0,2,Model_2
18627,580.3568725585938,4195.653723459924,9035.086192905204,0,0,Model_2
18628,2158.94580078125,4282.3166640994605,8681.780461521616,0,7,Model_2
18629,4162.19287109375,4326.674191671656,8681.775515651883,0,1,Model_2
18630,9224.3232421875,4464.904219635529,8690.275699339458,0,0,Model_2
18631,30643.91796875,4497.777639386477,8710.421993140684,1,0,Model_2
18632,6583.4345703125,4537.727585894521,8688.841750393534,1,0,Model_2
18633,4690.72216796875,4404.661908004666,8703.65463024142,0,3,Model_2
18634,2971.212646484375,4551.912401611684,8702.17475536227,0,1,Model_2
18635,5601.111328125,4371.399056026014,8714.312626237865,3,15,Model_2
18636,8182.1865234375,4324.30813771137,8723.60273597695,1,2,Model_2
18637,9868.4462890625,4393.156625381438,8727.647397588647,0,4,Model_2
18638,6175.03662109375,4594.800582055235,8729.280241153087,1,1,Model_2
18639,16403.62109375,4433.3063515429385,8749.887560668634,2,5,Model_2
18640,3482.442626953125,4546.368746389169,8740.017017788836,0,1,Model_2
18641,9149.017578125,4613.7248708414845,8743.985018419684,3,1,Model_2
18642,3823.8193359375,4561.980559631018,8741.820140582626,2,3,Model_2
18643,977.5613403320312,4351.4597577101085,8745.12645449859,0,1,Model_2
18644,2982.514404296875,4392.821050802246,8749.551948079665,0,2,Model_2
18645,6459.61767578125,4573.031044333475,8762.572656702454,3,0,Model_2
18646,10140.357421875,4472.748563125264,8772.376077064459,2,21,Model_2
18647,8661.9619140625,4549.085105225677,8774.56427114454,1,0,Model_2
18648,8091.9970703125,4606.800250272499,8772.0333989473,2,0,Model_2
18649,2916.357421875,4307.5179007072,8768.804805841413,1,0,Model_2
18650,3828.820068359375,4389.326287832111,8773.137741003215,0,0,Model_2
18651,14481.2685546875,4425.125512830447,8788.535999861546,3,22,Model_2
18652,7051.44482421875,4585.720734902192,8784.757355386158,1,0,Model_2
18653,18998.677734375,4513.044211291708,8789.396227918536,2,6,Model_2
18654,7571.74560546875,4620.854334603529,8802.431420874113,0,12,Model_2
18655,8396.9599609375,4551.480619780021,8803.212515015388,0,1,Model_2
18656,2145.676025390625,4401.163462460274,8798.460594031989,1,7,Model_2
18657,4599.7626953125,4473.8657640905585,8800.786919188162,0,6,Model_2
18658,5944.01220703125,4579.031799085671,8802.552594682551,1,0,Model_2
18659,3679.718017578125,4387.099251050036,8805.683330223022,0,18,Model_2
18660,4477.33349609375,4469.89640936302,8826.415003034694,0,7,Model_2
18661,5031.6474609375,4505.638094138587,8813.956003902917,2,3,Model_2
18662,3518.197021484375,4454.724203423131,8818.567320875358,1,10,Model_2
18663,19341.23828125,4400.697616816731,8839.137899644324,3,37,Model_2
18664,14159.9755859375,4433.888658597367,8830.129704479972,4,13,Model_2
18665,649.9620361328125,4635.253660271177,8815.783149492549,0,0,Model_2
18666,10002.9248046875,4570.760737303877,8829.027835358924,1,1,Model_2
18667,13695.6826171875,4536.189650820335,8836.302856458555,1,0,Model_2
18668,10903.73046875,4511.999280846212,8853.405320716032,3,11,Model_2
18669,2575.134765625,4481.044942605076,8848.565080630273,0,1,Model_2
18670,1611.76513671875,4490.879717480857,8851.810984280222,0,0,Model_2
18671,1766.618896484375,4465.059348076116,8846.062823822198,0,0,Model_2
18672,29875.92578125,4561.842002774589,8880.886692606495,4,19,Model_2
18673,10023.0986328125,4591.249199505895,8862.909339321035,0,4,Model_2
18674,277.70831298828125,4430.068448127247,8855.333856635174,0,1,Model_2
18675,8077.1494140625,4445.240654067136,8868.433522535473,2,7,Model_2
18676,1170.0267333984375,4459.250087185297,8874.373158807415,0,4,Model_2
18677,8781.375,4478.995590030914,8872.581694135137,0,7,Model_2
18678,275.4261474609375,4391.086098005297,8866.252040707172,0,1,Model_2
18679,8647.2734375,4419.544111221796,8880.264572849468,1,11,Model_2
18680,8738.5556640625,4518.841043494409,8882.38617432637,1,2,Model_2
18681,8326.5830078125,4403.844836841337,8899.792279657762,0,3,Model_2
18682,5041.5166015625,4444.664791517658,8895.492552478448,0,2,Model_2
18683,8854.15234375,4599.898645792622,8906.351209475455,0,17,Model_2
18684,11803.9208984375,4500.142772703199,8903.3370551501,2,5,Model_2
18685,25138.884765625,4466.08678629389,8920.640003769935,4,15,Model_2
18686,21265.427734375,4532.964636414545,8924.2494288452,3,17,Model_2
18687,12223.015625,4418.365687459474,8923.399445804083,1,7,Model_2
18688,13062.3359375,4592.363638540497,8935.497573083616,0,6,Model_2
18689,20649.947265625,4544.434474260546,8968.97846159742,3,17,Model_2
18690,21156.5625,4454.722822457785,8969.372011517538,2,10,Model_2
18691,13204.533203125,4421.400128647452,8960.221445960182,0,4,Model_2
18692,6483.00927734375,4578.06696463027,8956.509394087974,0,8,Model_2
18693,10049.201171875,4518.98420356866,8955.86978714868,0,7,Model_2
18694,12319.8212890625,4612.4069695791695,8967.019720545271,7,11,Model_2
18695,7963.1513671875,4488.256343644345,8963.05013017058,1,18,Model_2
18696,10254.7080078125,4579.006941709435,8982.58472586886,0,3,Model_2
18697,2299.050048828125,4505.498156316811,8977.961927413111,2,2,Model_2
18698,7982.02099609375,4631.999185271328,8995.251274891183,1,9,Model_2
18699,4495.95947265625,4613.462487425655,9002.353190550188,0,2,Model_2
18700,6980.10498046875,4405.522709737299,9003.306860217475,4,9,Model_2
18701,15448.603515625,4592.286304481095,9014.018730866359,2,10,Model_2
18702,1768.0677490234375,4531.789434904698,9000.942734485492,0,2,Model_2
18703,14060.494140625,4551.4562227255665,9016.980953559527,4,20,Model_2
18704,7283.1201171875,4417.625950355548,9037.257253079428,0,1,Model_2
18705,3728.33935546875,4527.08172403858,9044.455789836415,0,0,Model_2
18706,4921.76416015625,4431.475651815301,9055.13851518152,2,0,Model_2
18707,3447.606201171875,4399.328619836597,9065.500995461465,0,0,Model_2
18708,2666.675537109375,4470.971721046139,9066.290038321953,0,11,Model_2
18709,9236.349609375,4680.882136283908,8725.925528369029,3,0,Model_2
18710,4335.31640625,4705.60371759464,8709.77267110013,15,0,Model_2
18711,10255.0126953125,4726.853552024346,8722.809983714164,23,0,Model_2
18712,2741.230712890625,4642.7113334639,8728.916366451362,0,0,Model_2
18713,12128.05859375,4745.910413483856,8748.154739880323,8,0,Model_2
18714,6471.20458984375,4708.149297049968,8748.356813986524,30,0,Model_2
18715,5185.599609375,4638.148623959161,8751.453634991689,0,1,Model_2
18716,919.5302124023438,4669.619903561659,8752.936336082115,1,0,Model_2
18717,194.77938842773438,4595.240649678977,8751.320803061739,0,0,Model_2
18718,1223.294677734375,4657.070150814718,8755.445658418379,0,2,Model_2
18719,4498.1005859375,4753.881805785466,8767.918082053715,4,0,Model_2
18720,11276.701171875,4727.950498831226,8776.372693084471,22,0,Model_2
18721,2425.29638671875,4676.55649249698,8768.878640610987,0,1,Model_2
18722,5091.7685546875,4636.834865592886,8773.365957563714,0,1,Model_2
18723,5195.65673828125,4652.67407779512,8786.084261580021,0,0,Model_2
18724,6480.0869140625,4771.531003235141,8780.299007099005,3,0,Model_2
18725,4610.095703125,4751.657530934084,8798.831887538312,7,0,Model_2
18726,13388.423828125,4602.973134975648,8824.682182246383,3,14,Model_2
18727,6083.39111328125,4669.768127175514,8804.59029301221,0,16,Model_2
18728,4375.5986328125,4721.934553460218,8802.650452247966,15,1,Model_2
18729,4722.998046875,4778.486925685313,8804.05295959345,3,0,Model_2
18730,1758.3306884765625,4737.323110637721,8805.822874404752,3,0,Model_2
18731,1035.4239501953125,4767.255534522468,8815.489930072712,1,0,Model_2
18732,2594.274658203125,4725.998734474881,8819.310967717232,3,0,Model_2
18733,3864.9951171875,4746.220210043248,8823.179697677027,10,0,Model_2
18734,6348.2646484375,4777.060848804191,8834.233716528455,4,0,Model_2
18735,8404.568359375,4636.876754875062,8836.882583046448,2,3,Model_2
18736,3038.36572265625,4731.009337073658,8834.827220896317,6,0,Model_2
18737,3154.911865234375,4746.815406107577,8842.150640864042,7,0,Model_2
18738,5820.92431640625,4677.287943808828,8857.527349861397,1,3,Model_2
18739,7703.671875,4760.254040215863,8859.447760423122,54,0,Model_2
18740,3995.763916015625,4732.19650694984,8856.843760009127,5,1,Model_2
18741,12936.9150390625,4782.544662195025,8874.339597548518,11,1,Model_2
18742,7723.3251953125,4617.54416066804,8863.018678369757,3,3,Model_2
18743,11383.4033203125,4648.44187932997,8873.794668686955,1,15,Model_2
18744,4078.019775390625,4744.985627023503,8875.801985245402,10,0,Model_2
18745,9751.97265625,4673.389018313959,8886.367776098981,3,30,Model_2
18746,9855.5205078125,4623.805917870719,8892.050757059464,1,24,Model_2
18747,3212.32568359375,4760.861204646528,8894.771515326778,1,0,Model_2
18748,4134.11962890625,4740.834905513795,8896.61738456611,14,1,Model_2
18749,4854.64697265625,4795.894914521137,8900.953322577392,5,0,Model_2
18750,2776.050048828125,4682.566914006602,8908.940019003843,0,5,Model_2
18751,4614.99267578125,4766.112555537373,8913.319233375281,15,1,Model_2
18752,6934.8828125,4749.096300538164,8922.488875858748,17,0,Model_2
18753,12415.994140625,4674.598283635685,8928.653372565299,2,7,Model_2
18754,1603.0760498046875,4778.531576898182,8924.576032885729,1,0,Model_2
18755,5100.36376953125,4796.042217491427,8931.878962821705,6,0,Model_2
18756,7404.611328125,4744.162111355225,8947.773928311712,13,0,Model_2
18757,7679.662109375,4713.644158163574,8939.927482619809,2,0,Model_2
18758,3313.36572265625,4769.669922269881,8946.945671769776,9,0,Model_2
18759,17373.259765625,4651.754815196153,8956.73937703052,4,15,Model_2
18760,8081.1875,4797.137783332961,8956.732488140537,8,1,Model_2
18761,3252.73583984375,4705.758385713445,8964.505805615685,0,0,Model_2
18762,4927.892578125,4766.1733180126175,8967.314706347155,20,0,Model_2
18763,8861.9755859375,4685.764309105463,8977.656873233558,1,2,Model_2
18764,3985.826171875,4783.69822858111,8982.33072013047,12,1,Model_2
18765,1703.2987060546875,4650.252324899193,8987.238612648638,0,1,Model_2
18766,11695.05859375,4676.945924724685,9014.434537200272,1,3,Model_2
18767,12017.619140625,4639.803020444233,9022.656515715411,2,9,Model_2
18768,3941.423828125,4804.608345535584,9021.328726330525,5,0,Model_2
18773,12981.2001953125,5296.551011874108,8917.095051639393,4,2,Model_2
18776,6876.30078125,5292.984899027739,8985.262737690631,5,0,Model_2
18777,12641.8486328125,5277.979789894773,9011.262468319896,3,0,Model_2
18778,16829.671875,5282.528229424264,9043.761248415452,6,0,Model_2
18779,19008.51953125,5424.726231150329,8704.221285602165,14,2,Model_2
18780,3760.332275390625,5585.673139063641,8691.357078428759,96,1,Model_2
18781,4623.04833984375,5603.001492231153,8689.443026842404,78,0,Model_2
18782,7118.78955078125,5524.730217680335,8718.080672420969,16,0,Model_2
18783,3017.578125,5492.074069810566,8699.821934475389,33,0,Model_2
18784,3444.34619140625,5569.962356638629,8702.663336636528,25,0,Model_2
18785,6462.302734375,5629.5114236655645,8708.757707975805,6,0,Model_2
18786,4140.1533203125,5465.661266272189,8707.771006964234,25,4,Model_2
18787,4941.43310546875,5545.553333817981,8706.478368582088,32,0,Model_2
18788,3034.705078125,5482.420201395173,8710.41245467763,71,0,Model_2
18789,2650.306884765625,5596.513717033435,8709.184112602,31,0,Model_2
18790,10295.9482421875,5446.417053847341,8725.33661659449,36,3,Model_2
18791,8860.78515625,5562.8927347082645,8730.070167204598,5,1,Model_2
18792,3871.33935546875,5582.147534534102,8723.015943860868,0,1,Model_2
18793,9484.36328125,5396.696317191236,8736.561974504497,3,1,Model_2
18794,4522.94921875,5471.258318821434,8730.956890992296,42,3,Model_2
18795,7456.38525390625,5538.080009684665,8739.925165922381,11,0,Model_2
18796,5297.68115234375,5615.66770638898,8738.450236912962,1,0,Model_2
18797,7036.80517578125,5594.113599261269,8742.059661988227,1,2,Model_2
18798,2687.14404296875,5518.709669091506,8742.98771911583,3,0,Model_2
18799,3867.96240234375,5489.579125751276,8745.142705213424,17,0,Model_2
18800,8674.1796875,5428.344360358082,8751.19362355434,26,2,Model_2
18801,13551.091796875,5374.774412959581,8762.341967207089,8,0,Model_2
18802,5346.40869140625,5506.629444562364,8757.044940723921,3,1,Model_2
18803,6505.4384765625,5474.100805826252,8757.142445012927,16,0,Model_2
18804,2585.032470703125,5456.0143026835285,8751.43420478917,30,0,Model_2
18805,4863.1064453125,5579.128744286718,8758.379618998792,0,0,Model_2
18806,16029.337890625,5539.9097887687385,8778.960442783631,1,1,Model_2
18807,4605.0615234375,5407.100970433326,8761.893306167098,17,1,Model_2
18808,958.7608642578125,5560.127121441066,8754.870171147399,0,0,Model_2
18809,2057.575927734375,5443.117467312841,8761.568291870411,53,0,Model_2
18810,3116.642822265625,5520.074523175601,8768.569877029135,0,0,Model_2
18811,3319.34423828125,5636.232121685054,8765.296417819249,0,0,Model_2
18812,8125.43896484375,5570.618775499985,8775.541433693055,0,0,Model_2
18813,6219.77978515625,5446.378847139422,8776.154014987027,16,0,Model_2
18814,12048.521484375,5493.702688275836,8784.108739898424,3,1,Model_2
18815,9844.650390625,5360.830805856269,8789.56509404225,6,0,Model_2
18816,3049.97998046875,5468.888121965108,8778.876716274593,4,0,Model_2
18817,4517.74072265625,5423.758174442453,8784.303041923617,30,0,Model_2
18818,4387.45166015625,5630.507560002152,8785.127942339663,0,0,Model_2
18819,2805.0888671875,5600.297562082764,8783.426563151792,1,0,Model_2
18820,3108.18408203125,5615.194955918705,8788.250199246308,1,0,Model_2
18821,9213.4365234375,5461.940945628798,8803.503968053177,4,2,Model_2
18822,2109.683349609375,5559.224430426257,8794.243886808894,1,0,Model_2
18823,4822.7822265625,5578.211322974879,8800.987933465134,1,0,Model_2
18824,2177.02880859375,5518.161886170739,8801.304469127994,1,0,Model_2
18825,5295.88623046875,5342.49342734227,8804.935444064235,5,0,Model_2
18826,5562.82958984375,5410.496303898515,8803.959694621357,8,0,Model_2
18827,11962.0078125,5437.7745123873465,8815.639012717496,7,1,Model_2
18828,6083.44189453125,5631.355472724885,8814.060220443702,0,2,Model_2
18829,4842.197265625,5483.316908226814,8812.3913426855,1,0,Model_2
18830,10139.142578125,5508.319746146444,8822.838079389097,4,3,Model_2
18831,7586.6376953125,5557.985244188691,8821.22289964513,0,0,Model_2
18832,11793.486328125,5340.280660535442,8827.275937644503,10,1,Model_2
18833,4310.22216796875,5536.445867358008,8815.359571077628,4,1,Model_2
18834,1789.11376953125,5524.954394388245,8822.448062233074,0,0,Model_2
18835,2364.123046875,5383.503494914621,8817.681656916888,19,0,Model_2
18836,3857.904052734375,5578.05573421251,8824.368119518389,2,1,Model_2
18837,4077.198974609375,5400.121571572265,8822.388358519878,31,1,Model_2
18838,4254.25830078125,5371.626732613193,8825.951151109097,24,1,Model_2
18839,6387.98095703125,5417.222065457609,8836.592189837887,0,1,Model_2
18840,6232.04052734375,5490.859280627454,8839.319483718777,2,1,Model_2
18841,4585.90966796875,5469.142679910641,8834.36301569431,2,0,Model_2
18842,2151.580810546875,5616.920241958229,8837.40613868524,0,0,Model_2
18843,5156.697265625,5533.447331269039,8839.56430427052,0,0,Model_2
18844,4481.755859375,5391.997352438979,8843.18256125602,6,1,Model_2
18845,9474.689453125,5447.0587424116675,8849.606186208897,0,1,Model_2
18846,4169.57080078125,5372.917014568578,8845.560111491563,25,1,Model_2
18847,8514.470703125,5573.020734559279,8848.396921059379,0,3,Model_2
18848,8604.6201171875,5327.938973234035,8850.36396410715,6,1,Model_2
18849,5134.65185546875,5550.760954139521,8854.39343483324,0,3,Model_2
18850,6177.96875,5473.922661296558,8857.459167514375,0,0,Model_2
18851,5099.873046875,5507.086544092046,8857.726951032731,1,2,Model_2
18852,4814.81591796875,5352.298741623992,8862.668404809796,18,1,Model_2
18853,7154.2685546875,5415.333365185419,8859.260877202527,0,0,Model_2
18854,4556.08544921875,5368.454194890568,8863.905225519251,24,0,Model_2
18855,20975.794921875,5534.099146912573,8880.06673806018,3,32,Model_2
18856,15205.9912109375,5607.669155102223,8872.485956228178,2,11,Model_2
18858,5785.10400390625,5387.742598206503,8870.501955912754,10,0,Model_2
18859,6073.67333984375,5438.623806075426,8874.94952926942,1,1,Model_2
18860,4294.1982421875,5337.3829349167645,8875.522720243738,8,0,Model_2
18861,6277.73876953125,5405.444732661126,8881.904481942096,1,1,Model_2
18862,10038.615234375,5574.395255400799,8885.230932613398,1,10,Model_2
18863,2616.350341796875,5475.165530108381,8881.458117198767,0,4,Model_2
18864,4743.5107421875,5356.396526128752,8888.229542776739,8,3,Model_2
18865,18449.84375,5374.078866746742,8909.711398043859,2,0,Model_2
18866,6974.50146484375,5454.5965115944855,8898.98362995655,0,2,Model_2
18867,12366.19140625,5594.237886142451,8908.7587882058,1,21,Model_2
18868,3254.92041015625,5433.211342560826,8893.752666161949,0,1,Model_2
18869,13451.7734375,5333.141990337754,8916.161342089239,48,0,Model_2
18870,8403.3857421875,5559.842642579693,8914.574247819823,1,13,Model_2
18871,904.7964477539062,5312.191825388232,8907.731637045348,3,0,Model_2
18872,10551.2392578125,5477.136167657794,8925.909298054961,1,10,Model_2
18873,15469.1748046875,5445.3827108028345,8941.86237751432,3,12,Model_2
18874,3604.21337890625,5419.193623650586,8933.32863256785,1,12,Model_2
18875,2422.20166015625,5354.883448430803,8935.581476230858,7,0,Model_2
18876,27830.37109375,5555.226996070007,8953.556886496066,0,4,Model_2
18877,10008.8583984375,5287.131907567615,8954.030806799332,1,0,Model_2
18878,7829.86865234375,5324.999358333182,8948.55961504631,37,3,Model_2
18879,7860.01318359375,5402.288306200877,8950.298618171786,1,0,Model_2
18880,8517.93359375,5358.572006871225,8957.64747404099,0,1,Model_2
18881,1754.3499755859375,5379.353233726695,8951.015239368338,0,0,Model_2
18882,4739.0,5339.193380485987,8970.819914881635,11,1,Model_2
18883,7569.4072265625,5516.287916195579,8976.19395562206,0,5,Model_2
18884,7035.89111328125,5314.754436749499,8975.694246140905,17,0,Model_2
18885,2672.652587890625,5369.517077885568,8979.109722467387,0,0,Model_2
18886,381.1534729003906,5393.116855013184,8973.206297027413,0,1,Model_2
18887,3518.07177734375,5338.698994891951,8988.640766717712,0,0,Model_2
18888,1279.7041015625,5355.981315881247,8996.392710970089,1,1,Model_2
18889,1009.431884765625,5356.767545485171,8993.973297480028,0,1,Model_2
18890,3214.144287109375,5378.443637885153,8995.150061199878,0,2,Model_2
18891,3994.587646484375,5317.077220462263,8997.590141359891,5,0,Model_2
18892,21266.681640625,5477.806856494397,9011.536964090032,2,3,Model_2
18893,3935.458251953125,5515.132508522365,9006.32207437206,1,0,Model_2
18894,726.6924438476562,5411.278850928182,9005.226034311767,1,2,Model_2
18895,6388.1591796875,5421.312484813854,9012.789858876116,0,9,Model_2
18896,5008.55029296875,5331.344894100213,9010.451522322022,2,1,Model_2
18897,1393.1258544921875,5380.345687489025,9004.583777799402,0,1,Model_2
18898,15576.982421875,5366.231761326315,9024.68220264715,1,17,Model_2
18899,4706.27392578125,5309.311591997277,9019.855033788539,12,1,Model_2
18900,4265.0712890625,5327.4501115013845,9030.330739157711,4,0,Model_2
18901,4765.14697265625,5750.39468559064,8691.17938039481,3,0,Model_2
18902,606.2489624023438,5644.441040026257,8684.594661399227,7,0,Model_2
18903,4918.927734375,5811.159002122469,8700.981387651176,1,3,Model_2
18904,3570.986328125,5733.485685566673,8703.812544796441,0,1,Model_2
18905,7610.6943359375,5692.559856880456,8720.17984084587,7,1,Model_2
18906,6099.27294921875,5726.074504873948,8724.645254661213,1,0,Model_2
18907,4240.96533203125,5933.500103131635,8726.932366135938,13,0,Model_2
18908,4073.00244140625,5671.376308787381,8725.83014373848,2,0,Model_2
18909,5331.2705078125,5749.041339551099,8737.59778093698,0,0,Model_2
18910,3246.74072265625,5912.384682662319,8733.888378637843,2,0,Model_2
18911,5511.6396484375,5716.536637547659,8740.888550690928,0,0,Model_2
18912,1932.777587890625,5825.397675488144,8733.336207609886,1,0,Model_2
18913,5905.8203125,5794.756356058875,8744.080049773824,3,0,Model_2
18914,2665.320068359375,5662.436859777896,8744.937098343129,0,0,Model_2
18915,1962.7254638671875,5818.259465612238,8742.831217666448,2,1,Model_2
18916,1695.175048828125,5676.78002618812,8741.973109267914,1,0,Model_2
18917,3651.479736328125,5691.3984650240745,8745.226431722462,1,0,Model_2
18918,2236.09765625,5863.060283060651,8744.857964427414,1,1,Model_2
18919,6570.55908203125,5771.282246777788,8760.059801602096,0,2,Model_2
18920,4134.7412109375,5902.997340558795,8751.328221866337,1,0,Model_2
18921,2437.0546875,5843.375542690279,8749.381668850314,1,1,Model_2
18922,3218.3330078125,5829.226632072125,8753.442581176845,0,1,Model_2
18923,1246.999755859375,5889.106670460431,8751.173840075411,0,0,Model_2
18924,4983.64697265625,5731.878241903381,8757.300006291538,0,1,Model_2
18925,2554.198486328125,5809.895418830449,8755.636427679477,0,0,Model_2
18926,3621.6142578125,5925.555869815173,8754.892074284784,2,0,Model_2
18927,1200.623291015625,5876.5454096689355,8752.215652206854,0,0,Model_2
18928,4014.35693359375,5699.847211013781,8758.514570587198,1,1,Model_2
18929,3891.024658203125,5753.572286852868,8759.87998390969,1,1,Model_2
18930,2400.510986328125,5859.703156303382,8756.473339493445,0,2,Model_2
18931,8616.4638671875,5677.517922004918,8770.005592357105,1,0,Model_2
18932,5937.02880859375,5608.596703493269,8765.94715296544,4,1,Model_2
18933,6764.68017578125,5712.158056755783,8774.862789710518,1,0,Model_2
18934,3588.8564453125,5796.733898435021,8769.69223618193,0,0,Model_2
18935,2583.34228515625,5852.036957343342,8768.30739265692,0,0,Model_2
18936,3789.89306640625,5869.491899000946,8771.626424523623,1,1,Model_2
18937,3367.72705078125,5885.752305633854,8765.564201337605,0,0,Model_2
18938,1646.661376953125,5656.95488767419,8771.067894520296,0,0,Model_2
18939,4121.23779296875,5838.568402319215,8773.499849322892,1,0,Model_2
18940,4782.375,5911.346657043556,8780.893924572505,1,0,Model_2
18941,5166.02783203125,5737.978886482306,8776.036727219092,0,1,Model_2
18942,3219.425537109375,5932.990066597005,8779.297468478238,0,0,Model_2
18943,3989.65625,5890.544255386107,8783.733913628006,2,1,Model_2
18944,4002.41796875,5772.277002149029,8783.283486205968,1,1,Model_2
18945,8049.52685546875,5650.514065298252,8792.23445059199,0,1,Model_2
18946,12004.1962890625,5821.103333582403,8795.883442625112,1,2,Model_2
18947,4980.90234375,5700.258278365247,8791.144946145272,1,0,Model_2
18948,4775.39453125,5869.2456268474925,8791.954302399303,1,0,Model_2
18949,5731.97021484375,5754.378310293425,8795.653812958975,1,1,Model_2
18950,3235.111328125,5791.239957964979,8795.124604897632,0,1,Model_2
18951,1805.37158203125,5735.027763536898,8795.078325687995,2,0,Model_2
18952,2080.941650390625,5776.0511804409325,8799.568115575588,0,1,Model_2
18953,7368.822265625,5725.507848760113,8810.90440227816,1,1,Model_2
18954,3052.895263671875,5596.579543048283,8799.97191051158,1,0,Model_2
18955,9726.6328125,5667.2996990846,8810.590692826576,1,0,Model_2
18956,1835.91015625,5886.997476054588,8799.445881937922,4,0,Model_2
18957,4580.45263671875,5706.520956211491,8811.085279799794,1,1,Model_2
18958,3568.40234375,5613.915721686091,8807.770487250003,0,0,Model_2
18959,5000.8134765625,5688.957838935079,8816.241348995594,1,0,Model_2
18960,5132.3876953125,5916.529419988859,8812.665131902817,1,0,Model_2
18961,7404.765625,5853.186380833387,8812.089644631837,0,2,Model_2
18962,3408.09521484375,5898.4249642966315,8810.775456388714,0,1,Model_2
18963,4173.53369140625,5935.774553057272,8811.968117546989,1,0,Model_2
18964,6053.767578125,5789.537688014563,8818.04694472425,1,0,Model_2
18965,7252.4931640625,5600.77491577086,8823.458786040486,0,1,Model_2
18966,8725.6953125,5755.864229006227,8824.942546960141,4,3,Model_2
18967,2045.9002685546875,5870.2993034068495,8819.528939261858,0,0,Model_2
18968,9635.6455078125,5823.376862864476,8827.655709784653,7,0,Model_2
18969,4045.217529296875,5736.533015764551,8835.671551514883,6,1,Model_2
18970,1236.1400146484375,5874.24564204528,8831.159151937085,0,0,Model_2
18971,8349.1337890625,5795.195963360835,8840.201261636743,2,1,Model_2
18972,2720.46484375,5708.03403390944,8832.152918476844,0,0,Model_2
18973,4966.13916015625,5935.237357537495,8835.905067221523,1,0,Model_2
18974,2163.21240234375,5841.24793541315,8836.937694166321,2,0,Model_2
18975,7073.30615234375,5629.724092328921,8845.503587266052,0,2,Model_2
18976,5199.11474609375,5689.205492053879,8840.720224682213,0,0,Model_2
18977,4610.28662109375,5598.957565374905,8846.930117407377,0,1,Model_2
18978,1426.4447021484375,5719.3565687851515,8844.981798009307,1,0,Model_2
18979,3940.06494140625,5905.836144989356,8846.594858094817,2,0,Model_2
18980,6330.4990234375,5669.363781955792,8854.098449031357,1,0,Model_2
18981,6957.115234375,5753.385396209313,8854.130597184616,9,0,Model_2
18982,18684.36328125,5932.010962166358,8872.85124403554,0,0,Model_2
18983,3875.15673828125,5950.456055977382,8852.808636860485,0,0,Model_2
18984,5460.908203125,5804.732449721778,8858.839771722473,1,2,Model_2
18985,9778.9345703125,5725.094019477954,8869.375710719454,8,2,Model_2
18986,15431.6044921875,5772.406352569815,8878.200555427306,5,2,Model_2
18987,6189.19189453125,5886.046451252652,8876.811295947176,1,19,Model_2
18988,6156.79443359375,5823.692183285253,8880.115490204684,0,3,Model_2
18989,4920.12841796875,5672.760496386327,8876.841854356593,1,2,Model_2
18990,3533.72412109375,5971.257997313049,8876.736931262989,3,1,Model_2
18991,11187.259765625,5698.910916508874,8889.883759563949,1,15,Model_2
18992,4171.70068359375,5905.172360979486,8883.972562042967,3,3,Model_2
18993,11020.6513671875,5639.3885481453035,8891.064056047893,1,5,Model_2
18994,23053.818359375,5758.952067520935,8915.668521498068,0,1,Model_2
18995,10671.404296875,5666.810377030168,8908.13242913186,1,18,Model_2
18996,6045.19384765625,5890.048949148506,8902.813499511307,0,2,Model_2
18997,12774.9833984375,5642.284892798634,8928.951891131277,2,20,Model_2
18998,336.1192321777344,5870.327383035561,8916.773746745006,0,1,Model_2
18999,4938.51806640625,5900.050360509427,8937.293630349217,2,15,Model_2
19000,4216.58984375,5933.101004146505,8936.034906502377,0,3,Model_2
19001,13237.40625,5620.394290448166,8953.0829661928,0,1,Model_2
19002,6540.9716796875,5950.970695729833,8947.767039421728,1,0,Model_2
19003,739.0606079101562,5590.6427730238065,8941.754451571236,0,1,Model_2
19004,4747.953125,5657.510956387036,8954.47522852241,1,9,Model_2
19005,3145.510986328125,5852.108767541358,8951.75164404382,0,2,Model_2
19006,896.1245727539062,5926.088462117128,8950.088771984578,0,4,Model_2
19007,4120.7373046875,5823.349703879328,8957.375274567516,3,8,Model_2
19008,1271.1920166015625,5914.893436375074,8953.32690355352,0,3,Model_2
19009,8181.66650390625,5903.400582439965,8968.106752057123,4,32,Model_2
19010,5258.8642578125,5933.946154938545,8965.668261640953,2,2,Model_2
19011,13790.9609375,5966.46052369941,8980.687454911953,2,1,Model_2
19012,1107.1827392578125,5639.162990472047,8970.073971743099,0,1,Model_2
19013,4383.9970703125,5923.720566869713,8984.40886860901,4,12,Model_2
19014,4961.40576171875,5902.727591994451,8993.765394313072,0,10,Model_2
19015,7969.97314453125,5945.540739987511,9014.006012915619,0,1,Model_2
19016,395.46240234375,5923.0429732063785,9004.707777819116,0,0,Model_2
19017,7982.8427734375,5916.70664387499,9021.476395869671,4,34,Model_2
19018,676.5103759765625,5968.697687560692,9008.214222821029,2,0,Model_2
19019,10234.61328125,5959.697936397744,9034.796682887667,4,3,Model_2
19020,4735.2998046875,5744.726283165161,9035.500762771684,0,4,Model_2
19021,8555.7021484375,5923.095449889544,9042.821003251724,2,21,Model_2
19022,2024.8082275390625,5639.750821387861,9052.899802574888,0,0,Model_2
19023,8894.732421875,5918.871537216473,9064.428624920605,2,24,Model_2
19024,1069.2476806640625,5625.931501165731,9061.065963417335,0,0,Model_2
19025,684.5156860351562,5751.6766817539465,9075.230227777487,0,2,Model_2
19028,9436.0205078125,5988.8514958270825,8754.820005897258,7,0,Model_2
19029,5900.65087890625,5965.784771323204,8742.498078012344,7,0,Model_2
19031,8331.6611328125,5968.39617679338,8772.259495849343,1,0,Model_2
19032,5871.6640625,6004.583913375856,8769.485216205998,22,0,Model_2
19033,5653.18310546875,5953.317416175269,8778.692659265274,4,2,Model_2
19034,4412.68798828125,6014.791548895184,8786.40185707211,17,0,Model_2
19035,6134.72802734375,5982.975488277851,8803.582395416073,1,0,Model_2
19037,4915.74853515625,5999.388261420652,8807.796982980712,2,0,Model_2
19038,11443.904296875,6024.036651568022,8809.482818006567,32,2,Model_2
19039,4385.89990234375,5956.140109343454,8810.585746956844,3,0,Model_2
19040,1596.6346435546875,5970.6291977586225,8814.001929836144,0,0,Model_2
19041,8286.208984375,6051.173541269731,8834.164474352205,27,4,Model_2
19042,3668.27099609375,5954.44244261086,8831.220975308737,2,0,Model_2
19043,3831.0,5972.0617191446945,8832.146912777884,2,0,Model_2
19044,5530.9873046875,5992.325083995238,8832.346160672809,1,1,Model_2
19045,3604.439697265625,6027.4089689441025,8832.20626321467,12,1,Model_2
19046,5099.45556640625,6000.383016791893,8848.361593418434,5,0,Model_2
19047,4349.97119140625,6021.469897310715,8849.991610771598,11,0,Model_2
19048,6735.330078125,5970.027096867561,8856.521218647307,0,0,Model_2
19049,4886.59814453125,6044.306000601733,8854.919816683308,5,0,Model_2
19050,4995.06982421875,6067.769522481831,8864.392393687871,11,5,Model_2
19051,2918.833984375,5986.906175975688,8869.370588211517,1,0,Model_2
19052,2830.0927734375,6006.497931346064,8864.05077539994,2,1,Model_2
19053,4372.84326171875,6036.939471121877,8869.747357502187,5,1,Model_2
19054,4461.78271484375,6006.146705826279,8877.026088004117,1,1,Model_2
19055,5953.81103515625,6047.2143136214,8886.787645111603,1,1,Model_2
19056,1761.78125,6026.367721072864,8882.098254052675,1,0,Model_2
19057,9081.673828125,6073.519862184534,8892.25530410053,8,0,Model_2
19058,5821.65087890625,5966.0443928083405,8899.177931981743,2,0,Model_2
19059,2062.5771484375,5978.571129466174,8889.162369135869,0,0,Model_2
19061,4364.482421875,5998.788462138502,8894.235065099041,1,0,Model_2
19062,8270.1474609375,5942.589617042104,8910.241136019817,3,0,Model_2
19063,7169.9970703125,6050.193976517301,8912.839660649464,6,0,Model_2
19064,611.6666870117188,6024.642895355122,8907.146964587722,2,0,Model_2
19065,5003.71533203125,6081.773892060388,8916.347518757015,7,0,Model_2
19066,3931.115966796875,5980.253605579957,8918.823279834382,1,0,Model_2
19067,7675.3916015625,6005.545525578782,8923.542169473498,6,1,Model_2
19068,3918.020751953125,5959.228408179944,8924.29023227049,0,0,Model_2
19069,3625.839599609375,6029.846372780623,8921.265479652851,6,1,Model_2
19070,5457.0517578125,6063.411656170152,8930.744415632784,2,0,Model_2
19071,3900.742919921875,6092.5951365153305,8930.185355714842,17,3,Model_2
19072,7254.15771484375,5975.304225778207,8943.112976003744,2,1,Model_2
19073,2937.967041015625,6029.821515404386,8936.442587478872,0,0,Model_2
19074,6984.05224609375,6003.80136634619,8946.268440892876,1,1,Model_2
19075,2358.363037109375,6040.394646418747,8943.423682605848,2,0,Model_2
19076,8905.6318359375,6068.248717457056,8952.733222547453,9,0,Model_2
19077,1902.341064453125,6094.899047035025,8943.832423411572,10,3,Model_2
19078,9445.900390625,6097.7728359210305,8965.744745983597,16,0,Model_2
19079,2980.23095703125,6020.993924587965,8961.275446127751,1,0,Model_2
19080,6353.1630859375,6038.605375651503,8964.631395379241,3,1,Model_2
19081,6164.380859375,5992.053954465548,8967.162797491095,2,1,Model_2
19082,7442.6044921875,6077.296802407131,8986.87986045485,21,0,Model_2
19083,5807.17578125,6058.486213101074,8980.119563083776,14,0,Model_2
19084,2522.8583984375,6008.959271915257,8975.343266028125,3,0,Model_2
19085,2591.37158203125,6108.568302356172,8983.614349964177,3,0,Model_2
19086,2402.955078125,6030.556649290491,8981.929751405754,1,0,Model_2
19087,5813.64501953125,5943.535117982654,8992.579622044781,0,2,Model_2
19088,4779.498046875,6004.222100455081,8989.607684250353,0,0,Model_2
19089,3777.41650390625,6039.47124092374,8995.230431583026,5,1,Model_2
19090,3090.974365234375,6022.464652681956,8998.189651426714,0,1,Model_2
19091,3650.573486328125,6096.315457158722,8997.485924819106,14,0,Model_2
19092,4496.14208984375,5991.102009020047,9007.693493393512,1,0,Model_2
19093,4025.15087890625,6055.165451764595,9004.7370997611,7,1,Model_2
19094,2798.01123046875,6011.952284142841,9009.104656011026,2,0,Model_2
19095,15223.3271484375,6051.081937235082,9031.606243634,17,0,Model_2
19096,3692.26123046875,6031.289021245902,9016.428959169774,5,0,Model_2
19097,5231.38330078125,6102.461213272298,9018.639056387241,6,0,Model_2
19098,7714.30126953125,6074.296425031032,9045.842223105268,11,1,Model_2
19100,9831.685546875,1163.911747332255,9028.284208917816,5,4,Model_2
19101,9616.0185546875,1189.0827177828178,9028.292157637028,16,0,Model_2
19102,6410.3466796875,1215.006314347207,9032.168306401421,15,0,Model_2
19103,3769.076904296875,1201.1639780359692,9047.778707743622,14,2,Model_2
19104,12927.28515625,1241.6020957939909,9057.584071125879,23,0,Model_2
19105,5816.169921875,1279.6749651548453,9055.95793981322,6,0,Model_2
19106,5330.14013671875,1188.1357207964757,9063.805268696146,16,0,Model_2
19107,15320.3896484375,1168.3067846278427,9088.545745563955,5,0,Model_2
19108,22299.673828125,1210.4030965256388,9089.491996426645,39,0,Model_2
19109,4724.66455078125,1242.4994931083056,9092.217347287282,5,0,Model_2
19110,8787.498046875,1238.1837462396943,9117.880758774758,11,0,Model_2
19111,8295.05859375,1193.0210007900605,9120.297169415338,8,0,Model_2
19112,20109.482421875,1230.9276939875563,9157.347739408346,32,2,Model_2
19113,7605.07470703125,1207.2671543846955,9143.746774283049,5,0,Model_2
19114,7047.38818359375,1203.45845195913,9195.212081610502,16,0,Model_2
19115,5013.02099609375,1173.230156248901,9201.671917395346,1,0,Model_2
19116,11134.2470703125,1188.452537263045,9222.564154335108,8,10,Model_2
19117,10947.0546875,1216.075756927603,9228.084451509043,13,5,Model_2
19118,16043.76953125,1251.8823470744537,9245.906186536144,5,10,Model_2
19119,5790.1728515625,1278.9821808726992,9231.19293063572,2,0,Model_2
19120,10092.796875,1194.964364273881,9260.481134722271,6,8,Model_2
19121,5406.27001953125,1222.9551508814911,9261.347368478222,6,7,Model_2
19122,2306.30810546875,1273.0616371910437,9265.847756658099,1,1,Model_2
19123,12144.1552734375,1249.5432219384238,9284.85226110401,5,9,Model_2
19124,21075.224609375,1211.1531908696634,9299.6503033427,7,10,Model_2
19125,6057.7958984375,1273.052085514064,9297.231596405458,1,3,Model_2
19126,9663.1455078125,1176.1789775853977,9308.860042698638,2,1,Model_2
19127,14767.044921875,1243.2526946243597,9326.168643741024,4,1,Model_2
19128,13409.0810546875,1271.195722847071,9335.44939165526,3,2,Model_2
19129,17433.482421875,1212.135287391895,9347.62453319205,4,5,Model_2
19130,24113.59375,1254.5065264740842,9386.044755824463,12,7,Model_2
19131,45391.15234375,1444.468091718969,9057.492925812243,1,3,Model_2
19132,3300.152587890625,1238.9464994327282,9029.014254617927,9,0,Model_2
19133,9586.6865234375,1319.3747267742874,9065.119456939268,1,0,Model_2
19134,10385.8955078125,1294.8907865835936,9082.449077928017,4,0,Model_2
19135,9635.7724609375,1473.5379876644001,9070.312090243446,0,0,Model_2
19136,8699.73828125,1388.8135771299712,9065.370283189972,0,0,Model_2
19137,11187.767578125,1362.022619247553,9075.952854673,0,1,Model_2
19138,13694.7470703125,1265.8364264983102,9087.970788207589,18,1,Model_2
19139,31363.408203125,1505.3238972050021,9106.227406494712,0,0,Model_2
19140,7687.8359375,1326.4644877826213,9090.546879785237,3,0,Model_2
19141,8454.2470703125,1401.5100574449752,9096.734162820198,1,1,Model_2
19142,13468.548828125,1354.3496305412264,9107.305429458123,5,0,Model_2
19143,12049.681640625,1598.0375375100994,9113.687191156481,0,0,Model_2
19144,3620.65673828125,1380.928725323407,9102.964015662496,0,6,Model_2
19145,12153.5712890625,1331.8379390261834,9127.29009930203,6,0,Model_2
19146,25941.0078125,1386.0758133305935,9140.353377732157,3,6,Model_2
19147,14251.51171875,1524.4629261026275,9151.842809758222,1,0,Model_2
19148,12282.0966796875,1527.5849435096607,9190.72423474316,1,0,Model_2
19149,32047.865234375,1490.4823173851473,9213.995081747693,4,9,Model_2
19150,11997.3193359375,1579.7894614218385,9193.427152551798,0,2,Model_2
19151,13055.6943359375,1394.962555496022,9212.097634152582,3,0,Model_2
19152,15552.1728515625,1421.5727219984983,9206.711935290645,12,0,Model_2
19153,21243.35546875,1365.7866704602493,9234.594275905823,5,0,Model_2
19154,7789.8369140625,1556.97349720879,9242.051764270931,4,2,Model_2
19155,20460.671875,1420.811349770811,9254.21259811314,2,1,Model_2
19156,10259.44921875,1325.4260018420755,9257.961920646543,5,8,Model_2
19157,8315.423828125,1521.5530019567232,9260.446866910555,4,2,Model_2
19158,26482.859375,1446.2056913661654,9284.72207874713,34,2,Model_2
19159,10754.896484375,1353.2486559187528,9273.250840456152,6,0,Model_2
19160,9208.5234375,1288.641573149478,9269.48173444382,3,12,Model_2
19161,7429.0322265625,1316.9828947942005,9281.068847397095,3,5,Model_2
19162,14323.564453125,1562.8358101850026,9290.798256351321,1,5,Model_2
19163,19452.587890625,1374.060033850954,9305.395637589449,6,3,Model_2
19164,14231.4501953125,1302.5597474743263,9308.190407264541,7,1,Model_2
19165,12453.478515625,1334.946607101534,9318.426591228112,7,5,Model_2
19166,25814.982421875,1415.3010678775026,9328.116609862685,7,3,Model_2
19167,5598.16064453125,1457.398070257972,9334.005197693463,10,2,Model_2
19168,15127.5341796875,1304.6163501165574,9345.763826343522,5,12,Model_2
19169,4705.68798828125,1480.511862664076,9341.69690831803,2,0,Model_2
19170,12487.4033203125,1599.7639743540785,9348.621479219495,4,7,Model_2
19171,15612.2431640625,1375.1574409796158,9353.778254968114,2,1,Model_2
19172,4364.6513671875,1453.5189385997364,9353.189343193575,0,1,Model_2
19173,4075.7109375,1937.4982682678383,9035.481862483779,18,0,Model_2
19174,11919.3798828125,1893.3260202129604,9053.607591861204,2,0,Model_2
19175,19759.373046875,1928.7314399266616,9069.631856517066,50,0,Model_2
19176,8911.17578125,1827.997383050155,9104.240933244422,0,1,Model_2
19177,5231.51953125,1895.1875615000026,9087.048560140742,6,4,Model_2
19178,6723.9248046875,1953.1519707918633,9100.090288709893,23,1,Model_2
19179,11962.884765625,1886.3141686662566,9114.904228387008,8,3,Model_2
19180,9002.7705078125,1850.0175659822999,9126.334309976286,2,2,Model_2
19181,21227.81640625,1911.5720248532016,9151.771801199924,22,1,Model_2
19182,14982.3359375,1830.0340767753078,9150.345624335008,7,0,Model_2
19183,15174.6533203125,1803.4114815847133,9174.807542753973,5,0,Model_2
19184,6988.32177734375,1882.8774062406737,9163.034253132922,0,0,Model_2
19185,13414.0869140625,1622.9667239445844,9192.66354559279,1,0,Model_2
19186,5323.2841796875,1652.878663510026,9182.74654686515,1,0,Model_2
19187,11303.7890625,1871.4018143723952,9189.847226056721,3,0,Model_2
19188,7558.46435546875,1827.243606131873,9187.58943652398,1,1,Model_2
19189,7947.73974609375,1901.009020918049,9194.106149810745,1,0,Model_2
19190,9371.6533203125,1838.9804306115257,9203.191359232354,0,0,Model_2
19191,7615.33251953125,1872.868629731238,9217.504352960881,0,0,Model_2
19192,15983.3544921875,1910.3102828483097,9234.021084931504,9,0,Model_2
19193,12873.955078125,1841.8058857104043,9235.117654906411,0,1,Model_2
19194,9386.35546875,1809.883951083175,9241.51107472628,0,1,Model_2
19195,15429.4833984375,1866.0977566374931,9252.54195397289,5,0,Model_2
19196,12932.12109375,1625.9791847674642,9267.417540383452,1,6,Model_2
19197,4620.87451171875,1941.327685173601,9255.517071255003,29,2,Model_2
19198,10090.810546875,1901.123641041806,9266.5175687304,12,0,Model_2
19199,19337.015625,1820.1790477411123,9278.085074842951,9,6,Model_2
19200,7427.31005859375,1694.5033757420024,9271.378652124316,0,1,Model_2
19201,9303.3408203125,1925.4693696174072,9276.71029969561,6,0,Model_2
19202,18841.48046875,1857.6510820958065,9291.747686701696,8,1,Model_2
19203,3391.730224609375,1721.683880932571,9280.551297457263,1,0,Model_2
19204,11476.65625,1893.7960087525425,9308.775786274986,3,1,Model_2
19205,8939.8984375,1950.069195816759,9302.445249655997,27,0,Model_2
19206,15578.419921875,1590.1995234448696,9312.945154459216,3,4,Model_2
19207,1778.74169921875,1617.3384845945984,9313.772881086537,1,0,Model_2
19208,7640.4580078125,1634.0887886841665,9318.29181627791,3,5,Model_2
19209,17183.20703125,1820.9409953710274,9329.594894997994,8,6,Model_2
19210,7122.4326171875,1863.5457326772157,9318.188659566353,13,0,Model_2
19211,1498.5589599609375,1688.0844186507165,9312.87944504706,0,1,Model_2
19212,5253.109375,1779.008558027679,9326.41540731302,0,3,Model_2
19213,15618.662109375,1933.302895545261,9345.063985776418,12,1,Model_2
19214,5762.83544921875,1890.2849043591414,9337.115443202187,5,0,Model_2
19215,2605.06494140625,1679.0720086387591,9334.521157889452,1,3,Model_2
19216,10400.02734375,1629.9300115432707,9350.473707434197,6,5,Model_2
19217,1836.50146484375,1850.4834116258426,9343.386452746185,1,0,Model_2
19218,9316.294921875,1886.512337193475,9363.658866225582,14,2,Model_2
19219,4773.265625,1801.2157466838253,9362.959555573092,0,1,Model_2
19220,9742.173828125,1856.325585524086,9365.54235940252,5,3,Model_2
19221,7853.91943359375,1965.6681200487074,9027.855684633163,18,1,Model_2
19222,12108.9501953125,1984.0377210874576,9048.351722079737,68,0,Model_2
19223,8639.658203125,1997.388203574461,9076.268507144836,49,0,Model_2
19224,2786.368408203125,2063.72287399217,9065.399251855546,0,0,Model_2
19225,8128.044921875,1971.015217870241,9082.640200465525,21,0,Model_2
19226,3278.062744140625,2063.878232593648,9076.492837664831,1,0,Model_2
19227,4730.875,2021.6002086723456,9094.421792082197,54,1,Model_2
19228,5676.84521484375,2064.3426972718444,9095.358504481832,5,0,Model_2
19229,7781.27001953125,2043.5290177307324,9101.984733455523,12,0,Model_2
19230,10129.51953125,1921.8530816967832,9106.454739864188,17,1,Model_2
19231,13804.25,1997.5695703566307,9124.270115915919,46,0,Model_2
19232,2550.44873046875,2018.7763646997046,9112.436416028853,77,0,Model_2
19233,2283.53515625,2064.54454837332,9119.256593751328,4,0,Model_2
19234,21339.173828125,1950.9332198018674,9135.405211703313,51,0,Model_2
19236,14381.5029296875,2038.657892631949,9132.538903555309,34,1,Model_2
19237,8376.3134765625,1979.682616706472,9155.940816107744,79,0,Model_2
19238,2379.90576171875,1997.0404304680414,9148.88906569888,10,0,Model_2
19239,17519.53515625,2012.3093039821833,9176.73961143721,74,1,Model_2
19240,3949.428955078125,2041.4658555031056,9159.46492493013,15,0,Model_2
19241,11328.0029296875,1953.3146945418557,9175.71440329701,5,1,Model_2
19242,4641.15625,1984.6909176963381,9180.95313917262,9,0,Model_2
19243,18041.0,2040.5811170378001,9201.201883132584,32,0,Model_2
19244,8292.681640625,1927.4450707064243,9194.565939057633,3,0,Model_2
19245,9759.4541015625,1964.9286131056724,9204.677593086875,6,0,Model_2
19246,6946.55419921875,2003.590809428133,9212.849053075464,10,0,Model_2
19247,8464.37109375,1935.4433918322902,9219.297054100593,8,0,Model_2
19248,2785.798828125,2021.8453300213441,9224.55257060565,2,0,Model_2
19249,10174.2978515625,1960.4825951727107,9236.176954220122,10,0,Model_2
19250,5788.115234375,1987.2691799981985,9236.521575357532,6,0,Model_2
19251,6650.4970703125,2008.7512467670022,9246.604790635814,8,0,Model_2
19252,4037.82373046875,1976.5620953452308,9256.723156916836,1,0,Model_2
19253,7294.53271484375,1959.1138283534674,9272.546407295726,12,0,Model_2
19254,3049.903564453125,2018.507766939816,9273.443199461093,1,0,Model_2
19255,6892.8974609375,1978.7824574614642,9284.252927675392,37,1,Model_2
19256,5517.0322265625,1996.6889747873647,9296.827801469466,13,1,Model_2
19257,11841.1689453125,1923.0713232932612,9310.627131298665,11,0,Model_2
19258,3463.196044921875,2022.220952595584,9301.813061521301,13,2,Model_2
19259,16291.6904296875,1972.4465884518577,9325.338444178837,17,2,Model_2
19260,3909.404296875,2012.9463893286884,9353.237212147054,2,1,Model_2
19261,5301.486328125,1993.83659086423,9358.63333266307,17,25,Model_2
19262,8328.1845703125,1979.2225250852061,9391.95612998365,10,9,Model_2
19263,9805.0849609375,2543.3889885614626,9079.052325251236,1,0,Model_2
19264,6274.3310546875,2561.1093057264807,9082.07725450708,1,0,Model_2
19265,11674.7880859375,2594.785986987292,9086.223659724696,4,0,Model_2
19266,3884.79052734375,2619.462686924264,9102.699411631824,28,0,Model_2
19267,7424.3154296875,2577.3147039064206,9115.818684372847,2,0,Model_2
19268,5328.5302734375,2553.971095850575,9113.992598612444,2,0,Model_2
19269,4256.70458984375,2600.2532287939684,9112.879424646293,1,0,Model_2
19270,3117.677001953125,2615.949050761061,9121.03993306619,4,0,Model_2
19271,6931.693359375,2590.7137503414415,9137.490602348247,6,0,Model_2
19272,14409.208984375,2558.2698108132463,9150.027498928306,0,0,Model_2
19273,13374.14453125,2607.531836813432,9181.077669106948,37,0,Model_2
19274,5737.34326171875,2572.8357729660347,9190.198382807706,4,0,Model_2
19275,6570.98828125,2570.8775641047396,9217.999293210509,5,0,Model_2
19276,4235.87548828125,2614.413877617568,9230.069158377286,14,0,Model_2
19277,4335.763671875,2579.5771854657214,9241.927940889422,5,0,Model_2
19278,1439.3526611328125,2581.2711696240585,9261.250924018444,0,0,Model_2
19279,4628.3720703125,2594.5970248957165,9277.010584643635,3,0,Model_2
19280,3756.005126953125,2596.3170172347454,9295.503544848674,2,0,Model_2
19281,12518.21484375,2615.083185488824,9314.01505206521,39,0,Model_2
19282,3769.42041015625,2628.653471626807,9366.230365209907,8,0,Model_2
19283,724.2167358398438,2674.1100174539024,9012.338194986645,1,0,Model_2
19284,7513.615234375,2699.2916903859004,9020.294509641884,2,0,Model_2
19285,12593.009765625,2748.9394660395337,9039.725065437582,0,6,Model_2
19286,8480.873046875,2782.2713662855094,9018.919027941723,0,0,Model_2
19287,8990.9541015625,2804.9822620517807,9029.61376468475,0,4,Model_2
19288,10322.701171875,2683.196999594569,9042.044148427362,4,0,Model_2
19289,11249.9853515625,2648.19965514075,9047.410593724984,14,0,Model_2
19290,12238.01171875,2779.416450592573,9056.016053782572,0,1,Model_2
19291,1814.46484375,2865.4121548088733,9048.907955786402,0,1,Model_2
19292,7526.62939453125,2813.051472732099,9061.04670985302,0,1,Model_2
19293,3578.9375,2830.942108956515,9065.22614641492,0,1,Model_2
19294,8217.580078125,2854.456726554432,9068.245246610008,0,0,Model_2
19295,5728.748046875,2675.44978400087,9070.78671709953,2,0,Model_2
19296,8526.4775390625,2701.2227402620483,9072.06557770171,2,0,Model_2
19297,7199.3388671875,2622.1709901295835,9072.866455321913,15,2,Model_2
19298,21288.79296875,2798.7886324728606,9099.49378149255,0,10,Model_2
19299,11645.8916015625,2766.8254990461282,9097.461205670828,2,1,Model_2
19300,10136.169921875,2668.341495040804,9100.568624968277,2,1,Model_2
19301,7384.36865234375,2640.794228470302,9097.64384957451,8,0,Model_2
19302,7975.5849609375,2840.4477537580533,9100.704989662321,0,1,Model_2
19303,10452.9736328125,2688.919950151234,9111.23933891546,6,3,Model_2
19304,12365.521484375,2712.7800392466597,9111.243224955964,1,0,Model_2
19305,8196.2021484375,2645.2388654379174,9123.121261032415,5,2,Model_2
19306,9085.5029296875,2744.2922874877695,9124.747568983279,0,0,Model_2
19307,8564.4580078125,2883.19829798874,9132.368094411344,0,0,Model_2
19308,5265.15576171875,2921.410529769142,9124.29749483765,1,23,Model_2
19309,12302.591796875,2784.89658140915,9141.904084531401,1,8,Model_2
19310,3625.8212890625,2720.732098033419,9141.604152859785,0,0,Model_2
19311,7077.01513671875,2610.157972580637,9147.934336202365,3,0,Model_2
19312,4228.0927734375,2751.323932871106,9151.296291152816,0,3,Model_2
19313,3909.240234375,2943.7552395577077,9159.308600118951,1,2,Model_2
19314,5542.31689453125,2582.69287344825,9164.779085319155,4,0,Model_2
19315,11048.58203125,2833.0632717286935,9167.599644172136,0,1,Model_2
19316,4533.35302734375,2762.833358390373,9169.708880974707,0,1,Model_2
19317,27541.232421875,2789.367226557457,9195.331665675098,3,9,Model_2
19318,15059.95703125,2846.4360798221314,9204.963040425704,1,8,Model_2
19319,3747.55419921875,2862.905012222356,9188.654741536651,0,1,Model_2
19320,7810.55517578125,2643.922114980058,9196.803238558627,6,0,Model_2
19321,3646.245361328125,2589.165918348939,9201.079649494917,0,0,Model_2
19322,1464.946533203125,2915.2028603758663,9195.116873618157,0,2,Model_2
19323,4530.98876953125,2725.4515471049817,9203.411450435437,1,1,Model_2
19324,4669.201171875,2622.692074386985,9208.249747500944,32,0,Model_2
19325,6384.81005859375,2598.28581349703,9219.048347508346,8,0,Model_2
19326,2711.334716796875,2820.557709872839,9222.770467758222,0,0,Model_2
19327,6578.25048828125,2636.3399247452617,9226.87200687184,7,0,Model_2
19328,4066.12158203125,2880.4361371349078,9225.62229157344,2,1,Model_2
19329,7057.994140625,2742.2311967081623,9234.27985990142,5,20,Model_2
19330,2428.28564453125,2683.765727156424,9236.08598554469,0,0,Model_2
19331,6616.0908203125,2839.478546245722,9235.179478278063,1,4,Model_2
19332,556.9418334960938,2812.6988662469666,9226.57790426098,1,0,Model_2
19333,6633.2314453125,2657.8111739521846,9237.41236182394,7,0,Model_2
19334,24470.24609375,2889.530254263198,9260.971835654986,4,13,Model_2
19335,6460.24755859375,2597.4535517148906,9249.465093084858,19,0,Model_2
19336,5385.91748046875,2635.8487614037003,9252.104774416206,27,0,Model_2
19337,4548.4091796875,2614.27347947401,9257.04658146968,12,2,Model_2
19338,4377.83349609375,2854.0127461955417,9253.80438722203,2,3,Model_2
19339,6870.02294921875,2665.505682701827,9262.034137818177,1,0,Model_2
19340,2588.7666015625,2643.854907999863,9269.210771437778,9,1,Model_2
19341,7671.61279296875,2622.019314102363,9278.806288632826,27,0,Model_2
19342,8225.75,2850.444561901153,9279.884664872647,2,4,Model_2
19343,5412.03955078125,2655.422334063682,9284.231554452621,11,1,Model_2
19344,6043.013671875,2692.3475061411737,9287.241646099268,1,0,Model_2
19345,757.0961303710938,2750.2355020171963,9278.959257318114,1,0,Model_2
19346,18987.03515625,2924.4995190883055,9304.63838960581,4,3,Model_2
19347,8489.0830078125,2722.904126362526,9290.249441449254,0,8,Model_2
19348,2153.67138671875,2672.021537528257,9293.40614280582,0,0,Model_2
19349,10129.267578125,2873.333602197119,9298.636576685807,3,1,Model_2
19350,4922.82470703125,2639.032577009988,9297.987784559868,15,0,Model_2
19351,7074.9765625,2950.1235612529563,9298.417368673749,0,5,Model_2
19352,1625.5076904296875,2749.621202598908,9290.769994238566,0,2,Model_2
19353,8332.6767578125,2897.308541577193,9312.0540147164,1,7,Model_2
19354,1452.072998046875,2749.4969157177256,9305.254680302081,0,0,Model_2
19355,5448.3935546875,2661.349207169842,9310.606641266917,6,0,Model_2
19356,5850.06640625,2781.553724627127,9308.670863181382,2,8,Model_2
19357,5245.74658203125,2735.6541190847056,9311.488772461293,1,3,Model_2
19358,977.6471557617188,2759.6845272395294,9308.249051148508,1,2,Model_2
19359,8741.189453125,2695.1886121806456,9322.162489257957,7,0,Model_2
19360,8285.0732421875,2720.2584269195795,9325.927002676966,3,1,Model_2
19361,8530.236328125,2844.9510817528935,9323.762124839908,3,7,Model_2
19362,3456.580078125,2644.7548370839795,9320.068266702787,18,0,Model_2
19363,3914.436767578125,2870.1318340413272,9319.994608571418,1,1,Model_2
19364,838.4978637695312,2753.7090901853517,9318.904574210086,0,0,Model_2
19365,4575.15283203125,2670.146877070423,9330.643772657626,17,1,Model_2
19366,12196.8662109375,2918.6172971950145,9342.63980305483,1,3,Model_2
19367,3107.112548828125,2636.510473965551,9332.776502341425,8,1,Model_2
19368,18541.76171875,2745.691435544635,9349.194670193814,2,3,Model_2
19369,3617.62109375,2654.8259871948976,9342.39922182,40,1,Model_2
19370,4844.1630859375,2622.0421000305796,9344.388344643361,3,0,Model_2
19371,10015.3583984375,2796.382760678418,9351.345416974495,0,18,Model_2
19372,6075.69384765625,2706.4945754721994,9349.472345451635,4,0,Model_2
19373,3579.971923828125,2678.429907218553,9347.291923452562,38,0,Model_2
19374,2976.621337890625,2642.087732678163,9354.019366117558,10,0,Model_2
19375,3950.7490234375,2662.663656018791,9364.664467525057,29,1,Model_2
19376,4529.6865234375,2682.8625758198323,9364.000131237102,42,0,Model_2
19377,10645.6376953125,2698.4373331582174,9379.633495545917,77,0,Model_2
19378,11302.0654296875,2915.322313878336,9381.892344907887,6,10,Model_2
19379,5410.2353515625,2853.4129469133914,9377.530970995125,0,4,Model_2
19380,7450.16748046875,2642.308456972707,9385.905918195553,4,0,Model_2
19381,4766.64208984375,2876.3751783727203,9378.41416201873,1,3,Model_2
19382,7100.58837890625,3162.0382175302366,9051.259716844055,1,4,Model_2
19383,3069.36962890625,3107.082931728335,9053.392093251445,0,0,Model_2
19384,1866.77587890625,3223.5848509308416,9051.18994475319,0,0,Model_2
19385,9641.501953125,3199.848128073034,9073.084426866539,2,8,Model_2
19386,4819.46240234375,3247.1070638381643,9065.779023995696,0,8,Model_2
19387,7032.7939453125,3225.851935707964,9076.001783455707,1,8,Model_2
19388,7477.22998046875,3283.614954220131,9071.25781119152,3,14,Model_2
19389,15028.9404296875,3171.246954782284,9083.63008096478,7,14,Model_2
19390,4430.58349609375,3262.2000944315223,9075.961333306826,1,8,Model_2
19391,2440.600341796875,3253.15039835521,9096.513011787887,0,1,Model_2
19392,5521.482421875,3273.0765775003238,9099.175832724053,4,3,Model_2
19393,17962.80078125,3196.8208218726795,9124.265346684391,5,9,Model_2
19394,5447.599609375,3042.554103662027,9116.345772775734,1,0,Model_2
19395,15251.2373046875,3266.734724307549,9131.827934781308,2,6,Model_2
19396,4393.38720703125,3228.737923121196,9145.876324479163,0,1,Model_2
19397,2195.7041015625,3295.194118489395,9147.752222213298,1,1,Model_2
19398,9469.572265625,3227.304941413342,9172.951958413381,2,11,Model_2
19399,13318.263671875,3274.861475210637,9163.32411642687,6,9,Model_2
19400,1585.9473876953125,3207.758527738508,9161.194566230755,0,1,Model_2
19401,8470.6474609375,3245.435865608044,9186.446410701232,0,7,Model_2
19402,3849.568359375,2999.8003371788654,9167.680367831694,0,1,Model_2
19403,11497.501953125,3200.3160451645963,9184.877863443311,0,6,Model_2
19404,15009.474609375,3154.707132827607,9186.350496156068,1,1,Model_2
19405,1839.658447265625,3293.623500568676,9184.137396089121,0,1,Model_2
19406,6831.322265625,3060.215039317147,9197.093278490778,1,3,Model_2
19407,7575.29541015625,3254.264837389812,9218.642079637488,2,1,Model_2
19408,8976.5771484375,3231.51757620275,9233.585848395072,1,25,Model_2
19409,3775.736572265625,2917.5051597693237,9230.260280914794,0,0,Model_2
19410,5772.0927734375,3237.8357228237437,9263.048041113274,3,0,Model_2
19411,5978.48291015625,3285.746244071517,9263.54704404161,1,0,Model_2
19412,4451.01123046875,3208.117118406808,9268.812982200747,0,0,Model_2
19413,1121.7156982421875,3187.21459676174,9263.76890162674,0,0,Model_2
19414,7030.072265625,2952.268660757807,9272.824612468161,0,0,Model_2
19415,4938.3076171875,3058.9284399360185,9269.207062035479,0,0,Model_2
19416,15462.0390625,3236.1509451010497,9298.003152083678,4,4,Model_2
19417,10266.81640625,3201.964687627391,9294.037624387696,2,3,Model_2
19418,6886.6904296875,3030.61358679377,9291.931037158196,0,2,Model_2
19419,2128.784423828125,3173.8898922945373,9300.600793522302,0,0,Model_2
19420,11577.8017578125,3000.30715146102,9306.21099954244,1,10,Model_2
19421,5966.94189453125,3114.623002520064,9309.496116873837,1,21,Model_2
19422,3704.86279296875,3268.9428878965555,9304.658702999353,2,0,Model_2
19423,1179.6783447265625,3164.7798940647626,9309.326544197305,0,1,Model_2
19424,8864.1220703125,3183.64618230646,9326.11459245038,0,7,Model_2
19425,7315.59716796875,3209.522710968624,9323.031019310569,2,0,Model_2
19426,11673.1171875,3266.281997834798,9331.408262807658,7,1,Model_2
19427,8574.00390625,2980.1459780461155,9331.613693039748,0,0,Model_2
19428,8100.044921875,3106.5678316541016,9353.466488536782,0,0,Model_2
19429,5316.70361328125,3195.0828769841464,9352.217479791201,3,0,Model_2
19430,9877.740234375,3026.0096784895286,9361.88188588609,2,17,Model_2
19431,6330.2255859375,3285.5777662992477,9357.604238482367,6,1,Model_2
19432,2380.47412109375,3237.892112242058,9366.423784044076,0,0,Model_2
19433,11139.7509765625,3258.969786325237,9377.884953957386,11,2,Model_2
19434,8118.58203125,3190.267220660113,9380.764509970744,1,0,Model_2
19435,5321.37939453125,3228.2481407449814,9390.147708043718,4,0,Model_2
19436,6914.65966796875,3061.419010938378,9394.098221492299,2,8,Model_2
19437,4730.58154296875,3146.9794809096493,9396.716882877285,3,0,Model_2
19438,4362.44287109375,3404.239515303634,9036.460438137932,3,1,Model_2
19439,3143.0009765625,3313.718617807841,9047.934502640186,0,0,Model_2
19440,6157.40966796875,3396.19032862084,9054.531762948303,3,0,Model_2
19441,6512.84326171875,3423.3405676542316,9064.939285970453,3,1,Model_2
19442,5697.8125,3317.416843005689,9068.389913299674,2,0,Model_2
19443,4346.400390625,3440.650738111348,9072.662084919051,6,1,Model_2
19444,7552.69189453125,3370.480896765599,9087.934754013826,5,0,Model_2
19445,7485.884765625,3299.248632746632,9089.866646058857,1,2,Model_2
19446,4341.5185546875,3404.721242048661,9079.733972083253,6,1,Model_2
19447,2912.484619140625,3336.5091492424253,9081.710023679465,1,1,Model_2
19448,5748.013671875,3458.1026876773685,9087.2714775551,3,0,Model_2
19449,7083.08251953125,3352.293352991692,9098.07414024121,1,2,Model_2
19450,5517.79248046875,3323.816236421233,9101.747331708379,1,0,Model_2
19451,4191.7060546875,3430.427911973209,9103.517069881476,13,2,Model_2
19452,2967.402099609375,3409.7378288306063,9103.820534317187,8,0,Model_2
19453,13355.95703125,3398.2827212816337,9131.559797986542,7,1,Model_2
19454,2173.269775390625,3418.4588551544584,9116.404593297906,4,0,Model_2
19455,5647.0224609375,3298.1049632788636,9121.987420396312,0,1,Model_2
19456,8736.0107421875,3362.638394562993,9131.956880670754,2,0,Model_2
19457,9158.87109375,3330.537855084287,9130.966823533294,2,0,Model_2
19458,5395.73486328125,3445.9775817744667,9138.337935816293,5,0,Model_2
19459,5471.16943359375,3313.874897052883,9148.99010275198,1,1,Model_2
19460,3363.75732421875,3378.14525443851,9148.365863336498,2,0,Model_2
19461,5260.6298828125,3342.1724881283008,9159.440725496082,4,0,Model_2
19462,1445.735595703125,3416.646107976325,9152.535938073546,1,0,Model_2
19463,4591.06640625,3435.945559015032,9164.008412831958,9,0,Model_2
19464,9072.87890625,3365.464540144545,9171.872522344333,5,0,Model_2
19465,8127.4384765625,3404.119371318491,9171.881354254569,5,0,Model_2
19466,5537.10888671875,3317.440779738361,9176.03129223628,0,0,Model_2
19467,5295.37353515625,3451.0837011430413,9177.931212766256,12,0,Model_2
19468,4226.72119140625,3430.4032847578637,9186.029191261681,0,1,Model_2
19469,24312.3203125,3350.738846333348,9204.377131500645,10,1,Model_2
19470,14063.21484375,3274.3795183047187,9197.008315514307,8,5,Model_2
19471,2529.112548828125,3377.921307891491,9191.651232041535,6,0,Model_2
19472,3759.44775390625,3411.7876417265506,9194.300451835938,3,0,Model_2
19473,5238.78369140625,3393.783996504615,9199.805381486061,15,2,Model_2
19474,8652.7587890625,3307.692775518517,9206.918072075554,3,0,Model_2
19475,5165.490234375,3424.2358935205266,9209.130642227887,13,2,Model_2
19476,5685.62158203125,3390.369559685467,9225.515778735993,6,0,Model_2
19477,4262.2431640625,3410.268349684542,9223.671499240503,22,3,Model_2
19478,21455.89453125,3426.9773398941616,9247.105383307993,11,3,Model_2
19479,7157.97216796875,3315.7161841815105,9229.402349154465,0,0,Model_2
19480,12027.24609375,3351.7407366922125,9245.406477054988,12,0,Model_2
19481,5335.81982421875,3377.930284166243,9243.527223194964,13,0,Model_2
19482,5870.3271484375,3324.5771483271383,9255.364455846124,4,3,Model_2
19483,20232.2578125,3377.7120916415006,9277.903844044908,41,2,Model_2
19484,9143.3984375,3261.4612779711606,9278.51271593658,3,0,Model_2
19485,10303.9072265625,3339.6529168536654,9280.350106542086,22,1,Model_2
19486,5312.53173828125,3314.6984127211617,9276.84277834915,3,2,Model_2
19487,8520.923828125,3403.713367506629,9287.458911091075,20,0,Model_2
19488,12374.3046875,3293.6727549993666,9294.426051799877,6,0,Model_2
19489,3897.429443359375,3321.6978355797473,9301.723152675098,1,0,Model_2
19490,8418.6943359375,3350.9779834991787,9314.565633349324,25,0,Model_2
19491,4304.8583984375,3379.1759149087593,9312.61643076023,7,0,Model_2
19492,1404.708984375,3332.9757192425895,9315.253639156712,2,0,Model_2
19493,8151.1357421875,3292.5306966578355,9328.288302197674,8,0,Model_2
19494,5521.84375,3316.962735567591,9325.23864359317,4,0,Model_2
19495,3088.60595703125,3369.4516172606964,9328.238490223943,13,0,Model_2
19496,5162.658203125,3353.721040999051,9343.403586652043,22,0,Model_2
19497,2179.2421875,3310.2471010877052,9342.69067485779,0,1,Model_2
19498,4347.83544921875,3332.6963039208204,9349.613656015412,7,0,Model_2
19499,752.5130004882812,3364.909852397046,9354.094790630974,3,0,Model_2
19500,2157.3759765625,3345.3533116430044,9379.899689320431,3,1,Model_2
19501,4094.56298828125,3305.5750651597045,9385.310470807439,12,0,Model_2
19502,5468.0673828125,3374.5745383743197,9387.278220408029,20,0,Model_2
19503,4679.95703125,3340.0812462719623,9394.588392510399,7,0,Model_2
19504,11735.0341796875,3947.0159763675183,9054.471352682289,0,0,Model_2
19505,1846.9658203125,3970.605166094145,9131.726544451798,0,0,Model_2
19506,3805.24609375,3969.2596455249004,9020.156908480407,0,0,Model_2
19507,4502.63330078125,3986.9889389646705,9017.175078946515,2,0,Model_2
19508,7504.30078125,4004.3568798054475,9032.33999873641,2,0,Model_2
19509,8269.7548828125,4052.2740757190622,9029.587092315836,0,0,Model_2
19510,4185.39990234375,4119.316721037729,9018.448640402552,0,2,Model_2
19511,9486.98046875,4029.8310872300062,9036.37353214121,1,1,Model_2
19512,16292.0087890625,4158.908997521037,9054.91630431998,1,1,Model_2
19513,6901.45166015625,3988.998243543785,9052.906868103077,4,0,Model_2
19514,20084.79296875,4191.498859054176,9069.117486064919,2,7,Model_2
19515,4606.74267578125,4057.3210437386297,9059.885843571596,3,0,Model_2
19516,6627.15380859375,4014.150686042616,9062.42060180934,3,2,Model_2
19517,3043.323486328125,4038.3672943583224,9063.695929647423,0,1,Model_2
19518,8276.0068359375,4047.3587597291917,9083.461214841067,2,0,Model_2
19519,16108.90625,4023.0224677501246,9095.371222432572,1,0,Model_2
19520,4423.0751953125,3992.69370681094,9093.374150889998,7,0,Model_2
19521,5576.826171875,4213.540446949191,9101.35113221519,1,1,Model_2
19522,15137.9970703125,4066.6747823520564,9118.671744655498,5,2,Model_2
19523,5957.48388671875,4201.843210142804,9125.315637449661,1,2,Model_2
19524,2342.62451171875,3999.8213292858563,9111.559407342414,10,1,Model_2
19525,2743.41015625,4007.5446081468835,9123.325101520662,5,1,Model_2
19526,5405.4912109375,3987.5588173309807,9126.339432484223,4,0,Model_2
19527,9121.8857421875,4024.637736883713,9130.588287860577,8,1,Model_2
19528,2319.647705078125,4244.227798556676,9127.189768801749,0,1,Model_2
19529,3662.218994140625,4047.7127471796703,9132.58306310649,3,1,Model_2
19530,9165.5078125,4224.599217443727,9146.062324508734,4,4,Model_2
19531,8678.7998046875,3992.7323738406412,9151.73912313205,12,0,Model_2
19532,9684.4638671875,4260.580269546015,9149.963909174607,0,3,Model_2
19533,10602.2021484375,4018.8533333691303,9161.319096165083,1,0,Model_2
19534,7333.02490234375,4052.0227400260046,9160.137209937297,5,2,Model_2
19535,12669.560546875,4071.350270693423,9177.653890784844,3,0,Model_2
19536,4000.71337890625,4092.063369925134,9159.29323259514,0,0,Model_2
19537,10878.7822265625,4184.741335292114,9183.30666661232,2,1,Model_2
19538,941.179931640625,4232.052287418628,9166.37024226728,1,1,Model_2
19539,5127.416015625,4034.685640744632,9176.03694465883,3,0,Model_2
19540,1926.057373046875,4269.556083976291,9169.339530488636,0,1,Model_2
19541,14152.0205078125,4250.976115883095,9198.037939609625,1,8,Model_2
19542,4236.873046875,4086.037297474919,9193.194696674385,1,1,Model_2
19543,4874.28662109375,4013.613030201057,9189.132194604012,3,0,Model_2
19544,798.599365234375,4236.6117746708915,9183.425367485892,1,2,Model_2
19545,3746.835205078125,4049.2216819815803,9192.76793877178,1,0,Model_2
19546,5226.63720703125,4034.297589482274,9205.242482065572,7,0,Model_2
19547,683.0055541992188,4176.081301604398,9206.369963726305,0,0,Model_2
19548,1268.4803466796875,4018.7750786661636,9206.923371221696,2,0,Model_2
19549,4181.27685546875,4004.3766736420803,9211.72528081703,8,0,Model_2
19550,1947.3538818359375,4054.307777352631,9208.7494569821,0,0,Model_2
19551,19721.83203125,4027.3692863390315,9243.9626363696,13,0,Model_2
19552,2441.8916015625,4208.305207320722,9215.762876900539,0,0,Model_2
19553,14620.1591796875,4210.1533992760815,9241.942955136823,1,6,Model_2
19554,10346.763671875,4056.344701238675,9231.95247491602,11,1,Model_2
19555,15841.015625,4247.798514620867,9253.453760385659,0,3,Model_2
19556,4101.154296875,4079.8984461880755,9248.422574400596,3,0,Model_2
19557,25773.056640625,4171.560481381835,9269.111854043134,4,16,Model_2
19558,3487.28857421875,4060.9718557929154,9261.94970475632,5,0,Model_2
19559,35626.0078125,4204.852793954546,9301.578485985432,8,10,Model_2
19560,14496.310546875,4058.349402599968,9291.822934576907,10,1,Model_2
19561,3408.563232421875,4252.467558457283,9282.996676763418,0,3,Model_2
19562,4069.6318359375,4092.5444061874878,9286.915748611558,3,0,Model_2
19563,7212.43359375,4246.684996229829,9300.449237942652,0,3,Model_2
19564,3227.0556640625,4095.2418918309268,9305.166537837926,6,1,Model_2
19565,2864.207275390625,4078.479734455468,9313.190858201982,2,0,Model_2
19566,2393.2802734375,4095.644213068532,9322.611680212562,10,0,Model_2
19567,4845.75634765625,4054.586732352618,9330.915618854691,9,0,Model_2
19568,3100.94677734375,4081.517397895921,9329.891293905515,6,1,Model_2
19569,1698.7872314453125,4146.234957892913,9331.95389822204,1,1,Model_2
19570,5335.26025390625,4203.797736429842,9342.340401297828,9,1,Model_2
19571,6192.28662109375,4090.630848539062,9350.51044818078,18,1,Model_2
19572,4223.0048828125,4115.725290493341,9346.36881219469,10,3,Model_2
19574,3961.216064453125,4147.858052496798,9356.1125288435,7,1,Model_2
19575,2440.2734375,4168.238799401792,9352.847724905645,5,0,Model_2
19576,4897.6708984375,4125.995990096824,9362.970507141785,3,0,Model_2
19577,3026.829833984375,4102.877709553344,9367.488912418543,2,1,Model_2
19578,3221.63232421875,4164.485795911867,9368.27866183185,18,0,Model_2
19579,5284.7412109375,4089.055167078739,9382.947051628274,20,0,Model_2
19580,3530.91015625,4137.775624502217,9384.792390952993,12,0,Model_2
19581,4768.41748046875,4428.796579043148,9016.866668641072,2,5,Model_2
19582,7315.38671875,4458.610700229881,9020.242754647901,3,8,Model_2
19583,11027.412109375,4483.285328718834,9039.306256254189,1,6,Model_2
19584,6110.31396484375,4521.978136439808,9019.581421209426,1,6,Model_2
19585,25440.421875,4578.834321041126,9055.692982506138,1,49,Model_2
19586,6002.4033203125,4456.209661814151,9047.254975466625,0,1,Model_2
19587,10755.662109375,4618.917760865996,9057.879763480581,2,27,Model_2
19588,9621.9306640625,4546.305221983232,9060.170231081196,2,18,Model_2
19589,18985.08984375,4523.955218494171,9079.556274049304,0,9,Model_2
19590,3503.263427734375,4432.101689439034,9083.515619408121,1,2,Model_2
19591,3467.610595703125,4447.188275527442,9078.001327933147,0,3,Model_2
19592,8174.36474609375,4468.313362754183,9084.31066796757,2,7,Model_2
19593,12036.3798828125,4492.3872713174205,9094.599490116147,4,6,Model_2
19594,16512.12109375,4551.960275077028,9110.1856920243,1,15,Model_2
19595,9749.724609375,4584.906885991339,9109.006102093175,1,26,Model_2
19596,11996.4521484375,4398.305324514862,9115.939504904876,3,9,Model_2
19597,2207.50537109375,4417.014643028844,9102.154306132055,1,1,Model_2
19598,3666.570068359375,4431.8563379291445,9104.817303706426,0,1,Model_2
19599,4068.2880859375,4452.150544339092,9105.884728377554,0,0,Model_2
19600,5418.2802734375,4515.73156985594,9113.862946170178,2,3,Model_2
19601,3702.39892578125,4378.7370455553755,9116.51622864329,1,2,Model_2
19602,5538.45556640625,4460.890674016904,9121.791528627276,0,9,Model_2
19603,5628.44189453125,4435.297243250767,9124.124036120615,0,1,Model_2
19604,15245.5478515625,4493.175342208473,9135.242174640356,3,28,Model_2
19605,5417.21142578125,4574.625598986866,9130.963644045609,2,6,Model_2
19606,5989.48828125,4615.807366583962,9124.032890806979,0,3,Model_2
19607,8944.990234375,4521.761324880412,9143.419463689701,1,23,Model_2
19608,10312.3515625,4609.633530841675,9148.04155559263,1,10,Model_2
19609,26352.8828125,4413.073367930017,9155.245568133963,1,25,Model_2
19610,5750.08544921875,4468.554571368033,9142.433822507359,2,16,Model_2
19611,8420.205078125,4554.375583468005,9148.871755154818,1,3,Model_2
19612,8558.3974609375,4454.563090799376,9158.74318122564,0,4,Model_2
19613,9831.0078125,4584.87512378837,9158.962035961289,1,17,Model_2
19614,19968.66015625,4538.1925108945,9174.601582607269,7,6,Model_2
19615,10230.369140625,4487.609591540415,9174.220573999686,2,8,Model_2
19616,1754.7529296875,4633.59604153363,9166.358407507563,0,0,Model_2
19617,5865.94482421875,4614.085302796913,9175.094579836645,0,0,Model_2
19618,12646.27734375,4378.068198005902,9186.318701279219,0,3,Model_2
19619,17998.0390625,4460.799990625819,9195.540098756668,5,29,Model_2
19620,2210.17626953125,4404.536240158137,9186.547624392537,0,0,Model_2
19621,17445.1953125,4576.559410793707,9202.908914743006,3,6,Model_2
19622,6430.59130859375,4428.373543325346,9197.18124431673,1,7,Model_2
19623,6995.47802734375,4506.4823242870625,9198.21846385485,0,6,Model_2
19624,12383.482421875,4538.623832404381,9209.35638585352,2,16,Model_2
19625,2176.356201171875,4408.084400455002,9198.369312881681,0,0,Model_2
19626,20851.208984375,4380.909304045374,9230.232725354857,0,14,Model_2
19627,14651.685546875,4484.025526144542,9228.584867543017,9,17,Model_2
19628,6244.7841796875,4347.815850482555,9220.707156888879,1,19,Model_2
19629,14017.443359375,4416.278128177393,9230.034360650956,2,15,Model_2
19630,5887.7255859375,4514.504812306492,9224.755527902875,4,7,Model_2
19631,8505.333984375,4261.626580956858,9226.569955541767,1,7,Model_2
19632,7557.69921875,4453.969275700394,9228.51986468368,1,27,Model_2
19633,3662.720458984375,4438.163206666475,9242.386493668877,0,3,Model_2
19634,7112.6455078125,4587.973089382285,9233.734754401652,0,1,Model_2
19635,20708.84375,4549.183614087058,9248.23374815975,2,5,Model_2
19636,5454.5390625,4630.324994949624,9239.106498845416,4,0,Model_2
19637,6239.53125,4345.01893533417,9245.964123867292,1,8,Model_2
19638,3115.360107421875,4516.791230598465,9246.837069875022,2,2,Model_2
19639,235.68115234375,4311.687495409977,9251.556136152343,0,0,Model_2
19640,11727.986328125,4418.054509934736,9266.920833751778,2,6,Model_2
19641,11755.7734375,4453.288920106366,9262.950183547859,0,16,Model_2
19642,6547.689453125,4385.999081990682,9266.167471808643,0,13,Model_2
19643,22882.8203125,4496.303689040011,9274.416475969105,2,1,Model_2
19644,7252.1591796875,4358.770127932541,9272.065068187861,2,8,Model_2
19645,5830.81689453125,4276.17413023836,9282.741611195801,2,6,Model_2
19646,8379.8330078125,4336.561903552385,9279.429114942672,2,8,Model_2
19647,7401.02734375,4390.681475158781,9285.488511917414,0,4,Model_2
19648,5368.08203125,4541.545955077512,9282.336933068786,0,0,Model_2
19649,12667.1923828125,4451.857319363859,9294.590678606677,1,2,Model_2
19650,11634.181640625,4418.060954439687,9303.691078913893,2,2,Model_2
19651,4693.26025390625,4321.08956781053,9299.047967064602,0,4,Model_2
19652,17808.740234375,4349.418230606243,9311.769980483208,3,11,Model_2
19653,1934.0928955078125,4480.18552183779,9300.607152497672,0,1,Model_2
19654,8014.7314453125,4564.469059185358,9309.387837654343,1,0,Model_2
19655,15533.142578125,4463.251664437586,9323.784204615498,3,2,Model_2
19656,2267.66162109375,4396.078287732787,9314.074755778405,0,0,Model_2
19657,9863.5009765625,4520.997651043814,9319.520158353538,2,0,Model_2
19658,4857.23876953125,4287.194233703194,9312.11354179139,0,7,Model_2
19659,4133.1982421875,4373.74163357541,9319.244956030583,2,1,Model_2
19660,3952.42041015625,4544.387981760548,9323.541503722212,1,0,Model_2
19661,18403.021484375,4299.5879373659845,9340.5545890481,1,3,Model_2
19662,941.2312622070312,4624.292017672677,9326.192843175071,4,0,Model_2
19663,2829.148193359375,4415.469342806144,9338.783791045775,1,1,Model_2
19664,2840.4423828125,4424.176789637422,9329.3631456734,2,0,Model_2
19665,7562.640625,4394.805037683342,9338.732565966406,0,5,Model_2
19666,819.43408203125,4437.10354592395,9338.650075924801,0,0,Model_2
19667,9448.4482421875,4370.824574441882,9346.902612849357,1,2,Model_2
19668,6448.23193359375,4527.828365969239,9345.636116921509,1,0,Model_2
19669,765.668701171875,4446.692969289841,9342.249962537011,0,1,Model_2
19670,6099.5654296875,4502.390063643688,9347.164214030548,1,0,Model_2
19671,6257.501953125,4459.716853472404,9358.69021016499,2,0,Model_2
19672,4509.74853515625,4403.196243450278,9362.852689459236,2,1,Model_2
19673,12964.3037109375,4487.925832604757,9372.512149684393,2,1,Model_2
19674,6533.6455078125,4277.704700164031,9371.251129540891,1,1,Model_2
19675,8202.4912109375,4425.26268872153,9371.716394572126,4,1,Model_2
19676,2990.18798828125,4514.161412257003,9367.2216588148,0,1,Model_2
19677,5430.18896484375,4375.309949887218,9375.855204346939,0,2,Model_2
19678,3638.272216796875,4580.299064951949,9374.982611615618,9,0,Model_2
19679,12141.5703125,4399.85430731182,9391.062517305967,2,0,Model_2
19680,8829.494140625,4527.964160894975,9385.791456638894,4,1,Model_2
19681,5314.93603515625,4455.143096244894,9386.902687584792,2,0,Model_2
19682,6850.67138671875,4279.519288629293,9396.714409942419,10,0,Model_2
19683,4479.29248046875,4596.643710470991,9402.182422207756,2,0,Model_2
19684,4017.827880859375,4746.611483558081,9015.297768106742,8,0,Model_2
19685,6677.4306640625,4766.628576255171,9024.095233892862,21,0,Model_2
19686,1064.1024169921875,4783.092445115792,9013.172633865746,1,0,Model_2
19687,4902.94677734375,4740.709237667266,9031.43525785183,7,0,Model_2
19688,5477.818359375,4774.367045735009,9041.750045816501,2,0,Model_2
19689,2808.836181640625,4800.65924496646,9037.55965768591,1,0,Model_2
19690,3039.412841796875,4693.680462793214,9040.185384599085,0,2,Model_2
19691,8110.30859375,4792.1884035312105,9056.523535344735,13,0,Model_2
19692,1386.1212158203125,4720.507555935532,9043.03226254457,0,0,Model_2
19693,11142.3310546875,4653.846517374273,9058.982692430858,1,4,Model_2
19694,4260.85498046875,4740.921906330623,9051.877067369554,13,0,Model_2
19695,5435.70654296875,4765.082355388906,9067.288044178626,8,0,Model_2
19696,5353.90234375,4786.116759224562,9085.922138309237,17,1,Model_2
19697,10905.953125,4610.947749529732,9088.069352325823,0,2,Model_2
19698,2996.87060546875,4802.124449199066,9083.116240427247,3,1,Model_2
19699,5250.3818359375,4752.664254671661,9087.217779540864,12,0,Model_2
19700,1007.5557250976562,4771.577495735139,9083.92418357564,2,0,Model_2
19701,685.99755859375,4684.8109826946165,9097.448840996498,0,3,Model_2
19702,18948.0859375,4782.569059249479,9118.80987573159,22,0,Model_2
19703,4096.7314453125,4733.66263182601,9115.613077502552,20,0,Model_2
19704,4656.68701171875,4750.721236429177,9131.240259474202,6,0,Model_2
19705,17964.24609375,4650.5768517556135,9140.498221060028,1,4,Model_2
19706,1471.903564453125,4763.456498854328,9140.601731047995,1,0,Model_2
19707,7837.93017578125,4776.360239051748,9153.125203124495,20,0,Model_2
19708,3810.486083984375,4719.498990910826,9161.37509047598,17,0,Model_2
19709,5262.5810546875,4743.251594870118,9168.684026110917,12,0,Model_2
19710,1948.573974609375,4645.514693117235,9170.291257135672,1,2,Model_2
19711,10129.662109375,4778.175748160575,9179.748466616424,16,0,Model_2
19712,5426.65478515625,4721.8480129651725,9183.6164900234,14,1,Model_2
19713,5937.88037109375,4705.285174921388,9208.821172093216,2,0,Model_2
19714,4288.74267578125,4777.542345388327,9215.243030664045,1,0,Model_2
19716,6574.31982421875,4750.247565315338,9226.65014928671,29,0,Model_2
19717,9122.7529296875,4719.562054994982,9234.548173334391,51,0,Model_2
19718,5385.2958984375,4608.271438688273,9235.514031037805,1,0,Model_2
19719,10223.4423828125,4683.648670194671,9242.368123295586,11,0,Model_2
19720,2225.6005859375,4701.9791438819375,9234.328258769514,11,0,Model_2
19721,5508.08251953125,4760.7019333099015,9245.325576757226,1,0,Model_2
19722,9473.5224609375,4742.522905488964,9258.987482063152,45,0,Model_2
19723,1478.236328125,4708.796969797462,9252.569686171031,5,0,Model_2
19724,7650.5615234375,4701.252756109694,9282.370141051273,11,0,Model_2
19725,4584.92529296875,4728.72199813812,9284.089007421411,12,0,Model_2
19726,4524.7763671875,4746.065081602661,9289.696917144887,12,0,Model_2
19727,9210.8193359375,4649.019122844795,9297.600416976915,10,0,Model_2
19728,8512.697265625,4724.034081108635,9311.444082995498,5,2,Model_2
19729,4117.25341796875,4673.516987769399,9304.284583281755,38,1,Model_2
19730,3761.669677734375,4655.996680418728,9314.712772973857,25,1,Model_2
19731,7091.43701171875,4704.951901951106,9322.013053336763,12,1,Model_2
19732,19253.6875,4673.33792259614,9335.168890186163,59,1,Model_2
19733,6850.31298828125,4621.042606212432,9347.605632904146,45,0,Model_2
19734,7985.24755859375,4648.9519158646,9358.666364007353,11,0,Model_2
19735,2271.599365234375,4674.947667868342,9375.495568962127,1,0,Model_2
19736,6195.34228515625,4629.716909875395,9375.84813881875,17,1,Model_2
19737,2682.071533203125,4617.031822524499,9391.474260961171,7,0,Model_2
19738,160.8335418701172,4644.473905567778,9387.27080160343,0,0,Model_2
19739,2511.4736328125,4660.012527646264,9398.795914546849,3,0,Model_2
19740,2905.81982421875,5308.662538284436,9045.954388365266,5,1,Model_2
19741,2871.587646484375,5300.052679670975,9062.27434537583,4,0,Model_2
19742,18163.19140625,5284.122323755873,9091.28487420456,4,2,Model_2
19743,2317.610595703125,5303.714999769814,9076.456803471068,6,0,Model_2
19745,16572.099609375,5269.234136355575,9129.666766346549,2,0,Model_2
19746,6930.36181640625,5290.028252220945,9174.103109593547,1,0,Model_2
19747,2909.760009765625,5279.120006949175,9190.480474020645,0,0,Model_2
19748,5131.1162109375,5281.226439424325,9226.18241132061,0,1,Model_2
19749,6251.62109375,5301.176785463002,9235.919945632253,0,0,Model_2
19750,3744.695068359375,5276.466251875041,9246.296203692167,0,1,Model_2
19751,6497.595703125,5295.882624646416,9266.99572835058,0,0,Model_2
19752,23041.724609375,5400.438272958389,9049.482383228155,1,38,Model_2
19753,1660.2291259765625,5535.000456962036,9020.682937054065,0,4,Model_2
19754,20471.349609375,5438.935443921946,9060.29794050321,0,26,Model_2
19755,15379.7744140625,5473.23586119758,9049.192519934208,2,14,Model_2
19756,13636.337890625,5512.653675725451,9058.17121651837,0,2,Model_2
19757,16595.734375,5331.934566303156,9062.516692992707,3,0,Model_2
19758,3002.550537109375,5359.278140485054,9056.290372914504,0,0,Model_2
19759,1414.8739013671875,5634.779806462349,9066.135479892822,0,1,Model_2
19760,7854.193359375,5376.713288306026,9086.588770893854,1,8,Model_2
19761,4640.35498046875,5472.432599687716,9078.831880771744,1,11,Model_2
19762,16347.482421875,5612.525549903978,9093.055672206887,1,4,Model_2
19763,5824.109375,5345.407264223322,9090.105637549845,0,0,Model_2
19764,4476.7001953125,5312.151317071402,9095.230265145205,19,4,Model_2
19765,12955.0712890625,5455.906127064722,9115.927846783365,1,19,Model_2
19766,2717.3564453125,5327.509953333065,9106.422415072724,1,0,Model_2
19767,3220.9521484375,5485.1232108999975,9113.179886232523,0,0,Model_2
19768,23697.75,5592.509838172235,9135.714681837984,0,0,Model_2
19769,10238.451171875,5383.405446375022,9135.18247092716,4,4,Model_2
19770,4142.20556640625,5306.61456667562,9125.555512131672,2,0,Model_2
19771,8375.3681640625,5333.391945065465,9136.785992549616,1,3,Model_2
19772,6758.40576171875,5426.986871422501,9133.108738403738,0,1,Model_2
19773,18484.046875,5527.7872146356385,9146.95046140207,0,9,Model_2
19774,857.5546875,5548.495250327745,9125.732503612802,0,1,Model_2
19775,10116.70703125,5487.120547112776,9135.789399798581,3,8,Model_2
19776,3401.890625,5314.957898977213,9141.178808062818,2,1,Model_2
19777,6894.02587890625,5294.012337245513,9151.061715616946,4,0,Model_2
19778,7557.3232421875,5436.414261521073,9162.756224598692,1,8,Model_2
19779,3172.118896484375,5467.342361420626,9152.233180190655,1,4,Model_2
19780,15592.41796875,5490.736374711618,9171.17868747619,1,5,Model_2
19781,5968.4296875,5267.26534009329,9165.637017079483,2,0,Model_2
19782,2884.82275390625,5314.859850437613,9157.402850528219,1,0,Model_2
19783,20842.0859375,5611.983751166379,9177.853845232588,1,17,Model_2
19784,4793.310546875,5367.444248900516,9170.166727201344,1,2,Model_2
19785,3565.819580078125,5319.544084892841,9170.702117599852,8,0,Model_2
19786,2062.932861328125,5578.098544138251,9176.124027293758,0,2,Model_2
19787,513.344482421875,5585.161261241883,9176.190089982323,0,1,Model_2
19788,24794.05078125,5418.9404466704,9200.54355254359,1,13,Model_2
19789,21160.3671875,5529.519865823677,9197.771569196906,1,14,Model_2
19790,2792.0166015625,5394.362485755701,9181.32019336203,0,1,Model_2
19791,3101.57763671875,5508.6668287701905,9186.610684231622,1,5,Model_2
19792,15356.7705078125,5567.089488396188,9204.203496145405,2,4,Model_2
19793,1527.1103515625,5319.4777985562105,9183.73960685209,1,1,Model_2
19794,4655.67529296875,5309.959725066554,9195.923580299117,3,0,Model_2
19795,18122.787109375,5377.94556971686,9220.639151180061,1,13,Model_2
19796,1187.3182373046875,5471.22333436599,9200.650065381036,0,3,Model_2
19797,5220.8681640625,5287.442164448788,9206.52469879364,1,0,Model_2
19798,14857.6630859375,5599.9182569342665,9223.450701484602,0,11,Model_2
19799,7092.25537109375,5345.621313852025,9217.870523959267,0,1,Model_2
19800,2128.276611328125,5453.3020867430605,9213.644984825936,0,0,Model_2
19801,8790.25,5481.952974786283,9232.487158761709,1,11,Model_2
19802,7115.0615234375,5543.843238397269,9229.096765060298,0,0,Model_2
19803,14676.310546875,5432.570574640064,9237.422253563404,2,27,Model_2
19804,4152.25341796875,5325.458299149992,9235.006372837437,4,1,Model_2
19805,10594.318359375,5575.766553989844,9246.01870507255,1,5,Model_2
19806,2488.08251953125,5355.837235163432,9239.678276714098,0,0,Model_2
19807,8500.28515625,5611.475095597096,9255.805168166902,0,8,Model_2
19808,909.8032836914062,5339.576828530524,9247.753468881114,1,0,Model_2
19809,5105.451171875,5538.74057144206,9250.965104719347,1,8,Model_2
19810,2540.1982421875,5326.549722095486,9251.24172014794,3,2,Model_2
19811,6291.25390625,5553.762252159184,9264.891967332354,0,3,Model_2
19812,2717.320068359375,5355.686249618884,9254.247572477674,1,0,Model_2
19813,2051.203369140625,5470.650694068987,9254.558279079778,0,1,Model_2
19814,6092.80322265625,5374.361964642769,9263.273078186088,0,0,Model_2
19815,800.9330444335938,5333.104704273399,9262.744929953973,0,0,Model_2
19816,4939.61181640625,5316.007892962312,9270.35733002462,3,1,Model_2
19817,9759.90625,5577.391489880858,9277.931046328435,0,1,Model_2
19818,16955.865234375,5621.034598047147,9284.046437614074,1,19,Model_2
19819,2986.537353515625,5355.337325708009,9272.961683715024,0,0,Model_2
19820,7960.9775390625,5391.324361993466,9285.404608770172,1,1,Model_2
19821,4336.62646484375,5339.767401748337,9281.333628065971,1,1,Model_2
19822,3628.947998046875,5506.72242956236,9283.399588508386,1,6,Model_2
19823,2672.611083984375,5367.079674049048,9285.915446458224,1,1,Model_2
19824,7789.62548828125,5324.899008184671,9303.176001908927,2,0,Model_2
19825,2622.15625,5355.225467514945,9296.521687460685,1,0,Model_2
19826,10814.6337890625,5479.916971543804,9306.85943839197,1,0,Model_2
19827,5105.1572265625,5632.845994655509,9307.400657851234,0,3,Model_2
19828,7212.18798828125,5590.104196538683,9301.586434704644,0,3,Model_2
19829,10065.966796875,5415.248665977502,9307.724435680488,0,9,Model_2
19830,8295.439453125,5378.532940310892,9308.840435857914,0,0,Model_2
19831,7192.76953125,5556.961948866956,9319.0734403338,1,5,Model_2
19832,13545.283203125,5506.714143770281,9325.081082314558,0,8,Model_2
19833,8875.365234375,5592.95911223162,9322.71713322078,0,11,Model_2
19834,11070.0703125,5361.193539420608,9334.96187021023,3,1,Model_2
19835,7462.70068359375,5535.7240828035865,9330.66373277476,2,5,Model_2
19836,8647.46484375,5392.681390607264,9334.374194903125,0,2,Model_2
19837,3622.0859375,5463.707200306933,9333.979231877369,0,0,Model_2
19838,6028.75927734375,5335.639696327737,9337.000981645528,1,0,Model_2
19839,1416.4461669921875,5416.874982833862,9338.372930581594,0,0,Model_2
19840,10071.4951171875,5560.028152257903,9350.894989552457,2,10,Model_2
19841,9878.3232421875,5597.523663023487,9349.239359659608,0,20,Model_2
19842,1122.8104248046875,5491.480715033365,9340.611643188226,0,11,Model_2
19843,9117.6533203125,5412.473846274661,9356.332266770172,0,0,Model_2
19844,1090.126708984375,5492.49342295411,9357.325856671727,0,2,Model_2
19845,5742.7841796875,5363.290305138333,9362.510717894897,2,0,Model_2
19846,7613.91748046875,5452.6797316935845,9367.140228602424,0,1,Model_2
19847,7202.2373046875,5628.179252428003,9367.256986455744,0,7,Model_2
19848,8214.0009765625,5577.8421449055895,9373.759568686131,0,10,Model_2
19849,8365.1904296875,5432.049950704444,9379.373837384977,0,0,Model_2
19850,4811.16845703125,5890.424111400964,9018.772418231805,2,16,Model_2
19851,30160.306640625,5847.123942962382,9064.35019755771,0,0,Model_2
19852,3192.38525390625,5885.544240188319,9038.651811705698,0,5,Model_2
19853,4453.8828125,5769.454308980843,9039.420894449053,1,8,Model_2
19854,3843.132568359375,5737.333975665504,9055.446395572348,0,2,Model_2
19855,3989.29736328125,5958.719752610661,9057.632646632177,0,0,Model_2
19856,1883.7396240234375,5890.07979070791,9058.716498656344,0,2,Model_2
19857,10364.32421875,5951.716417016927,9077.092701008063,2,10,Model_2
19858,5245.85888671875,5888.781683282228,9074.03597687537,0,3,Model_2
19859,251.08042907714844,5685.614061509492,9071.342244253377,0,1,Model_2
19860,9940.9736328125,5906.505913182395,9090.429062102688,0,16,Model_2
19861,965.9764404296875,5684.592607474886,9088.050628676123,0,1,Model_2
19862,6017.90576171875,5873.57771513937,9097.898561865717,0,3,Model_2
19863,20803.865234375,5922.019217562862,9122.660588594503,5,21,Model_2
19864,842.0120849609375,5692.442935147788,9096.851273949927,0,1,Model_2
19865,8012.9404296875,5805.158247370273,9118.730918454079,2,13,Model_2
19866,5739.427734375,5889.814645361388,9116.825168863346,0,9,Model_2
19867,1976.177734375,5645.7962273529265,9116.795493644953,0,1,Model_2
19868,18504.939453125,5860.123430090491,9134.11981548756,1,23,Model_2
19869,5392.189453125,5828.00908095832,9131.331228149633,0,6,Model_2
19870,6309.0078125,5950.123243328882,9144.282164681557,0,1,Model_2
19871,16422.62109375,5812.174932295689,9152.762388251998,0,31,Model_2
19872,4603.83935546875,5777.444574475521,9148.85197167589,0,3,Model_2
19873,8208.9296875,5885.49958897545,9156.138827535236,0,6,Model_2
19874,18684.48046875,5692.809351286385,9179.777788558407,3,35,Model_2
19875,7190.162109375,5914.932563726557,9155.732383026174,1,2,Model_2
19876,7118.7685546875,5941.070094839204,9170.007046264276,0,0,Model_2
19877,7041.44091796875,5963.122270135209,9168.403348003616,2,2,Model_2
19878,4189.33154296875,5770.663574302569,9169.605194348536,0,1,Model_2
19879,15108.38671875,5856.877701204503,9178.017588848365,0,32,Model_2
19880,3458.869873046875,5792.971228187671,9172.57925180142,0,6,Model_2
19881,5840.48828125,5907.353825905127,9174.716397440337,0,7,Model_2
19882,800.2454223632812,5664.4351166342385,9174.39880194825,0,1,Model_2
19883,9091.0361328125,5728.535845443141,9184.68515116196,0,7,Model_2
19884,14448.1025390625,5812.456188904587,9198.27834420625,1,22,Model_2
19885,1260.40380859375,5829.372554077068,9179.234449440686,0,6,Model_2
19886,7006.9697265625,5934.14777587913,9192.234668031728,0,0,Model_2
19887,6370.3251953125,5876.05332568381,9194.130172606587,1,8,Model_2
19888,8792.3056640625,5780.31053789123,9195.50459447752,2,11,Model_2
19889,5550.4931640625,5755.432907496346,9195.18134656288,3,15,Model_2
19890,7327.0224609375,5974.3923283277545,9196.888024896893,1,0,Model_2
19891,9819.0390625,5906.271609395277,9200.83800843086,1,8,Model_2
19892,4182.89892578125,5663.681569876848,9207.193980951328,0,17,Model_2
19893,8436.658203125,5839.545205140952,9209.16667642165,1,10,Model_2
19894,14136.6669921875,5643.612921140157,9226.537100835689,1,16,Model_2
19895,8569.591796875,5726.150918289786,9209.85291584699,0,7,Model_2
19896,5789.5107421875,5883.124788901303,9214.207754146177,2,2,Model_2
19897,12996.57421875,5695.276215716964,9221.028108506856,1,23,Model_2
19898,13073.734375,5793.957237445051,9227.920177978653,1,16,Model_2
19899,3851.252197265625,5861.8574622438755,9218.832318983972,0,3,Model_2
19900,10302.880859375,5761.26242254558,9226.062650617809,2,19,Model_2
19901,5914.94970703125,5923.172783948947,9225.005117686145,0,0,Model_2
19902,3169.267822265625,5968.366716199322,9219.906279268675,0,0,Model_2
19903,15928.28125,5728.38624086394,9241.40367869781,0,24,Model_2
19904,8248.703125,5951.534129591193,9236.884390230029,3,0,Model_2
19905,5720.28466796875,5903.974603702314,9234.740355701128,0,0,Model_2
19906,11646.6162109375,5677.642669207882,9247.08506991445,1,21,Model_2
19907,6759.25927734375,5839.874795536976,9234.201432538524,0,13,Model_2
19908,8568.109375,5876.954175411491,9240.997940741567,1,3,Model_2
19909,11734.283203125,5815.45334402821,9261.126217445912,1,5,Model_2
19910,7029.46728515625,5924.623718206305,9252.19132713652,3,0,Model_2
19911,10489.7119140625,5849.416345437523,9256.554114154918,0,8,Model_2
19912,14682.166015625,5779.1859717774205,9261.366092127922,2,20,Model_2
19913,4997.9091796875,5640.564670298714,9255.777082692352,0,5,Model_2
19914,6333.2197265625,5657.093444530619,9266.062725353244,0,3,Model_2
19915,6644.73388671875,5897.6530046679545,9258.91929971613,0,1,Model_2
19916,12232.970703125,5736.964337274432,9269.394121894278,0,13,Model_2
19917,10116.689453125,5683.595090172952,9281.408522664773,0,17,Model_2
19918,1787.8720703125,5707.697078364901,9263.623175107845,0,0,Model_2
19919,6346.86279296875,5865.10042919917,9277.045382369964,1,1,Model_2
19920,7371.49267578125,5890.638621351449,9281.936847535093,2,0,Model_2
19921,5552.23193359375,5929.243047290249,9278.020425260023,0,0,Model_2
19922,8474.548828125,5707.541949924314,9285.621873761978,0,10,Model_2
19923,11925.5185546875,5835.51324665104,9290.07792575247,0,6,Model_2
19924,6162.5263671875,5913.709949073149,9288.70544690179,0,2,Model_2
19925,14359.0078125,5766.4617570750415,9291.990034318573,3,10,Model_2
19926,10604.24609375,5803.13651410304,9300.275072672797,0,1,Model_2
19927,10162.8505859375,5870.605877713766,9303.504195693298,1,1,Model_2
19928,6353.54638671875,5658.462901832536,9302.461147094422,0,3,Model_2
19929,9592.3603515625,5955.718454590999,9304.314965052967,4,0,Model_2
19930,13824.3798828125,5725.437879849225,9310.354048634166,0,29,Model_2
19931,6327.6044921875,5920.808571275789,9310.046698157952,1,0,Model_2
19932,11217.9619140625,5900.926352860872,9323.524723092763,1,1,Model_2
19933,3118.322021484375,5698.424356385134,9319.5224546502,0,3,Model_2
19934,6408.888671875,5757.333576134872,9320.160295207446,1,6,Model_2
19935,4786.306640625,5834.323314844165,9320.017748176237,0,1,Model_2
19936,5052.14111328125,5853.86995867989,9321.829526242058,0,0,Model_2
19937,5947.16845703125,5779.948264648672,9321.14787941004,0,1,Model_2
19938,14605.8740234375,5630.482702625915,9335.488781974913,3,25,Model_2
19939,1676.50830078125,5660.423412302742,9321.124739805222,0,1,Model_2
19940,9185.3818359375,5808.809519746341,9328.891168390386,1,2,Model_2
19941,8485.9248046875,5876.508583926363,9339.985990667104,0,0,Model_2
19943,28047.115234375,5725.125321359141,9351.837884289256,3,67,Model_2
19944,10322.8349609375,5771.453026158968,9347.278145672593,1,27,Model_2
19945,14988.126953125,5847.4424856356345,9351.45899534013,2,6,Model_2
19946,3090.55224609375,5655.129711807938,9346.507826461806,0,1,Model_2
19947,14377.65625,5910.990367984166,9358.528762845875,1,0,Model_2
19948,8731.8046875,5812.026708681835,9355.56212419759,0,1,Model_2
19949,3673.281982421875,5664.424529233249,9357.542945025329,0,2,Model_2
19950,1247.3240966796875,5885.679574792273,9367.362969378577,0,0,Model_2
19951,1100.9310302734375,5670.41561722802,9366.753744210495,0,3,Model_2
19952,13901.0458984375,5607.225404904224,9391.52283646747,0,11,Model_2
19953,3066.449951171875,5678.63466264843,9372.915238067566,1,5,Model_2
19954,10175.7041015625,5766.547837248305,9382.072515876702,2,9,Model_2
19955,6161.6689453125,5809.215983879985,9382.30108571361,1,0,Model_2
19956,3229.21533203125,5859.141103407368,9383.17403172134,0,0,Model_2
19957,3503.486328125,5985.281240084674,9027.007291335889,2,0,Model_2
19958,8810.1708984375,6008.264646345982,9031.476944468144,10,0,Model_2
19959,5160.87158203125,6090.874453693628,9042.580068740484,13,0,Model_2
19960,3621.43115234375,5975.85753256036,9052.59828115943,0,0,Model_2
19961,11804.583984375,6113.878114113351,9058.737165326296,30,3,Model_2
19962,6957.43505859375,5992.545117807109,9058.104094000577,0,2,Model_2
19963,10884.6201171875,6015.478809315944,9067.104693722125,10,0,Model_2
19964,3949.187744140625,6038.761885057436,9059.876835023155,1,0,Model_2
19965,14073.458984375,6088.025982505642,9086.554679720342,17,0,Model_2
19966,3755.200927734375,6044.255825527478,9084.57633182747,6,2,Model_2
19967,5003.16796875,5985.222318896558,9081.276730163285,1,0,Model_2
19968,4782.98193359375,6064.592381541384,9083.261966946142,7,0,Model_2
19969,5920.02587890625,6022.684226172045,9093.236019813907,3,0,Model_2
19970,11855.4658203125,6115.131570326164,9098.979940955018,36,1,Model_2
19971,3478.544189453125,5995.902704886161,9095.24545603081,0,0,Model_2
19972,8788.1328125,6003.876398796681,9118.269716101553,1,0,Model_2
19973,8888.8359375,6063.454466095893,9111.994643878847,20,0,Model_2
19974,5767.56103515625,6038.751297656447,9107.185492117118,4,0,Model_2
19975,4633.2001953125,5975.365908897016,9111.51807400251,0,1,Model_2
19976,9893.8740234375,5962.879680556012,9125.135466480846,0,2,Model_2
19978,6790.4501953125,6028.485201270785,9129.99460685451,4,0,Model_2
19979,425.6493835449219,6091.947924089618,9122.097995912467,0,0,Model_2
19980,8927.1591796875,6116.43243968254,9141.933053196975,12,0,Model_2
19981,3211.667236328125,6049.538017977728,9132.578647151371,15,0,Model_2
19982,1064.7794189453125,6094.110976143973,9132.016054469335,0,0,Model_2
19983,4504.9814453125,5986.600522312336,9135.952790137948,0,2,Model_2
19984,3716.78515625,6074.542697184486,9133.56269858987,13,0,Model_2
19985,5210.568359375,6013.432218672475,9149.790980372185,6,1,Model_2
19986,4506.9580078125,6057.018707259558,9150.995299651971,18,1,Model_2
19987,2020.13671875,6081.105044510914,9145.367253173157,10,0,Model_2
19988,4845.6875,6096.795112455729,9157.344736558865,22,1,Model_2
19989,912.1210327148438,6037.455952161457,9147.220894493497,0,0,Model_2
19990,13230.650390625,5990.697386173531,9170.984032174587,1,1,Model_2
19991,6076.39697265625,6074.357187506277,9162.186213112058,3,0,Model_2
19992,2782.970458984375,6030.982907260768,9167.831923411344,7,0,Model_2
19993,1595.6038818359375,6014.030636989279,9167.699974672418,1,1,Model_2
19994,7108.29052734375,6108.915845301701,9179.069116081067,8,2,Model_2
19996,7003.87548828125,6057.625871690223,9181.950261838268,44,0,Model_2
19997,6986.3076171875,6010.6426686726045,9193.582417533748,0,1,Model_2
19998,9931.716796875,6079.02761230804,9195.30146054209,39,0,Model_2
19999,3337.625244140625,6023.8925708502065,9193.547619807418,0,0,Model_2
20000,2517.627685546875,6035.088977557607,9185.542906284085,2,0,Model_2
20001,7554.77490234375,6097.265561317094,9209.577006971216,21,1,Model_2
20002,4461.54443359375,6044.3658424334135,9202.792863442504,8,0,Model_2
20003,3247.817626953125,5957.454328031512,9205.577034825314,0,0,Model_2
20004,1498.7010498046875,6060.247404239606,9203.442538759467,13,0,Model_2
20005,4752.12890625,5940.812774962978,9212.561662716384,0,0,Model_2
20006,5158.27783203125,5994.159005975351,9215.957002287527,1,1,Model_2
20007,7007.63330078125,6030.87657292909,9220.7566155862,2,0,Model_2
20009,5100.09375,6056.9786592645105,9223.336239927943,38,0,Model_2
20010,1855.536865234375,6007.696609266801,9223.72113457603,0,0,Model_2
20011,6295.849609375,5978.765385258244,9236.420185028022,1,0,Model_2
20012,4192.62646484375,6088.841672703624,9231.497454900658,21,0,Model_2
20013,1268.004150390625,6073.797896540957,9227.499425775008,1,0,Model_2
20014,4287.916015625,6016.644804390147,9236.780703603858,2,0,Model_2
20015,8486.6650390625,6053.848471145844,9247.935759508386,23,0,Model_2
20016,7557.845703125,6029.8831985231955,9258.827447849675,8,1,Model_2
20017,2446.291748046875,6079.7650478030555,9249.311241208547,4,0,Model_2
20018,3410.05859375,6093.7192423073575,9253.245327304088,0,0,Model_2
20019,2882.38232421875,6066.881101442268,9259.027402297419,4,0,Model_2
20020,1856.5474853515625,5982.037352485815,9252.859372826773,0,0,Model_2
20021,2085.971923828125,6015.194790776353,9253.2345523736,0,0,Model_2
20022,14281.451171875,6111.375804905547,9269.95318181222,0,0,Model_2
20023,3515.954345703125,5943.173765383661,9262.127756066679,2,0,Model_2
20024,13356.5263671875,5963.47671790747,9276.019291038741,2,0,Model_2
20025,7803.95263671875,6001.850982955191,9272.852521304507,0,0,Model_2
20026,4928.42041015625,5984.9475067926105,9271.747472695773,2,0,Model_2
20027,9355.814453125,6059.270601417869,9286.666335466492,18,0,Model_2
20028,5151.62890625,6044.1623802057,9277.836368250704,45,0,Model_2
20029,5405.84130859375,6022.382715404732,9289.616723399944,2,0,Model_2
20030,23922.583984375,6063.358258843422,9320.438853656291,5,0,Model_2
20031,13790.9599609375,6097.494801564608,9314.333354110116,0,0,Model_2
20032,6858.84814453125,6001.055546915624,9304.254024872338,1,0,Model_2
20033,2850.068359375,5980.369146347279,9307.80869210414,1,0,Model_2
20034,7810.27392578125,6025.076518473914,9315.473377083385,5,0,Model_2
20035,11095.3603515625,5942.033548329258,9328.557675459873,1,2,Model_2
20036,8735.7041015625,5982.300656545209,9333.031037994428,1,0,Model_2
20037,3159.40087890625,6014.174717707094,9330.332536140908,1,0,Model_2
20038,8249.505859375,6001.688029044308,9348.349103107816,3,1,Model_2
20039,4713.8232421875,6035.390948646702,9341.061717333854,10,0,Model_2
20040,17864.85546875,1212.3314995515393,9396.810147849377,5,3,Model_2
20041,8223.6669921875,1162.6357353521162,9402.076262646719,1,2,Model_2
20042,7668.26513671875,1186.4425422012573,9405.461533840193,2,1,Model_2
20043,13368.4736328125,1171.1219975670683,9442.30932317418,1,6,Model_2
20044,12909.9658203125,1206.3477767052827,9442.766992762612,3,4,Model_2
20045,20604.208984375,1246.3668865610962,9448.060839758095,5,7,Model_2
20046,8746.142578125,1245.8126591353794,9484.016429520037,1,6,Model_2
20047,7820.03076171875,1267.1417839920614,9495.179080867369,2,2,Model_2
20048,10143.51171875,1170.8042604569346,9512.882115020897,1,0,Model_2
20049,8234.6552734375,1248.1968958060606,9523.96439598508,0,2,Model_2
20050,8181.77001953125,1194.906708970666,9530.773622138862,0,3,Model_2
20051,18160.05078125,1236.7297048103064,9562.850943477955,4,1,Model_2
20052,14654.767578125,1204.8019010803546,9574.857748805647,8,5,Model_2
20053,17695.361328125,1254.1116854654392,9599.06513157161,2,6,Model_2
20054,18408.18359375,1200.1924689147272,9640.569280620242,4,0,Model_2
20055,9373.5810546875,1228.352884099062,9633.893946225639,0,2,Model_2
20056,9910.9697265625,1166.1010377281928,9651.400205419108,3,2,Model_2
20057,14133.7607421875,1166.59024470218,9684.604301866115,2,3,Model_2
20058,23401.603515625,1293.4183322829194,9390.055326262649,8,12,Model_2
20059,4753.37939453125,1487.1343970635207,9372.32720948405,2,3,Model_2
20060,26276.705078125,1398.185038132011,9390.670557129692,12,3,Model_2
20061,8766.2392578125,1360.4071199530736,9378.881370070216,0,2,Model_2
20062,9444.9716796875,1439.8651040582918,9383.376105827541,10,8,Model_2
20063,7434.41259765625,1580.297081267112,9387.22964490173,1,4,Model_2
20064,8320.3388671875,1328.2955327515956,9391.036904766283,0,4,Model_2
20065,16830.65625,1463.5723663220415,9404.846126334945,7,10,Model_2
20066,18709.1484375,1349.5897882332793,9421.436693075142,4,2,Model_2
20067,23118.7890625,1424.577242270636,9428.96413016932,3,5,Model_2
20068,4258.7490234375,1295.7893347023637,9430.262244335812,0,3,Model_2
20069,34404.76171875,1469.473691569292,9456.051775501459,6,11,Model_2
20070,13309.5205078125,1315.4058323685313,9451.936281969669,2,3,Model_2
20071,4128.51220703125,1512.3305701316567,9444.709483099927,1,1,Model_2
20072,8569.4775390625,1377.5908170005423,9459.023889934091,3,2,Model_2
20073,5924.69384765625,1396.6217853598064,9453.774025851584,1,3,Model_2
20074,8106.2099609375,1281.8704698948422,9460.023132258197,1,0,Model_2
20075,12381.7685546875,1553.4011700183619,9466.834124794026,2,3,Model_2
20076,26733.26953125,1357.6199866425595,9487.312851696537,2,10,Model_2
20077,9731.6845703125,1513.6388046365464,9471.798718175909,2,8,Model_2
20078,21730.232421875,1414.1090646226075,9486.179187698639,6,10,Model_2
20079,18402.240234375,1300.9043152652448,9490.679045963901,2,4,Model_2
20080,23517.25,1530.9754435961368,9501.838694461752,4,7,Model_2
20081,17582.77734375,1600.0512151461444,9517.83699330152,7,3,Model_2
20082,15341.44140625,1470.499863902165,9497.732032840198,2,2,Model_2
20083,15160.11328125,1572.3109586684732,9503.98219907604,3,5,Model_2
20084,10551.3525390625,1398.085608627065,9520.882942503726,6,8,Model_2
20085,32042.947265625,1494.685860819358,9531.696733396733,7,11,Model_2
20086,13329.7607421875,1433.7791897763964,9526.166897759744,3,1,Model_2
20087,28743.88671875,1321.8255950229359,9537.68406198395,10,11,Model_2
20088,5811.5693359375,1362.3439238514984,9522.951552519211,0,1,Model_2
20089,11449.7568359375,1560.5104947024374,9541.99491737016,1,1,Model_2
20090,32350.765625,1396.739282494702,9557.810572306247,11,8,Model_2
20091,13789.5966796875,1278.5303750435123,9563.147872300091,2,8,Model_2
20092,10188.8662109375,1531.0093923275708,9562.377729727508,4,1,Model_2
20093,6451.93408203125,1341.1983523054514,9563.754624533307,1,2,Model_2
20094,19454.966796875,1362.5082587277284,9588.32870821227,3,5,Model_2
20095,16197.962890625,1584.2323721827706,9581.854564732843,8,2,Model_2
20096,7606.65625,1325.3371597381192,9598.362288155025,1,0,Model_2
20097,14253.384765625,1401.9022516033729,9603.856442874661,5,3,Model_2
20098,40197.57421875,1408.3804751241114,9646.041002287879,2,1,Model_2
20099,9713.666015625,1696.4863268990885,9366.862729982808,0,1,Model_2
20100,14053.3974609375,1664.283480904298,9374.820987658299,3,7,Model_2
20101,20971.517578125,1830.354460735689,9389.082049754637,4,8,Model_2
20102,29725.111328125,1606.879283221322,9402.429715694365,10,10,Model_2
20103,13251.8115234375,1645.6956873408053,9401.312125773096,4,11,Model_2
20104,3800.71630859375,1888.1961942726048,9394.65092243487,2,0,Model_2
20105,34318.13671875,1774.945757978363,9437.886832442586,10,4,Model_2
20106,5600.29296875,1805.4775208234787,9408.371824901173,1,0,Model_2
20107,71685.3046875,1852.0680693609174,9444.739334956525,15,8,Model_2
20108,18027.369140625,1912.8984420684865,9448.39592243245,19,20,Model_2
20109,51544.09375,1644.6439671490225,9468.510774633236,10,14,Model_2
20110,8333.2646484375,1738.51232464466,9459.026186230753,1,1,Model_2
20111,1952.680908203125,1689.6498579513864,9461.492408845064,0,1,Model_2
20112,12370.0966796875,1798.9552214920986,9484.981050756018,4,7,Model_2
20113,14218.98828125,1913.9753648778424,9483.16344362944,4,5,Model_2
20114,33861.38671875,1694.895339739509,9502.21352073217,8,23,Model_2
20115,51184.65625,1761.1448506275192,9516.263146897458,13,13,Model_2
20116,13676.01953125,1835.0000281612156,9498.408027249665,3,6,Model_2
20117,44942.8046875,1875.3985582459718,9524.839108374857,9,19,Model_2
20118,7595.78271484375,1628.4236085111625,9511.739442474558,2,4,Model_2
20119,6035.5126953125,1808.7177258480806,9517.124081507267,1,0,Model_2
20120,20297.28125,1820.424629411893,9550.607619594142,7,8,Model_2
20121,3757.533935546875,1664.9748842210975,9529.442123351677,1,0,Model_2
20122,54744.5546875,1739.5748623983236,9567.498118005955,15,9,Model_2
20123,35209.0234375,1667.4031967024202,9568.277975679797,8,5,Model_2
20124,10769.6318359375,1616.9760962715955,9570.470055800382,1,2,Model_2
20125,7630.0595703125,2001.6254655792145,9387.384026692656,3,1,Model_2
20126,1676.783935546875,2650.7199168980587,9364.3816697593,7,0,Model_2
20127,17548.841796875,2776.250357374898,9385.646260034613,3,5,Model_2
20128,11426.2607421875,2740.6147767701186,9378.847808811319,8,1,Model_2
20129,10017.2001953125,2820.149864773848,9390.165548502395,4,1,Model_2
20130,2314.093505859375,2803.322111544432,9374.954702779272,1,0,Model_2
20131,4582.14404296875,2667.320041006198,9385.018487855035,50,0,Model_2
20132,1179.5416259765625,2719.984075137414,9390.508403257758,8,0,Model_2
20133,10369.9931640625,2840.1961879041046,9407.869642485151,2,1,Model_2
20134,6857.8349609375,2703.911019469844,9406.637591007224,58,1,Model_2
20135,4658.70751953125,2726.737456003437,9404.092411115402,16,0,Model_2
20136,6151.380859375,2664.4299106969265,9405.17255373727,22,2,Model_2
20137,6951.25048828125,2776.4892643798376,9409.69290203428,0,3,Model_2
20138,4555.03076171875,2862.9701477545314,9411.681318304822,1,1,Model_2
20139,5500.78662109375,2896.4640812678263,9415.65903403693,2,0,Model_2
20140,2686.400146484375,2686.8404465003405,9405.996217685883,14,0,Model_2
20141,8059.6279296875,2753.2975625121035,9422.413325709043,49,0,Model_2
20142,4691.67431640625,2811.936113053933,9422.322710310022,1,0,Model_2
20143,5021.35205078125,2733.8259511268698,9426.055252213977,28,1,Model_2
20144,7987.92431640625,2674.913509124657,9428.054266776802,10,2,Model_2
20145,4808.01025390625,2712.8967308184365,9427.85060292676,25,0,Model_2
20146,5261.74267578125,2783.9536122384015,9433.462222052534,2,0,Model_2
20147,2789.7294921875,2691.4429738392355,9436.344074362554,14,1,Model_2
20148,4298.41552734375,2866.247869004379,9435.9454019345,1,0,Model_2
20149,7004.4697265625,2888.236289733555,9445.490577241202,1,3,Model_2
20150,14258.18359375,2817.833525566035,9449.233187522826,12,2,Model_2
20151,3874.886962890625,2956.9549666610546,9448.233768560516,1,2,Model_2
20152,7040.7373046875,2703.285212007002,9454.355872097934,24,0,Model_2
20153,3463.717041015625,2720.9664018205367,9447.247420825355,12,0,Model_2
20154,5166.09716796875,2739.3047009781003,9450.226600786176,24,0,Model_2
20155,6069.8134765625,2917.10099724459,9449.765221795446,0,2,Model_2
20156,8898.568359375,2756.057651917916,9467.364216046393,63,0,Model_2
20157,11033.4892578125,2855.219479747466,9472.315031648308,14,2,Model_2
20158,5622.17236328125,2780.978552560322,9466.936928229174,21,3,Model_2
20159,6071.0029296875,2727.1057134291623,9473.260929234588,6,1,Model_2
20160,2748.8037109375,2809.271770578809,9469.753777679856,16,0,Model_2
20161,7267.37939453125,2894.722453805036,9478.569437201062,3,1,Model_2
20162,2927.385498046875,2789.7179917554604,9476.943835803017,25,0,Model_2
20163,8958.302734375,2798.563535121386,9495.83016928997,39,0,Model_2
20164,12202.150390625,2827.996049550711,9491.536447809616,21,0,Model_2
20165,7344.2646484375,2874.0514740163926,9493.693023651052,23,2,Model_2
20166,6050.85693359375,2740.260328997858,9492.469627445156,6,0,Model_2
20167,5230.16357421875,2771.818149095401,9493.855530799396,18,0,Model_2
20168,18653.83203125,2918.39864434849,9506.889487287539,16,2,Model_2
20169,1159.2767333984375,2952.996889817179,9496.313098141676,5,5,Model_2
20170,12076.7138671875,2766.5644965956453,9515.954736592015,7,0,Model_2
20171,4417.64306640625,2846.4220400077756,9514.700075423883,22,0,Model_2
20172,3700.36962890625,2810.4674564079614,9516.516269444823,31,0,Model_2
20173,11022.01171875,2887.4560443127993,9528.093843935043,55,2,Model_2
20174,3197.0693359375,2860.855889809085,9522.236521066501,27,2,Model_2
20175,6278.33203125,2827.4243298972724,9528.6085676636,52,2,Model_2
20176,7321.904296875,2794.8851037601708,9534.247742349311,20,0,Model_2
20177,10401.759765625,2923.0734422071837,9540.466113708302,34,2,Model_2
20178,3807.436279296875,2846.6268832008354,9541.927441575957,26,0,Model_2
20179,4183.07373046875,2866.7869058112847,9540.301840177912,24,1,Model_2
20180,11564.7509765625,2828.946383869974,9555.91100505268,37,1,Model_2
20181,7105.9521484375,2861.48653065064,9564.958237260274,36,0,Model_2
20182,12488.732421875,2885.358818273293,9567.836733444405,47,0,Model_2
20183,11897.849609375,2926.317559966934,9570.751263822298,33,0,Model_2
20184,2235.9072265625,2902.7083462427836,9587.099836222027,7,1,Model_2
20185,4654.7490234375,2915.636713655549,9591.176469348778,11,2,Model_2
20186,3036.670166015625,2890.3528492879122,9588.517357814912,18,0,Model_2
20187,6001.73583984375,2933.544611946796,9606.300232436974,15,2,Model_2
20188,9294.5126953125,3055.818045653985,9362.048279074937,1,8,Model_2
20189,5995.5751953125,3079.7598418657435,9357.880323996345,1,4,Model_2
20190,1815.5504150390625,3137.338961825939,9349.751433815094,0,2,Model_2
20191,4010.83154296875,3156.556245426531,9353.095548306868,2,1,Model_2
20192,3712.29052734375,3176.742506378563,9354.386950221582,2,5,Model_2
20193,619.0721435546875,3257.0932845802745,9350.99125737403,1,0,Model_2
20194,7315.89794921875,2966.1066240121145,9369.52767057743,0,1,Model_2
20195,8145.283203125,3212.7212568719406,9368.20235412741,8,0,Model_2
20196,3891.08740234375,3129.2573224575026,9374.600189902398,0,4,Model_2
20197,8686.1298828125,3112.5695070498623,9389.949343339817,1,1,Model_2
20198,11565.701171875,3088.4831697985064,9386.012784309409,5,10,Model_2
20199,7865.65478515625,2936.653395102592,9395.279047890857,1,5,Model_2
20200,4898.39404296875,3162.606484770309,9401.143612925793,1,0,Model_2
20201,17214.27734375,3181.0170544476714,9414.595142129896,5,3,Model_2
20202,1219.468017578125,3211.844804198714,9394.700734408601,2,0,Model_2
20203,3910.437744140625,3291.5467588484753,9402.581271274015,40,2,Model_2
20204,1066.664306640625,3135.181663793861,9409.565015974062,0,0,Model_2
20205,11838.779296875,3080.7672560859937,9422.825422640657,4,0,Model_2
20206,4265.99267578125,3272.3103718939237,9415.680583897905,15,0,Model_2
20207,4527.515625,3119.8589326312067,9419.559735511779,0,3,Model_2
20208,3935.78759765625,3243.378227241803,9421.992220228989,4,0,Model_2
20209,528.6880493164062,3226.177843529731,9414.526959782874,0,0,Model_2
20210,5693.7880859375,3209.8451663770247,9428.097896413368,2,1,Model_2
20211,4540.61767578125,3131.2976987569127,9430.508654631398,1,0,Model_2
20212,11388.771484375,3241.9744759671157,9441.601180611455,29,1,Model_2
20213,7095.47119140625,3147.4678823205177,9442.350656514085,4,2,Model_2
20214,9712.44140625,3183.370449558948,9446.200132909566,8,2,Model_2
20215,20175.236328125,3046.953859255882,9455.845108801936,7,2,Model_2
20216,2256.43798828125,2973.467169308802,9444.368041450201,1,4,Model_2
20217,4569.23583984375,2994.6336854959372,9448.095637484425,1,3,Model_2
20218,4091.702880859375,3017.8428795913933,9450.099774555187,3,3,Model_2
20219,6177.744140625,2942.132605275605,9456.199445040605,6,2,Model_2
20220,4315.03515625,3079.8212948236614,9454.77927387465,1,0,Model_2
20221,6766.43701171875,3160.4379088545684,9463.441611434158,4,1,Model_2
20222,5437.69189453125,3132.317541665281,9462.063833437336,2,1,Model_2
20223,5319.2783203125,3100.0425402311375,9458.522943985503,2,2,Model_2
20224,4167.03369140625,2975.1942966354545,9460.459075347448,3,1,Model_2
20225,4565.82958984375,3208.084895882057,9458.006630513104,4,0,Model_2
20226,3175.375244140625,3116.0598969630664,9467.249047936915,0,0,Model_2
20227,5420.01416015625,3240.190038578585,9464.688147244873,37,0,Model_2
20228,9009.6083984375,3002.71670582972,9472.419954741912,5,2,Model_2
20229,13110.9384765625,2933.218013642356,9477.748246187315,9,8,Model_2
20230,4717.80322265625,3215.8208335920935,9471.908233862836,30,1,Model_2
20231,9720.96484375,3184.4303404623643,9481.648241109346,40,0,Model_2
20232,13757.275390625,2975.7190634671133,9490.209718253958,2,1,Model_2
20233,4203.3798828125,3018.951794764609,9483.160264141756,0,0,Model_2
20234,21758.701171875,3099.6227267658105,9499.283976106875,14,5,Model_2
20235,7832.2275390625,3060.165554725565,9490.165911979188,0,1,Model_2
20236,9589.0712890625,3146.025233855238,9489.322464551646,8,1,Model_2
20237,2959.811767578125,3232.0766370071797,9483.061876661726,33,0,Model_2
20238,2406.48095703125,3126.1660315294284,9483.288856754793,1,0,Model_2
20239,4604.2265625,3254.6487457561307,9489.625752349151,20,0,Model_2
20240,11158.2724609375,3211.698191711097,9506.267720806922,71,0,Model_2
20241,2625.9990234375,3217.454515596968,9489.570287952869,18,1,Model_2
20242,783.2855224609375,3040.2283278576797,9489.005928888786,0,0,Model_2
20243,6800.357421875,3024.3014243559446,9502.894284373164,1,4,Model_2
20244,3234.474853515625,3239.157536821207,9499.186295179665,12,0,Model_2
20245,6336.02490234375,3165.455646440969,9504.25651820797,49,1,Model_2
20246,6276.38720703125,3045.5194965826813,9513.680166429825,0,0,Model_2
20247,7167.40283203125,3004.436237846967,9514.4836936231,4,0,Model_2
20248,4363.29150390625,3183.3916243609274,9514.906035570588,36,1,Model_2
20249,3507.470703125,3136.915926108137,9512.443875634985,29,2,Model_2
20250,3211.41748046875,3243.963066066033,9522.530800315566,7,0,Model_2
20251,4188.71435546875,3151.0190347089665,9524.40740460252,34,0,Model_2
20252,12266.333984375,3124.1079328414053,9535.164494631812,63,0,Model_2
20253,5888.81298828125,3196.9349816746544,9530.597160572346,24,0,Model_2
20254,9024.3544921875,3222.0227489630925,9538.399446713069,37,0,Model_2
20255,4655.45849609375,3171.2435023689177,9533.501445934366,26,1,Model_2
20256,7322.73779296875,3002.4216395673575,9536.27307600464,5,0,Model_2
20257,6963.1669921875,2952.2999626389937,9543.465430424461,46,1,Model_2
20258,4919.72412109375,3075.734097719891,9543.091310706863,30,0,Model_2
20259,3500.91943359375,3106.185074092238,9547.39863332898,25,0,Model_2
20260,3448.783935546875,3037.6157715830486,9540.915128024702,15,0,Model_2
20261,3762.519775390625,3060.675591260195,9545.233932130126,40,1,Model_2
20262,3675.99462890625,3091.7208430533065,9544.019721110875,40,0,Model_2
20263,1284.2303466796875,3050.5066227705684,9544.806467674702,8,0,Model_2
20264,2786.28662109375,3154.4387652286096,9542.06857550153,29,0,Model_2
20265,1726.663818359375,2970.217297526775,9551.863693867912,5,0,Model_2
20266,10827.1455078125,3195.606953333132,9558.574532541665,17,1,Model_2
20267,8152.97607421875,3020.339895098703,9559.275962852611,52,0,Model_2
20268,8739.244140625,3170.660274670925,9566.526784518195,20,0,Model_2
20269,4498.01318359375,3144.5144577661995,9558.38800259748,43,1,Model_2
20270,6037.8681640625,2996.555298775551,9563.75215159844,26,2,Model_2
20271,9429.5146484375,2954.9033124779817,9577.53205122512,42,0,Model_2
20272,3738.689453125,3098.9557205034653,9565.164550683388,45,1,Model_2
20273,3452.885498046875,3120.816632098984,9564.666077669666,19,0,Model_2
20274,6927.533203125,3049.7123375354568,9574.528848468457,58,0,Model_2
20275,1568.1016845703125,3064.374737101607,9564.294430886934,6,0,Model_2
20276,2465.7275390625,3079.9366054300917,9564.562391043495,30,0,Model_2
20277,5545.61865234375,2973.137578912778,9578.046421677267,40,1,Model_2
20278,4755.24951171875,3135.8675432492746,9579.486376322151,12,1,Model_2
20279,2981.382080078125,3153.1169512311462,9577.233179382732,9,0,Model_2
20280,3536.183837890625,3071.474510108703,9580.272592971363,40,0,Model_2
20281,5680.75439453125,3012.9388414851855,9583.010485144536,14,0,Model_2
20282,2725.431640625,3088.6208060113713,9581.193937847187,45,0,Model_2
20283,4787.2099609375,3105.81405473582,9586.055904432127,16,0,Model_2
20284,3077.119384765625,3121.2527869875776,9588.625990310815,16,0,Model_2
20285,10158.1318359375,2987.3582997289486,9597.608396297277,12,0,Model_2
20286,4921.13818359375,3035.740880964324,9593.182726077997,24,1,Model_2
20287,1834.29736328125,3052.2970443422673,9595.568401670957,3,0,Model_2
20288,4914.6572265625,3086.3643086352386,9599.06177544572,35,0,Model_2
20289,2598.0537109375,3011.3857157921884,9602.73726320955,12,1,Model_2
20290,5674.6337890625,3066.684401643579,9608.656762726154,16,0,Model_2
20291,7056.7802734375,3024.3566629698034,9618.65554494258,21,0,Model_2
20292,5054.0927734375,2952.493988270173,9615.243954656602,10,0,Model_2
20293,4812.64697265625,3044.587805295596,9616.308553116454,19,0,Model_2
20294,6069.591796875,3001.199715396622,9625.188862220588,21,0,Model_2
20295,1778.080078125,2969.48423508869,9622.927010009138,2,0,Model_2
20296,7335.7021484375,3310.2309898253297,9361.367868710353,12,0,Model_2
20297,4734.1513671875,3348.642540937406,9366.187618764365,26,0,Model_2
20298,4335.8544921875,3323.099285245524,9383.065752501847,9,0,Model_2
20299,6945.89453125,3280.905500210356,9388.188790353364,6,0,Model_2
20300,6339.05322265625,3358.657071469119,9405.302559455944,32,0,Model_2
20301,4220.73779296875,3253.842492154683,9409.368947566822,10,0,Model_2
20302,2845.010009765625,3303.935859293444,9408.542987321547,8,0,Model_2
20303,4830.97021484375,3316.568469961174,9417.55718818486,35,0,Model_2
20304,5175.55322265625,3346.2421930043492,9425.77139461899,15,0,Model_2
20305,6613.88671875,3290.7255447891075,9429.386825393216,48,1,Model_2
20306,4820.08251953125,3328.1556898616254,9431.165925391164,21,0,Model_2
20307,6842.33984375,3278.628288354026,9448.610184574776,15,0,Model_2
20308,18563.625,3306.8959585136035,9464.375320984313,33,1,Model_2
20309,1521.0697021484375,3266.860161993187,9461.166158080945,2,0,Model_2
20310,7437.0322265625,3271.0500108543783,9475.140889647431,60,0,Model_2
20311,6646.32958984375,3274.7758553591557,9503.063327135082,34,0,Model_2
20312,6006.40771484375,4068.602149653947,9356.576027492687,23,1,Model_2
20313,5438.572265625,4188.237479227595,9360.384347186467,18,0,Model_2
20314,2242.012939453125,4150.748873288743,9376.125814076571,9,0,Model_2
20315,5047.79296875,4184.009883980267,9380.272219294187,7,2,Model_2
20316,3940.164794921875,4159.679576184368,9389.193508461816,18,0,Model_2
20317,3903.615478515625,4177.965858980548,9400.010655480713,26,0,Model_2
20318,7838.2685546875,4136.281419997336,9407.659619659738,60,1,Model_2
20319,5310.5078125,4166.524100763258,9412.26722722988,28,3,Model_2
20320,12088.9033203125,4159.355049327947,9442.31638870237,85,2,Model_2
20321,4787.78466796875,4139.207685566507,9436.74539636368,26,0,Model_2
20323,5409.2373046875,4280.719807837158,9479.019158070281,30,1,Model_2
20324,6441.71240234375,4313.040381127736,9363.273265024676,1,0,Model_2
20325,13283.1962890625,4344.879918155959,9368.789852796312,1,2,Model_2
20326,1590.593505859375,4594.673072921578,9365.53865000022,3,0,Model_2
20327,517.4882202148438,4559.306090076687,9368.234325642465,0,0,Model_2
20328,2464.7333984375,4604.496800074587,9374.394759670307,25,0,Model_2
20329,624.9418334960938,4566.623825447634,9371.923414548059,0,0,Model_2
20330,4858.4443359375,4560.361607923172,9386.88767333739,14,0,Model_2
20331,4489.8056640625,4584.5455333923455,9390.292374733384,10,0,Model_2
20332,5845.32568359375,4435.264560404234,9394.795589124536,5,0,Model_2
20333,10226.67578125,4303.103875138098,9397.315156476674,8,0,Model_2
20334,4333.51171875,4325.286321498454,9392.476506134757,3,0,Model_2
20335,13129.3359375,4465.776989734499,9407.449950110735,15,0,Model_2
20336,5202.1123046875,4505.51933111879,9398.926096903728,1,0,Model_2
20337,3753.96533203125,4369.694944788469,9395.924660529112,0,0,Model_2
20338,5267.6767578125,4346.943540705368,9398.451823324052,2,0,Model_2
20339,5030.0634765625,4545.294815671397,9405.038661978091,26,1,Model_2
20340,3509.331787109375,4564.120595596265,9407.977391790031,14,2,Model_2
20341,9130.7041015625,4488.750268916599,9422.886186183081,32,2,Model_2
20342,7730.2685546875,4331.234139245702,9417.251604090692,9,2,Model_2
20343,5965.31982421875,4414.617287187371,9416.099569719503,1,0,Model_2
20344,5032.57275390625,4368.64725241228,9414.01382579816,1,0,Model_2
20345,3869.49951171875,4578.347760917386,9414.738925628539,42,0,Model_2
20346,3591.314453125,4516.051493494539,9416.368942981702,4,0,Model_2
20347,10482.64453125,4388.992554540047,9428.259343732483,13,0,Model_2
20348,4862.94580078125,4436.199013622012,9421.824060658095,1,0,Model_2
20349,7975.59521484375,4289.3876669951715,9430.66886548308,18,0,Model_2
20350,3774.146240234375,4356.506725729676,9426.36595881608,15,0,Model_2
20351,2927.283935546875,4307.322724271566,9424.717571089626,10,0,Model_2
20352,4992.6396484375,4595.427540322533,9427.858728284176,17,1,Model_2
20353,4488.39501953125,4529.191839087987,9434.149344668898,16,0,Model_2
20354,5305.013671875,4550.218877775129,9440.34228012641,22,0,Model_2
20355,9459.99609375,4572.480499482015,9443.232081155642,22,1,Model_2
20356,9214.36328125,4328.160110384459,9441.27510648554,22,0,Model_2
20357,9681.5703125,4465.79862485826,9448.524868321896,25,2,Model_2
20358,3521.9111328125,4612.934498341521,9438.787510648457,23,0,Model_2
20359,11180.7333984375,4442.394944809843,9458.963656306281,77,1,Model_2
20360,4936.24365234375,4362.642354764044,9445.812941964818,90,0,Model_2
20361,10280.3037109375,4509.3970818116795,9456.706926602768,31,1,Model_2
20362,2767.039794921875,4487.815355377039,9444.952537269623,4,0,Model_2
20363,5034.47021484375,4534.8602415134665,9455.574145795894,15,0,Model_2
20364,4630.7099609375,4281.786833728198,9455.861182878565,26,0,Model_2
20365,4423.1943359375,4591.541043515783,9458.6575422975,5,1,Model_2
20366,1326.4647216796875,4302.052500187652,9451.118447081812,8,0,Model_2
20367,3973.425048828125,4339.4633117453195,9460.391246276835,37,0,Model_2
20368,3315.814208984375,4422.628727484029,9458.667963951579,25,1,Model_2
20369,6036.0654296875,4306.217491672607,9470.170467204793,39,0,Model_2
20370,3970.99169921875,4359.019162016688,9465.407418014496,41,0,Model_2
20371,12276.8896484375,4554.968017601641,9474.044849587139,32,1,Model_2
20372,4239.8388671875,4491.338197975885,9471.789886265673,10,0,Model_2
20373,1869.1727294921875,4378.984238352394,9473.177909278369,11,0,Model_2
20374,3919.162841796875,4410.834362781607,9474.122040482602,15,0,Model_2
20375,17887.47265625,4507.61287458404,9491.914453567719,28,0,Model_2
20376,2296.67529296875,4447.747566492762,9480.662246650594,18,0,Model_2
20377,605.8460083007812,4369.313338031061,9478.732650902224,1,0,Model_2
20378,630.3214721679688,4348.356728576589,9485.497364228417,3,0,Model_2
20379,21032.923828125,4298.787437786814,9504.716484093064,42,1,Model_2
20380,572.437255859375,4358.176773155341,9490.197706856037,2,0,Model_2
20381,1293.3746337890625,4376.065337931737,9488.9428690497,4,0,Model_2
20383,9129.431640625,4352.274066942744,9509.791652991102,50,1,Model_2
20384,4438.42578125,4396.45437062881,9506.99688331601,45,0,Model_2
20385,4225.1552734375,4423.522672384977,9507.798820765442,7,0,Model_2
20386,4862.802734375,4453.0900610964745,9513.197060939914,25,1,Model_2
20387,5292.28125,4472.133573224302,9528.64336538993,3,0,Model_2
20388,4072.06982421875,4288.220290955622,9531.976704951216,6,0,Model_2
20389,4652.66162109375,4322.697471795604,9544.261892089547,26,0,Model_2
20390,3335.852294921875,4672.629027051618,9363.44849012376,9,0,Model_2
20391,7265.10400390625,4622.749939702451,9416.230988543815,44,0,Model_2
20392,3779.593994140625,4647.350916706258,9410.276691300882,9,0,Model_2
20393,871.630859375,5461.002809836762,9349.540351160453,0,0,Model_2
20394,22481.244140625,5522.27900419035,9380.29853838669,2,19,Model_2
20395,2750.853759765625,5400.17819115147,9372.661762243792,0,0,Model_2
20396,5803.6728515625,5488.574243300827,9395.566261611733,0,0,Model_2
20397,16193.072265625,5394.3505173893645,9402.502667272915,0,0,Model_2
20398,14251.9951171875,5463.622961420799,9401.173288144186,0,1,Model_2
20399,5398.50390625,5368.469385509379,9391.95913283313,1,0,Model_2
20400,4967.77734375,5562.589382653823,9397.883224943056,0,7,Model_2
20401,7888.67333984375,5424.230004269164,9407.621289169314,2,0,Model_2
20402,4124.80859375,5506.420918795047,9408.124354776359,0,2,Model_2
20403,6193.85791015625,5447.500651322538,9425.224876013584,5,0,Model_2
20404,13591.345703125,5414.849566992372,9435.073515755998,0,0,Model_2
20405,6597.95654296875,5532.966295006685,9430.62770878138,1,0,Model_2
20406,5701.19677734375,5492.521502582822,9431.849515243433,1,1,Model_2
20407,8285.26171875,5608.119810126955,9436.470900593544,0,1,Model_2
20408,8003.9052734375,5466.8511980790645,9437.864046114177,3,2,Model_2
20409,7072.40283203125,5633.553509234684,9452.564760702066,0,0,Model_2
20410,4110.77783203125,5483.803928672336,9452.776549909526,1,0,Model_2
20411,12596.3310546875,5542.360541936941,9457.369319870471,3,1,Model_2
20413,7260.27587890625,5425.967258675024,9457.559559216956,0,0,Model_2
20414,6869.8671875,5455.703585480573,9464.199036056001,0,0,Model_2
20415,3281.60498046875,5499.642680552788,9462.503839205296,1,0,Model_2
20416,2649.893798828125,5515.589147730265,9464.975184327544,3,0,Model_2
20417,4672.587890625,5439.294494912028,9477.783043913645,0,0,Model_2
20418,3297.560546875,5469.421174588846,9478.629140914258,0,0,Model_2
20419,3200.78466796875,5525.120110229822,9477.618063830436,0,0,Model_2
20420,4503.39501953125,5504.447979636723,9483.503648811733,0,0,Model_2
20421,2776.447265625,5542.140968446853,9479.672719427748,0,0,Model_2
20422,5364.35400390625,5475.170593647985,9499.665161352663,0,1,Model_2
20423,2834.13427734375,5531.526408472098,9493.374191691531,0,0,Model_2
20424,4637.63525390625,5455.850428129081,9497.128636732872,1,0,Model_2
20425,5267.4130859375,5492.434501765994,9516.212805009112,2,0,Model_2
20426,5002.671875,5643.367109308485,9516.173944604074,0,1,Model_2
20427,5177.1611328125,5572.452237158315,9521.08589980095,1,2,Model_2
20428,3567.236572265625,5607.582614607178,9516.445260886525,2,0,Model_2
20429,5328.46630859375,5513.622653076891,9522.647381530682,0,2,Model_2
20430,6910.484375,5533.505331813591,9527.564459235495,1,0,Model_2
20431,6056.3291015625,5597.136992726475,9532.925605386976,3,0,Model_2
20432,6147.5869140625,5552.144681416685,9541.470125263935,0,0,Model_2
20433,3504.396240234375,5625.958199829096,9546.542467950698,0,1,Model_2
20434,5107.62255859375,5626.429109012242,9566.03714341471,0,0,Model_2
20435,5361.9833984375,5585.232150796335,9568.418579690755,0,0,Model_2
20436,2518.319091796875,5692.059487103252,9361.410085241281,0,1,Model_2
20437,5923.04443359375,5788.677806925494,9367.710770003672,0,7,Model_2
20438,12473.765625,5835.8129161312245,9386.23358206531,1,0,Model_2
20439,16115.9423828125,5887.907532217912,9392.361691301689,2,0,Model_2
20440,19534.166015625,5641.68002997688,9398.63994301208,2,34,Model_2
20441,9160.0029296875,5946.5456224379595,9378.186828649254,0,0,Model_2
20442,11478.595703125,5696.050476954551,9390.498864794703,1,9,Model_2
20443,16332.1865234375,5735.1658600715455,9397.56757247122,0,23,Model_2
20444,7208.10205078125,5928.025035854662,9398.568581177373,2,0,Model_2
20445,7196.1201171875,5794.14274712326,9401.8922056374,1,0,Model_2
20446,5495.79638671875,5860.624260189477,9408.9490785542,0,0,Model_2
20447,5448.03662109375,5770.4564295005985,9416.785632506639,0,5,Model_2
20448,7559.755859375,5667.969927599421,9426.040061328371,0,23,Model_2
20449,3575.62841796875,5692.01851846464,9417.569022944575,0,15,Model_2
20450,1368.6339111328125,5845.148702195147,9415.419512631328,0,0,Model_2
20451,5242.451171875,5814.825004795566,9417.35140467636,0,0,Model_2
20452,5357.38037109375,5732.303579230094,9428.99857461924,0,1,Model_2
20453,6494.462890625,5874.761662763078,9432.191486807773,1,1,Model_2
20454,14515.1669921875,5705.346215023426,9449.47129582279,0,0,Model_2
20455,8292.8076171875,5966.369379986543,9440.950092188854,0,0,Model_2
20456,3407.45751953125,5822.054818706121,9446.055996134513,0,0,Model_2
20457,4211.4375,5919.564321498619,9450.184030978839,4,0,Model_2
20458,3848.06591796875,5798.069291925058,9449.744731763698,0,0,Model_2
20459,7907.87255859375,5943.585293056909,9458.077639071402,1,1,Model_2
20460,3591.7978515625,5900.466031078715,9452.477148152524,3,0,Model_2
20461,4418.6513671875,5861.497490610229,9459.56864215745,6,1,Model_2
20462,4528.0625,5832.453027443262,9461.180995690142,3,1,Model_2
20463,4094.9033203125,5886.5284081585705,9463.10829514185,2,0,Model_2
20464,3213.593505859375,5811.656149647199,9464.572625858986,0,0,Model_2
20465,4635.15234375,5758.224298783345,9466.639999407038,0,0,Model_2
20466,838.3508911132812,5719.313298537629,9460.886186526463,0,0,Model_2
20467,2533.5087890625,5797.420698533999,9470.603054168154,0,0,Model_2
20468,3006.455078125,5930.774998181267,9474.481499229209,1,0,Model_2
20469,5263.716796875,5784.778881430626,9480.726013042498,0,0,Model_2
20470,8286.8291015625,5867.031479075318,9485.989831543178,3,0,Model_2
20471,6089.095703125,5700.534931756323,9478.309602401918,0,0,Model_2
20472,3301.856689453125,5918.098656944232,9480.904240991062,0,0,Model_2
20473,12075.974609375,5895.798368207645,9498.854921907609,4,0,Model_2
20474,4085.158447265625,5832.818522938294,9487.796487101063,5,0,Model_2
20475,2463.181396484375,5658.513537228573,9488.536424540638,0,0,Model_2
20476,912.8583374023438,5681.785565247294,9491.14484090975,0,0,Model_2
20477,1177.1912841796875,5694.050839132862,9494.984248927562,0,0,Model_2
20478,4924.4814453125,5813.959139523329,9497.825827726905,5,1,Model_2
20479,4307.33984375,5746.09850239777,9500.133782509787,0,0,Model_2
20480,4160.982421875,5770.608796010492,9501.717167376904,0,0,Model_2
20481,1437.9560546875,5853.242079769028,9497.852500095818,0,0,Model_2
20482,4634.71630859375,5789.862675192766,9507.68647886724,1,0,Model_2
20483,4984.85595703125,5704.325681632385,9519.41295936404,5,2,Model_2
20484,5220.330078125,5761.766935218824,9525.48613411875,4,0,Model_2
20485,1525.814208984375,5746.362727100728,9520.312224464273,0,0,Model_2
20486,3171.703857421875,5690.546409405302,9529.509069231266,5,0,Model_2
20487,9183.744140625,5828.845945958281,9533.263337634402,1,1,Model_2
20488,529.6329345703125,5846.616208036663,9522.087438421717,0,0,Model_2
20489,3029.819580078125,5621.823129259981,9530.95909225382,1,0,Model_2
20490,3404.05810546875,5784.378861801932,9536.529554677894,0,1,Model_2
20491,8315.326171875,5803.779123310931,9546.34763601089,0,0,Model_2
20492,14330.4619140625,5765.267222050345,9559.674282004256,2,0,Model_2
20493,6481.302734375,5739.163294427795,9555.073033409484,1,0,Model_2
20494,5647.033203125,5680.463981410721,9554.374605948018,1,0,Model_2
20495,4497.3232421875,5646.020404060837,9565.275832752362,0,1,Model_2
20496,4160.55859375,5697.718222771306,9570.108654033524,0,0,Model_2
20497,5377.1552734375,5717.506075220881,9573.998227301476,0,1,Model_2
20498,7642.828125,5667.870958416257,9575.338734637102,0,1,Model_2
20499,6138.3642578125,6033.066783968592,9365.697801022674,1,0,Model_2
20500,5619.5537109375,6011.656297236914,9370.520377287961,1,0,Model_2
20501,6150.1884765625,5986.000262708403,9375.54767723252,11,0,Model_2
20502,6910.68310546875,5962.319008625345,9395.678426871731,6,0,Model_2
20503,21941.412109375,5993.424332411028,9409.03103868119,12,1,Model_2
20504,6266.2900390625,5950.070306323934,9423.09832866695,4,0,Model_2
20505,3597.362060546875,5934.199331918731,9418.727769567544,6,0,Model_2
20538,12503.50390625,1562.29101935582,10169.56608267092,4,4,Model_2
20539,9418.9970703125,1529.453965025663,10179.59718967881,7,9,Model_2
20540,26733.18359375,1476.8979914328083,10189.29974962592,7,20,Model_2
20541,21214.65234375,1427.219259139325,10212.750237684653,10,9,Model_2
20542,6506.14697265625,1560.4851770044188,10196.449534238403,1,2,Model_2
20543,3946.652587890625,1501.6387911779457,10216.985845195653,0,2,Model_2
20544,11490.51953125,1588.4196892741602,10208.455809651481,7,7,Model_2
20545,7907.5380859375,1526.2572604094748,10217.129981970706,5,0,Model_2
20546,24754.302734375,1549.6024795915582,10238.019039422783,5,15,Model_2
20547,9083.8935546875,1389.85482500121,10229.800770309943,7,16,Model_2
20548,21614.94921875,1467.1049907587585,10239.345945616646,15,7,Model_2
20549,13773.46875,1503.8819392223959,10248.431155038255,7,9,Model_2
20550,27677.423828125,1585.5890555552323,10263.595544913536,6,10,Model_2
20551,12916.41015625,1433.3161060635466,10255.952586433472,12,3,Model_2
20552,11921.6953125,1374.8314180774032,10276.529700816012,10,2,Model_2
20553,14477.8447265625,1514.0665586526156,10290.531281389616,4,0,Model_2
20554,5862.12255859375,1464.735024063324,10276.8660199578,2,2,Model_2
20555,8977.5869140625,1539.724894790037,10279.972202787816,5,2,Model_2
20556,7945.60693359375,1436.6774907973013,10286.543673918044,1,1,Model_2
20557,4482.33984375,1488.2482606958947,10280.733690088367,3,0,Model_2
20558,21674.6171875,1408.3523954953998,10316.78130835497,5,1,Model_2
20559,15773.025390625,1603.2307727759471,10303.8211866364,7,2,Model_2
20560,11434.9140625,1485.5329375833971,10309.433865591403,6,4,Model_2
20561,15716.81640625,1554.5745302410796,10307.915306945419,5,10,Model_2
20562,18540.181640625,1354.3351304050884,10310.211956883199,21,15,Model_2
20563,9026.578125,1459.6706788964802,10306.40558020967,7,0,Model_2
20564,11223.580078125,1586.6983159697847,10332.137880596987,1,9,Model_2
20565,19962.310546875,1326.5972906167735,10342.062651405635,16,11,Model_2
20566,16951.798828125,1518.2936935781618,10333.8408495287,11,5,Model_2
20567,32552.65234375,1429.7410169424256,10353.164362572337,17,0,Model_2
20568,11805.4814453125,1474.8548532027053,10342.608286820017,4,5,Model_2
20569,6385.80322265625,1557.2324282112531,10340.876879137344,2,3,Model_2
20570,10611.7412109375,1359.791899891221,10355.956217717052,26,3,Model_2
20571,10787.4501953125,1383.762811455701,10363.478973898804,21,3,Model_2
20572,12496.7958984375,1508.5677848038613,10366.836777851444,1,4,Model_2
20573,19441.740234375,1570.5097195348935,10375.324066950074,3,7,Model_2
20574,9695.212890625,1464.2698689024546,10374.66423493634,2,1,Model_2
20575,5562.8310546875,1421.8271648635855,10397.218814020729,5,1,Model_2
20576,2487.30029296875,1559.2844276356627,10414.161155745627,2,0,Model_2
20577,13932.9267578125,1596.3891252081958,10168.026857354984,3,5,Model_2
20578,5370.1875,1661.6644801247166,10179.672260915817,1,2,Model_2
20579,28180.490234375,1697.7512911564554,10193.979248945383,12,22,Model_2
20580,11635.7734375,1641.2210143769043,10192.576211685286,2,0,Model_2
20581,18395.93359375,1735.3524457710446,10210.119918178156,8,16,Model_2
20582,28155.158203125,1777.3237803049851,10214.497012891137,7,10,Model_2
20583,5623.9658203125,1614.406349922705,10209.950698778033,5,7,Model_2
20584,26134.900390625,1635.5328181147925,10234.959489078814,3,11,Model_2
20585,19207.17578125,1701.246284287481,10250.570950250243,9,11,Model_2
20586,24648.4609375,1792.6172810344724,10266.338912871055,3,9,Model_2
20587,27019.640625,1832.441559695988,10259.011783501031,7,11,Model_2
20588,11358.49609375,1738.107011315471,10246.698334249944,8,5,Model_2
20589,22788.37109375,1748.8731322370004,10277.747444599358,5,12,Model_2
20590,27306.92578125,1650.7884573776973,10281.314299867285,5,10,Model_2
20591,7263.72412109375,1862.88931381586,10275.970287621662,2,2,Model_2
20592,8584.5341796875,1688.1179070603685,10291.927253121525,7,11,Model_2
20593,14360.8740234375,1710.7788579132757,10304.332024324453,4,7,Model_2
20594,37891.02734375,1880.1656506219879,10313.951564315343,10,7,Model_2
20595,22118.29296875,1817.8533870172105,10310.298332965307,3,6,Model_2
20596,30963.41015625,1752.5253252566326,10328.44720194755,5,16,Model_2
20597,38772.42578125,1638.1447989871958,10336.51391548074,7,17,Model_2
20598,25194.0234375,1685.5677243872196,10353.957998026148,2,6,Model_2
20599,15140.841796875,1792.4819464305183,10341.402377796388,7,4,Model_2
20600,22882.419921875,1917.153196300962,10350.031065777897,12,8,Model_2
20601,38906.07421875,1861.8515183579875,10365.118882991432,9,19,Model_2
20602,12227.6630859375,1740.7824015133665,10373.839422839395,6,7,Model_2
20603,6653.7333984375,1646.6179420313565,10370.830479341079,6,5,Model_2
20604,7281.1328125,1665.0231029277784,10394.194502998602,7,6,Model_2
20606,12269.607421875,2900.8438128641574,10252.754198460592,4,21,Model_2
20607,7159.99853515625,2869.302794511663,10256.840546688603,12,3,Model_2
20608,6649.64404296875,2941.768951067701,10267.890679499527,8,3,Model_2
20609,7834.39306640625,2914.8311505367747,10279.575473380013,13,1,Model_2
20610,19917.0234375,2860.0883032373386,10298.873727160375,44,0,Model_2
20611,13586.1943359375,2806.7307943413034,10284.93979901918,24,1,Model_2
20612,3493.051513671875,2836.8650693275267,10278.200168318057,10,2,Model_2
20613,12467.033203125,2891.9568405378377,10292.39516772583,24,2,Model_2
20614,10139.7470703125,2775.040861892281,10303.462434442612,2,0,Model_2
20615,7672.724609375,2833.1979158499744,10307.02522703183,21,0,Model_2
20616,4548.27294921875,2813.8812027444365,10314.686555885186,9,1,Model_2
20617,10028.0224609375,2793.696783079533,10328.627019639956,30,0,Model_2
20618,12458.1728515625,2908.2849144727224,10331.335236594736,18,0,Model_2
20619,7243.38818359375,2882.995756404591,10327.445663326784,17,0,Model_2
20620,2581.625,2698.090250534471,10324.618038945613,4,0,Model_2
20621,4049.286376953125,2766.8680788109777,10328.862655005054,7,0,Model_2
20622,6395.71337890625,2938.6035483326996,10341.23254016255,4,1,Model_2
20623,5696.349609375,2748.5249462747015,10336.828684761553,14,1,Model_2
20624,4578.93896484375,2815.6334176082164,10338.030707744678,5,0,Model_2
20625,4233.5478515625,2830.795496468898,10339.394354685122,4,0,Model_2
20626,5448.1650390625,2849.3301228665514,10339.751517135068,14,1,Model_2
20627,5971.453125,2868.722098583472,10352.500114603485,6,0,Model_2
20628,6662.07763671875,2764.6509389472194,10353.136100459582,23,1,Model_2
20629,1762.781005859375,2741.027455247822,10349.885780854514,6,1,Model_2
20630,11789.095703125,2893.5435697209323,10365.733848901167,11,0,Model_2
20631,7099.42626953125,2835.0438061964232,10366.567492908347,8,0,Model_2
20632,3006.9404296875,2816.0502389819594,10362.98005928957,2,1,Model_2
20633,11819.880859375,2786.567549478379,10373.14099537793,25,0,Model_2
20634,12459.73046875,2858.3086992275203,10379.971948030892,7,0,Model_2
20635,3692.560546875,2750.5232031310443,10376.279149723,12,0,Model_2
20636,6246.08642578125,2728.103460891987,10387.792427906701,29,1,Model_2
20637,7779.21875,2898.835428928607,10389.819086348565,2,0,Model_2
20638,8853.1103515625,2669.5049583452055,10393.569733668504,11,0,Model_2
20639,5482.3076171875,2774.4288640829036,10396.018027505037,12,0,Model_2
20640,12563.2490234375,2996.2434307681397,10242.202185386981,12,13,Model_2
20641,4339.74951171875,3025.822557685082,10236.954617601135,0,11,Model_2
20642,11739.8427734375,3047.584500097437,10248.190397165221,3,21,Model_2
20643,17903.94921875,3098.296769872308,10266.688656516402,7,35,Model_2
20644,6366.1171875,2966.2645143833943,10264.856565057038,10,3,Model_2
20645,5243.74853515625,3013.2233203465585,10268.3349245844,5,2,Model_2
20646,7261.7021484375,2991.3732263129205,10277.168071287873,4,1,Model_2
20647,16015.798828125,3052.1032488719793,10283.732830166322,13,9,Model_2
20648,14009.4755859375,3136.3396032368764,10293.711652265614,3,30,Model_2
20649,9476.6884765625,2949.861177837127,10292.785891434673,9,0,Model_2
20650,10740.9833984375,3019.206582871033,10296.260188283326,12,3,Model_2
20651,8873.29296875,2973.8006724399747,10304.829437508946,8,0,Model_2
20652,1676.997314453125,3101.513958807802,10293.324637959071,0,5,Model_2
20653,2145.82666015625,2922.149346229504,10300.816747412304,13,0,Model_2
20654,8535.8369140625,3066.9055862599052,10310.54986576883,4,1,Model_2
20655,1237.105712890625,2995.827760198852,10298.767390961133,0,0,Model_2
20656,6479.5029296875,2934.466176154674,10311.818481355134,11,0,Model_2
20657,8034.6650390625,3090.4620931399986,10317.303980802739,3,9,Model_2
20658,15521.552734375,3116.463599166018,10328.366125011584,1,25,Model_2
20659,4304.185546875,2991.553442290635,10315.237313807505,7,1,Model_2
20660,7793.4697265625,3032.8127741080243,10322.102710910389,3,0,Model_2
20661,6409.60009765625,3004.489635173697,10325.359389490826,1,0,Model_2
20662,32503.283203125,3212.944973258069,10357.60919803683,3,28,Model_2
20663,11946.767578125,2963.766348071629,10338.69681041468,7,1,Model_2
20664,10246.6640625,3059.6292798493523,10337.2831748623,2,3,Model_2
20665,3872.3359375,3148.4472169120563,10335.839334176912,0,4,Model_2
20666,7552.20849609375,2985.6378470681375,10358.868981712898,7,0,Model_2
20667,7007.0234375,3010.6082323021255,10349.192475900985,4,0,Model_2
20668,16933.5,3165.5044405498775,10367.825775159676,4,15,Model_2
20669,5103.07177734375,3032.14806945459,10354.884377090806,2,1,Model_2
20670,12033.421875,3097.6205571743194,10359.25219829804,1,17,Model_2
20671,7955.740234375,2929.91083179845,10373.991243376353,5,0,Model_2
20672,7164.0361328125,2968.588909222395,10388.400858202862,2,0,Model_2
20673,14583.4296875,3280.285676930682,10377.706033140734,2,1,Model_2
20674,6212.009765625,4288.381403579377,10122.557887163188,28,5,Model_2
20675,9553.55078125,4257.240635016467,10131.900281810871,30,8,Model_2
20676,9620.0556640625,4232.612038705731,10148.533771634815,29,48,Model_2
20677,5037.42822265625,4291.371193554485,10144.408916278175,12,1,Model_2
20678,5770.427734375,4267.059758951655,10153.906045993193,28,2,Model_2
20679,11523.53515625,4203.278953781351,10159.694656600099,20,20,Model_2
20680,8021.30810546875,4170.068578485865,10170.316441764575,6,12,Model_2
20681,4300.92041015625,4242.541639868636,10171.794196985269,10,1,Model_2
20682,4019.978515625,4220.012110884534,10178.2497934532,2,1,Model_2
20683,4106.767578125,4255.360220536357,10185.414062398471,2,1,Model_2
20684,6367.7587890625,4182.022674846696,10191.430889565876,1,21,Model_2
20685,3156.64599609375,4202.094545835862,10187.722723734172,2,1,Model_2
20686,6332.84326171875,4280.152231079759,10192.998906909183,3,1,Model_2
20687,4082.733642578125,4155.625522248913,10191.472752820395,2,10,Model_2
20688,5706.318359375,4239.425721725216,10197.609870605214,2,1,Model_2
20689,7883.3505859375,4134.283163140994,10201.563740179685,8,10,Model_2
20690,3490.65869140625,4221.828080315143,10197.948132767255,1,0,Model_2
20691,3742.505859375,4256.784916452132,10207.198675548483,5,0,Model_2
20692,3066.94140625,4200.483879920095,10204.085427190279,0,2,Model_2
20693,5783.42529296875,4163.015528139658,10211.124459648403,9,15,Model_2
20694,3187.7265625,4285.313358901301,10210.707240208852,4,1,Model_2
20695,5795.11376953125,4220.165858359775,10216.833229786775,2,2,Model_2
20696,5501.97509765625,4190.004654549295,10218.847081958796,7,2,Model_2
20697,6359.30615234375,4264.32682853099,10221.763025442327,2,1,Model_2
20698,7446.740234375,4113.222981285537,10225.694815241208,3,19,Model_2
20699,5458.38916015625,4146.130925170146,10226.293088840597,5,18,Model_2
20700,1475.6690673828125,4239.857503556879,10223.214638208723,5,3,Model_2
20701,1172.6357421875,4174.289268906461,10225.496450537306,1,1,Model_2
20702,3851.350830078125,4207.933727642521,10234.646662818253,0,2,Model_2
20703,1795.8284912109375,4166.674165664241,10233.682041582273,1,3,Model_2
20704,4581.7353515625,4228.422189844539,10238.795187694326,2,0,Model_2
20705,5880.1484375,4131.354595962912,10240.746156665467,2,11,Model_2
20706,1166.4146728515625,4245.511175685329,10233.653602831313,0,0,Model_2
20707,5038.9443359375,4187.210041009821,10242.30428226931,2,1,Model_2
20708,1806.1790771484375,4269.930785906967,10236.104104645405,0,0,Model_2
20709,11883.9267578125,4250.529143432621,10255.76729295672,4,3,Model_2
20710,8081.224609375,4098.157569999108,10252.196375010084,3,23,Model_2
20711,5884.142578125,4163.89520306536,10249.211365988507,1,7,Model_2
20712,2840.462890625,4205.141415711958,10250.819126927876,2,2,Model_2
20713,6329.77734375,4124.71675586421,10261.067852203982,0,4,Model_2
20714,5549.02783203125,4146.887694180012,10265.986343014432,2,13,Model_2
20715,3535.758056640625,4221.308377023088,10261.496553126839,2,1,Model_2
20716,9401.9365234375,4180.078275638865,10271.730617431953,1,32,Model_2
20717,6395.71435546875,4080.856375816744,10272.875056360339,1,15,Model_2
20718,6884.69580078125,4281.156653208425,10272.917096253062,7,0,Model_2
20719,4435.46435546875,4204.231359548634,10269.984548778288,1,9,Model_2
20720,7251.583984375,4302.711220657919,10278.936396355333,3,1,Model_2
20721,7276.49169921875,4224.097927022958,10284.63562803065,0,11,Model_2
20722,8986.125,4117.8837393298745,10291.28199375968,2,32,Model_2
20723,7919.1708984375,4091.7273350241594,10291.231651871334,3,43,Model_2
20724,8748.5966796875,4249.836819472257,10286.996044360334,0,29,Model_2
20725,7673.43408203125,4162.672588411951,10290.001720051863,0,10,Model_2
20726,4308.1435546875,4062.7072689116467,10288.667924968016,2,8,Model_2
20727,3075.873779296875,4136.989855220076,10282.828265919947,0,4,Model_2
20728,2376.408447265625,4202.790092048701,10288.42257450166,0,16,Model_2
20729,6042.609375,4184.193092049565,10304.960856333259,1,17,Model_2
20730,6302.732421875,4142.498986308929,10307.937210082804,1,24,Model_2
20731,2588.40869140625,4104.24486524635,10304.227454507258,2,14,Model_2
20732,2602.1181640625,4070.337102450896,10306.577095906454,1,12,Model_2
20733,2832.5234375,4052.8144934913144,10305.093688263209,0,4,Model_2
20734,4118.1259765625,4199.908477692399,10311.779620950096,0,18,Model_2
20735,10761.068359375,4224.123705042759,10314.36790056387,6,29,Model_2
20736,9060.4052734375,4261.5851519964635,10312.8087151308,1,13,Model_2
20737,2659.776123046875,4131.660249626264,10317.922391157466,0,5,Model_2
20738,6591.51611328125,4162.197536332766,10319.766140738342,1,12,Model_2
20739,13587.02734375,4093.3476676973514,10326.88836979089,5,34,Model_2
20740,8318.94140625,4056.1555089862086,10326.942067805125,1,16,Model_2
20741,2333.706298828125,4123.254313562298,10325.94176565179,0,4,Model_2
20742,5450.95166015625,4187.131325985072,10332.01529368291,1,18,Model_2
20743,1909.69384765625,4246.9059506852645,10330.765225108102,2,1,Model_2
20744,12267.53125,4222.208766428987,10343.45067441833,2,16,Model_2
20745,788.8082885742188,4041.839041239349,10337.506092276657,0,0,Model_2
20746,9321.9091796875,4120.554526309948,10346.499449831812,1,9,Model_2
20747,8906.87109375,4162.376601506025,10349.62594605537,0,12,Model_2
20748,4526.92578125,4072.3284544805065,10347.52907392713,0,4,Model_2
20749,3844.724609375,4141.247831705026,10349.538510144033,2,6,Model_2
20750,9153.794921875,4253.187962046359,10357.061619602195,3,31,Model_2
20751,5363.80078125,4184.265822891146,10355.40086720141,1,7,Model_2
20752,3837.82861328125,4092.2240222271066,10356.404702118838,1,6,Model_2
20753,3035.50634765625,4203.3171604892705,10361.400560462956,1,8,Model_2
20754,7400.2509765625,4221.5394585577305,10372.367496679457,1,13,Model_2
20755,10909.021484375,4195.623802544083,10386.102000287523,0,11,Model_2
20756,7275.76953125,4170.114610664081,10384.114202250697,0,4,Model_2
20757,4110.66455078125,4267.016488704132,10379.974597603963,0,5,Model_2
20758,9921.4814453125,4378.333803674206,10098.58455001848,14,0,Model_2
20759,2744.5068359375,4419.09898005845,10089.515238035296,3,0,Model_2
20760,6129.29638671875,4402.53061815328,10101.841935151737,11,0,Model_2
20761,7292.79638671875,4472.2896223084535,10102.365844066939,4,0,Model_2
20762,6821.00927734375,4347.726548056817,10103.26687554922,11,0,Model_2
20763,5393.29296875,4429.146423597587,10104.229200488538,6,0,Model_2
20764,5206.595703125,4450.324447829276,10103.169371260214,4,0,Model_2
20765,5684.70751953125,4493.600679535186,10111.854318509926,10,0,Model_2
20766,4352.6826171875,4306.495065707248,10107.078728007094,10,0,Model_2
20767,3168.719970703125,4325.0570812509395,10106.444596852147,9,0,Model_2
20768,6740.30224609375,4516.370036167791,10112.758706118097,2,0,Model_2
20769,9043.5244140625,4543.808896958595,10120.648428170156,3,0,Model_2
20770,2729.287353515625,4359.387419442413,10117.513276674566,18,0,Model_2
20771,3087.783447265625,4399.492034069262,10120.170091911772,19,0,Model_2
20772,3858.227783203125,4424.968543102732,10121.975864278633,19,0,Model_2
20773,4544.42041015625,4448.843132334296,10125.39346026357,51,0,Model_2
20774,5829.08544921875,4335.661053824704,10131.776458429362,20,2,Model_2
20775,4966.431640625,4472.171779932221,10128.003819652935,60,0,Model_2
20776,13490.1083984375,4580.722100669751,10138.563958083963,8,1,Model_2
20777,4205.56884765625,4316.499238998862,10124.92907842336,29,0,Model_2
20778,2419.971435546875,4371.814266273519,10128.878355404508,14,0,Model_2
20779,3651.578369140625,4387.736336396541,10130.28086274999,13,1,Model_2
20780,7711.78271484375,4502.195807851618,10136.748647254048,118,0,Model_2
20781,2644.530517578125,4356.164246323751,10132.064025426647,22,0,Model_2
20782,1937.4647216796875,4408.447134019341,10132.531586754543,12,0,Model_2
20783,2827.205078125,4522.182519311085,10143.972619912514,25,0,Model_2
20784,3036.065673828125,4534.720764013473,10139.255143379036,23,0,Model_2
20785,4682.8369140625,4312.110991449561,10142.190340426881,31,1,Model_2
20786,9165.0546875,4432.887458721176,10147.035349744168,30,2,Model_2
20787,1194.301025390625,4605.892495718086,10136.962909396374,0,0,Model_2
20788,3209.665283203125,4347.759691225132,10146.093338198392,31,1,Model_2
20789,3557.662353515625,4399.440017707879,10150.110090973743,13,1,Model_2
20790,5380.0224609375,4456.384123769589,10150.494808983625,20,0,Model_2
20791,2502.474853515625,4552.612090720562,10145.227987633465,4,0,Model_2
20792,3114.659912109375,4371.250372090377,10146.776044859638,6,0,Model_2
20793,2480.164306640625,4385.757413055049,10148.526352830217,9,0,Model_2
20794,4413.9130859375,4475.586907234043,10148.77417623144,22,0,Model_2
20795,4248.91796875,4414.482873226982,10153.671470457324,23,1,Model_2
20796,5219.63330078125,4493.9104760945775,10159.051693534915,26,0,Model_2
20797,3476.566650390625,4565.998248145683,10156.004861141686,23,0,Model_2
20798,4058.34521484375,4321.557715062983,10160.643027121245,9,0,Model_2
20799,3821.5888671875,4352.935549343703,10158.856331680494,12,0,Model_2
20800,2438.496337890625,4538.694261637051,10156.40123727308,26,0,Model_2
20801,7070.3359375,4635.040991607821,10164.688042009351,8,0,Model_2
20802,1890.9342041015625,4287.841906450689,10158.873818862761,6,0,Model_2
20803,1783.154052734375,4510.341201786883,10159.997591121195,19,0,Model_2
20804,6969.1962890625,4300.359436672879,10172.981735635607,15,1,Model_2
20805,3729.29833984375,4523.2983393110335,10165.67880569963,29,0,Model_2
20806,2370.415283203125,4550.624421265209,10164.408070454869,20,0,Model_2
20807,4523.6318359375,4336.673301423667,10170.553313597105,7,0,Model_2
20808,10544.6474609375,4379.427528228611,10187.912609804247,3,0,Model_2
20809,3474.0947265625,4365.68278013519,10167.974749084591,0,0,Model_2
20810,4146.01416015625,4591.2261834167875,10168.257370212144,27,0,Model_2
20811,2294.214111328125,4575.594116016524,10172.448111619145,7,0,Model_2
20812,5143.740234375,4274.5676072186325,10171.803912086529,6,0,Model_2
20813,12278.265625,4406.113302583806,10179.266699597778,2,0,Model_2
20814,3892.29443359375,4474.85637656576,10172.361912175242,5,1,Model_2
20815,4455.3994140625,4452.622834487585,10171.428379263292,1,1,Model_2
20816,2084.9091796875,4536.975880424259,10174.424516491767,14,0,Model_2
20817,4697.14794921875,4559.446948542027,10178.741200938734,26,0,Model_2
20818,1794.655517578125,4491.747884362005,10176.416465526403,1,0,Model_2
20819,1612.3350830078125,4511.851057232358,10176.89003255326,9,0,Model_2
20820,13961.5146484375,4508.5312165394425,10200.974475128736,4,9,Model_2
20821,9406.9384765625,4319.004770459142,10190.940188633162,4,0,Model_2
20822,7931.2333984375,4443.383715997916,10192.132673153232,3,2,Model_2
20823,5703.99267578125,4355.449366596062,10186.220239164817,2,0,Model_2
20824,8924.53125,4535.867425572826,10195.154069644981,2,2,Model_2
20825,1315.5526123046875,4426.3292542907875,10188.62287202543,0,0,Model_2
20826,6287.96826171875,4462.207194313873,10202.482435482438,1,3,Model_2
20827,5817.39501953125,4584.117894456722,10190.063886499542,41,0,Model_2
20828,4777.78125,4479.203655476449,10195.331944317135,2,0,Model_2
20829,5384.07373046875,4418.253368944628,10202.772828690999,0,0,Model_2
20830,7376.4150390625,4558.93967393809,10205.78715965456,0,0,Model_2
20831,5826.189453125,4348.018392066704,10203.906139412487,4,1,Model_2
20832,4843.07373046875,4596.632202426437,10204.530555466175,19,0,Model_2
20833,2651.487060546875,4403.386356346309,10206.272914717541,0,0,Model_2
20834,7797.681640625,4308.482735162601,10217.774181503322,4,1,Model_2
20835,7426.08837890625,4435.563309240853,10219.6292359293,2,0,Model_2
20836,7033.14697265625,4334.088594616856,10221.994598128716,3,0,Model_2
20837,10793.2236328125,4362.874356942251,10229.873015335674,0,1,Model_2
20838,4852.046875,4497.4416044855025,10222.42612526285,2,0,Model_2
20839,11474.7890625,4579.193372031208,10228.582143335574,2,0,Model_2
20840,7854.23193359375,4477.099984931992,10228.120587706639,1,0,Model_2
20841,1876.97705078125,4563.105125744827,10218.860859738765,0,0,Model_2
20842,6330.4365234375,4542.338629186386,10233.192400478787,3,1,Model_2
20843,6819.71728515625,4626.900200890377,10229.991009656427,38,1,Model_2
20844,3716.485595703125,4289.970894693164,10228.438536475136,1,1,Model_2
20845,4609.8447265625,4515.225676217349,10230.645277566713,1,3,Model_2
20846,6823.9365234375,4452.223275180673,10238.497375681167,3,0,Model_2
20847,8297.81640625,4417.898921172367,10242.834726798086,2,1,Model_2
20848,8837.7958984375,4320.377910335315,10247.664191953358,0,0,Model_2
20849,2965.556396484375,4345.038268849021,10246.605245916056,1,0,Model_2
20850,6384.806640625,4291.37441580696,10248.429741932618,0,0,Model_2
20851,9786.6533203125,4527.486807206878,10262.73884962064,0,1,Model_2
20852,9419.939453125,4504.101540029747,10254.933913906847,4,1,Model_2
20853,8765.68359375,4553.344462675974,10260.120718150269,0,4,Model_2
20854,2579.0908203125,4272.200172293,10252.436956244914,0,0,Model_2
20855,5210.92724609375,4373.39593191701,10257.719851671704,0,2,Model_2
20856,10137.3447265625,4475.304729981581,10260.020034373578,0,0,Model_2
20857,5270.72216796875,4575.771800224436,10258.352393082809,2,27,Model_2
20858,4992.6669921875,4443.5650827800855,10258.880541314924,1,0,Model_2
20859,4843.6416015625,4349.417770284461,10269.034941789709,2,1,Model_2
20860,6692.30712890625,4420.533342731651,10268.918007298184,1,0,Model_2
20861,2490.18896484375,4336.032993824687,10266.142844463815,1,1,Model_2
20862,10485.23046875,4580.811403095489,10278.922971851774,2,7,Model_2
20863,4515.77197265625,4321.303157117451,10276.014447172842,0,0,Model_2
20864,5085.66259765625,4399.639337039553,10278.38440196558,0,1,Model_2
20865,10289.041015625,4450.093826616416,10285.427850378823,3,4,Model_2
20866,5952.34228515625,4372.00437916955,10279.111798092621,2,1,Model_2
20867,5200.4072265625,4507.729335994925,10284.241194919508,2,1,Model_2
20868,8560.1962890625,4473.490601838101,10292.917310258985,0,3,Model_2
20869,18722.958984375,4550.456403814722,10301.968605145288,5,4,Model_2
20870,3588.3203125,4431.591192582622,10293.754751987566,0,3,Model_2
20871,8545.837890625,4346.04545290838,10300.926086461026,4,2,Model_2
20872,5664.13037109375,4329.045769493328,10299.301721530413,1,3,Model_2
20873,27220.236328125,4377.695797684137,10313.132492960052,5,36,Model_2
20874,22471.603515625,4486.1614192137495,10324.299913538911,2,34,Model_2
20875,4938.033203125,4278.412214743206,10294.959777820171,1,4,Model_2
20876,12758.4384765625,4589.332419604994,10312.24488598133,3,1,Model_2
20877,5102.94091796875,4418.9383277564775,10306.73112442097,1,7,Model_2
20878,7513.94384765625,4308.951803058619,10307.171660103544,1,4,Model_2
20879,7817.04931640625,4513.096687974874,10311.23310234469,2,3,Model_2
20880,18261.470703125,4444.896333374083,10332.700120002613,0,25,Model_2
20881,14798.1279296875,4282.999781624181,10330.91784051698,2,22,Model_2
20882,17524.283203125,4531.086983865127,10338.989146643493,4,7,Model_2
20883,5443.5390625,4335.923897562316,10336.603117774124,2,9,Model_2
20884,7551.99658203125,4312.022609667387,10340.502494462438,4,15,Model_2
20885,8898.3740234375,4408.433784687659,10339.477904555955,0,7,Model_2
20886,4755.27294921875,4605.418364282465,10336.832040887442,0,0,Model_2
20887,12181.548828125,4567.550453195116,10349.336877633345,3,19,Model_2
20888,19741.62890625,4361.026625308674,10361.837121785924,2,11,Model_2
20889,10998.546875,4422.386137904832,10361.788811236933,1,9,Model_2
20890,5055.15478515625,4549.917827329598,10360.987492021217,0,0,Model_2
20891,1781.2423095703125,4504.8854680247605,10355.121160604234,0,2,Model_2
20892,6722.86669921875,4387.248855629237,10370.39798069682,1,6,Model_2
20893,25242.58203125,4472.322305154987,10373.308360076902,3,26,Model_2
20894,5165.14013671875,4582.320337897399,10370.9510349158,1,6,Model_2
20895,5548.681640625,4332.284593552584,10376.021787858721,0,3,Model_2
20896,12183.02734375,4307.49856719235,10396.890266959948,1,3,Model_2
20897,13140.501953125,4409.330951841082,10390.271898386367,0,16,Model_2
20898,6445.64208984375,4626.876264157705,10384.809185267171,1,0,Model_2
20899,5904.93701171875,4612.841053019743,10154.935670088511,1,0,Model_2
20900,5548.14013671875,4650.5271370031405,10181.764540450735,9,0,Model_2
20901,5967.30517578125,4613.154992475174,10180.433394939959,39,0,Model_2
20902,9324.1337890625,4668.803753041895,10203.089540992063,3,3,Model_2
20903,7029.9287109375,4638.843709850218,10202.857261752855,44,0,Model_2
20904,5967.6982421875,4617.89216393535,10202.747569427724,48,0,Model_2
20905,10033.55859375,4681.709334526444,10227.098912330533,21,0,Model_2
20906,2930.168212890625,4647.353218315169,10222.560193660232,21,0,Model_2
20907,4319.25341796875,4602.0630788123235,10233.143824972489,0,0,Model_2
20908,6182.958984375,4706.727363064885,10236.866651775184,2,0,Model_2
20909,2409.144287109375,4653.1776698247995,10235.991762747202,22,0,Model_2
20910,5166.1025390625,4602.837800371693,10251.214089953632,3,1,Model_2
20911,3093.747802734375,4664.661317324266,10245.460630349466,21,0,Model_2
20912,4120.4599609375,4721.540978336474,10250.900910416662,1,0,Model_2
20913,2305.422607421875,4647.3306625478435,10249.027838893802,27,0,Model_2
20914,28449.03125,4628.856568464544,10275.060954143759,9,8,Model_2
20915,6336.32177734375,4680.735753957182,10259.243886102035,37,0,Model_2
20916,5560.0341796875,4701.025817471091,10262.762165863664,33,0,Model_2
20917,2827.820068359375,4662.17143680458,10264.155134746092,15,0,Model_2
20918,9251.3447265625,4725.207901653135,10275.63308528885,29,0,Model_2
20919,3057.631103515625,4672.478962150635,10280.58708037845,14,0,Model_2
20920,522.995849609375,4698.683239921695,10277.911364853338,0,0,Model_2
20921,4742.4755859375,4689.81237885775,10288.04280236151,44,0,Model_2
20922,15571.0107421875,4741.874772419687,10304.953260890456,27,0,Model_2
20923,4715.0810546875,4711.0520862082485,10299.399402457624,37,0,Model_2
20924,13036.2216796875,4661.6195109877735,10307.21564301652,2,8,Model_2
20925,5220.650390625,4699.677074649371,10314.014624154428,21,0,Model_2
20926,14534.498046875,4625.519695865689,10320.192368726333,2,1,Model_2
20927,3387.03076171875,4764.46644484438,10321.353411645963,0,0,Model_2
20928,7993.130859375,4679.247993957251,10326.588791395683,2,1,Model_2
20929,2394.339111328125,4718.312741678208,10321.296534144043,8,0,Model_2
20930,826.6228637695312,4732.995165241882,10329.908883091615,8,0,Model_2
20931,5969.505859375,4717.932976207929,10341.72686217846,21,0,Model_2
20932,5729.9140625,4751.591244597454,10344.301805607778,33,0,Model_2
20933,8145.716796875,4771.867038136115,10348.572122526006,9,0,Model_2
20934,5620.36767578125,4702.43210051558,10350.663430550798,4,0,Model_2
20935,12711.5908203125,4652.547489305027,10353.909510838952,4,6,Model_2
20936,2645.75537109375,4736.4098322219215,10343.771802674513,24,0,Model_2
20937,8991.8798828125,4680.896406259155,10356.525964246379,1,2,Model_2
20938,5965.3623046875,4598.426536733285,10356.362750545217,1,0,Model_2
20939,7798.39306640625,4625.276185642928,10357.716859022607,0,0,Model_2
20940,5830.39501953125,4773.694515611278,10373.889146494024,4,0,Model_2
20941,9337.4853515625,4697.439910788089,10378.424862314845,4,0,Model_2
20942,8563.6396484375,4657.17740578996,10386.186963263994,3,19,Model_2
20943,5324.42919921875,4729.448385910364,10390.167770164684,36,0,Model_2
20944,4954.181640625,4710.387381554814,10397.490836855999,1,0,Model_2
20945,12274.6640625,5595.669026563177,10313.852470282494,12,0,Model_2
20946,6767.5341796875,5626.354076561751,10319.067183362262,7,0,Model_2
20947,6444.4306640625,5567.848098693183,10322.609662557938,15,0,Model_2
20948,7433.63818359375,5534.131369437324,10329.173184968953,3,0,Model_2
20949,3745.313720703125,5575.876110573998,10338.154531126187,10,0,Model_2
20950,10006.296875,5579.1747764649335,10357.398910254109,9,0,Model_2
20951,6473.923828125,5488.90981788002,10362.351668876276,11,0,Model_2
20952,5525.89111328125,5511.414489487885,10355.951183528217,9,0,Model_2
20953,4989.93798828125,5550.348045500927,10358.48293891648,7,0,Model_2
20954,5403.05078125,5533.950002655154,10371.313761469195,4,0,Model_2
20955,3404.178955078125,5550.231123768259,10382.326711938025,1,0,Model_2
20956,7036.9462890625,5506.61793651781,10379.259124555741,13,0,Model_2
20957,7364.8330078125,5589.503016291186,10393.59428637896,6,0,Model_2
20958,11722.9326171875,5470.69396431651,10401.567293344546,20,1,Model_2
20959,5882.388671875,5529.300292333588,10395.518847938496,7,0,Model_2
20960,11843.9560546875,5804.362811330706,10276.566618200799,1,8,Model_2
20961,15637.6884765625,5663.776856485754,10288.266249690481,14,6,Model_2
20962,13293.4140625,5914.626910063205,10292.874387175238,13,92,Model_2
20963,9749.0283203125,5619.218168294756,10288.826369437651,36,2,Model_2
20964,1531.174072265625,5947.366376175545,10280.509712844781,0,3,Model_2
20965,11485.72265625,5781.516120638698,10300.115140463153,3,8,Model_2
20966,5260.36474609375,5695.9980002713855,10303.026314715156,2,9,Model_2
20967,5388.1875,5834.474300388712,10299.241134626194,0,1,Model_2
20968,6807.69140625,5643.839399456978,10306.671067431365,1,0,Model_2
20969,10765.419921875,5954.644523873227,10310.76836722807,3,49,Model_2
20970,9380.4013671875,5677.9460212623235,10320.066955600982,4,1,Model_2
20971,645.8984375,5926.426338305231,10318.232567844956,2,6,Model_2
20972,5853.5498046875,5778.668109772494,10325.669566178316,0,2,Model_2
20973,5364.55810546875,5648.6760004221,10334.91392662238,2,0,Model_2
20974,3861.384765625,5971.118980134837,10331.325344855271,1,14,Model_2
20975,5203.5693359375,5616.637144062202,10338.759870253765,3,0,Model_2
20976,9776.0302734375,5686.281988415401,10343.295232798177,3,1,Model_2
20977,14364.0205078125,5861.591856575571,10351.225316680015,1,15,Model_2
20978,10232.814453125,5652.654561585281,10356.636628081636,7,3,Model_2
20979,5645.6376953125,5620.324781859061,10360.604981988894,3,1,Model_2
20980,12458.1494140625,5684.475685742218,10379.162591776862,11,40,Model_2
20981,18974.4375,5835.746629794594,10385.44782069634,1,18,Model_2
20982,10430.173828125,5617.5444382948335,10396.09707310165,7,0,Model_2
20983,5373.8603515625,5956.785480482038,10404.241065849405,3,13,Model_2
20984,1223.956298828125,5690.13396108849,10414.5118709011,1,3,Model_2
20986,7973.1376953125,5970.576721075457,10291.811908373842,1,23,Model_2
20987,4956.7314453125,6018.591965528671,10342.219859407836,0,5,Model_2
20988,8510.8017578125,5954.627952289069,10347.734680797425,1,8,Model_2
20989,5920.943359375,5969.364693823038,10366.686370420124,0,3,Model_2
20990,595.8914184570312,6011.408183796331,10379.801933758848,0,2,Model_2
21006,6326.06787109375,7143.3845576546155,10313.669826378813,14,0,Model_2
21007,5834.89453125,7182.5349252270535,10320.840454299454,25,0,Model_2
21008,8011.02490234375,7102.947590701049,10330.780592631912,14,0,Model_2
21009,8966.8935546875,7130.313720650272,10329.982894499393,13,0,Model_2
21010,5431.94677734375,7204.558100250782,10328.651219074003,19,0,Model_2
21011,3103.333740234375,7049.163593673846,10328.825031067448,3,0,Model_2
21012,9454.7275390625,7150.311479832511,10351.553245507079,25,1,Model_2
21013,6498.47314453125,7018.16874711588,10342.763198525558,12,0,Model_2
21014,6461.88916015625,7063.045057336567,10340.82998169399,4,1,Model_2
21015,14782.3193359375,7176.991270004539,10357.568129654232,30,0,Model_2
21016,9122.3681640625,7262.269102401566,10353.111459430023,17,0,Model_2
21017,17356.7109375,7038.066156149609,10374.160109500066,34,0,Model_2
21018,10523.5966796875,7295.787432969315,10358.162163936708,16,0,Model_2
21019,10353.6279296875,7117.672363868682,10357.03971646481,17,0,Model_2
21020,15794.7724609375,6977.666414469248,10368.565977556558,15,0,Model_2
21021,10126.4541015625,7010.730407438008,10376.192332045379,19,1,Model_2
21022,13072.6484375,7231.617195571307,10377.976642870366,72,0,Model_2
21023,10982.3935546875,7097.029233547859,10381.34804796477,22,0,Model_2
21024,5467.4052734375,7071.850552707445,10379.669013509796,19,0,Model_2
21025,3990.7294921875,7130.51810352155,10384.95508842427,7,0,Model_2
21026,4741.44580078125,7196.763931835303,10388.05879831942,24,0,Model_2
21027,5675.76904296875,7225.792283739895,10328.00419333011,11,0,Model_2
21028,1893.89453125,7244.2898542340845,10327.936894174112,1,0,Model_2
21029,1911.3240966796875,7260.689738366986,10335.595043539783,2,0,Model_2
21030,9409.798828125,7353.341465392383,10377.306830798065,2,0,Model_2
21031,13518.2958984375,1283.3339479207643,10421.527498797099,17,3,Model_2
21032,7294.43603515625,1280.5767355260905,10453.364238901362,16,2,Model_2
21033,8682.5390625,1259.3043453290593,10468.423882321244,18,1,Model_2
21034,10801.5439453125,1249.8919156884076,10495.734445067741,16,1,Model_2
21035,11856.5380859375,1245.9642200821545,10528.345743699705,20,1,Model_2
21036,13748.306640625,1253.2518043763703,10561.9310253925,9,0,Model_2
21037,14420.1279296875,1230.3794507450075,10587.141271565764,23,1,Model_2
21038,6519.8466796875,1285.6069018006092,10605.260112053205,21,3,Model_2
21039,12518.4990234375,1235.092225150729,10620.730615937267,25,0,Model_2
21040,15755.6044921875,1254.7649971547653,10652.80714240444,72,0,Model_2
21041,6594.1611328125,1280.0085833664634,10657.783217269629,44,0,Model_2
21042,15847.767578125,1220.417281816015,10662.366007172008,33,0,Model_2
21043,7837.38720703125,1245.1348353111534,10689.045000017526,31,1,Model_2
21044,3928.00439453125,1265.7065006752964,10693.803191657193,26,0,Model_2
21045,8053.630859375,1216.6263017790625,10700.590249716282,22,0,Model_2
21046,5392.77001953125,1242.9847873471444,10714.700904381301,26,0,Model_2
21047,21141.359375,1534.6857522407663,10384.290310540804,7,5,Model_2
21048,10744.388671875,1325.2998736737645,10377.82676535366,16,13,Model_2
21049,24244.33984375,1594.092925078352,10399.44251237996,5,9,Model_2
21050,6340.48876953125,1295.7060164597933,10378.530050365756,4,0,Model_2
21051,17808.55078125,1484.2457628000411,10400.819760462167,5,6,Model_2
21052,19979.802734375,1393.5506335097016,10400.076996811316,40,1,Model_2
21053,13333.4453125,1356.7945146067068,10398.934500903182,19,2,Model_2
21054,4100.0263671875,1443.6750723687583,10398.132386815545,4,4,Model_2
21055,19321.169921875,1312.8891381050344,10419.726142385356,53,1,Model_2
21056,9655.939453125,1339.7416640258161,10423.618983460095,25,2,Model_2
21057,9783.796875,1506.5678017408354,10422.433917744624,2,2,Model_2
21058,6327.873046875,1448.0385776222683,10415.54123003911,7,3,Model_2
21059,3860.494384765625,1421.99034893536,10417.80158082582,4,0,Model_2
21060,19539.708984375,1526.934508831473,10440.344678426904,13,9,Model_2
21061,21446.408203125,1460.0228250598302,10441.948906602178,10,5,Model_2
21062,7423.1533203125,1367.953290008416,10433.246472170198,13,0,Model_2
21063,9427.7001953125,1560.5709119363455,10439.443823582827,4,6,Model_2
21064,4963.685546875,1423.6930792075582,10436.359720528402,5,0,Model_2
21065,16260.4736328125,1389.947464759869,10449.466186999583,17,0,Model_2
21066,4609.3701171875,1595.4569735993282,10442.395447983712,0,1,Model_2
21067,4662.85498046875,1325.1905472505023,10457.22519678015,15,0,Model_2
21068,11252.54296875,1348.0975400959724,10462.8807988189,28,1,Model_2
21069,15787.408203125,1573.3270039221388,10468.589833914579,2,5,Model_2
21070,24742.025390625,1597.211950393801,10486.579286917062,6,7,Model_2
21071,4293.45751953125,1300.9546054199454,10463.119260395273,19,0,Model_2
21072,14411.3134765625,1421.3650017943,10475.993800903656,6,1,Model_2
21073,3268.376220703125,1485.6117676885915,10460.785781391809,4,1,Model_2
21074,21079.693359375,1534.5666439796332,10486.152529014456,11,7,Model_2
21075,10388.0244140625,1497.861850955349,10478.4275220883,7,4,Model_2
21076,14974.955078125,1455.3318008583155,10479.728815742477,9,4,Model_2
21077,8219.4287109375,1395.3693648710032,10486.858022004111,14,1,Model_2
21078,3495.8935546875,1317.2801475850283,10477.020422149493,15,0,Model_2
21079,7786.8076171875,1280.1768309778417,10487.976848392813,24,0,Model_2
21080,8894.6474609375,1372.534067143104,10487.671970851465,21,1,Model_2
21081,8995.6484375,1301.1531191885006,10495.880966458557,25,0,Model_2
21082,7017.62158203125,1344.1299115751171,10489.933911382017,24,2,Model_2
21083,18525.95703125,1487.7325852194335,10514.52892668824,3,2,Model_2
21084,7741.11572265625,1316.2956343734404,10513.153356668976,29,0,Model_2
21085,5517.48876953125,1410.467689164856,10507.206213273334,1,0,Model_2
21086,8153.37060546875,1338.1779509318294,10512.940860908697,38,0,Model_2
21087,24457.091796875,1553.3730903896503,10533.937226070142,8,5,Model_2
21088,31885.517578125,1441.2795578144141,10530.455245459583,5,2,Model_2
21089,1903.8941650390625,1513.4809142652666,10508.577720613888,1,0,Model_2
21090,8016.35693359375,1354.8115634496207,10530.751909324412,29,0,Model_2
21091,18975.869140625,1282.1711750990362,10534.697300265056,46,0,Model_2
21092,7519.009765625,1375.0344199833344,10521.538460566175,19,1,Model_2
21093,6076.23486328125,1397.837149945146,10524.418811451455,8,0,Model_2
21094,5036.3837890625,1519.2386191164842,10524.614614901388,4,0,Model_2
21095,7051.76806640625,1310.9476159083424,10543.691982606746,25,0,Model_2
21096,6116.34521484375,1584.7703732656664,10552.864274663283,2,0,Model_2
21097,10089.8828125,1330.0395769037423,10558.441361020035,26,0,Model_2
21098,7813.03515625,1398.5778076926363,10551.168106302452,5,1,Model_2
21099,11944.828125,1506.3262478856486,10553.014240499091,3,3,Model_2
21100,7335.9345703125,1375.196338170208,10557.727742672963,18,0,Model_2
21101,25544.36328125,1443.6772588972235,10571.60558818416,13,0,Model_2
21102,6963.38671875,1350.4103118099738,10560.785614953988,27,0,Model_2
21103,16346.9443359375,1544.5057968195179,10572.932671016228,8,7,Model_2
21104,16014.412109375,1476.2182112410082,10586.150419556383,5,7,Model_2
21105,5734.720703125,1307.4044040706358,10573.154793558664,23,0,Model_2
21106,4395.0478515625,1281.2802222896717,10573.538451739318,32,0,Model_2
21107,12726.201171875,1394.740795477468,10588.260716188182,13,1,Model_2
21108,22168.26953125,1507.464738733368,10601.614652784177,6,12,Model_2
21109,3430.989990234375,1367.2438190616667,10578.752016670755,11,1,Model_2
21110,17198.171875,1563.4182323198766,10600.29763832978,2,4,Model_2
21111,7856.96533203125,1597.1318544037058,10602.285789643014,4,4,Model_2
21112,5550.2763671875,1299.2692522950238,10595.79936980836,11,0,Model_2
21113,9749.0673828125,1361.0802254790324,10597.657692041124,14,0,Model_2
21114,8068.4697265625,1264.654435242177,10598.126136560044,34,0,Model_2
21115,3294.0576171875,1335.348928339139,10588.640929923844,7,0,Model_2
21116,4657.1435546875,1318.7166967866942,10597.63022480029,5,0,Model_2
21117,8354.130859375,1433.7684872949612,10604.871684641024,6,0,Model_2
21118,9528.197265625,1529.02862769895,10625.259354549002,0,4,Model_2
21119,12153.4921875,1333.572776742687,10622.39463614484,29,0,Model_2
21120,5211.72265625,1388.2023848837125,10618.452954606495,4,0,Model_2
21121,4001.20166015625,1457.0965594906593,10618.596031552319,3,0,Model_2
21122,6953.1572265625,1306.6715717934421,10625.92342587965,20,0,Model_2
21123,12056.86328125,1578.713919577829,10629.94839233152,4,1,Model_2
21124,24577.328125,1413.7524303218815,10639.353935137391,14,0,Model_2
21125,6393.03955078125,1273.6922780325986,10627.15856852616,15,0,Model_2
21126,10017.365234375,1365.5077154602623,10628.25337211902,26,0,Model_2
21127,34557.6328125,1469.4350245395908,10646.550263916819,17,9,Model_2
21128,19547.875,1607.469185585156,10652.22794573116,8,6,Model_2
21129,5298.28125,1553.9696674193256,10643.533989933007,0,1,Model_2
21130,4367.720703125,1354.9500052256044,10646.400563038318,25,0,Model_2
21131,12942.1806640625,1311.1006729009096,10657.170635975657,42,0,Model_2
21132,5193.6513671875,1536.3732918941532,10652.858720760218,0,2,Model_2
21133,6584.15478515625,1378.62331875792,10659.542092193136,5,0,Model_2
21134,9255.701171875,1342.1593891061493,10666.901722992829,19,1,Model_2
21135,13055.896484375,1536.7801012691343,10678.422949895743,5,2,Model_2
21136,6576.5859375,1287.289492994838,10676.902889825018,24,1,Model_2
21137,20248.291015625,1489.5308322614292,10680.752277901396,4,7,Model_2
21138,9452.064453125,1360.6106972612324,10688.030125212303,14,1,Model_2
21139,12349.9892578125,1414.636133063177,10685.840694664788,7,0,Model_2
21140,12004.7578125,1383.9507378232665,10693.59431698011,10,0,Model_2
21141,16632.83203125,1578.665470710257,10693.760180254343,13,8,Model_2
21142,13575.40625,1328.5613685807912,10696.507787528775,22,0,Model_2
21143,8677.5498046875,1445.285738284525,10690.117635515693,4,1,Model_2
21144,4945.0732421875,1300.7770362924784,10695.155268795228,45,1,Model_2
21145,12012.2177734375,1517.0090505646076,10719.378460680513,6,7,Model_2
21146,10614.3916015625,1404.0303192022839,10719.250662939397,9,0,Model_2
21147,6452.78125,1362.7248401262332,10728.475504861839,21,0,Model_2
21148,21847.11328125,1712.6578914280399,10373.56157094337,2,2,Model_2
21149,27185.552734375,1818.1596160827903,10390.069471003757,7,17,Model_2
21150,27648.10546875,1950.5322795296088,10383.663333233148,11,10,Model_2
21151,26157.455078125,1771.6149846431217,10391.472861540264,11,8,Model_2
21152,24037.97265625,1628.149256728997,10408.556160552529,8,16,Model_2
21153,8155.74755859375,1857.112275449792,10407.849342776339,1,3,Model_2
21154,21478.671875,1723.3419599918998,10431.758560252732,9,7,Model_2
21155,27707.25390625,1647.511656771414,10444.330342878224,8,6,Model_2
21156,6543.08642578125,1698.7784992133384,10410.172135168417,4,9,Model_2
21157,26769.62890625,1787.7772276559845,10439.47685492711,1,7,Model_2
21158,7387.0107421875,1686.0095182176447,10429.967625495068,3,7,Model_2
21159,20189.6015625,1840.093718841672,10442.293881015998,6,10,Model_2
21160,17086.724609375,1750.6795499906293,10461.761177558277,3,4,Model_2
21161,6262.29736328125,1685.529172437964,10456.660307801452,3,4,Model_2
21162,22865.673828125,1853.654798544012,10478.35050783104,6,5,Model_2
21163,3936.663818359375,1815.759153069288,10467.45201891887,3,2,Model_2
21164,12775.5615234375,1666.0887478534714,10478.972450949863,7,5,Model_2
21165,20280.64453125,1719.160166761896,10482.319744929322,5,7,Model_2
21166,23923.5,1780.1914699273766,10490.284008303774,7,8,Model_2
21167,19363.390625,1691.7950725366827,10508.816800423978,10,18,Model_2
21168,14597.2158203125,1808.8031155386707,10518.74395584839,0,6,Model_2
21169,12186.390625,1650.4845299210283,10520.270551532689,2,1,Model_2
21170,10817.4921875,1841.2371581485495,10514.217601852419,2,6,Model_2
21171,18526.26171875,1613.028491748264,10534.87296695965,11,9,Model_2
21172,5568.5283203125,1720.2809352210024,10526.18095418175,5,1,Model_2
21173,26331.142578125,1759.5773398788297,10531.024550393398,5,9,Model_2
21174,22747.89453125,1684.9203968810616,10549.375935077354,8,6,Model_2
21175,21094.255859375,1885.4160808692686,10553.798690766256,1,13,Model_2
21176,16472.81640625,1838.3693534457125,10545.877880390166,6,10,Model_2
21177,16380.0224609375,1789.9115095989546,10563.45126210143,7,6,Model_2
21178,18750.859375,1724.5493840264971,10575.30165429884,5,8,Model_2
21179,35553.77734375,1641.896881833556,10588.511542438886,13,18,Model_2
21180,6537.24755859375,1755.6291599532706,10563.543997158908,2,1,Model_2
21181,12203.1201171875,1606.9764111173572,10570.016992490004,3,4,Model_2
21182,7785.162109375,1830.4410012307344,10575.623842384251,3,1,Model_2
21183,29052.8046875,1883.209988728282,10594.305187234626,14,16,Model_2
21184,30345.947265625,1792.1535068389494,10605.961630683254,12,12,Model_2
21185,18712.431640625,1690.2449389352696,10600.819692543831,3,6,Model_2
21186,5552.45654296875,1756.202490732947,10588.315385712544,3,0,Model_2
21187,21629.91015625,1927.658660013345,10618.585256621831,0,8,Model_2
21188,22397.767578125,1844.0310812053503,10614.703102158477,8,7,Model_2
21189,21628.572265625,1733.3042440013378,10623.253186138885,6,3,Model_2
21190,16460.021484375,1648.483396053547,10633.466053859433,6,6,Model_2
21191,29303.802734375,1682.385404826724,10652.423395904683,6,6,Model_2
21192,11679.279296875,1882.317654953571,10639.924034943127,6,6,Model_2
21193,22343.583984375,1762.4786329913186,10660.32945699068,7,3,Model_2
21194,23551.498046875,1806.3721562071005,10653.727339131932,4,5,Model_2
21195,24613.658203125,1840.1800291758263,10674.951125981956,4,4,Model_2
21196,14776.013671875,1913.915523046162,10665.353665766655,8,19,Model_2
21197,15237.783203125,1724.8243112108903,10669.90298272924,1,9,Model_2
21198,14071.0283203125,1880.9049274041317,10676.889906916971,3,4,Model_2
21199,18214.533203125,1629.5826987586333,10682.000580094158,8,7,Model_2
21200,21825.93359375,1792.0325572906877,10699.97916984705,8,10,Model_2
21201,11118.3203125,1690.2477008659625,10692.927596076392,0,1,Model_2
21202,14201.2783203125,1660.95339805173,10708.521481746451,8,2,Model_2
21203,31655.685546875,1735.891022256168,10713.556023857403,8,12,Model_2
21204,5087.34765625,1795.5280107434955,10736.808853765055,2,2,Model_2
21205,55870.88671875,1977.0594730308512,10461.028570604198,10,22,Model_2
21206,10083.0498046875,1921.4654907562071,10459.555054700417,1,5,Model_2
21207,19087.486328125,2025.4029269147431,10500.793451570047,11,8,Model_2
21208,7941.876953125,1937.435894666356,10484.868722542546,0,18,Model_2
21209,40020.98828125,1982.650771557819,10534.52419482443,14,31,Model_2
21210,17075.947265625,1925.5485449639382,10523.569005048543,2,6,Model_2
21211,25731.087890625,2032.2334116792772,10559.224221543358,11,12,Model_2
21212,21030.5390625,1938.8720986266853,10562.996418724273,1,13,Model_2
21213,19404.33203125,1964.4673706799513,10594.147537636913,8,16,Model_2
21214,3756.2333984375,2001.4604402203113,10586.262849773688,0,0,Model_2
21215,19517.767578125,2046.7471273097908,10601.624544523642,2,14,Model_2
21216,28263.3671875,1991.1004381910898,10624.259582310282,5,17,Model_2
21217,11171.8642578125,2057.117946900893,10639.799769966106,5,6,Model_2
21218,21383.443359375,1955.343562796712,10667.149281436745,1,8,Model_2
21219,15330.79296875,2008.111169328913,10658.937282980172,4,8,Model_2
21220,27874.947265625,2051.2520664308686,10679.036149423431,13,13,Model_2
21221,16560.90625,2071.9573401922826,10713.758097963604,6,12,Model_2
21222,3904.48291015625,2615.062931330409,10475.566866362846,8,0,Model_2
21223,10271.2724609375,2605.2398946600733,10495.031248374748,14,0,Model_2
21224,6069.74755859375,2589.056822086568,10526.742663672761,6,0,Model_2
21225,4019.609619140625,2625.6220225304132,10538.495109985655,34,0,Model_2
21226,5071.05517578125,2575.7031173470896,10546.261361932615,12,0,Model_2
21227,5727.439453125,2570.2609630775405,10571.185719171539,12,0,Model_2
21228,5231.0615234375,2607.296152060968,10576.61981690157,34,0,Model_2
21229,3825.277099609375,2590.087252395926,10586.212242928035,19,0,Model_2
21230,12704.419921875,2555.300735318335,10605.628402710048,19,0,Model_2
21231,2757.053466796875,2579.9122997231316,10599.321358972287,23,0,Model_2
21232,6114.98388671875,2573.57320846105,10620.340510462142,21,1,Model_2
21233,6138.59130859375,2623.379104646854,10626.58422940351,61,0,Model_2
21234,11729.0703125,2544.396632942604,10644.71684767092,16,0,Model_2
21235,2241.6376953125,2571.997066678945,10642.957619471003,9,0,Model_2
21236,2763.086669921875,2581.1922244384186,10656.513365215891,27,0,Model_2
21237,4647.82080078125,2566.7452554663178,10665.298024732168,28,0,Model_2
21238,9191.9365234375,2533.2069009010447,10682.684081627325,18,0,Model_2
21239,2584.5830078125,2549.622205813648,10669.318840186228,10,0,Model_2
21240,3544.26318359375,2576.517886901507,10682.582691297815,20,0,Model_2
21241,2275.237060546875,2557.3042858751724,10684.052497799297,5,0,Model_2
21242,4729.9150390625,2555.7582951697987,10703.455762992366,34,0,Model_2
21243,8163.40380859375,2576.832056517829,10707.862091328228,58,0,Model_2
21244,3654.11181640625,2535.9511092053726,10707.036042763852,5,0,Model_2
21245,11121.7509765625,2534.149870071793,10729.604841223721,30,0,Model_2
21246,2969.419921875,2779.6716990207788,10357.375064096472,15,1,Model_2
21247,6350.423828125,2708.7193106453633,10360.126204134998,11,0,Model_2
21248,1396.2725830078125,2801.3123466435354,10353.162154594778,9,0,Model_2
21249,3475.2998046875,2922.331173333456,10352.822302688895,5,0,Model_2
21250,7149.0947265625,2725.9935760034714,10368.513780967063,20,0,Model_2
21251,7099.73828125,2957.4155186041025,10368.191327924345,3,0,Model_2
21252,6330.84228515625,2688.494612824521,10376.296283628857,4,0,Model_2
21253,7141.2109375,2810.3054231406422,10388.693547708084,5,1,Model_2
21254,4869.947265625,2831.285739166895,10394.635038681176,2,0,Model_2
21255,13684.435546875,2705.4063747791806,10407.439012226772,72,0,Model_2
21256,6105.1025390625,2749.404621200403,10397.176332532494,21,0,Model_2
21257,17469.48828125,2934.1805464888457,10406.37406049051,4,4,Model_2
21258,6666.73193359375,2655.250403878046,10413.378648498714,2,0,Model_2
21259,21844.716796875,2870.936016194755,10417.725096483176,10,1,Model_2
21260,8602.9853515625,2793.2986047379673,10413.249084375551,2,2,Model_2
21261,9768.6083984375,2737.1978081811685,10422.51870408289,57,0,Model_2
21262,3127.919677734375,2762.069684553775,10413.190882087096,11,0,Model_2
21263,8270.5205078125,2824.9906086350093,10416.622344171104,8,0,Model_2
21264,4397.4140625,2677.1244346443564,10420.657290681542,16,0,Model_2
21265,9807.8232421875,2641.377686329186,10434.80159492456,22,0,Model_2
21266,5019.3408203125,2907.4609384826617,10424.529730043636,0,0,Model_2
21267,4496.80322265625,2692.639350151061,10430.682303671369,18,0,Model_2
21268,20602.4140625,2771.7902996275807,10446.226995601413,12,1,Model_2
21269,8124.24462890625,2841.492454042658,10441.446635867054,3,0,Model_2
21270,11312.7060546875,2811.4097350960365,10443.866314314422,6,0,Model_2
21271,14315.0849609375,2921.8687801032793,10450.685608845874,2,1,Model_2
21272,9134.716796875,2890.933315055212,10444.835969739237,1,0,Model_2
21273,7440.73046875,2674.802111253375,10445.480610867366,40,0,Model_2
21274,9188.81640625,2718.190891635022,10445.714214893109,80,0,Model_2
21275,6219.201171875,2625.7879685328808,10458.615869365916,30,0,Model_2
21276,5895.4248046875,2743.686734183342,10460.20022574316,4,0,Model_2
21277,4160.84521484375,2660.8113211673917,10460.61894660745,30,0,Model_2
21278,2652.181884765625,2698.7696854849346,10457.459507358712,19,0,Model_2
21279,9722.275390625,2853.9298882747535,10464.822229326986,5,0,Model_2
21280,1930.3779296875,2647.7167775912676,10461.170234444384,4,0,Model_2
21281,5247.564453125,2885.286317592603,10465.97664831394,2,0,Model_2
21282,7238.4833984375,2804.0245625840034,10468.854967859865,8,0,Model_2
21283,3407.11328125,2685.1526766860625,10467.344887847707,22,0,Model_2
21284,3528.918212890625,2719.2339807933895,10468.205115904697,23,0,Model_2
21285,6068.09375,2831.6754015554907,10481.907824635913,0,1,Model_2
21286,1758.5087890625,2704.7073761529755,10472.929569647262,6,0,Model_2
21287,4656.25390625,2636.009643866564,10481.2263544421,21,0,Model_2
21288,3840.001708984375,2670.1802503996296,10479.226191730944,34,0,Model_2
21289,6462.4677734375,2737.1897525499808,10483.027269258331,3,0,Model_2
21290,2383.1279296875,2761.323502944899,10476.92265290318,1,0,Model_2
21291,4195.08984375,2653.50325255387,10485.596471945995,26,0,Model_2
21292,4489.20166015625,2909.1245414033765,10483.457559925031,2,0,Model_2
21293,16760.5390625,2870.2761449200334,10497.026553535274,3,2,Model_2
21294,5007.74560546875,2689.7519817724824,10487.577027816427,23,0,Model_2
21295,9693.935546875,2800.210106136161,10488.56266899877,4,1,Model_2
21296,3795.5810546875,2890.7791072581895,10485.160263899437,1,0,Model_2
21297,4888.6953125,2713.305726721883,10489.554315880072,11,1,Model_2
21298,9224.6767578125,2773.4868155557197,10501.547696704205,6,0,Model_2
21299,4201.0625,2752.122361002257,10497.870265920123,1,0,Model_2
21300,3256.67529296875,2671.1685612659203,10499.854884469263,15,0,Model_2
21301,2308.814208984375,2641.574473891058,10499.119627942113,13,0,Model_2
21302,10754.7451171875,2916.7711766876746,10510.168435966501,2,3,Model_2
21303,11601.3154296875,2837.7949193274835,10513.124034726992,2,1,Model_2
21304,5101.435546875,2691.227543245186,10510.354171038765,17,0,Model_2
21305,7270.57763671875,2630.161946106935,10515.035171782969,80,0,Model_2
21306,4243.7880859375,2736.4698092826875,10509.397145245588,3,0,Model_2
21307,6241.84912109375,2713.065438751597,10511.45029941816,0,0,Model_2
21308,5734.37548828125,2656.47416933591,10515.306399746318,38,1,Model_2
21309,5644.68359375,2801.548261556891,10513.121296834819,1,1,Model_2
21310,4066.86474609375,2606.844576392672,10518.203001346432,11,0,Model_2
21311,3722.400146484375,2675.8389860676834,10522.017856653787,12,0,Model_2
21312,5320.81591796875,2754.7337664724328,10524.638372739922,3,0,Model_2
21313,9064.96484375,2822.025445875246,10533.510291529332,3,1,Model_2
21314,5859.7041015625,2895.8976553148823,10531.253915102228,2,4,Model_2
21315,5055.33447265625,2782.099666260765,10527.63239030994,2,0,Model_2
21316,7822.61669921875,2871.416592135327,10528.047843367443,2,1,Model_2
21317,7333.76953125,2737.2417689113645,10538.22962276396,3,0,Model_2
21318,16246.1982421875,2938.5943418970564,10538.222645554873,0,7,Model_2
21319,4556.02978515625,2712.147326957085,10532.052584744873,4,0,Model_2
21320,5129.57568359375,2648.1041383709526,10537.346785016765,30,0,Model_2
21321,7607.8681640625,2802.426555517246,10548.058920622956,1,1,Model_2
21322,5550.29931640625,2689.260358109139,10539.064503238573,5,1,Model_2
21323,8310.4453125,2607.5594561203616,10547.776652771812,58,0,Model_2
21324,7800.13671875,2663.9746524543734,10553.551308960545,49,2,Model_2
21325,6965.71875,2762.8759381552227,10548.093718349286,2,0,Model_2
21326,19006.396484375,2870.7309428408043,10559.41472584715,4,13,Model_2
21327,5262.31201171875,2720.5486598032294,10551.971456857522,4,0,Model_2
21328,4932.26953125,2783.740253092372,10552.601525333761,1,0,Model_2
21329,9929.3427734375,2907.1143161806976,10559.526096235226,0,11,Model_2
21330,4429.3125,2633.840147307259,10557.760067464427,25,0,Model_2
21331,11402.4716796875,2706.4183922172524,10572.135856074732,9,1,Model_2
21332,6412.29833984375,2680.2037572060945,10564.525840619848,2,0,Model_2
21333,13293.462890625,2841.4197232010774,10568.212456590576,1,5,Model_2
21334,2977.412841796875,2647.335861316533,10563.46777777357,11,0,Model_2
21335,4239.28173828125,2590.2419205147307,10564.77251587274,22,0,Model_2
21336,6827.71875,2734.0248101367615,10573.070537135012,0,1,Model_2
21337,11290.7529296875,2761.0323494176846,10577.928794317653,1,0,Model_2
21338,10000.6494140625,2818.3345858259127,10583.548450481743,0,0,Model_2
21339,2737.97705078125,2620.8963591147913,10576.966557697437,25,0,Model_2
21340,11825.8857421875,2796.98509173037,10592.027967499365,2,1,Model_2
21341,8251.201171875,2635.6731486438075,10593.51773411798,36,0,Model_2
21342,15772.1953125,2904.365274497657,10600.001857655974,1,21,Model_2
21343,3421.9541015625,2652.6627049796516,10586.232203045169,24,0,Model_2
21344,4434.1103515625,2683.5024230970303,10586.795502280023,0,0,Model_2
21345,6831.60205078125,2776.977895951597,10600.325635485227,3,0,Model_2
21346,5987.87890625,2668.7652212412795,10599.134652389897,6,1,Model_2
21347,11755.7060546875,2856.605738794431,10598.486478497674,0,10,Model_2
21348,12157.0849609375,2697.6428177622147,10608.635403188113,7,1,Model_2
21349,11421.609375,2739.11251663405,10605.165345656373,5,0,Model_2
21350,3550.478759765625,2619.139771194081,10603.421484980267,25,0,Model_2
21351,8058.12548828125,2600.1001718014013,10610.765394979739,45,0,Model_2
21352,3680.421630859375,2650.750528296572,10611.429996225,16,0,Model_2
21353,15048.36328125,2877.592959647416,10625.489602448855,5,16,Model_2
21354,15648.6015625,2834.2228222979465,10625.476089626194,2,18,Model_2
21355,8654.599609375,2661.2810795460828,10631.208529283998,7,0,Model_2
21356,8821.7421875,2769.2944349247264,10628.994546026028,2,0,Model_2
21357,8171.02099609375,2707.9514939127257,10628.851734037511,4,0,Model_2
21358,22318.548828125,2792.155395591981,10651.80366076342,1,4,Model_2
21359,9969.12890625,2740.231098564691,10633.857749078401,4,2,Model_2
21360,4460.70166015625,2639.3188971584896,10637.51857587124,31,0,Model_2
21361,7389.12255859375,2819.383429006557,10644.184018526379,2,4,Model_2
21362,2819.69189453125,2586.5100918267854,10635.12053560395,19,0,Model_2
21363,19289.0,2923.696257578442,10656.423279731483,1,20,Model_2
21364,3411.03125,2605.9653617887525,10636.23185486895,18,0,Model_2
21365,7596.76708984375,2682.095449569868,10648.255440826091,0,0,Model_2
21366,16017.4462890625,2890.4092387062265,10662.906166802044,2,10,Model_2
21367,3778.63427734375,2597.160787061439,10650.167814349501,22,0,Model_2
21368,25299.416015625,2852.640526962932,10673.025239635885,4,26,Model_2
21369,6672.83154296875,2708.5064118211158,10655.11730516488,4,0,Model_2
21370,4290.4599609375,2623.5795747829834,10658.028479416884,25,0,Model_2
21371,1418.3717041015625,2724.497760372353,10654.344954614739,0,0,Model_2
21372,7462.75634765625,2639.8031556733185,10667.750292928307,31,0,Model_2
21373,14656.91796875,2665.004162120167,10674.713282639299,4,0,Model_2
21374,10607.1142578125,2741.6215005076956,10664.782417812588,4,1,Model_2
21375,4122.40185546875,2611.3842698083026,10665.144261174959,34,0,Model_2
21376,8400.0517578125,2599.168480514316,10679.51916659424,47,1,Model_2
21377,13132.244140625,2705.1980791727547,10683.68738663014,2,0,Model_2
21378,10414.869140625,2773.9759074492613,10683.476039018191,1,0,Model_2
21379,7746.3525390625,2749.2798739974387,10693.695972266927,2,0,Model_2
21380,15771.4208984375,2932.502903753775,10698.295896075164,0,7,Model_2
21381,7141.92138671875,2635.5725683344062,10696.656958492662,58,1,Model_2
21382,20350.25390625,2688.445128232939,10714.998363118051,14,5,Model_2
21383,12670.6904296875,2768.3052034148714,10719.331121641648,2,2,Model_2
21384,8221.8896484375,2655.0807753013214,10716.980508732326,11,1,Model_2
21385,12121.515625,2949.5907387901098,10724.966410286856,1,10,Model_2
21386,7742.357421875,3060.045410740422,10359.684520304094,1,3,Model_2
21387,27846.955078125,3235.679805757012,10399.293341416073,7,29,Model_2
21388,18165.630859375,3001.732998181251,10389.938935370468,0,4,Model_2
21389,7276.23681640625,3049.00229118648,10381.025065007438,2,0,Model_2
21390,8625.4541015625,3134.8575972592225,10378.839167224018,2,9,Model_2
21391,6183.78759765625,3027.4893828582717,10382.115629283384,3,0,Model_2
21392,14345.29296875,3086.8197970386827,10386.372610017155,3,13,Model_2
21393,31154.791015625,3108.418555379263,10429.642081283768,5,30,Model_2
21394,16997.48046875,3193.6747526525287,10411.13949429657,1,8,Model_2
21395,22998.951171875,3146.2017672586953,10422.385342238325,3,23,Model_2
21396,18172.29296875,3039.759720283444,10425.87686131194,2,9,Model_2
21397,12555.49609375,3071.202690096339,10418.240968360064,3,7,Model_2
21398,9631.9296875,3264.145184122026,10414.6428481299,1,5,Model_2
21399,6121.4375,2964.255900286953,10417.682526675839,2,0,Model_2
21400,17897.564453125,2999.4157383298734,10427.516947042772,5,7,Model_2
21401,4969.13720703125,3173.340728408424,10432.465024752513,0,1,Model_2
21402,14310.0947265625,3250.772606189479,10442.817701612097,1,12,Model_2
21403,26600.544921875,2950.8697428618325,10464.232081085014,4,3,Model_2
21404,7012.30078125,3216.367926030187,10447.820183888893,0,4,Model_2
21405,5292.28466796875,3158.2598963422934,10454.319233355185,2,3,Model_2
21406,12729.2421875,3186.6113450662233,10458.846293903975,2,14,Model_2
21407,13297.384765625,3067.1698109628633,10465.053360417864,0,7,Model_2
21408,8602.5458984375,3041.0548356175423,10458.01918551037,3,13,Model_2
21409,19551.951171875,2986.713388912147,10475.507604245162,2,3,Model_2
21410,12131.4189453125,3020.1557663858403,10478.048014905457,2,13,Model_2
21411,34396.953125,3131.304373422754,10486.532036197299,6,20,Model_2
21412,16111.9814453125,3223.7425111412304,10484.811315126011,6,24,Model_2
21413,6887.4345703125,3081.2222841676557,10487.754019297558,1,10,Model_2
21414,24593.486328125,3185.568946390529,10501.442508653294,2,30,Model_2
21415,12120.5400390625,3052.2247738224687,10501.451782159042,1,11,Model_2
21416,11588.3828125,2956.1528559556464,10507.336925544827,0,11,Model_2
21417,12358.9052734375,3008.9172402353724,10511.675778086486,2,16,Model_2
21418,19197.943359375,3090.7518657018663,10525.013728924954,2,18,Model_2
21419,19195.52734375,3129.199321912951,10534.255263157742,3,10,Model_2
21420,34621.76171875,2983.9505375756416,10549.976151696996,8,20,Model_2
21421,11930.978515625,3046.5761652336223,10528.086173857868,2,11,Model_2
21422,8556.201171875,3199.3951714393916,10536.954118287671,1,18,Model_2
21423,10436.5654296875,3154.264303273172,10550.142191609433,3,7,Model_2
21424,7632.44140625,3035.160185036133,10549.094197140825,1,12,Model_2
21425,3280.36083984375,3176.1868979875,10554.4177193547,1,2,Model_2
21426,23831.314453125,3087.427651952021,10567.267265557115,11,21,Model_2
21427,13010.810546875,3009.030939715565,10580.392455677997,2,4,Model_2
21428,17206.140625,3042.7458276842954,10582.123245126953,3,6,Model_2
21429,2635.96337890625,2930.0390314147808,10564.793359180898,0,2,Model_2
21430,14613.810546875,2946.0324514140375,10584.83808601441,1,6,Model_2
21431,14925.9921875,3137.686274610576,10588.704872953953,2,11,Model_2
21432,11885.1806640625,3167.71605655225,10584.579664320903,1,12,Model_2
21433,6174.4521484375,3099.6929258375894,10594.87369729652,2,7,Model_2
21434,12103.7275390625,3117.3522503664717,10612.748423785037,2,7,Model_2
21435,14221.6416015625,2938.440364260925,10614.956666301354,1,16,Model_2
21436,7108.509765625,2994.201673503383,10612.881608991396,1,2,Model_2
21437,8660.3037109375,3063.0639708269155,10621.772957983325,3,9,Model_2
21438,22813.3828125,3037.2422204568284,10633.444327360252,4,20,Model_2
21439,3795.59619140625,2973.977205843432,10624.46677892442,0,5,Model_2
21440,13294.234375,3001.877309059957,10643.109881603472,0,8,Model_2
21441,13240.349609375,2961.0078697920544,10649.995592099898,1,7,Model_2
21442,12227.6298828125,3137.8832923333393,10666.297973609093,4,9,Model_2
21443,12981.142578125,3031.012915939791,10673.885114416466,3,7,Model_2
21444,17236.353515625,2980.1485098159174,10676.100422460971,6,6,Model_2
21445,16062.3876953125,3082.896704650251,10692.962393802722,0,8,Model_2
21446,6717.59716796875,3126.071435403195,10690.29860135643,0,3,Model_2
21447,4680.18994140625,3056.5941481787013,10711.660784239852,0,4,Model_2
21448,3081.55126953125,3040.15582717699,10701.982688684097,1,2,Model_2
21449,20130.640625,3295.4576527096797,10450.981654476986,3,4,Model_2
21450,7687.71240234375,3260.904288614751,10467.537953405466,0,10,Model_2
21451,4382.58740234375,3354.9837036475074,10515.202536481942,1,0,Model_2
21452,28888.697265625,3337.4254197498085,10559.052264251062,8,9,Model_2
21453,27374.064453125,3339.4565896135755,10599.666510024312,4,14,Model_2
21454,6474.64404296875,3379.7306026562583,10585.687362502707,0,7,Model_2
21455,6337.24169921875,3381.6901924829,10607.296838872739,2,3,Model_2
21456,7585.31396484375,3402.4449508358957,10628.726585869466,2,6,Model_2
21457,25969.92578125,3294.364158316166,10644.891366217184,2,9,Model_2
21458,63821.50390625,3377.616114549921,10668.029999525483,6,27,Model_2
21459,2964.05859375,3304.313783476595,10673.951971976952,0,3,Model_2
21460,27347.87890625,3431.492866416229,10713.675607922,1,8,Model_2
21461,12813.861328125,4048.6642323033884,10366.482883208286,1,12,Model_2
21462,22284.4609375,4091.1491708657704,10381.325791550975,4,9,Model_2
21463,12385.26171875,4135.89382905676,10378.744135869878,3,18,Model_2
21464,13948.5478515625,4230.504225265235,10399.653771672805,2,16,Model_2
21465,7436.96240234375,4156.570562867681,10401.649430109741,1,25,Model_2
21466,6195.0654296875,4259.287685981719,10396.378546080872,0,10,Model_2
21467,10486.927734375,4108.79514606297,10414.493058932298,0,5,Model_2
21468,6199.271484375,4134.952931334032,10413.267543067945,0,15,Model_2
21469,24404.0859375,4073.7761664853897,10434.638027946989,5,39,Model_2
21470,24514.74609375,4191.182617989834,10436.082486866093,2,30,Model_2
21471,13192.2021484375,4256.334721749183,10421.486430414501,2,10,Model_2
21472,12687.599609375,4157.231124625076,10436.93662090502,1,14,Model_2
21473,4558.6650390625,4215.294272939209,10432.069531812143,1,6,Model_2
21474,6314.24365234375,4032.9760056457017,10437.072279046246,0,2,Model_2
21475,31788.078125,4118.9990990080405,10462.296832914093,5,44,Model_2
21476,21071.5546875,4238.457204695558,10462.7498215901,1,15,Model_2
21477,26339.576171875,4037.734812229639,10470.568270126554,5,27,Model_2
21478,14470.251953125,4164.1815232138615,10474.795752280137,1,24,Model_2
21479,8912.1220703125,4205.291480612941,10483.02382481334,1,2,Model_2
21480,17354.646484375,4286.531370336888,10485.06867699029,2,10,Model_2
21481,10540.09765625,4079.0275173762348,10485.372053106898,0,22,Model_2
21482,27363.138671875,4007.5068617607467,10513.909898099795,2,11,Model_2
21483,16111.7802734375,4239.358054423239,10504.20301051667,1,13,Model_2
21484,20789.208984375,4059.496984802885,10518.903548466355,1,15,Model_2
21485,9773.109375,4110.992722250987,10507.068435473651,1,4,Model_2
21486,19151.884765625,4176.5066389311105,10508.232746200069,1,11,Model_2
21487,1612.154541015625,4120.825655839639,10498.409100763623,0,2,Model_2
21488,12598.904296875,4272.403634520713,10517.732790445465,0,2,Model_2
21489,13196.171875,4208.288175414782,10526.774193592304,0,11,Model_2
21490,14213.97265625,4096.771080791252,10538.568149883307,0,19,Model_2
21491,23105.912109375,4144.325543140527,10550.9715962997,0,11,Model_2
21492,5151.99755859375,4123.21196395834,10525.2661449195,3,1,Model_2
21493,9297.595703125,4262.509478135034,10540.809953658521,0,7,Model_2
21494,11821.8779296875,4227.513974968344,10553.57921779689,1,7,Model_2
21495,4080.49658203125,4034.332573937718,10541.79585979817,1,5,Model_2
21496,23493.34375,4007.49903629045,10563.517943023711,5,33,Model_2
21497,24245.828125,4182.26480410411,10568.050655995052,1,21,Model_2
21498,25005.3984375,4059.8799725256395,10569.765106410072,2,29,Model_2
21499,8922.3193359375,4262.47863657563,10564.9057010791,2,4,Model_2
21500,11006.134765625,4106.3011226472445,10576.358480677685,0,15,Model_2
21501,20389.208984375,3974.788570450386,10597.091213318585,0,18,Model_2
21502,13403.0361328125,4228.087535908911,10588.62582735734,4,9,Model_2
21503,18242.513671875,4261.442912565777,10597.461358676577,4,5,Model_2
21504,10615.3857421875,4138.848634576425,10594.282930820831,1,3,Model_2
21505,17376.501953125,4189.548475663178,10604.110285659575,2,9,Model_2
21506,7179.75634765625,4078.881595371291,10597.976082405134,0,15,Model_2
21507,4890.66357421875,4032.0710130219813,10598.374401556779,1,3,Model_2
21508,11876.853515625,4007.619180275593,10609.30989617284,2,13,Model_2
21509,8483.1064453125,4047.6432385905646,10613.758529358733,0,14,Model_2
21510,15854.00390625,4106.056231459137,10618.246287906972,1,5,Model_2
21511,10880.119140625,4139.444290962536,10625.504705015359,2,3,Model_2
21512,22916.62109375,4065.7177733669523,10641.010624859467,1,2,Model_2
21513,11809.0546875,4169.65981274331,10631.27741818384,0,5,Model_2
21514,2338.1611328125,4274.191064000828,10616.583150890423,1,2,Model_2
21515,24466.4140625,4219.449597666739,10648.76354062197,0,17,Model_2
21516,10467.8125,4256.887568209553,10632.825563729115,1,5,Model_2
21517,15223.6787109375,4019.744976661168,10642.09430024543,3,9,Model_2
21518,21852.787109375,3982.247624608455,10651.362595166232,4,10,Model_2
21519,14860.75390625,4189.856891257223,10663.515656927433,3,3,Model_2
21520,19975.69140625,4116.009309032932,10668.336996725287,2,11,Model_2
21521,6689.20751953125,4140.392553833779,10654.785843573722,0,8,Model_2
21522,12459.978515625,4252.443161402829,10661.992329049921,0,11,Model_2
21523,4452.98779296875,4160.517361827893,10660.769816035048,1,8,Model_2
21524,11142.962890625,4275.679744644323,10677.487297325337,6,5,Model_2
21525,18027.619140625,4026.4099757450167,10682.267303783286,2,15,Model_2
21526,10892.328125,4159.368858981412,10697.183958576446,1,3,Model_2
21527,10028.2978515625,4202.340357667534,10693.179482156324,0,5,Model_2
21528,8766.759765625,4253.94381041266,10702.122586142235,1,0,Model_2
21529,16644.701171875,3996.022753939498,10716.609745140617,4,14,Model_2
21530,11863.1484375,4215.094493285753,10733.198898775176,3,3,Model_2
21531,10318.2001953125,4187.266660589026,10740.094147734657,0,11,Model_2
21532,5332.7255859375,4259.441433456959,10743.586285041987,1,3,Model_2
21533,6831.5703125,4282.415633282624,10360.994380911201,0,15,Model_2
21534,7369.2451171875,4311.885433776304,10363.121634810654,0,11,Model_2
21535,42721.23828125,4523.153337949654,10401.685640941709,5,34,Model_2
21536,6838.24853515625,4604.057192772627,10383.78053268198,2,1,Model_2
21537,6617.5595703125,4286.193954470567,10390.416565076033,0,7,Model_2
21538,25213.30078125,4572.819756635465,10417.527350012992,7,41,Model_2
21539,5205.77783203125,4362.363860085839,10401.056985571107,0,2,Model_2
21540,20534.2734375,4434.086136641912,10417.671133511634,2,11,Model_2
21541,10003.4013671875,4468.053741269046,10417.373939732192,3,4,Model_2
21542,10351.267578125,4603.44312351523,10417.063233130088,3,3,Model_2
21543,12213.8564453125,4393.65423322795,10424.646841173366,1,8,Model_2
21544,20336.181640625,4280.9430639015045,10443.450772937817,2,19,Model_2
21545,15812.7109375,4324.959493033122,10437.455407312285,1,25,Model_2
21546,29248.05859375,4559.415186339058,10475.365940404976,7,55,Model_2
21547,4847.98681640625,4464.71870995732,10442.993633263999,0,3,Model_2
21548,22503.662109375,4509.097872653278,10456.905481629605,1,28,Model_2
21549,18032.66015625,4597.237985891756,10460.647915273024,2,5,Model_2
21550,11893.8349609375,4411.035983722191,10463.570306051028,0,12,Model_2
21551,18282.52734375,4442.431310230633,10467.57884514986,0,16,Model_2
21552,14556.283203125,4381.078702461207,10465.543089840452,2,5,Model_2
21553,29006.822265625,4475.857116120169,10494.445516087893,3,29,Model_2
21554,13794.595703125,4606.710947846761,10489.549811605852,3,12,Model_2
21555,4388.0341796875,4539.894780844916,10492.171387521215,0,7,Model_2
21556,19950.8671875,4514.52368549956,10510.634054274145,0,14,Model_2
21557,5387.52197265625,4408.789613425266,10496.508385361725,3,11,Model_2
21558,11208.552734375,4381.580453203758,10506.320549314863,0,6,Model_2
21559,24691.583984375,4432.72404448851,10526.296033972125,3,15,Model_2
21560,2852.765380859375,4362.580211323453,10511.141005921694,1,0,Model_2
21561,10146.04296875,4617.396397375967,10515.68255080327,2,6,Model_2
21562,21445.6484375,4547.897475027712,10533.542881278103,0,25,Model_2
21563,6084.34228515625,4403.791899836389,10521.860295375176,0,8,Model_2
21564,12476.60546875,4576.217391709564,10552.328619307467,0,18,Model_2
21565,15517.404296875,4469.764297011541,10545.644806279037,2,28,Model_2
21566,23391.138671875,4302.746665435145,10557.45669134782,2,18,Model_2
21567,16405.08203125,4380.668555753306,10552.411639263686,1,12,Model_2
21568,13784.4453125,4512.884939955082,10555.538400444551,0,14,Model_2
21569,24355.02734375,4337.884408032522,10573.680203898606,0,4,Model_2
21570,5927.33984375,4593.765318367165,10565.39437067246,1,12,Model_2
21571,24142.466796875,4404.187316247262,10585.791755681697,1,2,Model_2
21572,17728.7734375,4442.372849364299,10581.518259275785,0,19,Model_2
21573,9702.685546875,4552.728552131448,10574.869773888298,5,14,Model_2
21574,16797.7734375,4482.099539807998,10581.604811996098,2,8,Model_2
21575,15000.63671875,4515.411185895558,10598.852826134265,3,14,Model_2
21576,27258.298828125,4597.770578193711,10610.31646898244,4,38,Model_2
21577,17977.61328125,4552.972522675991,10608.018494258125,0,25,Model_2
21578,6021.03955078125,4363.5823318432085,10601.064601414677,0,4,Model_2
21579,10661.6796875,4299.547429049155,10607.903591105955,1,11,Model_2
21580,16159.9013671875,4476.4311373825185,10622.004618988816,1,22,Model_2
21581,12628.130859375,4441.08394837426,10622.733693178801,1,15,Model_2
21582,16534.376953125,4338.580874888925,10621.124607452897,2,12,Model_2
21583,10664.5390625,4381.9717267185915,10631.936896921165,3,0,Model_2
21584,13040.1494140625,4533.523927379865,10648.61083689399,2,10,Model_2
21585,9917.794921875,4508.159736861242,10639.139054761348,0,8,Model_2
21586,12278.9658203125,4296.086269569118,10642.297610819063,4,15,Model_2
21587,5964.759765625,4430.2507355529815,10646.130924818812,0,1,Model_2
21588,18193.396484375,4567.831249482231,10651.83916504257,4,22,Model_2
21589,18348.171875,4337.316831275122,10653.207316257234,1,13,Model_2
21590,14200.3095703125,4453.2926026806235,10668.20204513688,3,7,Model_2
21591,15707.57421875,4486.117228322662,10666.891124700545,1,14,Model_2
21592,12700.1513671875,4376.388023501029,10666.06701915642,0,11,Model_2
21593,10263.408203125,4301.66582989064,10681.402306494769,1,8,Model_2
21594,8800.404296875,4523.039178147679,10678.599499781361,0,9,Model_2
21595,13610.064453125,4429.797318597557,10692.982795515367,0,7,Model_2
21596,8353.044921875,4600.287617698545,10684.328936589685,4,1,Model_2
21597,16312.5546875,4328.544939394342,10697.325445778428,3,9,Model_2
21598,1953.2401123046875,4547.951332676224,10680.356873280129,0,2,Model_2
21599,7938.94482421875,4571.789556486998,10686.796219033225,1,3,Model_2
21600,6407.017578125,4355.536367412889,10691.885960583153,0,1,Model_2
21601,15963.9677734375,4396.522498252569,10697.314140933326,0,9,Model_2
21602,7398.43408203125,4538.739373171702,10708.098963160759,1,13,Model_2
21603,10258.8388671875,4462.738405650482,10716.424981578479,1,12,Model_2
21604,9451.3115234375,4595.50165212946,10716.427984427959,2,1,Model_2
21605,15559.1533203125,4364.723929862957,10719.613919407406,2,9,Model_2
21606,7307.91015625,4575.747403169982,10734.253605495564,0,6,Model_2
21607,8180.39501953125,4734.047460835893,10366.672504321054,42,1,Model_2
21608,3622.220947265625,4753.402610810241,10377.768298107898,25,0,Model_2
21609,6205.72607421875,4784.084898878122,10391.804676407832,4,0,Model_2
21610,7187.6474609375,4631.253924306016,10407.808362712844,1,0,Model_2
21611,6295.841796875,4759.784051676281,10403.21002864845,53,0,Model_2
21612,2891.63330078125,4742.302411355311,10400.663788927399,17,0,Model_2
21613,4821.02685546875,4691.606713164598,10405.185991925558,0,0,Model_2
21614,10820.796875,4666.381079502404,10411.560334819318,1,0,Model_2
21615,5031.640625,4793.114110635128,10415.613298426637,5,0,Model_2
21616,12337.4912109375,4707.042683485663,10425.011775704319,5,0,Model_2
21617,3375.144775390625,4773.798088012263,10416.364187434905,16,0,Model_2
21618,7239.06982421875,4741.313179845456,10428.43546570732,37,2,Model_2
21619,5008.34033203125,4725.3906494006515,10440.377003218367,1,0,Model_2
21620,13663.5458984375,4638.63702537003,10437.456643779718,3,0,Model_2
21621,2122.086669921875,4763.876312319655,10427.15616350963,22,0,Model_2
21622,6424.70263671875,4670.643659205176,10439.42598312415,0,1,Model_2
21623,953.4287719726562,4779.335298729828,10431.878762551045,4,0,Model_2
21624,6714.07861328125,4797.209593530977,10440.594621486583,9,0,Model_2
21625,5131.88037109375,4759.63444709708,10442.597610409015,37,0,Model_2
21626,5532.9111328125,4776.593161873519,10453.714424142221,48,0,Model_2
21627,7844.630859375,4692.167845417047,10452.15073443493,3,1,Model_2
21628,4796.85986328125,4747.276188211516,10462.063493845657,21,0,Model_2
21629,6430.74560546875,4711.508265094366,10466.938884934156,2,2,Model_2
21630,18233.35546875,4715.226744450629,10486.750272699232,1,32,Model_2
21631,9995.796875,4653.263289676281,10467.186620016277,4,0,Model_2
21632,7633.107421875,4803.778845684137,10471.842008220796,11,0,Model_2
21633,9862.5029296875,4636.929231558228,10488.714401216625,4,34,Model_2
21634,4008.66162109375,4782.37066056137,10472.00831309054,30,0,Model_2
21635,5504.115234375,4681.4266969522,10475.279564322867,1,1,Model_2
21636,5950.15576171875,4763.655818186002,10478.597359722138,33,0,Model_2
21637,3536.301513671875,4747.774716701591,10492.9528349389,39,0,Model_2
21638,4481.39794921875,4668.788562423084,10494.204493257552,0,6,Model_2
21639,4731.560546875,4800.7651189763565,10494.230105797236,6,0,Model_2
21640,3922.521240234375,4766.487717789831,10497.328781503551,28,0,Model_2
21641,2819.295166015625,4783.5030521454755,10501.805411844893,22,0,Model_2
21642,6943.19970703125,4663.47138551739,10515.881887017298,2,7,Model_2
21643,12134.4140625,4693.384475887287,10520.305967492735,0,3,Model_2
21644,7768.0966796875,4728.144754623296,10514.879641843712,1,1,Model_2
21645,7201.20556640625,4805.311717218719,10515.901493858022,7,0,Model_2
21646,8846.3876953125,4752.578174498398,10526.43619638757,88,0,Model_2
21647,1812.422607421875,4774.458189447876,10512.913217029658,26,0,Model_2
21648,11242.00390625,4642.587046582717,10534.09726028362,1,4,Model_2
21649,4551.263671875,4773.086430537049,10525.909902856605,42,0,Model_2
21650,6650.9716796875,4804.1231663771905,10538.483981778758,8,0,Model_2
21651,14145.0029296875,4610.708382203011,10547.644262437374,1,24,Model_2
21652,10205.169921875,4725.0854560590815,10541.451503618067,7,0,Model_2
21653,5865.5859375,4785.408784323605,10545.466490011371,30,0,Model_2
21654,13064.8173828125,4687.9250595509075,10551.581351382396,6,1,Model_2
21655,3998.345458984375,4655.168561532628,10550.335963720012,2,2,Model_2
21656,3563.061767578125,4768.102986923419,10551.54929154824,20,1,Model_2
21657,3987.555908203125,4750.294518137118,10559.028859688937,40,0,Model_2
21658,9359.1416015625,4805.872849471169,10568.541445246869,5,0,Model_2
21659,14167.7578125,4655.761455988046,10573.543927523664,9,3,Model_2
21660,3735.13134765625,4733.0987376428675,10566.353869400504,4,0,Model_2
21661,10428.439453125,4774.6510642746,10576.879563381612,58,0,Model_2
21662,8701.3388671875,4715.23134766845,10576.50941802362,0,1,Model_2
21663,21981.51171875,4636.921406087931,10603.15555616306,4,38,Model_2
21664,3388.092529296875,4748.375436627306,10580.977834688441,10,1,Model_2
21665,11305.2001953125,4684.811443016399,10590.936608351498,1,2,Model_2
21666,6268.18896484375,4807.263021253282,10595.140067709239,4,2,Model_2
21667,4903.90869140625,4731.2201644498855,10596.55970896058,0,0,Model_2
21668,4476.95068359375,4749.971372246044,10602.746903676438,49,0,Model_2
21669,5829.5458984375,4787.073307887884,10607.724744923675,36,0,Model_2
21670,4400.6474609375,4698.544683065265,10606.804018281568,0,0,Model_2
21671,6675.47607421875,4765.414707715623,10608.869713766675,77,0,Model_2
21672,5515.4326171875,4718.679157816805,10612.923560565017,2,12,Model_2
21673,5466.52978515625,4808.014726723544,10618.691239544663,15,0,Model_2
21674,10475.615234375,4669.899318883428,10630.238962178286,2,15,Model_2
21675,6641.3720703125,4732.784337865654,10632.44861780024,5,1,Model_2
21676,13300.6591796875,4699.556010020664,10635.956299269586,1,1,Model_2
21677,5459.3271484375,4774.723795116181,10633.35856951186,52,0,Model_2
21678,4033.862548828125,4751.414941354888,10630.52909042954,23,0,Model_2
21679,1750.75537109375,4791.32391922432,10632.136586411601,22,0,Model_2
21680,4171.033203125,4808.554223852232,10639.300502080463,10,0,Model_2
21681,14120.94921875,4642.674047399545,10649.86805931609,5,16,Model_2
21682,4567.12158203125,4761.8554996959865,10649.526882623672,61,0,Model_2
21683,10822.330078125,4606.169149109162,10655.418561623032,1,5,Model_2
21684,3823.7080078125,4789.698983333306,10649.32030424325,30,0,Model_2
21685,18466.84375,4719.948264970211,10674.303482004347,7,1,Model_2
21686,3912.7724609375,4745.394392766058,10661.747508498178,35,0,Model_2
21687,4787.56884765625,4809.067942961119,10660.851334566527,7,1,Model_2
21688,7899.02783203125,4690.718752446817,10666.97246659382,3,0,Model_2
21689,4387.70166015625,4666.191426928155,10666.446084743751,2,1,Model_2
21690,3648.16015625,4758.854661998106,10668.266253124297,31,0,Model_2
21691,7523.22900390625,4782.788632739568,10672.681413370396,50,1,Model_2
21692,4537.30419921875,4625.434076014208,10675.229772749903,1,5,Model_2
21693,10592.5966796875,4640.965793265961,10692.07929109822,1,19,Model_2
21694,5277.873046875,4806.914097342407,10682.865665701778,19,0,Model_2
21695,20120.740234375,4671.987338487292,10702.77155490638,4,5,Model_2
21696,2218.76025390625,4763.331291329581,10682.974386516784,13,0,Model_2
21697,7591.248046875,4746.477529919473,10696.189132207459,109,0,Model_2
21698,3935.779296875,4794.261692838045,10696.416023981423,10,0,Model_2
21699,5526.6982421875,4776.031108977506,10702.353805552215,42,2,Model_2
21700,6651.07421875,4799.6175367734395,10714.642348816436,24,0,Model_2
21701,2459.063720703125,4768.118637864012,10716.092725115399,59,0,Model_2
21702,6903.70458984375,4635.344803984044,10722.330614996012,3,1,Model_2
21703,5859.0244140625,4749.542352345074,10720.260945151298,129,0,Model_2
21704,10256.1005859375,4615.0602643315215,10724.565883157651,1,0,Model_2
21705,4689.2001953125,4730.591364895459,10726.286074314325,65,5,Model_2
21706,558.7448120117188,4689.84644266963,10721.408475248267,0,1,Model_2
21707,5740.1796875,5600.46972242929,10365.255689280988,2,0,Model_2
21708,7437.421875,5465.3864541682415,10368.593268159188,6,0,Model_2
21709,1221.38525390625,5640.164190348238,10370.81590668919,1,0,Model_2
21710,4523.326171875,5564.575210822048,10388.297966448612,1,1,Model_2
21711,5817.64306640625,5442.529176075244,10400.506404286993,15,0,Model_2
21712,5309.68994140625,5505.463909809943,10403.823493133445,7,0,Model_2
21713,2556.464111328125,5558.727282901527,10402.943834873935,3,0,Model_2
21714,1181.7509765625,5573.755868445383,10406.213408043317,2,0,Model_2
21715,4627.76611328125,5522.137225081446,10417.003706055097,2,0,Model_2
21716,18876.052734375,5609.536680572433,10426.692311584033,8,19,Model_2
21717,3635.78173828125,5555.767413842259,10415.589363949897,3,0,Model_2
21718,1898.8433837890625,5427.286080580903,10415.313455074123,1,0,Model_2
21719,1222.0809326171875,5503.7473698842805,10420.077034179034,0,0,Model_2
21720,4480.18994140625,5538.786603620276,10428.18437449931,1,2,Model_2
21721,3814.082763671875,5568.243515104055,10426.879989676549,3,0,Model_2
21722,5517.84130859375,5463.764740529703,10434.478788605433,31,0,Model_2
21723,7560.59033203125,5441.010114194127,10437.786074031523,45,0,Model_2
21724,6862.6220703125,5500.642959785415,10441.443191422062,15,1,Model_2
21725,3934.302734375,5560.772952901432,10442.239211491637,1,0,Model_2
21726,4398.369140625,5520.7249578537885,10447.454012890506,5,0,Model_2
21727,9258.583984375,5591.079158073291,10445.865152239043,7,2,Model_2
21728,4091.710205078125,5540.036837580614,10447.976155423661,3,0,Model_2
21729,13526.078125,5430.852653749054,10463.36982168867,49,1,Model_2
21730,1227.4765625,5480.543009167537,10449.483939139158,0,0,Model_2
21731,12794.638671875,5470.457819242263,10468.551238466847,53,2,Model_2
21732,5640.59716796875,5552.038807406789,10463.70958527545,2,0,Model_2
21733,4488.69580078125,5500.649864612147,10465.112887492854,3,0,Model_2
21734,7722.3857421875,5596.182745672064,10468.553534763509,6,1,Model_2
21735,3214.2724609375,5523.7805738437455,10464.463123856789,2,0,Model_2
21736,6037.76708984375,5571.811929559335,10472.803449969091,8,1,Model_2
21737,2514.28369140625,5610.027843913995,10479.879223173797,1,10,Model_2
21738,7645.27734375,5525.347509190207,10481.850417219379,10,1,Model_2
21739,6053.8935546875,5389.123563552974,10482.529767754735,17,0,Model_2
21740,13429.0966796875,5498.80857748352,10497.845889847871,12,1,Model_2
21741,3607.75146484375,5441.445578600047,10486.226452103132,31,1,Model_2
21742,8440.8740234375,5555.177281317534,10494.819370848185,6,2,Model_2
21743,4387.75146484375,5456.778436841909,10498.743741842467,21,0,Model_2
21744,3640.697021484375,5422.107000209857,10492.74069245503,33,0,Model_2
21745,10772.478515625,5610.454562206054,10503.970024724644,3,29,Model_2
21746,6355.46533203125,5585.290611662669,10500.22370504072,4,3,Model_2
21747,1607.45654296875,5573.182307504816,10491.317871716004,0,0,Model_2
21748,4658.21923828125,5472.535711766919,10500.88035756677,19,0,Model_2
21749,14456.2880859375,5397.877963206032,10517.326875851017,40,1,Model_2
21750,1466.430908203125,5380.3903387018945,10504.119284007633,1,0,Model_2
21751,5810.029296875,5524.453103967477,10515.935938307943,3,1,Model_2
21752,7814.634765625,5543.718030872522,10515.934613521407,3,0,Model_2
21753,5407.96728515625,5441.208973204019,10512.009271017,8,0,Model_2
21754,2819.013427734375,5423.873715209775,10509.415692257084,13,0,Model_2
21755,6929.919921875,5461.65324451495,10534.42395264325,34,0,Model_2
21756,9745.3974609375,5581.433575449977,10527.026079672236,6,5,Model_2
21757,6635.1943359375,5497.134847483598,10529.217276601797,2,1,Model_2
21758,1994.886962890625,5450.555806990713,10524.557737399467,9,0,Model_2
21759,9478.859375,5412.26025696774,10539.03332659544,23,1,Model_2
21760,2529.266357421875,5555.467284040293,10530.006231143183,2,0,Model_2
21761,3108.136474609375,5435.732524961699,10538.250995986731,9,0,Model_2
21762,7998.21044921875,5522.303861566586,10542.279583521798,7,2,Model_2
21763,5170.68994140625,5475.905267212307,10547.844128566016,8,1,Model_2
21764,5893.095703125,5602.928761389572,10546.401082752549,1,11,Model_2
21765,12541.703125,5578.198894286761,10557.558434953738,8,12,Model_2
21766,5040.4677734375,5378.462971400004,10552.870280362244,47,0,Model_2
21767,4965.05908203125,5549.852739263326,10550.952342735385,4,1,Model_2
21768,5973.58251953125,5444.4316860008985,10557.816591689938,17,1,Model_2
21769,6841.67822265625,5497.848806567723,10559.171318401044,12,0,Model_2
21770,2930.9013671875,5423.880159714725,10555.161277877472,6,0,Model_2
21771,3050.454833984375,5407.102811720455,10562.697458562783,21,1,Model_2
21772,3834.262451171875,5517.3052273341455,10564.217518633508,3,1,Model_2
21773,9063.5732421875,5534.621151813539,10575.207152859315,4,2,Model_2
21774,7351.1689453125,5460.854125901125,10575.50628965901,13,1,Model_2
21775,6230.20556640625,5484.858065553475,10576.066586044384,4,0,Model_2
21776,4878.03564453125,5385.354448800674,10574.388964695048,22,0,Model_2
21777,3314.55029296875,5556.353863792727,10576.538210050989,0,0,Model_2
21778,2754.987548828125,5426.575804071035,10574.633608608587,8,0,Model_2
21779,3984.6787109375,5412.148398774676,10581.976282140626,6,0,Model_2
21780,4115.00048828125,5439.479544268455,10583.796538840274,23,1,Model_2
21781,22183.84375,5571.9481848068535,10601.611561615595,8,1,Model_2
21782,7385.52001953125,5512.263783175964,10593.993862398806,4,0,Model_2
21783,4993.0166015625,5389.334390929202,10592.252033062054,17,0,Model_2
21784,9916.3935546875,5360.117307093926,10601.550268158557,19,0,Model_2
21785,3610.429931640625,5420.733860333683,10598.275130885726,4,0,Model_2
21786,2596.97802734375,5462.893811717862,10596.993444072272,2,0,Model_2
21787,7916.57861328125,5485.541183078196,10601.747308075923,4,0,Model_2
21788,2692.721435546875,5545.393602159573,10595.812970950123,7,1,Model_2
21789,2913.078369140625,5447.821035282919,10603.289624560442,6,0,Model_2
21790,3860.90380859375,5399.2874685029965,10605.856089355933,16,0,Model_2
21791,9197.861328125,5521.391503794352,10617.165438732285,5,0,Model_2
21792,5639.3369140625,5433.107770159841,10614.483982465521,8,0,Model_2
21793,5879.25830078125,5470.869807237294,10620.446581704076,7,1,Model_2
21794,8548.70703125,5378.710164197022,10624.079852936979,57,0,Model_2
21795,13342.501953125,5604.568887899397,10629.738899420721,6,15,Model_2
21796,3859.713134765625,5400.105920631671,10628.613625737547,4,0,Model_2
21797,8650.072265625,5450.738554738229,10633.167976888966,11,0,Model_2
21798,5691.134765625,5495.624071394559,10627.926679759388,5,0,Model_2
21799,13872.6865234375,5568.849758891156,10641.103978150662,6,0,Model_2
21800,6756.1181640625,5539.158543620259,10635.087504259667,1,1,Model_2
21801,9135.2060546875,5421.39488241286,10640.204801369531,42,0,Model_2
21802,7443.80810546875,5508.769020205829,10649.265458080685,9,1,Model_2
21803,7111.17919921875,5483.652022484224,10651.842344530254,5,0,Model_2
21804,8521.712890625,5386.838065904565,10654.264672550693,28,0,Model_2
21805,8743.80078125,5462.873097237665,10659.90031447231,5,1,Model_2
21806,10990.603515625,5526.869333002018,10666.412435165752,4,1,Model_2
21807,8164.7431640625,5594.289442182053,10661.35060245217,2,7,Model_2
21808,8042.8291015625,5409.954505160917,10671.11604560016,40,1,Model_2
21809,5648.50830078125,5435.133646323113,10667.760626263283,14,0,Model_2
21810,4170.8544921875,5553.121944560204,10666.57997650293,0,1,Model_2
21811,3075.480712890625,5499.343011072604,10675.933587676613,1,0,Model_2
21812,8537.1181640625,5451.066303847125,10686.743757486423,10,1,Model_2
21813,9233.1240234375,5560.188804559875,10686.34923605618,6,1,Model_2
21814,4989.70361328125,5487.055641741492,10686.610660599166,4,1,Model_2
21815,9373.3818359375,5590.065989830764,10692.608057564052,3,10,Model_2
21816,5257.029296875,5423.931255432544,10690.416683996285,34,0,Model_2
21817,5684.126953125,5471.059920133324,10697.08945713692,7,1,Model_2
21818,8084.220703125,5509.724187903805,10699.73479089082,6,1,Model_2
21819,3985.51025390625,5413.838240036974,10712.381556434215,27,0,Model_2
21820,5012.55419921875,5376.504302216927,10721.050252969093,23,0,Model_2
21821,2933.41552734375,5459.465335084358,10726.420142711708,1,0,Model_2
21822,397.8830261230469,5510.341019091895,10717.955110026873,1,0,Model_2
21823,17805.267578125,5718.195637250552,10368.532946212275,12,20,Model_2
21824,1258.771484375,5799.5331151923165,10353.351069154727,1,0,Model_2
21825,10203.525390625,5906.917440855643,10380.32169167624,1,16,Model_2
21826,3323.662109375,5632.399942848599,10379.586523468191,1,0,Model_2
21827,5083.18505859375,5649.332419283455,10383.7251566048,4,7,Model_2
21828,13239.5380859375,5780.7395577922,10402.212022791777,2,5,Model_2
21829,11851.353515625,5666.030131609412,10403.942723921631,3,31,Model_2
21830,5745.2548828125,5819.411651032977,10414.006155720985,0,15,Model_2
21831,12349.470703125,5653.37358420901,10428.104445711673,2,45,Model_2
21832,2317.60498046875,5814.873338582693,10430.351813590336,0,1,Model_2
21833,11382.083984375,5711.742386186495,10446.968522784831,5,14,Model_2
21834,9839.599609375,5779.351227297215,10457.354407626903,1,14,Model_2
21835,9667.0634765625,5632.8018037644215,10460.810422421368,1,56,Model_2
21836,12642.8876953125,5799.951087370515,10476.189339396282,1,8,Model_2
21837,1695.381591796875,5656.816791139543,10456.17269803732,1,9,Model_2
21838,4193.71435546875,5865.987008951604,10463.476157887912,1,3,Model_2
21839,18334.654296875,5831.564146081917,10480.539850059453,2,17,Model_2
21840,16663.9609375,5645.591384159867,10492.395453083904,5,44,Model_2
21841,2511.06201171875,5771.989761356963,10483.150032810612,0,0,Model_2
21842,16806.39453125,5855.588339892682,10511.821592924483,12,23,Model_2
21843,8069.70947265625,5749.5223758134525,10511.01815405031,1,2,Model_2
21844,18098.849609375,5798.248817420099,10517.984499887192,2,15,Model_2
21845,8572.7724609375,5958.173810977023,10509.259190807701,4,23,Model_2
21846,4940.87060546875,5717.57420284464,10512.11295764317,0,6,Model_2
21847,9716.4052734375,5687.51104757376,10523.74211048917,7,13,Model_2
21848,3830.38916015625,5823.497467171401,10537.771953175528,1,3,Model_2
21849,23594.490234375,5636.927207576111,10543.950580938457,10,70,Model_2
21850,2502.0009765625,5752.226305961842,10528.664840616533,1,0,Model_2
21851,5155.85986328125,5728.9961672252975,10532.894530747675,1,7,Model_2
21852,7909.84423828125,5697.945621731691,10544.563162232429,3,7,Model_2
21853,1206.516845703125,5837.45534424996,10536.350015627526,0,4,Model_2
21854,9636.4326171875,5666.950314851943,10555.05644310297,2,28,Model_2
21855,1954.774169921875,5876.860730089713,10547.056940406677,0,3,Model_2
21856,1096.6640625,5928.852234097198,10550.05528561271,0,3,Model_2
21857,23966.837890625,5815.245278582675,10574.483642772779,6,45,Model_2
21858,29900.63671875,5871.075866253348,10585.188889488985,2,27,Model_2
21859,15761.71484375,5915.275963776046,10575.63611873948,1,14,Model_2
21860,23566.775390625,5620.857834482798,10589.404801840159,11,28,Model_2
21861,7302.640625,5943.194019542076,10591.634770855657,2,27,Model_2
21862,18618.310546875,5807.722239696886,10618.972447566579,3,24,Model_2
21863,16104.53515625,5853.482367739314,10622.968357033773,2,15,Model_2
21864,16576.759765625,5932.701444839593,10637.942242605262,9,86,Model_2
21865,14641.1982421875,5891.481470534578,10633.48318776529,2,11,Model_2
21866,9004.236328125,5915.378155211685,10619.272467557297,2,30,Model_2
21867,7032.04150390625,5670.0326295052655,10627.217035771922,3,10,Model_2
21868,8431.0126953125,5772.605671901489,10629.412383699295,1,12,Model_2
21869,11195.4912109375,5722.967793166172,10635.589333399279,2,6,Model_2
21870,21655.271484375,5641.213724011555,10647.104289645926,3,45,Model_2
21871,7011.55908203125,5842.731552517042,10644.110272075908,1,12,Model_2
21872,12905.982421875,5695.840109900106,10662.076232197163,3,33,Model_2
21873,11805.0205078125,5739.7746017545,10658.939137681322,6,7,Model_2
21874,21376.51953125,5812.109566602623,10665.080936378567,3,18,Model_2
21875,2847.318603515625,5868.89302036236,10663.14100729522,0,2,Model_2
21876,9536.2275390625,5902.961895781569,10672.995034502877,1,6,Model_2
21877,10820.8974609375,5663.059214827372,10683.960469294638,1,23,Model_2
21878,4613.56640625,5929.433620508062,10675.707314136365,2,27,Model_2
21879,11574.044921875,5618.170936240349,10680.181383223739,3,34,Model_2
21880,19929.88671875,5871.47542556026,10701.134825301437,7,44,Model_2
21881,2292.942626953125,5689.93970529642,10688.313011297163,0,4,Model_2
21882,7509.5302734375,5809.50506595918,10699.079198193998,2,11,Model_2
21883,7176.43701171875,5786.291959128575,10707.816077075899,0,5,Model_2
21884,8217.697265625,5686.823326831218,10710.054083129711,0,19,Model_2
21885,5382.12109375,5953.35608320497,10717.92057725785,2,11,Model_2
21886,11046.4609375,5622.739169606473,10716.350881851598,4,13,Model_2
21887,6832.23291015625,5729.812317745062,10729.19733688543,1,21,Model_2
21888,2624.697998046875,5800.642951009097,10737.922910922229,0,4,Model_2
21889,2782.8154296875,5877.684706079774,10744.64752737595,1,2,Model_2
21890,2206.620849609375,5907.822893801145,10744.940393519377,0,3,Model_2
21891,9038.818359375,5935.693536423612,10370.9023710904,1,21,Model_2
21892,6074.95654296875,6052.595475254813,10374.828685104934,1,0,Model_2
21893,11819.6396484375,6066.391779387835,10400.697791781808,2,8,Model_2
21894,8572.978515625,5979.556678401772,10411.52483054017,1,13,Model_2
21895,12629.0888671875,6037.704525923822,10418.903184989562,2,39,Model_2
21896,2910.7236328125,6013.402758078417,10426.794231828157,2,14,Model_2
21897,8097.154296875,6069.566618719371,10433.422845417612,0,18,Model_2
21898,8970.8486328125,5975.07866810495,10438.740891847141,1,7,Model_2
21899,1576.7340087890625,6090.9425813173875,10430.487471731562,0,0,Model_2
21900,5277.7578125,6025.002866988769,10443.778613445778,0,5,Model_2
21901,3972.485107421875,6084.9956842137035,10450.163819589128,0,3,Model_2
21903,5828.046875,6055.846267680405,10456.101866117227,6,10,Model_2
21904,4697.50830078125,6076.082473545801,10467.751685633179,0,3,Model_2
21905,10086.8134765625,6014.18024156848,10472.451410027083,0,11,Model_2
21906,3149.479248046875,6094.613187208306,10471.065594991946,0,7,Model_2
21907,13263.3037109375,6082.932521986077,10497.247262972072,4,28,Model_2
21908,1067.460205078125,6024.122271419503,10494.399413516461,0,1,Model_2
21909,1226.170166015625,6023.207151716575,10509.678176629299,0,0,Model_2
21910,1776.663330078125,6060.623487135628,10518.643007114391,0,2,Model_2
21911,11324.095703125,6074.179503298365,10533.189869825968,2,38,Model_2
21912,362.8934326171875,6049.796258497518,10532.862029318007,0,0,Model_2
21913,3319.192626953125,6092.671089609386,10544.867156582754,1,11,Model_2
21914,7246.42236328125,6040.407535428647,10558.621708627055,3,13,Model_2
21915,17208.61328125,6011.6084237715695,10574.315483201884,4,35,Model_2
21916,11323.8984375,5968.272810555762,10571.733739201685,4,61,Model_2
21917,2342.333251953125,6090.465687951073,10559.420466588803,2,10,Model_2
21918,1693.23046875,6032.2727288943715,10573.44536340543,1,5,Model_2
21919,7273.16748046875,5975.72956310492,10593.599959202278,3,27,Model_2
21920,3512.127685546875,6066.070935105672,10575.550007614678,1,4,Model_2
21922,9538.177734375,6004.6930096382275,10608.236200845444,2,22,Model_2
21923,1385.6785888671875,6104.67490072269,10604.87972167934,0,3,Model_2
21924,22902.96484375,5972.7397731298115,10628.981209841571,13,73,Model_2
21925,19785.228515625,6127.520210449351,10623.205582142713,24,108,Model_2
21926,19696.380859375,6162.388664804166,10672.618176893106,21,24,Model_2
21927,10637.3466796875,6130.114123691805,10673.85049332834,6,35,Model_2
21928,19099.7265625,5966.941099639982,10673.444402095687,6,42,Model_2
21930,6244.72509765625,5966.79563795682,10703.883845681507,1,5,Model_2
21931,6060.43896484375,6158.333229903365,10702.67431557468,8,2,Model_2
21932,6052.69287109375,6135.266045077704,10704.954714797626,10,25,Model_2
21933,8252.8935546875,6156.109875695547,10725.780712410618,6,2,Model_2
21953,5331.46044921875,6917.94610773935,10418.544167838467,7,0,Model_2
21954,11343.5302734375,6898.532496898668,10439.964464691242,43,0,Model_2
21955,6117.25048828125,6927.710913704243,10439.772988877325,21,0,Model_2
21956,5431.79931640625,6883.361671924125,10457.523273750616,5,0,Model_2
21957,5083.43994140625,6939.096972985892,10457.421706782901,21,0,Model_2
21958,5161.72705078125,6915.113747813739,10474.463937412569,29,0,Model_2
21959,8905.0830078125,6930.662957293214,10483.536605521644,15,0,Model_2
21960,12115.8984375,6862.740637048846,10480.705271738174,10,0,Model_2
21961,11416.8642578125,6900.174004373839,10491.532663772945,50,0,Model_2
21962,4706.1826171875,6880.373262914363,10492.004199460447,27,0,Model_2
21963,2982.16064453125,6944.483658480691,10503.123662766724,21,1,Model_2
21964,4603.21630859375,6847.657273212913,10511.681430509037,4,0,Model_2
21965,4578.82568359375,6871.18247821182,10513.107784012158,14,0,Model_2
21966,3757.216552734375,6923.055679521291,10516.211140630898,11,0,Model_2
21967,6170.40673828125,6940.019457837334,10524.468976701595,43,0,Model_2
21968,4226.6044921875,6904.149803606328,10520.548403428715,19,0,Model_2
21969,18831.150390625,6892.71495021577,10541.607475152836,66,1,Model_2
21970,12637.095703125,6846.96725086146,10534.971619396987,17,0,Model_2
21971,9199.11328125,6938.8060496195685,10547.285510243586,48,0,Model_2
21972,14095.2138671875,6816.030404848047,10553.146189238018,7,0,Model_2
21973,16655.720703125,6955.120774222771,10572.442411679025,4,0,Model_2
21974,5551.90576171875,6862.55144479638,10560.115008009765,39,0,Model_2
21975,7502.2734375,6914.600028704852,10568.743431033967,27,0,Model_2
21976,19321.1328125,6824.461198288249,10583.275809412757,41,0,Model_2
21977,13737.71875,6879.897750513395,10580.99276061674,32,0,Model_2
21978,42206.9765625,6939.676978431409,10625.026633714282,37,1,Model_2
21979,3246.622314453125,6901.660843730206,10600.098478753956,6,0,Model_2
21980,25405.517578125,6841.054417569656,10612.50121861753,58,0,Model_2
21981,7707.8720703125,6883.411386676598,10617.694205198117,44,0,Model_2
21982,4433.0634765625,6871.425988434581,10636.66064411091,31,0,Model_2
21983,6579.26123046875,6890.814741899027,10645.560560055768,71,0,Model_2
21984,2092.06982421875,6823.995812966488,10642.317835893504,6,0,Model_2
21985,1939.4931640625,6849.883389351424,10640.293297110096,17,0,Model_2
21986,6727.7255859375,6853.955395836383,10657.23811176986,17,0,Model_2
21987,3457.802978515625,6872.67438110779,10663.467434697544,7,0,Model_2
21988,2698.262939453125,6887.328264720971,10668.730193368996,28,0,Model_2
21989,20252.04296875,6907.681852640817,10695.92761934537,18,0,Model_2
21990,2568.6845703125,6787.4964385374915,10674.571177203601,5,0,Model_2
21991,6270.8857421875,6855.989097469952,10682.762773947528,18,0,Model_2
21992,7949.86962890625,6833.616077891784,10691.60183803086,33,0,Model_2
21993,5931.0693359375,6854.390399920521,10709.687205578506,43,0,Model_2
21994,4645.24853515625,6787.772171285003,10714.948639463422,18,0,Model_2
21995,6003.5302734375,6823.06780425366,10717.575867801337,16,0,Model_2
21996,7989.484375,6856.476117915474,10733.948639635113,31,0,Model_2
21997,9611.2353515625,6887.728744671447,10739.312082083256,38,0,Model_2
21998,3496.4384765625,6784.88595371088,10731.735539568166,11,0,Model_2
21999,4809.12158203125,7176.983904856024,10384.762906057535,12,0,Model_2
22000,6428.3310546875,7149.780728817685,10387.743852400403,14,0,Model_2
22001,2195.9501953125,7117.058754933067,10387.047367959189,17,0,Model_2
22002,17753.755859375,6983.793297389755,10406.394373884053,36,0,Model_2
22003,21090.619140625,7058.492474911036,10414.040246894496,60,0,Model_2
22004,7240.5673828125,7121.163904586341,10409.546924242808,22,0,Model_2
22005,9341.4716796875,7187.382573914947,10410.56321215367,19,0,Model_2
22006,4489.73828125,7091.267846122384,10411.938075620114,8,0,Model_2
22007,4254.7294921875,7219.589908047114,10409.91592145247,7,0,Model_2
22008,4525.4140625,7019.795984615805,10411.648212326167,10,0,Model_2
22009,13707.1533203125,7147.706058545504,10423.591692857466,36,0,Model_2
22010,10232.05078125,7110.397438423475,10433.766141768487,49,0,Model_2
22011,9990.595703125,7010.170195829123,10430.183300743032,44,0,Model_2
22012,7854.16796875,7216.160971091827,10430.480494522475,17,0,Model_2
22013,9231.3447265625,7247.8034903972875,10429.954554267919,35,0,Model_2
22014,12553.291015625,7179.074686390581,10438.922387602492,36,0,Model_2
22015,3767.548095703125,7085.644555231556,10433.646469384788,18,0,Model_2
22016,10595.734375,6966.669787415303,10442.448086168719,22,0,Model_2
22017,2550.1767578125,7303.19216915709,10439.055661127953,39,0,Model_2
22018,4951.28564453125,7050.04372892133,10441.74170998804,32,0,Model_2
22019,14688.8505859375,7013.47116332897,10463.9658873105,73,0,Model_2
22020,5192.87353515625,7230.309881709982,10452.03512472994,24,0,Model_2
22021,11690.685546875,6974.374653405044,10463.94230611017,29,0,Model_2
22022,2742.8779296875,7066.171102559194,10455.384096772344,4,0,Model_2
22023,9402.1689453125,7040.423924317816,10462.977066640473,89,0,Model_2
22024,22306.015625,6979.5620195681695,10499.689109514133,133,0,Model_2
22025,3361.76611328125,6952.449987242697,10484.366716764729,22,0,Model_2
22026,1648.69873046875,7011.215126274619,10497.609547929955,22,0,Model_2
22027,16972.837890625,6980.976128082955,10542.571831431509,8,0,Model_2
22028,22107.28515625,7053.286235554842,10560.226731674251,5,0,Model_2
22029,7532.20361328125,6986.367877117358,10597.221660632771,3,0,Model_2
22030,15366.5908203125,7046.138819243293,10592.11646323993,2,0,Model_2
22031,17763.9765625,7128.425941021647,10625.761713603228,3,0,Model_2
22032,21503.4453125,7179.812121885596,10646.174731093583,2,1,Model_2
22033,11430.4365234375,7119.094297853764,10651.081652101624,3,0,Model_2
22034,4649.5771484375,6994.729161968455,10661.837682301688,2,0,Model_2
22035,5577.57080078125,6985.931952389656,10688.480464315238,2,0,Model_2
22036,12222.26953125,7323.567392200697,10377.951560245296,8,0,Model_2
22037,3739.38916015625,7289.837313613156,10381.966899915009,4,0,Model_2
22039,1166.615478515625,7258.648671584902,10382.840199199149,5,0,Model_2
22040,5540.31689453125,7242.504266041098,10401.834370310084,55,0,Model_2
22041,9518.1875,7289.081004925072,10401.046652236131,34,0,Model_2
22042,7234.2138671875,7308.8891115330625,10413.907326645443,5,0,Model_2
22043,8112.9306640625,7382.200879202923,10416.449503687785,11,0,Model_2
22044,4344.138671875,7323.813204032369,10422.083644184662,13,0,Model_2
22045,4806.9892578125,7342.348981234478,10429.079223644425,10,0,Model_2
22047,11589.322265625,7267.9803147527855,10449.419377875332,76,0,Model_2
22048,8804.73046875,7357.945603857515,10443.983955358766,12,0,Model_2
22049,4328.537109375,7388.32776212343,10436.076304528928,23,3,Model_2
22050,6033.337890625,7325.666459527332,10446.209950014658,23,0,Model_2
22051,12463.3984375,7411.290453904541,10457.047410427098,18,0,Model_2
22053,5198.66064453125,7384.54575836123,10464.560009912078,24,0,Model_2
22054,6903.43994140625,7309.806532844901,10466.089255169449,15,0,Model_2
22055,6336.9375,7350.382056654897,10469.536614691882,35,0,Model_2
22056,3942.474365234375,7328.274182423251,10474.38127073276,26,0,Model_2
22057,81208.90625,7303.221169429366,10513.497536210874,18,1,Model_2
22058,15591.7490234375,7417.431146478513,10492.869726663579,43,1,Model_2
22059,3257.027099609375,7390.308526752051,10483.375688117143,8,0,Model_2
22060,5795.3896484375,7450.018246080959,10488.874700387409,20,0,Model_2
22061,19873.037109375,7369.195407891646,10505.88601933125,39,0,Model_2
22062,4444.28271484375,7340.9707778187,10490.656803234837,23,0,Model_2
22063,37842.0,7258.664782847278,10537.95159422973,2,0,Model_2
22064,12697.0908203125,7452.484189867973,10528.697871960816,22,0,Model_2
22065,11813.28125,7428.516615636414,10535.77470499475,31,0,Model_2
22066,5089.7470703125,7384.252993707778,10534.818120797085,17,0,Model_2
22067,4447.48876953125,7473.484069569968,10539.913514769563,14,0,Model_2
22068,17106.80078125,7396.298233781476,10560.137529380867,21,0,Model_2
22069,3031.260498046875,7479.5713648172095,10557.653113031469,6,0,Model_2
22070,4858.4453125,7451.532244422473,10563.846666722697,8,0,Model_2
22072,7407.203125,7422.53979761689,10571.397949974511,15,0,Model_2
22073,13012.0498046875,7474.223346352112,10581.85069237707,22,0,Model_2
22074,12025.1162109375,7447.458856972167,10597.387877183413,70,0,Model_2
22076,9412.8095703125,7417.073016131995,10601.113265240077,16,0,Model_2
22077,13519.583984375,7390.478845811449,10607.211257662551,2,0,Model_2
22078,4728.43603515625,7477.52477417374,10609.418263711435,8,0,Model_2
22079,19509.1640625,7440.3385996457655,10638.192715579557,84,0,Model_2
22080,11426.068359375,7477.261009792564,10634.61278908448,32,0,Model_2
22081,8341.9892578125,7427.87124449783,10673.213447643015,21,0,Model_2
22082,5737.79345703125,7480.183132465696,10663.353768012807,36,0,Model_2
22083,5969.16162109375,7486.47573122778,10683.508717086064,25,0,Model_2
22084,4567.177734375,7447.6268744226545,10680.78345454453,7,0,Model_2
22085,5735.28759765625,7463.945281600114,10694.29477578093,33,0,Model_2
22086,4913.09716796875,7445.438504670281,10705.829868782916,18,0,Model_2
22087,16581.685546875,1260.8791061458178,10727.175712632401,75,0,Model_2
22088,9747.849609375,1218.3939374225447,10731.706835859899,10,0,Model_2
22089,6325.3935546875,1275.2349314050516,10745.912521879058,21,0,Model_2
22090,15157.8134765625,1221.9491176265874,10765.521393942421,46,0,Model_2
22091,10373.1220703125,1252.2026159543893,10776.388794530561,59,0,Model_2
22092,11189.703125,1228.2124859555042,10805.052229287016,32,0,Model_2
22093,12207.2685546875,1259.7345160344848,10814.193079743112,68,0,Model_2
22095,7792.03466796875,1241.5994489437435,10838.421570774539,20,0,Model_2
22096,4321.5869140625,1222.3814748604782,10849.562937218201,12,0,Model_2
22097,8877.5703125,1255.3933363874094,10869.790396274497,57,0,Model_2
22098,11647.84765625,1228.426075262425,10876.449126677857,14,0,Model_2
22099,8108.93701171875,1240.016172174015,10906.935997621644,17,0,Model_2
22100,6698.27197265625,1271.6544335029903,10911.38957667727,29,1,Model_2
22101,11062.1416015625,1249.531944054761,10938.164660706156,41,2,Model_2
22102,6603.47607421875,1275.583740235481,10936.898871331126,28,0,Model_2
22103,13063.634765625,1276.783223719336,10997.390744196222,16,0,Model_2
22104,15787.8310546875,1455.8083489832934,10715.553007080875,4,4,Model_2
22105,9675.509765625,1487.5210673605325,10717.286446102902,4,1,Model_2
22106,17771.546875,1554.562446794298,10726.139552923509,4,5,Model_2
22107,4429.32861328125,1289.9339265528833,10716.486098397312,12,0,Model_2
22108,17046.40625,1593.7883071390097,10726.291461779569,5,2,Model_2
22109,9120.19140625,1314.7985528574209,10723.195788922734,22,0,Model_2
22110,2860.518798828125,1349.7981989201508,10717.641577213493,6,1,Model_2
22111,5907.17333984375,1427.839887982118,10729.889670328834,5,1,Model_2
22112,7716.25537109375,1380.0299470437458,10740.243142060339,10,0,Model_2
22113,5906.2607421875,1340.7283637658693,10738.30126995674,10,0,Model_2
22114,5787.41650390625,1300.0161243865732,10741.328142232836,30,0,Model_2
22115,26023.09375,1529.5484460714506,10762.639364994197,10,2,Model_2
22116,9380.6611328125,1413.3010848144768,10751.889693769503,12,0,Model_2
22117,15766.8046875,1487.1497027627775,10752.256836278015,6,6,Model_2
22118,11739.328125,1449.7487881234265,10756.440688795032,14,4,Model_2
22119,9961.67578125,1322.9534984696656,10759.845301871923,18,0,Model_2
22120,8922.126953125,1356.589901574538,10764.957299835645,16,0,Model_2
22121,2098.1376953125,1390.5762643142953,10756.550469439266,6,0,Model_2
22122,8232.681640625,1288.1904578029644,10764.66302058658,39,0,Model_2
22123,8951.5478515625,1591.5325002455502,10765.356148901905,4,3,Model_2
22124,11329.5205078125,1568.1399830003502,10780.157193990075,1,2,Model_2
22125,9591.8466796875,1379.1667286217562,10781.10512291571,9,0,Model_2
22126,12642.794921875,1408.7380300684017,10783.647211638949,20,1,Model_2
22127,9833.169921875,1477.8991913089994,10782.954348280931,9,3,Model_2
22128,5660.96630859375,1435.6115006302716,10777.801193615509,7,0,Model_2
22129,6246.14404296875,1337.3851617425098,10783.562248662478,20,0,Model_2
22130,5473.85546875,1274.9911910213996,10786.797554020144,18,0,Model_2
22131,9805.6611328125,1304.6173858405673,10790.442130098148,52,0,Model_2
22132,24637.033203125,1444.7478522820747,10811.692236040675,13,6,Model_2
22133,17483.77734375,1507.9675251999288,10811.623435459936,5,5,Model_2
22134,10262.0078125,1542.4305511451093,10801.142784221032,5,10,Model_2
22135,4344.802734375,1360.1432404914522,10797.30372947963,6,0,Model_2
22136,8111.314453125,1326.2060171019402,10809.132836773373,19,0,Model_2
22137,4150.83056640625,1284.7276871966897,10806.761115598587,22,0,Model_2
22138,7917.998046875,1349.2723963644821,10817.717011927292,30,0,Model_2
22139,17740.43359375,1399.02144281019,10823.508537064576,20,0,Model_2
22140,3453.583251953125,1372.3883752990514,10813.425851700908,7,0,Model_2
22141,19752.744140625,1476.0596303870552,10836.60952775141,13,8,Model_2
22142,12525.474609375,1564.1126277282601,10829.85726741865,3,3,Model_2
22143,7442.6484375,1312.456665790698,10830.642865834147,23,1,Model_2
22144,3815.625732421875,1291.6475894674077,10823.076568334931,53,0,Model_2
22145,17611.326171875,1534.1157587940106,10845.473674459812,10,8,Model_2
22146,5187.88525390625,1372.5184162025107,10839.331522486158,9,1,Model_2
22147,3305.94189453125,1335.099203772319,10841.77716674962,5,0,Model_2
22148,9847.2880859375,1272.2412286947947,10851.983587175695,56,0,Model_2
22149,8339.044921875,1295.3285525984247,10850.739435980744,81,0,Model_2
22150,6134.52490234375,1353.030808635347,10846.341497959605,12,0,Model_2
22151,19158.42578125,1507.494199327426,10873.673875524386,7,2,Model_2
22152,5852.30517578125,1318.6621486555086,10858.375240613517,26,0,Model_2
22153,21915.158203125,1590.0454307282926,10871.198202766122,8,11,Model_2
22154,7427.919921875,1389.2051958861412,10860.473967442907,20,1,Model_2
22155,4029.55712890625,1366.343429655768,10866.321486891087,11,0,Model_2
22156,5908.5166015625,1333.5895784877357,10870.542521750198,24,0,Model_2
22157,23676.30859375,1549.4078785581514,10891.895254489667,10,2,Model_2
22158,8268.5576171875,1345.5795799475745,10886.745809226544,19,0,Model_2
22159,4705.3681640625,1477.8757148981094,10875.397687764256,6,1,Model_2
22160,6371.07275390625,1292.6675474562217,10886.605911768405,47,0,Model_2
22161,6586.849609375,1315.1961557967588,10888.290510326828,29,1,Model_2
22162,9786.5771484375,1377.6437540054903,10888.932855158295,33,1,Model_2
22163,6638.5205078125,1270.9245933173806,10890.697029227944,24,0,Model_2
22164,15611.8818359375,1489.7189887898858,10907.559530484308,4,2,Model_2
22165,9178.7890625,1300.3049763048766,10917.331597564975,45,1,Model_2
22166,17385.197265625,1578.3774243550724,10923.639612812862,4,3,Model_2
22167,11903.646484375,1356.096206463175,10918.757686110788,43,0,Model_2
22168,7483.779296875,1331.4002880917978,10920.797592418006,52,0,Model_2
22169,5104.64697265625,1379.556391010352,10915.155768159224,24,0,Model_2
22170,7481.5986328125,1521.9464620000217,10920.84899413558,11,4,Model_2
22171,4724.923828125,1394.5700160962879,10923.935040210257,13,0,Model_2
22172,6588.095703125,1316.3139321642811,10935.652688796821,43,0,Model_2
22173,14803.2119140625,1539.2676801799098,10946.721633576548,12,5,Model_2
22174,8422.4423828125,1466.4966755236383,10948.377351788498,10,0,Model_2
22175,17143.580078125,1495.271965528489,10955.697150673026,24,5,Model_2
22176,2633.257568359375,1374.9947172296233,10940.353031424442,16,0,Model_2
22177,7639.09326171875,1358.9884082204662,10955.163173380155,20,0,Model_2
22178,9875.7470703125,1388.6552264369093,10958.19375505855,21,0,Model_2
22179,5651.5419921875,1294.585017839796,10951.732152891658,30,0,Model_2
22180,10987.751953125,1269.5900053904625,10967.94462555465,24,0,Model_2
22181,2998.9755859375,1342.0232489390764,10954.427916853005,6,0,Model_2
22182,21201.052734375,1588.1780203385279,10965.101721968771,5,2,Model_2
22183,10619.5029296875,1327.0350566316047,10969.694668567921,35,0,Model_2
22184,3433.487548828125,1306.3874381734058,10964.247676248946,11,0,Model_2
22185,13182.4638671875,1457.5121149795013,10981.436339950327,10,0,Model_2
22186,10225.828125,1554.4249256618787,10978.188846556535,6,2,Model_2
22187,17665.654296875,1516.681301455712,10986.556904866979,14,4,Model_2
22188,16150.50390625,1414.2186212067609,10990.386156188019,38,0,Model_2
22189,5289.26806640625,1368.586347539327,10980.761935284703,11,0,Model_2
22190,6195.49755859375,1305.3965955373133,10988.148856687025,22,0,Model_2
22191,8675.5986328125,1347.8495417358354,10992.343925730042,31,0,Model_2
22192,3235.10302734375,1388.1209079282708,10991.26961216893,10,0,Model_2
22193,15664.01953125,1604.8667563897325,11006.220446454703,7,6,Model_2
22194,33910.90234375,1450.201169354841,11028.247053945182,22,0,Model_2
22195,9295.953125,1486.3329768407857,11010.46939015016,5,1,Model_2
22196,19375.26953125,1357.9493468776927,11022.563454750984,68,0,Model_2
22197,12699.2255859375,1565.2993372826604,11006.338529094559,10,1,Model_2
22198,7359.8115234375,1324.6687725104275,11007.228873965454,24,0,Model_2
22199,12704.7822265625,1393.7036905022687,11023.526486243121,46,0,Model_2
22200,12534.7373046875,1541.5728565845056,11024.2104293718,9,1,Model_2
22201,3428.106201171875,1512.6885853977292,11014.684154353003,4,3,Model_2
22202,12221.46484375,1502.2874996494502,11038.767272141944,12,1,Model_2
22203,14447.6650390625,1570.8433377465117,11057.561488805135,11,3,Model_2
22204,9307.8642578125,1377.8154540302348,11053.866040924171,31,1,Model_2
22205,7957.19140625,1436.8638060386293,11057.320377655691,3,0,Model_2
22206,7067.53955078125,1397.6981327669346,11065.388239337211,31,0,Model_2
22207,7793.21630859375,1479.1368815007736,11068.564812491808,19,0,Model_2
22208,27745.234375,1864.8631736177485,10718.48069700502,8,9,Model_2
22209,5564.3037109375,1909.2050502493512,10696.134815959507,2,3,Model_2
22210,3560.696533203125,1938.7291687133256,10693.969761484244,0,1,Model_2
22211,12491.0419921875,1632.4841069515678,10724.80116524634,3,1,Model_2
22212,4016.114013671875,1690.2819948387332,10723.646922897591,0,1,Model_2
22213,15598.9443359375,1824.3419677780475,10735.892278120758,2,12,Model_2
22214,25591.169921875,1899.5184989874251,10752.285363348077,6,16,Model_2
22215,18862.55078125,1941.3028277973644,10740.23722468048,5,9,Model_2
22216,11085.3818359375,1771.1485635973513,10741.321253342852,2,2,Model_2
22217,26334.94140625,1705.4638675360475,10757.864127767774,6,4,Model_2
22218,19288.15625,1667.538876547711,10756.43088537467,5,5,Model_2
22219,19579.578125,1626.581861060753,10763.154088722753,3,6,Model_2
22220,30220.498046875,1747.5238140130532,10780.54129376624,5,4,Model_2
22221,2577.15185546875,1839.327743396163,10759.079310297151,2,2,Model_2
22222,3256.027587890625,1794.9150922905537,10757.945646299253,1,1,Model_2
22223,20684.37109375,1863.9503555237316,10780.20603445368,5,6,Model_2
22224,11709.0302734375,1819.6962852720753,10775.13748948832,0,4,Model_2
22225,27055.5703125,1786.3643850260996,10803.679043883516,4,6,Model_2
22226,25091.744140625,1598.2470990014262,10812.143546653737,2,6,Model_2
22227,26481.51171875,1889.7746376636205,10815.675515876232,6,11,Model_2
22228,28714.591796875,1659.0802336396882,10817.785812508031,11,16,Model_2
22229,5633.1455078125,1629.0661026386078,10797.714854901118,0,0,Model_2
22230,22945.390625,1706.1993466634885,10814.683339080315,2,1,Model_2
22231,4736.73828125,1820.8201609032112,10801.131656014135,0,4,Model_2
22232,16438.982421875,1838.6664911560947,10817.012402128661,5,4,Model_2
22233,23271.189453125,1743.9282405726262,10841.712340528487,9,9,Model_2
22234,10834.69140625,1621.3141687466414,10843.50583654012,8,4,Model_2
22235,6544.80322265625,1802.591648490692,10840.508021248701,3,3,Model_2
22236,14610.1923828125,1918.6467103231698,10845.041352453758,3,3,Model_2
22237,16896.330078125,1687.4811669552,10859.639351925602,2,5,Model_2
22238,22582.8828125,1844.223725871183,10858.9844657816,4,4,Model_2
22239,6319.85205078125,1888.393211995368,10852.061307985772,1,3,Model_2
22240,24457.599609375,1775.2206851627561,10873.596154714309,5,4,Model_2
22241,6734.63427734375,1654.0108249332407,10858.988440141206,2,3,Model_2
22242,18385.6875,1810.4923813987407,10883.744549490133,5,8,Model_2
22243,14968.4580078125,1633.394623436674,10880.71140655777,6,12,Model_2
22244,16474.349609375,1724.9458361613797,10879.252374986776,8,2,Model_2
22245,35963.15234375,1919.5712666226318,10892.390283058397,7,28,Model_2
22246,13488.8642578125,1665.4970042025088,10900.233902539025,4,3,Model_2
22247,13641.1748046875,1862.4685797069687,10897.595634313315,6,15,Model_2
22248,10945.076171875,1696.1546650550445,10901.994985440091,3,1,Model_2
22249,19919.28125,1615.5369002196821,10918.081691701322,7,4,Model_2
22250,9961.505859375,1827.7771190773929,10910.552753182405,4,2,Model_2
22251,22096.39453125,1745.5645694277482,10915.772323812802,10,16,Model_2
22252,9403.55859375,1956.7984097892186,10933.048865021032,7,6,Model_2
22253,19274.435546875,1879.8533222927945,10931.892856290237,6,7,Model_2
22254,17113.212890625,1649.2089782626717,10937.742848673282,4,5,Model_2
22255,16640.900390625,1797.385754375835,10929.571035408284,4,6,Model_2
22256,41101.59765625,1721.9059861924616,10950.122448932038,16,10,Model_2
22257,4073.51611328125,1905.8771539252484,10935.356554846607,4,1,Model_2
22258,7296.302734375,1839.6720640892163,10934.13801619134,3,2,Model_2
22259,10991.505859375,1779.4181293333531,10953.52114462907,1,4,Model_2
22260,14910.8779296875,1865.1271681598155,10966.727411685919,3,5,Model_2
22261,13295.5322265625,1823.6365246468922,10962.214923789019,4,5,Model_2
22262,2796.14404296875,1623.7589377316763,10956.589526883276,2,0,Model_2
22263,11233.5390625,1906.424936846015,10968.081873439718,0,6,Model_2
22264,34158.28515625,1651.2488942402997,10984.559038452484,12,16,Model_2
22265,17879.248046875,1704.2757770163007,10984.686747874497,6,6,Model_2
22266,3487.57470703125,1806.948939400143,10977.496336474927,3,1,Model_2
22267,7772.85986328125,1843.5914739033906,10986.697950473448,2,6,Model_2
22268,11997.884765625,1785.810387761274,10993.888538511223,1,4,Model_2
22269,8445.318359375,1893.8839302129345,10996.604350908805,7,3,Model_2
22270,17830.056640625,1750.9305404423503,11002.628420242603,10,15,Model_2
22271,16071.54296875,1927.9702978598652,10999.7023200623,9,9,Model_2
22272,14258.8515625,1815.6292272462742,11009.086666283605,6,4,Model_2
22273,12667.244140625,1872.281949619879,11013.26442478256,3,3,Model_2
22274,7159.35791015625,1716.516884008306,11010.725162270595,2,3,Model_2
22275,8224.6767578125,1844.7915327894734,11017.924140623094,3,2,Model_2
22276,17541.4453125,1685.1419267387246,11026.58003088813,6,16,Model_2
22277,10657.916015625,1630.5023065989371,11033.258544770419,11,1,Model_2
22278,14386.4052734375,1780.8020867714076,11032.7040774458,1,0,Model_2
22279,7502.001953125,1734.753682212904,11032.17460442715,3,10,Model_2
22280,5431.00732421875,1653.060490613978,11028.810706456446,3,3,Model_2
22281,14460.3251953125,1909.3362419572659,11037.895121006135,5,7,Model_2
22282,18411.337890625,1837.2650414903183,11048.414632650078,10,1,Model_2
22283,10171.8876953125,1875.7341328251641,11050.054188466296,5,4,Model_2
22284,8339.0771484375,1622.9593587960699,11061.733153286026,10,0,Model_2
22285,10710.25,1763.8732929108082,11060.010400875384,5,1,Model_2
22286,19228.033203125,1666.1148711146088,11063.71600545312,15,0,Model_2
22287,12141.5908203125,1797.963918534224,11064.010196383082,12,7,Model_2
22288,4538.3203125,1736.219231686846,11057.817172606468,4,1,Model_2
22289,7565.1025390625,1972.0783310261322,10725.677290741754,3,3,Model_2
22290,18212.048828125,2033.1144675703254,10753.146209638784,6,2,Model_2
22291,37170.45703125,2073.5424582491396,10772.980383732269,10,18,Model_2
22292,6174.53759765625,2004.3606976087904,10746.725410897183,0,0,Model_2
22293,27061.2265625,1982.7497407409828,10774.59724153918,10,7,Model_2
22294,14145.529296875,1938.826987092034,10780.159578605839,3,6,Model_2
22295,28069.044921875,2027.459874798311,10807.856272467856,6,3,Model_2
22296,14114.005859375,1940.0341809657402,10812.889224834966,0,8,Model_2
22297,3976.123779296875,1969.0390564594418,10812.939831680618,2,2,Model_2
22298,14446.517578125,1992.8754389830865,10829.482882743745,8,5,Model_2
22299,10082.2685546875,2068.982740835985,10824.210850566546,0,2,Model_2
22300,19798.216796875,1959.93182016036,10852.945823795912,4,11,Model_2
22301,3948.15576171875,2026.3403722241055,10848.255372907755,0,7,Model_2
22302,13957.3291015625,2060.499240551726,10862.38642928542,3,7,Model_2
22303,28677.998046875,2005.9076089577284,10879.738836602577,4,9,Model_2
22304,3888.283447265625,2046.131446926156,10879.946386493124,1,4,Model_2
22305,7231.4248046875,1969.7514044173295,10889.238880847974,1,5,Model_2
22306,21265.333984375,2056.601696022204,10903.999034191751,19,13,Model_2
22307,12179.8212890625,1976.099241793272,10915.77038079255,1,10,Model_2
22308,9640.94140625,2022.214508090634,10927.332322801652,1,3,Model_2
22309,20728.423828125,1935.7932363867294,10952.990611781192,3,10,Model_2
22310,11825.78515625,1984.634758438915,10948.348913037538,6,5,Model_2
22311,6388.0859375,2047.8086293394445,10956.496085272978,1,0,Model_2
22312,33158.01171875,1987.5357063100673,10982.080716121149,8,11,Model_2
22313,21841.90625,2048.826170638902,10996.02347617258,6,12,Model_2
22314,11206.875,2013.4893388707424,11007.286811296603,4,10,Model_2
22315,5921.16796875,1969.2883207044797,11016.773607676645,2,1,Model_2
22316,9097.7294921875,1986.9715819660341,11033.736351114188,3,2,Model_2
22317,10680.330078125,1937.5673165351618,11040.20696182952,9,2,Model_2
22318,23867.455078125,2024.3890681895427,11049.785345118711,10,14,Model_2
22319,6257.86328125,1960.806431546458,11040.527648490191,1,6,Model_2
22320,3750.66357421875,1972.4486598998774,11068.314604474821,2,0,Model_2
22321,7035.94921875,2618.371724300552,10707.148649619361,36,1,Model_2
22322,7701.7939453125,2559.352027323097,10736.334050270765,37,0,Model_2
22323,11855.5107421875,2597.968421628233,10749.418436966356,55,0,Model_2
22324,2149.9462890625,2567.7922573598335,10752.29260551447,5,0,Model_2
22325,3168.5234375,2579.2568015053403,10755.360281215857,19,0,Model_2
22326,8157.759765625,2541.1732296630507,10760.661723654142,19,0,Model_2
22327,5047.7353515625,2590.9752131137066,10775.933244600586,38,0,Model_2
22328,4563.73681640625,2571.342719265609,10777.1048858125,18,1,Model_2
22329,7753.40087890625,2533.140844725305,10783.375453760986,18,0,Model_2
22330,2540.88427734375,2554.94329545449,10780.063045826959,8,1,Model_2
22331,3210.047607421875,2626.657286218484,10784.869548015617,15,0,Model_2
22332,5450.130859375,2578.598541356856,10799.716872313424,28,0,Model_2
22333,4906.9541015625,2558.6254093899624,10800.92154486962,20,0,Model_2
22334,8580.5625,2618.9719839044847,10804.32130039588,49,1,Model_2
22335,7120.53173828125,2598.373044474749,10815.38026511704,36,0,Model_2
22336,5004.2421875,2536.551368809305,10805.421138177575,10,0,Model_2
22337,10541.736328125,2540.366745900712,10828.310005064399,28,0,Model_2
22338,1871.37548828125,2583.576921430882,10819.899995180334,10,0,Model_2
22339,3013.6474609375,2574.3732477184385,10825.179799438542,11,0,Model_2
22340,5812.72119140625,2563.942586295656,10838.947069433583,33,0,Model_2
22341,5019.58349609375,2539.4870709750103,10854.988644633508,12,0,Model_2
22342,6340.51025390625,2584.5120651313337,10873.58273021075,21,0,Model_2
22343,8189.27880859375,2563.3565966669703,10869.011686748985,33,0,Model_2
22344,5413.24072265625,2542.518750232295,10879.184192639754,16,0,Model_2
22345,1385.256591796875,2635.480964299757,10876.38112096904,15,0,Model_2
22346,4632.888671875,2590.066998237511,10935.594574827468,24,0,Model_2
22347,4387.7978515625,2605.7041291773785,10946.563365745118,24,0,Model_2
22348,980.2102661132812,2567.5245802435093,10946.448109316538,1,0,Model_2
22349,2666.864990234375,2573.949751678854,10962.132080471005,5,0,Model_2
22350,5378.7197265625,2586.35105065105,10979.597712877388,22,1,Model_2
22351,4646.009765625,2595.852552556549,10997.696328290389,10,0,Model_2
22352,3760.41943359375,2729.188439332531,10698.542129732545,1,0,Model_2
22353,3300.040283203125,2803.736170987482,10688.155538337654,0,0,Model_2
22354,16264.140625,2823.962710095453,10716.973266565932,1,12,Model_2
22355,7470.43603515625,2597.51960789063,10713.139246013365,37,0,Model_2
22356,9532.9248046875,2799.5168615322327,10712.333245885224,0,3,Model_2
22357,7078.81103515625,2846.628264166182,10711.55224006305,3,11,Model_2
22358,15529.2734375,2869.687623521546,10722.492327272434,0,15,Model_2
22359,11760.5673828125,2729.165193082532,10727.166615764858,4,1,Model_2
22360,8447.453125,2623.895125364652,10732.766223492712,70,0,Model_2
22361,7658.21142578125,2654.7999790142057,10745.366974783778,6,0,Model_2
22362,23718.62890625,2749.6377741830656,10765.14197507868,2,0,Model_2
22363,4643.2314453125,2699.8875769329024,10743.863518704296,3,0,Model_2
22364,3164.253662109375,2797.1533393417485,10744.545077217212,0,2,Model_2
22365,5465.3515625,2779.006764206453,10751.886072686306,0,0,Model_2
22366,6542.02978515625,2680.2412734313402,10755.338731354881,6,0,Model_2
22367,11231.4423828125,2828.7334850457264,10766.96903234921,0,15,Model_2
22368,8675.2578125,2714.9610438505188,10761.952330696935,2,0,Model_2
22369,9698.5615234375,2630.7325149559183,10760.80903991688,38,0,Model_2
22370,4480.9921875,2860.0756443883292,10753.85214422395,1,6,Model_2
22371,18827.23046875,2799.318232683232,10776.80106810038,4,9,Model_2
22372,5313.75390625,2845.1915998840705,10771.055557215426,0,2,Model_2
22373,7088.013671875,2906.768384361407,10766.034969522647,1,4,Model_2
22374,10832.677734375,2874.0540057861945,10774.831993713255,0,12,Model_2
22375,4988.6904296875,2661.1475862292573,10771.798850780891,3,0,Model_2
22376,5391.59033203125,2691.624110460514,10775.567868474121,0,0,Model_2
22377,9620.173828125,2649.2024661431788,10794.758726226013,11,0,Model_2
22378,3262.25830078125,2609.366219115327,10783.329704465963,16,0,Model_2
22379,10527.703125,2716.0322126375977,10795.32432175753,2,0,Model_2
22380,11583.0712890625,2899.331655809772,10796.612367546353,1,10,Model_2
22381,8670.033203125,2678.7682437284384,10795.481706397935,2,0,Model_2
22382,6185.47412109375,2758.7397167816525,10803.351291694657,1,3,Model_2
22383,5478.88427734375,2779.2633936000057,10803.647249006666,0,0,Model_2
22384,13569.623046875,2847.106768658734,10814.367774927581,0,4,Model_2
22385,8217.6474609375,2870.155080291326,10807.451152745329,0,5,Model_2
22386,16012.8388671875,2919.824491068721,10822.305630890427,2,12,Model_2
22387,3194.53125,2738.8860383172287,10807.783497527511,0,0,Model_2
22388,8528.708984375,2801.3832361979876,10814.820763603588,3,2,Model_2
22389,9099.103515625,2682.521707540145,10818.019416533774,2,0,Model_2
22390,5411.607421875,2719.206131325569,10824.113257958437,0,0,Model_2
22391,6466.0458984375,2627.9174170971382,10828.21797655974,38,0,Model_2
22392,3220.469970703125,2701.9831918461714,10830.181486843416,2,0,Model_2
22393,4264.25244140625,2649.3668010194087,10823.689237948005,5,0,Model_2
22394,13541.310546875,2752.8696934155887,10830.859777549544,6,0,Model_2
22395,28190.208984375,2834.714906283072,10851.628809341513,4,23,Model_2
22396,7183.90087890625,2881.100841788342,10834.093758120674,1,2,Model_2
22397,11164.1552734375,2792.998705096892,10841.621990086773,1,2,Model_2
22398,7111.4306640625,2656.4580580735346,10844.210269700547,10,0,Model_2
22399,5717.21630859375,2604.238004301209,10841.812671028769,26,0,Model_2
22400,6142.00830078125,2678.3693749041995,10844.041491895936,1,0,Model_2
22401,4476.6865234375,2585.963229549583,10847.55623889347,30,1,Model_2
22402,3413.4140625,2716.881966647459,10845.54653771926,0,0,Model_2
22403,5826.45263671875,2698.589239346329,10854.762901007874,2,0,Model_2
22404,4923.841796875,2625.5143072333885,10850.6966012161,35,0,Model_2
22405,8632.423828125,2745.694197475328,10857.102650667606,1,0,Model_2
22406,11962.419921875,2779.537745382171,10865.845181972058,0,0,Model_2
22407,9629.2919921875,2899.0798597949324,10864.967731690107,1,14,Model_2
22408,5135.03466796875,2644.1794348562835,10862.227101624761,23,0,Model_2
22409,7002.30419921875,2727.8608713127906,10869.04551296519,3,2,Model_2
22410,5138.083984375,2606.5884073209018,10867.739273441279,38,0,Model_2
22411,20054.49609375,2683.3880331341643,10883.000549371849,13,2,Model_2
22412,15140.978515625,2925.2719390387647,10889.362527591278,2,9,Model_2
22413,2867.22314453125,2623.8329819240607,10874.868921298425,13,0,Model_2
22414,19419.833984375,2853.925515217823,10902.660028280865,3,14,Model_2
22415,5475.95751953125,2649.69362948474,10884.524760440385,41,0,Model_2
22416,16238.4775390625,2820.4352642787853,10898.430426468825,3,3,Model_2
22417,5408.74560546875,2720.594231659663,10887.618490276967,1,0,Model_2
22418,13956.6376953125,2762.347949071089,10897.106258167136,9,0,Model_2
22419,7738.2431640625,2793.30136666866,10893.180915662728,1,0,Model_2
22420,5869.5927734375,2733.4282331070863,10905.468134140414,3,1,Model_2
22421,1323.5924072265625,2665.740216649836,10899.532472228078,5,0,Model_2
22422,10133.005859375,2704.362825299031,10911.82622631934,10,2,Model_2
22423,5339.0517578125,2652.447044224711,10910.152844286917,42,0,Model_2
22424,6431.0673828125,2636.4681243615923,10922.58552432619,23,0,Model_2
22425,5102.751953125,2870.5969892021967,10924.313929159383,1,2,Model_2
22426,5109.9384765625,2664.845120944432,10925.206393688735,33,0,Model_2
22427,3791.207763671875,2789.531791594578,10917.41894515721,0,1,Model_2
22428,3849.26123046875,2747.476103094057,10921.408848925443,2,0,Model_2
22429,11408.9912109375,2899.1977021711646,10936.546831389118,1,6,Model_2
22430,3770.43115234375,2765.8721726352815,10926.861935262481,2,0,Model_2
22431,6488.087890625,2687.934171054745,10932.79026668932,14,0,Model_2
22432,7020.984375,2807.618524898193,10933.977805339659,1,1,Model_2
22433,6825.47607421875,2707.961390831042,10940.877823530667,15,0,Model_2
22434,7097.38671875,2736.0009715475608,10938.834826054866,6,0,Model_2
22435,5304.384765625,2781.248761446448,10937.737284569834,2,1,Model_2
22436,2721.13916015625,2831.059951332747,10936.55663480948,2,1,Model_2
22437,6467.56298828125,2620.822247307864,10943.488094600929,51,0,Model_2
22438,5175.49267578125,2874.7203215658665,10941.853572973545,0,0,Model_2
22439,6597.041015625,2644.515699918149,10949.385955937454,46,1,Model_2
22440,10510.8740234375,2852.580685131252,10954.720076443613,1,4,Model_2
22441,3524.1044921875,2669.3845841991715,10945.022903961748,33,0,Model_2
22442,4222.63525390625,2752.779700507177,10953.035212927884,4,0,Model_2
22443,4818.5,2587.2825117772445,10955.69582588649,27,0,Model_2
22444,7827.85546875,2777.094587523374,10958.074347632159,6,0,Model_2
22445,12083.958984375,2918.4913991875947,10962.876963780313,1,5,Model_2
22446,4849.03271484375,2714.7423910039943,10957.79826211818,10,1,Model_2
22447,10686.0849609375,2813.155275293975,10958.167700923354,6,1,Model_2
22448,8733.703125,2680.6148245575605,10970.420739908426,66,0,Model_2
22449,7277.96337890625,2659.1997346080607,10969.036867893541,48,1,Model_2
22450,5456.1591796875,2883.083908025874,10966.092044063538,0,1,Model_2
22451,3391.23779296875,2735.1634160649264,10963.500496642977,4,0,Model_2
22452,10013.2744140625,2831.3879306025337,10981.599818608796,4,0,Model_2
22453,5482.435546875,2609.099232481676,10974.604415787238,28,0,Model_2
22454,7047.9931640625,2631.1610745351063,10975.56947861873,48,0,Model_2
22455,1510.2919921875,2699.631177700241,10969.478110128934,13,0,Model_2
22456,16039.671875,2739.6927522404585,10980.77377004442,13,0,Model_2
22457,7124.02001953125,2806.5871739452705,10988.599460747268,0,0,Model_2
22458,9307.556640625,2780.878202411812,10988.756492111264,2,2,Model_2
22459,3246.51220703125,2859.6065764923114,10979.61272712479,1,0,Model_2
22460,6623.5947265625,2694.6544087524526,10988.768591828288,76,0,Model_2
22461,13013.185546875,2918.1068003386026,10996.260877919725,2,11,Model_2
22462,10232.755859375,2879.905386120081,10992.725110975829,1,1,Model_2
22463,6710.791015625,2649.625962182763,10995.975253942692,37,0,Model_2
22464,4362.87646484375,2848.4732338690665,10996.332416392637,0,0,Model_2
22465,5474.2470703125,2618.5015350431204,10999.458382701581,25,0,Model_2
22466,12476.1005859375,2726.8097265232354,11013.440533072666,52,1,Model_2
22467,4010.044921875,2671.103195572854,11003.268733734716,45,0,Model_2
22468,6669.95166015625,2753.974235531874,11006.528768441043,8,0,Model_2
22469,9617.2041015625,2906.722582344082,11018.957650758915,1,8,Model_2
22470,7114.80810546875,2637.338823012542,11018.212149215891,49,0,Model_2
22471,2182.118408203125,2699.9929906210164,11007.668968052516,17,0,Model_2
22472,10912.1181640625,2792.250452039996,11025.265754325905,4,0,Model_2
22473,8140.7001953125,2835.2438160107704,11021.715238091914,5,0,Model_2
22474,3146.149658203125,2686.6880799904466,11014.325402159215,33,0,Model_2
22475,6987.15673828125,2857.8840523834806,11016.900080631225,2,0,Model_2
22476,14304.693359375,2768.958860345534,11032.960114523543,12,0,Model_2
22477,6123.7294921875,2815.435939563671,11023.194759694656,4,1,Model_2
22478,8146.04931640625,2612.6961868874496,11023.353734078904,20,0,Model_2
22479,2689.80908203125,2657.3738682591356,11021.152468771674,24,0,Model_2
22480,8989.7822265625,2883.7822161694057,11030.93274952886,5,2,Model_2
22481,6105.69091796875,2710.826433603186,11028.69447851774,49,0,Model_2
22482,5535.10986328125,2670.666120040696,11029.681091210208,67,0,Model_2
22483,6494.55029296875,2861.2918145367876,11043.724446719229,1,3,Model_2
22484,2818.173583984375,2679.9040877259104,11046.19066933354,44,0,Model_2
22485,4356.28857421875,2698.137203356251,11048.343094177166,44,0,Model_2
22486,6944.63916015625,2646.367804608657,11064.249099554967,22,1,Model_2
22487,17470.41015625,2821.855126815848,11056.794172443828,10,0,Model_2
22488,12038.2978515625,2902.4551692625973,11056.030388846615,6,1,Model_2
22489,3252.7490234375,2735.6216663990635,11043.76940114233,40,0,Model_2
22490,5402.23583984375,2752.2438859527465,11054.255263208273,37,1,Model_2
22491,8307.4580078125,2666.970886934432,11064.408162258318,64,0,Model_2
22492,3725.8505859375,2730.398855458712,11060.272002056576,43,0,Model_2
22493,9011.3134765625,2868.4357784349704,11064.952472886165,4,0,Model_2
22494,4283.22265625,2687.1309095448814,11067.702906371873,64,0,Model_2
22495,4222.08251953125,2707.964382922626,11068.60155323839,31,0,Model_2
22496,13221.5361328125,2981.471934939618,10705.433934247034,3,9,Model_2
22497,30034.591796875,3011.604138477822,10727.64901470195,2,10,Model_2
22498,3259.807373046875,3053.6218504313147,10693.826331262011,0,3,Model_2
22499,3180.234130859375,3109.4287315302063,10690.868966119473,0,2,Model_2
22500,3994.636962890625,3179.9012344477233,10698.97489333411,3,6,Model_2
22501,13926.5458984375,3282.7477079825476,10703.12589114505,1,2,Model_2
22502,16160.6484375,3133.2110262444476,10716.696562818237,0,4,Model_2
22503,23157.994140625,3093.0852368156193,10736.692095911734,1,8,Model_2
22504,2665.7490234375,3262.707369035459,10725.668282193314,3,3,Model_2
22505,11691.689453125,3195.613397838082,10746.968465066879,3,4,Model_2
22506,5812.32470703125,3220.0654607453616,10737.319956410414,1,10,Model_2
22507,13047.1201171875,2965.5254677621415,10747.243490751629,1,12,Model_2
22508,28032.638671875,3159.564448272926,10757.041347010185,2,22,Model_2
22509,11147.359375,3057.6694598618196,10752.309474463022,0,2,Model_2
22510,6440.6328125,3281.665721633588,10752.511195292813,0,0,Model_2
22511,9305.10546875,3024.689475618303,10754.784705625774,0,0,Model_2
22512,22739.455078125,3128.6766265293118,10783.987946735855,1,3,Model_2
22513,18287.341796875,3085.919177471893,10781.465023257828,0,10,Model_2
22514,28368.60546875,3215.5506247059675,10796.125022739529,3,30,Model_2
22515,19881.126953125,2946.3608910056064,10781.791715617459,3,8,Model_2
22516,27443.361328125,3039.821173241362,10793.374677572923,3,10,Model_2
22517,7663.17138671875,3004.022408564808,10788.302511524365,1,5,Model_2
22518,31531.236328125,2985.519314209232,10814.953860490845,2,13,Model_2
22519,20565.609375,3175.8457995469216,10816.995003265496,2,10,Model_2
22520,14120.345703125,3103.4622707507806,10822.250431451452,3,4,Model_2
22521,9269.453125,2952.168080448406,10822.871932974762,2,5,Model_2
22522,7389.123046875,3074.225162917981,10823.31600142143,1,2,Model_2
22523,9946.19140625,3133.1058427172247,10826.560580284844,1,3,Model_2
22524,29105.419921875,3235.479335620883,10842.175044305754,3,19,Model_2
22525,19831.669921875,3044.775616582716,10841.57473936701,1,14,Model_2
22526,5142.7744140625,3155.8947630255716,10839.188887135846,2,11,Model_2
22527,15821.4765625,2943.4053950032685,10855.640792885337,0,11,Model_2
22528,11923.5244140625,3014.9702415098436,10859.607822006059,1,9,Model_2
22529,9527.9150390625,3080.5370951949153,10853.441382279256,1,5,Model_2
22530,17328.703125,3133.423464746913,10865.299899834084,1,10,Model_2
22531,30794.33203125,3183.172741353512,10876.711081135458,2,17,Model_2
22532,18149.779296875,3272.9762273518136,10873.573545024105,2,14,Model_2
22533,10844.7099609375,2993.124520533136,10872.49243089211,2,6,Model_2
22534,16051.630859375,3104.233079575002,10879.136676962684,0,14,Model_2
22535,21831.138671875,2971.78492335591,10892.148730313442,2,10,Model_2
22536,18351.068359375,3228.4918811286334,10883.654552324828,3,9,Model_2
22537,23484.029296875,3042.416467449162,10888.578165643215,4,18,Model_2
22538,12532.2158203125,3150.5023235084955,10900.700050761283,1,11,Model_2
22539,24334.546875,3061.480694057187,10917.222788430867,3,11,Model_2
22540,2379.572509765625,3095.9385413823184,10899.618759991085,0,0,Model_2
22541,27616.525390625,3249.7693348652683,10925.400342437519,2,20,Model_2
22542,15433.6162109375,3000.5847254956607,10926.317359677327,1,8,Model_2
22543,28041.828125,3132.7536965538748,10942.17028527461,3,14,Model_2
22544,9982.2509765625,3176.67783116817,10923.873305157707,2,10,Model_2
22545,8054.08642578125,3210.6686820453033,10923.137871992352,0,5,Model_2
22546,8561.80859375,2955.5422391116153,10921.921452995542,4,6,Model_2
22547,18562.84765625,3096.665619637235,10939.443786265641,0,4,Model_2
22548,11774.12890625,2936.130929879844,10936.643540806203,1,10,Model_2
22549,7964.3330078125,3034.525861620321,10947.438696368612,1,10,Model_2
22550,10865.607421875,3183.3953069351846,10946.184565115094,0,8,Model_2
22551,22596.923828125,2996.203152612201,10962.978442428925,0,12,Model_2
22552,20566.88671875,3056.3036851341603,10967.512303548596,1,8,Model_2
22553,15708.328125,2954.4303318468155,10974.090840207013,3,13,Model_2
22554,19705.283203125,3229.062449977617,10968.57213277692,2,10,Model_2
22555,13238.68359375,3179.4641589155653,10970.045472042497,1,16,Model_2
22556,25305.30859375,3274.7454741215333,10996.692581692063,2,16,Model_2
22557,15364.1357421875,3091.127258115215,10988.753400942682,5,6,Model_2
22558,10282.296875,3141.587041392573,10984.480434451383,0,5,Model_2
22559,14025.8251953125,3200.3666805606335,10996.500222687122,0,5,Model_2
22560,14835.1923828125,3034.456122870324,11007.373275697813,1,7,Model_2
22561,4273.4443359375,3161.1981302778004,10999.85043119696,0,4,Model_2
22562,12778.037109375,2996.7707293696003,11012.62464120506,0,8,Model_2
22563,31850.103515625,3124.855725576519,11022.169551554456,2,30,Model_2
22564,12594.6806640625,3237.5070530712837,11014.532687092455,3,15,Model_2
22565,11284.6875,3169.8045364778955,11023.595110185655,0,2,Model_2
22566,18857.55859375,2952.9216272057965,11029.88360691192,2,23,Model_2
22567,12222.5048828125,3065.766059688176,11025.499358351648,1,5,Model_2
22568,12408.236328125,3245.069449469447,11045.939489806427,0,11,Model_2
22569,17586.623046875,3100.522195528145,11052.185328406253,4,22,Model_2
22570,25308.232421875,3314.620388179086,10730.520445357892,1,24,Model_2
22571,3554.510986328125,3347.321877744398,10732.373821720925,0,0,Model_2
22572,4078.57861328125,3369.4145613572327,10733.132217852894,2,3,Model_2
22573,4857.82861328125,3371.0371956393356,10755.727865319881,0,1,Model_2
22574,17278.5546875,3298.7063736872515,10778.377210801104,7,18,Model_2
22575,36068.75390625,3415.542946825386,10810.299090520042,4,35,Model_2
22576,20887.068359375,3345.93285676674,10807.53426102065,0,9,Model_2
22577,16406.6796875,3265.245583342272,10805.90662828325,4,12,Model_2
22578,19055.005859375,3300.4857475361787,10825.378959014364,2,9,Model_2
22579,9804.67578125,3379.720705737942,10829.19611061838,0,6,Model_2
22580,10073.0693359375,3364.3187992287567,10859.216215106193,1,5,Model_2
22581,5790.416015625,3347.8169538211077,10842.83046036437,0,2,Model_2
22582,16535.142578125,3315.9741945404094,10858.085553957775,2,8,Model_2
22583,5739.22705078125,3337.7273908389034,10874.504781639393,0,3,Model_2
22584,30852.642578125,3308.047913773451,10908.365000697835,1,37,Model_2
22585,15674.2880859375,3385.368854005006,10926.285741438682,0,1,Model_2
22586,39881.66796875,3352.2489319397137,10957.374418745952,6,25,Model_2
22587,15753.3515625,3302.9360403825995,10973.55006234326,1,12,Model_2
22588,15957.146484375,3316.854099627002,11032.62776974136,0,14,Model_2
22589,2663.26416015625,3342.3568470020546,11030.879316471932,2,4,Model_2
22590,9900.888671875,3975.6737692374736,10695.537778827551,0,5,Model_2
22591,3676.1298828125,4058.428117624717,10695.580701911298,0,6,Model_2
22592,9470.8369140625,4183.675230044639,10710.918020589,2,2,Model_2
22593,12718.603515625,4284.897228010232,10716.225115449837,0,3,Model_2
22594,12679.3349609375,4034.820054705022,10719.441078924086,3,13,Model_2
22595,1904.0643310546875,4231.278946824605,10705.638922883612,2,1,Model_2
22596,9751.4833984375,4241.8483952647075,10728.089727022729,1,3,Model_2
22597,1928.6943359375,4136.031925591407,10720.185343999678,0,2,Model_2
22598,17037.798828125,4143.238263091072,10742.465515633034,0,12,Model_2
22599,8222.4765625,4058.9031697039027,10740.892640739097,1,6,Model_2
22600,10573.580078125,4012.5492265624925,10747.920721628529,2,11,Model_2
22601,12567.1357421875,4095.092747573508,10754.677839511918,1,17,Model_2
22602,9883.6943359375,4044.6934966105036,10760.281598237583,1,10,Model_2
22603,6695.15185546875,4168.253529698821,10762.446387755539,1,2,Model_2
22604,6988.59375,4268.056355610024,10763.90983528165,0,15,Model_2
22605,9344.4326171875,4201.200140613131,10766.709550826476,2,4,Model_2
22606,25081.037109375,4169.844401777955,10804.876827549728,2,13,Model_2
22607,5922.48388671875,4223.39823791408,10788.652078531508,1,8,Model_2
22608,10833.6005859375,4001.0752458204515,10793.524466770526,0,26,Model_2
22609,8056.98974609375,4028.2710567102768,10795.188486978099,1,18,Model_2
22610,8499.236328125,4097.327609825879,10803.60026324421,0,4,Model_2
22611,12612.12109375,4124.447467621649,10808.371702749231,1,7,Model_2
22612,11449.55859375,4036.716120125726,10817.67912303238,0,18,Model_2
22613,17539.349609375,4206.770494499011,10822.320910095135,2,2,Model_2
22614,21948.990234375,4051.0220004715957,10840.535046894023,3,38,Model_2
22615,8421.0859375,3999.581961959135,10823.74028638917,0,31,Model_2
22616,9954.6533203125,4090.1070023509674,10840.843280561261,3,12,Model_2
22617,18923.974609375,4118.839827671414,10851.231108423584,3,32,Model_2
22618,4058.177978515625,4146.782280491898,10835.567538981762,1,2,Model_2
22619,8478.830078125,4012.356812057551,10847.664606432067,2,28,Model_2
22620,14835.04296875,4166.676006951369,10856.30504085419,0,8,Model_2
22621,10563.42578125,4075.051257821964,10861.769608674535,2,26,Model_2
22622,18710.94140625,4205.761929474305,10863.199318303545,4,18,Model_2
22623,7966.6962890625,4005.561541909352,10873.631570674355,0,15,Model_2
22624,27173.697265625,4145.39118806622,10892.047075026625,1,33,Model_2
22625,3699.245361328125,4060.882093045395,10878.477728139973,2,5,Model_2
22626,4464.2255859375,4040.3452970562503,10882.09395378612,2,6,Model_2
22627,6459.5283203125,4097.79299514764,10886.324438789183,1,14,Model_2
22628,7754.884765625,4019.6082610918675,10897.041255307799,1,12,Model_2
22629,14030.3662109375,4206.307871107943,10908.70644234756,1,13,Model_2
22630,9104.748046875,4060.3582468573004,10899.727745763397,4,3,Model_2
22631,6977.109375,4088.6698777470738,10904.684920340682,1,1,Model_2
22632,3694.522216796875,4231.035896923626,10902.048860092531,1,2,Model_2
22633,12667.0517578125,4180.941378980409,10923.128510167502,5,9,Model_2
22634,5231.06494140625,4111.534060666803,10916.262318192697,4,0,Model_2
22635,14323.60546875,4033.6862821555696,10928.620368590477,1,17,Model_2
22636,6505.06298828125,4270.467521104962,10917.418061966186,0,1,Model_2
22637,5051.28564453125,4059.628636832582,10920.960541161861,0,7,Model_2
22638,7166.20849609375,4132.312985913362,10930.692423050954,3,1,Model_2
22639,7582.67626953125,4156.0039067538455,10933.755859435427,3,1,Model_2
22640,3858.84375,4095.06328697945,10928.726174875104,2,0,Model_2
22641,6627.50341796875,4221.612189399311,10933.464318078535,0,2,Model_2
22642,3501.68115234375,4080.8029784900136,10933.126055916495,2,0,Model_2
22643,4523.6923828125,4252.632353655295,10931.92553435811,3,2,Model_2
22644,4956.95751953125,4065.5621846045833,10941.351920472138,3,6,Model_2
22645,6063.96337890625,4113.50331725087,10944.710960892211,1,1,Model_2
22646,5162.89599609375,4238.515665561892,10945.520935379958,5,0,Model_2
22647,11731.1669921875,4198.614513162756,10958.610267945282,10,0,Model_2
22648,4651.96875,4092.554533266695,10952.694301192772,2,1,Model_2
22649,6870.32666015625,4054.125950248679,10959.061755196548,2,8,Model_2
22650,4056.2900390625,4259.823040214367,10954.01767462254,1,0,Model_2
22651,2808.342041015625,4151.526817100588,10952.14566292891,1,0,Model_2
22652,5097.82470703125,4168.289895119611,10960.741584523443,5,0,Model_2
22653,5029.22705078125,4143.107071383158,10966.282901643739,3,1,Model_2
22654,6339.7763671875,4288.470706005115,10964.904240455893,2,0,Model_2
22655,3796.261962890625,4225.822292418918,10965.985531226092,1,0,Model_2
22656,2122.231201171875,4082.829314975068,10964.286624973087,2,0,Model_2
22657,9178.0966796875,4061.595591807738,10979.864878162029,6,0,Model_2
22658,7828.26123046875,4122.085556557402,10970.565494917195,2,0,Model_2
22659,3838.4033203125,4244.179925091332,10967.724181075158,0,0,Model_2
22660,2963.836181640625,4266.29470414971,10967.927668286997,1,1,Model_2
22661,2649.0185546875,4100.8679446524475,10973.848315951931,0,0,Model_2
22662,4151.63671875,4163.46618316439,10981.402867010533,4,0,Model_2
22663,8975.560546875,4208.7328462563455,10988.339625948123,4,0,Model_2
22664,4333.31689453125,4086.085170940263,10984.400064068235,7,1,Model_2
22665,7631.49560546875,4186.276048113825,10993.513712240805,6,0,Model_2
22666,3507.969482421875,4271.768390461337,10980.89803502144,1,0,Model_2
22667,7910.89111328125,4237.108922195621,10988.40948635809,6,0,Model_2
22668,5938.55517578125,4108.350475221407,10992.778367394552,6,0,Model_2
22669,5192.7001953125,4144.907850194955,10998.407738659902,3,0,Model_2
22670,1931.6890869140625,4131.657487695571,10991.318540951637,1,0,Model_2
22671,5676.97900390625,4257.057426947169,10998.367553468328,6,0,Model_2
22672,6924.033203125,4163.744677842595,11004.667619997002,2,0,Model_2
22673,8650.923828125,4078.30941539607,11006.732520610189,13,1,Model_2
22674,3118.822265625,4126.248706755228,11006.202694315129,2,0,Model_2
22675,8262.796875,4265.232741798274,11015.963191593386,5,2,Model_2
22676,7412.8994140625,4113.98987737461,11021.691833529789,7,0,Model_2
22677,3791.88134765625,4210.439259102801,11014.464946340944,3,0,Model_2
22678,6260.017578125,4233.394125413615,11018.138491084523,6,0,Model_2
22679,1936.0047607421875,4190.914710712619,11014.690866604782,9,0,Model_2
22680,5010.10791015625,4142.856656333664,11022.87054026989,5,0,Model_2
22681,3018.8759765625,4170.602091431385,11023.711514762566,0,0,Model_2
22682,5152.96484375,4090.51945066778,11026.034395473747,5,3,Model_2
22683,5198.4833984375,4186.775497247465,11031.806225451204,15,0,Model_2
22684,6777.97607421875,4250.916274051415,11039.164443145259,10,0,Model_2
22685,6755.6484375,4149.51889348682,11043.38477145155,13,0,Model_2
22687,5094.8876953125,4199.980748212198,11051.599066204784,11,0,Model_2
22688,4691.7255859375,4201.126489127986,11071.362496697278,17,0,Model_2
22689,8605.369140625,4562.394849234959,10706.754393146424,0,0,Model_2
22690,17729.107421875,4397.486412064405,10740.943689180262,0,12,Model_2
22691,7525.4052734375,4478.291297704214,10698.190354747843,2,13,Model_2
22692,18318.822265625,4505.700237579178,10713.606983979465,1,22,Model_2
22693,16131.1533203125,4322.310801498592,10736.1220844251,1,10,Model_2
22694,12897.060546875,4437.218166047707,10734.873782232338,2,7,Model_2
22695,9760.1640625,4533.343020919478,10736.858224143274,4,2,Model_2
22696,6059.04345703125,4556.621033121366,10743.712934634772,0,1,Model_2
22697,8494.673828125,4485.483825550415,10745.695345206354,4,12,Model_2
22698,26971.318359375,4372.522701496258,10773.658939395704,1,20,Model_2
22699,10096.7314453125,4462.68684961088,10757.946441171174,1,9,Model_2
22700,11730.142578125,4626.157701855758,10760.262521311473,1,1,Model_2
22701,6182.72265625,4594.307577426545,10754.801221297916,0,0,Model_2
22702,6806.111328125,4291.303065930726,10754.289235461532,1,5,Model_2
22703,16729.341796875,4505.351773990085,10769.468992860624,4,22,Model_2
22704,10923.96875,4418.559482929762,10769.346670903855,1,4,Model_2
22705,7661.23583984375,4326.271870434051,10762.93170122301,1,5,Model_2
22706,12193.3681640625,4566.191122972406,10774.337760016446,2,2,Model_2
22707,11475.3994140625,4534.664144434268,10776.573911369109,3,21,Model_2
22708,25066.640625,4305.847392959753,10787.80130061847,5,19,Model_2
22709,14500.314453125,4445.374607705744,10786.296078156942,0,6,Model_2
22710,2937.18603515625,4588.188980298117,10777.867697899586,0,0,Model_2
22711,6693.89208984375,4605.331363465637,10783.332089081727,0,0,Model_2
22712,7430.14794921875,4474.813106318237,10794.799176374894,0,2,Model_2
22713,7070.74853515625,4344.807187314378,10795.32882603175,1,7,Model_2
22714,5552.9326171875,4577.810105075827,10800.083749864629,3,1,Model_2
22715,9443.939453125,4614.299352425616,10805.432884618189,1,0,Model_2
22716,19719.4609375,4397.7810180049855,10822.693086792482,3,6,Model_2
22717,17839.15625,4507.772145920666,10823.017129579042,3,5,Model_2
22718,3186.740234375,4536.705671538133,10800.928787036013,0,1,Model_2
22719,2011.015869140625,4492.483018248109,10799.143416381798,1,1,Model_2
22720,4506.4775390625,4552.480438690865,10806.466836349522,1,2,Model_2
22721,13699.1474609375,4424.546428028494,10828.88778863204,3,8,Model_2
22722,17073.560546875,4359.911265630508,10824.043662505777,2,10,Model_2
22723,9279.9794921875,4449.959872977808,10822.23462233213,0,6,Model_2
22724,12437.947265625,4478.023850748781,10832.183415936619,2,2,Model_2
22725,9089.3984375,4580.468003046,10824.37715543629,2,1,Model_2
22726,4958.2724609375,4328.991911844816,10824.36593891029,0,7,Model_2
22727,2640.180419921875,4538.563530250918,10819.53612047861,3,0,Model_2
22728,452.22406005859375,4317.236214172095,10825.50525533074,0,1,Model_2
22729,4112.79443359375,4556.981925398577,10826.92260028542,1,0,Model_2
22730,7006.36962890625,4636.518624528544,10826.106266822302,1,0,Model_2
22731,1623.9437255859375,4522.793366316007,10825.885734023708,1,0,Model_2
22732,5455.158203125,4535.720122602535,10837.422505088638,2,1,Model_2
22733,8902.65625,4569.647679234622,10854.723599007324,0,0,Model_2
22734,945.4879150390625,4338.332761448342,10848.803657895209,0,0,Model_2
22735,11828.392578125,4454.951602383517,10863.240916600756,1,2,Model_2
22736,10777.662109375,4366.469009739114,10859.867303528794,3,12,Model_2
22737,4416.984375,4545.6151996317785,10856.530784479823,0,0,Model_2
22738,6516.60791015625,4602.56390891131,10853.908325373435,2,0,Model_2
22739,4255.6357421875,4330.568974270485,10858.037420046989,1,3,Model_2
22740,2098.67041015625,4409.005504341098,10854.888932366943,0,0,Model_2
22741,6375.13720703125,4523.291894806083,10863.817463700965,3,0,Model_2
22742,3308.169677734375,4500.750397455646,10857.677784662177,4,0,Model_2
22743,3240.44580078125,4426.13131592446,10860.036169652507,1,1,Model_2
22744,660.7305908203125,4438.784641072387,10856.95798397794,0,0,Model_2
22745,6828.87158203125,4391.672087633982,10875.09439996675,5,2,Model_2
22746,1895.34912109375,4351.476789616048,10872.845089067836,1,1,Model_2
22747,4901.46728515625,4413.778580900282,10875.204622206496,1,0,Model_2
22748,4583.1875,4467.948787902715,10875.622106603354,1,0,Model_2
22749,5206.49560546875,4483.828508421779,10875.309015385486,2,0,Model_2
22750,4766.37060546875,4337.134543849388,10879.048092903016,1,1,Model_2
22751,4411.1728515625,4435.489657755708,10876.178251990917,1,0,Model_2
22752,1920.96875,4506.10393978213,10872.140302631,0,0,Model_2
22753,6753.560546875,4543.767928319983,10878.570463197451,2,0,Model_2
22754,5054.900390625,4613.129214455374,10881.061591798629,2,0,Model_2
22755,8531.544921875,4570.281542328652,10884.549224831739,4,0,Model_2
22756,16536.462890625,4505.163502381183,10897.307184125006,4,0,Model_2
22757,4638.7041015625,4371.33000775869,10889.22042215558,0,0,Model_2
22758,2378.983154296875,4353.5730950119905,10888.033236781652,1,0,Model_2
22759,7882.09375,4398.976933995029,10900.406301426832,2,0,Model_2
22760,5109.66015625,4430.581706914352,10897.11314705712,4,1,Model_2
22761,3939.31689453125,4331.742334493203,10899.967178849896,0,0,Model_2
22762,7184.42236328125,4592.797721981071,10904.345686668516,3,0,Model_2
22763,1558.64794921875,4463.54258780391,10898.282580291474,0,0,Model_2
22764,4235.4736328125,4476.11351535283,10907.90159036775,2,0,Model_2
22765,7601.94384765625,4536.083316488657,10908.019408050299,1,0,Model_2
22766,3192.144775390625,4352.48029110115,10902.388623679311,1,0,Model_2
22767,9552.2822265625,4463.011836789083,10926.63627995595,3,1,Model_2
22768,3586.008056640625,4571.820858368184,10906.476296693858,1,0,Model_2
22769,4507.54345703125,4312.270723107969,10907.040479119736,1,4,Model_2
22770,9846.404296875,4560.71743666078,10920.361119414141,4,2,Model_2
22771,6332.310546875,4373.135389788309,10915.593124354113,2,0,Model_2
22772,2355.011962890625,4413.216528004268,10908.621567690192,2,0,Model_2
22773,6013.564453125,4442.667915626662,10915.023731101195,3,0,Model_2
22774,4924.72265625,4298.52413372742,10918.645962446302,0,5,Model_2
22775,1825.60107421875,4357.1129695167765,10913.55789895932,0,0,Model_2
22776,4334.2685546875,4339.715107760159,10921.68864384172,0,1,Model_2
22777,3795.828857421875,4412.53617241024,10921.330686519854,0,0,Model_2
22778,4156.12109375,4322.079719963949,10925.947214319334,0,0,Model_2
22779,6623.24951171875,4496.662740030093,10925.946949362027,4,1,Model_2
22780,5305.55419921875,4523.4861505981535,10932.397070045612,2,0,Model_2
22781,6134.197265625,4625.834555964684,10934.18668001674,42,0,Model_2
22782,4784.1748046875,4389.431701520225,10930.150585357973,1,0,Model_2
22783,9404.0732421875,4423.618419315666,10938.474837393645,1,0,Model_2
22784,5622.349609375,4278.535580980824,10936.558312872425,0,0,Model_2
22785,2258.259765625,4351.0721667695325,10931.92182495581,1,0,Model_2
22786,3657.610595703125,4541.154681562679,10940.021128237771,1,0,Model_2
22787,2231.70947265625,4446.60734943836,10935.332267093458,0,1,Model_2
22788,5902.17236328125,4299.71084328182,10942.41837363314,2,0,Model_2
22789,5468.28173828125,4365.376666150056,10942.377923484259,3,1,Model_2
22790,8952.81640625,4489.594038743293,10946.927240446843,5,1,Model_2
22791,2153.460693359375,4331.866621374385,10940.811054289283,1,0,Model_2
22792,5239.13427734375,4583.356982550817,10948.06611527178,3,0,Model_2
22793,10038.69140625,4605.068980049808,10961.54219718634,74,0,Model_2
22794,9921.16796875,4527.471616588067,10961.234316795511,5,0,Model_2
22795,5941.3359375,4389.013729342027,10951.25514141981,1,0,Model_2
22796,6382.63671875,4341.004469071981,10956.09167210327,1,2,Model_2
22797,5346.61181640625,4314.152978875209,10955.138973946108,3,0,Model_2
22798,7378.24951171875,4447.874615304638,10957.397293393464,5,0,Model_2
22799,3468.92919921875,4412.988668722101,10955.4791791284,1,0,Model_2
22800,4705.26171875,4548.251922799973,10970.516124538975,6,0,Model_2
22801,4859.60400390625,4365.278617610456,10965.81410384841,3,0,Model_2
22802,5256.77978515625,4586.670378738781,10972.110902570297,54,0,Model_2
22803,5059.40771484375,4492.045252233278,10970.766509194167,2,0,Model_2
22804,6668.205078125,4509.296271341387,10976.76116826688,7,0,Model_2
22805,9063.4033203125,4452.869566962821,10978.974356652929,4,0,Model_2
22806,8671.95703125,4475.894402184524,10985.051417448143,11,0,Model_2
22807,9283.0068359375,4410.7077742915135,10973.683600826029,5,0,Model_2
22808,5409.63916015625,4567.438595002051,10975.993233671856,57,1,Model_2
22809,5379.8671875,4314.037438107887,10975.623441590273,8,0,Model_2
22810,5429.96923828125,4342.276798477862,10976.059384679524,1,0,Model_2
22811,8904.2919921875,4380.635872906772,10983.51307532323,0,0,Model_2
22812,5068.13623046875,4289.872846153565,10989.357062007315,5,0,Model_2
22813,5773.59228515625,4551.172204185976,10994.379769358551,77,1,Model_2
22814,3763.243408203125,4324.907936993521,10993.211042677016,4,0,Model_2
22815,8278.853515625,4423.229907731526,10997.64474993461,13,0,Model_2
22816,6057.97314453125,4351.6240925863385,10993.49596010123,2,0,Model_2
22817,6073.30859375,4520.611441068584,10995.864148511922,11,0,Model_2
22818,6199.92529296875,4587.7212933674455,10994.884601347643,82,0,Model_2
22819,4978.0673828125,4396.696499886224,11000.89736583634,6,0,Model_2
22820,3845.267333984375,4445.147669067141,11000.430952656774,12,0,Model_2
22821,9778.8642578125,4492.5543681243435,11011.12083184917,54,0,Model_2
22822,4367.9599609375,4298.592261351179,11001.334280435716,0,0,Model_2
22823,4851.2314453125,4526.483766043559,11011.145649516933,76,0,Model_2
22824,5239.27001953125,4566.686429210007,11011.728290635205,54,0,Model_2
22825,5458.71533203125,4368.99295407068,11011.25251563079,13,0,Model_2
22826,3265.88720703125,4613.812331980094,11010.787780514169,55,1,Model_2
22827,6284.32080078125,4342.115225532325,11013.545721123577,9,0,Model_2
22828,998.9052124023438,4310.695041647647,11006.484078975249,0,0,Model_2
22829,8739.748046875,4310.756264444673,11029.739381817766,35,0,Model_2
22830,9637.9599609375,4450.522846517386,11017.767109259097,25,1,Model_2
22831,3639.1806640625,4297.622363356175,11020.033112468358,3,0,Model_2
22832,8592.33203125,4398.118894193089,11023.800010503131,10,0,Model_2
22833,3075.9150390625,4532.5738232214935,11024.509301214188,47,0,Model_2
22834,4679.11279296875,4548.864611092024,11022.200109963873,79,0,Model_2
22835,3898.467529296875,4579.7904093826655,11022.695226851705,25,0,Model_2
22836,3898.426513671875,4279.848418703536,11028.488341732831,3,0,Model_2
22837,4317.45263671875,4329.038404344814,11029.777623989088,3,1,Model_2
22838,2194.66748046875,4421.182396444492,11023.599526140773,5,0,Model_2
22839,2648.9345703125,4514.22907955898,11028.782620981896,29,0,Model_2
22840,5721.24365234375,4480.217284040758,11033.002860969085,65,0,Model_2
22841,4042.34130859375,4372.757465605158,11031.20777521361,15,0,Model_2
22842,6123.09326171875,4591.6487588128075,11037.331468494871,39,0,Model_2
22843,5604.52294921875,4352.611482809065,11037.243237711613,13,0,Model_2
22844,5115.298828125,4460.678005353548,11039.101383306173,46,0,Model_2
22845,6943.0390625,4422.277501964243,11039.383209561805,46,0,Model_2
22846,4154.767578125,4566.040137427859,11045.779720550257,50,0,Model_2
22847,10125.1728515625,4518.010162677616,11054.019362885869,107,0,Model_2
22848,4754.65185546875,4332.541453107027,11049.54697186144,26,0,Model_2
22849,6083.05615234375,4392.794812460663,11060.069486354863,78,0,Model_2
22850,9052.880859375,4363.315345209558,11064.427592460837,37,0,Model_2
22851,6104.28564453125,4542.604234854691,11064.011344531413,60,1,Model_2
22852,4461.4384765625,4613.481360618724,11066.244493034596,22,0,Model_2
22853,2718.36083984375,4590.765861634631,11063.938746229273,13,0,Model_2
22854,5970.82080078125,4439.484330181265,11073.27010098916,46,0,Model_2
22855,4046.347412109375,4341.999684765004,11071.492237458646,33,0,Model_2
22856,7984.384765625,4711.136325094383,10708.624991734418,1,0,Model_2
22857,10898.7060546875,4708.022248238092,10737.913814054686,4,7,Model_2
22858,2365.2900390625,4781.475795016857,10731.700565203631,13,0,Model_2
22859,3997.0205078125,4803.842830411857,10731.51041417625,1,0,Model_2
22860,12017.255859375,4680.640467348276,10745.029507493658,2,2,Model_2
22861,6341.42919921875,4758.136099696159,10744.465943301497,93,0,Model_2
22862,3051.630126953125,4772.059452641057,10741.423880139795,45,0,Model_2
22863,6770.1953125,4652.280042349594,10744.812772416466,4,0,Model_2
22864,4732.90283203125,4742.040027939482,10753.900543092044,31,0,Model_2
22865,7056.58349609375,4793.028030461865,10751.718443030026,4,0,Model_2
22866,3564.19775390625,4727.138951529283,10754.93643784363,39,1,Model_2
22867,11025.2578125,4782.341199967312,10778.475333323826,24,0,Model_2
22868,10147.203125,4664.6926192054525,10771.925765330983,3,1,Model_2
22869,5758.85400390625,4702.323464574991,10771.754779548814,0,0,Model_2
22870,6917.52392578125,4752.133043335052,10783.343305607727,61,0,Model_2
22871,1959.28857421875,4763.976662468165,10769.57771367563,50,0,Model_2
22872,2759.103271484375,4717.135698881233,10774.925523642654,24,0,Model_2
22873,2174.508544921875,4737.076838484267,10776.18672042436,22,0,Model_2
22874,2679.10498046875,4725.811383509543,10783.1814166931,52,0,Model_2
22875,11161.064453125,4642.321901236195,10794.542432744332,5,1,Model_2
22876,16994.189453125,4680.7896116056945,10805.483226506534,9,0,Model_2
22877,1448.01708984375,4665.03141603712,10791.248571821801,0,0,Model_2
22879,6091.0966796875,4711.770188188413,10802.052824251754,72,0,Model_2
22880,1677.1632080078125,4735.650301281363,10795.642535483334,20,0,Model_2
22881,911.4119873046875,4764.776701725554,10795.813874541913,16,0,Model_2
22882,5330.828125,4777.864110314054,10808.399788223782,1,0,Model_2
22883,4065.4560546875,4732.783877543872,10810.328412462026,50,0,Model_2
22884,4243.21630859375,4753.813678161707,10811.42789696731,27,0,Model_2
22885,6542.697265625,4718.868810391054,10831.75692299132,54,1,Model_2
22886,5647.42919921875,4769.538730561966,10828.432591978475,8,0,Model_2
22887,8134.85595703125,4604.811660173582,10832.68630490546,1,0,Model_2
22888,931.3154907226562,4707.6088792777155,10820.558855683943,14,1,Model_2
22889,4848.11083984375,4699.242070565233,10833.497604179742,68,0,Model_2
22890,7865.5263671875,4741.286020860309,10837.125311309195,68,0,Model_2
22891,1758.55712890625,4661.3552862848155,10824.358608424795,1,0,Model_2
22892,5055.39990234375,4762.2937260326,10848.964133704198,9,0,Model_2
22893,656.5696411132812,4650.504120914033,10836.210502046946,0,0,Model_2
22894,5029.97412109375,4633.990997622721,10846.986669002348,0,0,Model_2
22895,1835.656005859375,4675.722389427712,10842.174249433832,0,0,Model_2
22896,4628.19775390625,4688.30758695188,10851.041045715305,81,0,Model_2
22897,2414.919677734375,4723.217009945307,10853.315350920187,35,0,Model_2
22898,5761.763671875,4705.527304178802,10865.400142015264,79,0,Model_2
22899,4850.2900390625,4751.500100884587,10866.976196396885,15,0,Model_2
22900,6535.6796875,4631.027445989195,10866.042398527628,5,0,Model_2
22901,4256.42333984375,4728.133246578742,10867.45232467771,51,0,Model_2
22902,2653.594482421875,4667.710488809273,10863.556392434388,19,0,Model_2
22903,5321.34521484375,4595.167458515614,10874.752869997923,2,0,Model_2
22904,3692.95556640625,4685.142874699552,10871.761855277386,63,0,Model_2
22905,2265.85009765625,4673.379811878316,10880.339936413242,46,0,Model_2
22906,2152.441650390625,4734.046079870546,10879.621725472847,27,0,Model_2
22907,4803.9443359375,4707.696800738107,10889.00448195031,52,0,Model_2
22908,5176.75341796875,4748.276467444142,10889.489265503165,16,0,Model_2
22909,5624.0400390625,4665.536849353928,10897.186540231181,54,2,Model_2
22910,2276.114501953125,4692.064273016062,10890.863157459484,46,0,Model_2
22911,1938.0263671875,4726.26756239566,10891.136328443084,18,0,Model_2
22912,2584.44091796875,4680.414909675019,10900.816631976399,29,0,Model_2
22913,1624.185302734375,4642.953923043096,10892.25418332166,1,0,Model_2
22914,7421.85205078125,4624.246906138025,10907.5554678056,8,0,Model_2
22915,9795.9169921875,4648.409656805219,10918.839381280472,112,0,Model_2
22916,4108.90625,4715.2143157625105,10905.592664074742,78,0,Model_2
22917,6132.4111328125,4737.840512320865,10912.555565466631,38,0,Model_2
22918,5099.197265625,4691.162042323034,10914.867317970915,61,0,Model_2
22919,1608.4356689453125,4705.123141654069,10922.670487302661,22,0,Model_2
22920,8502.8798828125,4670.896836185362,10933.033232539914,115,0,Model_2
22921,7562.42529296875,4721.860901975073,10931.519089849047,29,0,Model_2
22922,3161.70068359375,4695.570083708968,10938.34739292894,11,0,Model_2
22923,3662.66455078125,4712.256748312153,10948.624115360493,24,0,Model_2
22924,6788.10693359375,4651.494733389234,10953.061796977694,58,0,Model_2
22925,3789.740478515625,4684.94401568966,10953.805973734183,52,0,Model_2
22926,4385.4072265625,4624.5382898261305,10957.96324220139,52,0,Model_2
22927,2889.54296875,4697.432085317792,10961.185476331906,17,0,Model_2
22928,7364.65234375,4670.305322695291,10975.607014237234,58,0,Model_2
22929,4149.01611328125,4638.299149181927,10969.913258346263,79,0,Model_2
22930,3996.81982421875,4703.715937966015,10974.283729126568,9,0,Model_2
22931,2921.654296875,4653.651340938639,10979.34856468963,15,0,Model_2
22932,2690.063232421875,4685.309511184692,10982.490605075203,27,0,Model_2
22933,4060.52392578125,4617.330571361119,10986.639748184993,35,0,Model_2
22934,7977.072265625,4633.6904074989725,10997.719379576105,65,0,Model_2
22935,6500.38720703125,4678.6145911850035,11003.404038599532,39,0,Model_2
22936,5025.33251953125,4651.972547399113,11005.857278305797,30,0,Model_2
22937,3956.8134765625,4598.732650718419,11010.076988378372,33,0,Model_2
22938,3759.786376953125,4661.018791062059,11022.778423446129,19,0,Model_2
22939,6391.58642578125,4641.5393542065285,11031.65714280642,27,0,Model_2
22940,6053.16015625,4616.055940346327,11030.162783594482,52,0,Model_2
22941,6019.1201171875,4628.325357127935,11052.029621828791,22,0,Model_2
22942,2688.094970703125,4604.2307340845,11052.09541956005,27,0,Model_2
22943,3589.97802734375,4598.986748342169,11079.641882628952,11,0,Model_2
22944,13958.7529296875,5536.951300674817,10706.903652429413,2,2,Model_2
22945,2032.2254638671875,5402.125352289993,10695.57928880566,12,0,Model_2
22946,7841.1328125,5571.709277801914,10714.060767527393,7,1,Model_2
22947,3133.144287109375,5432.044426843058,10708.30068399055,19,0,Model_2
22948,11191.2109375,5486.184252607869,10723.71757817948,10,2,Model_2
22949,3325.52001953125,5452.061519540148,10711.680391080576,0,0,Model_2
22950,10170.44921875,5592.149866538588,10729.101775616677,3,1,Model_2
22951,8812.7001953125,5432.20692043216,10730.094129050798,46,1,Model_2
22952,5801.29248046875,5397.693374171387,10729.534274260935,10,1,Model_2
22953,5532.8759765625,5555.875129139284,10738.883204522193,1,1,Model_2
22954,10669.9072265625,5527.944184363354,10740.84671480587,5,0,Model_2
22955,17320.345703125,5474.709811544046,10759.79284032512,10,3,Model_2
22956,4105.91552734375,5371.688876053784,10742.93307696093,4,0,Model_2
22957,4501.0,5405.97272174526,10750.59573060082,35,0,Model_2
22958,13524.2802734375,5507.306117582135,10765.11839387835,10,3,Model_2
22959,9949.96875,5444.462527560303,10759.309293239698,13,0,Model_2
22960,11147.8515625,5580.407978519332,10758.078124952794,3,1,Model_2
22961,1938.3975830078125,5387.583326869877,10751.220764888225,4,0,Model_2
22962,4346.029296875,5422.4619083039,10754.27863716925,24,0,Model_2
22963,1432.14990234375,5367.386248355964,10758.192056594839,2,0,Model_2
22964,8928.3349609375,5544.676420822972,10766.741698979735,7,1,Model_2
22965,1825.2762451171875,5395.620084864553,10763.987732729933,4,0,Model_2
22966,1072.289306640625,5418.232471769443,10775.799617798715,2,0,Model_2
22967,5361.49560546875,5586.426685821032,10782.663513476858,1,0,Model_2
22968,3453.791748046875,5377.709424642613,10780.5435017438,7,0,Model_2
22969,5757.74658203125,5563.362262926064,10787.28419227415,6,0,Model_2
22970,8712.9189453125,5536.275087976828,10792.969911126806,4,0,Model_2
22971,8319.5498046875,5435.295679590432,10794.140404190388,30,2,Model_2
22972,1500.626953125,5451.427196124336,10785.918160717942,3,0,Model_2
22973,5215.24755859375,5400.40236785938,10794.864797467948,28,0,Model_2
22974,5269.51123046875,5413.338330581551,10803.927927113968,43,0,Model_2
22975,4995.84716796875,5465.605567336548,10800.912271363872,5,1,Model_2
22976,12171.4375,5482.381074043689,10812.238666326979,11,0,Model_2
22977,7809.92724609375,5511.048993992852,10802.913317266051,3,1,Model_2
22978,15906.09375,5562.769828792429,10818.794416656987,3,1,Model_2
22979,14603.6103515625,5448.564915282885,10829.87934719424,39,0,Model_2
22980,4120.25537109375,5424.949026892893,10819.05796085843,26,0,Model_2
22981,9287.318359375,5527.284543249523,10827.212905174878,3,0,Model_2
22982,6175.7353515625,5500.672880701255,10831.580196467497,1,1,Model_2
22983,17568.0,5595.179704508744,10844.578825314697,2,0,Model_2
22984,4958.224609375,5413.0625978340395,10838.167123440639,16,0,Model_2
22985,9628.90234375,5631.853080571396,10852.375017437356,5,2,Model_2
22986,9947.0546875,5501.459110305179,10854.77358761926,1,0,Model_2
22987,6054.1201171875,5536.893760452047,10850.579755043676,6,0,Model_2
22988,9351.19921875,5565.243137727957,10860.594258060322,3,0,Model_2
22989,12501.2529296875,5470.920442633331,10861.78400468822,12,0,Model_2
22990,13479.732421875,5430.495444046101,10866.893088121564,106,1,Model_2
22991,4440.25244140625,5406.299089888809,10859.54387897595,17,0,Model_2
22992,6036.60302734375,5543.295455476502,10871.147595920469,2,0,Model_2
22993,5019.9404296875,5520.449225106277,10874.861414174724,2,0,Model_2
22994,12010.1220703125,5581.392146489583,10886.012584038748,12,2,Model_2
22995,4787.3681640625,5384.744062117534,10879.947799598762,9,0,Model_2
22996,4665.9658203125,5609.53806153778,10880.437793978657,0,0,Model_2
22997,5952.46826171875,5402.939661522629,10887.65372959881,14,0,Model_2
22998,8178.1240234375,5452.42057053023,10887.92725385882,40,1,Model_2
22999,3972.828125,5503.703178993193,10884.180669217589,2,0,Model_2
23000,8045.876953125,5480.860170875443,10893.012402815424,4,0,Model_2
23001,9100.2080078125,5532.871929041343,10897.813517538838,9,0,Model_2
23002,10677.1572265625,5561.362164782593,10911.082226201055,5,0,Model_2
23003,8314.9853515625,5421.822521348484,10905.373456062684,58,0,Model_2
23004,6060.873046875,5601.561605696566,10904.90863262696,1,0,Model_2
23005,16816.544921875,5503.5770508248825,10918.97177161491,9,1,Model_2
23006,12654.9541015625,5449.611687015509,10920.620600936876,49,1,Model_2
23007,3646.279296875,5471.214588252129,10920.366948474897,11,0,Model_2
23008,7957.00927734375,5591.156031810911,10927.690015166212,3,0,Model_2
23009,10185.8212890625,5544.258448644774,10932.387796539864,9,0,Model_2
23010,7551.9912109375,5422.609671595972,10941.388484580515,18,0,Model_2
23011,5831.32763671875,5518.706446839031,10946.47142555956,5,0,Model_2
23012,5579.23486328125,5437.352397313109,10954.105817086696,21,0,Model_2
23013,6873.16796875,5478.188002930023,10941.982518862991,49,0,Model_2
23014,513.94921875,5579.801274410449,10940.273809189624,0,0,Model_2
23015,7211.88037109375,5561.502562926151,10958.779575664506,4,0,Model_2
23016,1611.26708984375,5577.56272958382,10949.256480133394,1,0,Model_2
23017,6102.6083984375,5594.834002850344,10955.110181918739,4,0,Model_2
23018,7941.19677734375,5492.575360231334,10961.367943597383,47,0,Model_2
23019,4443.79052734375,5461.3917817426845,10957.746507124197,16,0,Model_2
23020,7952.31591796875,5534.387768669985,10964.698015351882,1,0,Model_2
23021,4977.35546875,5450.048532386776,10973.263378536998,12,0,Model_2
23022,8337.4228515625,5580.691997058922,10981.86671893613,9,1,Model_2
23023,5948.8837890625,5514.801076839212,10980.165163110054,17,1,Model_2
23024,5964.22900390625,5427.563654615544,10980.750100524987,10,0,Model_2
23025,7445.66552734375,5608.218779310118,10983.027496898452,6,1,Model_2
23026,15089.541015625,5473.270845653024,11000.754553847823,30,0,Model_2
23027,3601.9677734375,5489.152867780998,10980.804946687553,12,0,Model_2
23028,2101.154296875,5548.429884634679,10979.020989138975,1,0,Model_2
23029,9260.1279296875,5571.8570410939865,11006.02835240707,5,1,Model_2
23030,7156.67529296875,5544.732580080396,11001.436024041635,11,0,Model_2
23031,5183.16650390625,5447.999640134396,10996.460037495548,4,0,Model_2
23032,7469.23583984375,5503.375429884298,11001.630061109521,31,0,Model_2
23033,5012.0869140625,5427.618893229403,11004.813523154102,0,1,Model_2
23034,6393.30029296875,5520.577654883498,11017.865496739127,26,1,Model_2
23035,4578.72900390625,5625.776372725144,11024.116546165991,3,3,Model_2
23036,7962.115234375,5555.059438941302,11030.053267907555,10,1,Model_2
23037,13560.259765625,5591.396780102979,11037.967807627378,16,1,Model_2
23038,4737.8076171875,5579.473525301553,11067.008541589115,19,0,Model_2
23039,5900.673828125,5833.883707542205,10693.526046313986,0,2,Model_2
23040,14073.4736328125,5917.937083998695,10706.982962983333,2,16,Model_2
23041,5004.7685546875,5943.916724740062,10701.238688565812,1,15,Model_2
23042,909.0775146484375,5650.863909852691,10704.735418466465,0,5,Model_2
23043,3889.851806640625,5890.5727953366,10734.407192414568,1,5,Model_2
23044,6459.4873046875,5824.526286354521,10741.296612313294,0,4,Model_2
23045,1829.7659912109375,5925.871650557732,10743.754886208393,0,2,Model_2
23046,13226.857421875,5636.534553095931,10755.121024767563,10,4,Model_2
23047,5075.509765625,5608.416717676446,10746.139148695715,4,2,Model_2
23048,8148.18603515625,5807.906368409749,10760.41540167766,2,4,Model_2
23049,6704.193359375,5869.690297689056,10758.93261226813,1,9,Model_2
23050,3648.17822265625,5910.287916944595,10760.93215674557,0,4,Model_2
23051,2773.945068359375,5836.867973655928,10760.864592632264,0,2,Model_2
23052,5489.50439453125,5614.450155275175,10773.47806187407,7,1,Model_2
23053,14510.2724609375,5673.338200222934,10780.507820826446,2,27,Model_2
23054,11336.3427734375,5952.971254195087,10780.492188345328,6,32,Model_2
23055,3524.11328125,5780.801701232791,10783.0055733603,1,6,Model_2
23056,10413.376953125,5802.525667098118,10791.85355767297,0,2,Model_2
23057,3430.731201171875,5922.752510161838,10793.540894123566,2,21,Model_2
23058,5291.04296875,5829.6077785077505,10794.0884725582,0,4,Model_2
23059,150.3054656982422,5914.698720261222,10787.203998529207,0,0,Model_2
23060,5949.05224609375,5962.269293872872,10806.80836631835,5,17,Model_2
23061,9097.40625,5652.3065583179705,10821.12524608738,5,14,Model_2
23062,12125.6953125,5825.442326701013,10827.259096065412,0,17,Model_2
23063,8407.046875,5624.7562996558845,10825.82664854423,2,0,Model_2
23064,7207.59521484375,5962.747107882751,10825.9527682224,5,14,Model_2
23065,6934.21484375,5666.304483391577,10839.14190137339,1,11,Model_2
23066,7608.13037109375,5687.43417383614,10839.264488287467,0,16,Model_2
23067,18459.9453125,5717.857300740667,10855.632844166124,6,47,Model_2
23068,2486.458740234375,5766.870522817597,10839.533596592359,0,1,Model_2
23069,5889.47216796875,5846.0716473683715,10855.538166088394,0,9,Model_2
23070,10439.3359375,5955.033035457367,10874.253690431382,7,58,Model_2
23071,8611.7109375,5665.692715743091,10864.29323870538,2,4,Model_2
23072,2235.9892578125,5764.142655936535,10862.378038970695,1,0,Model_2
23073,1253.464599609375,5749.16332482337,10858.53509818879,0,2,Model_2
23074,5990.0234375,5691.554053786444,10877.421608313947,1,0,Model_2
23075,5824.61767578125,5831.297159448266,10872.915037796905,3,11,Model_2
23076,8643.30859375,5745.560386234429,10879.740338027317,6,24,Model_2
23077,12382.0673828125,5632.529753591167,10887.315290798564,5,2,Model_2
23078,4328.91357421875,5873.620525065111,10878.898038748106,1,1,Model_2
23079,12372.1904296875,5778.5636167279445,10897.298440533872,3,13,Model_2
23080,3210.08984375,5799.20306447451,10882.351139012193,0,3,Model_2
23081,8155.63232421875,5667.01568054501,10887.956310843496,6,0,Model_2
23082,12705.4873046875,5709.675081062829,10898.745990621559,10,3,Model_2
23083,1190.145263671875,5911.572214716813,10899.5594978734,0,0,Model_2
23084,8704.1376953125,5740.389131333679,10906.762715542813,7,2,Model_2
23085,1430.8148193359375,5829.544254101813,10902.075532461444,0,3,Model_2
23086,5440.49169921875,5665.382919183699,10908.035482126928,3,1,Model_2
23087,9653.0791015625,5641.719617650146,10922.203720846686,6,0,Model_2
23088,7181.1552734375,5845.63157974463,10915.780449170219,1,8,Model_2
23089,5761.95849609375,5760.094586184248,10918.24702506094,1,3,Model_2
23090,7458.02587890625,5684.0954599501565,10922.157353317947,5,0,Model_2
23091,8096.08837890625,5618.138713715598,10926.688211588138,6,2,Model_2
23092,6023.4775390625,5818.486864572624,10922.474948810035,0,9,Model_2
23093,10386.7080078125,5931.346257512923,10932.47479085569,11,4,Model_2
23094,10695.298828125,5716.333635641728,10936.223848431786,0,0,Model_2
23095,17631.705078125,5783.660759821767,10940.292886115734,1,17,Model_2
23096,5748.45654296875,5742.833439996932,10933.8708509067,3,1,Model_2
23097,9878.0693359375,5656.266706609866,10943.31604898953,11,0,Model_2
23098,3474.76416015625,5691.253923984477,10940.593789297476,1,1,Model_2
23099,20164.984375,5842.78448952199,10963.035938164561,9,21,Model_2
23100,4261.1923828125,5859.736299471697,10942.540960547216,1,13,Model_2
23101,5613.89697265625,5815.904459374724,10947.827653695407,0,3,Model_2
23102,5669.46044921875,5878.909622342093,10949.418810643532,4,0,Model_2
23103,7097.27099609375,5904.411449073581,10957.668344718608,9,2,Model_2
23104,12426.640625,5693.512262647739,10959.879678403508,6,2,Model_2
23105,9504.7900390625,5620.575196908554,10959.554310830412,3,3,Model_2
23106,9687.63671875,5750.170048560947,10958.741068535877,2,0,Model_2
23107,2857.632568359375,5971.474808872445,10962.814875451353,2,0,Model_2
23108,302.5436096191406,5977.852567164227,10955.463370009078,0,0,Model_2
23109,7325.81787109375,5931.993469938636,10972.073808547306,10,0,Model_2
23110,8554.29296875,5793.742267172784,10969.40312721103,0,2,Model_2
23111,5720.5810546875,5669.082985668676,10977.618570112594,3,2,Model_2
23112,10270.4970703125,5645.056950570783,10977.4579176654,8,0,Model_2
23113,7431.41259765625,5726.701923463028,10976.474837737027,1,0,Model_2
23114,6692.6923828125,5880.818576772697,10974.196469853436,9,1,Model_2
23115,11193.0068359375,5694.596320444718,10990.191147610007,3,3,Model_2
23116,12326.1357421875,5755.069713610224,10990.952016676842,4,1,Model_2
23117,3807.14892578125,5904.752087192377,10979.82937388288,1,0,Model_2
23118,11644.7470703125,5811.907485340256,10995.929769604976,3,1,Model_2
23119,3030.86083984375,5779.325449277414,10986.679491781055,0,4,Model_2
23120,6283.66552734375,5968.148063352797,10998.082371086806,6,0,Model_2
23121,15422.3134765625,5842.979205635842,11006.538925137815,9,1,Model_2
23122,9873.53515625,5928.370737513062,11003.789551481335,7,1,Model_2
23123,7441.4541015625,5636.958509457298,11002.95458268762,5,3,Model_2
23124,8087.12158203125,5787.155522791902,11007.713569199208,5,2,Model_2
23125,7896.138671875,5884.868487812113,11008.253640510142,2,0,Model_2
23126,7736.48388671875,5667.453906881623,11005.910004809906,4,1,Model_2
23127,9470.6005859375,5716.355270765489,11011.010521290322,4,1,Model_2
23128,8060.6064453125,5605.463293122128,11007.561572024046,19,2,Model_2
23129,8814.1611328125,5741.955606358359,11016.468553497092,2,1,Model_2
23130,5173.1884765625,5685.9956682669,11021.336967376505,4,0,Model_2
23131,12838.0673828125,5768.069200738333,11036.432115075535,6,4,Model_2
23132,17077.568359375,5862.546103629982,11041.020822357772,9,0,Model_2
23133,7515.1044921875,5648.8311288626865,11031.560698346642,7,1,Model_2
23134,9114.55078125,5798.85736281611,11036.024257460835,6,0,Model_2
23135,12253.484375,5823.878613607027,11044.011395482798,11,1,Model_2
23136,6170.873046875,5923.932775211288,11032.576544661992,3,0,Model_2
23137,3666.9951171875,5666.953997426201,11037.932038390922,2,0,Model_2
23138,9614.9814453125,5695.511440147646,11039.951631304597,6,0,Model_2
23139,2753.244873046875,5887.497385510011,11032.491316728214,0,1,Model_2
23140,9277.228515625,5736.211250838824,11046.473378780196,10,1,Model_2
23141,15192.625,5626.836033467669,11055.214761936317,7,0,Model_2
23142,6467.18896484375,5897.71606875211,11048.214854840538,3,0,Model_2
23143,8853.9521484375,5794.781213435112,11064.737680829225,9,1,Model_2
23144,1602.5391845703125,5885.699368628906,11085.87213290721,0,0,Model_2
23145,19200.08984375,6179.069345224183,10746.046766914646,10,9,Model_2
23146,8560.6083984375,6128.331297429511,10736.880833833478,15,12,Model_2
23147,5104.8212890625,6148.479581834516,10756.172287042958,14,2,Model_2
23148,4465.99658203125,6112.71902386588,10760.628515671655,11,8,Model_2
23149,3178.63037109375,6127.759577776073,10763.021610069212,3,1,Model_2
23150,9312.2392578125,6013.479171494255,10776.058569406836,4,40,Model_2
23151,5589.111328125,6157.953924754867,10778.717062706986,12,2,Model_2
23152,7847.75,5988.770479193423,10783.435599069693,1,20,Model_2
23153,4564.12841796875,6137.595273295417,10779.94187201852,8,1,Model_2
23154,12640.0693359375,6043.151053250302,10790.917551826155,5,98,Model_2
23155,8788.9501953125,6102.046003024792,10794.017463999902,17,13,Model_2
23156,5798.6416015625,6149.393780893879,10803.040320135246,20,2,Model_2
23157,8841.904296875,6070.8067256005015,10807.306309417458,14,46,Model_2
23158,16666.728515625,6003.294091742253,10814.975498670923,12,92,Model_2
23159,1974.24267578125,6163.5988507694565,10816.21125955115,5,0,Model_2
23160,8095.466796875,6041.719452507794,10821.845311728925,4,38,Model_2
23161,6655.17724609375,6093.901529733092,10826.279372262929,8,2,Model_2
23162,1093.349853515625,6124.855407652445,10823.064998532522,4,0,Model_2
23163,1687.5635986328125,6151.888264631387,10828.411483713011,2,0,Model_2
23164,1797.392578125,6065.4761993631255,10829.230555068301,3,3,Model_2
23165,5891.185546875,6169.862449259264,10839.868944224021,8,0,Model_2
23166,10502.58203125,5987.279036619235,10847.796643490095,4,72,Model_2
23167,9663.59765625,6031.452435478568,10848.029011048406,13,9,Model_2
23168,6689.337890625,6080.105685921852,10848.697674972376,6,1,Model_2
23169,9887.794921875,6058.559864586219,10856.983154922113,5,0,Model_2
23170,5028.3408203125,6148.468994433526,10849.624760589853,3,0,Model_2
23171,4937.87548828125,6094.250913965749,10868.713698097621,2,0,Model_2
23172,3237.444580078125,6140.426252255682,10868.645869027008,9,1,Model_2
23173,6278.5146484375,6123.03161275154,10875.146331598939,5,0,Model_2
23174,9857.509765625,5985.6020843668375,10879.146392063943,1,12,Model_2
23175,3117.450927734375,6175.961712872842,10879.121662715283,5,0,Model_2
23176,5906.3984375,6080.350577109959,10887.967085773984,6,1,Model_2
23177,7661.513671875,6053.154766220134,10896.013397594528,12,0,Model_2
23178,4082.80126953125,6006.2778975341935,10897.148209740757,4,1,Model_2
23179,5460.21533203125,6026.329974686727,10901.030629161418,6,1,Model_2
23180,9199.775390625,5975.009619837627,10903.195153722067,13,5,Model_2
23181,3321.765625,6099.382120871451,10902.321677799722,8,1,Model_2
23182,3987.69970703125,6155.399599185679,10906.409880728883,10,1,Model_2
23183,3265.3154296875,6140.499903740827,10908.472485045408,5,3,Model_2
23184,6171.38720703125,5948.668626497267,10913.184750751847,4,3,Model_2
23185,4949.1474609375,6078.55808409024,10909.681926833131,12,1,Model_2
23186,4647.0966796875,6040.424107012805,10916.539993450519,10,1,Model_2
23187,4597.9375,6008.792175108334,10917.923512188994,8,0,Model_2
23188,6733.89990234375,6063.645039313706,10926.843299931883,8,1,Model_2
23189,4784.95166015625,5975.293178055435,10923.736233910844,8,1,Model_2
23190,4320.80615234375,6092.805503569776,10926.580727240565,5,1,Model_2
23191,3511.995361328125,6114.169497801457,10926.900707348417,2,0,Model_2
23192,6707.44482421875,5995.48427238618,10935.624779960475,5,0,Model_2
23193,9646.61328125,6030.744460577611,10938.84878047304,20,0,Model_2
23194,8877.9150390625,5957.766426199814,10945.672049364097,15,2,Model_2
23195,12471.8291015625,6126.497835771181,10950.71824959656,22,0,Model_2
23196,5080.1337890625,6097.464420326985,10948.00137736975,10,1,Model_2
23197,6946.2294921875,6050.496407928178,10958.571849135755,19,1,Model_2
23198,3326.89990234375,6067.221279239282,10947.981328933514,16,1,Model_2
23199,6865.0625,5998.411918920698,10962.240183052294,4,0,Model_2
23200,4425.841796875,6018.855269588064,10962.048265642865,8,0,Model_2
23201,4182.12451171875,6084.083326441469,10960.739288226781,8,0,Model_2
23202,4639.85791015625,6111.7712213164195,10973.563045251307,9,2,Model_2
23203,6477.33203125,5955.095178897958,10975.448746405804,3,0,Model_2
23204,5230.296875,6069.783890600549,10976.706852018928,11,0,Model_2
23205,9181.03125,6085.9319787186105,10987.7886913876,17,0,Model_2
23206,6290.22216796875,5988.092425208306,10985.549272228149,7,1,Model_2
23207,2710.84228515625,6046.60392693826,10982.946066686076,4,0,Model_2
23208,7452.7021484375,6135.845590201439,10989.702036421135,22,0,Model_2
23209,7861.56298828125,6021.384737781016,10995.994684145211,7,0,Model_2
23210,1683.8388671875,6052.538395353826,10990.129059281047,5,0,Model_2
23211,5943.01611328125,6106.1295175543055,10998.267399606251,14,0,Model_2
23212,2718.88818359375,5949.857177338796,10999.411661896433,3,0,Model_2
23213,1794.8548583984375,6001.367645083927,10998.86152220783,0,0,Model_2
23214,8037.93408203125,6127.802387701813,11016.447268593423,9,0,Model_2
23215,8609.4365234375,5989.23724548053,11016.183636072878,13,0,Model_2
23216,7351.3388671875,6082.6121380256955,11018.91702397183,29,1,Model_2
23217,7562.49609375,6037.789685453521,11025.994740196787,20,0,Model_2
23218,5802.26123046875,5958.376812882954,11022.974491853369,2,0,Model_2
23219,2768.445068359375,6105.904420202831,11017.358368453373,14,0,Model_2
23220,5769.66552734375,6061.341128794011,11026.237882685586,14,0,Model_2
23221,2080.39697265625,6010.882496321108,11027.788854442137,9,0,Model_2
23222,6065.1689453125,6088.797481812537,11044.43877161912,6,0,Model_2
23223,3442.847900390625,6071.865465699462,11057.605913313622,7,0,Model_2
23233,9262.400390625,6876.423241701676,10706.761105398204,51,0,Model_2
23234,8253.8466796875,6836.34072252037,10745.567900741647,21,0,Model_2
23235,9391.068359375,6825.253412075341,10769.31920366302,17,0,Model_2
23236,4611.3115234375,6783.719037993113,10750.91191298727,18,0,Model_2
23237,8602.658203125,6870.24986628117,10765.700151805599,28,0,Model_2
23238,2643.738037109375,6851.988440861227,10761.321114072365,13,0,Model_2
23239,7204.376953125,6888.49333915161,10779.635669690637,20,0,Model_2
23240,5839.62841796875,6786.399491730612,10781.50662155504,19,0,Model_2
23241,3283.21875,6849.456210737582,10789.31517835203,16,0,Model_2
23242,8339.634765625,6814.006830293685,10805.548229365872,46,0,Model_2
23243,2423.67431640625,6862.056598880561,10795.91968082654,10,0,Model_2
23244,3672.14111328125,6904.681475264719,10796.948068454425,6,0,Model_2
23245,3598.818359375,6875.471756577957,10798.934011790101,29,0,Model_2
23246,5507.3876953125,6785.474244948477,10809.37032683962,7,0,Model_2
23247,16271.3486328125,6837.205206827261,10821.835155032153,23,0,Model_2
23248,4049.2998046875,6890.560183953494,10810.7577316186,49,0,Model_2
23249,4242.3486328125,6870.467598484131,10820.49252803807,26,0,Model_2
23250,2641.492431640625,6902.054879175732,10827.191796909414,34,0,Model_2
23251,4023.310791015625,6793.882022299571,10831.374589597202,13,0,Model_2
23252,3732.09521484375,6886.785545339808,10832.819490111819,18,0,Model_2
23253,4243.30517578125,6867.556523533771,10841.34722935933,24,0,Model_2
23254,11714.5693359375,6904.946160289459,10858.227217797961,42,0,Model_2
23255,4789.615234375,6935.001490090042,10861.192355021507,21,0,Model_2
23256,3480.358642578125,6855.833969029365,10861.60966278016,3,0,Model_2
23257,4497.1796875,6875.908601949224,10863.186158757293,20,0,Model_2
23258,3393.951416015625,6803.366952620912,10863.513292712436,14,0,Model_2
23259,15229.2646484375,6954.915010386147,10885.643586829086,79,0,Model_2
23260,4556.8095703125,6841.208165044896,10875.858006925759,19,0,Model_2
23261,2330.17529296875,6887.5906481368,10876.542215011745,11,0,Model_2
23262,4460.11572265625,6803.874227224849,10885.20817365445,17,0,Model_2
23263,4745.0283203125,6891.763465092052,10889.857114564496,11,0,Model_2
23264,9927.7265625,6928.238902788376,10897.983001896268,40,0,Model_2
23265,4672.48046875,6833.9116044759285,10897.46377389349,29,0,Model_2
23266,4858.92529296875,6812.699976754142,10901.531575110006,12,0,Model_2
23267,6472.560546875,6874.553414622555,10907.452311094043,25,0,Model_2
23268,6087.7177734375,6849.164827049477,10913.676688151994,53,1,Model_2
23269,6802.06396484375,6960.6971122918185,10920.163284624854,23,0,Model_2
23270,3118.593017578125,6910.2283527397085,10921.605093970888,10,0,Model_2
23271,1193.4752197265625,6829.313450193964,10913.736480184292,5,0,Model_2
23272,8843.244140625,6893.692673681071,10933.170833701392,19,0,Model_2
23273,5443.34228515625,6944.751565757906,10934.297343851998,34,1,Model_2
23274,14250.3662109375,6861.765675514238,10941.454988864592,41,0,Model_2
23275,1762.7586669921875,6923.537636427209,10933.637246880957,21,0,Model_2
23276,3271.88525390625,6932.849025436677,10942.671584499607,27,0,Model_2
23277,2692.105224609375,6828.698920614785,10934.83547214268,9,0,Model_2
23278,6081.9541015625,6910.143653531792,10956.677845985636,15,0,Model_2
23279,7987.05908203125,6834.648119327379,10960.043598657488,22,0,Model_2
23280,6720.3251953125,6882.472330240998,10975.046541213655,18,0,Model_2
23281,6538.31396484375,6915.499037145404,10976.565983050663,25,0,Model_2
23282,7594.1201171875,6934.983077218756,10992.489298972527,18,0,Model_2
23283,3866.213623046875,6862.888860662701,10980.33862182709,34,0,Model_2
23284,6542.279296875,6956.013338158373,11000.72337720469,23,0,Model_2
23285,664.3433227539062,6865.083674920024,10993.37434469728,8,0,Model_2
23286,15939.341796875,6977.305522192037,10776.166760307227,2,0,Model_2
23287,7373.484375,7053.962448252831,10900.435446730611,30,0,Model_2
23288,1750.3380126953125,6976.825406573247,10900.557503730073,21,0,Model_2
23289,3666.6904296875,6993.524039542768,10902.852828881318,15,0,Model_2
23290,4981.08056640625,7098.533565131947,10908.463299858762,15,0,Model_2
23291,9418.669921875,7074.803056618199,10922.742820647494,38,0,Model_2
23292,2992.242431640625,7134.999796392629,10909.653134805762,12,1,Model_2
23293,3612.921875,7118.051208695397,10914.995027392928,19,0,Model_2
23294,643.8048095703125,7034.359645159682,10911.457582386087,5,0,Model_2
23295,3213.068603515625,6984.075474642217,10917.127757076727,17,0,Model_2
23296,7011.65380859375,7048.638366520405,10924.569877918024,47,0,Model_2
23297,3991.869384765625,6999.796384146437,10928.4790580267,12,0,Model_2
23298,3139.08349609375,7092.917179067852,10927.56530859368,19,0,Model_2
23299,5595.68212890625,7137.071704734117,10932.091485951445,37,0,Model_2
23300,1963.5413818359375,7157.465340649011,10925.849710030328,30,0,Model_2
23301,9796.2080078125,7017.533963378286,10939.47028199635,31,0,Model_2
23302,5357.17041015625,6978.287848875159,10936.088631886072,14,0,Model_2
23303,6084.404296875,7181.224849435035,10936.428130515545,19,0,Model_2
23304,3711.052734375,7157.346577629214,10941.476450406466,18,0,Model_2
23305,5483.7265625,7064.883122212719,10953.729754348846,15,0,Model_2
23306,6026.6845703125,7040.525655431673,10954.622837111914,13,0,Model_2
23307,8386.82421875,7140.069320179522,10961.509607437569,41,0,Model_2
23308,6781.52587890625,6982.326712191803,10958.498455961693,10,0,Model_2
23309,7220.27880859375,7206.309624631889,10966.529223620222,25,0,Model_2
23310,5446.71484375,7108.455340824556,10959.180014474608,23,0,Model_2
23311,2730.2314453125,6950.164489594288,10961.23087235052,5,0,Model_2
23312,1097.3577880859375,7021.393301199889,10956.424016885452,8,0,Model_2
23313,3893.4970703125,7186.238213964505,10966.428628162634,49,0,Model_2
23314,2956.132568359375,7171.380868123611,10970.693557615617,9,0,Model_2
23315,3851.400146484375,7018.595925729722,10972.606284415437,4,0,Model_2
23316,8192.2314453125,7288.455887944903,10977.420205408693,39,0,Model_2
23317,3497.08837890625,7118.549737185473,10974.92890016931,17,0,Model_2
23318,9003.86328125,6992.774175359635,10979.76092657855,41,0,Model_2
23319,4736.3134765625,6959.759897143347,10978.363453421902,33,0,Model_2
23320,4155.755859375,7096.995169735979,10980.361938070113,25,1,Model_2
23321,3791.722900390625,7078.299660875462,10981.960072227324,16,0,Model_2
23322,14730.7255859375,7037.798248872394,10994.22370950468,50,0,Model_2
23323,17075.955078125,7200.6485873549245,11003.328614086116,55,0,Model_2
23324,8086.8974609375,7124.0353918634355,10994.935119874193,50,0,Model_2
23325,4198.9951171875,7225.163484185468,10988.885879596222,23,0,Model_2
23326,8021.763671875,7153.1737606739625,10996.039991844722,41,0,Model_2
23327,5057.349609375,7268.755496633938,10996.871781150752,35,0,Model_2
23328,4463.951171875,7101.519212211017,11001.422687857179,19,0,Model_2
23329,4708.72998046875,6973.8149021179415,11004.175947554162,9,0,Model_2
23330,11731.14453125,6986.004683231236,11019.286286138798,44,0,Model_2
23331,5800.4873046875,7162.806914609158,11013.044598536784,23,0,Model_2
23332,17487.32421875,7070.196616544155,11024.879976486794,109,2,Model_2
23333,8052.5830078125,7133.738054387737,11025.131332652112,22,0,Model_2
23334,6203.68798828125,7180.992847256828,11022.84280807175,25,0,Model_2
23335,3684.076416015625,7000.946267958265,11024.87458902155,11,0,Model_2
23336,5437.35302734375,7014.669380927924,11023.091073068485,25,0,Model_2
23337,6397.7421875,7033.5384311003145,11026.60396536487,24,0,Model_2
23338,6615.322265625,7108.643152111676,11027.288880003674,29,0,Model_2
23339,12966.962890625,7113.802898967871,11056.973636859824,24,0,Model_2
23340,5778.3642578125,7139.315313100349,11061.194671718935,18,0,Model_2
23341,696.407958984375,7065.358634613687,11047.986726599142,11,0,Model_2
23342,4448.46435546875,6994.612700557569,11065.730034263346,9,0,Model_2
23343,1047.905517578125,7080.650524216937,11057.558839232064,5,0,Model_2
23344,8235.794921875,7038.336825357517,11065.910028593957,15,0,Model_2
23345,895.9686279296875,6972.225871325936,11074.309616823943,2,0,Model_2
23346,6764.20068359375,7493.872641945258,10715.182331808268,10,0,Model_2
23348,6358.857421875,7427.88413350773,10714.587326015666,32,0,Model_2
23349,11448.48046875,7396.596982618095,10728.602154454624,4,0,Model_2
23350,5719.25537109375,7464.90919541195,10726.55341623717,21,0,Model_2
23351,25038.951171875,7442.222696700133,10754.267685600556,137,0,Model_2
23352,3957.400390625,7495.5242764996365,10737.964155943031,9,0,Model_2
23353,20470.48046875,7484.531332019949,10767.903625090388,73,0,Model_2
23354,15465.4501953125,7404.957346825628,10765.896220212839,5,0,Model_2
23355,6257.91015625,7461.691546154674,10792.708663222023,37,0,Model_2
23356,25639.060546875,7375.660627322039,10808.212905003187,0,0,Model_2
23357,6441.23046875,7433.279565116391,10795.670179362372,38,1,Model_2
23358,13137.3701171875,7409.961044597672,10813.45738162045,40,0,Model_2
23359,14827.548828125,7477.800506921252,10822.37381323745,80,0,Model_2
23360,4785.1494140625,7434.821643086616,10820.409154805442,31,0,Model_2
23361,5012.08642578125,7455.5844570707995,10841.13137747316,60,0,Model_2
23362,9744.1220703125,7424.918740587076,10846.35889682277,57,1,Model_2
23363,20185.8515625,7470.527422763174,10875.679425700786,110,1,Model_2
23364,3715.541259765625,7443.366136007011,10861.669454812458,27,0,Model_2
23365,7241.2900390625,7408.183281874983,10874.145234573683,15,0,Model_2
23367,7005.1171875,7434.437274398515,10877.74688756794,42,0,Model_2
23368,6831.0673828125,7390.466877445113,10900.503982354043,27,0,Model_2
23369,5343.71826171875,7410.187983236276,10905.22666971456,30,0,Model_2
23370,5930.51416015625,7432.251206255052,10900.06009054558,9,0,Model_2
23371,11873.3017578125,7457.109503135085,10917.853563459925,88,1,Model_2
23372,7747.16064453125,7421.883839077316,10926.515636062126,51,0,Model_2
23373,8540.2880859375,7395.0917303904425,10933.205454789517,30,1,Model_2
23374,11863.3369140625,7374.594061752781,10947.412200637904,56,0,Model_2
23375,18159.65234375,7273.285523292143,10948.890927368724,2,0,Model_2
23376,5990.61279296875,7447.699144942453,10948.134032661495,23,0,Model_2
23377,9160.3583984375,7231.2691923039965,10954.204469524033,18,0,Model_2
23378,836.2267456054688,7431.704804299632,10949.86323236661,2,0,Model_2
23379,5154.2998046875,7321.353244428523,10956.607367341952,2,0,Model_2
23380,4105.65234375,7416.946887963684,10951.903668588442,7,0,Model_2
23381,7034.60107421875,7404.997855142457,10970.501110291574,38,0,Model_2
23382,10545.4150390625,7355.58185150614,10979.517872408855,26,0,Model_2
23383,2837.862060546875,7381.718461975222,10972.51284280514,9,0,Model_2
23384,4299.2177734375,7237.536933689844,10973.58671477074,31,0,Model_2
23385,6035.345703125,7331.189860591432,10982.126995330786,14,0,Model_2
23386,5639.02392578125,7311.081163859693,10981.32081856444,38,0,Model_2
23387,8016.529296875,7253.0479364614,10988.419113140248,47,0,Model_2
23388,5443.7490234375,7386.634698608657,10989.794153244897,23,0,Model_2
23389,5274.1689453125,7401.505854103016,11002.359223618609,57,0,Model_2
23390,8329.9287109375,7302.022491508629,11005.066115786853,28,0,Model_2
23391,3354.841064453125,7374.328916406259,11006.667782708158,4,0,Model_2
23392,8882.4443359375,7354.057726085419,11012.429455988844,23,0,Model_2
23393,4076.493408203125,7230.146927799098,11007.757110516672,31,0,Model_2
23394,4615.68505859375,7333.702757200226,11013.421367827454,39,0,Model_2
23395,14083.0390625,7275.6736726979725,11026.08650374414,68,2,Model_2
23396,7120.2900390625,7314.539101087255,11032.77667574794,41,0,Model_2
23397,7324.87548828125,7342.583285021596,11039.882654085653,30,0,Model_2
23398,4319.9853515625,7363.374638956273,11052.688305694195,9,0,Model_2
23399,5613.2724609375,7319.663863488007,11056.99403857247,22,2,Model_2
23400,6272.8076171875,7344.083013387863,11064.431213544034,4,0,Model_2
23401,6745.53515625,1296.2734781367471,11028.534885899775,7,0,Model_2
23402,7587.205078125,1313.7072449923726,11039.488309293614,11,0,Model_2
23403,4560.8642578125,1334.1517464641947,11050.101527505161,11,0,Model_2
23404,8137.56298828125,1421.4528081742465,11067.169547312718,39,0,Model_2
23405,8322.455078125,1536.9881667146692,11051.923550586856,4,0,Model_2
23406,7486.330078125,1350.82034343743,11067.468684112413,27,0,Model_2
23407,13092.7431640625,1319.1706891443464,11072.890947082728,26,0,Model_2
23408,9128.6083984375,1510.5521169262938,11067.798644278831,23,0,Model_2
23409,17386.72265625,1549.942427227681,11086.008895037216,14,0,Model_2
23410,6923.51171875,1369.2019128425163,11083.69294737557,14,0,Model_2
23411,11986.7646484375,1413.8932887872215,11095.87480116414,31,0,Model_2
23412,6776.43505859375,1455.675085827359,11086.709000561626,19,0,Model_2
23413,10237.171875,1480.0060841059312,11098.264495276257,25,0,Model_2
23414,12972.7763671875,1509.3352562951623,11102.123642613446,26,0,Model_2
23415,6546.6494140625,1443.4315621459973,11102.133975948422,44,0,Model_2
23416,6704.81982421875,1592.516783296247,11101.670786416093,4,0,Model_2
23417,9608.189453125,1340.041908908228,11101.993725213873,11,1,Model_2
23418,6723.06689453125,1384.894627637579,11102.05943462603,10,0,Model_2
23419,8061.1337890625,1573.1615182414535,11116.15481008634,7,0,Model_2
23420,9216.9384765625,1531.3466931134462,11119.64840465886,25,0,Model_2
23421,8027.81201171875,1363.4912758935243,11116.844670594877,21,1,Model_2
23422,9185.68359375,1400.7101332680322,11125.1539525427,25,3,Model_2
23423,8568.2001953125,1556.1421560702147,11131.65481255059,12,1,Model_2
23424,13921.7900390625,1485.0902231094078,11131.081268299862,55,1,Model_2
23425,11078.8505859375,1428.8374052840518,11136.709977171944,33,0,Model_2
23426,4645.013671875,1592.0778664769605,11125.874724737063,10,0,Model_2
23427,7525.70654296875,1449.01215819153,11135.114669226008,24,0,Model_2
23428,4807.6123046875,1371.6200982446317,11138.365783702997,11,0,Model_2
23429,15061.568359375,1513.3377541910158,11164.337119740852,58,0,Model_2
23430,15148.8525390625,1608.839793691528,11163.491243537996,23,1,Model_2
23431,10794.732421875,1456.3792630736134,11158.852282686516,45,0,Model_2
23432,12632.9130859375,1388.548892105231,11156.76645044607,8,1,Model_2
23433,12672.24609375,1581.795773909369,11159.557289921107,42,0,Model_2
23434,5021.451171875,1411.755094109103,11163.00014516932,7,0,Model_2
23435,5433.59130859375,1488.7915554792853,11160.128493715623,13,0,Model_2
23436,10658.6904296875,1548.1421087376657,11162.8047833149,37,0,Model_2
23437,9602.322265625,1471.4496228192002,11181.671465801577,26,1,Model_2
23438,20149.658203125,1428.5205888174823,11190.278648081661,24,0,Model_2
23439,7403.5537109375,1540.216403372935,11187.161513682953,24,0,Model_2
23440,4842.2001953125,1493.8309281894471,11191.68437907438,53,1,Model_2
23441,5138.99658203125,1562.3956274808152,11192.254787996975,15,1,Model_2
23442,7277.06640625,1586.7802532470087,11194.52207183322,10,0,Model_2
23443,18202.46875,1536.4376218632096,11221.064611665592,41,0,Model_2
23444,5199.38037109375,1615.3127235117718,11201.2320714755,15,0,Model_2
23445,1651.3668212890625,1510.507350632979,11199.573262094968,3,0,Model_2
23446,12403.0673828125,1458.8576355487457,11220.08382803388,19,0,Model_2
23447,5020.3759765625,1568.5558837305289,11216.288712045902,15,0,Model_2
23448,16719.640625,1499.4885130530456,11230.51943653058,37,1,Model_2
23449,2885.517333984375,1587.4011122506927,11217.759710855265,5,0,Model_2
23450,3575.22412109375,1475.1569393722457,11231.700439567343,14,0,Model_2
23451,4591.267578125,1579.9722091693548,11236.19636763255,13,1,Model_2
23452,6375.43115234375,1609.3850448424928,11238.070984739701,20,0,Model_2
23453,1338.951904296875,1592.3358768358594,11241.267694649636,0,0,Model_2
23454,6874.60791015625,1519.7716717402218,11251.172063745638,19,2,Model_2
23455,9152.3310546875,1558.0109474253259,11266.109031932341,17,5,Model_2
23456,7459.5458984375,1581.1449939898448,11269.887543929075,8,2,Model_2
23457,17107.201171875,1596.297636253992,11052.113613295136,16,1,Model_2
23458,7399.6171875,1709.1573744356283,11046.874435824015,14,1,Model_2
23459,8166.056640625,1896.2149997177767,11068.918972092273,2,1,Model_2
23460,3271.18212890625,1954.7023345541675,11061.858389773173,3,3,Model_2
23461,9147.1416015625,1713.5354949057219,11069.851533494097,19,2,Model_2
23462,12189.220703125,1829.3198875302915,11080.779079390944,8,0,Model_2
23463,7137.021484375,1863.848624409875,11079.855173261152,7,0,Model_2
23464,8240.0537109375,1740.7803300653468,11083.023135303269,13,1,Model_2
23465,7719.79345703125,1625.3297858132864,11090.833811758715,11,0,Model_2
23466,2361.229248046875,1645.666571988084,11084.025071359996,3,0,Model_2
23467,9306.5849609375,1705.097106156114,11094.269645638291,15,0,Model_2
23468,9809.1650390625,1768.8913757385453,11096.210281274456,10,0,Model_2
23469,6779.36376953125,1669.364742896636,11091.989467213101,14,0,Model_2
23470,14008.626953125,1799.8652776554227,11102.27197454586,6,0,Model_2
23471,4078.507568359375,1908.5780919820536,11098.00532287038,4,4,Model_2
23472,3327.41259765625,1892.3096297179582,11093.049340600977,1,0,Model_2
23473,4363.77001953125,1609.0957326024072,11101.357695198225,3,0,Model_2
23474,11300.1904296875,1866.6036502760835,11103.701993291728,8,4,Model_2
23475,8545.79296875,1650.5302168579074,11111.060431783539,13,0,Model_2
23476,7900.916015625,1747.0396705786698,11111.66965695162,8,0,Model_2
23477,15660.0361328125,1692.221790828742,11119.409501486974,18,3,Model_2
23478,5580.2119140625,1727.356541334535,11119.238206587946,6,0,Model_2
23479,13061.2490234375,1833.3472428023815,11119.35319805922,16,0,Model_2
23480,12938.923828125,1885.1546180970035,11125.162519495629,13,1,Model_2
23481,5348.52197265625,1619.7829083382967,11123.22886106855,15,1,Model_2
23482,6020.34912109375,1637.3297992718872,11130.963053181353,18,0,Model_2
23483,1399.85302734375,1776.700964933727,11118.531477130859,1,0,Model_2
23484,13432.6826171875,1956.1677689476637,11138.991612862323,7,9,Model_2
23485,7092.97900390625,1756.8988425089046,11133.7561447935,6,1,Model_2
23486,5884.04541015625,1667.3932997841039,11137.016841893095,7,1,Model_2
23487,5174.36962890625,1782.496761412418,11135.645113754785,6,1,Model_2
23488,5910.38134765625,1802.7403324263287,11136.856940158272,3,0,Model_2
23489,3187.490478515625,1923.7298136026366,11136.059462823509,2,1,Model_2
23490,6358.3525390625,1905.7696687891148,11146.85996169161,8,1,Model_2
23491,9888.6220703125,1853.205754645518,11151.081968060847,13,2,Model_2
23492,1166.637939453125,1650.755314209382,11140.606748446738,2,0,Model_2
23493,9056.298828125,1727.6808380300645,11148.89991215838,17,0,Model_2
23494,7064.7548828125,1829.6909068867099,11152.434089358434,4,1,Model_2
23495,7906.1787109375,1692.3975186690805,11151.013741554274,14,0,Model_2
23496,14666.5859375,1880.7783389140386,11163.96807837164,6,1,Model_2
23497,4976.396484375,1810.7352011388284,11158.269685727795,2,0,Model_2
23498,6961.30078125,1630.1911290741991,11158.88765448701,12,0,Model_2
23499,12513.12109375,1755.000705640181,11165.284960347384,12,0,Model_2
23500,5091.279296875,1783.535937835637,11156.892835081548,1,0,Model_2
23501,1975.84326171875,1655.494442037132,11153.873558248255,5,0,Model_2
23502,22972.560546875,1931.0503109042766,11172.152918704236,14,26,Model_2
23503,6642.1025390625,1710.6188960939762,11166.049803773825,7,0,Model_2
23504,4910.0537109375,1670.8897889609216,11164.522678174912,11,0,Model_2
23505,6987.9521484375,1648.2162943394505,11172.426398804695,29,0,Model_2
23506,3686.19189453125,1797.3413333238568,11173.81512837021,3,0,Model_2
23507,9271.505859375,1775.89701294119,11188.086523801525,18,0,Model_2
23508,15796.6826171875,1833.7424290523631,11188.100080783737,16,2,Model_2
23509,9459.29296875,1691.8982996963314,11186.925922477407,24,0,Model_2
23510,10668.9716796875,1721.860184175137,11192.340148409407,18,0,Model_2
23511,8057.5830078125,1863.1512369099073,11194.717124570783,4,1,Model_2
23512,3656.608154296875,1636.0429697298678,11188.870664951832,10,0,Model_2
23513,5853.44775390625,1663.8552665664465,11192.342268067863,10,0,Model_2
23514,8700.97265625,1803.1893763248227,11197.946777505898,11,1,Model_2
23515,10154.724609375,1746.3353782519698,11203.692067593096,22,0,Model_2
23516,15143.56640625,1909.2694952988531,11203.81491946448,16,8,Model_2
23517,12300.3583984375,1884.850345398998,11221.058826764387,9,5,Model_2
23518,7095.5078125,1642.5314354102593,11212.125923634798,13,1,Model_2
23519,7159.52099609375,1672.5637491217349,11211.314271084106,22,0,Model_2
23520,5973.46630859375,1612.9060461542103,11218.061762185338,18,0,Model_2
23521,11532.154296875,1781.9825819817488,11221.485761305197,11,0,Model_2
23522,18791.4609375,1858.9949915388133,11237.387571525636,11,11,Model_2
23523,9895.2705078125,1715.3385753264301,11225.90520502776,29,0,Model_2
23524,16881.005859375,1820.7421363611356,11233.37850251219,20,2,Model_2
23525,12244.3603515625,1670.8844952604268,11234.160700642246,20,0,Model_2
23526,3409.787841796875,1745.4336078807246,11226.284447253296,8,0,Model_2
23527,3036.311767578125,1635.8407733870554,11232.56278728279,4,0,Model_2
23528,12855.857421875,1755.7795700955903,11243.446394426213,37,1,Model_2
23529,3728.43798828125,1699.5402166823624,11240.675780025616,10,0,Model_2
23530,9076.3330078125,1634.0128355901106,11253.21550281695,23,0,Model_2
23531,4314.30859375,1719.211377560161,11251.761549594343,12,1,Model_2
23532,11883.552734375,1794.9107192336232,11265.610691397273,25,3,Model_2
23533,8355.9677734375,1675.408537735464,11261.18117929704,27,1,Model_2
23534,3600.648193359375,1699.187149875448,11258.960616265944,5,0,Model_2
23535,9837.96875,1771.5214242408983,11272.978580033036,21,5,Model_2
23536,10862.4931640625,1606.7887149106828,11276.744903993644,13,2,Model_2
23537,12226.728515625,1827.4307269363198,11269.902116580965,18,4,Model_2
23538,24898.158203125,1731.053730808373,11280.577467281022,21,5,Model_2
23539,8745.78515625,1645.9431102987146,11279.592841768357,25,3,Model_2
23540,4523.17333984375,1664.9489911208511,11281.179936037774,3,0,Model_2
23541,6155.28857421875,1627.3446142537869,11290.693007350768,5,2,Model_2
23542,3729.1962890625,1687.1796561878873,11292.935341040597,5,0,Model_2
23543,3074.3642578125,1984.0964121146826,11058.30442909419,0,0,Model_2
23544,8880.1748046875,1922.0473374888534,11083.163606835573,2,0,Model_2
23545,9089.201171875,1945.0905855818419,11082.076751961926,9,2,Model_2
23546,4179.20458984375,1992.6227223246824,11120.59920395532,2,3,Model_2
23547,2321.296630859375,2691.060446438263,11031.30165841942,29,0,Model_2
23548,1855.6767578125,2647.3648615888087,11037.265759082715,10,0,Model_2
23549,4834.72265625,2631.589173792512,11047.173925900119,20,0,Model_2
23550,5106.3916015625,2929.3243818479823,11052.29634551792,0,2,Model_2
23551,2713.312255859375,2715.067378182197,11050.168738342058,12,0,Model_2
23552,10713.5078125,2794.5992439334514,11074.447659580932,32,0,Model_2
23553,6381.88671875,2767.2895034025423,11075.008750838228,45,0,Model_2
23554,11047.9365234375,2934.668717738823,11076.28098750773,3,2,Model_2
23555,7574.41845703125,2848.416614289861,11082.034093835486,8,0,Model_2
23556,3803.94189453125,2748.4510646286653,11079.096600490979,21,0,Model_2
23557,3829.644287109375,2727.71771123854,11078.188326842304,37,1,Model_2
23558,14287.9892578125,2905.1261864035623,11096.653201572793,5,1,Model_2
23559,5406.43310546875,2706.1419689870672,11088.158228712258,60,0,Model_2
23560,5462.4169921875,2877.0693436202127,11090.012444106764,2,0,Model_2
23561,13898.140625,2674.731221698923,11098.414814388474,84,0,Model_2
23562,9722.2900390625,2819.209657533793,11098.246743136682,7,0,Model_2
23563,2704.8544921875,2736.758891361882,11091.4487335089,30,0,Model_2
23564,5828.75439453125,2780.9564571147785,11100.924004246084,23,0,Model_2
23565,4567.212890625,2759.9379343806067,11102.514145524532,26,0,Model_2
23566,2878.698486328125,2725.0133207683684,11102.121434635887,29,0,Model_2
23567,4843.6953125,2863.846140105976,11105.068466443448,4,0,Model_2
23568,2728.2373046875,2743.58385226503,11105.172329707824,26,0,Model_2
23569,7032.05517578125,2799.0611429678975,11116.725263168486,57,0,Model_2
23570,3472.0927734375,2712.4476869199425,11110.443743651307,32,0,Model_2
23571,6158.0283203125,2693.9848707203055,11120.819162679749,44,0,Model_2
23572,5993.630859375,2885.860799176735,11124.903832844815,5,0,Model_2
23573,3038.4873046875,2848.9991515051806,11117.041533874039,4,0,Model_2
23574,4361.9228515625,2770.238324739039,11121.274138535558,27,0,Model_2
23575,2916.757080078125,2871.053168088314,11124.503923949327,3,0,Model_2
23576,6527.8115234375,2729.1193910652073,11130.100705465906,42,1,Model_2
23577,6720.14111328125,2835.597573300358,11129.858931923194,25,0,Model_2
23578,4806.1337890625,2745.8507068812614,11128.799676769035,53,0,Model_2
23579,1932.1810302734375,2819.8808066921774,11128.515554216741,25,0,Model_2
23580,4624.19189453125,2708.6138969572494,11134.12920468187,44,0,Model_2
23581,1207.081787109375,2857.324301096378,11127.30840872568,0,0,Model_2
23582,10533.8544921875,2914.6281486308435,11136.60430336597,4,0,Model_2
23583,4244.6630859375,2759.1160298385657,11141.192834010002,23,0,Model_2
23584,4466.173828125,2797.301332794712,11142.150124760487,19,1,Model_2
23585,5927.55029296875,2778.9687876594253,11142.380505138994,37,0,Model_2
23586,2494.07763671875,2813.6528831404867,11141.021892387384,23,0,Model_2
23587,4817.31298828125,2858.4440338314744,11145.223364565321,2,0,Model_2
23588,3714.738037109375,2875.6013774569146,11148.042907748626,8,0,Model_2
23589,9995.2744140625,2894.1394562679343,11160.85876021349,22,0,Model_2
23590,1988.4539794921875,2717.4350432687206,11150.097121750427,7,0,Model_2
23591,4248.72802734375,2827.399242360145,11153.604140826505,20,0,Model_2
23592,3806.043212890625,2731.047448849771,11154.86043589803,17,0,Model_2
23593,2814.478271484375,2844.820350366761,11156.67327379308,26,0,Model_2
23594,2399.267822265625,2749.413367314264,11161.025683316951,11,0,Model_2
23595,2525.695068359375,2765.010450259084,11160.657392660109,32,0,Model_2
23596,5905.20166015625,2807.4854919031495,11165.269327866266,40,0,Model_2
23597,7734.3720703125,2782.8647210627096,11171.89339302195,41,1,Model_2
23598,5199.279296875,2863.41804084857,11170.035777342004,40,0,Model_2
23599,12734.4365234375,2926.511585598113,11185.007940690997,42,0,Model_2
23600,3853.3251953125,2735.3986404956086,11170.980924215914,12,0,Model_2
23601,4342.51318359375,2841.157109624357,11175.854990517877,37,0,Model_2
23602,1733.7109375,2937.707071661949,11171.10426184236,1,0,Model_2
23603,9228.08203125,2825.8104417290306,11189.976596751589,41,0,Model_2
23604,6921.453125,2756.319114690181,11183.674322245355,39,0,Model_2
23605,5609.94677734375,2873.9598699817434,11187.918938304796,67,0,Model_2
23606,9324.1044921875,2903.328860005131,11196.629807211051,77,0,Model_2
23607,4997.818359375,2805.5479975220514,11192.035270868058,19,0,Model_2
23608,2786.3056640625,2853.074610403506,11190.10947284109,30,0,Model_2
23609,4842.55078125,2952.722998356796,11193.295761096946,17,0,Model_2
23610,4602.583984375,2773.0515813106904,11198.060355871534,21,0,Model_2
23611,6526.17333984375,2792.123863549903,11206.104680512275,21,0,Model_2
23612,4422.572265625,2884.2832764292834,11205.907198999397,22,0,Model_2
23613,5220.95654296875,2847.6810200819746,11209.567981632685,31,0,Model_2
23614,4130.958984375,2862.704772247118,11216.099002614032,37,0,Model_2
23615,1089.9708251953125,2942.975684619625,11212.2083253573,3,0,Model_2
23616,4053.68212890625,2810.254787744605,11220.454105870525,8,0,Model_2
23617,6590.24462890625,2827.3838215804426,11227.00376218247,30,1,Model_2
23618,5770.16455078125,2879.01305234537,11228.202782316115,58,0,Model_2
23619,5027.8330078125,2901.550406799768,11227.369756542652,45,0,Model_2
23620,6001.54833984375,2840.4693888818147,11242.952911441775,11,1,Model_2
23621,6177.35400390625,2919.096952492022,11242.345717613047,70,0,Model_2
23622,7318.04150390625,2858.554971380974,11248.655145966572,21,0,Model_2
23623,5891.50146484375,2878.6160248082597,11254.822380565296,36,0,Model_2
23624,6350.9990234375,2897.3810422578827,11257.574138837539,37,0,Model_2
23625,3377.8740234375,2935.079785090289,11258.8205421696,34,1,Model_2
23626,8082.7802734375,2923.593835981912,11271.751960179903,43,1,Model_2
23627,11142.1845703125,3001.63679092878,11037.571696453291,2,16,Model_2
23628,9916.12109375,3206.8684955727076,11034.489713057323,3,12,Model_2
23629,9552.220703125,3284.9075377844274,11034.085829802229,1,11,Model_2
23630,10377.291015625,3030.5420067566447,11046.367572495568,1,9,Model_2
23631,13932.5732421875,3193.811007900047,11064.201583877897,4,14,Model_2
23632,4041.909912109375,3062.9675334135536,11053.48582718851,0,7,Model_2
23633,20772.1484375,2982.0047574024647,11067.267316559031,3,23,Model_2
23634,19617.9765625,3155.1897802161984,11069.87334831238,5,17,Model_2
23635,8513.2587890625,3034.5693620287348,11070.089465155856,3,3,Model_2
23636,14634.4208984375,3241.393780038925,11081.391572365814,2,4,Model_2
23637,6530.65478515625,3063.6013965075836,11074.510542781813,2,3,Model_2
23638,14734.4453125,3111.6571492776275,11081.983177872975,1,15,Model_2
23639,11954.4677734375,3210.345305993338,11091.34133748043,2,4,Model_2
23640,7213.47607421875,3025.5516583162826,11094.495698380782,2,1,Model_2
23641,11856.509765625,3082.7942830537213,11103.65937932484,4,2,Model_2
23642,9373.0146484375,2961.3068487895653,11097.42162192288,7,2,Model_2
23643,15670.310546875,2989.3006274887593,11108.123954108709,6,1,Model_2
23644,7640.7060546875,3051.5437277457677,11099.047532437784,4,0,Model_2
23645,8748.7216796875,3175.62139267812,11108.282177780588,2,0,Model_2
23646,6351.53271484375,3137.2434450561414,11108.678951347942,4,1,Model_2
23647,6455.8173828125,3198.667863023584,11114.616512120978,6,1,Model_2
23648,8681.638671875,2931.6614355359925,11110.164522809195,3,0,Model_2
23649,1845.77392578125,3157.739042245783,11101.148908840245,0,1,Model_2
23650,6658.57861328125,3110.199770515319,11105.890010733605,1,0,Model_2
23651,4731.173828125,3011.229436547146,11113.73243790635,5,0,Model_2
23652,14281.8359375,3252.13653963001,11122.894661585218,5,10,Model_2
23653,10684.7275390625,3279.0133475248003,11118.957970076157,1,9,Model_2
23654,6992.4912109375,3225.0905634802766,11121.37897331006,1,3,Model_2
23655,8787.4375,3054.8078695030417,11128.496477290631,8,2,Model_2
23656,15878.4833984375,3022.461518192664,11136.629518469694,8,0,Model_2
23657,3732.730224609375,3152.17444238218,11120.810330769513,4,0,Model_2
23658,9171.5126953125,2949.6220406712964,11134.629134960782,6,0,Model_2
23659,6330.31005859375,2969.994731945102,11133.16193387282,7,0,Model_2
23660,13691.01953125,3123.115248918184,11133.531107720686,10,3,Model_2
23661,6739.11279296875,3077.089975529234,11134.754592245685,13,0,Model_2
23662,5039.71240234375,3170.474995153607,11135.534317440874,8,0,Model_2
23663,5169.6513671875,3190.5869141378207,11140.377162940153,2,1,Model_2
23664,7501.4990234375,3210.24748761463,11146.811827780824,3,0,Model_2
23665,12690.234375,3231.7597054601647,11163.227125262387,19,3,Model_2
23666,6329.9091796875,2981.6394920683233,11152.792841552222,4,0,Model_2
23667,8886.9453125,3104.7649813942844,11157.921046071227,9,0,Model_2
23668,7774.13916015625,3161.1808682109695,11153.984442881268,10,0,Model_2
23669,5432.38330078125,2935.769577280851,11154.97003990406,5,0,Model_2
23670,4288.296875,3129.231774598593,11154.540279151974,5,0,Model_2
23671,5929.75,3256.577724184259,11156.766627084275,5,1,Model_2
23672,7520.92138671875,3058.8791855053278,11157.1043593317,6,0,Model_2
23673,899.1720581054688,3080.735493883025,11152.046103541765,3,0,Model_2
23674,3727.776123046875,3001.932547673816,11160.256777211802,1,1,Model_2
23675,9701.482421875,3040.677832077956,11178.592396935986,9,0,Model_2
23676,7580.19384765625,2960.927313480177,11170.809540997783,9,0,Model_2
23677,2955.57373046875,3025.5714521529153,11166.32240068326,0,0,Model_2
23678,12609.466796875,3079.6224358137697,11181.961682371933,18,2,Model_2
23679,9888.1123046875,3196.546470090514,11177.223892444912,10,1,Model_2
23680,10424.4404296875,3141.55435854604,11180.611813211457,14,0,Model_2
23681,7903.734375,3167.3926805002848,11176.578544763965,9,1,Model_2
23682,2324.703369140625,2986.9909629467875,11172.383431561397,1,0,Model_2
23683,4062.42724609375,3000.8961331812898,11179.537190533487,2,1,Model_2
23684,2102.578857421875,3121.010427569272,11181.263122431814,5,0,Model_2
23685,3413.88671875,3018.176843044348,11183.600310837577,2,0,Model_2
23686,2855.548828125,3058.6260085251415,11184.588513273888,5,0,Model_2
23687,10185.787109375,3099.7375770504586,11196.71242973131,27,0,Model_2
23688,9763.6962890625,3247.9683258925797,11196.643761629224,7,9,Model_2
23689,4254.0068359375,3220.3616778121796,11190.62137035837,4,0,Model_2
23690,11413.8896484375,2978.668345125392,11199.334888837697,29,0,Model_2
23691,11824.7607421875,3184.13067098218,11203.365154435709,14,0,Model_2
23692,5407.18798828125,3011.7176077971235,11200.714124099708,8,0,Model_2
23693,4680.8798828125,3122.625236381078,11201.762560163828,16,0,Model_2
23694,3221.74560546875,3046.126200691564,11202.69914008481,7,0,Model_2
23695,5358.46923828125,3143.380455055856,11209.982993094676,12,0,Model_2
23696,5282.85498046875,3219.0232922305586,11210.487295169154,7,2,Model_2
23697,1743.7640380859375,3063.738112076884,11209.199205220779,8,0,Model_2
23698,5509.90625,2925.607513617957,11217.1473945186,37,1,Model_2
23699,4169.654296875,3030.0812246527057,11216.672105269248,6,0,Model_2
23700,9506.9658203125,3093.005370986415,11230.544651634304,30,1,Model_2
23701,3683.69677734375,3050.6327509388793,11219.172463216622,11,0,Model_2
23702,10053.4140625,3004.0707423519343,11226.273407365501,21,0,Model_2
23703,6352.47900390625,3232.6009435170563,11223.5475707498,5,1,Model_2
23704,2749.779541015625,3170.422518470441,11216.403703517175,3,0,Model_2
23705,4645.69970703125,3113.507873002789,11221.837757087655,11,0,Model_2
23706,6058.08935546875,2964.020675856271,11222.263543480134,27,1,Model_2
23707,6726.90966796875,2944.0123292730423,11234.645307556897,51,0,Model_2
23708,2968.62939453125,3066.0556020891527,11226.117391671181,9,0,Model_2
23709,1320.69189453125,3156.8490100799827,11225.126583821351,3,0,Model_2
23710,10985.7958984375,3198.4296465013176,11236.97759425248,3,0,Model_2
23711,7127.8662109375,3141.909036479192,11233.885189202432,11,0,Model_2
23712,6520.35302734375,3172.010628618882,11235.650290622656,15,16,Model_2
23713,5586.45458984375,3035.887493451941,11235.69798293793,19,0,Model_2
23714,2595.93798828125,3120.180007074261,11235.13106261988,8,0,Model_2
23715,6674.310546875,3082.8534344027285,11246.375939051508,30,1,Model_2
23716,7915.72900390625,2970.1480190985603,11248.191249881424,33,0,Model_2
23717,2922.118896484375,2987.994004110107,11241.279573568903,13,0,Model_2
23718,8578.1767578125,3062.364051557146,11254.804451787517,48,1,Model_2
23719,5098.9443359375,3023.1177068931283,11253.676131095312,26,1,Model_2
23720,4291.23828125,3003.9420824138215,11254.754595654234,20,0,Model_2
23721,8148.1865234375,3131.729940910358,11259.017008012801,19,0,Model_2
23722,7067.43701171875,3158.7853536566254,11257.460118876392,17,0,Model_2
23723,5083.412109375,3041.3365525482222,11261.814073984555,34,0,Model_2
23724,6893.64208984375,2951.5595350523945,11269.854115148832,29,1,Model_2
23725,2686.55126953125,2992.722199295531,11264.818159932242,14,0,Model_2
23726,5435.34814453125,3115.380001690821,11267.532426745533,13,0,Model_2
23727,11202.306640625,3090.9868599716574,11277.089701769259,35,2,Model_2
23728,7577.06640625,2972.169522204902,11277.920210448305,34,0,Model_2
23729,10498.4619140625,3019.224305259646,11283.131655721285,27,0,Model_2
23730,2635.40869140625,3045.7747450108873,11279.114152233564,5,0,Model_2
23731,4009.005126953125,2992.4853637386113,11283.8655874619,16,0,Model_2
23732,5371.73779296875,3059.901560183498,11285.686197437957,12,0,Model_2
23733,9969.0654296875,3348.563365590875,11046.049358769764,0,3,Model_2
23734,5796.908203125,3379.3315036711283,11032.807145838255,1,3,Model_2
23735,8221.884765625,3362.6271166793304,11074.353953013328,4,7,Model_2
23736,14831.0703125,3321.045789775322,11080.762387080598,4,22,Model_2
23737,23660.302734375,3324.0341987850843,11112.541278172816,5,20,Model_2
23738,15211.3740234375,3294.005797808757,11151.612721706482,2,9,Model_2
23739,11114.248046875,3274.1201269804733,11181.973340493445,4,19,Model_2
23741,4495.828125,4209.327581998892,11031.456835082266,3,1,Model_2
23742,1897.170654296875,4131.267134824302,11038.150628169264,12,0,Model_2
23743,4075.089599609375,4104.805076855235,11043.33495947782,15,1,Model_2
23744,5686.09423828125,4161.174701332813,11051.299664447783,6,0,Model_2
23745,7158.4658203125,4125.492858388927,11059.366201342767,24,0,Model_2
23746,1809.742919921875,4236.711204175837,11056.392320528088,9,0,Model_2
23747,6413.7236328125,4255.933321155142,11061.22443525643,41,0,Model_2
23748,5402.36181640625,4178.047335935989,11063.531683486493,16,0,Model_2
23749,6487.2421875,4282.8773360301275,11068.046026084543,20,0,Model_2
23750,3389.49951171875,4157.366919550812,11067.82964428376,10,0,Model_2
23751,2275.447509765625,4222.907995216083,11069.421684422909,7,0,Model_2
23752,3846.81494140625,4245.391492021969,11079.441398266594,28,0,Model_2
23753,4760.80078125,4154.644116209354,11082.062532586446,8,0,Model_2
23754,4651.806640625,4226.639363582246,11086.377406491814,7,0,Model_2
23755,2318.226318359375,4187.3113118018955,11083.906149688668,11,0,Model_2
23756,3616.78515625,4262.92468838254,11089.647818692669,24,0,Model_2
23757,4750.64453125,4209.053230216727,11091.60324777848,22,0,Model_2
23758,6162.28369140625,4175.266992371762,11098.128748815929,27,1,Model_2
23759,4048.3056640625,4276.865073233377,11094.664211228086,12,0,Model_2
23760,3207.968505859375,4245.147061155643,11098.139612065519,24,0,Model_2
23761,7200.763671875,4199.1227084102575,11110.270726529783,26,0,Model_2
23762,2612.046142578125,4227.078970884206,11107.517599311454,10,0,Model_2
23763,3962.47607421875,4263.62898070924,11113.720603146634,37,0,Model_2
23764,3515.683837890625,4243.384949373547,11115.060271450788,14,0,Model_2
23765,5262.22509765625,4222.2884020973,11124.322781470386,31,0,Model_2
23766,3502.294677734375,4268.628075263463,11129.229746637979,21,0,Model_2
23767,1313.9254150390625,4246.933569992194,11127.675418755538,15,0,Model_2
23768,5618.2392578125,4292.069962019799,11137.65759698072,43,0,Model_2
23769,3028.781982421875,4265.471648803214,11141.44268875058,12,0,Model_2
23770,6248.01611328125,4498.244865995366,11045.75923051851,57,0,Model_2
23771,4410.96875,4549.586855968228,11041.586947803902,59,0,Model_2
23772,6463.6806640625,4284.757750510238,11047.553168125654,34,0,Model_2
23773,3728.68896484375,4380.409394589951,11046.742222127781,17,0,Model_2
23774,5873.76171875,4437.463977879379,11052.779539326933,49,1,Model_2
23775,2689.396484375,4578.131409679772,11054.41379599701,20,1,Model_2
23776,6623.1572265625,4313.569290855434,11063.6067547235,42,0,Model_2
23777,3150.73876953125,4412.5246643656865,11056.183445851006,30,1,Model_2
23778,3658.816162109375,4478.876366689336,11058.286676954616,54,0,Model_2
23779,3323.297119140625,4460.771910997108,11058.897580185643,34,0,Model_2
23780,4256.439453125,4558.947499408387,11073.051334572614,34,0,Model_2
23781,1857.1878662109375,4517.72292188555,11071.432092149938,23,0,Model_2
23782,6653.42919921875,4410.295325974701,11077.07391640872,40,0,Model_2
23783,3578.287109375,4575.857420075918,11074.824517190704,22,0,Model_2
23784,4009.08740234375,4323.517765211407,11079.572022218985,24,0,Model_2
23785,5078.3994140625,4488.930715055205,11078.214292658398,90,1,Model_2
23786,7391.47509765625,4466.309121714672,11082.249459966592,71,0,Model_2
23787,1201.3919677734375,4264.807404471561,11075.786223896306,10,0,Model_2
23788,3841.4912109375,4521.184081365587,11082.348509839889,31,0,Model_2
23789,3765.86572265625,4297.871857762104,11083.946732316203,25,0,Model_2
23790,4017.48681640625,4382.140204490861,11083.9821924358,29,0,Model_2
23791,3276.56640625,4352.081652437802,11086.851282635529,40,0,Model_2
23792,4090.941650390625,4499.327542826999,11092.92445739024,67,0,Model_2
23793,4510.576171875,4542.997349656653,11090.772783258984,26,0,Model_2
23794,7390.6533203125,4447.332816567039,11099.163495419183,59,0,Model_2
23795,3538.321044921875,4423.669054711703,11094.116897750759,44,1,Model_2
23796,2225.11279296875,4593.112582080066,11091.591501337865,3,0,Model_2
23797,3813.830078125,4576.66896737786,11093.778547269616,23,0,Model_2
23798,3049.03125,4370.814447362674,11096.433154529263,19,0,Model_2
23799,2858.78125,4335.483369616792,11096.5449223533,10,0,Model_2
23800,6533.38916015625,4400.6957755296025,11100.590776272878,48,0,Model_2
23801,4735.9609375,4561.004217131063,11100.454323259732,47,0,Model_2
23802,4038.655517578125,4526.385257182177,11100.371347463064,43,0,Model_2
23803,4561.06103515625,4315.9928850384895,11096.703852577997,16,0,Model_2
23804,4768.671875,4475.649971318198,11105.633443741248,65,0,Model_2
23805,4285.673828125,4292.655491326703,11104.104993355799,12,1,Model_2
23806,2947.70361328125,4509.694910004735,11105.460779896133,42,0,Model_2
23807,7041.572265625,4353.620968477335,11109.317719255763,46,0,Model_2
23808,1740.296875,4433.1097941419575,11109.515642364153,15,0,Model_2
23809,7017.81591796875,4378.131722411839,11117.704147939497,38,0,Model_2
23810,4766.97802734375,4315.9459322167095,11113.657322509793,19,0,Model_2
23811,3339.345458984375,4492.997197678778,11113.691413683304,62,0,Model_2
23812,1101.320556640625,4420.448183201952,11107.700552331993,12,0,Model_2
23813,5972.67822265625,4541.968990795314,11116.501815839514,41,0,Model_2
23814,1497.152099609375,4334.609218552476,11116.115817202648,16,0,Model_2
23815,5518.23193359375,4464.26621364546,11121.582372202796,54,0,Model_2
23816,3575.4111328125,4285.106674421113,11119.734604102763,34,0,Model_2
23817,2650.28515625,4419.963464365341,11118.80915238868,29,1,Model_2
23818,5926.12939453125,4517.402537925169,11126.031137867343,96,1,Model_2
23819,6946.5078125,4399.968927435577,11129.276688240883,45,0,Model_2
23820,2645.052978515625,4446.217456888873,11128.556843397095,35,1,Model_2
23821,4091.90185546875,4426.937339365017,11131.850306883665,39,0,Model_2
23822,4625.9912109375,4318.135222612647,11130.19030519525,36,0,Model_2
23823,6726.05908203125,4494.02831847081,11134.842778869392,73,1,Model_2
23824,6757.732421875,4338.589621002786,11135.918240578834,52,0,Model_2
23825,9116.892578125,4371.24254662008,11143.753513904288,89,0,Model_2
23826,3376.439697265625,4473.335933719296,11140.887470713591,34,0,Model_2
23827,3259.966796875,4457.426292284392,11143.296153432715,35,1,Model_2
23828,2598.369384765625,4308.240605905186,11144.230966971649,17,0,Model_2
23829,6092.47021484375,4434.230217359727,11148.179316602222,50,0,Model_2
23830,5908.46337890625,4403.212354712654,11151.484968124918,65,1,Model_2
23831,5766.89892578125,4345.002824071795,11153.763689284919,58,1,Model_2
23833,3170.73974609375,5529.566358323675,11034.401570593167,6,0,Model_2
23834,3167.0908203125,5544.43475188734,11054.721234792327,10,0,Model_2
23835,5798.7265625,5562.239077777602,11056.726961606932,21,1,Model_2
23836,6395.31884765625,5594.594175201841,11075.941488878256,24,0,Model_2
23837,8093.71533203125,5466.915643128566,11083.1852008561,0,0,Model_2
23838,14319.6328125,5498.948975627078,11086.158860873024,12,0,Model_2
23839,5233.3671875,5557.695241465932,11080.110768743383,30,1,Model_2
23840,14023.1416015625,5573.324546935502,11110.13069659299,24,0,Model_2
23841,7372.49462890625,5538.743333372753,11107.711548060237,10,0,Model_2
23842,3001.5478515625,5599.698223122396,11101.235284922353,5,0,Model_2
23843,5768.8935546875,5615.355608220678,11119.78203146073,36,0,Model_2
23845,6395.869140625,5594.781986488961,11124.752144786511,27,0,Model_2
23846,6381.349609375,5555.971336391754,11140.988949362203,3,0,Model_2
23847,4184.7412109375,5594.242029038491,11147.547746701242,4,0,Model_2
23848,4748.7587890625,5630.497432922944,11158.780832532706,7,0,Model_2
23849,4437.91259765625,5581.410099039087,11161.858753249966,0,0,Model_2
23850,4187.14013671875,5605.4688169835135,11168.028725740864,2,0,Model_2
23851,8411.255859375,5660.6839544314425,11063.340207672576,9,0,Model_2
23852,13074.375,5695.930793291191,11074.090320492782,7,0,Model_2
23853,3579.998046875,5749.0086567045655,11066.698364901626,1,0,Model_2
23854,16953.63671875,5839.6846826409455,11078.054435083126,11,2,Model_2
23855,8949.462890625,5767.778737693792,11079.23658626822,3,0,Model_2
23856,862.5049438476562,5885.919862762559,11076.34086785913,0,1,Model_2
23857,6031.91552734375,5866.603379817912,11089.926818737025,3,0,Model_2
23858,14887.1181640625,5624.272501462838,11092.426735088888,53,0,Model_2
23859,3416.6806640625,5790.163265316514,11087.027964999801,8,0,Model_2
23860,5803.17431640625,5966.65247788257,11088.680371245413,25,0,Model_2
23861,11733.7744140625,5742.513976680115,11098.531439763141,10,1,Model_2
23862,7456.09130859375,5803.551264028763,11100.97474357039,3,0,Model_2
23863,2124.351318359375,5655.741939778207,11090.675102331774,15,0,Model_2
23864,3418.13330078125,5879.31240390148,11100.870262072298,1,0,Model_2
23865,4735.58251953125,5671.298974727979,11103.520011781315,34,0,Model_2
23866,6400.80517578125,5777.513622742845,11106.105685981569,4,0,Model_2
23867,9564.47265625,5826.911213507876,11107.891542390847,1,0,Model_2
23868,2693.166259765625,5943.324290606426,11103.345758192358,12,0,Model_2
23869,4147.67138671875,5651.109721684363,11107.608921263294,14,0,Model_2
23870,3248.8935546875,5929.003219641745,11110.942790739195,15,0,Model_2
23871,5453.1806640625,5709.230410221266,11120.003403290797,20,0,Model_2
23872,3866.974853515625,5677.975021534599,11118.463868858002,16,0,Model_2
23873,6923.21044921875,5907.437144147698,11125.89331590811,10,0,Model_2
23874,7736.30908203125,5727.589423859026,11135.41332027064,15,0,Model_2
23875,5951.97509765625,5745.0871754423715,11128.81557420746,10,0,Model_2
23876,4862.8486328125,5945.010909616249,11126.761934279824,25,0,Model_2
23877,9544.728515625,5762.969295713818,11139.325856505206,19,0,Model_2
23878,4835.2734375,5655.10025121388,11129.04423236347,12,0,Model_2
23879,3403.68310546875,5688.186339628184,11130.69204601576,16,0,Model_2
23880,5781.28125,5632.9983611654025,11133.838369877798,13,0,Model_2
23881,10387.77734375,5886.535312985303,11144.824647977715,11,0,Model_2
23882,4854.08447265625,5924.397239889484,11133.306997998447,13,0,Model_2
23883,13761.759765625,5782.67106799013,11154.604707937146,9,0,Model_2
23884,5792.25244140625,5807.330045538489,11135.560989809786,32,0,Model_2
23885,2784.029296875,5699.803940766258,11143.584956897434,4,0,Model_2
23886,6025.31982421875,5680.068564999849,11146.717679617708,18,0,Model_2
23887,3609.824951171875,5711.267794429092,11147.498067206165,10,0,Model_2
23888,8008.20166015625,5829.532746057259,11148.425991855114,10,0,Model_2
23889,3691.6396484375,5852.862314298749,11145.893176637623,9,0,Model_2
23890,4581.46826171875,5613.542861042544,11148.870457737743,6,0,Model_2
23891,474.7765197753906,5869.053672664333,11145.313008454217,1,0,Model_2
23892,4779.5498046875,5654.40654628817,11150.103127449387,10,0,Model_2
23893,6175.03759765625,5932.295901349513,11152.101391299842,8,0,Model_2
23894,3781.04541015625,5805.229136924725,11158.021199933304,13,0,Model_2
23895,5046.51953125,5913.719615830574,11167.56165016803,9,0,Model_2
23896,8135.236328125,5675.407346633729,11168.011812632762,13,0,Model_2
23897,6755.2177734375,5864.165055337828,11166.658896463254,18,0,Model_2
23898,8477.220703125,5945.596899244934,11171.063679214825,1,0,Model_2
23899,5574.62451171875,5645.967006734107,11171.754996988551,5,0,Model_2
23900,27128.515625,5735.698452373501,11185.658631677637,39,0,Model_2
23901,9110.8193359375,5695.699711756548,11187.439233100326,24,0,Model_2
23902,7038.58251953125,5852.4088973433245,11181.66559258127,4,1,Model_2
23903,5010.29443359375,5805.461139102932,11177.694412462737,5,0,Model_2
23904,20988.62109375,5836.568304175744,11200.99705434412,20,0,Model_2
23905,8215.29296875,5628.635891635902,11187.187744456354,0,0,Model_2
23906,6516.26513671875,5768.2404404412955,11190.631924491103,8,0,Model_2
23907,10246.2080078125,5665.642540668836,11197.013995306319,17,0,Model_2
23908,11656.0751953125,5922.266870681662,11192.477307975372,3,0,Model_2
23909,9810.2236328125,5794.571306702448,11203.765593245811,10,1,Model_2
23910,4865.12353515625,5886.323104643729,11203.076748406951,0,0,Model_2
23912,7988.72607421875,5766.0359594265465,11216.366918611042,5,0,Model_2
23914,5602.52783203125,5938.405292042298,11044.796552302781,1,0,Model_2
23915,8208.62890625,5990.324525529984,11041.832916503976,14,0,Model_2
23916,10708.34375,6048.266148893628,11057.921742423663,20,0,Model_2
23917,4467.02880859375,6027.904735503485,11049.307715413146,12,0,Model_2
23918,5808.78515625,5961.279602041235,11051.996502165406,3,1,Model_2
23919,5259.890625,6001.572488276986,11062.053486670287,14,0,Model_2
23920,3950.160400390625,6020.105503548402,11064.74386316639,8,0,Model_2
23921,3840.510986328125,5978.61716164439,11065.530433092012,38,0,Model_2
23922,419.7113037109375,5950.80774181895,11068.803362387283,0,0,Model_2
23923,1910.03466796875,5940.389739245176,11074.388132505941,2,0,Model_2
23924,5308.0146484375,6087.829885426443,11080.069788679888,1,0,Model_2
23925,4230.69384765625,5989.7877903319895,11082.588472841002,13,0,Model_2
23926,4303.4541015625,6015.913813400082,11083.200789177667,14,0,Model_2
23927,11827.7783203125,6039.729941765312,11095.53918857517,12,0,Model_2
23928,3431.353759765625,5932.19278927031,11089.968284555584,1,0,Model_2
23929,13017.3330078125,6000.274380851304,11106.616656148275,31,0,Model_2
23930,7907.42431640625,5965.338259194512,11114.384453679526,19,0,Model_2
23931,8379.1025390625,6040.607775403885,11120.392713894002,3,3,Model_2
23932,4798.43359375,5987.052558302414,11127.173059701312,7,0,Model_2
23933,6877.6904296875,5961.813114986755,11145.113539761536,7,0,Model_2
23934,5695.783203125,5979.952094812645,11163.056095320666,1,1,Model_2
23936,2605.35498046875,6913.084189076209,11024.99055200295,6,0,Model_2
23937,3627.097412109375,6942.973803035216,11029.75413110786,19,0,Model_2
23938,8364.8935546875,6914.977032244438,11052.687864098683,17,0,Model_2
23939,5400.78515625,6895.224624572089,11046.64303977583,1,0,Model_2
23940,4761.0673828125,6933.095757911913,11063.895558188218,11,0,Model_2
23941,2516.125,6961.471833851188,11070.293482282308,2,0,Model_2
23942,4257.63916015625,6943.369219446089,11080.326267353143,4,0,Model_2
23943,8236.7197265625,7242.29758156091,11029.439626784355,12,1,Model_2
23944,7246.5908203125,7156.385886069853,11039.856864907764,32,0,Model_2
23945,6294.44580078125,7288.540126831038,11049.4257097339,8,0,Model_2
23946,4129.76611328125,6991.598973849788,11052.687069226762,11,0,Model_2
23947,4233.67333984375,7048.065726223402,11080.211540839176,5,0,Model_2
23948,7067.65380859375,7015.000812611077,11092.676722308119,12,0,Model_2
23949,4127.80712890625,7117.835317779565,11086.047932080459,8,0,Model_2
23950,3205.63427734375,6999.774749022676,11089.367758819084,1,0,Model_2
23951,4414.1240234375,6962.371762935305,11090.20798259939,7,0,Model_2
23952,3399.4306640625,7064.05730493553,11090.318911391954,4,0,Model_2
23953,3263.8828125,6983.863266300643,11091.189516943472,9,0,Model_2
23954,5793.32568359375,7033.703226298327,11104.84550486954,6,0,Model_2
23955,3658.216796875,7379.496028410969,11050.217313848356,8,0,Model_2
23956,5100.982421875,7400.182889301097,11056.572933092415,14,0,Model_2
23957,1993.73681640625,7301.1957535878755,11063.781273269764,6,0,Model_2
23958,5317.1376953125,7380.8908034109045,11073.45565942322,2,0,Model_2
23959,1608.0615234375,7321.737613116624,11073.055397251323,1,0,Model_2
23960,3933.501708984375,7362.398296456318,11080.53010784139,7,0,Model_2
23961,6409.10888671875,7335.387995244702,11085.894786756966,1,0,Model_2
