EntityID,volume,Custom cell groups,model
2505318700508100001,6791.41259765625,1,Chenxi
2505318700509100001,3518.54345703125,1,Chenxi
2505318700509100002,4447.75390625,1,Chenxi
2505318700514100001,3944.55126953125,7,Chenxi
2505318700518100002,6590.80810546875,10,Chenxi
2505318700518100003,10348.71484375,10,Chenxi
2505318700518100004,3642.33984375,10,Chenxi
2505318700518100005,3750.97900390625,10,Chenxi
2505318700518100006,4591.23681640625,10,Chenxi
2505318700518100007,3800.298828125,10,Chenxi
2505318700518100008,7021.9580078125,10,Chenxi
2505318700518100009,12404.453125,10,Chenxi
2505318700518100010,6199.40185546875,10,Chenxi
2505318700518100011,1813.7314453125,10,Chenxi
2505318700519100001,5885.99609375,10,Chenxi
2505318700519100002,4954.7265625,10,Chenxi
2505318700519100005,37616.80078125,10,Chenxi
2505318700519100006,4231.99072265625,10,Chenxi
2505318700519100007,3479.5439453125,10,Chenxi
2505318700519100008,8640.0126953125,10,Chenxi
2505318700519100009,2741.33740234375,10,Chenxi
2505318700519100010,4442.7109375,10,Chenxi
2505318700519100011,4339.7421875,10,Chenxi
2505318700519100012,5957.20849609375,10,Chenxi
2505318700519100013,8915.5556640625,10,Chenxi
2505318700519100014,3967.8935546875,10,Chenxi
2505318700519100015,5328.216796875,10,Chenxi
2505318700519100016,3048.92236328125,10,Chenxi
2505318700519100017,4930.15625,10,Chenxi
2505318700519100018,4484.9619140625,10,Chenxi
2505318700519100019,7602.708984375,10,Chenxi
2505318700519100020,7424.89697265625,10,Chenxi
2505318700519100021,7605.64599609375,10,Chenxi
2505318700519100022,4356.65478515625,10,Chenxi
2505318700520100002,2631.57080078125,10,Chenxi
2505318700520100004,2221.196533203125,10,Chenxi
2505318700520100005,7938.93701171875,10,Chenxi
2505318700520100006,2630.656494140625,10,Chenxi
2505318700520100007,3547.781982421875,10,Chenxi
2505318700523100001,5241.3984375,15,Chenxi
2505318700523100002,2173.775390625,15,Chenxi
2505318700523100003,2749.449462890625,15,Chenxi
2505318700523100004,5730.95068359375,15,Chenxi
2505318700523100005,4608.2060546875,15,Chenxi
2505318700523100006,4205.703125,15,Chenxi
2505318700523100007,3290.68505859375,15,Chenxi
2505318700523100008,3734.714599609375,15,Chenxi
2505318700523100009,3482.912109375,15,Chenxi
2505318700523100010,4236.89404296875,15,Chenxi
2505318700523100011,1783.6162109375,15,Chenxi
2505318700523100013,2746.62646484375,15,Chenxi
2505318700523100014,1921.2684326171875,15,Chenxi
2505318700523100015,2897.0234375,15,Chenxi
2505318700523100016,3271.07861328125,15,Chenxi
2505318700523100017,2406.4580078125,15,Chenxi
2505318700523100018,2139.95263671875,15,Chenxi
2505318700523100019,2739.469970703125,15,Chenxi
2505318700524100002,3362.93115234375,15,Chenxi
2505318700524100003,1924.3201904296875,15,Chenxi
2505318700524100004,3775.105224609375,15,Chenxi
2505318700524100005,3368.660888671875,15,Chenxi
2505318700524100007,3308.563720703125,15,Chenxi
2505318700536100001,6622.63623046875,1,Chenxi
2505318700536100002,6371.89453125,1,Chenxi
2505318700536100003,4835.2763671875,1,Chenxi
2505318700536100004,10347.65234375,1,Chenxi
2505318700536100005,6917.4267578125,1,Chenxi
2505318700536100006,5135.02001953125,1,Chenxi
2505318700536100007,5388.41650390625,1,Chenxi
2505318700536100008,2229.900390625,1,Chenxi
2505318700536100009,5853.92822265625,1,Chenxi
2505318700536100010,7939.935546875,1,Chenxi
2505318700536100011,7543.7119140625,1,Chenxi
2505318700536100012,4848.51416015625,1,Chenxi
2505318700536100013,5812.384765625,1,Chenxi
2505318700536100014,6645.27783203125,1,Chenxi
2505318700536100015,10373.150390625,1,Chenxi
2505318700536100016,6162.0791015625,1,Chenxi
2505318700536100017,12601.3515625,1,Chenxi
2505318700536100018,7545.40478515625,1,Chenxi
2505318700536100019,4231.30078125,1,Chenxi
2505318700536100021,4937.43017578125,1,Chenxi
2505318700536100022,3994.894287109375,1,Chenxi
2505318700536100023,3312.713623046875,1,Chenxi
2505318700536100024,6500.89013671875,1,Chenxi
2505318700536100025,4518.37451171875,1,Chenxi
2505318700536100026,3565.56689453125,1,Chenxi
2505318700537100001,11399.654296875,1,Chenxi
2505318700537100002,5066.0869140625,1,Chenxi
2505318700537100003,22585.822265625,1,Chenxi
2505318700537100004,13812.9794921875,1,Chenxi
2505318700537100005,39936.80078125,1,Chenxi
2505318700537100006,17191.541015625,1,Chenxi
2505318700537100008,7618.69140625,1,Chenxi
2505318700537100009,20191.71484375,1,Chenxi
2505318700537100010,13484.85546875,1,Chenxi
2505318700537100012,11817.2900390625,1,Chenxi
2505318700537100013,3181.786376953125,1,Chenxi
2505318700537100015,9695.4833984375,1,Chenxi
2505318700538100001,3981.771240234375,1,Chenxi
2505318700538100002,3837.70166015625,1,Chenxi
2505318700538100003,2245.42333984375,1,Chenxi
2505318700541100001,3873.126953125,7,Chenxi
2505318700541100003,8527.6083984375,7,Chenxi
2505318700541100004,8026.244140625,7,Chenxi
2505318700541100005,2298.560791015625,7,Chenxi
2505318700541100007,2610.67626953125,7,Chenxi
2505318700541100008,2445.3583984375,7,Chenxi
2505318700542100001,4197.25390625,7,Chenxi
2505318700542100002,3069.249755859375,7,Chenxi
2505318700542100003,2634.68212890625,7,Chenxi
2505318700542100004,6558.873046875,7,Chenxi
2505318700542100006,5802.7421875,7,Chenxi
2505318700542100007,2574.194091796875,7,Chenxi
2505318700542100008,3498.385009765625,7,Chenxi
2505318700542100009,5359.4072265625,7,Chenxi
2505318700542100010,2180.950927734375,7,Chenxi
2505318700542100011,4204.33056640625,7,Chenxi
2505318700542100012,1258.4937744140625,7,Chenxi
2505318700542100013,3255.499267578125,7,Chenxi
2505318700542100014,1339.80224609375,7,Chenxi
2505318700542100015,3341.084228515625,7,Chenxi
2505318700542100016,3236.381103515625,7,Chenxi
2505318700542100017,2715.720703125,7,Chenxi
2505318700542100018,3101.854248046875,7,Chenxi
2505318700542100019,2267.204833984375,7,Chenxi
2505318700542100020,1095.6700439453125,7,Chenxi
2505318700542100021,8663.2255859375,7,Chenxi
2505318700542100022,3649.19580078125,7,Chenxi
2505318700542100023,1566.5670166015625,7,Chenxi
2505318700542100024,2210.36279296875,7,Chenxi
2505318700542100025,5744.8193359375,7,Chenxi
2505318700542100026,1856.4708251953125,7,Chenxi
2505318700542100027,2067.5458984375,7,Chenxi
2505318700542100028,1664.456298828125,7,Chenxi
2505318700542100029,2884.569091796875,7,Chenxi
2505318700542100030,3086.76171875,7,Chenxi
2505318700542100031,4294.12109375,7,Chenxi
2505318700542100032,843.8189086914062,7,Chenxi
2505318700542100033,2703.922607421875,7,Chenxi
2505318700542100034,4269.56396484375,7,Chenxi
2505318700542100035,2565.898681640625,7,Chenxi
2505318700542100036,3721.33935546875,7,Chenxi
2505318700542100037,2932.675537109375,7,Chenxi
2505318700542100038,4081.507080078125,7,Chenxi
2505318700542100039,2999.892333984375,7,Chenxi
2505318700542100040,2534.8740234375,7,Chenxi
2505318700542100041,3721.5029296875,7,Chenxi
2505318700542100042,6903.103515625,7,Chenxi
2505318700542100043,2364.92919921875,7,Chenxi
2505318700542100044,2428.80419921875,7,Chenxi
2505318700542100045,4794.826171875,7,Chenxi
2505318700542100046,2786.275390625,7,Chenxi
2505318700542100047,1229.020751953125,7,Chenxi
2505318700542100048,6117.4814453125,7,Chenxi
2505318700542100049,1723.6663818359375,7,Chenxi
2505318700542100050,2074.146240234375,7,Chenxi
2505318700542100051,1970.765625,7,Chenxi
2505318700542100052,1924.19921875,7,Chenxi
2505318700542100053,3720.11181640625,7,Chenxi
2505318700542100054,4525.1396484375,7,Chenxi
2505318700542100055,5112.42529296875,7,Chenxi
2505318700542100056,4332.43798828125,7,Chenxi
2505318700542100057,8106.94921875,7,Chenxi
2505318700542100058,2994.623779296875,7,Chenxi
2505318700542100059,1314.0333251953125,7,Chenxi
2505318700542100060,2495.77197265625,7,Chenxi
2505318700542100061,5214.72265625,7,Chenxi
2505318700542100062,5596.18896484375,7,Chenxi
2505318700542100063,4689.65625,7,Chenxi
2505318700542100064,3297.92041015625,7,Chenxi
2505318700542100065,5947.123046875,7,Chenxi
2505318700542100066,9281.84375,7,Chenxi
2505318700542100067,2339.034423828125,7,Chenxi
2505318700542100068,1706.6138916015625,7,Chenxi
2505318700542100069,2129.11669921875,7,Chenxi
2505318700542100070,2443.005859375,7,Chenxi
2505318700542100071,2999.2158203125,7,Chenxi
2505318700542100072,2407.462890625,7,Chenxi
2505318700542100073,2922.345947265625,7,Chenxi
2505318700542100074,3007.130615234375,7,Chenxi
2505318700542100075,1897.750732421875,7,Chenxi
2505318700542100076,5370.55224609375,7,Chenxi
2505318700542100077,4357.91748046875,7,Chenxi
2505318700542100078,954.859375,7,Chenxi
2505318700542100079,1600.9453125,7,Chenxi
2505318700542100080,1983.9840087890625,7,Chenxi
2505318700542100081,3757.4296875,7,Chenxi
2505318700542100082,4071.552978515625,7,Chenxi
2505318700542100083,3842.72314453125,7,Chenxi
2505318700542100084,4179.09765625,7,Chenxi
2505318700542100085,3200.172607421875,7,Chenxi
2505318700542100086,2234.0068359375,7,Chenxi
2505318700542100087,5312.77392578125,7,Chenxi
2505318700542100088,3013.140625,7,Chenxi
2505318700542100089,5308.47314453125,7,Chenxi
2505318700542100090,4002.784912109375,7,Chenxi
2505318700542100091,3362.58447265625,7,Chenxi
2505318700542100092,6020.16259765625,7,Chenxi
2505318700542100093,4828.06982421875,7,Chenxi
2505318700542100094,10674.4345703125,7,Chenxi
2505318700542100095,5479.12060546875,7,Chenxi
2505318700542100096,4093.415283203125,7,Chenxi
2505318700542100097,8805.548828125,7,Chenxi
2505318700542100098,6933.70556640625,7,Chenxi
2505318700542100099,8807.806640625,7,Chenxi
2505318700542100100,2779.20166015625,7,Chenxi
2505318700542100101,4887.6044921875,7,Chenxi
2505318700542100102,2731.25439453125,7,Chenxi
2505318700542100103,2140.14404296875,7,Chenxi
2505318700542100104,8639.283203125,7,Chenxi
2505318700542100105,5402.865234375,7,Chenxi
2505318700542100107,3940.2265625,7,Chenxi
2505318700543100004,8272.994140625,7,Chenxi
2505318700543100006,5901.849609375,7,Chenxi
2505318700543100008,4120.177734375,7,Chenxi
2505318700543100009,2196.40869140625,7,Chenxi
2505318700545100001,3370.275634765625,10,Chenxi
2505318700545100002,4124.94921875,10,Chenxi
2505318700545100003,9939.330078125,10,Chenxi
2505318700545100004,5980.53662109375,10,Chenxi
2505318700545100005,7481.71337890625,10,Chenxi
2505318700545100006,1853.40234375,10,Chenxi
2505318700545100007,5238.5625,10,Chenxi
2505318700545100008,4407.14794921875,10,Chenxi
2505318700545100009,7823.13525390625,10,Chenxi
2505318700545100010,11756.6142578125,10,Chenxi
2505318700545100012,9676.201171875,10,Chenxi
2505318700545100013,3025.7529296875,10,Chenxi
2505318700545100014,4927.14404296875,10,Chenxi
2505318700545100016,5448.060546875,10,Chenxi
2505318700546100002,18429.642578125,10,Chenxi
2505318700546100004,2810.064208984375,10,Chenxi
2505318700546100005,9405.9384765625,10,Chenxi
2505318700546100006,3075.3076171875,10,Chenxi
2505318700546100007,4380.373046875,10,Chenxi
2505318700546100008,3117.888427734375,10,Chenxi
2505318700546100009,9120.85546875,10,Chenxi
2505318700546100011,7980.26416015625,10,Chenxi
2505318700546100012,5424.99267578125,10,Chenxi
2505318700546100013,12596.1962890625,10,Chenxi
2505318700546100014,20113.4296875,10,Chenxi
2505318700546100015,4107.150390625,10,Chenxi
2505318700546100016,8625.6259765625,10,Chenxi
2505318700546100019,3025.25341796875,10,Chenxi
2505318700547100004,9698.8916015625,10,Chenxi
2505318700547100005,8705.541015625,10,Chenxi
2505318700547100006,7232.498046875,10,Chenxi
2505318700547100007,6434.7451171875,10,Chenxi
2505318700547100008,10321.1806640625,10,Chenxi
2505318700547100009,11301.033203125,10,Chenxi
2505318700547100011,12235.888671875,10,Chenxi
2505318700547100012,4103.17333984375,10,Chenxi
2505318700547100014,3425.197509765625,10,Chenxi
2505318700547100016,15921.09765625,10,Chenxi
2505318700547100017,16072.1396484375,10,Chenxi
2505318700547100018,4573.40478515625,10,Chenxi
2505318700548100003,8168.74951171875,10,Chenxi
2505318700548100004,3140.53125,10,Chenxi
2505318700548100005,6628.78271484375,10,Chenxi
2505318700548100006,4392.60400390625,10,Chenxi
2505318700548100007,5590.91357421875,10,Chenxi
2505318700548100008,3186.183349609375,10,Chenxi
2505318700548100009,6340.80126953125,10,Chenxi
2505318700548100010,3940.118896484375,10,Chenxi
2505318700548100011,2324.8466796875,10,Chenxi
2505318700548100012,5887.19677734375,10,Chenxi
2505318700548100013,5473.70166015625,10,Chenxi
2505318700548100014,11431.1337890625,10,Chenxi
2505318700548100015,4457.41796875,10,Chenxi
2505318700548100016,10813.22265625,10,Chenxi
2505318700550100001,5514.34716796875,15,Chenxi
2505318700550100003,5568.318359375,15,Chenxi
2505318700550100004,3599.989990234375,15,Chenxi
2505318700550100005,3531.210693359375,15,Chenxi
2505318700550100006,4259.76904296875,15,Chenxi
2505318700550100007,3683.489501953125,15,Chenxi
2505318700550100008,4669.859375,15,Chenxi
2505318700550100009,4718.3251953125,15,Chenxi
2505318700550100010,3835.337158203125,15,Chenxi
2505318700550100011,3637.740966796875,15,Chenxi
2505318700550100012,4563.86865234375,15,Chenxi
2505318700550100013,3941.781005859375,15,Chenxi
2505318700550100014,7125.62109375,15,Chenxi
2505318700550100015,4493.76953125,15,Chenxi
2505318700550100016,2942.5361328125,15,Chenxi
2505318700550100017,5116.6416015625,15,Chenxi
2505318700550100018,3361.2412109375,15,Chenxi
2505318700550100019,4679.4794921875,15,Chenxi
2505318700550100021,4079.52783203125,15,Chenxi
2505318700550100022,4161.22900390625,15,Chenxi
2505318700550100023,7632.712890625,15,Chenxi
2505318700550100024,3959.224365234375,15,Chenxi
2505318700550100025,2530.240234375,15,Chenxi
2505318700550100026,4834.716796875,15,Chenxi
2505318700550100027,3580.5537109375,15,Chenxi
2505318700550100028,4889.18212890625,15,Chenxi
2505318700550100030,2811.282958984375,15,Chenxi
2505318700551100010,3770.475341796875,15,Chenxi
2505318700551100011,3240.805419921875,15,Chenxi
2505318700551100012,4999.3681640625,15,Chenxi
2505318700551100013,3850.02001953125,15,Chenxi
2505318700551100014,3659.48681640625,15,Chenxi
2505318700551100015,4407.97314453125,15,Chenxi
2505318700551100016,4115.47705078125,15,Chenxi
2505318700551100018,2170.796142578125,15,Chenxi
2505318700551100019,7479.02978515625,15,Chenxi
2505318700551100020,3014.4619140625,15,Chenxi
2505318700551100021,6160.4423828125,15,Chenxi
2505318700551100022,3742.834228515625,15,Chenxi
2505318700551100023,4356.40625,15,Chenxi
2505318700551100024,5678.34375,15,Chenxi
2505318700551100026,4686.16259765625,15,Chenxi
2505318700551100027,7861.078125,15,Chenxi
2505318700551100028,3450.271484375,15,Chenxi
2505318700551100030,8074.25634765625,15,Chenxi
2505318700551100031,3629.3515625,15,Chenxi
2505318700551100032,4900.86474609375,15,Chenxi
2505318700551100033,3893.243896484375,15,Chenxi
2505318700551100034,7682.46435546875,15,Chenxi
2505318700551100035,8743.6298828125,15,Chenxi
2505318700551100036,11718.462890625,15,Chenxi
2505318700551100037,5769.4794921875,15,Chenxi
2505318700551100038,8418.8447265625,15,Chenxi
2505318700551100039,6156.61669921875,15,Chenxi
2505318700551100040,5540.11328125,15,Chenxi
2505318700551100041,9181.2900390625,15,Chenxi
2505318700551100042,6026.2958984375,15,Chenxi
2505318700551100043,4375.63818359375,15,Chenxi
2505318700551100045,5717.14306640625,15,Chenxi
2505318700551100046,13583.09765625,15,Chenxi
2505318700551100047,7142.1650390625,15,Chenxi
2505318700552100005,2097.433349609375,15,Chenxi
2505318700552100006,4587.8056640625,15,Chenxi
2505318700552100007,3617.488037109375,15,Chenxi
2505318700552100008,7377.60791015625,15,Chenxi
2505318700552100009,4773.95458984375,15,Chenxi
2505318700552100010,3314.6884765625,15,Chenxi
2505318700552100011,4619.74365234375,15,Chenxi
2505318700552100012,3937.8603515625,15,Chenxi
2505318700552100013,4738.572265625,15,Chenxi
2505318700552100014,3761.79248046875,15,Chenxi
2505318700552100015,5377.8525390625,15,Chenxi
2505318700552100016,4526.37255859375,15,Chenxi
2505318700552100017,4621.7080078125,15,Chenxi
2505318700552100018,5050.47900390625,15,Chenxi
2505318700552100019,3919.729736328125,15,Chenxi
2505318700552100020,5980.61328125,15,Chenxi
2505318700552100021,2215.866943359375,15,Chenxi
2505318700552100022,5584.51171875,15,Chenxi
2505318700552100023,3400.4560546875,15,Chenxi
2505318700552100024,2301.641845703125,15,Chenxi
2505318700552100025,2118.66796875,15,Chenxi
2505318700552100026,2907.393798828125,15,Chenxi
2505318700552100027,4800.2958984375,15,Chenxi
2505318700552100028,4875.57275390625,15,Chenxi
2505318700552100029,7186.2998046875,15,Chenxi
2505318700552100030,4183.41650390625,15,Chenxi
2505318700552100031,6051.82958984375,15,Chenxi
2505318700552100032,4143.24462890625,15,Chenxi
2505318700552100033,2490.9697265625,15,Chenxi
2505318700552100035,4242.35498046875,15,Chenxi
2505318700552100036,2781.886962890625,15,Chenxi
2505318700552100037,3407.4091796875,15,Chenxi
2505318700552100038,3076.626220703125,15,Chenxi
2505318700552100039,2777.82373046875,15,Chenxi
2505318700552100040,4042.620361328125,15,Chenxi
2505318700552100041,3954.26220703125,15,Chenxi
2505318700552100042,2519.9052734375,15,Chenxi
2505318700552100043,3318.466552734375,15,Chenxi
2505318700552100044,5376.28564453125,15,Chenxi
2505318700552100045,2130.677490234375,15,Chenxi
2505318700552100046,4612.21142578125,15,Chenxi
2505318700552100047,2192.525390625,15,Chenxi
2505318700552100048,3497.060302734375,15,Chenxi
2505318700552100049,1709.0184326171875,15,Chenxi
2505318700552100050,5604.91650390625,15,Chenxi
2505318700552100051,3271.268310546875,15,Chenxi
2505318700552100052,1638.240966796875,15,Chenxi
2505318700552100053,2507.65771484375,15,Chenxi
2505318700552100054,2119.351318359375,15,Chenxi
2505318700552100055,3801.705322265625,15,Chenxi
2505318700552100056,2854.325439453125,15,Chenxi
2505318700552100057,2394.927001953125,15,Chenxi
2505318700552100058,5640.1796875,15,Chenxi
2505318700552100059,4265.52294921875,15,Chenxi
2505318700552100060,5038.869140625,15,Chenxi
2505318700552100061,2840.41748046875,15,Chenxi
2505318700552100062,907.4935913085938,15,Chenxi
2505318700552100063,4649.88525390625,15,Chenxi
2505318700552100064,2064.187744140625,15,Chenxi
2505318700552100065,5415.6875,15,Chenxi
2505318700552100066,3481.279052734375,15,Chenxi
2505318700552100067,2872.339599609375,15,Chenxi
2505318700552100068,5090.595703125,15,Chenxi
2505318700552100069,1753.4281005859375,15,Chenxi
2505318700552100070,1338.152099609375,15,Chenxi
2505318700552100071,2519.175048828125,15,Chenxi
2505318700552100072,1821.0736083984375,15,Chenxi
2505318700552100073,6044.4150390625,15,Chenxi
2505318700552100074,1781.539306640625,15,Chenxi
2505318700552100075,3245.0009765625,15,Chenxi
2505318700552100076,4082.114501953125,15,Chenxi
2505318700552100077,5064.61572265625,15,Chenxi
2505318700552100078,3021.218017578125,15,Chenxi
2505318700552100079,5421.91796875,15,Chenxi
2505318700552100080,2274.563232421875,15,Chenxi
2505318700552100081,3923.306884765625,15,Chenxi
2505318700552100082,2754.280029296875,15,Chenxi
2505318700552100083,2947.776123046875,15,Chenxi
2505318700552100084,3738.17041015625,15,Chenxi
2505318700552100085,3614.3134765625,15,Chenxi
2505318700552100086,6259.82958984375,15,Chenxi
2505318700552100087,1089.6253662109375,15,Chenxi
2505318700552100088,939.5926513671875,15,Chenxi
2505318700552100089,4623.7529296875,15,Chenxi
2505318700552100090,2297.296142578125,15,Chenxi
2505318700552100091,2781.548583984375,15,Chenxi
2505318700552100092,1719.39599609375,15,Chenxi
2505318700552100093,7911.796875,15,Chenxi
2505318700552100094,4809.54345703125,15,Chenxi
2505318700552100095,2321.352294921875,15,Chenxi
2505318700552100096,2486.934326171875,15,Chenxi
2505318700552100098,2065.83349609375,15,Chenxi
2505318700552100099,4115.81103515625,15,Chenxi
2505318700552100100,4343.24072265625,15,Chenxi
2505318700552100101,6229.029296875,15,Chenxi
2505318700552100102,2198.8564453125,15,Chenxi
2505318700552100103,1999.7176513671875,15,Chenxi
2505318700552100104,1990.60400390625,15,Chenxi
2505318700552100105,3755.821044921875,15,Chenxi
2505318700552100106,2149.31591796875,15,Chenxi
2505318700552100107,5075.8662109375,15,Chenxi
2505318700552100108,3421.295654296875,15,Chenxi
2505318700552100109,2601.969970703125,15,Chenxi
2505318700552100110,4265.01416015625,15,Chenxi
2505318700552100111,4228.224609375,15,Chenxi
2505318700552100112,1538.7999267578125,15,Chenxi
2505318700552100113,4720.7900390625,15,Chenxi
2505318700552100114,2507.381103515625,15,Chenxi
2505318700552100115,917.5736083984375,15,Chenxi
2505318700552100116,3885.759033203125,15,Chenxi
2505318700552100117,2486.708984375,15,Chenxi
2505318700552100123,862.541748046875,15,Chenxi
2505318700553100004,2704.97412109375,15,Chenxi
2505318700553100006,3235.498046875,15,Chenxi
2505318700553100008,1923.3740234375,15,Chenxi
2505318700555100002,4892.2978515625,18,Chenxi
2505318700555100004,3360.156494140625,18,Chenxi
2505318700555100006,4034.877197265625,18,Chenxi
2505318700555100007,1965.786865234375,18,Chenxi
2505318700555100009,3746.62353515625,18,Chenxi
2505318700555100010,2930.721923828125,18,Chenxi
2505318700555100011,600.8353881835938,18,Chenxi
2505318700555100013,1188.8818359375,18,Chenxi
2505318700555100014,2052.70068359375,18,Chenxi
2505318700555100015,2894.61083984375,18,Chenxi
2505318700555100016,2165.2421875,18,Chenxi
2505318700555100017,3597.321533203125,18,Chenxi
2505318700555100019,1846.2884521484375,18,Chenxi
2505318700555100020,801.5852661132812,18,Chenxi
2505318700556100001,4668.77978515625,18,Chenxi
2505318700556100002,1942.5184326171875,18,Chenxi
2505318700556100003,2090.19775390625,18,Chenxi
2505318700556100004,4660.35302734375,18,Chenxi
2505318700556100005,2933.035888671875,18,Chenxi
2505318700556100006,2653.113037109375,18,Chenxi
2505318700556100007,2810.621826171875,18,Chenxi
2505318700556100008,2477.36376953125,18,Chenxi
2505318700556100009,2266.65283203125,18,Chenxi
2505318700556100010,1496.3228759765625,18,Chenxi
2505318700556100012,4209.919921875,18,Chenxi
2505318700556100013,1872.6031494140625,18,Chenxi
2505318700556100014,1616.979248046875,18,Chenxi
2505318700556100015,1591.1474609375,18,Chenxi
2505318700556100016,2529.3447265625,18,Chenxi
2505318700556100017,2599.916748046875,18,Chenxi
2505318700556100018,1395.4400634765625,18,Chenxi
2505318700556100019,1882.4593505859375,18,Chenxi
2505318700556100020,3685.4951171875,18,Chenxi
2505318700556100021,1420.95654296875,18,Chenxi
2505318700556100022,2779.44287109375,18,Chenxi
2505318700556100023,2417.532958984375,18,Chenxi
2505318700556100024,3532.59130859375,18,Chenxi
2505318700556100025,2572.2763671875,18,Chenxi
2505318700556100026,1648.3643798828125,18,Chenxi
2505318700556100027,2389.24755859375,18,Chenxi
2505318700556100028,2422.045166015625,18,Chenxi
2505318700556100029,2197.81494140625,18,Chenxi
2505318700556100030,1936.8089599609375,18,Chenxi
2505318700556100031,3628.968017578125,18,Chenxi
2505318700556100032,1557.4852294921875,18,Chenxi
2505318700556100033,1311.3763427734375,18,Chenxi
2505318700556100034,3592.8818359375,18,Chenxi
2505318700556100035,1317.013916015625,18,Chenxi
2505318700556100036,1689.9713134765625,18,Chenxi
2505318700556100037,1689.718505859375,18,Chenxi
2505318700556100038,1608.4769287109375,18,Chenxi
2505318700556100039,2431.276123046875,18,Chenxi
2505318700556100040,1608.39306640625,18,Chenxi
2505318700556100041,2197.85791015625,18,Chenxi
2505318700556100042,594.8945922851562,18,Chenxi
2505318700556100043,2492.318603515625,18,Chenxi
2505318700556100044,2316.856201171875,18,Chenxi
2505318700556100045,1286.7435302734375,18,Chenxi
2505318700556100046,2799.35888671875,18,Chenxi
2505318700556100048,3025.450927734375,18,Chenxi
2505318700556100049,2624.53662109375,18,Chenxi
2505318700556100050,1199.4052734375,18,Chenxi
2505318700556100051,3145.667724609375,18,Chenxi
2505318700556100052,2841.595947265625,18,Chenxi
2505318700556100053,850.7554321289062,18,Chenxi
2505318700556100054,2282.6064453125,18,Chenxi
2505318700556100055,4573.982421875,18,Chenxi
2505318700556100056,1824.016845703125,18,Chenxi
2505318700556100057,4019.741455078125,18,Chenxi
2505318700556100058,2720.89599609375,18,Chenxi
2505318700556100059,4074.37109375,18,Chenxi
2505318700556100060,1278.1304931640625,18,Chenxi
2505318700556100061,3771.48779296875,18,Chenxi
2505318700556100062,2253.8818359375,18,Chenxi
2505318700556100063,2629.693115234375,18,Chenxi
2505318700556100064,3712.649169921875,18,Chenxi
2505318700556100065,2084.845458984375,18,Chenxi
2505318700556100066,3281.48583984375,18,Chenxi
2505318700556100067,3581.101806640625,18,Chenxi
2505318700556100068,2643.797607421875,18,Chenxi
2505318700556100069,1208.24072265625,18,Chenxi
2505318700556100070,5086.66357421875,18,Chenxi
2505318700556100071,2942.13818359375,18,Chenxi
2505318700556100072,1863.072021484375,18,Chenxi
2505318700556100074,1635.2322998046875,18,Chenxi
2505318700556100075,4172.46728515625,18,Chenxi
2505318700556100076,3239.74072265625,18,Chenxi
2505318700556100077,1237.0771484375,18,Chenxi
2505318700556100078,3257.359619140625,18,Chenxi
2505318700556100079,4885.8125,18,Chenxi
2505318700556100080,3413.991455078125,18,Chenxi
2505318700556100081,5343.67626953125,18,Chenxi
2505318700556100082,2030.3458251953125,18,Chenxi
2505318700556100083,1885.2861328125,18,Chenxi
2505318700556100084,2190.438720703125,18,Chenxi
2505318700556100085,2538.30126953125,18,Chenxi
2505318700556100087,1960.603759765625,18,Chenxi
2505318700556100088,2840.68994140625,18,Chenxi
2505318700556100089,2204.39697265625,18,Chenxi
2505318700556100090,1750.9530029296875,18,Chenxi
2505318700556100091,2069.458984375,18,Chenxi
2505318700556100092,2764.741455078125,18,Chenxi
2505318700556100093,1426.59423828125,18,Chenxi
2505318700556100095,1129.420166015625,18,Chenxi
2505318700556100096,1484.0819091796875,18,Chenxi
2505318700556100097,2378.068603515625,18,Chenxi
2505318700556100098,3132.25537109375,18,Chenxi
2505318700556100100,1311.1689453125,18,Chenxi
2505318700556100101,1486.3890380859375,18,Chenxi
2505318700556100102,4368.49462890625,18,Chenxi
2505318700556100103,2028.5665283203125,18,Chenxi
2505318700556100104,6706.60546875,18,Chenxi
2505318700556100105,2614.463134765625,18,Chenxi
2505318700556100106,943.052978515625,18,Chenxi
2505318700556100107,2735.559326171875,18,Chenxi
2505318700556100109,5067.6328125,18,Chenxi
2505318700556100110,1266.465576171875,18,Chenxi
2505318700556100112,2790.1884765625,18,Chenxi
2505318700557100002,3115.06982421875,18,Chenxi
2505318700557100003,4086.017822265625,18,Chenxi
2505318700557100004,2412.36376953125,18,Chenxi
2505318700557100005,2662.071044921875,18,Chenxi
2505318700557100007,2003.8687744140625,18,Chenxi
2505318700557100008,4582.20654296875,18,Chenxi
2505318700557100009,3455.5712890625,18,Chenxi
2505318700557100010,2241.817626953125,18,Chenxi
2505318700557100012,2347.49609375,18,Chenxi
2505318700557100013,2025.247314453125,18,Chenxi
2505318700557100014,1500.061279296875,18,Chenxi
2505318700557100015,3548.030029296875,18,Chenxi
2505318700557100016,2405.493408203125,18,Chenxi
2505318700557100017,6495.69873046875,18,Chenxi
2505318700557100018,2558.935546875,18,Chenxi
2505318700557100019,2870.609619140625,18,Chenxi
2505318700557100020,3536.9619140625,18,Chenxi
2505318700557100022,2146.125244140625,18,Chenxi
2505318700557100023,3083.2255859375,18,Chenxi
2505318700557100024,5225.05712890625,18,Chenxi
2505318700557100025,3214.07470703125,18,Chenxi
2505318700557100026,4976.25732421875,18,Chenxi
2505318700557100027,4534.5478515625,18,Chenxi
2505318700557100028,2362.850341796875,18,Chenxi
2505318700557100029,2239.24853515625,18,Chenxi
2505318700557100030,1605.7855224609375,18,Chenxi
2505318700557100031,10073.8984375,18,Chenxi
2505318700557100032,4816.3671875,18,Chenxi
2505318700557100033,4016.4189453125,18,Chenxi
2505318700557100034,2258.927001953125,18,Chenxi
2505318700557100035,3632.59033203125,18,Chenxi
2505318700557100036,1972.2685546875,18,Chenxi
2505318700557100037,5134.4287109375,18,Chenxi
2505318700557100038,1794.269775390625,18,Chenxi
2505318700557100039,3825.8408203125,18,Chenxi
2505318700557100040,2919.763916015625,18,Chenxi
2505318700557100041,1845.328369140625,18,Chenxi
2505318700557100042,2815.924560546875,18,Chenxi
2505318700557100043,5141.7236328125,18,Chenxi
2505318700557100044,4837.0029296875,18,Chenxi
2505318700557100045,3325.880859375,18,Chenxi
2505318700557100046,1565.966796875,18,Chenxi
2505318700557100047,954.3972778320312,18,Chenxi
2505318700557100048,1479.14111328125,18,Chenxi
2505318700557100049,4545.50927734375,18,Chenxi
2505318700557100050,1425.5384521484375,18,Chenxi
2505318700557100051,2899.4375,18,Chenxi
2505318700557100052,2648.4912109375,18,Chenxi
2505318700557100053,4612.85205078125,18,Chenxi
2505318700557100054,1453.264404296875,18,Chenxi
2505318700557100055,3453.99560546875,18,Chenxi
2505318700557100056,1046.81298828125,18,Chenxi
2505318700557100057,2977.7587890625,18,Chenxi
2505318700557100058,3096.23779296875,18,Chenxi
2505318700557100059,2927.5498046875,18,Chenxi
2505318700557100060,1868.7833251953125,18,Chenxi
2505318700557100061,1634.4527587890625,18,Chenxi
2505318700557100062,1646.1837158203125,18,Chenxi
2505318700557100063,4053.699951171875,18,Chenxi
2505318700557100064,880.6701049804688,18,Chenxi
2505318700557100065,1489.1495361328125,18,Chenxi
2505318700557100066,3198.353515625,18,Chenxi
2505318700557100067,2592.208251953125,18,Chenxi
2505318700557100068,1903.3438720703125,18,Chenxi
2505318700557100069,2134.651123046875,18,Chenxi
2505318700557100070,2362.537841796875,18,Chenxi
2505318700557100071,2344.706298828125,18,Chenxi
2505318700557100072,2574.479248046875,18,Chenxi
2505318700557100073,3352.434814453125,18,Chenxi
2505318700557100074,1733.9039306640625,18,Chenxi
2505318700557100075,2310.11865234375,18,Chenxi
2505318700557100076,5020.61572265625,18,Chenxi
2505318700557100077,2513.29248046875,18,Chenxi
2505318700557100078,2454.74072265625,18,Chenxi
2505318700557100079,2034.1026611328125,18,Chenxi
2505318700557100080,1644.3531494140625,18,Chenxi
2505318700557100081,2827.054443359375,18,Chenxi
2505318700557100082,5298.998046875,18,Chenxi
2505318700557100083,831.9114379882812,18,Chenxi
2505318700557100084,1722.0675048828125,18,Chenxi
2505318700557100085,3996.24658203125,18,Chenxi
2505318700557100087,2612.548095703125,18,Chenxi
2505318700557100088,1726.51611328125,18,Chenxi
2505318700557100089,981.590087890625,18,Chenxi
2505318700557100090,1363.4219970703125,18,Chenxi
2505318700557100091,2495.40673828125,18,Chenxi
2505318700557100092,4585.9091796875,18,Chenxi
2505318700557100093,1549.51171875,18,Chenxi
2505318700557100094,3794.001953125,18,Chenxi
2505318700557100095,2517.080322265625,18,Chenxi
2505318700557100096,1881.3758544921875,18,Chenxi
2505318700557100097,1009.0726318359375,18,Chenxi
2505318700557100098,1564.7366943359375,18,Chenxi
2505318700557100099,2422.3359375,18,Chenxi
2505318700557100100,2106.052490234375,18,Chenxi
2505318700557100101,3885.822021484375,18,Chenxi
2505318700557100102,2499.20849609375,18,Chenxi
2505318700557100103,792.2051391601562,18,Chenxi
2505318700557100104,3631.8564453125,18,Chenxi
2505318700557100105,1283.4505615234375,18,Chenxi
2505318700557100107,2921.158935546875,18,Chenxi
2505318700557100108,1443.3260498046875,18,Chenxi
2505318700557100109,1613.3443603515625,18,Chenxi
2505318700557100110,1572.5828857421875,18,Chenxi
2505318700557100112,1823.78955078125,18,Chenxi
2505318700557100114,1889.6163330078125,18,Chenxi
2505318700557100117,1020.3734741210938,18,Chenxi
2505318700557100119,1492.390869140625,18,Chenxi
2505318700557100121,1698.6015625,18,Chenxi
2505318700564100008,7889.06396484375,1,Chenxi
2505318700564100009,3215.09619140625,1,Chenxi
2505318700564100010,10259.62109375,1,Chenxi
2505318700564100011,8762.107421875,1,Chenxi
2505318700564100012,12992.4384765625,1,Chenxi
2505318700564100013,12458.2431640625,1,Chenxi
2505318700564100015,9589.080078125,1,Chenxi
2505318700564100016,7326.8720703125,1,Chenxi
2505318700564100017,13762.77734375,1,Chenxi
2505318700564100018,8893.830078125,1,Chenxi
2505318700564100019,8723.1611328125,1,Chenxi
2505318700564100020,17979.87890625,1,Chenxi
2505318700564100021,3113.341064453125,1,Chenxi
2505318700564100022,15040.169921875,1,Chenxi
2505318700564100023,3763.455810546875,1,Chenxi
2505318700564100024,4997.529296875,1,Chenxi
2505318700564100025,15597.29296875,1,Chenxi
2505318700564100026,6034.90625,1,Chenxi
2505318700564100027,12582.166015625,1,Chenxi
2505318700564100028,13359.37109375,1,Chenxi
2505318700564100029,4542.140625,1,Chenxi
2505318700564100030,3722.429443359375,1,Chenxi
2505318700564100031,4953.8466796875,1,Chenxi
2505318700564100032,12639.826171875,1,Chenxi
2505318700564100033,10566.7822265625,1,Chenxi
2505318700564100034,12615.40234375,1,Chenxi
2505318700564100035,7935.1015625,1,Chenxi
2505318700564100036,2965.907958984375,1,Chenxi
2505318700564100038,5591.1533203125,1,Chenxi
2505318700564100039,2132.335205078125,1,Chenxi
2505318700564100041,12531.552734375,1,Chenxi
2505318700564100042,5199.76953125,1,Chenxi
2505318700564100043,2521.937744140625,1,Chenxi
2505318700564100044,7207.62939453125,1,Chenxi
2505318700564100045,6056.91259765625,1,Chenxi
2505318700564100046,7669.2578125,1,Chenxi
2505318700564100047,5631.3408203125,1,Chenxi
2505318700564100048,4912.658203125,1,Chenxi
2505318700564100049,2907.986083984375,1,Chenxi
2505318700564100050,23470.349609375,1,Chenxi
2505318700564100051,7621.8154296875,1,Chenxi
2505318700564100052,1382.7457275390625,1,Chenxi
2505318700564100053,9486.6591796875,1,Chenxi
2505318700564100054,12249.80078125,1,Chenxi
2505318700564100055,9491.287109375,1,Chenxi
2505318700564100056,4607.572265625,1,Chenxi
2505318700564100057,3198.6640625,1,Chenxi
2505318700564100059,5357.80078125,1,Chenxi
2505318700564100060,6578.52001953125,1,Chenxi
2505318700564100061,7615.75732421875,1,Chenxi
2505318700564100062,2226.9423828125,1,Chenxi
2505318700564100063,1939.1876220703125,1,Chenxi
2505318700564100064,8837.751953125,1,Chenxi
2505318700564100065,4133.05517578125,1,Chenxi
2505318700564100066,6552.416015625,1,Chenxi
2505318700564100067,6313.578125,1,Chenxi
2505318700564100068,5015.77197265625,1,Chenxi
2505318700564100069,5552.78662109375,1,Chenxi
2505318700564100070,7117.06494140625,1,Chenxi
2505318700564100071,16931.126953125,1,Chenxi
2505318700564100072,4317.7509765625,1,Chenxi
2505318700564100073,5762.90625,1,Chenxi
2505318700564100074,3013.19482421875,1,Chenxi
2505318700564100075,8559.666015625,1,Chenxi
2505318700564100076,9772.0732421875,1,Chenxi
2505318700564100077,18737.376953125,1,Chenxi
2505318700564100078,4742.16650390625,1,Chenxi
2505318700564100079,3033.769287109375,1,Chenxi
2505318700564100080,11098.205078125,1,Chenxi
2505318700564100081,7498.68603515625,1,Chenxi
2505318700564100082,4379.2177734375,1,Chenxi
2505318700564100083,4541.85986328125,1,Chenxi
2505318700564100084,5405.7880859375,1,Chenxi
2505318700564100085,4592.5166015625,1,Chenxi
2505318700564100086,4610.8017578125,1,Chenxi
2505318700564100087,3895.934814453125,1,Chenxi
2505318700564100088,15011.193359375,1,Chenxi
2505318700565100004,4839.0048828125,1,Chenxi
2505318700565100005,23914.74609375,1,Chenxi
2505318700565100007,13699.341796875,1,Chenxi
2505318700565100008,19477.642578125,1,Chenxi
2505318700565100009,19199.4375,1,Chenxi
2505318700565100010,1521.6776123046875,1,Chenxi
2505318700565100011,12169.6640625,1,Chenxi
2505318700565100012,8418.7626953125,1,Chenxi
2505318700565100013,19464.091796875,1,Chenxi
2505318700565100014,2884.3955078125,1,Chenxi
2505318700565100016,31522.3828125,1,Chenxi
2505318700565100017,14924.3115234375,1,Chenxi
2505318700565100018,14848.58984375,1,Chenxi
2505318700565100019,11029.2958984375,1,Chenxi
2505318700565100020,5664.28466796875,1,Chenxi
2505318700565100021,17666.794921875,1,Chenxi
2505318700565100022,10082.91796875,1,Chenxi
2505318700565100023,17337.76171875,1,Chenxi
2505318700565100024,9741.91015625,1,Chenxi
2505318700565100025,7222.26416015625,1,Chenxi
2505318700565100026,26654.646484375,1,Chenxi
2505318700565100028,13117.4033203125,1,Chenxi
2505318700565100029,24771.86328125,1,Chenxi
2505318700566100001,2613.162109375,1,Chenxi
2505318700566100002,6051.8623046875,1,Chenxi
2505318700566100003,1550.8253173828125,1,Chenxi
2505318700566100005,5889.99609375,1,Chenxi
2505318700566100006,7009.78271484375,1,Chenxi
2505318700566100007,8404.6083984375,1,Chenxi
2505318700566100008,7067.2841796875,1,Chenxi
2505318700566100009,5037.6123046875,1,Chenxi
2505318700569100001,4969.4248046875,7,Chenxi
2505318700569100002,6158.3076171875,7,Chenxi
2505318700569100003,7358.61376953125,7,Chenxi
2505318700569100004,7407.7265625,7,Chenxi
2505318700569100005,1903.74853515625,7,Chenxi
2505318700569100006,17448.97265625,7,Chenxi
2505318700569100007,17727.7890625,7,Chenxi
2505318700569100008,12079.6787109375,7,Chenxi
2505318700569100009,7993.732421875,7,Chenxi
2505318700569100010,4499.337890625,7,Chenxi
2505318700569100011,18469.447265625,7,Chenxi
2505318700569100012,7029.67578125,7,Chenxi
2505318700569100013,12359.681640625,7,Chenxi
2505318700569100014,9164.11328125,7,Chenxi
2505318700569100015,2166.477294921875,7,Chenxi
2505318700569100016,1834.5755615234375,7,Chenxi
2505318700569100017,6530.9287109375,7,Chenxi
2505318700569100018,2960.906982421875,7,Chenxi
2505318700569100021,2893.39794921875,7,Chenxi
2505318700569100022,3420.16357421875,7,Chenxi
2505318700569100023,5062.0810546875,7,Chenxi
2505318700570100004,6722.93017578125,7,Chenxi
2505318700570100005,3777.171142578125,7,Chenxi
2505318700570100006,5278.330078125,7,Chenxi
2505318700570100007,5106.2744140625,7,Chenxi
2505318700570100008,4640.60498046875,7,Chenxi
2505318700570100009,2722.47998046875,7,Chenxi
2505318700570100010,6204.0849609375,7,Chenxi
2505318700570100011,7739.51171875,7,Chenxi
2505318700570100012,1784.3592529296875,7,Chenxi
2505318700570100013,5888.611328125,7,Chenxi
2505318700570100014,1667.585205078125,7,Chenxi
2505318700570100015,4527.82080078125,7,Chenxi
2505318700570100016,2101.5185546875,7,Chenxi
2505318700570100017,4335.65185546875,7,Chenxi
2505318700570100018,2054.869873046875,7,Chenxi
2505318700570100019,4253.7021484375,7,Chenxi
2505318700570100020,4618.04345703125,7,Chenxi
2505318700570100022,4302.45654296875,7,Chenxi
2505318700570100023,2269.469970703125,7,Chenxi
2505318700570100024,6106.7666015625,7,Chenxi
2505318700570100025,3593.732421875,7,Chenxi
2505318700570100026,7577.99365234375,7,Chenxi
2505318700570100027,12222.22265625,7,Chenxi
2505318700570100028,4020.4228515625,7,Chenxi
2505318700570100029,7047.45703125,7,Chenxi
2505318700570100030,4496.23046875,7,Chenxi
2505318700570100032,2775.73583984375,7,Chenxi
2505318700571100003,1699.12451171875,7,Chenxi
2505318700571100004,3309.267578125,7,Chenxi
2505318700571100005,9834.064453125,7,Chenxi
2505318700571100006,3193.888671875,7,Chenxi
2505318700571100008,1622.0867919921875,7,Chenxi
2505318700571100009,4868.67333984375,7,Chenxi
2505318700571100010,4113.54443359375,7,Chenxi
2505318700571100011,10759.2109375,7,Chenxi
2505318700571100013,2349.4814453125,7,Chenxi
2505318700571100014,2173.357177734375,7,Chenxi
2505318700571100016,7068.44970703125,7,Chenxi
2505318700571100017,2256.1689453125,7,Chenxi
2505318700571100018,3819.300048828125,7,Chenxi
2505318700571100019,6537.72705078125,7,Chenxi
2505318700571100020,7368.77587890625,7,Chenxi
2505318700571100021,4847.099609375,7,Chenxi
2505318700571100022,8449.71875,7,Chenxi
2505318700571100023,3554.37060546875,7,Chenxi
2505318700571100024,7172.162109375,7,Chenxi
2505318700571100025,5649.27490234375,7,Chenxi
2505318700571100027,2736.427978515625,7,Chenxi
2505318700573100002,1570.9342041015625,10,Chenxi
2505318700573100003,7876.25048828125,10,Chenxi
2505318700573100004,12025.052734375,10,Chenxi
2505318700573100005,3913.9296875,10,Chenxi
2505318700573100006,2780.779296875,10,Chenxi
2505318700573100007,6240.1171875,10,Chenxi
2505318700573100009,5770.4453125,10,Chenxi
2505318700573100011,6095.6083984375,10,Chenxi
2505318700573100012,5316.17333984375,10,Chenxi
2505318700573100013,2866.3857421875,10,Chenxi
2505318700573100014,8174.93603515625,10,Chenxi
2505318700573100015,4419.94189453125,10,Chenxi
2505318700573100016,5152.4404296875,10,Chenxi
2505318700573100017,7595.5712890625,10,Chenxi
2505318700573100019,7673.77197265625,10,Chenxi
2505318700573100020,5938.37548828125,10,Chenxi
2505318700573100021,12991.4765625,10,Chenxi
2505318700573100022,2993.82568359375,10,Chenxi
2505318700573100023,4802.3720703125,10,Chenxi
2505318700573100024,16838.662109375,10,Chenxi
2505318700573100025,3311.479248046875,10,Chenxi
2505318700573100026,3863.719482421875,10,Chenxi
2505318700573100027,5331.31396484375,10,Chenxi
2505318700573100028,2763.8828125,10,Chenxi
2505318700573100030,1718.8343505859375,10,Chenxi
2505318700573100031,2741.89306640625,10,Chenxi
2505318700574100001,3760.180908203125,10,Chenxi
2505318700574100002,2725.856201171875,10,Chenxi
2505318700574100003,5859.01171875,10,Chenxi
2505318700574100004,1695.3209228515625,10,Chenxi
2505318700574100005,9248.8330078125,10,Chenxi
2505318700574100006,7640.626953125,10,Chenxi
2505318700574100007,9562.779296875,10,Chenxi
2505318700574100008,8712.35546875,10,Chenxi
2505318700574100009,6152.0439453125,10,Chenxi
2505318700574100010,2666.6826171875,10,Chenxi
2505318700574100011,3987.951904296875,10,Chenxi
2505318700574100012,2040.8896484375,10,Chenxi
2505318700574100013,4702.27783203125,10,Chenxi
2505318700574100014,5286.259765625,10,Chenxi
2505318700574100015,10385.7646484375,10,Chenxi
2505318700574100016,5811.04052734375,10,Chenxi
2505318700574100017,4903.673828125,10,Chenxi
2505318700575100001,4701.6982421875,10,Chenxi
2505318700575100002,7896.32177734375,10,Chenxi
2505318700575100003,14993.810546875,10,Chenxi
2505318700575100004,4380.109375,10,Chenxi
2505318700575100006,5780.09228515625,10,Chenxi
2505318700575100007,3258.001220703125,10,Chenxi
2505318700575100008,13633.962890625,10,Chenxi
2505318700575100009,10962.9814453125,10,Chenxi
2505318700575100010,6152.9228515625,10,Chenxi
2505318700575100011,4262.7939453125,10,Chenxi
2505318700575100012,3653.937744140625,10,Chenxi
2505318700575100013,10481.087890625,10,Chenxi
2505318700575100015,7359.7646484375,10,Chenxi
2505318700575100016,10362.15625,10,Chenxi
2505318700575100017,7490.91259765625,10,Chenxi
2505318700575100018,2181.40576171875,10,Chenxi
2505318700575100019,9195.48828125,10,Chenxi
2505318700575100020,5147.94970703125,10,Chenxi
2505318700575100021,5165.97119140625,10,Chenxi
2505318700575100022,5265.00439453125,10,Chenxi
2505318700575100023,2725.909912109375,10,Chenxi
2505318700575100024,3750.3671875,10,Chenxi
2505318700575100025,8134.43212890625,10,Chenxi
2505318700575100026,2272.07275390625,10,Chenxi
2505318700575100027,4658.59130859375,10,Chenxi
2505318700575100028,3238.642578125,10,Chenxi
2505318700575100029,3564.5126953125,10,Chenxi
2505318700575100031,3737.390625,10,Chenxi
2505318700575100032,5497.330078125,10,Chenxi
2505318700575100033,2913.735595703125,10,Chenxi
2505318700576100004,8585.408203125,10,Chenxi
2505318700576100005,5186.05419921875,10,Chenxi
2505318700576100006,16212.5625,10,Chenxi
2505318700576100008,8640.6064453125,10,Chenxi
2505318700576100009,3740.670654296875,10,Chenxi
2505318700576100010,3761.51318359375,10,Chenxi
2505318700576100011,9504.2578125,10,Chenxi
2505318700576100012,7170.373046875,10,Chenxi
2505318700576100013,4362.84033203125,10,Chenxi
2505318700576100014,5517.81494140625,10,Chenxi
2505318700576100015,7240.5107421875,10,Chenxi
2505318700576100016,6299.05224609375,10,Chenxi
2505318700576100017,4905.1298828125,10,Chenxi
2505318700576100018,7479.478515625,10,Chenxi
2505318700576100019,7003.5634765625,10,Chenxi
2505318700576100020,5058.35498046875,10,Chenxi
2505318700576100021,1295.281005859375,10,Chenxi
2505318700576100022,5052.12841796875,10,Chenxi
2505318700576100023,4046.195068359375,10,Chenxi
2505318700576100024,5638.287109375,10,Chenxi
2505318700576100025,6579.595703125,10,Chenxi
2505318700576100026,4441.18310546875,10,Chenxi
2505318700576100027,2504.848388671875,10,Chenxi
2505318700576100028,2197.575439453125,10,Chenxi
2505318700576100029,8784.9794921875,10,Chenxi
2505318700576100030,5802.11767578125,10,Chenxi
2505318700576100031,3463.30078125,10,Chenxi
2505318700576100032,10435.96875,10,Chenxi
2505318700576100033,3369.811767578125,10,Chenxi
2505318700576100034,2453.187744140625,10,Chenxi
2505318700576100035,2862.234130859375,10,Chenxi
2505318700576100036,3148.844970703125,10,Chenxi
2505318700576100037,5508.20947265625,10,Chenxi
2505318700576100039,6339.6953125,10,Chenxi
2505318700576100040,3322.74951171875,10,Chenxi
2505318700578100003,3899.0419921875,15,Chenxi
2505318700578100004,3625.666015625,15,Chenxi
2505318700578100005,2866.177734375,15,Chenxi
2505318700578100006,2095.9140625,15,Chenxi
2505318700578100007,3653.1826171875,15,Chenxi
2505318700578100008,2570.8720703125,15,Chenxi
2505318700578100009,2699.74658203125,15,Chenxi
2505318700578100010,3845.40380859375,15,Chenxi
2505318700578100011,5090.24755859375,15,Chenxi
2505318700578100012,5519.01171875,15,Chenxi
2505318700578100013,3299.18212890625,15,Chenxi
2505318700578100014,4802.86376953125,15,Chenxi
2505318700578100015,5523.01318359375,15,Chenxi
2505318700578100016,4153.490234375,15,Chenxi
2505318700578100017,4360.53369140625,15,Chenxi
2505318700578100018,3324.125244140625,15,Chenxi
2505318700578100019,8771.259765625,15,Chenxi
2505318700578100020,6759.08740234375,15,Chenxi
2505318700578100021,3740.5517578125,15,Chenxi
2505318700578100022,5916.32470703125,15,Chenxi
2505318700578100023,4196.978515625,15,Chenxi
2505318700578100024,2429.083251953125,15,Chenxi
2505318700578100025,6485.28564453125,15,Chenxi
2505318700578100026,4799.62255859375,15,Chenxi
2505318700578100027,3997.2763671875,15,Chenxi
2505318700578100028,4542.34228515625,15,Chenxi
2505318700578100029,4002.275146484375,15,Chenxi
2505318700578100030,5356.79296875,15,Chenxi
2505318700578100031,10222.7763671875,15,Chenxi
2505318700578100032,4268.45849609375,15,Chenxi
2505318700578100033,3400.050537109375,15,Chenxi
2505318700578100034,4382.1142578125,15,Chenxi
2505318700578100035,4576.35009765625,15,Chenxi
2505318700578100036,4046.7880859375,15,Chenxi
2505318700578100037,3374.66357421875,15,Chenxi
2505318700578100038,4916.521484375,15,Chenxi
2505318700578100039,4196.06103515625,15,Chenxi
2505318700578100040,4845.50244140625,15,Chenxi
2505318700578100041,7463.98681640625,15,Chenxi
2505318700578100042,2736.676025390625,15,Chenxi
2505318700578100043,2983.9765625,15,Chenxi
2505318700578100045,5283.94189453125,15,Chenxi
2505318700578100046,4090.3701171875,15,Chenxi
2505318700578100047,3146.41552734375,15,Chenxi
2505318700578100048,6049.17578125,15,Chenxi
2505318700578100049,4711.951171875,15,Chenxi
2505318700578100050,3029.890380859375,15,Chenxi
2505318700578100051,2500.4970703125,15,Chenxi
2505318700578100052,1203.7225341796875,15,Chenxi
2505318700578100053,9916.591796875,15,Chenxi
2505318700578100054,3604.82861328125,15,Chenxi
2505318700578100055,2455.1630859375,15,Chenxi
2505318700578100056,2443.816162109375,15,Chenxi
2505318700578100057,3188.11279296875,15,Chenxi
2505318700578100058,2533.06640625,15,Chenxi
2505318700578100059,2743.5419921875,15,Chenxi
2505318700578100060,5858.02392578125,15,Chenxi
2505318700578100061,4051.304931640625,15,Chenxi
2505318700578100062,2398.900146484375,15,Chenxi
2505318700578100063,1607.4884033203125,15,Chenxi
2505318700578100064,5057.04736328125,15,Chenxi
2505318700578100065,3801.75830078125,15,Chenxi
2505318700578100066,5874.00048828125,15,Chenxi
2505318700578100067,1698.0345458984375,15,Chenxi
2505318700578100068,2863.484375,15,Chenxi
2505318700578100069,4135.8525390625,15,Chenxi
2505318700579100002,8918.46875,15,Chenxi
2505318700579100003,4550.69970703125,15,Chenxi
2505318700579100004,2746.80859375,15,Chenxi
2505318700579100005,4120.30908203125,15,Chenxi
2505318700579100006,13472.587890625,15,Chenxi
2505318700579100008,1915.66748046875,15,Chenxi
2505318700579100009,20459.306640625,15,Chenxi
2505318700579100010,5620.2646484375,15,Chenxi
2505318700579100011,5303.568359375,15,Chenxi
2505318700579100013,4900.56005859375,15,Chenxi
2505318700579100014,8099.41845703125,15,Chenxi
2505318700579100016,12201.6669921875,15,Chenxi
2505318700579100017,5972.234375,15,Chenxi
2505318700579100020,4127.8583984375,15,Chenxi
2505318700579100021,15158.7890625,15,Chenxi
2505318700579100022,2713.05078125,15,Chenxi
2505318700579100023,11666.4921875,15,Chenxi
2505318700579100024,2843.924072265625,15,Chenxi
2505318700579100025,5572.07470703125,15,Chenxi
2505318700579100026,7992.091796875,15,Chenxi
2505318700579100027,2571.45361328125,15,Chenxi
2505318700579100028,6726.84814453125,15,Chenxi
2505318700579100030,11042.7119140625,15,Chenxi
2505318700579100032,8524.8681640625,15,Chenxi
2505318700579100033,1864.5826416015625,15,Chenxi
2505318700579100034,3347.197021484375,15,Chenxi
2505318700579100035,1117.5633544921875,15,Chenxi
2505318700580100005,7496.78857421875,15,Chenxi
2505318700580100006,2512.50341796875,15,Chenxi
2505318700580100007,1261.1009521484375,15,Chenxi
2505318700580100008,1882.79931640625,15,Chenxi
2505318700580100011,1851.864990234375,15,Chenxi
2505318700580100012,1899.8519287109375,15,Chenxi
2505318700580100013,4340.3486328125,15,Chenxi
2505318700580100014,3872.802490234375,15,Chenxi
2505318700580100015,3671.52734375,15,Chenxi
2505318700580100016,3837.821044921875,15,Chenxi
2505318700580100017,3032.603759765625,15,Chenxi
2505318700580100018,2940.12890625,15,Chenxi
2505318700580100019,1059.4849853515625,15,Chenxi
2505318700580100020,3263.2939453125,15,Chenxi
2505318700580100021,1994.674560546875,15,Chenxi
2505318700580100022,2008.5908203125,15,Chenxi
2505318700580100023,2994.54736328125,15,Chenxi
2505318700580100024,3602.03662109375,15,Chenxi
2505318700580100025,2271.44189453125,15,Chenxi
2505318700580100026,2225.931640625,15,Chenxi
2505318700580100027,4345.5771484375,15,Chenxi
2505318700580100028,2861.692138671875,15,Chenxi
2505318700580100029,2034.3946533203125,15,Chenxi
2505318700580100030,1680.3441162109375,15,Chenxi
2505318700580100031,10515.822265625,15,Chenxi
2505318700580100032,3566.283203125,15,Chenxi
2505318700580100033,3696.18798828125,15,Chenxi
2505318700580100034,5245.44873046875,15,Chenxi
2505318700580100036,7160.17822265625,15,Chenxi
2505318700580100037,4131.6171875,15,Chenxi
2505318700580100038,2700.199951171875,15,Chenxi
2505318700580100039,1795.1160888671875,15,Chenxi
2505318700580100040,3648.374755859375,15,Chenxi
2505318700580100041,6459.06298828125,15,Chenxi
2505318700580100042,3033.230224609375,15,Chenxi
2505318700580100043,1400.3905029296875,15,Chenxi
2505318700580100044,8457.0810546875,15,Chenxi
2505318700580100045,4322.74365234375,15,Chenxi
2505318700580100046,5894.30712890625,15,Chenxi
2505318700580100047,6496.30322265625,15,Chenxi
2505318700580100048,3118.7578125,15,Chenxi
2505318700580100049,1900.3150634765625,15,Chenxi
2505318700580100050,4755.8115234375,15,Chenxi
2505318700580100051,2808.735107421875,15,Chenxi
2505318700580100052,2416.499755859375,15,Chenxi
2505318700580100053,3201.97314453125,15,Chenxi
2505318700580100054,1638.906982421875,15,Chenxi
2505318700580100055,2552.72802734375,15,Chenxi
2505318700580100056,4572.111328125,15,Chenxi
2505318700580100057,3607.544921875,15,Chenxi
2505318700580100058,2336.1201171875,15,Chenxi
2505318700580100059,3606.2666015625,15,Chenxi
2505318700580100060,2643.02294921875,15,Chenxi
2505318700580100061,5339.9365234375,15,Chenxi
2505318700580100062,4894.22900390625,15,Chenxi
2505318700580100063,4220.46337890625,15,Chenxi
2505318700580100064,5559.04833984375,15,Chenxi
2505318700580100065,2561.129638671875,15,Chenxi
2505318700580100066,4378.84130859375,15,Chenxi
2505318700580100067,6590.861328125,15,Chenxi
2505318700580100068,4235.03173828125,15,Chenxi
2505318700580100069,5079.24365234375,15,Chenxi
2505318700580100070,7004.4609375,15,Chenxi
2505318700580100071,2021.3248291015625,15,Chenxi
2505318700580100072,7626.86083984375,15,Chenxi
2505318700580100073,5087.14111328125,15,Chenxi
2505318700580100074,3128.714599609375,15,Chenxi
2505318700580100076,2766.8583984375,15,Chenxi
2505318700580100077,2351.141845703125,15,Chenxi
2505318700580100078,3668.6025390625,15,Chenxi
2505318700580100079,11903.0595703125,15,Chenxi
2505318700580100080,2702.453857421875,15,Chenxi
2505318700580100081,6571.4482421875,15,Chenxi
2505318700580100082,4627.7119140625,15,Chenxi
2505318700580100083,5601.984375,15,Chenxi
2505318700580100084,4309.00732421875,15,Chenxi
2505318700580100085,4772.96630859375,15,Chenxi
2505318700580100086,6077.22802734375,15,Chenxi
2505318700580100087,7236.99609375,15,Chenxi
2505318700580100088,4725.6875,15,Chenxi
2505318700580100089,5318.39453125,15,Chenxi
2505318700580100090,2492.03564453125,15,Chenxi
2505318700580100091,6503.40966796875,15,Chenxi
2505318700580100092,16156.064453125,15,Chenxi
2505318700580100093,3276.767822265625,15,Chenxi
2505318700580100094,1348.756591796875,15,Chenxi
2505318700580100096,3300.896240234375,15,Chenxi
2505318700580100097,3397.13720703125,15,Chenxi
2505318700580100098,1381.4468994140625,15,Chenxi
2505318700580100099,2834.876220703125,15,Chenxi
2505318700580100100,4159.67919921875,15,Chenxi
2505318700580100101,8830.5244140625,15,Chenxi
2505318700580100102,7633.70947265625,15,Chenxi
2505318700580100104,2384.4501953125,15,Chenxi
2505318700580100105,13782.8857421875,15,Chenxi
2505318700580100106,3811.87109375,15,Chenxi
2505318700580100108,4016.9287109375,15,Chenxi
2505318700580100110,1275.5794677734375,15,Chenxi
2505318700580100112,2789.864501953125,15,Chenxi
2505318700581100005,2491.0986328125,15,Chenxi
2505318700581100006,4619.068359375,15,Chenxi
2505318700581100007,4177.14990234375,15,Chenxi
2505318700581100010,2339.18701171875,15,Chenxi
2505318700581100011,1484.379150390625,15,Chenxi
2505318700581100012,6408.88720703125,15,Chenxi
2505318700581100014,4889.017578125,15,Chenxi
2505318700581100015,3896.708984375,15,Chenxi
2505318700581100016,4725.28759765625,15,Chenxi
2505318700581100017,3532.989501953125,15,Chenxi
2505318700581100018,2718.19287109375,15,Chenxi
2505318700581100020,3280.39208984375,15,Chenxi
2505318700581100021,3505.51708984375,15,Chenxi
2505318700581100023,4096.224609375,15,Chenxi
2505318700581100024,2452.980712890625,15,Chenxi
2505318700581100025,1674.845458984375,15,Chenxi
2505318700581100026,4520.505859375,15,Chenxi
2505318700581100027,1291.440185546875,15,Chenxi
2505318700581100029,2456.935302734375,15,Chenxi
2505318700581100030,2247.21875,15,Chenxi
2505318700581100031,1127.322265625,15,Chenxi
2505318700581100032,4676.22412109375,15,Chenxi
2505318700581100033,5079.65771484375,15,Chenxi
2505318700581100035,2676.321044921875,15,Chenxi
2505318700581100036,3326.688232421875,15,Chenxi
2505318700581100037,3840.683837890625,15,Chenxi
2505318700581100039,5166.4990234375,15,Chenxi
2505318700581100040,2958.18310546875,15,Chenxi
2505318700581100041,3965.81591796875,15,Chenxi
2505318700581100042,2124.335205078125,15,Chenxi
2505318700581100044,2883.92822265625,15,Chenxi
2505318700581100045,2559.877197265625,15,Chenxi
2505318700581100047,4272.10693359375,15,Chenxi
2505318700581100048,1596.7178955078125,15,Chenxi
2505318700583100005,1447.247802734375,18,Chenxi
2505318700583100006,2286.0078125,18,Chenxi
2505318700583100007,2078.15478515625,18,Chenxi
2505318700583100008,6880.9453125,18,Chenxi
2505318700583100009,1843.7041015625,18,Chenxi
2505318700583100010,1481.7686767578125,18,Chenxi
2505318700583100011,1229.200439453125,18,Chenxi
2505318700583100012,1226.1005859375,18,Chenxi
2505318700583100013,10457.744140625,18,Chenxi
2505318700583100014,2645.489990234375,18,Chenxi
2505318700583100015,4627.42578125,18,Chenxi
2505318700583100016,1136.2215576171875,18,Chenxi
2505318700583100017,2534.4404296875,18,Chenxi
2505318700583100018,2738.60400390625,18,Chenxi
2505318700583100019,1156.937255859375,18,Chenxi
2505318700583100020,2720.15185546875,18,Chenxi
2505318700583100021,2539.767333984375,18,Chenxi
2505318700583100022,745.7523803710938,18,Chenxi
2505318700583100023,1647.1767578125,18,Chenxi
2505318700583100025,2474.779296875,18,Chenxi
2505318700583100026,1785.8310546875,18,Chenxi
2505318700583100027,1942.66015625,18,Chenxi
2505318700583100028,1709.7054443359375,18,Chenxi
2505318700583100029,2905.193359375,18,Chenxi
2505318700583100030,4418.34228515625,18,Chenxi
2505318700583100031,3329.056396484375,18,Chenxi
2505318700583100032,3709.62744140625,18,Chenxi
2505318700583100033,2245.214599609375,18,Chenxi
2505318700583100034,1917.26806640625,18,Chenxi
2505318700583100035,2250.779052734375,18,Chenxi
2505318700583100036,3952.19677734375,18,Chenxi
2505318700583100037,1080.2430419921875,18,Chenxi
2505318700583100038,1055.8388671875,18,Chenxi
2505318700583100039,1206.0540771484375,18,Chenxi
2505318700583100040,3734.71826171875,18,Chenxi
2505318700583100041,4633.07080078125,18,Chenxi
2505318700583100043,1476.1273193359375,18,Chenxi
2505318700583100044,4702.19287109375,18,Chenxi
2505318700583100045,1009.4376220703125,18,Chenxi
2505318700583100046,1708.59326171875,18,Chenxi
2505318700583100047,1793.787109375,18,Chenxi
2505318700583100048,2158.962646484375,18,Chenxi
2505318700583100049,1039.0484619140625,18,Chenxi
2505318700583100050,2346.31689453125,18,Chenxi
2505318700583100051,4808.966796875,18,Chenxi
2505318700583100052,2710.926025390625,18,Chenxi
2505318700583100053,5316.0361328125,18,Chenxi
2505318700583100054,6322.0703125,18,Chenxi
2505318700583100055,2064.997802734375,18,Chenxi
2505318700583100056,4224.15576171875,18,Chenxi
2505318700583100057,1578.8226318359375,18,Chenxi
2505318700583100058,4603.3154296875,18,Chenxi
2505318700583100059,3458.931884765625,18,Chenxi
2505318700583100060,1609.5936279296875,18,Chenxi
2505318700583100061,2470.129638671875,18,Chenxi
2505318700583100062,3316.240478515625,18,Chenxi
2505318700583100063,4142.28955078125,18,Chenxi
2505318700583100064,3662.896484375,18,Chenxi
2505318700583100065,3207.712646484375,18,Chenxi
2505318700583100066,5024.6806640625,18,Chenxi
2505318700583100067,3355.131591796875,18,Chenxi
2505318700583100068,3002.5390625,18,Chenxi
2505318700583100069,3212.8984375,18,Chenxi
2505318700583100070,2331.779296875,18,Chenxi
2505318700583100072,2748.417236328125,18,Chenxi
2505318700583100073,5635.45947265625,18,Chenxi
2505318700583100074,1911.897216796875,18,Chenxi
2505318700583100076,1789.2772216796875,18,Chenxi
2505318700583100077,3077.212158203125,18,Chenxi
2505318700583100078,7935.36181640625,18,Chenxi
2505318700583100079,4960.12353515625,18,Chenxi
2505318700583100080,2351.3916015625,18,Chenxi
2505318700583100081,3339.76416015625,18,Chenxi
2505318700584100005,5672.88427734375,18,Chenxi
2505318700584100006,5227.65185546875,18,Chenxi
2505318700584100007,4312.09228515625,18,Chenxi
2505318700584100010,5590.9921875,18,Chenxi
2505318700584100011,2542.15673828125,18,Chenxi
2505318700584100013,2222.0244140625,18,Chenxi
2505318700584100014,8001.271484375,18,Chenxi
2505318700584100015,5756.70703125,18,Chenxi
2505318700584100016,3509.47412109375,18,Chenxi
2505318700584100017,5213.1064453125,18,Chenxi
2505318700584100018,6034.42041015625,18,Chenxi
2505318700584100019,5352.48583984375,18,Chenxi
2505318700584100020,2642.5947265625,18,Chenxi
2505318700584100021,3775.31884765625,18,Chenxi
2505318700584100022,2562.642578125,18,Chenxi
2505318700584100023,4500.51953125,18,Chenxi
2505318700584100024,6976.88623046875,18,Chenxi
2505318700584100025,5005.32080078125,18,Chenxi
2505318700584100026,11017.5341796875,18,Chenxi
2505318700584100027,4155.8564453125,18,Chenxi
2505318700584100028,3298.63671875,18,Chenxi
2505318700584100029,9635.2421875,18,Chenxi
2505318700584100030,4350.4560546875,18,Chenxi
2505318700584100031,4553.921875,18,Chenxi
2505318700584100032,2253.458984375,18,Chenxi
2505318700585100012,1824.11962890625,18,Chenxi
2505318700585100013,4624.650390625,18,Chenxi
2505318700585100014,1697.3504638671875,18,Chenxi
2505318700585100018,4798.25,18,Chenxi
2505318700585100019,3168.9287109375,18,Chenxi
2505318700585100020,2480.10205078125,18,Chenxi
2505318700585100021,1392.71484375,18,Chenxi
2505318700585100022,2674.886474609375,18,Chenxi
2505318700585100023,1932.0216064453125,18,Chenxi
2505318700585100024,2325.00537109375,18,Chenxi
2505318700585100025,1771.44140625,18,Chenxi
2505318700585100026,2210.553955078125,18,Chenxi
2505318700585100027,8011.4384765625,18,Chenxi
2505318700585100028,1608.7998046875,18,Chenxi
2505318700585100029,1979.1739501953125,18,Chenxi
2505318700585100030,2797.25927734375,18,Chenxi
2505318700585100031,4901.3408203125,18,Chenxi
2505318700585100032,2884.409912109375,18,Chenxi
2505318700585100033,2458.20556640625,18,Chenxi
2505318700585100034,2517.9404296875,18,Chenxi
2505318700585100035,1883.5465087890625,18,Chenxi
2505318700585100036,1566.7540283203125,18,Chenxi
2505318700585100037,771.5474853515625,18,Chenxi
2505318700585100038,1370.075439453125,18,Chenxi
2505318700585100039,2420.145751953125,18,Chenxi
2505318700585100040,829.5535888671875,18,Chenxi
2505318700585100041,2876.40966796875,18,Chenxi
2505318700585100042,3248.462646484375,18,Chenxi
2505318700585100043,1932.6158447265625,18,Chenxi
2505318700585100044,7589.66015625,18,Chenxi
2505318700585100045,954.7966918945312,18,Chenxi
2505318700585100046,1264.8785400390625,18,Chenxi
2505318700585100047,1367.97607421875,18,Chenxi
2505318700585100048,2833.63037109375,18,Chenxi
2505318700585100049,705.4892578125,18,Chenxi
2505318700585100050,2663.3447265625,18,Chenxi
2505318700585100051,1381.2076416015625,18,Chenxi
2505318700585100052,2550.29248046875,18,Chenxi
2505318700585100053,3875.834716796875,18,Chenxi
2505318700585100054,1909.4591064453125,18,Chenxi
2505318700585100055,2677.029541015625,18,Chenxi
2505318700585100056,2375.095703125,18,Chenxi
2505318700585100057,817.341064453125,18,Chenxi
2505318700585100058,6767.7734375,18,Chenxi
2505318700585100059,2047.3353271484375,18,Chenxi
2505318700585100060,1738.3009033203125,18,Chenxi
2505318700585100061,2045.591552734375,18,Chenxi
2505318700585100062,3918.482666015625,18,Chenxi
2505318700585100063,3803.62255859375,18,Chenxi
2505318700585100064,1854.0771484375,18,Chenxi
2505318700585100065,1408.8951416015625,18,Chenxi
2505318700585100066,2826.220703125,18,Chenxi
2505318700585100067,2801.176025390625,18,Chenxi
2505318700585100068,5015.0771484375,18,Chenxi
2505318700585100069,5180.20556640625,18,Chenxi
2505318700585100070,349.32855224609375,18,Chenxi
2505318700585100071,2393.910400390625,18,Chenxi
2505318700585100072,3920.391845703125,18,Chenxi
2505318700585100073,3625.30859375,18,Chenxi
2505318700585100074,2672.099365234375,18,Chenxi
2505318700585100075,1841.6397705078125,18,Chenxi
2505318700585100076,1389.204345703125,18,Chenxi
2505318700585100077,7535.3671875,18,Chenxi
2505318700585100078,3378.300048828125,18,Chenxi
2505318700585100079,2664.37939453125,18,Chenxi
2505318700585100080,3035.008544921875,18,Chenxi
2505318700585100081,1926.272705078125,18,Chenxi
2505318700585100082,1587.1925048828125,18,Chenxi
2505318700585100083,2861.645751953125,18,Chenxi
2505318700585100084,3874.093017578125,18,Chenxi
2505318700585100085,2031.1383056640625,18,Chenxi
2505318700585100086,2616.431640625,18,Chenxi
2505318700585100087,3167.130615234375,18,Chenxi
2505318700585100088,4041.33740234375,18,Chenxi
2505318700585100089,1696.5587158203125,18,Chenxi
2505318700585100090,2308.14990234375,18,Chenxi
2505318700585100091,1980.52099609375,18,Chenxi
2505318700585100092,2251.82177734375,18,Chenxi
2505318700585100093,1407.189208984375,18,Chenxi
2505318700585100094,755.6806640625,18,Chenxi
2505318700585100095,2694.783447265625,18,Chenxi
2505318700585100096,1570.4691162109375,18,Chenxi
2505318700585100098,2418.869873046875,18,Chenxi
2505318700585100099,3030.037109375,18,Chenxi
2505318700585100100,2674.907958984375,18,Chenxi
2505318700585100101,1514.5142822265625,18,Chenxi
2505318700585100102,1139.6986083984375,18,Chenxi
2505318700585100103,1360.1072998046875,18,Chenxi
2505318700585100104,2113.66796875,18,Chenxi
2505318700585100105,2548.46044921875,18,Chenxi
2505318700585100106,2999.237060546875,18,Chenxi
2505318700585100107,3108.3173828125,18,Chenxi
2505318700585100108,3551.44140625,18,Chenxi
2505318700585100109,1150.382568359375,18,Chenxi
2505318700585100110,1813.9619140625,18,Chenxi
2505318700585100111,1639.645263671875,18,Chenxi
2505318700585100112,1854.33349609375,18,Chenxi
2505318700585100113,1368.722900390625,18,Chenxi
2505318700585100114,3177.701171875,18,Chenxi
2505318700585100115,2975.84521484375,18,Chenxi
2505318700585100116,3788.133056640625,18,Chenxi
2505318700585100118,2272.898193359375,18,Chenxi
2505318700585100119,5714.7177734375,18,Chenxi
2505318700585100120,2715.203369140625,18,Chenxi
2505318700585100121,2943.92626953125,18,Chenxi
2505318700585100122,2695.85400390625,18,Chenxi
2505318700585100123,2376.8154296875,18,Chenxi
2505318700585100124,887.6492919921875,18,Chenxi
2505318700585100125,3044.759033203125,18,Chenxi
2505318700585100126,3129.12646484375,18,Chenxi
2505318700585100127,2906.024658203125,18,Chenxi
2505318700585100128,2353.7470703125,18,Chenxi
2505318700585100129,872.5618286132812,18,Chenxi
2505318700585100130,4982.72119140625,18,Chenxi
2505318700585100131,1676.3768310546875,18,Chenxi
2505318700585100132,2012.7633056640625,18,Chenxi
2505318700585100133,4370.4130859375,18,Chenxi
2505318700585100134,1620.267333984375,18,Chenxi
2505318700585100135,2972.223388671875,18,Chenxi
2505318700585100136,1958.7989501953125,18,Chenxi
2505318700585100137,3773.417236328125,18,Chenxi
2505318700585100138,1863.530517578125,18,Chenxi
2505318700585100139,3374.43701171875,18,Chenxi
2505318700585100140,1982.4405517578125,18,Chenxi
2505318700585100141,1062.191650390625,18,Chenxi
2505318700585100142,2732.46533203125,18,Chenxi
2505318700585100143,4202.79296875,18,Chenxi
2505318700585100144,2284.539306640625,18,Chenxi
2505318700585100145,3379.1142578125,18,Chenxi
2505318700585100146,2774.83544921875,18,Chenxi
2505318700585100147,2608.54638671875,18,Chenxi
2505318700585100148,2812.222412109375,18,Chenxi
2505318700585100149,2371.993896484375,18,Chenxi
2505318700585100150,3680.408203125,18,Chenxi
2505318700585100151,3196.671875,18,Chenxi
2505318700585100152,3693.5703125,18,Chenxi
2505318700585100153,3475.90234375,18,Chenxi
2505318700585100154,3382.51123046875,18,Chenxi
2505318700585100155,3141.684814453125,18,Chenxi
2505318700585100156,3502.91357421875,18,Chenxi
2505318700585100157,1783.5518798828125,18,Chenxi
2505318700585100158,2280.569580078125,18,Chenxi
2505318700585100159,1363.83740234375,18,Chenxi
2505318700585100160,4746.69580078125,18,Chenxi
2505318700585100162,4059.421630859375,18,Chenxi
2505318700585100163,996.6567993164062,18,Chenxi
2505318700585100164,4030.97119140625,18,Chenxi
2505318700585100165,2629.759033203125,18,Chenxi
2505318700585100166,2653.541015625,18,Chenxi
2505318700585100167,3918.097900390625,18,Chenxi
2505318700585100168,3242.169189453125,18,Chenxi
2505318700585100169,1610.5184326171875,18,Chenxi
2505318700585100170,4380.96142578125,18,Chenxi
2505318700585100171,2235.355224609375,18,Chenxi
2505318700585100172,1582.223876953125,18,Chenxi
2505318700585100173,1108.934326171875,18,Chenxi
2505318700585100174,3165.790283203125,18,Chenxi
2505318700585100176,2713.03662109375,18,Chenxi
2505318700585100177,3105.838134765625,18,Chenxi
2505318700585100178,3418.788818359375,18,Chenxi
2505318700585100179,1008.1495971679688,18,Chenxi
2505318700585100180,2323.055908203125,18,Chenxi
2505318700585100182,4814.03857421875,18,Chenxi
2505318700585100183,1329.249755859375,18,Chenxi
2505318700585100184,5884.33251953125,18,Chenxi
2505318700585100185,5349.14697265625,18,Chenxi
2505318700585100187,1986.527587890625,18,Chenxi
2505318700585100188,4401.5263671875,18,Chenxi
2505318700585100189,1849.2388916015625,18,Chenxi
2505318700585100190,2703.167236328125,18,Chenxi
2505318700585100191,793.8811645507812,18,Chenxi
2505318700585100192,3963.280029296875,18,Chenxi
2505318700585100193,684.00830078125,18,Chenxi
2505318700585100194,2353.717041015625,18,Chenxi
2505318700585100195,3064.3251953125,18,Chenxi
2505318700585100196,1000.7177124023438,18,Chenxi
2505318700585100197,3540.56689453125,18,Chenxi
2505318700585100198,2105.9345703125,18,Chenxi
2505318700585100199,2624.830078125,18,Chenxi
2505318700585100201,2060.9013671875,18,Chenxi
2505318700585100202,3579.150390625,18,Chenxi
2505318700585100203,1986.4796142578125,18,Chenxi
2505318700585100204,964.135498046875,18,Chenxi
2505318700585100205,4573.16015625,18,Chenxi
2505318700585100206,1719.405029296875,18,Chenxi
2505318700585100207,2644.64306640625,18,Chenxi
2505318700585100208,1978.534423828125,18,Chenxi
2505318700585100210,2267.8076171875,18,Chenxi
2505318700585100211,4255.404296875,18,Chenxi
2505318700585100212,2016.6630859375,18,Chenxi
2505318700585100213,2471.141357421875,18,Chenxi
2505318700585100214,3334.18701171875,18,Chenxi
2505318700585100215,819.0150756835938,18,Chenxi
2505318700585100216,5173.85205078125,18,Chenxi
2505318700585100217,2200.6337890625,18,Chenxi
2505318700585100218,3512.224853515625,18,Chenxi
2505318700585100219,5721.30712890625,18,Chenxi
2505318700585100220,2822.775146484375,18,Chenxi
2505318700585100221,2544.172607421875,18,Chenxi
2505318700585100222,4239.87939453125,18,Chenxi
2505318700585100223,1076.4139404296875,18,Chenxi
2505318700585100224,4548.94921875,18,Chenxi
2505318700585100225,1895.062255859375,18,Chenxi
2505318700585100226,1429.318115234375,18,Chenxi
2505318700585100227,4922.9931640625,18,Chenxi
2505318700585100228,1040.708740234375,18,Chenxi
2505318700585100229,4396.341796875,18,Chenxi
2505318700585100230,1502.3687744140625,18,Chenxi
2505318700585100231,1933.5126953125,18,Chenxi
2505318700585100232,2366.227294921875,18,Chenxi
2505318700585100233,1766.7828369140625,18,Chenxi
2505318700585100234,2380.93408203125,18,Chenxi
2505318700585100239,1845.0924072265625,18,Chenxi
2505318700585100240,1908.19189453125,18,Chenxi
2505318700585100244,1379.393310546875,18,Chenxi
2505318700585100245,861.0468139648438,18,Chenxi
2505318700586100003,4434.89892578125,18,Chenxi
2505318700586100005,4822.3525390625,18,Chenxi
2505318700586100007,3576.291259765625,18,Chenxi
2505318700586100009,2899.35107421875,18,Chenxi
2505318700586100011,4869.67236328125,18,Chenxi
2505318700586100012,5323.36181640625,18,Chenxi
2505318700586100013,6283.37744140625,18,Chenxi
2505318700586100015,5519.6015625,18,Chenxi
2505318700586100016,2541.145263671875,18,Chenxi
2505318700586100017,5993.375,18,Chenxi
2505318700586100018,2187.75341796875,18,Chenxi
2505318700586100019,5457.3603515625,18,Chenxi
2505318700586100020,4858.6513671875,18,Chenxi
2505318700592100007,4761.787109375,1,Chenxi
2505318700592100008,5834.93798828125,1,Chenxi
2505318700592100009,4130.11328125,1,Chenxi
2505318700592100010,3286.924072265625,1,Chenxi
2505318700592100011,11783.5380859375,1,Chenxi
2505318700592100012,2257.571533203125,1,Chenxi
2505318700592100013,7839.15576171875,1,Chenxi
2505318700592100014,8603.4736328125,1,Chenxi
2505318700592100015,5314.99072265625,1,Chenxi
2505318700592100016,5765.7109375,1,Chenxi
2505318700592100017,2477.699462890625,1,Chenxi
2505318700592100018,6049.4951171875,1,Chenxi
2505318700592100019,8101.693359375,1,Chenxi
2505318700592100020,7009.314453125,1,Chenxi
2505318700592100021,4352.7978515625,1,Chenxi
2505318700592100022,5481.8037109375,1,Chenxi
2505318700592100023,11196.5830078125,1,Chenxi
2505318700592100024,14312.5029296875,1,Chenxi
2505318700592100025,4660.33984375,1,Chenxi
2505318700592100026,6915.42529296875,1,Chenxi
2505318700592100027,4216.13232421875,1,Chenxi
2505318700592100028,4899.505859375,1,Chenxi
2505318700592100029,10793.212890625,1,Chenxi
2505318700592100030,7710.345703125,1,Chenxi
2505318700592100031,3951.5498046875,1,Chenxi
2505318700592100032,2901.56298828125,1,Chenxi
2505318700592100033,1907.309326171875,1,Chenxi
2505318700592100034,1750.583984375,1,Chenxi
2505318700592100035,5948.74267578125,1,Chenxi
2505318700592100036,2746.474853515625,1,Chenxi
2505318700592100037,7041.28466796875,1,Chenxi
2505318700592100038,5091.42138671875,1,Chenxi
2505318700592100039,1708.944091796875,1,Chenxi
2505318700592100040,6144.6728515625,1,Chenxi
2505318700592100041,4239.24853515625,1,Chenxi
2505318700592100042,4900.85107421875,1,Chenxi
2505318700592100043,3237.322509765625,1,Chenxi
2505318700592100044,2809.290771484375,1,Chenxi
2505318700592100045,5668.52783203125,1,Chenxi
2505318700592100046,3283.890869140625,1,Chenxi
2505318700592100047,4058.93212890625,1,Chenxi
2505318700592100048,7381.9169921875,1,Chenxi
2505318700592100049,2116.964111328125,1,Chenxi
2505318700592100051,6637.490234375,1,Chenxi
2505318700592100052,8282.537109375,1,Chenxi
2505318700592100053,8362.87890625,1,Chenxi
2505318700592100054,3244.8330078125,1,Chenxi
2505318700592100055,5766.0546875,1,Chenxi
2505318700592100056,1157.1175537109375,1,Chenxi
2505318700592100058,3408.20947265625,1,Chenxi
2505318700592100059,7746.8828125,1,Chenxi
2505318700592100060,7321.43701171875,1,Chenxi
2505318700592100061,5255.09228515625,1,Chenxi
2505318700592100062,3071.980224609375,1,Chenxi
2505318700592100063,1441.02197265625,1,Chenxi
2505318700592100064,6625.47998046875,1,Chenxi
2505318700592100065,5582.3896484375,1,Chenxi
2505318700592100066,1664.50439453125,1,Chenxi
2505318700592100067,1400.715087890625,1,Chenxi
2505318700592100068,9890.37109375,1,Chenxi
2505318700592100069,2778.94921875,1,Chenxi
2505318700592100070,6319.05029296875,1,Chenxi
2505318700592100071,8891.93359375,1,Chenxi
2505318700592100072,7846.927734375,1,Chenxi
2505318700592100073,4718.67724609375,1,Chenxi
2505318700592100074,2792.703857421875,1,Chenxi
2505318700592100076,5420.37646484375,1,Chenxi
2505318700593100003,12946.193359375,1,Chenxi
2505318700593100004,2892.711181640625,1,Chenxi
2505318700593100005,18852.263671875,1,Chenxi
2505318700593100006,22537.4765625,1,Chenxi
2505318700593100007,6137.10693359375,1,Chenxi
2505318700593100008,3531.25048828125,1,Chenxi
2505318700593100009,1226.288818359375,1,Chenxi
2505318700593100010,9736.95703125,1,Chenxi
2505318700593100011,11825.00390625,1,Chenxi
2505318700593100013,6987.89794921875,1,Chenxi
2505318700593100014,9633.5419921875,1,Chenxi
2505318700593100015,20448.259765625,1,Chenxi
2505318700593100016,18463.537109375,1,Chenxi
2505318700593100017,21992.54296875,1,Chenxi
2505318700593100018,3991.412353515625,1,Chenxi
2505318700593100019,21489.9921875,1,Chenxi
2505318700593100020,4183.85791015625,1,Chenxi
2505318700593100021,4674.45263671875,1,Chenxi
2505318700593100022,7212.31591796875,1,Chenxi
2505318700593100023,9081.8134765625,1,Chenxi
2505318700593100024,3270.59375,1,Chenxi
2505318700593100025,7960.658203125,1,Chenxi
2505318700593100026,17513.255859375,1,Chenxi
2505318700593100029,4213.30810546875,1,Chenxi
2505318700593100031,1166.50244140625,1,Chenxi
2505318700593100032,5049.2587890625,1,Chenxi
2505318700593100033,2964.325439453125,1,Chenxi
2505318700593100034,1286.2559814453125,1,Chenxi
2505318700593100035,1440.1458740234375,1,Chenxi
2505318700593100036,1828.0550537109375,1,Chenxi
2505318700593100038,875.7635498046875,1,Chenxi
2505318700594100001,8134.35107421875,1,Chenxi
2505318700594100002,20100.419921875,1,Chenxi
2505318700594100003,3480.272216796875,1,Chenxi
2505318700594100004,16633.466796875,1,Chenxi
2505318700594100005,11633.0947265625,1,Chenxi
2505318700594100006,7229.06787109375,1,Chenxi
2505318700594100007,8198.671875,1,Chenxi
2505318700594100008,10460.4921875,1,Chenxi
2505318700594100009,9502.7021484375,1,Chenxi
2505318700594100010,7510.04638671875,1,Chenxi
2505318700594100011,11756.5,1,Chenxi
2505318700594100012,14153.8251953125,1,Chenxi
2505318700594100013,3820.2353515625,1,Chenxi
2505318700594100014,9552.7705078125,1,Chenxi
2505318700594100016,4659.10498046875,1,Chenxi
2505318700594100017,6482.5068359375,1,Chenxi
2505318700594100018,6559.06494140625,1,Chenxi
2505318700594100019,7614.279296875,1,Chenxi
2505318700594100020,14266.564453125,1,Chenxi
2505318700594100021,5029.908203125,1,Chenxi
2505318700594100022,1336.932861328125,1,Chenxi
2505318700594100023,2918.937744140625,1,Chenxi
2505318700594100025,3367.88623046875,1,Chenxi
2505318700594100026,11406.466796875,1,Chenxi
2505318700594100027,7843.70556640625,1,Chenxi
2505318700594100028,2195.802001953125,1,Chenxi
2505318700594100029,6106.68994140625,1,Chenxi
2505318700594100030,4907.26416015625,1,Chenxi
2505318700594100031,7497.0927734375,1,Chenxi
2505318700594100032,5688.76123046875,1,Chenxi
2505318700594100033,7177.0224609375,1,Chenxi
2505318700594100034,6072.484375,1,Chenxi
2505318700596100001,1282.097900390625,7,Chenxi
2505318700596100002,3467.79638671875,7,Chenxi
2505318700597100004,9655.466796875,7,Chenxi
2505318700597100005,6419.78662109375,7,Chenxi
2505318700597100006,6210.50634765625,7,Chenxi
2505318700597100007,13013.515625,7,Chenxi
2505318700597100008,4370.76611328125,7,Chenxi
2505318700597100009,5252.93603515625,7,Chenxi
2505318700597100010,22591.19921875,7,Chenxi
2505318700597100011,16744.671875,7,Chenxi
2505318700597100012,6789.3994140625,7,Chenxi
2505318700597100013,3339.41748046875,7,Chenxi
2505318700597100014,14883.41796875,7,Chenxi
2505318700597100015,8256.337890625,7,Chenxi
2505318700597100016,5129.490234375,7,Chenxi
2505318700597100017,15291.94140625,7,Chenxi
2505318700597100018,11562.623046875,7,Chenxi
2505318700597100019,22730.328125,7,Chenxi
2505318700597100020,3998.901123046875,7,Chenxi
2505318700597100021,2778.679443359375,7,Chenxi
2505318700597100022,8100.68505859375,7,Chenxi
2505318700597100024,951.0963745117188,7,Chenxi
2505318700597100025,3699.39453125,7,Chenxi
2505318700597100026,11038.2646484375,7,Chenxi
2505318700597100027,36198.5546875,7,Chenxi
2505318700597100028,3512.11181640625,7,Chenxi
2505318700597100029,13276.2861328125,7,Chenxi
2505318700597100031,5714.75634765625,7,Chenxi
2505318700597100032,3212.2744140625,7,Chenxi
2505318700597100033,17862.017578125,7,Chenxi
2505318700597100034,8987.318359375,7,Chenxi
2505318700597100035,1717.83056640625,7,Chenxi
2505318700597100036,4681.30078125,7,Chenxi
2505318700597100037,1138.857666015625,7,Chenxi
2505318700597100038,3577.052001953125,7,Chenxi
2505318700598100003,7331.34521484375,7,Chenxi
2505318700598100004,5833.12060546875,7,Chenxi
2505318700598100005,10737.7919921875,7,Chenxi
2505318700598100006,7802.00634765625,7,Chenxi
2505318700598100007,2632.836669921875,7,Chenxi
2505318700598100008,5375.17431640625,7,Chenxi
2505318700598100009,2667.48046875,7,Chenxi
2505318700598100010,5130.35498046875,7,Chenxi
2505318700598100011,904.994873046875,7,Chenxi
2505318700598100012,4887.4130859375,7,Chenxi
2505318700598100013,2240.8515625,7,Chenxi
2505318700598100014,4814.9287109375,7,Chenxi
2505318700598100015,11320.3671875,7,Chenxi
2505318700598100016,4665.3564453125,7,Chenxi
2505318700598100017,3252.741943359375,7,Chenxi
2505318700598100018,11703.240234375,7,Chenxi
2505318700598100019,1104.4273681640625,7,Chenxi
2505318700598100020,9324.2685546875,7,Chenxi
2505318700598100021,8437.953125,7,Chenxi
2505318700598100022,9725.4189453125,7,Chenxi
2505318700598100024,9928.828125,7,Chenxi
2505318700598100025,17632.3359375,7,Chenxi
2505318700598100026,3017.695556640625,7,Chenxi
2505318700598100027,10880.6259765625,7,Chenxi
2505318700598100028,8579.955078125,7,Chenxi
2505318700598100029,6427.97509765625,7,Chenxi
2505318700598100030,8320.5654296875,7,Chenxi
2505318700598100031,10251.4267578125,7,Chenxi
2505318700598100032,5836.306640625,7,Chenxi
2505318700598100033,6469.80029296875,7,Chenxi
2505318700598100034,4401.84521484375,7,Chenxi
2505318700598100035,10683.9580078125,7,Chenxi
2505318700598100036,3059.371826171875,7,Chenxi
2505318700598100037,3879.126953125,7,Chenxi
2505318700598100038,6560.77392578125,7,Chenxi
2505318700598100039,5289.38671875,7,Chenxi
2505318700598100040,7901.81201171875,7,Chenxi
2505318700598100041,17570.078125,7,Chenxi
2505318700598100043,4474.46142578125,7,Chenxi
2505318700598100044,4081.401611328125,7,Chenxi
2505318700598100045,6896.80517578125,7,Chenxi
2505318700598100046,6875.60205078125,7,Chenxi
2505318700598100047,6655.78173828125,7,Chenxi
2505318700598100048,5263.8349609375,7,Chenxi
2505318700598100049,5028.23486328125,7,Chenxi
2505318700598100050,12369.9697265625,7,Chenxi
2505318700599100005,4441.423828125,7,Chenxi
2505318700599100006,3713.240478515625,7,Chenxi
2505318700599100008,4787.4521484375,7,Chenxi
2505318700599100009,3570.677734375,7,Chenxi
2505318700599100010,6317.939453125,7,Chenxi
2505318700599100011,5015.736328125,7,Chenxi
2505318700599100012,7243.43603515625,7,Chenxi
2505318700599100014,4038.997802734375,7,Chenxi
2505318700599100015,2778.198974609375,7,Chenxi
2505318700599100016,5733.61181640625,7,Chenxi
2505318700599100017,5513.6103515625,7,Chenxi
2505318700599100018,2536.808837890625,7,Chenxi
2505318700599100019,2389.683837890625,7,Chenxi
2505318700599100020,2378.255615234375,7,Chenxi
2505318700599100021,2730.9853515625,7,Chenxi
2505318700599100022,4745.23876953125,7,Chenxi
2505318700599100023,1611.6524658203125,7,Chenxi
2505318700599100024,2628.68310546875,7,Chenxi
2505318700599100025,3378.411865234375,7,Chenxi
2505318700599100026,4480.7919921875,7,Chenxi
2505318700599100027,8480.73828125,7,Chenxi
2505318700599100028,4007.24560546875,7,Chenxi
2505318700599100029,9756.0263671875,7,Chenxi
2505318700599100030,2567.575439453125,7,Chenxi
2505318700599100031,2091.180419921875,7,Chenxi
2505318700599100032,1479.64501953125,7,Chenxi
2505318700599100033,8039.7939453125,7,Chenxi
2505318700599100034,4024.191162109375,7,Chenxi
2505318700599100035,5091.86279296875,7,Chenxi
2505318700599100036,2720.525634765625,7,Chenxi
2505318700599100037,3130.44580078125,7,Chenxi
2505318700599100038,5669.87744140625,7,Chenxi
2505318700599100039,2345.18408203125,7,Chenxi
2505318700599100040,9754.5537109375,7,Chenxi
2505318700599100041,3868.642578125,7,Chenxi
2505318700599100042,7231.29638671875,7,Chenxi
2505318700599100043,3493.74267578125,7,Chenxi
2505318700599100045,5073.0380859375,7,Chenxi
2505318700599100046,8695.361328125,7,Chenxi
2505318700599100047,6168.2265625,7,Chenxi
2505318700599100048,3009.15087890625,7,Chenxi
2505318700599100049,6140.51708984375,7,Chenxi
2505318700599100050,5459.65966796875,7,Chenxi
2505318700599100051,7193.3837890625,7,Chenxi
2505318700599100052,9402.0673828125,7,Chenxi
2505318700599100054,5960.9521484375,7,Chenxi
2505318700599100055,3443.0947265625,7,Chenxi
2505318700599100056,5279.06982421875,7,Chenxi
2505318700599100057,6358.17333984375,7,Chenxi
2505318700599100058,4191.88916015625,7,Chenxi
2505318700599100059,5455.3173828125,7,Chenxi
2505318700599100061,4158.81298828125,7,Chenxi
2505318700599100062,8275.640625,7,Chenxi
2505318700599100063,7017.1240234375,7,Chenxi
2505318700599100064,2229.5654296875,7,Chenxi
2505318700599100065,3844.457763671875,7,Chenxi
2505318700599100066,5796.0859375,7,Chenxi
2505318700599100067,3853.887451171875,7,Chenxi
2505318700599100068,3253.466796875,7,Chenxi
2505318700599100069,3145.824462890625,7,Chenxi
2505318700599100070,7336.1650390625,7,Chenxi
2505318700599100071,6963.9453125,7,Chenxi
2505318700599100072,1910.1474609375,7,Chenxi
2505318700599100073,5369.65771484375,7,Chenxi
2505318700599100074,2314.83203125,7,Chenxi
2505318700599100075,2371.43994140625,7,Chenxi
2505318700599100076,5259.96630859375,7,Chenxi
2505318700599100077,4783.4208984375,7,Chenxi
2505318700599100078,5920.5595703125,7,Chenxi
2505318700599100079,8406.7197265625,7,Chenxi
2505318700599100080,6457.92626953125,7,Chenxi
2505318700599100081,2811.34716796875,7,Chenxi
2505318700599100082,2529.356201171875,7,Chenxi
2505318700599100084,1455.046875,7,Chenxi
2505318700601100002,3344.41015625,10,Chenxi
2505318700601100003,5009.64111328125,10,Chenxi
2505318700601100006,7856.10107421875,10,Chenxi
2505318700601100007,5106.7431640625,10,Chenxi
2505318700601100008,3177.12890625,10,Chenxi
2505318700601100009,5031.76318359375,10,Chenxi
2505318700602100005,6254.0732421875,10,Chenxi
2505318700602100006,3927.31103515625,10,Chenxi
2505318700602100007,4617.2666015625,10,Chenxi
2505318700602100008,4842.45263671875,10,Chenxi
2505318700602100009,2973.162841796875,10,Chenxi
2505318700602100010,6816.54443359375,10,Chenxi
2505318700602100011,9425.25,10,Chenxi
2505318700602100012,2979.048583984375,10,Chenxi
2505318700602100013,6152.955078125,10,Chenxi
2505318700602100014,7395.38134765625,10,Chenxi
2505318700602100015,7070.77978515625,10,Chenxi
2505318700602100016,3552.549072265625,10,Chenxi
2505318700602100017,4717.6455078125,10,Chenxi
2505318700602100018,4117.52490234375,10,Chenxi
2505318700602100019,3661.914794921875,10,Chenxi
2505318700602100020,3265.938232421875,10,Chenxi
2505318700602100021,3238.6806640625,10,Chenxi
2505318700602100022,3964.791259765625,10,Chenxi
2505318700602100024,6619.83935546875,10,Chenxi
2505318700602100025,6455.7861328125,10,Chenxi
2505318700602100026,5161.9248046875,10,Chenxi
2505318700602100027,4863.34814453125,10,Chenxi
2505318700602100028,6784.01171875,10,Chenxi
2505318700602100029,2862.717529296875,10,Chenxi
2505318700602100030,6082.78466796875,10,Chenxi
2505318700602100031,4421.06396484375,10,Chenxi
2505318700602100032,4560.11767578125,10,Chenxi
2505318700602100034,3640.881103515625,10,Chenxi
2505318700602100035,4110.5263671875,10,Chenxi
2505318700602100036,5052.986328125,10,Chenxi
2505318700602100037,7161.255859375,10,Chenxi
2505318700602100038,4712.6572265625,10,Chenxi
2505318700602100039,4895.173828125,10,Chenxi
2505318700602100040,6503.0712890625,10,Chenxi
2505318700602100041,7756.65625,10,Chenxi
2505318700602100042,4882.0830078125,10,Chenxi
2505318700603100001,14872.2158203125,10,Chenxi
2505318700603100002,2670.393310546875,10,Chenxi
2505318700603100003,3217.35009765625,10,Chenxi
2505318700603100004,4236.12841796875,10,Chenxi
2505318700603100005,3514.5771484375,10,Chenxi
2505318700603100006,1376.383544921875,10,Chenxi
2505318700603100007,6341.37548828125,10,Chenxi
2505318700603100008,4029.46630859375,10,Chenxi
2505318700603100010,9983.6103515625,10,Chenxi
2505318700603100011,7587.15380859375,10,Chenxi
2505318700603100012,8507.224609375,10,Chenxi
2505318700603100013,7303.91259765625,10,Chenxi
2505318700603100014,2676.474609375,10,Chenxi
2505318700603100015,5480.36962890625,10,Chenxi
2505318700603100016,6195.72998046875,10,Chenxi
2505318700603100018,7938.94189453125,10,Chenxi
2505318700603100019,5224.74755859375,10,Chenxi
2505318700603100020,4694.1083984375,10,Chenxi
2505318700603100021,11123.8125,10,Chenxi
2505318700603100022,2836.056396484375,10,Chenxi
2505318700603100024,12129.515625,10,Chenxi
2505318700603100025,2284.53076171875,10,Chenxi
2505318700603100026,5218.85888671875,10,Chenxi
2505318700603100027,6132.09033203125,10,Chenxi
2505318700603100028,3097.129638671875,10,Chenxi
2505318700603100029,7138.046875,10,Chenxi
2505318700603100030,7141.61376953125,10,Chenxi
2505318700603100031,3438.126953125,10,Chenxi
2505318700603100032,4515.8095703125,10,Chenxi
2505318700603100033,4387.1708984375,10,Chenxi
2505318700603100034,10999.6962890625,10,Chenxi
2505318700603100035,11320.12890625,10,Chenxi
2505318700603100036,7413.96630859375,10,Chenxi
2505318700603100037,1464.1302490234375,10,Chenxi
2505318700603100038,2543.91650390625,10,Chenxi
2505318700603100039,4068.079833984375,10,Chenxi
2505318700603100040,5541.939453125,10,Chenxi
2505318700603100041,5041.96826171875,10,Chenxi
2505318700603100042,5191.55859375,10,Chenxi
2505318700603100043,4756.61962890625,10,Chenxi
2505318700603100044,4860.12109375,10,Chenxi
2505318700603100045,6923.31787109375,10,Chenxi
2505318700603100046,6754.56201171875,10,Chenxi
2505318700603100048,4245.33544921875,10,Chenxi
2505318700603100049,6000.46337890625,10,Chenxi
2505318700603100050,6125.3408203125,10,Chenxi
2505318700603100052,6519.48388671875,10,Chenxi
2505318700603100053,5427.2705078125,10,Chenxi
2505318700603100054,4304.013671875,10,Chenxi
2505318700603100055,7806.994140625,10,Chenxi
2505318700603100056,9738.1962890625,10,Chenxi
2505318700603100057,4576.97412109375,10,Chenxi
2505318700603100058,3115.379150390625,10,Chenxi
2505318700603100059,5223.16650390625,10,Chenxi
2505318700603100060,2541.63623046875,10,Chenxi
2505318700603100061,3196.04931640625,10,Chenxi
2505318700603100062,8633.0810546875,10,Chenxi
2505318700603100063,5811.8193359375,10,Chenxi
2505318700603100064,3971.97607421875,10,Chenxi
2505318700603100065,2879.50439453125,10,Chenxi
2505318700603100066,1833.9683837890625,10,Chenxi
2505318700603100067,9982.23828125,10,Chenxi
2505318700603100068,7092.35498046875,10,Chenxi
2505318700603100069,2833.173583984375,10,Chenxi
2505318700603100070,7258.525390625,10,Chenxi
2505318700603100071,2132.0625,10,Chenxi
2505318700603100072,7308.8955078125,10,Chenxi
2505318700603100073,5121.36279296875,10,Chenxi
2505318700603100074,4950.0625,10,Chenxi
2505318700603100076,6983.85400390625,10,Chenxi
2505318700603100077,4559.15576171875,10,Chenxi
2505318700603100078,3250.86669921875,10,Chenxi
2505318700603100079,6367.2880859375,10,Chenxi
2505318700603100080,5807.80224609375,10,Chenxi
2505318700603100082,4480.14599609375,10,Chenxi
2505318700603100083,5505.6142578125,10,Chenxi
2505318700603100084,1608.2900390625,10,Chenxi
2505318700604100005,3508.368896484375,10,Chenxi
2505318700604100007,2355.54150390625,10,Chenxi
2505318700604100008,2808.899658203125,10,Chenxi
2505318700604100009,6488.8115234375,10,Chenxi
2505318700604100010,4453.3271484375,10,Chenxi
2505318700604100011,4834.82568359375,10,Chenxi
2505318700604100012,1906.8585205078125,10,Chenxi
2505318700604100013,7277.4970703125,10,Chenxi
2505318700604100014,3474.44287109375,10,Chenxi
2505318700604100015,6052.302734375,10,Chenxi
2505318700604100016,4656.53564453125,10,Chenxi
2505318700604100017,5130.20947265625,10,Chenxi
2505318700604100018,3522.70556640625,10,Chenxi
2505318700604100020,8058.6865234375,10,Chenxi
2505318700604100021,2287.0126953125,10,Chenxi
2505318700604100022,3119.11474609375,10,Chenxi
2505318700604100023,2841.672607421875,10,Chenxi
2505318700604100024,1873.8896484375,10,Chenxi
2505318700604100025,4333.22021484375,10,Chenxi
2505318700604100026,4719.82666015625,10,Chenxi
2505318700604100027,4889.72900390625,10,Chenxi
2505318700604100028,8934.498046875,10,Chenxi
2505318700604100030,4714.07177734375,10,Chenxi
2505318700604100031,5333.55322265625,10,Chenxi
2505318700604100032,6995.416015625,10,Chenxi
2505318700604100034,840.9130859375,10,Chenxi
2505318700606100007,2255.95458984375,15,Chenxi
2505318700606100008,4319.70703125,15,Chenxi
2505318700606100009,2031.8101806640625,15,Chenxi
2505318700606100010,3142.890625,15,Chenxi
2505318700606100011,3402.563720703125,15,Chenxi
2505318700606100012,1831.77880859375,15,Chenxi
2505318700606100013,3526.2724609375,15,Chenxi
2505318700606100015,2105.749755859375,15,Chenxi
2505318700606100016,730.2880859375,15,Chenxi
2505318700606100017,4642.10498046875,15,Chenxi
2505318700606100018,3968.447021484375,15,Chenxi
2505318700606100019,2284.13134765625,15,Chenxi
2505318700606100020,3529.016845703125,15,Chenxi
2505318700606100021,1758.2039794921875,15,Chenxi
2505318700606100022,1793.81884765625,15,Chenxi
2505318700606100023,2067.779296875,15,Chenxi
2505318700606100024,1739.9757080078125,15,Chenxi
2505318700606100025,2295.17578125,15,Chenxi
2505318700606100026,2391.265869140625,15,Chenxi
2505318700606100027,4204.4248046875,15,Chenxi
2505318700606100028,2141.240966796875,15,Chenxi
2505318700606100029,1243.6309814453125,15,Chenxi
2505318700606100030,2411.81787109375,15,Chenxi
2505318700606100031,4454.34130859375,15,Chenxi
2505318700606100032,1431.9803466796875,15,Chenxi
2505318700606100033,1414.3641357421875,15,Chenxi
2505318700606100034,1340.1922607421875,15,Chenxi
2505318700606100035,3112.5322265625,15,Chenxi
2505318700606100036,2323.439453125,15,Chenxi
2505318700606100037,4507.13330078125,15,Chenxi
2505318700606100038,3136.5244140625,15,Chenxi
2505318700606100039,3478.08935546875,15,Chenxi
2505318700606100041,6748.50732421875,15,Chenxi
2505318700606100042,3987.136474609375,15,Chenxi
2505318700606100043,508.6750793457031,15,Chenxi
2505318700606100044,1921.6573486328125,15,Chenxi
2505318700606100045,2755.89111328125,15,Chenxi
2505318700606100047,1839.329833984375,15,Chenxi
2505318700606100048,9448.99609375,15,Chenxi
2505318700606100049,4315.7880859375,15,Chenxi
2505318700606100050,3610.22412109375,15,Chenxi
2505318700606100051,4615.24609375,15,Chenxi
2505318700606100052,2190.58203125,15,Chenxi
2505318700606100053,4922.396484375,15,Chenxi
2505318700606100056,8512.6826171875,15,Chenxi
2505318700606100057,842.21044921875,15,Chenxi
2505318700606100058,2662.83154296875,15,Chenxi
2505318700606100060,2468.597412109375,15,Chenxi
2505318700606100061,7491.4345703125,15,Chenxi
2505318700607100002,1862.0845947265625,15,Chenxi
2505318700607100003,2236.036376953125,15,Chenxi
2505318700607100005,4716.373046875,15,Chenxi
2505318700607100006,6785.052734375,15,Chenxi
2505318700607100008,2169.25390625,15,Chenxi
2505318700607100009,1767.293212890625,15,Chenxi
2505318700607100010,526.4054565429688,15,Chenxi
2505318700607100011,2506.506591796875,15,Chenxi
2505318700607100012,3908.404541015625,15,Chenxi
2505318700607100013,3912.508544921875,15,Chenxi
2505318700607100014,7027.31396484375,15,Chenxi
2505318700607100015,2465.080810546875,15,Chenxi
2505318700607100016,4336.42529296875,15,Chenxi
2505318700607100017,5028.490234375,15,Chenxi
2505318700607100018,6945.5576171875,15,Chenxi
2505318700607100020,4161.71533203125,15,Chenxi
2505318700607100021,1750.7213134765625,15,Chenxi
2505318700607100022,2363.269775390625,15,Chenxi
2505318700607100023,2074.514892578125,15,Chenxi
2505318700607100024,2898.942138671875,15,Chenxi
2505318700607100025,2834.733154296875,15,Chenxi
2505318700607100026,6065.46728515625,15,Chenxi
2505318700607100027,5170.107421875,15,Chenxi
2505318700607100028,3292.015625,15,Chenxi
2505318700607100029,11625.0556640625,15,Chenxi
2505318700607100030,5708.3994140625,15,Chenxi
2505318700607100031,4156.70263671875,15,Chenxi
2505318700607100032,4166.56884765625,15,Chenxi
2505318700607100034,1515.6728515625,15,Chenxi
2505318700607100035,3546.67041015625,15,Chenxi
2505318700607100036,2174.51318359375,15,Chenxi
2505318700607100037,1725.0382080078125,15,Chenxi
2505318700607100038,3383.431396484375,15,Chenxi
2505318700607100039,1870.83984375,15,Chenxi
2505318700607100040,3399.017822265625,15,Chenxi
2505318700607100041,1885.358154296875,15,Chenxi
2505318700607100044,1916.77978515625,15,Chenxi
2505318700607100045,1762.2655029296875,15,Chenxi
2505318700607100046,2424.0751953125,15,Chenxi
2505318700607100047,1247.9981689453125,15,Chenxi
2505318700607100048,2375.1630859375,15,Chenxi
2505318700607100049,2990.9921875,15,Chenxi
2505318700607100050,2501.0322265625,15,Chenxi
2505318700607100051,2589.798095703125,15,Chenxi
2505318700607100052,4345.6708984375,15,Chenxi
2505318700607100053,5584.1552734375,15,Chenxi
2505318700607100054,4434.5771484375,15,Chenxi
2505318700607100055,2851.65869140625,15,Chenxi
2505318700607100056,2980.900146484375,15,Chenxi
2505318700607100057,3200.351806640625,15,Chenxi
2505318700607100058,1619.7264404296875,15,Chenxi
2505318700607100059,2724.427490234375,15,Chenxi
2505318700607100060,2744.92138671875,15,Chenxi
2505318700607100061,504.3865051269531,15,Chenxi
2505318700607100062,1876.773193359375,15,Chenxi
2505318700607100063,2823.2060546875,15,Chenxi
2505318700607100064,1379.2598876953125,15,Chenxi
2505318700607100065,2187.081787109375,15,Chenxi
2505318700607100066,2866.174072265625,15,Chenxi
2505318700607100067,1676.0125732421875,15,Chenxi
2505318700607100068,2822.32568359375,15,Chenxi
2505318700607100069,3403.31494140625,15,Chenxi
2505318700607100070,2410.941650390625,15,Chenxi
2505318700607100071,1917.9141845703125,15,Chenxi
2505318700607100072,1404.855712890625,15,Chenxi
2505318700607100073,2537.906982421875,15,Chenxi
2505318700607100074,3049.669189453125,15,Chenxi
2505318700607100075,2034.570068359375,15,Chenxi
2505318700607100076,4750.0068359375,15,Chenxi
2505318700607100077,2413.95849609375,15,Chenxi
2505318700607100078,2250.54833984375,15,Chenxi
2505318700607100079,2183.705078125,15,Chenxi
2505318700607100080,6296.38330078125,15,Chenxi
2505318700607100081,2797.3798828125,15,Chenxi
2505318700607100082,2389.805908203125,15,Chenxi
2505318700607100083,3699.25048828125,15,Chenxi
2505318700607100084,2477.277099609375,15,Chenxi
2505318700607100085,980.5208740234375,15,Chenxi
2505318700607100086,1884.520263671875,15,Chenxi
2505318700607100087,3366.748779296875,15,Chenxi
2505318700607100088,2010.776611328125,15,Chenxi
2505318700607100089,2455.415283203125,15,Chenxi
2505318700607100090,2393.767822265625,15,Chenxi
2505318700607100091,1932.2239990234375,15,Chenxi
2505318700607100092,2132.124755859375,15,Chenxi
2505318700607100093,2285.94482421875,15,Chenxi
2505318700607100094,4240.7978515625,15,Chenxi
2505318700607100095,3263.44970703125,15,Chenxi
2505318700607100096,6749.3330078125,15,Chenxi
2505318700607100097,1584.177490234375,15,Chenxi
2505318700607100099,2744.642333984375,15,Chenxi
2505318700607100100,1996.8675537109375,15,Chenxi
2505318700607100101,2767.83251953125,15,Chenxi
2505318700607100102,2617.173828125,15,Chenxi
2505318700607100103,3141.083740234375,15,Chenxi
2505318700607100104,1610.6556396484375,15,Chenxi
2505318700607100105,1657.7076416015625,15,Chenxi
2505318700607100106,3719.202392578125,15,Chenxi
2505318700607100107,2221.760009765625,15,Chenxi
2505318700607100108,945.4033813476562,15,Chenxi
2505318700607100109,2423.964111328125,15,Chenxi
2505318700607100110,822.4544677734375,15,Chenxi
2505318700607100111,2685.47021484375,15,Chenxi
2505318700607100112,2589.793701171875,15,Chenxi
2505318700607100113,883.353759765625,15,Chenxi
2505318700607100114,3157.20751953125,15,Chenxi
2505318700607100115,2934.316162109375,15,Chenxi
2505318700607100116,6278.01513671875,15,Chenxi
2505318700607100117,2403.245849609375,15,Chenxi
2505318700607100118,3011.587890625,15,Chenxi
2505318700607100119,3293.6474609375,15,Chenxi
2505318700607100120,1262.107421875,15,Chenxi
2505318700607100121,1716.77392578125,15,Chenxi
2505318700607100122,2456.003662109375,15,Chenxi
2505318700607100123,3111.213134765625,15,Chenxi
2505318700607100124,1688.350830078125,15,Chenxi
2505318700607100125,1713.9371337890625,15,Chenxi
2505318700607100126,3920.1220703125,15,Chenxi
2505318700607100127,2021.2095947265625,15,Chenxi
2505318700607100128,1652.137939453125,15,Chenxi
2505318700607100129,4075.12841796875,15,Chenxi
2505318700607100131,1873.958984375,15,Chenxi
2505318700607100132,5809.24755859375,15,Chenxi
2505318700607100133,2146.049072265625,15,Chenxi
2505318700607100134,3530.89892578125,15,Chenxi
2505318700607100135,3094.369873046875,15,Chenxi
2505318700607100136,1897.7403564453125,15,Chenxi
2505318700607100137,2460.8984375,15,Chenxi
2505318700607100138,5739.326171875,15,Chenxi
2505318700607100139,2901.597900390625,15,Chenxi
2505318700607100140,2275.2392578125,15,Chenxi
2505318700607100141,2903.744873046875,15,Chenxi
2505318700607100142,2958.95068359375,15,Chenxi
2505318700607100143,3116.440185546875,15,Chenxi
2505318700607100145,2802.8515625,15,Chenxi
2505318700607100146,3285.267578125,15,Chenxi
2505318700607100147,894.5079345703125,15,Chenxi
2505318700607100148,1534.3480224609375,15,Chenxi
2505318700607100149,1086.1861572265625,15,Chenxi
2505318700607100150,2016.7003173828125,15,Chenxi
2505318700607100151,3416.26611328125,15,Chenxi
2505318700607100152,6053.53369140625,15,Chenxi
2505318700607100153,554.8411865234375,15,Chenxi
2505318700607100154,2773.546142578125,15,Chenxi
2505318700607100155,2029.598388671875,15,Chenxi
2505318700607100156,2278.56005859375,15,Chenxi
2505318700607100157,3370.238525390625,15,Chenxi
2505318700607100158,1369.804443359375,15,Chenxi
2505318700607100159,8350.57421875,15,Chenxi
2505318700607100160,3685.727294921875,15,Chenxi
2505318700607100161,3892.442138671875,15,Chenxi
2505318700607100162,3478.6611328125,15,Chenxi
2505318700607100163,2380.7734375,15,Chenxi
2505318700607100164,2131.675537109375,15,Chenxi
2505318700607100165,1471.8695068359375,15,Chenxi
2505318700607100166,4823.109375,15,Chenxi
2505318700607100167,4932.03173828125,15,Chenxi
2505318700607100168,1304.156005859375,15,Chenxi
2505318700607100169,2723.87646484375,15,Chenxi
2505318700607100170,4148.3056640625,15,Chenxi
2505318700607100171,2949.33740234375,15,Chenxi
2505318700607100172,1768.6607666015625,15,Chenxi
2505318700607100173,4626.06982421875,15,Chenxi
2505318700607100174,6005.49951171875,15,Chenxi
2505318700607100176,6180.16357421875,15,Chenxi
2505318700607100177,5037.525390625,15,Chenxi
2505318700607100178,5160.3173828125,15,Chenxi
2505318700607100179,1149.0958251953125,15,Chenxi
2505318700608100006,3869.027099609375,15,Chenxi
2505318700608100008,2188.51513671875,15,Chenxi
2505318700608100009,4265.53759765625,15,Chenxi
2505318700608100010,2725.69091796875,15,Chenxi
2505318700608100011,7542.32421875,15,Chenxi
2505318700608100012,2508.68603515625,15,Chenxi
2505318700608100013,2868.6328125,15,Chenxi
2505318700608100015,2329.1083984375,15,Chenxi
2505318700608100016,3274.6240234375,15,Chenxi
2505318700608100017,1602.72119140625,15,Chenxi
2505318700608100018,2685.638916015625,15,Chenxi
2505318700608100019,1602.8648681640625,15,Chenxi
2505318700608100020,2488.6748046875,15,Chenxi
2505318700608100021,2467.1181640625,15,Chenxi
2505318700608100022,5185.12841796875,15,Chenxi
2505318700608100023,6171.37158203125,15,Chenxi
2505318700608100025,2460.01904296875,15,Chenxi
2505318700608100026,3044.78662109375,15,Chenxi
2505318700608100027,9290.5,15,Chenxi
2505318700608100028,3538.938232421875,15,Chenxi
2505318700608100029,2102.547607421875,15,Chenxi
2505318700608100031,2721.927978515625,15,Chenxi
2505318700608100032,6409.2705078125,15,Chenxi
2505318700608100034,2760.755859375,15,Chenxi
2505318700608100035,2570.684814453125,15,Chenxi
2505318700608100036,5401.4931640625,15,Chenxi
2505318700608100037,3943.97216796875,15,Chenxi
2505318700608100038,4410.13818359375,15,Chenxi
2505318700608100039,3465.94482421875,15,Chenxi
2505318700608100040,2199.19091796875,15,Chenxi
2505318700608100041,4967.99169921875,15,Chenxi
2505318700608100042,2805.225830078125,15,Chenxi
2505318700608100043,7538.0185546875,15,Chenxi
2505318700608100044,3345.930419921875,15,Chenxi
2505318700608100045,7506.26123046875,15,Chenxi
2505318700608100046,5143.25732421875,15,Chenxi
2505318700608100047,3322.681396484375,15,Chenxi
2505318700608100048,2372.033203125,15,Chenxi
2505318700608100049,2723.951171875,15,Chenxi
2505318700608100050,2173.402099609375,15,Chenxi
2505318700608100051,7265.298828125,15,Chenxi
2505318700608100052,4682.19091796875,15,Chenxi
2505318700608100053,5572.34130859375,15,Chenxi
2505318700608100054,5420.48291015625,15,Chenxi
2505318700608100056,1299.0833740234375,15,Chenxi
2505318700608100057,9894.638671875,15,Chenxi
2505318700608100058,4919.521484375,15,Chenxi
2505318700608100059,2843.9951171875,15,Chenxi
2505318700608100060,2573.836669921875,15,Chenxi
2505318700608100061,1537.947265625,15,Chenxi
2505318700608100062,4553.5654296875,15,Chenxi
2505318700608100063,5081.751953125,15,Chenxi
2505318700608100064,615.3907470703125,15,Chenxi
2505318700608100065,1128.47509765625,15,Chenxi
2505318700608100066,3964.797607421875,15,Chenxi
2505318700608100067,3288.642333984375,15,Chenxi
2505318700608100068,2221.216064453125,15,Chenxi
2505318700608100069,3637.002685546875,15,Chenxi
2505318700608100070,1668.808349609375,15,Chenxi
2505318700608100071,2809.12255859375,15,Chenxi
2505318700608100072,2923.382568359375,15,Chenxi
2505318700608100073,3338.25732421875,15,Chenxi
2505318700608100074,1479.618408203125,15,Chenxi
2505318700608100075,3311.794189453125,15,Chenxi
2505318700608100076,2502.253173828125,15,Chenxi
2505318700608100077,5422.79638671875,15,Chenxi
2505318700608100078,3167.289794921875,15,Chenxi
2505318700608100079,4421.7451171875,15,Chenxi
2505318700608100080,1254.9215087890625,15,Chenxi
2505318700608100081,1633.7889404296875,15,Chenxi
2505318700608100082,1175.5679931640625,15,Chenxi
2505318700608100083,9226.2568359375,15,Chenxi
2505318700608100084,1509.0439453125,15,Chenxi
2505318700608100085,2872.64697265625,15,Chenxi
2505318700608100086,2767.270263671875,15,Chenxi
2505318700608100087,4328.10205078125,15,Chenxi
2505318700608100088,4293.97021484375,15,Chenxi
2505318700608100089,2214.78564453125,15,Chenxi
2505318700608100091,4281.60888671875,15,Chenxi
2505318700608100092,3802.1708984375,15,Chenxi
2505318700608100093,1871.023681640625,15,Chenxi
2505318700608100094,2385.53662109375,15,Chenxi
2505318700608100095,3099.879638671875,15,Chenxi
2505318700608100097,2239.906494140625,15,Chenxi
2505318700608100098,1463.0797119140625,15,Chenxi
2505318700608100099,5496.3662109375,15,Chenxi
2505318700608100100,3161.4248046875,15,Chenxi
2505318700608100101,2412.274169921875,15,Chenxi
2505318700608100102,1955.515380859375,15,Chenxi
2505318700608100103,2749.293701171875,15,Chenxi
2505318700608100104,1446.27783203125,15,Chenxi
2505318700608100105,3541.5244140625,15,Chenxi
2505318700608100106,2650.525146484375,15,Chenxi
2505318700608100107,3393.701904296875,15,Chenxi
2505318700608100108,5012.97900390625,15,Chenxi
2505318700608100109,2940.269775390625,15,Chenxi
2505318700608100110,1889.4332275390625,15,Chenxi
2505318700608100111,8462.9228515625,15,Chenxi
2505318700608100112,2962.966064453125,15,Chenxi
2505318700608100113,4295.94580078125,15,Chenxi
2505318700608100114,4042.847900390625,15,Chenxi
2505318700608100115,2073.8115234375,15,Chenxi
2505318700608100117,1999.6256103515625,15,Chenxi
2505318700608100118,2088.959716796875,15,Chenxi
2505318700608100119,4259.72412109375,15,Chenxi
2505318700608100121,2652.2724609375,15,Chenxi
2505318700608100122,1837.41259765625,15,Chenxi
2505318700608100123,6329.591796875,15,Chenxi
2505318700608100124,1906.1983642578125,15,Chenxi
2505318700608100125,1518.5068359375,15,Chenxi
2505318700608100126,4255.3994140625,15,Chenxi
2505318700608100127,2868.413330078125,15,Chenxi
2505318700608100128,3884.2822265625,15,Chenxi
2505318700608100129,2460.12060546875,15,Chenxi
2505318700608100130,2446.04296875,15,Chenxi
2505318700608100131,5097.53564453125,15,Chenxi
2505318700608100132,1546.804931640625,15,Chenxi
2505318700608100133,2769.848388671875,15,Chenxi
2505318700608100134,5045.9052734375,15,Chenxi
2505318700608100135,2472.296630859375,15,Chenxi
2505318700608100136,3338.89599609375,15,Chenxi
2505318700608100137,1278.66064453125,15,Chenxi
2505318700608100138,3149.233642578125,15,Chenxi
2505318700608100139,3241.561767578125,15,Chenxi
2505318700608100140,3387.422119140625,15,Chenxi
2505318700608100141,1820.3878173828125,15,Chenxi
2505318700608100142,1794.798828125,15,Chenxi
2505318700608100143,2204.2685546875,15,Chenxi
2505318700608100144,2096.162109375,15,Chenxi
2505318700608100145,1273.14111328125,15,Chenxi
2505318700608100146,2885.941162109375,15,Chenxi
2505318700608100147,5369.7158203125,15,Chenxi
2505318700608100148,5662.0771484375,15,Chenxi
2505318700608100149,4445.4853515625,15,Chenxi
2505318700608100150,1774.7548828125,15,Chenxi
2505318700608100151,2092.706787109375,15,Chenxi
2505318700608100152,1677.386474609375,15,Chenxi
2505318700608100153,2975.110107421875,15,Chenxi
2505318700608100154,4059.175537109375,15,Chenxi
2505318700608100155,2329.1025390625,15,Chenxi
2505318700608100156,1953.1575927734375,15,Chenxi
2505318700608100158,752.56640625,15,Chenxi
2505318700608100159,1792.3970947265625,15,Chenxi
2505318700608100160,5334.73828125,15,Chenxi
2505318700608100161,2504.936279296875,15,Chenxi
2505318700608100162,2423.12353515625,15,Chenxi
2505318700608100163,6989.9453125,15,Chenxi
2505318700608100165,1805.2703857421875,15,Chenxi
2505318700608100166,1737.8123779296875,15,Chenxi
2505318700608100167,1979.4276123046875,15,Chenxi
2505318700608100168,4929.6279296875,15,Chenxi
2505318700608100169,4109.21435546875,15,Chenxi
2505318700608100170,2267.364990234375,15,Chenxi
2505318700608100171,735.79736328125,15,Chenxi
2505318700608100172,3237.553955078125,15,Chenxi
2505318700609100004,1861.271728515625,15,Chenxi
2505318700609100005,3155.27294921875,15,Chenxi
2505318700609100006,1517.0177001953125,15,Chenxi
2505318700609100007,4072.11328125,15,Chenxi
2505318700609100008,6442.82666015625,15,Chenxi
2505318700609100009,7340.96240234375,15,Chenxi
2505318700611100005,4326.1796875,18,Chenxi
2505318700611100006,2750.218505859375,18,Chenxi
2505318700611100007,3981.2666015625,18,Chenxi
2505318700611100008,4726.95751953125,18,Chenxi
2505318700611100009,6777.37060546875,18,Chenxi
2505318700611100010,4425.74658203125,18,Chenxi
2505318700611100011,5438.25048828125,18,Chenxi
2505318700611100012,4670.18603515625,18,Chenxi
2505318700611100013,7667.04296875,18,Chenxi
2505318700611100014,2994.356201171875,18,Chenxi
2505318700611100015,5280.4228515625,18,Chenxi
2505318700611100016,9856.8681640625,18,Chenxi
2505318700611100017,2415.27978515625,18,Chenxi
2505318700611100018,6090.6337890625,18,Chenxi
2505318700611100019,3964.005615234375,18,Chenxi
2505318700612100001,4636.72265625,18,Chenxi
2505318700612100002,9726.78515625,18,Chenxi
2505318700612100003,5038.71533203125,18,Chenxi
2505318700612100004,2853.98193359375,18,Chenxi
2505318700612100005,10281.1552734375,18,Chenxi
2505318700612100006,5001.17236328125,18,Chenxi
2505318700612100007,6727.31982421875,18,Chenxi
2505318700612100008,3712.6240234375,18,Chenxi
2505318700612100009,3591.633544921875,18,Chenxi
2505318700612100010,5247.05224609375,18,Chenxi
2505318700612100011,4327.130859375,18,Chenxi
2505318700612100012,3298.978515625,18,Chenxi
2505318700612100013,5054.96875,18,Chenxi
2505318700612100014,7864.94482421875,18,Chenxi
2505318700612100015,4601.23095703125,18,Chenxi
2505318700612100016,5394.89501953125,18,Chenxi
2505318700612100017,5345.28857421875,18,Chenxi
2505318700612100018,2029.6866455078125,18,Chenxi
2505318700612100019,5136.94091796875,18,Chenxi
2505318700612100020,3743.753662109375,18,Chenxi
2505318700612100021,4365.77197265625,18,Chenxi
2505318700612100022,2592.6279296875,18,Chenxi
2505318700612100023,5651.76806640625,18,Chenxi
2505318700612100024,5974.31005859375,18,Chenxi
2505318700612100025,9857.015625,18,Chenxi
2505318700612100026,4151.763671875,18,Chenxi
2505318700612100027,4667.11376953125,18,Chenxi
2505318700612100028,2277.69384765625,18,Chenxi
2505318700612100029,2639.941162109375,18,Chenxi
2505318700612100031,3896.92041015625,18,Chenxi
2505318700612100032,5970.8525390625,18,Chenxi
2505318700612100034,3639.615478515625,18,Chenxi
2505318700612100035,4845.990234375,18,Chenxi
2505318700612100036,1716.8929443359375,18,Chenxi
2505318700612100037,6757.29052734375,18,Chenxi
2505318700612100038,4751.14794921875,18,Chenxi
2505318700612100039,6031.22802734375,18,Chenxi
2505318700612100040,4239.09814453125,18,Chenxi
2505318700612100041,3473.884765625,18,Chenxi
2505318700612100042,7730.4873046875,18,Chenxi
2505318700612100043,3364.36328125,18,Chenxi
2505318700613100001,3542.38232421875,18,Chenxi
2505318700613100005,3052.045166015625,18,Chenxi
2505318700613100006,2834.52978515625,18,Chenxi
2505318700613100007,3479.4013671875,18,Chenxi
2505318700613100008,4822.3095703125,18,Chenxi
2505318700613100009,5492.51611328125,18,Chenxi
2505318700613100010,5108.97900390625,18,Chenxi
2505318700613100011,2741.2099609375,18,Chenxi
2505318700613100012,4265.5107421875,18,Chenxi
2505318700613100014,3995.3154296875,18,Chenxi
2505318700613100015,1991.01025390625,18,Chenxi
2505318700613100016,3427.613525390625,18,Chenxi
2505318700613100017,4737.88330078125,18,Chenxi
2505318700613100018,2449.475830078125,18,Chenxi
2505318700613100019,4864.34619140625,18,Chenxi
2505318700613100020,6554.607421875,18,Chenxi
2505318700613100021,8233.4248046875,18,Chenxi
2505318700613100022,18604.447265625,18,Chenxi
2505318700613100025,3709.697509765625,18,Chenxi
2505318700613100026,2732.733642578125,18,Chenxi
2505318700613100027,3502.32080078125,18,Chenxi
2505318700613100028,4450.271484375,18,Chenxi
2505318700613100029,6643.0234375,18,Chenxi
2505318700613100030,2370.66259765625,18,Chenxi
2505318700613100031,2857.2880859375,18,Chenxi
2505318700613100032,2619.716064453125,18,Chenxi
2505318700613100034,4010.608154296875,18,Chenxi
2505318700613100035,2992.229248046875,18,Chenxi
2505318700613100036,6351.66943359375,18,Chenxi
2505318700613100037,3476.4873046875,18,Chenxi
2505318700613100038,5636.36474609375,18,Chenxi
2505318700613100039,7123.26708984375,18,Chenxi
2505318700613100041,4906.6474609375,18,Chenxi
2505318700613100042,2525.088134765625,18,Chenxi
2505318700613100044,3748.80322265625,18,Chenxi
2505318700613100045,5199.34423828125,18,Chenxi
2505318700613100046,4104.240234375,18,Chenxi
2505318700613100047,2631.74072265625,18,Chenxi
2505318700613100048,2533.96826171875,18,Chenxi
2505318700613100049,4142.61962890625,18,Chenxi
2505318700613100050,7004.44091796875,18,Chenxi
2505318700613100051,2173.447265625,18,Chenxi
2505318700613100052,3389.43115234375,18,Chenxi
2505318700614100003,3958.09326171875,18,Chenxi
2505318700614100004,3122.390625,18,Chenxi
2505318700614100005,7499.3046875,18,Chenxi
2505318700614100006,2577.213134765625,18,Chenxi
2505318700614100007,5337.9228515625,18,Chenxi
2505318700614100008,4214.1630859375,18,Chenxi
2505318700614100010,7717.07275390625,18,Chenxi
2505318700614100011,2785.793212890625,18,Chenxi
2505318700614100012,4314.21435546875,18,Chenxi
2505318700614100014,2159.158203125,18,Chenxi
2505318700620100006,5439.83447265625,1,Chenxi
2505318700620100007,3661.950439453125,1,Chenxi
2505318700620100008,6015.55126953125,1,Chenxi
2505318700620100009,5793.56005859375,1,Chenxi
2505318700620100010,3354.9521484375,1,Chenxi
2505318700620100011,2115.334228515625,1,Chenxi
2505318700620100012,2824.2802734375,1,Chenxi
2505318700620100013,9867.9306640625,1,Chenxi
2505318700620100015,5327.9638671875,1,Chenxi
2505318700620100016,1819.010986328125,1,Chenxi
2505318700620100017,1711.7977294921875,1,Chenxi
2505318700620100018,4193.6689453125,1,Chenxi
2505318700620100019,5166.90283203125,1,Chenxi
2505318700620100020,2583.673583984375,1,Chenxi
2505318700620100021,2241.033935546875,1,Chenxi
2505318700620100022,8186.12255859375,1,Chenxi
2505318700620100024,3291.31884765625,1,Chenxi
2505318700620100025,6736.59033203125,1,Chenxi
2505318700620100026,5267.03662109375,1,Chenxi
2505318700620100027,2522.20361328125,1,Chenxi
2505318700620100029,10264.4365234375,1,Chenxi
2505318700620100030,7777.32666015625,1,Chenxi
2505318700621100005,932.0385131835938,1,Chenxi
2505318700621100006,7241.12548828125,1,Chenxi
2505318700621100007,2077.33984375,1,Chenxi
2505318700621100008,2861.147705078125,1,Chenxi
2505318700621100009,1727.696533203125,1,Chenxi
2505318700621100010,1053.8870849609375,1,Chenxi
2505318700621100011,2113.23583984375,1,Chenxi
2505318700621100012,4086.199462890625,1,Chenxi
2505318700621100013,5240.50341796875,1,Chenxi
2505318700621100014,6664.15283203125,1,Chenxi
2505318700621100015,3147.567138671875,1,Chenxi
2505318700621100016,4056.239990234375,1,Chenxi
2505318700621100017,8273.47265625,1,Chenxi
2505318700621100018,4200.66357421875,1,Chenxi
2505318700622100002,5230.7744140625,1,Chenxi
2505318700622100004,2354.297119140625,1,Chenxi
2505318700622100005,2987.71484375,1,Chenxi
2505318700622100006,2789.063232421875,1,Chenxi
2505318700625100001,1558.7874755859375,7,Chenxi
2505318700625100002,3845.56884765625,7,Chenxi
2505318700625100003,9146.8525390625,7,Chenxi
2505318700625100005,5257.68017578125,7,Chenxi
2505318700625100006,3031.2060546875,7,Chenxi
2505318700626100003,3367.77783203125,7,Chenxi
2505318700626100004,6842.01513671875,7,Chenxi
2505318700626100005,3310.11474609375,7,Chenxi
2505318700626100006,4155.9228515625,7,Chenxi
2505318700626100007,3967.43701171875,7,Chenxi
2505318700626100008,5403.85205078125,7,Chenxi
2505318700626100009,2699.5693359375,7,Chenxi
2505318700626100010,13546.2333984375,7,Chenxi
2505318700626100011,3428.70849609375,7,Chenxi
2505318700626100012,8928.0302734375,7,Chenxi
2505318700626100013,5646.35009765625,7,Chenxi
2505318700626100014,4458.62255859375,7,Chenxi
2505318700626100015,4975.98486328125,7,Chenxi
2505318700626100016,3979.1162109375,7,Chenxi
2505318700626100017,5124.30419921875,7,Chenxi
2505318700626100018,6938.54296875,7,Chenxi
2505318700630100003,5596.89404296875,10,Chenxi
2505318700630100004,4157.93701171875,10,Chenxi
2505318700630100005,5571.99951171875,10,Chenxi
2505318700630100006,4395.70361328125,10,Chenxi
2505318700631100001,4175.05517578125,10,Chenxi
2505318700631100003,4837.74169921875,10,Chenxi
2505318700631100004,4689.03125,10,Chenxi
2505318700640100003,5448.119140625,18,Chenxi
2505318700640100005,3021.53369140625,18,Chenxi
2505318700640100006,7036.30810546875,18,Chenxi
2505318700640100007,3730.413818359375,18,Chenxi
2505318700640100008,5132.64697265625,18,Chenxi
2505318700640100009,8933.431640625,18,Chenxi
2505318700640100010,5160.119140625,18,Chenxi
2505318700640100011,5876.8291015625,18,Chenxi
2505318700640100012,2012.4002685546875,18,Chenxi
2505318700640100013,4393.478515625,18,Chenxi
2505318700640100014,4356.45166015625,18,Chenxi
2505318700640100015,2695.513916015625,18,Chenxi
2505318700640100016,6211.6513671875,18,Chenxi
2505318700640100017,3960.990478515625,18,Chenxi
2505318700640100018,1478.1500244140625,18,Chenxi
2505318700640100019,4660.83251953125,18,Chenxi
2505318700640100021,4061.7060546875,18,Chenxi
2505318700641100002,2902.535888671875,18,Chenxi
2505318700641100003,3609.006591796875,18,Chenxi
2505318700641100004,3021.458740234375,18,Chenxi
2505318700641100005,4190.77978515625,18,Chenxi
2505318700641100006,5427.84814453125,18,Chenxi
2505318700641100007,4071.595947265625,18,Chenxi
2505318700641100008,3445.291748046875,18,Chenxi
2505318700641100010,4036.194091796875,18,Chenxi
2505318700641100011,3523.189208984375,18,Chenxi
2505318700641100012,5737.15673828125,18,Chenxi
2505318700641100013,4594.1337890625,18,Chenxi
2505318700641100014,5513.5546875,18,Chenxi
2505318700641100015,4104.57373046875,18,Chenxi
2505318700641100016,3518.423095703125,18,Chenxi
2505318700641100017,6195.2314453125,18,Chenxi
2505318700641100018,8465.78125,18,Chenxi
2505318700641100019,5308.47802734375,18,Chenxi
2505318700641100020,6620.609375,18,Chenxi
2505318700641100021,5738.8310546875,18,Chenxi
2505318700641100022,4073.96337890625,18,Chenxi
2505318700676100002,4972.72607421875,2,Chenxi
2505318700676100003,3762.177734375,2,Chenxi
2505318700676100004,2573.676025390625,2,Chenxi
2505318700676100005,3154.68798828125,2,Chenxi
2505318700676100006,3848.87646484375,2,Chenxi
2505318700676100007,6408.45703125,2,Chenxi
2505318700676100009,5386.4765625,2,Chenxi
2505318700676100010,5202.724609375,2,Chenxi
2505318700676100011,6296.59912109375,2,Chenxi
2505318700676100012,2147.956787109375,2,Chenxi
2505318700676100013,2460.0361328125,2,Chenxi
2505318700676100015,1897.56640625,2,Chenxi
2505318700676100016,2172.295166015625,2,Chenxi
2505318700676100017,5913.0966796875,2,Chenxi
2505318700676100018,1492.8914794921875,2,Chenxi
2505318700676100019,7726.9873046875,2,Chenxi
2505318700676100020,5845.7314453125,2,Chenxi
2505318700676100021,1788.191650390625,2,Chenxi
2505318700676100022,2099.967529296875,2,Chenxi
2505318700676100023,7981.38720703125,2,Chenxi
2505318700676100024,6386.28125,2,Chenxi
2505318700676100025,7466.7646484375,2,Chenxi
2505318700676100026,4702.23828125,2,Chenxi
2505318700676100027,2776.43505859375,2,Chenxi
2505318700676100028,3541.16357421875,2,Chenxi
2505318700676100029,2355.95849609375,2,Chenxi
2505318700676100030,3513.17529296875,2,Chenxi
2505318700677100001,5518.54638671875,2,Chenxi
2505318700677100002,3972.614013671875,2,Chenxi
2505318700677100003,4317.2646484375,2,Chenxi
2505318700677100004,4240.046875,2,Chenxi
2505318700677100005,3568.11474609375,2,Chenxi
2505318700677100006,1443.0125732421875,2,Chenxi
2505318700677100007,4999.27099609375,2,Chenxi
2505318700677100008,6807.1455078125,2,Chenxi
2505318700677100009,3880.655517578125,2,Chenxi
2505318700677100010,3576.76611328125,2,Chenxi
2505318700677100011,3123.67578125,2,Chenxi
2505318700677100012,1921.05224609375,2,Chenxi
2505318700677100013,2490.47509765625,2,Chenxi
2505318700677100014,4761.92529296875,2,Chenxi
2505318700677100015,5957.3115234375,2,Chenxi
2505318700677100016,6886.91162109375,2,Chenxi
2505318700677100017,7675.97265625,2,Chenxi
2505318700677100018,2302.55322265625,2,Chenxi
2505318700677100019,2361.878173828125,2,Chenxi
2505318700677100020,2581.7958984375,2,Chenxi
2505318700677100021,3381.138916015625,2,Chenxi
2505318700677100022,3948.778076171875,2,Chenxi
2505318700677100023,4230.31689453125,2,Chenxi
2505318700677100024,2461.01806640625,2,Chenxi
2505318700677100025,6964.9169921875,2,Chenxi
2505318700677100026,4440.14794921875,2,Chenxi
2505318700677100027,3026.05078125,2,Chenxi
2505318700677100028,4519.111328125,2,Chenxi
2505318700677100029,5767.04443359375,2,Chenxi
2505318700677100030,1466.7518310546875,2,Chenxi
2505318700677100031,10337.2197265625,2,Chenxi
2505318700677100032,3857.46484375,2,Chenxi
2505318700677100033,5347.03564453125,2,Chenxi
2505318700677100034,4134.01953125,2,Chenxi
2505318700677100035,4636.3193359375,2,Chenxi
2505318700677100036,1662.81103515625,2,Chenxi
2505318700677100037,6193.98388671875,2,Chenxi
2505318700677100038,3127.666748046875,2,Chenxi
2505318700677100039,5184.646484375,2,Chenxi
2505318700677100040,5168.1611328125,2,Chenxi
2505318700677100042,5789.93798828125,2,Chenxi
2505318700677100043,7691.9150390625,2,Chenxi
2505318700677100044,5820.11083984375,2,Chenxi
2505318700677100045,3349.130615234375,2,Chenxi
2505318700677100046,2233.8798828125,2,Chenxi
2505318700677100048,2336.657958984375,2,Chenxi
2505318700677100049,2856.50830078125,2,Chenxi
2505318700677100050,4519.9970703125,2,Chenxi
2505318700677100052,4908.8271484375,2,Chenxi
2505318700677100053,2972.719482421875,2,Chenxi
2505318700677100054,1616.080322265625,2,Chenxi
2505318700677100055,4068.0400390625,2,Chenxi
2505318700678100002,2998.0458984375,2,Chenxi
2505318700678100003,4027.0068359375,2,Chenxi
2505318700678100005,5445.884765625,2,Chenxi
2505318700678100006,3386.565185546875,2,Chenxi
2505318700678100007,4861.755859375,2,Chenxi
2505318700678100008,3156.60595703125,2,Chenxi
2505318700678100009,3522.5361328125,2,Chenxi
2505318700678100011,7154.59375,2,Chenxi
2505318700678100012,3122.193115234375,2,Chenxi
2505318700678100013,3247.797607421875,2,Chenxi
2505318700678100014,3671.47314453125,2,Chenxi
2505318700678100015,2956.7314453125,2,Chenxi
2505318700678100017,2892.071044921875,2,Chenxi
2505318700678100018,3848.853271484375,2,Chenxi
2505318700678100019,4209.36083984375,2,Chenxi
2505318700678100020,3790.682373046875,2,Chenxi
2505318700678100021,3279.111572265625,2,Chenxi
2505318700678100022,3668.617919921875,2,Chenxi
2505318700678100023,3446.382080078125,2,Chenxi
2505318700678100024,8091.57275390625,2,Chenxi
2505318700678100025,4419.431640625,2,Chenxi
2505318700678100026,4443.5546875,2,Chenxi
2505318700678100027,4304.755859375,2,Chenxi
2505318700682100001,4960.17041015625,6,Chenxi
2505318700682100002,1617.31982421875,6,Chenxi
2505318700682100003,4453.7880859375,6,Chenxi
2505318700682100004,4693.30126953125,6,Chenxi
2505318700682100005,3924.3076171875,6,Chenxi
2505318700682100006,3496.467041015625,6,Chenxi
2505318700682100007,4729.6259765625,6,Chenxi
2505318700682100008,3297.38720703125,6,Chenxi
2505318700682100009,4282.7958984375,6,Chenxi
2505318700682100010,5929.390625,6,Chenxi
2505318700682100011,5803.79833984375,6,Chenxi
2505318700682100012,8384.505859375,6,Chenxi
2505318700682100013,2863.69580078125,6,Chenxi
2505318700682100014,12842.564453125,6,Chenxi
2505318700682100015,11525.0927734375,6,Chenxi
2505318700682100016,4760.767578125,6,Chenxi
2505318700683100003,4534.513671875,6,Chenxi
2505318700683100005,7487.603515625,6,Chenxi
2505318700683100006,5109.015625,6,Chenxi
2505318700683100007,6019.9326171875,6,Chenxi
2505318700683100009,5540.1728515625,6,Chenxi
2505318700683100010,1618.1124267578125,6,Chenxi
2505318700686100001,5556.607421875,11,Chenxi
2505318700686100002,1936.947265625,11,Chenxi
2505318700686100003,3276.1279296875,11,Chenxi
2505318700686100004,1949.18798828125,11,Chenxi
2505318700686100005,2912.52490234375,11,Chenxi
2505318700686100006,3445.635009765625,11,Chenxi
2505318700686100007,4556.1220703125,11,Chenxi
2505318700686100008,1212.6142578125,11,Chenxi
2505318700686100009,2539.41015625,11,Chenxi
2505318700686100010,2736.1171875,11,Chenxi
2505318700686100011,1740.75439453125,11,Chenxi
2505318700686100012,3881.313232421875,11,Chenxi
2505318700686100013,5096.19091796875,11,Chenxi
2505318700686100014,4909.86376953125,11,Chenxi
2505318700686100015,5423.04443359375,11,Chenxi
2505318700686100016,2760.7060546875,11,Chenxi
2505318700686100017,7170.919921875,11,Chenxi
2505318700686100018,1565.3643798828125,11,Chenxi
2505318700686100019,6518.1748046875,11,Chenxi
2505318700686100020,14239.978515625,11,Chenxi
2505318700686100021,3143.26416015625,11,Chenxi
2505318700686100022,3580.058349609375,11,Chenxi
2505318700686100023,3050.848876953125,11,Chenxi
2505318700686100024,4102.27197265625,11,Chenxi
2505318700686100025,3368.67236328125,11,Chenxi
2505318700686100026,3354.566162109375,11,Chenxi
2505318700686100028,997.0655517578125,11,Chenxi
2505318700687100002,5330.83251953125,11,Chenxi
2505318700687100004,4792.85498046875,11,Chenxi
2505318700687100005,6714.52978515625,11,Chenxi
2505318700687100006,1463.4613037109375,11,Chenxi
2505318700687100007,3518.424072265625,11,Chenxi
2505318700687100008,4229.158203125,11,Chenxi
2505318700687100009,4040.87548828125,11,Chenxi
2505318700687100010,3669.6484375,11,Chenxi
2505318700687100011,2164.062255859375,11,Chenxi
2505318700687100012,4869.13330078125,11,Chenxi
2505318700687100013,3157.634521484375,11,Chenxi
2505318700687100014,7481.3662109375,11,Chenxi
2505318700687100015,4477.0400390625,11,Chenxi
2505318700687100016,2688.0859375,11,Chenxi
2505318700687100017,4030.775146484375,11,Chenxi
2505318700687100018,4666.2001953125,11,Chenxi
2505318700687100019,4293.7412109375,11,Chenxi
2505318700687100020,2972.015869140625,11,Chenxi
2505318700687100021,4218.07080078125,11,Chenxi
2505318700687100022,3988.46630859375,11,Chenxi
2505318700687100023,5982.1162109375,11,Chenxi
2505318700687100024,4813.9443359375,11,Chenxi
2505318700687100025,6279.607421875,11,Chenxi
2505318700687100026,5448.11181640625,11,Chenxi
2505318700687100027,8348.6484375,11,Chenxi
2505318700687100028,1916.934814453125,11,Chenxi
2505318700687100029,1137.73193359375,11,Chenxi
2505318700687100031,8891.7216796875,11,Chenxi
2505318700687100032,4831.28662109375,11,Chenxi
2505318700688100005,13197.9765625,11,Chenxi
2505318700688100006,3257.177001953125,11,Chenxi
2505318700688100008,7425.521484375,11,Chenxi
2505318700688100009,3978.76220703125,11,Chenxi
2505318700688100010,6610.43408203125,11,Chenxi
2505318700688100011,8081.83984375,11,Chenxi
2505318700688100012,2333.71044921875,11,Chenxi
2505318700691100003,4120.04638671875,16,Chenxi
2505318700691100004,5326.912109375,16,Chenxi
2505318700691100005,5169.107421875,16,Chenxi
2505318700691100006,5203.87548828125,16,Chenxi
2505318700691100007,4917.74609375,16,Chenxi
2505318700691100008,3621.915771484375,16,Chenxi
2505318700691100009,4291.90185546875,16,Chenxi
2505318700691100010,7040.4140625,16,Chenxi
2505318700691100011,8854.173828125,16,Chenxi
2505318700691100012,5123.5927734375,16,Chenxi
2505318700691100013,3900.132080078125,16,Chenxi
2505318700691100014,3862.732177734375,16,Chenxi
2505318700691100015,5024.41552734375,16,Chenxi
2505318700691100016,2813.251953125,16,Chenxi
2505318700691100017,6836.10302734375,16,Chenxi
2505318700691100018,4035.01025390625,16,Chenxi
2505318700691100019,5698.3349609375,16,Chenxi
2505318700691100020,4260.005859375,16,Chenxi
2505318700691100021,4496.44091796875,16,Chenxi
2505318700691100023,2853.0390625,16,Chenxi
2505318700691100024,2286.10400390625,16,Chenxi
2505318700691100025,5956.51904296875,16,Chenxi
2505318700691100026,5017.95361328125,16,Chenxi
2505318700691100027,2497.688720703125,16,Chenxi
2505318700691100028,3121.483154296875,16,Chenxi
2505318700691100029,3557.4326171875,16,Chenxi
2505318700691100031,4337.197265625,16,Chenxi
2505318700692100006,9991.095703125,16,Chenxi
2505318700692100007,3486.930908203125,16,Chenxi
2505318700692100008,4183.796875,16,Chenxi
2505318700692100009,4466.4521484375,16,Chenxi
2505318700692100010,3787.732177734375,16,Chenxi
2505318700692100011,3739.005615234375,16,Chenxi
2505318700692100012,3834.301025390625,16,Chenxi
2505318700692100013,3136.3642578125,16,Chenxi
2505318700692100014,2009.314697265625,16,Chenxi
2505318700692100016,1512.2137451171875,16,Chenxi
2505318700692100017,2593.8408203125,16,Chenxi
2505318700692100018,4570.0009765625,16,Chenxi
2505318700692100019,6147.306640625,16,Chenxi
2505318700692100020,3418.0810546875,16,Chenxi
2505318700692100021,2537.958984375,16,Chenxi
2505318700692100022,3259.42431640625,16,Chenxi
2505318700692100023,4943.759765625,16,Chenxi
2505318700692100024,5546.22314453125,16,Chenxi
2505318700692100025,2947.265625,16,Chenxi
2505318700692100026,1975.3602294921875,16,Chenxi
2505318700692100027,1806.5667724609375,16,Chenxi
2505318700692100028,2952.89013671875,16,Chenxi
2505318700692100029,5157.7060546875,16,Chenxi
2505318700692100030,4286.59130859375,16,Chenxi
2505318700692100031,4573.9951171875,16,Chenxi
2505318700692100032,3021.38818359375,16,Chenxi
2505318700692100033,7856.638671875,16,Chenxi
2505318700692100034,7005.16162109375,16,Chenxi
2505318700692100035,5137.29443359375,16,Chenxi
2505318700692100036,2091.88623046875,16,Chenxi
2505318700692100037,7759.03466796875,16,Chenxi
2505318700692100038,8506.2041015625,16,Chenxi
2505318700692100039,4846.61865234375,16,Chenxi
2505318700692100040,3072.174072265625,16,Chenxi
2505318700692100041,3144.806884765625,16,Chenxi
2505318700692100042,5841.1494140625,16,Chenxi
2505318700692100043,4523.81689453125,16,Chenxi
2505318700692100044,6336.2578125,16,Chenxi
2505318700692100045,5673.947265625,16,Chenxi
2505318700692100046,5435.66064453125,16,Chenxi
2505318700692100047,5207.015625,16,Chenxi
2505318700692100048,2478.848876953125,16,Chenxi
2505318700692100049,4112.7900390625,16,Chenxi
2505318700692100050,1727.954345703125,16,Chenxi
2505318700692100052,2610.5478515625,16,Chenxi
2505318700692100053,3320.115966796875,16,Chenxi
2505318700692100054,5837.07177734375,16,Chenxi
2505318700692100055,8288.1923828125,16,Chenxi
2505318700692100056,9161.9697265625,16,Chenxi
2505318700692100057,2348.296630859375,16,Chenxi
2505318700692100058,6166.193359375,16,Chenxi
2505318700692100060,6927.046875,16,Chenxi
2505318700692100061,2610.185302734375,16,Chenxi
2505318700692100062,4513.69140625,16,Chenxi
2505318700692100063,6073.21484375,16,Chenxi
2505318700692100064,3995.650146484375,16,Chenxi
2505318700692100065,2837.848388671875,16,Chenxi
2505318700692100066,4457.5390625,16,Chenxi
2505318700692100067,3224.02978515625,16,Chenxi
2505318700692100068,2674.96337890625,16,Chenxi
2505318700692100069,4029.128173828125,16,Chenxi
2505318700692100070,6508.38671875,16,Chenxi
2505318700692100071,3376.455810546875,16,Chenxi
2505318700693100004,3755.52587890625,16,Chenxi
2505318700693100007,3308.30419921875,16,Chenxi
2505318700693100008,5795.2236328125,16,Chenxi
2505318700693100009,4367.48193359375,16,Chenxi
2505318700693100010,2410.042724609375,16,Chenxi
2505318700693100011,8044.2919921875,16,Chenxi
2505318700693100012,3906.5576171875,16,Chenxi
2505318700693100014,4425.3037109375,16,Chenxi
2505318700693100015,5093.71875,16,Chenxi
2505318700693100016,3449.515869140625,16,Chenxi
2505318700693100017,6227.1630859375,16,Chenxi
2505318700693100018,2292.774169921875,16,Chenxi
2505318700693100020,2060.29541015625,16,Chenxi
2505318700697100001,6715.4404296875,19,Chenxi
2505318700697100002,5177.18505859375,19,Chenxi
2505318700697100003,6237.32177734375,19,Chenxi
2505318700697100004,3239.458251953125,19,Chenxi
2505318700697100005,3762.740234375,19,Chenxi
2505318700697100006,5464.37939453125,19,Chenxi
2505318700697100007,5122.59375,19,Chenxi
2505318700697100008,1874.9674072265625,19,Chenxi
2505318700703100002,2022.4776611328125,2,Chenxi
2505318700703100003,4436.86669921875,2,Chenxi
2505318700704100004,4662.21728515625,2,Chenxi
2505318700704100005,5649.45166015625,2,Chenxi
2505318700704100006,3453.5458984375,2,Chenxi
2505318700704100007,5679.77880859375,2,Chenxi
2505318700704100008,2865.61669921875,2,Chenxi
2505318700704100009,6803.22705078125,2,Chenxi
2505318700704100010,3525.013671875,2,Chenxi
2505318700704100011,8975.7568359375,2,Chenxi
2505318700704100012,3108.31298828125,2,Chenxi
2505318700704100013,9753.0546875,2,Chenxi
2505318700704100014,3756.3212890625,2,Chenxi
2505318700704100015,5790.78125,2,Chenxi
2505318700704100016,2630.7626953125,2,Chenxi
2505318700704100017,5290.4775390625,2,Chenxi
2505318700704100018,5258.046875,2,Chenxi
2505318700704100019,3571.244384765625,2,Chenxi
2505318700704100020,6476.32470703125,2,Chenxi
2505318700704100021,3673.6640625,2,Chenxi
2505318700704100022,4435.03857421875,2,Chenxi
2505318700704100023,3184.584228515625,2,Chenxi
2505318700704100024,3124.2353515625,2,Chenxi
2505318700704100025,2242.61962890625,2,Chenxi
2505318700704100026,8027.76416015625,2,Chenxi
2505318700704100027,6162.2705078125,2,Chenxi
2505318700704100028,3832.6640625,2,Chenxi
2505318700704100029,5043.1923828125,2,Chenxi
2505318700704100030,2064.45703125,2,Chenxi
2505318700704100032,3505.53515625,2,Chenxi
2505318700704100033,4166.78125,2,Chenxi
2505318700704100034,9175.8515625,2,Chenxi
2505318700704100035,8736.421875,2,Chenxi
2505318700704100036,4691.1220703125,2,Chenxi
2505318700704100037,5342.0009765625,2,Chenxi
2505318700704100038,3721.515380859375,2,Chenxi
2505318700704100039,3261.280517578125,2,Chenxi
2505318700704100040,4437.03125,2,Chenxi
2505318700704100041,3728.048828125,2,Chenxi
2505318700704100042,3876.82373046875,2,Chenxi
2505318700704100043,9037.7685546875,2,Chenxi
2505318700704100044,775.8661499023438,2,Chenxi
2505318700704100045,2656.731201171875,2,Chenxi
2505318700704100046,5674.44287109375,2,Chenxi
2505318700704100047,7135.6181640625,2,Chenxi
2505318700704100048,14567.83984375,2,Chenxi
2505318700704100049,2713.397216796875,2,Chenxi
2505318700704100050,7136.58642578125,2,Chenxi
2505318700704100051,7919.80908203125,2,Chenxi
2505318700704100052,1522.231689453125,2,Chenxi
2505318700704100053,3745.23583984375,2,Chenxi
2505318700704100055,5307.79296875,2,Chenxi
2505318700705100003,5692.9501953125,2,Chenxi
2505318700705100004,7241.29296875,2,Chenxi
2505318700705100006,5999.02685546875,2,Chenxi
2505318700705100008,3219.129150390625,2,Chenxi
2505318700705100009,7907.3349609375,2,Chenxi
2505318700705100010,2753.189697265625,2,Chenxi
2505318700705100011,4060.303955078125,2,Chenxi
2505318700706100002,3634.093505859375,2,Chenxi
2505318700706100004,6066.009765625,2,Chenxi
2505318700706100005,2228.324462890625,2,Chenxi
2505318700706100006,5913.7158203125,2,Chenxi
2505318700706100007,1910.5880126953125,2,Chenxi
2505318700706100008,3851.469482421875,2,Chenxi
2505318700706100009,4055.7060546875,2,Chenxi
2505318700706100010,1758.8924560546875,2,Chenxi
2505318700706100011,2530.07568359375,2,Chenxi
2505318700706100012,3262.049072265625,2,Chenxi
2505318700706100013,6626.2060546875,2,Chenxi
2505318700706100014,1836.126708984375,2,Chenxi
2505318700706100015,4677.02978515625,2,Chenxi
2505318700706100016,6789.66748046875,2,Chenxi
2505318700706100017,2520.892578125,2,Chenxi
2505318700706100018,3746.88037109375,2,Chenxi
2505318700706100019,1996.0506591796875,2,Chenxi
2505318700706100020,5088.16015625,2,Chenxi
2505318700706100021,4555.935546875,2,Chenxi
2505318700706100022,3320.080078125,2,Chenxi
2505318700706100023,2343.5263671875,2,Chenxi
2505318700706100024,5006.81640625,2,Chenxi
2505318700706100025,2543.609130859375,2,Chenxi
2505318700706100026,2728.7666015625,2,Chenxi
2505318700706100027,2534.802734375,2,Chenxi
2505318700706100028,1744.4910888671875,2,Chenxi
2505318700706100029,3957.266357421875,2,Chenxi
2505318700706100030,4688.34521484375,2,Chenxi
2505318700706100031,2419.2646484375,2,Chenxi
2505318700706100032,3842.69287109375,2,Chenxi
2505318700706100034,3673.0927734375,2,Chenxi
2505318700706100036,5700.52783203125,2,Chenxi
2505318700706100037,6179.77783203125,2,Chenxi
2505318700706100038,5151.29931640625,2,Chenxi
2505318700706100039,4067.9716796875,2,Chenxi
2505318700706100040,3632.39501953125,2,Chenxi
2505318700706100041,3499.636474609375,2,Chenxi
2505318700706100042,5343.7431640625,2,Chenxi
2505318700706100043,4690.4931640625,2,Chenxi
2505318700707100007,7467.7666015625,2,Chenxi
2505318700707100008,1799.983642578125,2,Chenxi
2505318700707100010,2487.68994140625,2,Chenxi
2505318700709100001,5849.2138671875,6,Chenxi
2505318700709100002,7562.44921875,6,Chenxi
2505318700709100003,2245.199462890625,6,Chenxi
2505318700709100004,4255.96875,6,Chenxi
2505318700709100005,1911.0169677734375,6,Chenxi
2505318700709100006,4313.68896484375,6,Chenxi
2505318700709100007,6351.91064453125,6,Chenxi
2505318700709100008,6835.86279296875,6,Chenxi
2505318700709100009,3064.955078125,6,Chenxi
2505318700709100010,5328.2275390625,6,Chenxi
2505318700709100011,4160.1748046875,6,Chenxi
2505318700709100012,2808.161865234375,6,Chenxi
2505318700709100013,5388.8310546875,6,Chenxi
2505318700709100014,4886.97216796875,6,Chenxi
2505318700709100015,6290.0185546875,6,Chenxi
2505318700709100016,3473.554931640625,6,Chenxi
2505318700710100002,9968.533203125,6,Chenxi
2505318700710100003,6845.75390625,6,Chenxi
2505318700710100004,2440.08056640625,6,Chenxi
2505318700710100005,3481.95458984375,6,Chenxi
2505318700711100007,6778.4169921875,6,Chenxi
2505318700711100008,4234.55859375,6,Chenxi
2505318700711100009,6267.11572265625,6,Chenxi
2505318700711100010,4087.089111328125,6,Chenxi
2505318700711100011,6109.265625,6,Chenxi
2505318700711100012,4601.49560546875,6,Chenxi
2505318700711100013,7467.80859375,6,Chenxi
2505318700711100014,4971.7138671875,6,Chenxi
2505318700711100015,4946.4921875,6,Chenxi
2505318700711100016,5540.86328125,6,Chenxi
2505318700711100017,1353.128173828125,6,Chenxi
2505318700711100018,5222.0859375,6,Chenxi
2505318700711100020,7871.958984375,6,Chenxi
2505318700711100021,2332.290283203125,6,Chenxi
2505318700711100022,4100.353515625,6,Chenxi
2505318700711100023,3137.02783203125,6,Chenxi
2505318700711100024,3394.5517578125,6,Chenxi
2505318700711100025,8995.98828125,6,Chenxi
2505318700711100026,5009.77880859375,6,Chenxi
2505318700711100027,6312.6748046875,6,Chenxi
2505318700711100028,4647.705078125,6,Chenxi
2505318700711100029,4547.296875,6,Chenxi
2505318700711100030,6896.89111328125,6,Chenxi
2505318700711100031,4408.34326171875,6,Chenxi
2505318700711100032,5425.5830078125,6,Chenxi
2505318700711100033,1926.5224609375,6,Chenxi
2505318700711100034,9250.705078125,6,Chenxi
2505318700711100035,4899.677734375,6,Chenxi
2505318700711100036,7101.62451171875,6,Chenxi
2505318700711100037,4942.49755859375,6,Chenxi
2505318700711100038,4548.63623046875,6,Chenxi
2505318700711100039,4640.09326171875,6,Chenxi
2505318700711100040,7545.83935546875,6,Chenxi
2505318700711100041,3518.69482421875,6,Chenxi
2505318700711100042,12138.732421875,6,Chenxi
2505318700711100043,4679.52001953125,6,Chenxi
2505318700711100044,1824.16748046875,6,Chenxi
2505318700711100045,3294.34423828125,6,Chenxi
2505318700711100046,4080.96435546875,6,Chenxi
2505318700711100047,3431.46630859375,6,Chenxi
2505318700711100048,3714.349853515625,6,Chenxi
2505318700711100049,2388.746826171875,6,Chenxi
2505318700711100050,3059.907958984375,6,Chenxi
2505318700711100051,2509.869384765625,6,Chenxi
2505318700711100052,2698.689453125,6,Chenxi
2505318700711100053,2168.447509765625,6,Chenxi
2505318700711100054,2693.3017578125,6,Chenxi
2505318700711100055,2982.014892578125,6,Chenxi
2505318700711100056,4038.5,6,Chenxi
2505318700711100057,2537.992431640625,6,Chenxi
2505318700711100058,6422.30029296875,6,Chenxi
2505318700711100059,2440.662109375,6,Chenxi
2505318700711100060,2317.025390625,6,Chenxi
2505318700711100061,3399.52978515625,6,Chenxi
2505318700711100062,6526.220703125,6,Chenxi
2505318700711100063,3242.434814453125,6,Chenxi
2505318700711100065,2351.739990234375,6,Chenxi
2505318700711100066,4762.60888671875,6,Chenxi
2505318700711100067,5657.24755859375,6,Chenxi
2505318700711100068,6481.21875,6,Chenxi
2505318700711100069,1943.5408935546875,6,Chenxi
2505318700711100071,2478.751953125,6,Chenxi
2505318700712100008,1395.8330078125,6,Chenxi
2505318700712100009,5301.38232421875,6,Chenxi
2505318700712100010,791.750732421875,6,Chenxi
2505318700713100001,3400.447021484375,11,Chenxi
2505318700713100002,3345.3359375,11,Chenxi
2505318700713100003,3846.256591796875,11,Chenxi
2505318700713100006,6682.42431640625,11,Chenxi
2505318700713100007,6547.76513671875,11,Chenxi
2505318700713100008,3321.7666015625,11,Chenxi
2505318700713100009,2115.890625,11,Chenxi
2505318700713100010,4184.5625,11,Chenxi
2505318700713100011,2668.475830078125,11,Chenxi
2505318700713100012,6265.31787109375,11,Chenxi
2505318700713100013,2843.6298828125,11,Chenxi
2505318700713100014,2810.703857421875,11,Chenxi
2505318700713100015,3021.366943359375,11,Chenxi
2505318700713100016,4435.755859375,11,Chenxi
2505318700713100017,7583.962890625,11,Chenxi
2505318700713100018,6916.953125,11,Chenxi
2505318700713100019,13107.1181640625,11,Chenxi
2505318700713100020,4829.97509765625,11,Chenxi
2505318700714100003,3671.388427734375,11,Chenxi
2505318700714100004,6525.791015625,11,Chenxi
2505318700714100005,4346.64599609375,11,Chenxi
2505318700714100006,7753.5146484375,11,Chenxi
2505318700714100007,6691.51318359375,11,Chenxi
2505318700714100008,5591.34619140625,11,Chenxi
2505318700714100009,3248.98583984375,11,Chenxi
2505318700714100010,6693.00439453125,11,Chenxi
2505318700714100012,5262.4404296875,11,Chenxi
2505318700714100013,3364.20361328125,11,Chenxi
2505318700714100014,6733.11962890625,11,Chenxi
2505318700714100015,6890.72119140625,11,Chenxi
2505318700714100016,5197.77978515625,11,Chenxi
2505318700714100017,5978.10400390625,11,Chenxi
2505318700714100018,5356.02099609375,11,Chenxi
2505318700714100019,5416.52734375,11,Chenxi
2505318700714100021,3099.0556640625,11,Chenxi
2505318700714100022,6199.486328125,11,Chenxi
2505318700714100023,2895.34375,11,Chenxi
2505318700714100024,4885.93310546875,11,Chenxi
2505318700714100025,4490.15771484375,11,Chenxi
2505318700714100026,5125.1123046875,11,Chenxi
2505318700714100027,3893.987060546875,11,Chenxi
2505318700714100028,5266.1220703125,11,Chenxi
2505318700714100029,4048.037353515625,11,Chenxi
2505318700714100030,6154.88623046875,11,Chenxi
2505318700714100031,4652.51123046875,11,Chenxi
2505318700714100032,7793.72509765625,11,Chenxi
2505318700714100034,6349.9052734375,11,Chenxi
2505318700714100035,6379.54736328125,11,Chenxi
2505318700714100036,3621.04345703125,11,Chenxi
2505318700715100001,3506.149169921875,11,Chenxi
2505318700715100002,4267.08056640625,11,Chenxi
2505318700715100003,4103.45703125,11,Chenxi
2505318700715100004,6817.25634765625,11,Chenxi
2505318700715100005,3524.905029296875,11,Chenxi
2505318700715100006,4101.05029296875,11,Chenxi
2505318700715100007,4545.09326171875,11,Chenxi
2505318700715100008,7992.22412109375,11,Chenxi
2505318700715100009,7126.63037109375,11,Chenxi
2505318700715100010,5850.47021484375,11,Chenxi
2505318700715100011,3281.864990234375,11,Chenxi
2505318700715100012,2241.016845703125,11,Chenxi
2505318700715100013,4271.3916015625,11,Chenxi
2505318700716100002,2897.604248046875,11,Chenxi
2505318700716100003,5037.423828125,11,Chenxi
2505318700716100004,3114.72265625,11,Chenxi
2505318700716100005,2739.491455078125,11,Chenxi
2505318700716100006,4395.0234375,11,Chenxi
2505318700716100007,2789.93798828125,11,Chenxi
2505318700716100008,5540.67822265625,11,Chenxi
2505318700716100009,3900.40478515625,11,Chenxi
2505318700716100010,6100.8955078125,11,Chenxi
2505318700716100011,4744.357421875,11,Chenxi
2505318700716100012,6280.82373046875,11,Chenxi
2505318700716100013,6138.43701171875,11,Chenxi
2505318700716100014,6930.740234375,11,Chenxi
2505318700716100015,6176.28955078125,11,Chenxi
2505318700716100016,4170.85107421875,11,Chenxi
2505318700716100017,5657.2314453125,11,Chenxi
2505318700716100018,4874.21533203125,11,Chenxi
2505318700716100019,3617.10107421875,11,Chenxi
2505318700716100020,7732.052734375,11,Chenxi
2505318700716100021,2907.70654296875,11,Chenxi
2505318700716100022,7067.34765625,11,Chenxi
2505318700716100023,4052.41796875,11,Chenxi
2505318700716100024,4050.22998046875,11,Chenxi
2505318700716100025,4495.64306640625,11,Chenxi
2505318700716100026,11603.0830078125,11,Chenxi
2505318700716100027,4631.9970703125,11,Chenxi
2505318700716100028,8793.611328125,11,Chenxi
2505318700716100029,7942.60107421875,11,Chenxi
2505318700716100030,3058.7314453125,11,Chenxi
2505318700716100031,5647.2294921875,11,Chenxi
2505318700716100032,6487.48095703125,11,Chenxi
2505318700716100033,9009.798828125,11,Chenxi
2505318700716100034,9181.4580078125,11,Chenxi
2505318700718100001,5712.93359375,16,Chenxi
2505318700718100002,1715.2508544921875,16,Chenxi
2505318700718100003,5457.82275390625,16,Chenxi
2505318700718100004,6166.96875,16,Chenxi
2505318700718100005,3169.280029296875,16,Chenxi
2505318700718100006,1829.240966796875,16,Chenxi
2505318700718100007,5326.02294921875,16,Chenxi
2505318700718100009,10176.7607421875,16,Chenxi
2505318700718100010,3349.12548828125,16,Chenxi
2505318700718100015,5641.8212890625,16,Chenxi
2505318700719100004,9029.6142578125,16,Chenxi
2505318700719100005,5308.93408203125,16,Chenxi
2505318700719100006,4797.15625,16,Chenxi
2505318700719100007,7454.658203125,16,Chenxi
2505318700719100008,8605.3271484375,16,Chenxi
2505318700719100009,1239.6025390625,16,Chenxi
2505318700719100010,8758.1474609375,16,Chenxi
2505318700719100011,3807.604248046875,16,Chenxi
2505318700719100012,7886.341796875,16,Chenxi
2505318700719100013,3526.89599609375,16,Chenxi
2505318700719100014,3469.9697265625,16,Chenxi
2505318700719100015,3097.390869140625,16,Chenxi
2505318700719100016,2113.617431640625,16,Chenxi
2505318700719100017,2639.429931640625,16,Chenxi
2505318700719100018,3491.8349609375,16,Chenxi
2505318700719100019,2552.922607421875,16,Chenxi
2505318700719100020,2494.635986328125,16,Chenxi
2505318700719100021,1400.1029052734375,16,Chenxi
2505318700719100022,9743.0703125,16,Chenxi
2505318700719100024,3917.515869140625,16,Chenxi
2505318700719100025,3933.67578125,16,Chenxi
2505318700719100026,4445.021484375,16,Chenxi
2505318700719100027,3510.323486328125,16,Chenxi
2505318700719100028,2439.212890625,16,Chenxi
2505318700719100029,1977.62255859375,16,Chenxi
2505318700719100030,2523.705810546875,16,Chenxi
2505318700719100031,1009.8148803710938,16,Chenxi
2505318700719100032,3474.4619140625,16,Chenxi
2505318700719100034,5587.53173828125,16,Chenxi
2505318700719100035,8316.498046875,16,Chenxi
2505318700719100036,2828.1826171875,16,Chenxi
2505318700719100037,2464.048095703125,16,Chenxi
2505318700719100038,3092.90478515625,16,Chenxi
2505318700719100039,3325.155517578125,16,Chenxi
2505318700719100040,7359.62841796875,16,Chenxi
2505318700719100041,9290.732421875,16,Chenxi
2505318700719100042,2191.08837890625,16,Chenxi
2505318700719100043,2533.007080078125,16,Chenxi
2505318700719100045,4541.16162109375,16,Chenxi
2505318700719100046,8577.251953125,16,Chenxi
2505318700719100047,3171.1416015625,16,Chenxi
2505318700719100048,4128.81494140625,16,Chenxi
2505318700719100049,7841.1162109375,16,Chenxi
2505318700719100050,6552.1123046875,16,Chenxi
2505318700719100051,1873.7611083984375,16,Chenxi
2505318700719100052,5841.29541015625,16,Chenxi
2505318700719100053,1981.472900390625,16,Chenxi
2505318700719100055,1995.1707763671875,16,Chenxi
2505318700719100057,1853.471923828125,16,Chenxi
2505318700720100008,6434.22216796875,16,Chenxi
2505318700720100009,3032.85009765625,16,Chenxi
2505318700720100010,3580.2724609375,16,Chenxi
2505318700720100011,2825.413330078125,16,Chenxi
2505318700720100012,2472.07080078125,16,Chenxi
2505318700720100013,5234.5654296875,16,Chenxi
2505318700720100014,3580.847900390625,16,Chenxi
2505318700720100015,18794.623046875,16,Chenxi
2505318700720100016,3080.285888671875,16,Chenxi
2505318700720100017,11012.521484375,16,Chenxi
2505318700720100018,7035.88232421875,16,Chenxi
2505318700720100019,8024.83056640625,16,Chenxi
2505318700720100020,8224.9189453125,16,Chenxi
2505318700720100021,3493.822509765625,16,Chenxi
2505318700720100022,4628.49072265625,16,Chenxi
2505318700720100023,6745.1025390625,16,Chenxi
2505318700720100024,5413.01171875,16,Chenxi
2505318700720100025,3606.9501953125,16,Chenxi
2505318700720100026,1938.6796875,16,Chenxi
2505318700720100027,6929.56103515625,16,Chenxi
2505318700720100028,3324.837646484375,16,Chenxi
2505318700720100029,6528.236328125,16,Chenxi
2505318700720100030,16749.06640625,16,Chenxi
2505318700720100031,6011.8701171875,16,Chenxi
2505318700720100032,2660.102783203125,16,Chenxi
2505318700720100033,3215.825439453125,16,Chenxi
2505318700720100034,5458.736328125,16,Chenxi
2505318700720100035,4197.4453125,16,Chenxi
2505318700720100036,10034.615234375,16,Chenxi
2505318700720100037,5723.54736328125,16,Chenxi
2505318700720100038,1701.4832763671875,16,Chenxi
2505318700720100040,3530.69580078125,16,Chenxi
2505318700720100041,2356.04736328125,16,Chenxi
2505318700720100042,3875.587158203125,16,Chenxi
2505318700720100043,3712.16796875,16,Chenxi
2505318700720100044,3016.029052734375,16,Chenxi
2505318700720100045,7049.68115234375,16,Chenxi
2505318700720100046,2805.07421875,16,Chenxi
2505318700720100047,3547.150634765625,16,Chenxi
2505318700720100048,3030.4375,16,Chenxi
2505318700720100049,1846.077392578125,16,Chenxi
2505318700720100050,4556.666015625,16,Chenxi
2505318700720100051,2386.182373046875,16,Chenxi
2505318700720100052,3395.90087890625,16,Chenxi
2505318700720100053,2563.765869140625,16,Chenxi
2505318700720100054,3639.78173828125,16,Chenxi
2505318700720100055,3673.267822265625,16,Chenxi
2505318700720100056,7801.9130859375,16,Chenxi
2505318700720100057,1662.49658203125,16,Chenxi
2505318700720100058,4204.34521484375,16,Chenxi
2505318700720100059,2071.318359375,16,Chenxi
2505318700720100060,1978.283203125,16,Chenxi
2505318700720100061,1721.7510986328125,16,Chenxi
2505318700721100003,2208.92333984375,16,Chenxi
2505318700721100004,5034.12158203125,16,Chenxi
2505318700721100005,1846.6002197265625,16,Chenxi
2505318700721100006,4109.259765625,16,Chenxi
2505318700721100007,3206.680908203125,16,Chenxi
2505318700721100009,5973.68896484375,16,Chenxi
2505318700721100010,2693.18505859375,16,Chenxi
2505318700721100011,12514.8427734375,16,Chenxi
2505318700721100012,4461.00341796875,16,Chenxi
2505318700721100013,4365.5419921875,16,Chenxi
2505318700721100014,8185.8154296875,16,Chenxi
2505318700721100015,3077.371337890625,16,Chenxi
2505318700721100016,5877.84619140625,16,Chenxi
2505318700721100017,4529.88720703125,16,Chenxi
2505318700721100018,4277.3349609375,16,Chenxi
2505318700721100020,5658.96728515625,16,Chenxi
2505318700721100021,6092.05224609375,16,Chenxi
2505318700721100022,2413.4033203125,16,Chenxi
2505318700721100023,5124.67529296875,16,Chenxi
2505318700721100024,5329.64306640625,16,Chenxi
2505318700721100025,2904.46875,16,Chenxi
2505318700721100026,3988.96533203125,16,Chenxi
2505318700721100027,2840.48193359375,16,Chenxi
2505318700721100028,2459.795166015625,16,Chenxi
2505318700721100029,6274.91845703125,16,Chenxi
2505318700721100030,4596.9521484375,16,Chenxi
2505318700721100031,4230.00830078125,16,Chenxi
2505318700721100032,4345.24072265625,16,Chenxi
2505318700721100033,2756.49462890625,16,Chenxi
2505318700721100034,4801.32666015625,16,Chenxi
2505318700721100035,5932.59912109375,16,Chenxi
2505318700721100036,4007.58154296875,16,Chenxi
2505318700721100037,4481.62451171875,16,Chenxi
2505318700721100038,3721.338623046875,16,Chenxi
2505318700721100039,3344.68603515625,16,Chenxi
2505318700721100040,5332.2841796875,16,Chenxi
2505318700721100041,4063.509765625,16,Chenxi
2505318700721100042,5334.6328125,16,Chenxi
2505318700721100043,4001.70654296875,16,Chenxi
2505318700721100044,4651.1953125,16,Chenxi
2505318700721100045,5029.818359375,16,Chenxi
2505318700721100046,3021.556396484375,16,Chenxi
2505318700721100047,3129.69775390625,16,Chenxi
2505318700721100048,1952.1339111328125,16,Chenxi
2505318700721100049,3009.14990234375,16,Chenxi
2505318700721100050,4650.1259765625,16,Chenxi
2505318700721100051,3815.39208984375,16,Chenxi
2505318700721100052,4659.4814453125,16,Chenxi
2505318700721100053,6992.6923828125,16,Chenxi
2505318700721100054,3728.0048828125,16,Chenxi
2505318700721100055,1664.7005615234375,16,Chenxi
2505318700721100056,3461.03564453125,16,Chenxi
2505318700721100057,4361.80859375,16,Chenxi
2505318700721100058,3505.474853515625,16,Chenxi
2505318700721100059,4174.263671875,16,Chenxi
2505318700721100060,3784.25146484375,16,Chenxi
2505318700721100061,2348.311279296875,16,Chenxi
2505318700721100063,6343.25732421875,16,Chenxi
2505318700721100064,4157.42333984375,16,Chenxi
2505318700721100066,3294.017822265625,16,Chenxi
2505318700724100002,5858.48095703125,19,Chenxi
2505318700724100003,3077.93017578125,19,Chenxi
2505318700724100004,7181.00927734375,19,Chenxi
2505318700724100005,7205.21484375,19,Chenxi
2505318700724100006,3757.5615234375,19,Chenxi
2505318700724100007,5083.26513671875,19,Chenxi
2505318700724100008,4716.931640625,19,Chenxi
2505318700724100010,8704.62890625,19,Chenxi
2505318700724100011,3034.66064453125,19,Chenxi
2505318700724100012,11486.3681640625,19,Chenxi
2505318700724100013,5305.63671875,19,Chenxi
2505318700724100014,4064.56640625,19,Chenxi
2505318700724100015,4438.3251953125,19,Chenxi
2505318700724100016,6064.658203125,19,Chenxi
2505318700724100018,10758.9013671875,19,Chenxi
2505318700724100019,4711.02294921875,19,Chenxi
2505318700724100020,2920.9697265625,19,Chenxi
2505318700724100021,5902.3349609375,19,Chenxi
2505318700724100022,4866.50634765625,19,Chenxi
2505318700724100023,1526.572998046875,19,Chenxi
2505318700724100024,2118.9052734375,19,Chenxi
2505318700724100025,6536.3701171875,19,Chenxi
2505318700724100026,3635.28564453125,19,Chenxi
2505318700724100027,3197.62548828125,19,Chenxi
2505318700725100002,5458.2041015625,19,Chenxi
2505318700725100003,5169.59375,19,Chenxi
2505318700725100004,5716.4951171875,19,Chenxi
2505318700725100005,5600.03271484375,19,Chenxi
2505318700725100006,5487.67919921875,19,Chenxi
2505318700725100008,7741.72216796875,19,Chenxi
2505318700725100009,3208.446533203125,19,Chenxi
2505318700725100010,3832.887939453125,19,Chenxi
2505318700725100011,3383.326171875,19,Chenxi
2505318700725100012,4496.8525390625,19,Chenxi
2505318700725100013,3972.29150390625,19,Chenxi
2505318700725100014,1584.366943359375,19,Chenxi
2505318700725100015,4679.29296875,19,Chenxi
2505318700725100016,3208.91552734375,19,Chenxi
2505318700725100017,3854.36572265625,19,Chenxi
2505318700725100018,2681.751708984375,19,Chenxi
2505318700725100019,3573.5888671875,19,Chenxi
2505318700725100020,2348.3671875,19,Chenxi
2505318700725100021,4603.4609375,19,Chenxi
2505318700725100022,2343.742431640625,19,Chenxi
2505318700725100023,6999.4404296875,19,Chenxi
2505318700725100024,3969.265380859375,19,Chenxi
2505318700725100025,6553.189453125,19,Chenxi
2505318700725100026,4711.07177734375,19,Chenxi
2505318700725100027,4327.26806640625,19,Chenxi
2505318700725100028,3503.93798828125,19,Chenxi
2505318700725100029,1808.2874755859375,19,Chenxi
2505318700725100030,4173.947265625,19,Chenxi
2505318700725100032,4544.02392578125,19,Chenxi
2505318700725100033,3432.0537109375,19,Chenxi
2505318700725100034,5530.7822265625,19,Chenxi
2505318700725100035,6023.79443359375,19,Chenxi
2505318700725100036,2931.013671875,19,Chenxi
2505318700725100037,7135.34765625,19,Chenxi
2505318700725100038,2763.888427734375,19,Chenxi
2505318700725100039,7189.81640625,19,Chenxi
2505318700725100040,4047.5048828125,19,Chenxi
2505318700725100041,3727.9111328125,19,Chenxi
2505318700725100042,2804.72900390625,19,Chenxi
2505318700725100043,6579.96240234375,19,Chenxi
2505318700725100044,6143.71533203125,19,Chenxi
2505318700725100047,1370.160888671875,19,Chenxi
2505318700725100048,5434.005859375,19,Chenxi
2505318700725100049,3168.4296875,19,Chenxi
2505318700725100050,7403.07568359375,19,Chenxi
2505318700725100051,10285.6875,19,Chenxi
2505318700725100052,4708.44140625,19,Chenxi
2505318700725100053,6618.14697265625,19,Chenxi
2505318700725100054,2585.28173828125,19,Chenxi
2505318700725100055,3874.975341796875,19,Chenxi
2505318700725100056,5319.7109375,19,Chenxi
2505318700725100057,2299.50146484375,19,Chenxi
2505318700725100058,5002.35009765625,19,Chenxi
2505318700725100059,2864.22705078125,19,Chenxi
2505318700725100060,2454.98388671875,19,Chenxi
2505318700725100061,5251.22900390625,19,Chenxi
2505318700725100062,1763.526611328125,19,Chenxi
2505318700725100063,6043.41162109375,19,Chenxi
2505318700725100064,4006.284423828125,19,Chenxi
2505318700725100065,6763.53857421875,19,Chenxi
2505318700725100066,10705.2255859375,19,Chenxi
2505318700725100067,2760.580078125,19,Chenxi
2505318700725100069,3282.99365234375,19,Chenxi
2505318700725100070,3320.29931640625,19,Chenxi
2505318700726100001,4263.39013671875,19,Chenxi
2505318700726100002,3640.831787109375,19,Chenxi
2505318700726100004,5443.4482421875,19,Chenxi
2505318700726100005,4378.71044921875,19,Chenxi
2505318700726100006,5089.46533203125,19,Chenxi
2505318700726100007,1171.027587890625,19,Chenxi
2505318700726100009,3485.44970703125,19,Chenxi
2505318700726100010,3634.59521484375,19,Chenxi
2505318700726100011,4560.62109375,19,Chenxi
2505318700726100013,4309.333984375,19,Chenxi
2505318700726100014,2948.994140625,19,Chenxi
2505318700726100018,5355.265625,19,Chenxi
2505318700726100019,3954.30224609375,19,Chenxi
2505318700726100020,2482.03662109375,19,Chenxi
2505318700726100021,2729.888427734375,19,Chenxi
2505318700726100022,4163.28369140625,19,Chenxi
2505318700726100023,2760.470947265625,19,Chenxi
2505318700726100024,3661.32470703125,19,Chenxi
2505318700726100025,3764.85546875,19,Chenxi
2505318700726100026,2752.228759765625,19,Chenxi
2505318700726100027,3117.30712890625,19,Chenxi
2505318700726100028,2214.991455078125,19,Chenxi
2505318700727100001,5562.68017578125,19,Chenxi
2505318700727100002,4092.86376953125,19,Chenxi
2505318700727100003,6337.77294921875,19,Chenxi
2505318700727100004,4644.5966796875,19,Chenxi
2505318700727100005,1372.51953125,19,Chenxi
2505318700727100006,4584.86328125,19,Chenxi
2505318700727100007,3028.4140625,19,Chenxi
2505318700731100001,1601.86669921875,2,Chenxi
2505318700731100002,2066.23681640625,2,Chenxi
2505318700731100003,4373.63427734375,2,Chenxi
2505318700731100004,5192.478515625,2,Chenxi
2505318700731100006,1950.4326171875,2,Chenxi
2505318700731100007,5180.02880859375,2,Chenxi
2505318700731100008,5694.65283203125,2,Chenxi
2505318700731100009,1458.5638427734375,2,Chenxi
2505318700731100010,6465.041015625,2,Chenxi
2505318700731100011,2271.36767578125,2,Chenxi
2505318700731100012,3124.093017578125,2,Chenxi
2505318700731100013,2845.984619140625,2,Chenxi
2505318700731100015,5034.2197265625,2,Chenxi
2505318700731100016,5043.27490234375,2,Chenxi
2505318700731100017,1316.5693359375,2,Chenxi
2505318700731100018,2931.9560546875,2,Chenxi
2505318700732100002,1694.317626953125,2,Chenxi
2505318700732100003,2828.12646484375,2,Chenxi
2505318700732100004,11458.416015625,2,Chenxi
2505318700732100005,7372.2080078125,2,Chenxi
2505318700732100006,5094.99755859375,2,Chenxi
2505318700732100007,2409.00244140625,2,Chenxi
2505318700732100008,5181.92822265625,2,Chenxi
2505318700732100010,7280.8603515625,2,Chenxi
2505318700732100011,4236.02490234375,2,Chenxi
2505318700733100001,5218.466796875,2,Chenxi
2505318700734100005,2112.24560546875,2,Chenxi
2505318700734100006,5561.84228515625,2,Chenxi
2505318700734100007,3470.4443359375,2,Chenxi
2505318700734100008,5822.03857421875,2,Chenxi
2505318700734100009,6137.42041015625,2,Chenxi
2505318700734100010,3251.0439453125,2,Chenxi
2505318700734100011,3630.8876953125,2,Chenxi
2505318700734100012,6385.5107421875,2,Chenxi
2505318700734100013,3360.50927734375,2,Chenxi
2505318700734100015,3350.293212890625,2,Chenxi
2505318700734100016,3238.579833984375,2,Chenxi
2505318700734100017,2257.42919921875,2,Chenxi
2505318700734100018,3970.53466796875,2,Chenxi
2505318700734100019,3228.148193359375,2,Chenxi
2505318700734100020,4271.30419921875,2,Chenxi
2505318700734100021,6736.9052734375,2,Chenxi
2505318700734100022,2167.96923828125,2,Chenxi
2505318700734100023,4801.70556640625,2,Chenxi
2505318700734100024,1747.5565185546875,2,Chenxi
2505318700734100026,6927.1318359375,2,Chenxi
2505318700734100027,4490.6181640625,2,Chenxi
2505318700734100029,5398.90966796875,2,Chenxi
2505318700734100030,4766.61572265625,2,Chenxi
2505318700734100031,9616.5224609375,2,Chenxi
2505318700734100033,3394.48779296875,2,Chenxi
2505318700735100003,3825.08740234375,2,Chenxi
2505318700735100006,5221.46484375,2,Chenxi
2505318700735100007,3321.64697265625,2,Chenxi
2505318700735100009,6699.69189453125,2,Chenxi
2505318700735100010,4905.55810546875,2,Chenxi
2505318700735100011,4252.7080078125,2,Chenxi
2505318700735100013,5714.68994140625,2,Chenxi
2505318700735100014,2189.9375,2,Chenxi
2505318700735100015,4600.91943359375,2,Chenxi
2505318700735100016,3795.572998046875,2,Chenxi
2505318700735100017,5620.81982421875,2,Chenxi
2505318700735100018,3795.69287109375,2,Chenxi
2505318700735100020,3175.687744140625,2,Chenxi
2505318700735100021,1750.033935546875,2,Chenxi
2505318700735100022,1617.4521484375,2,Chenxi
2505318700735100023,1402.08837890625,2,Chenxi
2505318700735100025,2314.302734375,2,Chenxi
2505318700735100026,1244.56884765625,2,Chenxi
2505318700737100001,4978.58154296875,6,Chenxi
2505318700737100002,5838.06640625,6,Chenxi
2505318700737100003,4984.11767578125,6,Chenxi
2505318700737100004,2712.32421875,6,Chenxi
2505318700737100005,1339.826904296875,6,Chenxi
2505318700737100006,4997.14501953125,6,Chenxi
2505318700737100007,1906.678466796875,6,Chenxi
2505318700737100008,2587.45263671875,6,Chenxi
2505318700737100009,4120.18212890625,6,Chenxi
2505318700737100010,2408.951171875,6,Chenxi
2505318700737100011,4740.853515625,6,Chenxi
2505318700737100012,3632.989990234375,6,Chenxi
2505318700737100013,5834.419921875,6,Chenxi
2505318700737100014,6577.27734375,6,Chenxi
2505318700737100015,5073.68359375,6,Chenxi
2505318700737100016,3650.76953125,6,Chenxi
2505318700737100017,4342.03759765625,6,Chenxi
2505318700737100018,1719.9498291015625,6,Chenxi
2505318700737100019,3227.41943359375,6,Chenxi
2505318700737100020,3267.8828125,6,Chenxi
2505318700737100021,3482.53076171875,6,Chenxi
2505318700737100022,983.210693359375,6,Chenxi
2505318700737100023,6583.49658203125,6,Chenxi
2505318700737100024,1608.1756591796875,6,Chenxi
2505318700737100025,5145.10205078125,6,Chenxi
2505318700737100026,2844.771240234375,6,Chenxi
2505318700737100028,2602.714599609375,6,Chenxi
2505318700738100001,5337.2783203125,6,Chenxi
2505318700738100002,4242.65869140625,6,Chenxi
2505318700738100003,3158.501953125,6,Chenxi
2505318700738100004,1922.6351318359375,6,Chenxi
2505318700738100005,2768.364501953125,6,Chenxi
2505318700738100006,2576.05712890625,6,Chenxi
2505318700738100007,2459.01953125,6,Chenxi
2505318700739100003,10615.9326171875,6,Chenxi
2505318700739100004,4418.37646484375,6,Chenxi
2505318700739100005,4657.41357421875,6,Chenxi
2505318700739100006,2123.163818359375,6,Chenxi
2505318700739100007,3277.205322265625,6,Chenxi
2505318700739100008,4219.962890625,6,Chenxi
2505318700739100010,13837.486328125,6,Chenxi
2505318700739100011,5140.8837890625,6,Chenxi
2505318700739100012,7364.74658203125,6,Chenxi
2505318700739100013,3354.617431640625,6,Chenxi
2505318700739100014,3209.53662109375,6,Chenxi
2505318700739100015,3285.521240234375,6,Chenxi
2505318700739100016,3140.558837890625,6,Chenxi
2505318700739100017,8892.72265625,6,Chenxi
2505318700739100019,7259.75634765625,6,Chenxi
2505318700739100020,3545.913330078125,6,Chenxi
2505318700739100021,2726.322509765625,6,Chenxi
2505318700739100022,3434.61279296875,6,Chenxi
2505318700739100023,7639.2744140625,6,Chenxi
2505318700739100025,3181.80224609375,6,Chenxi
2505318700739100026,4286.77685546875,6,Chenxi
2505318700739100028,1862.687255859375,6,Chenxi
2505318700739100029,2528.278564453125,6,Chenxi
2505318700739100030,3885.856689453125,6,Chenxi
2505318700739100032,3153.162353515625,6,Chenxi
2505318700739100034,4766.4853515625,6,Chenxi
2505318700739100035,3690.319091796875,6,Chenxi
2505318700739100036,4014.5419921875,6,Chenxi
2505318700739100037,5553.61181640625,6,Chenxi
2505318700739100038,10434.3212890625,6,Chenxi
2505318700739100039,6938.9755859375,6,Chenxi
2505318700739100040,2018.693359375,6,Chenxi
2505318700739100041,2033.2266845703125,6,Chenxi
2505318700739100042,2312.06640625,6,Chenxi
2505318700739100043,4259.693359375,6,Chenxi
2505318700739100044,3616.114990234375,6,Chenxi
2505318700739100046,4261.1572265625,6,Chenxi
2505318700739100048,2041.759033203125,6,Chenxi
2505318700739100049,1705.5726318359375,6,Chenxi
2505318700740100004,5316.75341796875,6,Chenxi
2505318700740100005,4410.6474609375,6,Chenxi
2505318700740100006,4720.0458984375,6,Chenxi
2505318700740100007,5576.24169921875,6,Chenxi
2505318700740100008,3758.874267578125,6,Chenxi
2505318700740100009,1393.0531005859375,6,Chenxi
2505318700740100011,2844.974609375,6,Chenxi
2505318700740100012,3055.57763671875,6,Chenxi
2505318700740100013,2350.78076171875,6,Chenxi
2505318700740100014,10019.2783203125,6,Chenxi
2505318700740100016,3177.88525390625,6,Chenxi
2505318700740100017,4973.13818359375,6,Chenxi
2505318700740100018,6368.12109375,6,Chenxi
2505318700740100019,6470.2998046875,6,Chenxi
2505318700740100020,2077.814208984375,6,Chenxi
2505318700740100021,2655.99169921875,6,Chenxi
2505318700740100023,4056.09912109375,6,Chenxi
2505318700740100024,4604.68310546875,6,Chenxi
2505318700740100025,2089.29248046875,6,Chenxi
2505318700740100026,10076.7431640625,6,Chenxi
2505318700740100027,2869.39892578125,6,Chenxi
2505318700740100028,3371.37060546875,6,Chenxi
2505318700740100029,4578.68798828125,6,Chenxi
2505318700740100030,8583.59765625,6,Chenxi
2505318700740100031,1634.6053466796875,6,Chenxi
2505318700740100032,4622.64794921875,6,Chenxi
2505318700740100033,2663.6083984375,6,Chenxi
2505318700740100035,3967.694091796875,6,Chenxi
2505318700740100036,5428.04736328125,6,Chenxi
2505318700740100037,4905.83740234375,6,Chenxi
2505318700740100038,1820.062744140625,6,Chenxi
2505318700740100039,5115.17041015625,6,Chenxi
2505318700740100040,2910.804443359375,6,Chenxi
2505318700741100002,3586.404541015625,11,Chenxi
2505318700741100003,3543.1767578125,11,Chenxi
2505318700741100004,5861.67529296875,11,Chenxi
2505318700741100005,4416.70166015625,11,Chenxi
2505318700741100006,3062.584716796875,11,Chenxi
2505318700741100007,4817.287109375,11,Chenxi
2505318700741100008,2988.6396484375,11,Chenxi
2505318700741100009,4233.96826171875,11,Chenxi
2505318700741100010,4370.3466796875,11,Chenxi
2505318700741100011,2071.68408203125,11,Chenxi
2505318700741100012,5139.2578125,11,Chenxi
2505318700741100013,4196.3076171875,11,Chenxi
2505318700741100014,6398.890625,11,Chenxi
2505318700741100015,2589.892333984375,11,Chenxi
2505318700741100016,7480.89453125,11,Chenxi
2505318700741100017,4139.82373046875,11,Chenxi
2505318700741100019,4325.92919921875,11,Chenxi
2505318700741100020,5780.46826171875,11,Chenxi
2505318700741100021,3526.496337890625,11,Chenxi
2505318700741100022,6242.80078125,11,Chenxi
2505318700741100023,4672.7275390625,11,Chenxi
2505318700741100026,5462.38720703125,11,Chenxi
2505318700741100027,4355.48291015625,11,Chenxi
2505318700741100028,2861.83740234375,11,Chenxi
2505318700741100029,3491.04833984375,11,Chenxi
2505318700741100030,6418.837890625,11,Chenxi
2505318700741100031,7985.68359375,11,Chenxi
2505318700742100002,2602.9111328125,11,Chenxi
2505318700742100003,1771.548828125,11,Chenxi
2505318700742100004,5794.0029296875,11,Chenxi
2505318700742100005,4722.04248046875,11,Chenxi
2505318700742100006,5764.2587890625,11,Chenxi
2505318700742100007,3439.84326171875,11,Chenxi
2505318700742100008,9027.376953125,11,Chenxi
2505318700742100009,3236.0078125,11,Chenxi
2505318700742100010,8227.7373046875,11,Chenxi
2505318700742100011,15260.9697265625,11,Chenxi
2505318700742100012,8810.7109375,11,Chenxi
2505318700742100013,3215.98193359375,11,Chenxi
2505318700743100003,2557.51171875,11,Chenxi
2505318700743100004,2659.298583984375,11,Chenxi
2505318700743100005,1364.54833984375,11,Chenxi
2505318700743100006,5817.9482421875,11,Chenxi
2505318700743100007,2865.76806640625,11,Chenxi
2505318700743100008,1934.80322265625,11,Chenxi
2505318700743100009,1844.462646484375,11,Chenxi
2505318700743100010,4885.7412109375,11,Chenxi
2505318700743100011,4832.97900390625,11,Chenxi
2505318700743100012,3298.748779296875,11,Chenxi
2505318700743100013,1644.8004150390625,11,Chenxi
2505318700743100014,5822.12109375,11,Chenxi
2505318700743100015,3176.79248046875,11,Chenxi
2505318700743100016,2678.74072265625,11,Chenxi
2505318700743100017,6808.9443359375,11,Chenxi
2505318700743100018,4935.087890625,11,Chenxi
2505318700743100019,5086.599609375,11,Chenxi
2505318700744100002,5036.8642578125,11,Chenxi
2505318700744100003,4651.58935546875,11,Chenxi
2505318700744100004,7281.50244140625,11,Chenxi
2505318700744100005,4281.9462890625,11,Chenxi
2505318700744100006,4763.75732421875,11,Chenxi
2505318700744100007,3562.4736328125,11,Chenxi
2505318700744100008,4557.34765625,11,Chenxi
2505318700744100009,5724.93359375,11,Chenxi
2505318700744100010,6358.63818359375,11,Chenxi
2505318700744100011,4117.18310546875,11,Chenxi
2505318700744100012,4196.3662109375,11,Chenxi
2505318700744100013,5590.83935546875,11,Chenxi
2505318700744100014,4560.98291015625,11,Chenxi
2505318700744100015,10458.7685546875,11,Chenxi
2505318700744100016,2440.80126953125,11,Chenxi
2505318700744100017,2636.011962890625,11,Chenxi
2505318700744100018,5907.6953125,11,Chenxi
2505318700744100019,4930.7939453125,11,Chenxi
2505318700744100020,3756.919921875,11,Chenxi
2505318700744100021,3146.585693359375,11,Chenxi
2505318700744100022,2846.032470703125,11,Chenxi
2505318700744100023,6700.68408203125,11,Chenxi
2505318700744100024,6507.216796875,11,Chenxi
2505318700744100025,5024.37109375,11,Chenxi
2505318700744100027,4190.9560546875,11,Chenxi
2505318700744100028,5046.041015625,11,Chenxi
2505318700744100029,5035.41650390625,11,Chenxi
2505318700744100030,4027.1962890625,11,Chenxi
2505318700746100001,7446.08447265625,16,Chenxi
2505318700746100006,4349.80078125,16,Chenxi
2505318700746100010,4471.32177734375,16,Chenxi
2505318700746100011,2766.20947265625,16,Chenxi
2505318700746100012,2425.604248046875,16,Chenxi
2505318700746100013,5105.666015625,16,Chenxi
2505318700746100014,1981.387451171875,16,Chenxi
2505318700746100016,3502.3017578125,16,Chenxi
2505318700746100017,3624.69482421875,16,Chenxi
2505318700746100019,3298.8896484375,16,Chenxi
2505318700746100021,4311.7734375,16,Chenxi
2505318700746100022,4895.63232421875,16,Chenxi
2505318700746100023,5105.810546875,16,Chenxi
2505318700746100025,3810.638427734375,16,Chenxi
2505318700746100027,7790.20654296875,16,Chenxi
2505318700746100028,2150.510986328125,16,Chenxi
2505318700746100029,7158.07470703125,16,Chenxi
2505318700747100003,1706.361572265625,16,Chenxi
2505318700747100004,7841.52294921875,16,Chenxi
2505318700747100005,5537.630859375,16,Chenxi
2505318700747100006,6567.40087890625,16,Chenxi
2505318700747100008,6743.39013671875,16,Chenxi
2505318700747100009,4930.75537109375,16,Chenxi
2505318700747100010,9444.3544921875,16,Chenxi
2505318700747100011,3811.818603515625,16,Chenxi
2505318700747100012,4592.73828125,16,Chenxi
2505318700747100013,4399.857421875,16,Chenxi
2505318700747100014,3952.923828125,16,Chenxi
2505318700747100015,6743.60009765625,16,Chenxi
2505318700747100017,3245.234375,16,Chenxi
2505318700747100018,4727.62744140625,16,Chenxi
2505318700747100021,4813.0556640625,16,Chenxi
2505318700747100023,4127.771484375,16,Chenxi
2505318700747100024,6501.279296875,16,Chenxi
2505318700747100025,5694.7734375,16,Chenxi
2505318700747100026,5422.01953125,16,Chenxi
2505318700747100027,3486.040771484375,16,Chenxi
2505318700747100028,8651.326171875,16,Chenxi
2505318700747100029,4432.24169921875,16,Chenxi
2505318700747100031,4182.7021484375,16,Chenxi
2505318700747100032,2012.197265625,16,Chenxi
2505318700747100033,5345.6826171875,16,Chenxi
2505318700747100034,5984.3779296875,16,Chenxi
2505318700747100035,6628.4091796875,16,Chenxi
2505318700747100036,6381.12841796875,16,Chenxi
2505318700747100037,4580.24072265625,16,Chenxi
2505318700747100038,3616.397216796875,16,Chenxi
2505318700747100039,4945.1953125,16,Chenxi
2505318700747100040,3711.57958984375,16,Chenxi
2505318700747100041,4181.7646484375,16,Chenxi
2505318700747100042,4829.58447265625,16,Chenxi
2505318700747100044,6564.42724609375,16,Chenxi
2505318700747100045,6192.47607421875,16,Chenxi
2505318700747100046,4139.86181640625,16,Chenxi
2505318700747100047,4384.39208984375,16,Chenxi
2505318700747100048,2275.8623046875,16,Chenxi
2505318700747100049,2416.387451171875,16,Chenxi
2505318700747100050,3482.2099609375,16,Chenxi
2505318700747100051,2189.118896484375,16,Chenxi
2505318700747100053,2242.99365234375,16,Chenxi
2505318700747100055,3641.787353515625,16,Chenxi
2505318700747100056,4285.10205078125,16,Chenxi
2505318700747100057,2235.244384765625,16,Chenxi
2505318700748100001,3411.933837890625,16,Chenxi
2505318700748100002,3045.658935546875,16,Chenxi
2505318700748100003,2682.052001953125,16,Chenxi
2505318700748100004,8902.4375,16,Chenxi
2505318700748100005,4220.6923828125,16,Chenxi
2505318700748100006,4535.212890625,16,Chenxi
2505318700748100007,2166.243408203125,16,Chenxi
2505318700748100008,4693.16015625,16,Chenxi
2505318700748100009,1443.666748046875,16,Chenxi
2505318700748100010,3265.6787109375,16,Chenxi
2505318700748100011,2012.906982421875,16,Chenxi
2505318700748100012,4355.5234375,16,Chenxi
2505318700748100013,3305.48388671875,16,Chenxi
2505318700748100014,5201.736328125,16,Chenxi
2505318700748100015,7217.4150390625,16,Chenxi
2505318700748100016,2795.073486328125,16,Chenxi
2505318700748100017,1571.224853515625,16,Chenxi
2505318700748100018,3299.759033203125,16,Chenxi
2505318700748100019,1794.354736328125,16,Chenxi
2505318700748100020,2859.87646484375,16,Chenxi
2505318700748100021,2069.843994140625,16,Chenxi
2505318700748100022,3402.074462890625,16,Chenxi
2505318700748100023,3878.96142578125,16,Chenxi
2505318700748100024,3424.996337890625,16,Chenxi
2505318700748100025,4273.2265625,16,Chenxi
2505318700748100026,2899.11572265625,16,Chenxi
2505318700748100027,1102.3984375,16,Chenxi
2505318700748100028,3507.171875,16,Chenxi
2505318700748100029,3885.007080078125,16,Chenxi
2505318700748100031,1828.3975830078125,16,Chenxi
2505318700748100032,3081.158935546875,16,Chenxi
2505318700748100033,1715.4683837890625,16,Chenxi
2505318700748100035,3146.684326171875,16,Chenxi
2505318700748100036,3098.248291015625,16,Chenxi
2505318700748100037,3860.7802734375,16,Chenxi
2505318700748100038,7761.12890625,16,Chenxi
2505318700748100039,3293.509521484375,16,Chenxi
2505318700748100041,5782.90087890625,16,Chenxi
2505318700748100043,3284.22802734375,16,Chenxi
2505318700748100044,4736.85009765625,16,Chenxi
2505318700748100045,2528.89599609375,16,Chenxi
2505318700748100046,1078.1304931640625,16,Chenxi
2505318700748100047,3952.44189453125,16,Chenxi
2505318700748100048,3744.25244140625,16,Chenxi
2505318700748100049,1517.2208251953125,16,Chenxi
2505318700748100050,3792.944580078125,16,Chenxi
2505318700748100051,1140.0299072265625,16,Chenxi
2505318700749100003,5506.86376953125,16,Chenxi
2505318700749100004,4573.78076171875,16,Chenxi
2505318700749100005,2861.120849609375,16,Chenxi
2505318700749100006,2134.263427734375,16,Chenxi
2505318700749100007,5034.109375,16,Chenxi
2505318700749100008,4072.082763671875,16,Chenxi
2505318700749100009,3964.341064453125,16,Chenxi
2505318700749100010,6169.611328125,16,Chenxi
2505318700749100011,4443.884765625,16,Chenxi
2505318700749100012,2239.522705078125,16,Chenxi
2505318700749100013,5018.84716796875,16,Chenxi
2505318700749100014,992.3846435546875,16,Chenxi
2505318700749100015,2785.08203125,16,Chenxi
2505318700749100016,1735.085205078125,16,Chenxi
2505318700749100017,2307.23876953125,16,Chenxi
2505318700749100018,2741.087158203125,16,Chenxi
2505318700749100019,3039.822021484375,16,Chenxi
2505318700749100020,2546.840087890625,16,Chenxi
2505318700749100021,2546.770263671875,16,Chenxi
2505318700749100022,6341.18212890625,16,Chenxi
2505318700749100023,3434.193603515625,16,Chenxi
2505318700749100024,3256.26123046875,16,Chenxi
2505318700749100025,1448.935546875,16,Chenxi
2505318700749100026,2227.177490234375,16,Chenxi
2505318700749100027,4779.2236328125,16,Chenxi
2505318700749100028,3996.481201171875,16,Chenxi
2505318700749100029,4455.28125,16,Chenxi
2505318700749100030,3400.4033203125,16,Chenxi
2505318700749100031,2797.632568359375,16,Chenxi
2505318700749100032,5134.15478515625,16,Chenxi
2505318700749100033,3210.6796875,16,Chenxi
2505318700749100034,5262.83349609375,16,Chenxi
2505318700749100035,2298.45947265625,16,Chenxi
2505318700749100036,5125.4033203125,16,Chenxi
2505318700749100037,3690.62060546875,16,Chenxi
2505318700749100038,2546.34716796875,16,Chenxi
2505318700749100039,5956.28955078125,16,Chenxi
2505318700749100040,5649.1552734375,16,Chenxi
2505318700749100041,5097.341796875,16,Chenxi
2505318700749100042,2126.00732421875,16,Chenxi
2505318700749100043,4729.1591796875,16,Chenxi
2505318700749100044,1748.1282958984375,16,Chenxi
2505318700749100045,6488.51904296875,16,Chenxi
2505318700749100046,5801.3720703125,16,Chenxi
2505318700749100047,1723.064697265625,16,Chenxi
2505318700749100048,2619.557373046875,16,Chenxi
2505318700749100049,1233.8701171875,16,Chenxi
2505318700749100050,3120.6962890625,16,Chenxi
2505318700749100051,2969.2216796875,16,Chenxi
2505318700749100052,4434.13623046875,16,Chenxi
2505318700749100053,2127.430419921875,16,Chenxi
2505318700749100054,2966.835205078125,16,Chenxi
2505318700749100055,3388.9052734375,16,Chenxi
2505318700749100056,4192.45263671875,16,Chenxi
2505318700749100057,1474.4888916015625,16,Chenxi
2505318700749100058,2701.27880859375,16,Chenxi
2505318700749100059,7508.88232421875,16,Chenxi
2505318700749100060,1597.75634765625,16,Chenxi
2505318700749100061,3215.500244140625,16,Chenxi
2505318700749100062,3537.78076171875,16,Chenxi
2505318700749100063,1707.8636474609375,16,Chenxi
2505318700749100064,3685.14892578125,16,Chenxi
2505318700749100065,1696.39599609375,16,Chenxi
2505318700749100066,1478.0001220703125,16,Chenxi
2505318700749100067,3982.603515625,16,Chenxi
2505318700749100068,4098.544921875,16,Chenxi
2505318700749100069,4424.15087890625,16,Chenxi
2505318700749100070,3730.33544921875,16,Chenxi
2505318700749100071,3807.999267578125,16,Chenxi
2505318700749100072,2437.52734375,16,Chenxi
2505318700749100073,2769.54931640625,16,Chenxi
2505318700749100074,3778.982666015625,16,Chenxi
2505318700749100075,4394.8349609375,16,Chenxi
2505318700749100076,3380.077392578125,16,Chenxi
2505318700749100077,4922.7841796875,16,Chenxi
2505318700749100078,5011.20556640625,16,Chenxi
2505318700749100079,2398.039794921875,16,Chenxi
2505318700749100080,3133.28173828125,16,Chenxi
2505318700749100081,2019.9273681640625,16,Chenxi
2505318700749100082,6256.494140625,16,Chenxi
2505318700749100083,2397.510986328125,16,Chenxi
2505318700749100084,4849.63818359375,16,Chenxi
2505318700749100085,2737.65087890625,16,Chenxi
2505318700749100086,4004.521728515625,16,Chenxi
2505318700749100087,1198.7177734375,16,Chenxi
2505318700749100088,7014.61572265625,16,Chenxi
2505318700749100089,4881.279296875,16,Chenxi
2505318700749100090,2877.955078125,16,Chenxi
2505318700749100091,5616.4228515625,16,Chenxi
2505318700749100092,2981.08740234375,16,Chenxi
2505318700749100093,2755.78857421875,16,Chenxi
2505318700749100094,3051.455810546875,16,Chenxi
2505318700749100095,4025.7880859375,16,Chenxi
2505318700749100096,1200.6715087890625,16,Chenxi
2505318700749100097,3954.791748046875,16,Chenxi
2505318700749100098,1029.47802734375,16,Chenxi
2505318700749100099,5226.50390625,16,Chenxi
2505318700749100100,1729.956787109375,16,Chenxi
2505318700749100101,7255.98681640625,16,Chenxi
2505318700749100102,1165.932861328125,16,Chenxi
2505318700749100103,4475.44970703125,16,Chenxi
2505318700749100104,3085.751708984375,16,Chenxi
2505318700749100105,2677.302001953125,16,Chenxi
2505318700749100106,3686.485595703125,16,Chenxi
2505318700749100107,1818.935791015625,16,Chenxi
2505318700749100108,2367.621337890625,16,Chenxi
2505318700749100109,4345.015625,16,Chenxi
2505318700749100110,4589.5888671875,16,Chenxi
2505318700749100111,2243.550537109375,16,Chenxi
2505318700749100112,3440.121337890625,16,Chenxi
2505318700749100113,4046.2216796875,16,Chenxi
2505318700749100114,5833.16064453125,16,Chenxi
2505318700749100115,2589.1689453125,16,Chenxi
2505318700749100117,3929.4619140625,16,Chenxi
2505318700749100118,2775.42041015625,16,Chenxi
2505318700749100119,4157.85498046875,16,Chenxi
2505318700749100120,4115.2861328125,16,Chenxi
2505318700749100121,4846.0390625,16,Chenxi
2505318700749100122,928.0719604492188,16,Chenxi
2505318700749100123,1953.0247802734375,16,Chenxi
2505318700749100124,4334.2412109375,16,Chenxi
2505318700749100125,1421.2196044921875,16,Chenxi
2505318700749100126,3423.831298828125,16,Chenxi
2505318700749100127,1023.1814575195312,16,Chenxi
2505318700749100128,4039.2783203125,16,Chenxi
2505318700749100129,1549.555908203125,16,Chenxi
2505318700749100131,3896.62158203125,16,Chenxi
2505318700749100132,3172.290283203125,16,Chenxi
2505318700749100133,1397.0445556640625,16,Chenxi
2505318700749100135,1257.2974853515625,16,Chenxi
2505318700752100002,8324.6943359375,19,Chenxi
2505318700752100003,5524.794921875,19,Chenxi
2505318700752100004,6090.7373046875,19,Chenxi
2505318700752100005,2532.893310546875,19,Chenxi
2505318700752100006,5994.16552734375,19,Chenxi
2505318700752100007,5040.5712890625,19,Chenxi
2505318700752100008,5203.18212890625,19,Chenxi
2505318700752100009,3270.8193359375,19,Chenxi
2505318700752100010,7708.9521484375,19,Chenxi
2505318700752100011,2220.020263671875,19,Chenxi
2505318700752100012,4668.82666015625,19,Chenxi
2505318700752100013,3400.78271484375,19,Chenxi
2505318700752100014,3158.583984375,19,Chenxi
2505318700752100015,4612.892578125,19,Chenxi
2505318700752100016,3407.072509765625,19,Chenxi
2505318700752100017,2438.63427734375,19,Chenxi
2505318700752100018,7711.7890625,19,Chenxi
2505318700752100019,5750.93212890625,19,Chenxi
2505318700752100020,5886.75634765625,19,Chenxi
2505318700752100021,6481.91796875,19,Chenxi
2505318700752100022,5721.39013671875,19,Chenxi
2505318700752100023,7347.97412109375,19,Chenxi
2505318700752100024,5267.22998046875,19,Chenxi
2505318700752100025,3536.169189453125,19,Chenxi
2505318700752100026,5147.25244140625,19,Chenxi
2505318700752100027,6722.8779296875,19,Chenxi
2505318700752100028,3841.049560546875,19,Chenxi
2505318700752100029,3660.3232421875,19,Chenxi
2505318700752100030,3822.890380859375,19,Chenxi
2505318700752100031,3854.802734375,19,Chenxi
2505318700752100032,9077.75390625,19,Chenxi
2505318700752100033,3923.5751953125,19,Chenxi
2505318700752100034,3810.24658203125,19,Chenxi
2505318700752100035,6933.85595703125,19,Chenxi
2505318700752100036,6142.13916015625,19,Chenxi
2505318700752100037,6099.53173828125,19,Chenxi
2505318700752100038,3259.648681640625,19,Chenxi
2505318700753100002,9648.30859375,19,Chenxi
2505318700753100004,5498.8662109375,19,Chenxi
2505318700753100005,2676.584716796875,19,Chenxi
2505318700753100006,6321.94091796875,19,Chenxi
2505318700753100007,5076.18994140625,19,Chenxi
2505318700753100008,4135.4560546875,19,Chenxi
2505318700753100009,3888.272216796875,19,Chenxi
2505318700753100010,6695.0263671875,19,Chenxi
2505318700753100011,7318.365234375,19,Chenxi
2505318700753100012,18378.982421875,19,Chenxi
2505318700753100013,3187.790771484375,19,Chenxi
2505318700753100014,2770.819580078125,19,Chenxi
2505318700753100015,4393.5234375,19,Chenxi
2505318700753100016,4354.9609375,19,Chenxi
2505318700753100017,3599.583984375,19,Chenxi
2505318700753100018,4300.3974609375,19,Chenxi
2505318700753100019,4004.56396484375,19,Chenxi
2505318700753100021,2861.223388671875,19,Chenxi
2505318700753100022,9996.5224609375,19,Chenxi
2505318700753100023,4980.525390625,19,Chenxi
2505318700753100024,4170.62109375,19,Chenxi
2505318700753100026,2106.30615234375,19,Chenxi
2505318700753100027,4096.2646484375,19,Chenxi
2505318700753100028,2612.388916015625,19,Chenxi
2505318700753100029,3106.39794921875,19,Chenxi
2505318700753100030,7089.9130859375,19,Chenxi
2505318700753100031,8222.5302734375,19,Chenxi
2505318700753100032,2085.77685546875,19,Chenxi
2505318700753100033,2436.475830078125,19,Chenxi
2505318700753100034,2850.498291015625,19,Chenxi
2505318700753100035,2214.739501953125,19,Chenxi
2505318700753100036,5774.2158203125,19,Chenxi
2505318700753100037,3498.302978515625,19,Chenxi
2505318700753100038,3616.910888671875,19,Chenxi
2505318700753100039,2446.135498046875,19,Chenxi
2505318700753100040,5660.26611328125,19,Chenxi
2505318700753100042,5706.58349609375,19,Chenxi
2505318700753100043,2698.356201171875,19,Chenxi
2505318700753100044,5147.296875,19,Chenxi
2505318700753100045,1978.5147705078125,19,Chenxi
2505318700753100047,3994.355712890625,19,Chenxi
2505318700753100048,3907.878662109375,19,Chenxi
2505318700753100049,3570.177734375,19,Chenxi
2505318700753100050,2229.13623046875,19,Chenxi
2505318700753100052,3859.188720703125,19,Chenxi
2505318700753100053,2329.294677734375,19,Chenxi
2505318700754100001,4072.68115234375,19,Chenxi
2505318700754100002,3693.188232421875,19,Chenxi
2505318700754100003,4043.507080078125,19,Chenxi
2505318700754100004,3745.98974609375,19,Chenxi
2505318700754100005,3442.236083984375,19,Chenxi
2505318700754100007,3066.5693359375,19,Chenxi
2505318700754100008,3557.93115234375,19,Chenxi
2505318700754100009,3514.7646484375,19,Chenxi
2505318700754100011,6105.2939453125,19,Chenxi
2505318700754100012,5342.091796875,19,Chenxi
2505318700754100013,4103.0615234375,19,Chenxi
2505318700754100014,4383.6728515625,19,Chenxi
2505318700754100015,3801.189208984375,19,Chenxi
2505318700754100016,5214.521484375,19,Chenxi
2505318700754100017,5621.419921875,19,Chenxi
2505318700754100018,4219.63671875,19,Chenxi
2505318700754100020,3964.65380859375,19,Chenxi
2505318700754100021,5217.6357421875,19,Chenxi
2505318700754100024,3135.121826171875,19,Chenxi
2505318700754100025,5512.07568359375,19,Chenxi
2505318700754100026,1402.093505859375,19,Chenxi
2505318700754100028,3026.44384765625,19,Chenxi
2505318700754100029,5037.33203125,19,Chenxi
2505318700754100030,4688.833984375,19,Chenxi
2505318700754100031,6514.0703125,19,Chenxi
2505318700754100033,2023.9542236328125,19,Chenxi
2505318700754100034,7480.48486328125,19,Chenxi
2505318700754100035,3641.227783203125,19,Chenxi
2505318700754100036,1898.202392578125,19,Chenxi
2505318700754100038,3403.01708984375,19,Chenxi
2505318700754100039,3530.706787109375,19,Chenxi
2505318700754100040,3919.658447265625,19,Chenxi
2505318700754100042,7308.4404296875,19,Chenxi
2505318700754100043,3163.048095703125,19,Chenxi
2505318700754100044,4682.87158203125,19,Chenxi
2505318700754100048,2097.333984375,19,Chenxi
2505318700755100001,4626.8779296875,19,Chenxi
2505318700755100003,3326.586669921875,19,Chenxi
2505318700755100007,1774.8037109375,19,Chenxi
2505318700755100009,3321.99609375,19,Chenxi
2505318700755100011,3113.47509765625,19,Chenxi
2505318700755100014,3178.120849609375,19,Chenxi
2505318700755100015,3702.94921875,19,Chenxi
2505318700755100016,5616.353515625,19,Chenxi
2505318700755100017,2396.0234375,19,Chenxi
2505318700760100002,5550.7421875,2,Chenxi
2505318700760100003,4888.75634765625,2,Chenxi
2505318700760100004,3495.888671875,2,Chenxi
2505318700760100005,5173.71923828125,2,Chenxi
2505318700760100006,4069.4951171875,2,Chenxi
2505318700760100007,2662.33349609375,2,Chenxi
2505318700760100008,2009.9141845703125,2,Chenxi
2505318700760100009,4373.59619140625,2,Chenxi
2505318700760100010,4622.11083984375,2,Chenxi
2505318700760100011,2713.6630859375,2,Chenxi
2505318700760100012,4280.4130859375,2,Chenxi
2505318700760100013,6141.90283203125,2,Chenxi
2505318700760100014,9518.486328125,2,Chenxi
2505318700760100015,4974.42822265625,2,Chenxi
2505318700760100016,1546.604248046875,2,Chenxi
2505318700760100017,7000.03662109375,2,Chenxi
2505318700760100018,2735.451171875,2,Chenxi
2505318700760100019,3184.3232421875,2,Chenxi
2505318700760100020,9947.0791015625,2,Chenxi
2505318700760100021,4724.72802734375,2,Chenxi
2505318700760100022,5970.16552734375,2,Chenxi
2505318700760100023,5605.01416015625,2,Chenxi
2505318700760100024,5494.896484375,2,Chenxi
2505318700760100025,3191.685791015625,2,Chenxi
2505318700760100026,2022.4041748046875,2,Chenxi
2505318700760100027,6383.5869140625,2,Chenxi
2505318700760100028,6244.3681640625,2,Chenxi
2505318700760100029,5050.865234375,2,Chenxi
2505318700760100030,7503.10400390625,2,Chenxi
2505318700760100031,4182.552734375,2,Chenxi
2505318700760100032,5187.26318359375,2,Chenxi
2505318700760100033,1872.531982421875,2,Chenxi
2505318700760100034,4561.7294921875,2,Chenxi
2505318700760100035,4507.87109375,2,Chenxi
2505318700760100036,2580.978759765625,2,Chenxi
2505318700760100037,7510.091796875,2,Chenxi
2505318700760100038,4623.90771484375,2,Chenxi
2505318700760100039,4714.2822265625,2,Chenxi
2505318700760100040,9434.6640625,2,Chenxi
2505318700760100041,3948.0634765625,2,Chenxi
2505318700760100042,3620.605224609375,2,Chenxi
2505318700760100043,6232.16357421875,2,Chenxi
2505318700760100044,3199.259765625,2,Chenxi
2505318700760100045,3799.156982421875,2,Chenxi
2505318700760100046,4703.96240234375,2,Chenxi
2505318700760100047,6272.60595703125,2,Chenxi
2505318700760100048,5667.8603515625,2,Chenxi
2505318700760100050,2491.36474609375,2,Chenxi
2505318700760100052,3933.100341796875,2,Chenxi
2505318700760100053,3371.51416015625,2,Chenxi
2505318700760100054,6072.3134765625,2,Chenxi
2505318700760100055,1970.3636474609375,2,Chenxi
2505318700760100057,3895.072265625,2,Chenxi
2505318700760100058,2662.09423828125,2,Chenxi
2505318700761100001,4063.627197265625,2,Chenxi
2505318700761100002,2595.05126953125,2,Chenxi
2505318700761100003,3364.82568359375,2,Chenxi
2505318700761100004,3471.0009765625,2,Chenxi
2505318700761100006,4794.4873046875,2,Chenxi
2505318700761100008,5111.04248046875,2,Chenxi
2505318700761100009,3826.521240234375,2,Chenxi
2505318700761100010,8242.7080078125,2,Chenxi
2505318700761100011,2301.673828125,2,Chenxi
2505318700761100012,4243.107421875,2,Chenxi
2505318700761100013,4168.697265625,2,Chenxi
2505318700761100014,1950.1744384765625,2,Chenxi
2505318700761100015,2326.744384765625,2,Chenxi
2505318700761100016,3873.93359375,2,Chenxi
2505318700761100017,6340.9326171875,2,Chenxi
2505318700761100019,3334.567138671875,2,Chenxi
2505318700761100020,2438.32958984375,2,Chenxi
2505318700761100023,3894.146728515625,2,Chenxi
2505318700762100001,2133.36572265625,2,Chenxi
2505318700762100002,2985.175048828125,2,Chenxi
2505318700762100003,2179.27783203125,2,Chenxi
2505318700762100004,3818.029052734375,2,Chenxi
2505318700762100005,3728.2080078125,2,Chenxi
2505318700762100006,3573.24072265625,2,Chenxi
2505318700762100007,2680.169677734375,2,Chenxi
2505318700762100008,4178.4267578125,2,Chenxi
2505318700762100009,1852.2308349609375,2,Chenxi
2505318700762100010,4468.77001953125,2,Chenxi
2505318700762100011,1766.32763671875,2,Chenxi
2505318700762100012,2986.8115234375,2,Chenxi
2505318700762100013,1651.0538330078125,2,Chenxi
2505318700762100014,4116.53369140625,2,Chenxi
2505318700762100015,2173.56591796875,2,Chenxi
2505318700762100016,2670.170654296875,2,Chenxi
2505318700762100017,3374.904541015625,2,Chenxi
2505318700762100018,1809.6956787109375,2,Chenxi
2505318700762100019,4083.479736328125,2,Chenxi
2505318700762100020,3437.477783203125,2,Chenxi
2505318700763100006,1141.1094970703125,2,Chenxi
2505318700765100005,2870.39794921875,6,Chenxi
2505318700765100006,2643.615966796875,6,Chenxi
2505318700765100007,8913.892578125,6,Chenxi
2505318700765100008,5231.96630859375,6,Chenxi
2505318700765100009,2684.41162109375,6,Chenxi
2505318700765100010,3744.304443359375,6,Chenxi
2505318700765100011,4986.91259765625,6,Chenxi
2505318700765100012,3860.852783203125,6,Chenxi
2505318700765100013,2098.455810546875,6,Chenxi
2505318700765100014,4033.624267578125,6,Chenxi
2505318700765100015,3555.559814453125,6,Chenxi
2505318700765100016,3343.0732421875,6,Chenxi
2505318700765100017,2579.36572265625,6,Chenxi
2505318700765100018,3635.276123046875,6,Chenxi
2505318700765100019,4988.1279296875,6,Chenxi
2505318700765100020,6521.837890625,6,Chenxi
2505318700765100021,1839.5401611328125,6,Chenxi
2505318700765100022,2957.0419921875,6,Chenxi
2505318700765100023,5744.26171875,6,Chenxi
2505318700765100024,5091.88134765625,6,Chenxi
2505318700765100025,6290.68896484375,6,Chenxi
2505318700765100026,6323.33349609375,6,Chenxi
2505318700765100027,2117.666015625,6,Chenxi
2505318700765100028,2701.311279296875,6,Chenxi
2505318700765100029,3156.074951171875,6,Chenxi
2505318700765100030,2594.92919921875,6,Chenxi
2505318700765100031,4129.31884765625,6,Chenxi
2505318700765100032,7504.19873046875,6,Chenxi
2505318700765100033,3607.8408203125,6,Chenxi
2505318700765100034,4961.40966796875,6,Chenxi
2505318700765100035,5387.8212890625,6,Chenxi
2505318700765100036,2038.951416015625,6,Chenxi
2505318700765100038,4296.18505859375,6,Chenxi
2505318700765100039,3563.685546875,6,Chenxi
2505318700765100040,2616.935302734375,6,Chenxi
2505318700765100041,3871.13232421875,6,Chenxi
2505318700765100043,4983.65283203125,6,Chenxi
2505318700765100044,4390.9130859375,6,Chenxi
2505318700765100045,4498.19140625,6,Chenxi
2505318700765100046,1961.293212890625,6,Chenxi
2505318700765100047,8081.68359375,6,Chenxi
2505318700765100048,3270.028076171875,6,Chenxi
2505318700765100049,5823.39794921875,6,Chenxi
2505318700765100050,4861.5927734375,6,Chenxi
2505318700765100051,4258.2314453125,6,Chenxi
2505318700765100053,2019.2879638671875,6,Chenxi
2505318700765100054,4637.50634765625,6,Chenxi
2505318700765100055,4533.892578125,6,Chenxi
2505318700765100056,4675.3076171875,6,Chenxi
2505318700765100057,3982.90966796875,6,Chenxi
2505318700765100058,3628.857421875,6,Chenxi
2505318700765100059,2201.58984375,6,Chenxi
2505318700765100060,2757.185302734375,6,Chenxi
2505318700765100061,2839.40087890625,6,Chenxi
2505318700765100062,4426.27099609375,6,Chenxi
2505318700765100063,5612.23193359375,6,Chenxi
2505318700765100064,5252.1806640625,6,Chenxi
2505318700765100065,2981.433837890625,6,Chenxi
2505318700765100066,4622.42138671875,6,Chenxi
2505318700765100067,2484.6494140625,6,Chenxi
2505318700765100068,2150.546630859375,6,Chenxi
2505318700765100069,2033.4046630859375,6,Chenxi
2505318700765100070,2503.894775390625,6,Chenxi
2505318700765100071,3460.405517578125,6,Chenxi
2505318700765100072,4505.56884765625,6,Chenxi
2505318700765100073,2687.119140625,6,Chenxi
2505318700765100074,3840.212158203125,6,Chenxi
2505318700765100076,2464.949462890625,6,Chenxi
2505318700765100077,4947.125,6,Chenxi
2505318700765100078,4917.03271484375,6,Chenxi
2505318700765100079,2529.760009765625,6,Chenxi
2505318700766100001,2500.3896484375,6,Chenxi
2505318700766100002,3054.51416015625,6,Chenxi
2505318700766100003,3622.127685546875,6,Chenxi
2505318700766100004,1882.84765625,6,Chenxi
2505318700766100005,6827.23876953125,6,Chenxi
2505318700766100006,3602.64892578125,6,Chenxi
2505318700766100008,4483.46142578125,6,Chenxi
2505318700766100009,1456.26171875,6,Chenxi
2505318700766100010,3471.429931640625,6,Chenxi
2505318700766100011,2833.591796875,6,Chenxi
2505318700766100013,4201.69970703125,6,Chenxi
2505318700766100014,1445.0843505859375,6,Chenxi
2505318700766100015,3817.0693359375,6,Chenxi
2505318700766100016,1368.374267578125,6,Chenxi
2505318700766100017,3118.29736328125,6,Chenxi
2505318700766100019,3432.139404296875,6,Chenxi
2505318700767100005,3128.348876953125,6,Chenxi
2505318700767100006,8460.92578125,6,Chenxi
2505318700767100008,7719.21337890625,6,Chenxi
2505318700767100009,5304.076171875,6,Chenxi
2505318700767100010,1738.462158203125,6,Chenxi
2505318700767100011,4619.8134765625,6,Chenxi
2505318700767100013,2987.70947265625,6,Chenxi
2505318700767100014,3251.403076171875,6,Chenxi
2505318700767100015,2131.10693359375,6,Chenxi
2505318700767100016,2079.930419921875,6,Chenxi
2505318700767100017,5162.99267578125,6,Chenxi
2505318700767100018,4045.010986328125,6,Chenxi
2505318700767100019,8916.1064453125,6,Chenxi
2505318700767100020,5915.76171875,6,Chenxi
2505318700767100021,5450.6962890625,6,Chenxi
2505318700767100022,4256.787109375,6,Chenxi
2505318700767100024,6698.30517578125,6,Chenxi
2505318700767100025,11606.310546875,6,Chenxi
2505318700767100026,3937.634521484375,6,Chenxi
2505318700767100027,5249.94482421875,6,Chenxi
2505318700767100028,2806.8115234375,6,Chenxi
2505318700767100029,4308.5693359375,6,Chenxi
2505318700767100030,3725.6328125,6,Chenxi
2505318700767100031,5145.26806640625,6,Chenxi
2505318700767100032,2323.208251953125,6,Chenxi
2505318700767100033,9332.7373046875,6,Chenxi
2505318700767100034,1787.1160888671875,6,Chenxi
2505318700767100035,2571.39794921875,6,Chenxi
2505318700767100036,3988.149658203125,6,Chenxi
2505318700767100037,3723.606201171875,6,Chenxi
2505318700767100038,4887.7236328125,6,Chenxi
2505318700767100039,4316.1650390625,6,Chenxi
2505318700767100040,4597.7470703125,6,Chenxi
2505318700767100041,2130.420166015625,6,Chenxi
2505318700767100042,7542.93310546875,6,Chenxi
2505318700767100043,3427.84765625,6,Chenxi
2505318700767100044,5609.36328125,6,Chenxi
2505318700767100045,3583.562744140625,6,Chenxi
2505318700767100046,1969.2225341796875,6,Chenxi
2505318700767100047,2485.989501953125,6,Chenxi
2505318700767100048,2689.47021484375,6,Chenxi
2505318700767100049,3205.2841796875,6,Chenxi
2505318700767100050,4170.8779296875,6,Chenxi
2505318700767100051,3677.165283203125,6,Chenxi
2505318700767100052,4668.4599609375,6,Chenxi
2505318700767100053,4124.072265625,6,Chenxi
2505318700767100054,7806.916015625,6,Chenxi
2505318700767100055,3604.9853515625,6,Chenxi
2505318700767100056,1670.0343017578125,6,Chenxi
2505318700768100003,2061.521484375,6,Chenxi
2505318700768100004,4161.56005859375,6,Chenxi
2505318700768100005,3493.78173828125,6,Chenxi
2505318700768100006,1198.755615234375,6,Chenxi
2505318700768100007,3128.794677734375,6,Chenxi
2505318700768100008,3789.0244140625,6,Chenxi
2505318700768100009,4892.001953125,6,Chenxi
2505318700768100010,950.1370239257812,6,Chenxi
2505318700768100011,1165.7498779296875,6,Chenxi
2505318700768100013,2470.07958984375,6,Chenxi
2505318700768100014,2703.0478515625,6,Chenxi
2505318700768100015,6032.47412109375,6,Chenxi
2505318700768100018,7292.740234375,6,Chenxi
2505318700768100019,8398.6484375,6,Chenxi
2505318700768100020,4241.05126953125,6,Chenxi
2505318700768100022,5603.32275390625,6,Chenxi
2505318700768100023,5309.10009765625,6,Chenxi
2505318700769100001,4280.50830078125,11,Chenxi
2505318700769100002,2988.03466796875,11,Chenxi
2505318700769100003,4050.08935546875,11,Chenxi
2505318700769100005,2289.604736328125,11,Chenxi
2505318700769100006,5208.36865234375,11,Chenxi
2505318700769100007,3927.522705078125,11,Chenxi
2505318700770100001,5014.59765625,11,Chenxi
2505318700770100003,3289.8720703125,11,Chenxi
2505318700770100004,6914.51171875,11,Chenxi
2505318700770100005,3422.888916015625,11,Chenxi
2505318700770100006,4549.54833984375,11,Chenxi
2505318700770100007,5092.2333984375,11,Chenxi
2505318700770100008,3735.90087890625,11,Chenxi
2505318700770100009,8623.5537109375,11,Chenxi
2505318700770100010,4413.0458984375,11,Chenxi
2505318700770100011,7082.3564453125,11,Chenxi
2505318700770100012,4735.005859375,11,Chenxi
2505318700770100013,7313.541015625,11,Chenxi
2505318700770100014,3933.31201171875,11,Chenxi
2505318700770100015,4888.55126953125,11,Chenxi
2505318700770100016,5407.3193359375,11,Chenxi
2505318700770100017,5977.9208984375,11,Chenxi
2505318700770100018,9542.2490234375,11,Chenxi
2505318700770100019,6666.13916015625,11,Chenxi
2505318700770100020,5742.412109375,11,Chenxi
2505318700770100021,3645.918701171875,11,Chenxi
2505318700770100022,3696.1474609375,11,Chenxi
2505318700770100023,6131.73095703125,11,Chenxi
2505318700770100024,8058.5439453125,11,Chenxi
2505318700770100025,3563.13623046875,11,Chenxi
2505318700770100026,4234.73828125,11,Chenxi
2505318700770100027,3061.57373046875,11,Chenxi
2505318700770100028,4733.42578125,11,Chenxi
2505318700770100029,7479.7646484375,11,Chenxi
2505318700770100030,4863.2216796875,11,Chenxi
2505318700770100031,2685.7841796875,11,Chenxi
2505318700770100032,4659.09814453125,11,Chenxi
2505318700771100003,4397.71630859375,11,Chenxi
2505318700771100004,3953.929931640625,11,Chenxi
2505318700771100006,4465.7724609375,11,Chenxi
2505318700771100007,10927.0615234375,11,Chenxi
2505318700771100009,8313.470703125,11,Chenxi
2505318700771100010,6076.34619140625,11,Chenxi
2505318700771100011,7468.62109375,11,Chenxi
2505318700771100012,4809.68505859375,11,Chenxi
2505318700771100014,8900.619140625,11,Chenxi
2505318700771100015,5862.9130859375,11,Chenxi
2505318700771100016,5720.58544921875,11,Chenxi
2505318700771100017,4003.5732421875,11,Chenxi
2505318700771100018,6092.0029296875,11,Chenxi
2505318700771100019,3904.212158203125,11,Chenxi
2505318700771100020,4907.5517578125,11,Chenxi
2505318700771100022,3683.59765625,11,Chenxi
2505318700771100023,2105.089599609375,11,Chenxi
2505318700771100024,1607.861328125,11,Chenxi
2505318700771100025,2781.755126953125,11,Chenxi
2505318700771100026,2632.336181640625,11,Chenxi
2505318700771100027,1723.087158203125,11,Chenxi
2505318700771100028,5412.64404296875,11,Chenxi
2505318700771100030,2106.07861328125,11,Chenxi
2505318700771100031,3587.4189453125,11,Chenxi
2505318700771100032,1605.6866455078125,11,Chenxi
2505318700771100033,6311.3935546875,11,Chenxi
2505318700771100034,5920.53369140625,11,Chenxi
2505318700771100035,3367.845458984375,11,Chenxi
2505318700771100036,4582.92431640625,11,Chenxi
2505318700771100037,3179.586181640625,11,Chenxi
2505318700771100038,2796.419921875,11,Chenxi
2505318700771100039,7415.13232421875,11,Chenxi
2505318700771100040,1994.54541015625,11,Chenxi
2505318700771100041,4459.70361328125,11,Chenxi
2505318700771100042,3870.518310546875,11,Chenxi
2505318700771100043,2041.7237548828125,11,Chenxi
2505318700771100044,2609.88623046875,11,Chenxi
2505318700771100045,3008.684814453125,11,Chenxi
2505318700771100048,4209.5673828125,11,Chenxi
2505318700771100049,5918.1435546875,11,Chenxi
2505318700771100050,1584.5673828125,11,Chenxi
2505318700771100052,5129.43603515625,11,Chenxi
2505318700772100001,10939.4599609375,11,Chenxi
2505318700772100002,4480.841796875,11,Chenxi
2505318700772100003,3338.723388671875,11,Chenxi
2505318700772100004,2684.340087890625,11,Chenxi
2505318700772100005,3544.09521484375,11,Chenxi
2505318700772100006,5796.73583984375,11,Chenxi
2505318700772100007,6191.6796875,11,Chenxi
2505318700772100008,6029.40869140625,11,Chenxi
2505318700772100009,5397.17333984375,11,Chenxi
2505318700772100010,5695.880859375,11,Chenxi
2505318700772100011,2110.93603515625,11,Chenxi
2505318700772100012,6255.7626953125,11,Chenxi
2505318700772100013,5035.138671875,11,Chenxi
2505318700772100014,5321.35205078125,11,Chenxi
2505318700772100015,4827.26220703125,11,Chenxi
2505318700772100016,4179.7021484375,11,Chenxi
2505318700772100017,8906.6630859375,11,Chenxi
2505318700772100018,4533.31298828125,11,Chenxi
2505318700772100019,2608.84814453125,11,Chenxi
2505318700772100020,4577.9736328125,11,Chenxi
2505318700772100021,6105.998046875,11,Chenxi
2505318700772100022,6973.173828125,11,Chenxi
2505318700772100023,6867.50927734375,11,Chenxi
2505318700772100026,4590.59765625,11,Chenxi
2505318700772100027,5198.4462890625,11,Chenxi
2505318700772100028,4151.29150390625,11,Chenxi
2505318700772100030,3293.875,11,Chenxi
2505318700772100031,6386.61572265625,11,Chenxi
2505318700772100032,4597.84423828125,11,Chenxi
2505318700772100033,2755.678466796875,11,Chenxi
2505318700772100034,3429.2568359375,11,Chenxi
2505318700775100005,5590.99755859375,16,Chenxi
2505318700775100006,2488.71240234375,16,Chenxi
2505318700775100007,6796.8955078125,16,Chenxi
2505318700775100008,4249.42431640625,16,Chenxi
2505318700775100009,4744.68603515625,16,Chenxi
2505318700775100010,10703.076171875,16,Chenxi
2505318700775100011,4841.724609375,16,Chenxi
2505318700775100012,1638.2222900390625,16,Chenxi
2505318700775100013,7279.3271484375,16,Chenxi
2505318700775100014,808.7599487304688,16,Chenxi
2505318700775100015,3605.478271484375,16,Chenxi
2505318700775100016,4989.646484375,16,Chenxi
2505318700775100017,1875.34716796875,16,Chenxi
2505318700775100018,2601.163330078125,16,Chenxi
2505318700775100019,4904.765625,16,Chenxi
2505318700775100020,2547.09423828125,16,Chenxi
2505318700775100021,3217.87109375,16,Chenxi
2505318700775100023,4018.587158203125,16,Chenxi
2505318700775100024,4921.47705078125,16,Chenxi
2505318700775100025,2126.6015625,16,Chenxi
2505318700775100026,863.6305541992188,16,Chenxi
2505318700775100027,4131.26416015625,16,Chenxi
2505318700775100028,4068.440185546875,16,Chenxi
2505318700775100029,3607.544677734375,16,Chenxi
2505318700775100030,3389.87451171875,16,Chenxi
2505318700775100031,1354.6009521484375,16,Chenxi
2505318700775100032,4924.0390625,16,Chenxi
2505318700775100033,5638.390625,16,Chenxi
2505318700775100034,6909.611328125,16,Chenxi
2505318700775100035,7734.677734375,16,Chenxi
2505318700775100036,5338.48486328125,16,Chenxi
2505318700775100037,3554.8837890625,16,Chenxi
2505318700775100038,4430.13037109375,16,Chenxi
2505318700775100039,2594.70703125,16,Chenxi
2505318700775100040,5487.224609375,16,Chenxi
2505318700775100041,2583.72412109375,16,Chenxi
2505318700775100042,4356.701171875,16,Chenxi
2505318700775100043,6464.12841796875,16,Chenxi
2505318700775100044,1714.9964599609375,16,Chenxi
2505318700775100045,3319.363037109375,16,Chenxi
2505318700775100046,3688.148681640625,16,Chenxi
2505318700775100047,3928.980224609375,16,Chenxi
2505318700775100048,2407.960205078125,16,Chenxi
2505318700775100049,4958.4453125,16,Chenxi
2505318700775100050,4945.17529296875,16,Chenxi
2505318700775100052,1987.5948486328125,16,Chenxi
2505318700775100053,4067.565673828125,16,Chenxi
2505318700775100054,1736.768310546875,16,Chenxi
2505318700775100055,8523.705078125,16,Chenxi
2505318700775100056,7363.26513671875,16,Chenxi
2505318700775100057,2479.79833984375,16,Chenxi
2505318700775100058,3502.534423828125,16,Chenxi
2505318700775100059,3337.328369140625,16,Chenxi
2505318700775100060,8331.509765625,16,Chenxi
2505318700775100061,2448.9267578125,16,Chenxi
2505318700775100062,3252.831298828125,16,Chenxi
2505318700775100063,7581.9326171875,16,Chenxi
2505318700775100064,6275.1455078125,16,Chenxi
2505318700775100065,2898.646728515625,16,Chenxi
2505318700775100066,4814.15576171875,16,Chenxi
2505318700775100067,6742.84619140625,16,Chenxi
2505318700775100068,5280.57177734375,16,Chenxi
2505318700775100069,2812.635986328125,16,Chenxi
2505318700775100070,2498.7490234375,16,Chenxi
2505318700775100071,3478.291748046875,16,Chenxi
2505318700775100072,4455.77392578125,16,Chenxi
2505318700775100073,4443.74853515625,16,Chenxi
2505318700775100074,6646.88232421875,16,Chenxi
2505318700775100075,5814.94287109375,16,Chenxi
2505318700775100076,8068.36962890625,16,Chenxi
2505318700775100078,4617.20166015625,16,Chenxi
2505318700776100005,2849.71142578125,16,Chenxi
2505318700776100007,3049.8369140625,16,Chenxi
2505318700776100008,3138.93408203125,16,Chenxi
2505318700776100009,2958.888916015625,16,Chenxi
2505318700776100010,1759.6456298828125,16,Chenxi
2505318700776100011,3499.390380859375,16,Chenxi
2505318700776100012,1423.1226806640625,16,Chenxi
2505318700776100013,1378.5736083984375,16,Chenxi
2505318700776100014,7363.51220703125,16,Chenxi
2505318700776100015,2302.451904296875,16,Chenxi
2505318700776100016,4537.65869140625,16,Chenxi
2505318700776100017,4807.38037109375,16,Chenxi
2505318700776100018,3643.73486328125,16,Chenxi
2505318700776100019,3736.10888671875,16,Chenxi
2505318700776100020,3352.869873046875,16,Chenxi
2505318700776100021,2175.10302734375,16,Chenxi
2505318700776100022,3317.597900390625,16,Chenxi
2505318700776100023,2397.39697265625,16,Chenxi
2505318700776100024,4492.97021484375,16,Chenxi
2505318700776100025,3493.861083984375,16,Chenxi
2505318700776100026,6067.10986328125,16,Chenxi
2505318700776100027,1762.9835205078125,16,Chenxi
2505318700776100028,1773.2747802734375,16,Chenxi
2505318700776100029,4432.43408203125,16,Chenxi
2505318700776100030,6714.41064453125,16,Chenxi
2505318700776100031,2377.7724609375,16,Chenxi
2505318700776100033,2497.26708984375,16,Chenxi
2505318700776100034,7309.7724609375,16,Chenxi
2505318700776100035,6134.0693359375,16,Chenxi
2505318700776100036,6886.046875,16,Chenxi
2505318700776100037,3052.01123046875,16,Chenxi
2505318700776100038,4708.70068359375,16,Chenxi
2505318700776100039,3086.5439453125,16,Chenxi
2505318700776100040,5561.3828125,16,Chenxi
2505318700776100041,4246.798828125,16,Chenxi
2505318700776100042,2512.365478515625,16,Chenxi
2505318700776100043,2761.865234375,16,Chenxi
2505318700776100045,2229.1953125,16,Chenxi
2505318700776100046,6204.8505859375,16,Chenxi
2505318700776100047,1223.4974365234375,16,Chenxi
2505318700776100048,1630.8094482421875,16,Chenxi
2505318700776100049,5174.8466796875,16,Chenxi
2505318700776100050,3741.755859375,16,Chenxi
2505318700776100051,3713.642578125,16,Chenxi
2505318700776100052,1507.112548828125,16,Chenxi
2505318700776100053,7922.1123046875,16,Chenxi
2505318700776100054,3917.11083984375,16,Chenxi
2505318700776100055,3167.7099609375,16,Chenxi
2505318700776100056,3475.172607421875,16,Chenxi
2505318700776100057,1787.3604736328125,16,Chenxi
2505318700776100058,4404.24658203125,16,Chenxi
2505318700776100059,3146.840576171875,16,Chenxi
2505318700776100060,4299.45068359375,16,Chenxi
2505318700776100061,1695.70556640625,16,Chenxi
2505318700776100062,5676.23974609375,16,Chenxi
2505318700776100063,5230.857421875,16,Chenxi
2505318700776100065,2986.14990234375,16,Chenxi
2505318700776100066,4409.82666015625,16,Chenxi
2505318700776100067,4403.06640625,16,Chenxi
2505318700776100068,3733.445556640625,16,Chenxi
2505318700776100070,3100.607666015625,16,Chenxi
2505318700776100071,4214.87353515625,16,Chenxi
2505318700776100072,3184.64599609375,16,Chenxi
2505318700776100073,3476.849365234375,16,Chenxi
2505318700776100074,4718.3251953125,16,Chenxi
2505318700776100075,2745.697021484375,16,Chenxi
2505318700776100076,5978.7080078125,16,Chenxi
2505318700776100077,1974.5789794921875,16,Chenxi
2505318700776100079,997.3336181640625,16,Chenxi
2505318700776100080,2951.51611328125,16,Chenxi
2505318700776100081,1660.2811279296875,16,Chenxi
2505318700776100082,2895.443603515625,16,Chenxi
2505318700776100083,3822.62451171875,16,Chenxi
2505318700776100084,3783.390380859375,16,Chenxi
2505318700776100085,2764.305419921875,16,Chenxi
2505318700776100086,3715.0771484375,16,Chenxi
2505318700776100088,1250.9268798828125,16,Chenxi
2505318700776100089,4527.1484375,16,Chenxi
2505318700776100090,2351.526611328125,16,Chenxi
2505318700776100091,2817.788330078125,16,Chenxi
2505318700776100092,4642.0146484375,16,Chenxi
2505318700776100093,2151.806884765625,16,Chenxi
2505318700776100094,3424.34130859375,16,Chenxi
2505318700776100095,2765.62841796875,16,Chenxi
2505318700776100096,3818.20654296875,16,Chenxi
2505318700776100097,3068.7041015625,16,Chenxi
2505318700776100098,4729.111328125,16,Chenxi
2505318700776100099,697.0220947265625,16,Chenxi
2505318700776100100,4686.1494140625,16,Chenxi
2505318700776100101,2084.482666015625,16,Chenxi
2505318700776100103,2523.2685546875,16,Chenxi
2505318700776100104,3236.407958984375,16,Chenxi
2505318700776100105,4007.586181640625,16,Chenxi
2505318700776100106,2225.599609375,16,Chenxi
2505318700776100107,3297.25830078125,16,Chenxi
2505318700776100108,2740.3759765625,16,Chenxi
2505318700776100109,4673.37353515625,16,Chenxi
2505318700776100110,6548.7646484375,16,Chenxi
2505318700776100111,6293.86376953125,16,Chenxi
2505318700776100112,3234.62890625,16,Chenxi
2505318700776100113,1607.0902099609375,16,Chenxi
2505318700776100114,6961.26904296875,16,Chenxi
2505318700776100115,2959.068603515625,16,Chenxi
2505318700776100116,4407.705078125,16,Chenxi
2505318700776100117,3643.461181640625,16,Chenxi
2505318700776100118,2493.829833984375,16,Chenxi
2505318700776100119,4743.8623046875,16,Chenxi
2505318700776100120,6251.078125,16,Chenxi
2505318700776100121,4062.2939453125,16,Chenxi
2505318700776100122,1856.7174072265625,16,Chenxi
2505318700776100123,2650.0810546875,16,Chenxi
2505318700776100124,3419.80224609375,16,Chenxi
2505318700776100125,4191.2099609375,16,Chenxi
2505318700776100126,2242.637451171875,16,Chenxi
2505318700776100127,3621.66552734375,16,Chenxi
2505318700776100128,2021.924072265625,16,Chenxi
2505318700776100129,5260.923828125,16,Chenxi
2505318700776100130,2938.483642578125,16,Chenxi
2505318700776100131,3677.7255859375,16,Chenxi
2505318700776100132,8035.37158203125,16,Chenxi
2505318700776100133,4371.06494140625,16,Chenxi
2505318700776100134,4115.4921875,16,Chenxi
2505318700776100135,1424.3206787109375,16,Chenxi
2505318700776100136,3156.822265625,16,Chenxi
2505318700776100137,5160.62158203125,16,Chenxi
2505318700776100138,2859.947509765625,16,Chenxi
2505318700776100139,4863.3427734375,16,Chenxi
2505318700776100140,4429.396484375,16,Chenxi
2505318700776100141,2904.333740234375,16,Chenxi
2505318700776100143,2552.3017578125,16,Chenxi
2505318700776100144,3833.983154296875,16,Chenxi
2505318700776100145,6142.55908203125,16,Chenxi
2505318700776100146,4079.513671875,16,Chenxi
2505318700776100147,6164.60546875,16,Chenxi
2505318700776100148,3699.501220703125,16,Chenxi
2505318700776100149,1176.6466064453125,16,Chenxi
2505318700776100150,10932.3515625,16,Chenxi
2505318700776100151,2773.458740234375,16,Chenxi
2505318700776100152,11648.8349609375,16,Chenxi
2505318700776100153,4741.39892578125,16,Chenxi
2505318700776100154,3333.8486328125,16,Chenxi
2505318700776100156,2104.25830078125,16,Chenxi
2505318700776100157,2428.093017578125,16,Chenxi
2505318700777100009,4537.27734375,16,Chenxi
2505318700777100010,4570.61181640625,16,Chenxi
2505318700777100011,2822.42041015625,16,Chenxi
2505318700777100012,2242.884765625,16,Chenxi
2505318700777100013,1818.926513671875,16,Chenxi
2505318700777100014,1782.4346923828125,16,Chenxi
2505318700777100015,5396.1083984375,16,Chenxi
2505318700777100016,1948.057373046875,16,Chenxi
2505318700777100017,1899.6256103515625,16,Chenxi
2505318700777100019,2083.837158203125,16,Chenxi
2505318700777100020,2298.423828125,16,Chenxi
2505318700777100021,2872.59716796875,16,Chenxi
2505318700777100022,3235.8681640625,16,Chenxi
2505318700777100023,1788.5894775390625,16,Chenxi
2505318700777100024,4713.21923828125,16,Chenxi
2505318700777100025,4440.166015625,16,Chenxi
2505318700777100026,3045.40087890625,16,Chenxi
2505318700777100027,6262.1875,16,Chenxi
2505318700777100028,757.7325439453125,16,Chenxi
2505318700777100029,3512.077880859375,16,Chenxi
2505318700777100030,1486.657470703125,16,Chenxi
2505318700777100031,3262.744873046875,16,Chenxi
2505318700777100032,2259.056640625,16,Chenxi
2505318700777100034,4700.8896484375,16,Chenxi
2505318700777100035,2503.075439453125,16,Chenxi
2505318700777100036,2130.833740234375,16,Chenxi
2505318700777100037,4372.892578125,16,Chenxi
2505318700777100038,2170.662353515625,16,Chenxi
2505318700777100039,2131.96240234375,16,Chenxi
2505318700777100040,2502.381591796875,16,Chenxi
2505318700777100041,1896.744140625,16,Chenxi
2505318700777100042,5547.09033203125,16,Chenxi
2505318700777100043,1895.2576904296875,16,Chenxi
2505318700777100044,1617.2818603515625,16,Chenxi
2505318700777100046,3766.30810546875,16,Chenxi
2505318700777100047,2637.3115234375,16,Chenxi
2505318700777100048,3759.873046875,16,Chenxi
2505318700777100049,2466.658935546875,16,Chenxi
2505318700777100050,2546.0029296875,16,Chenxi
2505318700777100051,5295.0517578125,16,Chenxi
2505318700777100052,4408.62548828125,16,Chenxi
2505318700777100053,2611.183349609375,16,Chenxi
2505318700777100054,4389.0439453125,16,Chenxi
2505318700777100055,3765.76708984375,16,Chenxi
2505318700777100056,5269.41796875,16,Chenxi
2505318700777100058,2298.602294921875,16,Chenxi
2505318700777100059,3356.537353515625,16,Chenxi
2505318700777100060,2872.6572265625,16,Chenxi
2505318700777100061,3788.853271484375,16,Chenxi
2505318700777100063,2394.7041015625,16,Chenxi
2505318700777100064,3668.079345703125,16,Chenxi
2505318700777100065,3181.725341796875,16,Chenxi
2505318700777100066,957.7507934570312,16,Chenxi
2505318700777100067,3920.94580078125,16,Chenxi
2505318700777100069,4351.94189453125,16,Chenxi
2505318700777100070,1749.994873046875,16,Chenxi
2505318700777100071,6184.810546875,16,Chenxi
2505318700777100073,5342.43994140625,16,Chenxi
2505318700780100001,8328.595703125,19,Chenxi
2505318700780100002,2666.0009765625,19,Chenxi
2505318700780100003,4786.37646484375,19,Chenxi
2505318700780100004,16142.5439453125,19,Chenxi
2505318700780100005,4460.4482421875,19,Chenxi
2505318700780100006,3581.149658203125,19,Chenxi
2505318700780100007,4718.630859375,19,Chenxi
2505318700780100008,5998.37255859375,19,Chenxi
2505318700780100009,3192.10498046875,19,Chenxi
2505318700780100010,3316.044921875,19,Chenxi
2505318700780100011,7436.2978515625,19,Chenxi
2505318700780100012,2827.171630859375,19,Chenxi
2505318700780100013,7394.16357421875,19,Chenxi
2505318700780100014,4276.66943359375,19,Chenxi
2505318700780100015,3377.681884765625,19,Chenxi
2505318700780100016,5275.84423828125,19,Chenxi
2505318700780100017,2305.4716796875,19,Chenxi
2505318700780100018,4244.5029296875,19,Chenxi
2505318700780100019,3889.6962890625,19,Chenxi
2505318700780100020,6869.6337890625,19,Chenxi
2505318700780100021,4291.95166015625,19,Chenxi
2505318700780100022,4991.1044921875,19,Chenxi
2505318700780100023,3865.922607421875,19,Chenxi
2505318700780100024,4887.1708984375,19,Chenxi
2505318700780100025,2034.1165771484375,19,Chenxi
2505318700780100026,4705.2978515625,19,Chenxi
2505318700780100027,4961.0498046875,19,Chenxi
2505318700780100028,1886.2762451171875,19,Chenxi
2505318700780100029,4700.82177734375,19,Chenxi
2505318700780100030,3180.310791015625,19,Chenxi
2505318700780100031,4216.552734375,19,Chenxi
2505318700780100032,3960.611328125,19,Chenxi
2505318700780100033,5180.08251953125,19,Chenxi
2505318700780100034,4060.6044921875,19,Chenxi
2505318700780100035,3610.41162109375,19,Chenxi
2505318700780100036,6437.69677734375,19,Chenxi
2505318700780100038,3725.23974609375,19,Chenxi
2505318700780100039,5354.6845703125,19,Chenxi
2505318700780100040,2565.458251953125,19,Chenxi
2505318700780100041,2277.640869140625,19,Chenxi
2505318700780100042,4857.5693359375,19,Chenxi
2505318700780100043,2579.941650390625,19,Chenxi
2505318700780100044,6137.58544921875,19,Chenxi
2505318700780100045,994.9263916015625,19,Chenxi
2505318700780100046,7854.94482421875,19,Chenxi
2505318700780100047,2884.041748046875,19,Chenxi
2505318700780100049,1866.611572265625,19,Chenxi
2505318700780100050,2494.980224609375,19,Chenxi
2505318700780100051,7261.75537109375,19,Chenxi
2505318700780100052,3511.77587890625,19,Chenxi
2505318700780100053,3223.933349609375,19,Chenxi
2505318700781100001,6122.7294921875,19,Chenxi
2505318700781100002,6480.23193359375,19,Chenxi
2505318700781100005,1264.4581298828125,19,Chenxi
2505318700781100006,3510.294189453125,19,Chenxi
2505318700781100007,5486.65380859375,19,Chenxi
2505318700781100008,2220.500732421875,19,Chenxi
2505318700781100010,2479.5322265625,19,Chenxi
2505318700781100011,2461.59423828125,19,Chenxi
2505318700781100012,9730.7607421875,19,Chenxi
2505318700781100013,3042.37890625,19,Chenxi
2505318700781100014,4653.7861328125,19,Chenxi
2505318700781100015,3293.46142578125,19,Chenxi
2505318700781100016,4442.48779296875,19,Chenxi
2505318700781100017,1327.2176513671875,19,Chenxi
2505318700781100018,3948.2265625,19,Chenxi
2505318700781100019,2832.784423828125,19,Chenxi
2505318700781100020,6009.474609375,19,Chenxi
2505318700781100021,8609.658203125,19,Chenxi
2505318700781100022,2156.418701171875,19,Chenxi
2505318700781100023,2972.0068359375,19,Chenxi
2505318700781100024,2760.257568359375,19,Chenxi
2505318700781100025,4184.99853515625,19,Chenxi
2505318700781100026,1869.562744140625,19,Chenxi
2505318700781100027,1729.4130859375,19,Chenxi
2505318700781100028,1587.635498046875,19,Chenxi
2505318700781100029,2851.715087890625,19,Chenxi
2505318700781100030,4615.005859375,19,Chenxi
2505318700781100031,4215.00830078125,19,Chenxi
2505318700781100033,3692.563720703125,19,Chenxi
2505318700781100034,6064.6591796875,19,Chenxi
2505318700781100035,4800.23583984375,19,Chenxi
2505318700781100036,3613.431396484375,19,Chenxi
2505318700781100037,2925.693603515625,19,Chenxi
2505318700781100038,3282.35791015625,19,Chenxi
2505318700781100039,3135.008544921875,19,Chenxi
2505318700781100040,2520.554931640625,19,Chenxi
2505318700781100041,5148.05517578125,19,Chenxi
2505318700781100042,3188.971923828125,19,Chenxi
2505318700781100044,6147.3427734375,19,Chenxi
2505318700781100045,3052.961669921875,19,Chenxi
2505318700781100046,3721.373779296875,19,Chenxi
2505318700781100047,8199.177734375,19,Chenxi
2505318700781100048,8121.45556640625,19,Chenxi
2505318700781100049,4022.303955078125,19,Chenxi
2505318700781100050,3203.986572265625,19,Chenxi
2505318700781100052,4282.9599609375,19,Chenxi
2505318700781100053,3112.5166015625,19,Chenxi
2505318700781100054,2382.902587890625,19,Chenxi
2505318700781100055,4712.8076171875,19,Chenxi
2505318700781100056,3197.431640625,19,Chenxi
2505318700781100057,2657.7607421875,19,Chenxi
2505318700781100058,4146.234375,19,Chenxi
2505318700781100059,7452.2080078125,19,Chenxi
2505318700781100061,1732.8074951171875,19,Chenxi
2505318700781100062,5322.36962890625,19,Chenxi
2505318700781100063,3916.062255859375,19,Chenxi
2505318700781100064,3692.870361328125,19,Chenxi
2505318700781100065,3721.459716796875,19,Chenxi
2505318700781100066,5608.49658203125,19,Chenxi
2505318700781100067,6123.24267578125,19,Chenxi
2505318700781100068,778.8907470703125,19,Chenxi
2505318700781100069,4918.91259765625,19,Chenxi
2505318700781100070,1902.6085205078125,19,Chenxi
2505318700781100071,1280.5146484375,19,Chenxi
2505318700781100072,4713.20263671875,19,Chenxi
2505318700781100073,3204.943359375,19,Chenxi
2505318700781100075,2054.5068359375,19,Chenxi
2505318700781100076,3491.08056640625,19,Chenxi
2505318700781100077,3191.713623046875,19,Chenxi
2505318700781100078,3780.434814453125,19,Chenxi
2505318700781100079,1181.62451171875,19,Chenxi
2505318700781100080,4991.2578125,19,Chenxi
2505318700781100081,3918.204833984375,19,Chenxi
2505318700781100082,4878.73046875,19,Chenxi
2505318700781100083,2275.0927734375,19,Chenxi
2505318700781100084,1309.3834228515625,19,Chenxi
2505318700781100086,6048.19580078125,19,Chenxi
2505318700781100087,6609.6748046875,19,Chenxi
2505318700781100088,3954.876708984375,19,Chenxi
2505318700781100089,2918.94970703125,19,Chenxi
2505318700781100090,3521.33984375,19,Chenxi
2505318700781100091,3904.7001953125,19,Chenxi
2505318700781100092,3171.322021484375,19,Chenxi
2505318700781100093,2042.7161865234375,19,Chenxi
2505318700781100094,3693.555908203125,19,Chenxi
2505318700781100096,2929.33935546875,19,Chenxi
2505318700781100097,2569.363037109375,19,Chenxi
2505318700781100098,1107.0084228515625,19,Chenxi
2505318700781100099,3256.471435546875,19,Chenxi
2505318700781100101,944.027587890625,19,Chenxi
2505318700781100105,2432.732177734375,19,Chenxi
2505318700782100002,4016.132080078125,19,Chenxi
2505318700782100003,5618.47216796875,19,Chenxi
2505318700782100004,5152.8525390625,19,Chenxi
2505318700782100005,4100.474609375,19,Chenxi
2505318700782100006,2609.693359375,19,Chenxi
2505318700782100007,8419.98828125,19,Chenxi
2505318700782100008,3773.461181640625,19,Chenxi
2505318700782100010,3210.93310546875,19,Chenxi
2505318700782100011,3892.321533203125,19,Chenxi
2505318700782100012,4410.7744140625,19,Chenxi
2505318700782100013,4393.73291015625,19,Chenxi
2505318700782100014,1574.529052734375,19,Chenxi
2505318700782100015,1884.42578125,19,Chenxi
2505318700782100016,4182.693359375,19,Chenxi
2505318700782100017,3898.121826171875,19,Chenxi
2505318700782100018,3100.444580078125,19,Chenxi
2505318700782100019,4620.18212890625,19,Chenxi
2505318700782100020,3121.823486328125,19,Chenxi
2505318700782100021,1752.0009765625,19,Chenxi
2505318700782100022,3724.284423828125,19,Chenxi
2505318700782100023,4459.14306640625,19,Chenxi
2505318700782100025,11824.296875,19,Chenxi
2505318700782100026,5437.38232421875,19,Chenxi
2505318700782100027,6590.81494140625,19,Chenxi
2505318700782100030,6269.607421875,19,Chenxi
2505318700782100031,3089.8857421875,19,Chenxi
2505318700782100032,3083.898193359375,19,Chenxi
2505318700782100033,4155.119140625,19,Chenxi
2505318700782100036,5144.53271484375,19,Chenxi
2505318700782100037,6756.310546875,19,Chenxi
2505318700782100038,2529.57763671875,19,Chenxi
2505318700782100039,2185.6171875,19,Chenxi
2505318700782100040,3596.19970703125,19,Chenxi
2505318700782100041,7771.408203125,19,Chenxi
2505318700782100042,1359.09912109375,19,Chenxi
2505318700782100043,3912.202392578125,19,Chenxi
2505318700782100044,4470.25537109375,19,Chenxi
2505318700782100045,3042.94970703125,19,Chenxi
2505318700782100046,2725.806884765625,19,Chenxi
2505318700782100047,4788.25537109375,19,Chenxi
2505318700782100048,6190.298828125,19,Chenxi
2505318700782100049,5994.69287109375,19,Chenxi
2505318700782100050,10329.30859375,19,Chenxi
2505318700782100051,1532.70947265625,19,Chenxi
2505318700782100052,7299.23291015625,19,Chenxi
2505318700782100053,5696.17236328125,19,Chenxi
2505318700782100054,3014.835205078125,19,Chenxi
2505318700782100055,2498.150390625,19,Chenxi
2505318700782100056,6354.52587890625,19,Chenxi
2505318700782100057,6736.79443359375,19,Chenxi
2505318700782100059,2292.343994140625,19,Chenxi
2505318700783100004,3388.481201171875,19,Chenxi
2505318700783100011,7384.85400390625,19,Chenxi
2505318700783100014,2686.237060546875,19,Chenxi
2505318700783100015,9753.693359375,19,Chenxi
2505318700783100016,2850.59716796875,19,Chenxi
2505318700788100001,2936.74169921875,2,Chenxi
2505318700788100003,3485.807861328125,2,Chenxi
2505318700788100004,2436.611572265625,2,Chenxi
2505318700789100010,2057.170654296875,2,Chenxi
2505318700789100011,984.0385131835938,2,Chenxi
2505318700789100012,3829.832763671875,2,Chenxi
2505318700789100013,7324.14501953125,2,Chenxi
2505318700789100014,4205.5576171875,2,Chenxi
2505318700789100017,3921.401123046875,2,Chenxi
2505318700789100018,1670.5238037109375,2,Chenxi
2505318700789100019,1713.4969482421875,2,Chenxi
2505318700789100020,2882.968505859375,2,Chenxi
2505318700789100021,3656.721923828125,2,Chenxi
2505318700789100022,4525.41552734375,2,Chenxi
2505318700789100023,3190.996337890625,2,Chenxi
2505318700789100024,3074.3330078125,2,Chenxi
2505318700789100025,2040.5252685546875,2,Chenxi
2505318700789100026,4192.84375,2,Chenxi
2505318700789100027,1540.883544921875,2,Chenxi
2505318700789100028,4997.76025390625,2,Chenxi
2505318700789100029,2108.204833984375,2,Chenxi
2505318700789100030,4774.52490234375,2,Chenxi
2505318700789100031,4151.072265625,2,Chenxi
2505318700789100032,2045.82958984375,2,Chenxi
2505318700789100033,4492.0390625,2,Chenxi
2505318700789100034,3073.44921875,2,Chenxi
2505318700789100035,8593.470703125,2,Chenxi
2505318700789100036,4844.70849609375,2,Chenxi
2505318700789100037,3318.263427734375,2,Chenxi
2505318700789100038,1420.297607421875,2,Chenxi
2505318700789100039,4210.50146484375,2,Chenxi
2505318700789100041,4462.32568359375,2,Chenxi
2505318700789100043,2572.847900390625,2,Chenxi
2505318700789100044,2753.215576171875,2,Chenxi
2505318700789100045,2477.0029296875,2,Chenxi
2505318700789100046,3252.337158203125,2,Chenxi
2505318700789100047,2684.93359375,2,Chenxi
2505318700790100005,3618.07958984375,2,Chenxi
2505318700790100006,9014.3251953125,2,Chenxi
2505318700790100007,2679.66796875,2,Chenxi
2505318700790100008,2099.41357421875,2,Chenxi
2505318700790100010,5846.671875,2,Chenxi
2505318700790100011,2512.426025390625,2,Chenxi
2505318700790100012,6091.45654296875,2,Chenxi
2505318700790100014,7693.2783203125,2,Chenxi
2505318700790100015,1688.1624755859375,2,Chenxi
2505318700793100004,1893.978515625,6,Chenxi
2505318700793100007,5330.5224609375,6,Chenxi
2505318700793100008,4901.9462890625,6,Chenxi
2505318700793100009,3241.5205078125,6,Chenxi
2505318700793100010,3076.75048828125,6,Chenxi
2505318700793100012,3495.691162109375,6,Chenxi
2505318700793100013,1852.9908447265625,6,Chenxi
2505318700794100003,6054.92724609375,6,Chenxi
2505318700794100004,5919.49365234375,6,Chenxi
2505318700794100005,4100.23095703125,6,Chenxi
2505318700794100007,7216.9765625,6,Chenxi
2505318700794100008,5886.806640625,6,Chenxi
2505318700794100009,6990.705078125,6,Chenxi
2505318700794100010,2965.701416015625,6,Chenxi
2505318700794100011,7468.44580078125,6,Chenxi
2505318700794100012,4177.568359375,6,Chenxi
2505318700794100013,6321.291015625,6,Chenxi
2505318700794100014,3422.806884765625,6,Chenxi
2505318700794100015,3426.76806640625,6,Chenxi
2505318700794100017,4370.9921875,6,Chenxi
2505318700794100018,2338.749267578125,6,Chenxi
2505318700794100019,5519.0751953125,6,Chenxi
2505318700794100020,4288.576171875,6,Chenxi
2505318700794100021,2569.529296875,6,Chenxi
2505318700794100022,5539.66064453125,6,Chenxi
2505318700794100023,5684.94287109375,6,Chenxi
2505318700794100024,4198.00927734375,6,Chenxi
2505318700794100025,5168.853515625,6,Chenxi
2505318700794100026,4062.660888671875,6,Chenxi
2505318700794100027,5505.3056640625,6,Chenxi
2505318700794100028,2778.77294921875,6,Chenxi
2505318700794100029,5137.78662109375,6,Chenxi
2505318700794100030,10690.3203125,6,Chenxi
2505318700794100031,2651.98583984375,6,Chenxi
2505318700794100032,2847.9423828125,6,Chenxi
2505318700794100033,5937.080078125,6,Chenxi
2505318700794100034,4107.8466796875,6,Chenxi
2505318700794100035,10575.5107421875,6,Chenxi
2505318700794100036,7175.7978515625,6,Chenxi
2505318700794100037,4329.81787109375,6,Chenxi
2505318700794100038,5840.98388671875,6,Chenxi
2505318700794100039,4067.710205078125,6,Chenxi
2505318700794100040,5727.68505859375,6,Chenxi
2505318700794100041,5829.609375,6,Chenxi
2505318700794100042,4069.585693359375,6,Chenxi
2505318700794100044,2990.811279296875,6,Chenxi
2505318700794100045,2201.064208984375,6,Chenxi
2505318700794100046,4815.6416015625,6,Chenxi
2505318700794100047,4084.41455078125,6,Chenxi
2505318700794100048,4219.431640625,6,Chenxi
2505318700794100049,2761.573486328125,6,Chenxi
2505318700794100050,4320.0439453125,6,Chenxi
2505318700794100051,4694.5830078125,6,Chenxi
2505318700794100052,2092.968994140625,6,Chenxi
2505318700794100053,5248.37255859375,6,Chenxi
2505318700794100054,1757.8638916015625,6,Chenxi
2505318700795100001,8578.4716796875,6,Chenxi
2505318700795100002,3981.700439453125,6,Chenxi
2505318700795100003,5770.59521484375,6,Chenxi
2505318700795100004,6666.564453125,6,Chenxi
2505318700795100005,7611.33837890625,6,Chenxi
2505318700795100006,6120.22802734375,6,Chenxi
2505318700795100007,3463.357421875,6,Chenxi
2505318700795100008,5248.2138671875,6,Chenxi
2505318700795100009,6789.92529296875,6,Chenxi
2505318700795100010,2949.095458984375,6,Chenxi
2505318700795100011,5371.14990234375,6,Chenxi
2505318700795100012,3361.895751953125,6,Chenxi
2505318700795100013,2244.533935546875,6,Chenxi
2505318700795100014,2785.422119140625,6,Chenxi
2505318700795100015,7666.00634765625,6,Chenxi
2505318700795100016,3441.221923828125,6,Chenxi
2505318700795100017,5977.93603515625,6,Chenxi
2505318700795100018,3434.432373046875,6,Chenxi
2505318700795100019,3786.569091796875,6,Chenxi
2505318700795100020,3507.3837890625,6,Chenxi
2505318700795100021,3515.71728515625,6,Chenxi
2505318700795100022,3377.306640625,6,Chenxi
2505318700795100023,3858.216552734375,6,Chenxi
2505318700795100025,8470.5888671875,6,Chenxi
2505318700795100026,1586.6158447265625,6,Chenxi
2505318700795100027,4728.7490234375,6,Chenxi
2505318700795100028,3511.0458984375,6,Chenxi
2505318700795100029,3810.95458984375,6,Chenxi
2505318700795100030,4604.73974609375,6,Chenxi
2505318700795100031,7165.16552734375,6,Chenxi
2505318700795100032,6795.7998046875,6,Chenxi
2505318700795100034,4614.68701171875,6,Chenxi
2505318700798100003,5488.46044921875,11,Chenxi
2505318700798100004,3336.9462890625,11,Chenxi
2505318700798100006,2401.92626953125,11,Chenxi
2505318700798100007,3732.7939453125,11,Chenxi
2505318700799100006,4676.48583984375,11,Chenxi
2505318700799100007,1980.198486328125,11,Chenxi
2505318700799100008,5930.283203125,11,Chenxi
2505318700799100009,2297.269775390625,11,Chenxi
2505318700799100010,3659.2421875,11,Chenxi
2505318700799100011,2855.0517578125,11,Chenxi
2505318700799100012,2524.3310546875,11,Chenxi
2505318700799100013,4146.21826171875,11,Chenxi
2505318700799100014,6612.203125,11,Chenxi
2505318700799100015,8505.8154296875,11,Chenxi
2505318700799100016,6263.546875,11,Chenxi
2505318700799100017,8867.130859375,11,Chenxi
2505318700799100018,4887.771484375,11,Chenxi
2505318700804100002,2676.08251953125,16,Chenxi
2505318700809100007,3229.202880859375,19,Chenxi
2505318700809100008,3030.439453125,19,Chenxi
2505318700809100009,4011.287109375,19,Chenxi
2505318700809100010,4435.884765625,19,Chenxi
2505318700809100011,4734.42333984375,19,Chenxi
2505318700809100012,7963.02685546875,19,Chenxi
2505318700809100013,4631.44677734375,19,Chenxi
2505318700809100014,2891.5771484375,19,Chenxi
2505318700845100001,4889.56103515625,3,Chenxi
2505318700845100002,6584.0498046875,3,Chenxi
2505318700845100003,1920.18017578125,3,Chenxi
2505318700845100004,4807.03125,3,Chenxi
2505318700845100005,2408.578125,3,Chenxi
2505318700845100006,6240.7744140625,3,Chenxi
2505318700845100007,4692.63427734375,3,Chenxi
2505318700845100008,3231.21337890625,3,Chenxi
2505318700845100009,2627.36474609375,3,Chenxi
2505318700845100010,5587.24755859375,3,Chenxi
2505318700845100011,3881.318603515625,3,Chenxi
2505318700845100012,2678.305908203125,3,Chenxi
2505318700846100001,4307.16650390625,3,Chenxi
2505318700846100002,6992.130859375,3,Chenxi
2505318700846100003,4431.671875,3,Chenxi
2505318700846100004,4718.94921875,3,Chenxi
2505318700846100005,3742.07421875,3,Chenxi
2505318700846100006,7292.7919921875,3,Chenxi
2505318700846100007,5093.447265625,3,Chenxi
2505318700846100008,7299.12158203125,3,Chenxi
2505318700846100009,5315.81640625,3,Chenxi
2505318700846100010,4564.43310546875,3,Chenxi
2505318700846100013,1949.3914794921875,3,Chenxi
2505318700849100003,5465.044921875,8,Chenxi
2505318700849100004,2870.337890625,8,Chenxi
2505318700849100005,2116.02099609375,8,Chenxi
2505318700849100006,2742.748046875,8,Chenxi
2505318700850100001,5091.55029296875,8,Chenxi
2505318700850100002,4936.5830078125,8,Chenxi
2505318700850100003,5678.91015625,8,Chenxi
2505318700850100004,6811.9443359375,8,Chenxi
2505318700850100005,5347.29833984375,8,Chenxi
2505318700850100006,5894.05615234375,8,Chenxi
2505318700850100007,3541.075927734375,8,Chenxi
2505318700850100008,7419.41357421875,8,Chenxi
2505318700850100009,3854.191650390625,8,Chenxi
2505318700850100010,11217.7841796875,8,Chenxi
2505318700850100011,6690.66552734375,8,Chenxi
2505318700850100012,5802.43994140625,8,Chenxi
2505318700850100013,8001.98583984375,8,Chenxi
2505318700850100014,3672.734619140625,8,Chenxi
2505318700850100015,4267.423828125,8,Chenxi
2505318700850100016,7515.61767578125,8,Chenxi
2505318700850100017,2380.75390625,8,Chenxi
2505318700850100018,3519.1943359375,8,Chenxi
2505318700850100019,6005.03369140625,8,Chenxi
2505318700850100020,3711.39111328125,8,Chenxi
2505318700850100021,3703.318359375,8,Chenxi
2505318700850100022,8138.392578125,8,Chenxi
2505318700850100023,9873.9091796875,8,Chenxi
2505318700851100001,6546.24853515625,8,Chenxi
2505318700851100002,4179.2373046875,8,Chenxi
2505318700851100004,3676.417724609375,8,Chenxi
2505318700851100005,4651.55810546875,8,Chenxi
2505318700851100006,6986.81591796875,8,Chenxi
2505318700851100007,5161.0595703125,8,Chenxi
2505318700851100008,6917.37744140625,8,Chenxi
2505318700851100009,6591.197265625,8,Chenxi
2505318700851100010,8568.9619140625,8,Chenxi
2505318700851100011,2504.7880859375,8,Chenxi
2505318700851100012,6601.10302734375,8,Chenxi
2505318700851100013,4842.29443359375,8,Chenxi
2505318700852100002,2382.612548828125,8,Chenxi
2505318700852100004,2080.644287109375,8,Chenxi
2505318700852100005,1313.2593994140625,8,Chenxi
2505318700852100006,2070.10986328125,8,Chenxi
2505318700852100007,2158.4853515625,8,Chenxi
2505318700854100001,8551.7041015625,12,Chenxi
2505318700854100002,5351.92626953125,12,Chenxi
2505318700854100003,3741.518798828125,12,Chenxi
2505318700854100004,6424.6083984375,12,Chenxi
2505318700854100005,3905.0673828125,12,Chenxi
2505318700854100006,8784.509765625,12,Chenxi
2505318700854100007,5858.5771484375,12,Chenxi
2505318700854100008,4203.9189453125,12,Chenxi
2505318700854100009,5304.607421875,12,Chenxi
2505318700854100010,2943.27783203125,12,Chenxi
2505318700854100011,10209.166015625,12,Chenxi
2505318700854100012,3734.4814453125,12,Chenxi
2505318700854100013,6449.14208984375,12,Chenxi
2505318700854100014,5792.837890625,12,Chenxi
2505318700854100015,5797.74853515625,12,Chenxi
2505318700854100016,4636.9443359375,12,Chenxi
2505318700854100017,5821.30517578125,12,Chenxi
2505318700854100019,4179.43212890625,12,Chenxi
2505318700854100020,3327.486328125,12,Chenxi
2505318700854100021,3471.732666015625,12,Chenxi
2505318700855100001,6126.90380859375,12,Chenxi
2505318700855100002,6956.4970703125,12,Chenxi
2505318700855100003,3805.618896484375,12,Chenxi
2505318700855100004,5168.18896484375,12,Chenxi
2505318700855100006,5229.4384765625,12,Chenxi
2505318700855100007,14678.6435546875,12,Chenxi
2505318700855100008,4557.92822265625,12,Chenxi
2505318700855100009,2890.623779296875,12,Chenxi
2505318700855100010,3348.771240234375,12,Chenxi
2505318700855100011,6388.03369140625,12,Chenxi
2505318700855100012,3683.399658203125,12,Chenxi
2505318700855100014,4293.58642578125,12,Chenxi
2505318700855100015,12691.287109375,12,Chenxi
2505318700855100016,2191.247314453125,12,Chenxi
2505318700855100017,9524.74609375,12,Chenxi
2505318700855100018,2519.5517578125,12,Chenxi
2505318700855100019,5403.0576171875,12,Chenxi
2505318700855100020,7600.5615234375,12,Chenxi
2505318700855100021,4038.35009765625,12,Chenxi
2505318700855100022,5303.46142578125,12,Chenxi
2505318700855100023,8592.0087890625,12,Chenxi
2505318700855100024,8603.8564453125,12,Chenxi
2505318700855100025,4311.44091796875,12,Chenxi
2505318700855100026,7231.74169921875,12,Chenxi
2505318700855100027,3744.159912109375,12,Chenxi
2505318700855100028,6489.73046875,12,Chenxi
2505318700855100029,2791.7568359375,12,Chenxi
2505318700855100030,3785.965087890625,12,Chenxi
2505318700855100031,5520.46533203125,12,Chenxi
2505318700855100033,6635.224609375,12,Chenxi
2505318700855100035,5748.45654296875,12,Chenxi
2505318700855100036,3992.85009765625,12,Chenxi
2505318700855100037,4980.76171875,12,Chenxi
2505318700855100038,3186.1025390625,12,Chenxi
2505318700856100001,2680.551513671875,12,Chenxi
2505318700856100003,11834.70703125,12,Chenxi
2505318700856100005,5854.12939453125,12,Chenxi
2505318700856100006,6085.09619140625,12,Chenxi
2505318700856100007,3496.93212890625,12,Chenxi
2505318700856100008,3544.482177734375,12,Chenxi
2505318700856100009,3168.43115234375,12,Chenxi
2505318700856100010,9997.4013671875,12,Chenxi
2505318700856100011,5494.48095703125,12,Chenxi
2505318700856100012,6089.54638671875,12,Chenxi
2505318700856100013,4967.35888671875,12,Chenxi
2505318700856100014,2870.138427734375,12,Chenxi
2505318700856100015,5064.01708984375,12,Chenxi
2505318700856100016,9728.900390625,12,Chenxi
2505318700856100017,5110.77197265625,12,Chenxi
2505318700856100018,5464.31884765625,12,Chenxi
2505318700856100019,9415.0703125,12,Chenxi
2505318700856100020,6613.9453125,12,Chenxi
2505318700856100021,4128.16015625,12,Chenxi
2505318700856100022,4138.4072265625,12,Chenxi
2505318700856100023,5324.787109375,12,Chenxi
2505318700856100024,3335.5478515625,12,Chenxi
2505318700856100025,6719.69287109375,12,Chenxi
2505318700856100026,3348.962890625,12,Chenxi
2505318700856100028,5382.4091796875,12,Chenxi
2505318700856100029,2659.638916015625,12,Chenxi
2505318700856100030,5377.55908203125,12,Chenxi
2505318700856100031,8403.216796875,12,Chenxi
2505318700856100032,3374.2412109375,12,Chenxi
2505318700856100033,3036.29248046875,12,Chenxi
2505318700857100002,1539.2147216796875,12,Chenxi
2505318700857100003,1115.390625,12,Chenxi
2505318700859100001,2703.653076171875,17,Chenxi
2505318700859100002,4411.96337890625,17,Chenxi
2505318700860100001,5865.88525390625,17,Chenxi
2505318700860100002,4206.05078125,17,Chenxi
2505318700860100003,4548.587890625,17,Chenxi
2505318700860100004,2126.863525390625,17,Chenxi
2505318700860100005,3204.0830078125,17,Chenxi
2505318700860100006,5415.74658203125,17,Chenxi
2505318700860100007,5057.64990234375,17,Chenxi
2505318700860100009,7494.21533203125,17,Chenxi
2505318700860100010,4845.09521484375,17,Chenxi
2505318700860100011,3315.321044921875,17,Chenxi
2505318700860100012,4012.239501953125,17,Chenxi
2505318700860100013,4334.99365234375,17,Chenxi
2505318700860100014,4887.9775390625,17,Chenxi
2505318700860100015,2234.860107421875,17,Chenxi
2505318700860100016,3615.251953125,17,Chenxi
2505318700860100018,3460.439697265625,17,Chenxi
2505318700860100019,7874.19677734375,17,Chenxi
2505318700860100021,3691.710693359375,17,Chenxi
2505318700860100022,7007.57373046875,17,Chenxi
2505318700860100023,5935.1728515625,17,Chenxi
2505318700860100024,3357.3056640625,17,Chenxi
2505318700861100002,1553.2144775390625,17,Chenxi
2505318700861100003,4890.47705078125,17,Chenxi
2505318700861100004,4464.744140625,17,Chenxi
2505318700861100005,3648.42578125,17,Chenxi
2505318700861100006,6028.01025390625,17,Chenxi
2505318700861100007,4896.3408203125,17,Chenxi
2505318700861100008,5007.91015625,17,Chenxi
2505318700861100009,2711.064697265625,17,Chenxi
2505318700861100010,3197.41357421875,17,Chenxi
2505318700872100001,3798.16455078125,3,Chenxi
2505318700872100002,5225.95361328125,3,Chenxi
2505318700872100003,2520.379150390625,3,Chenxi
2505318700872100004,2072.4072265625,3,Chenxi
2505318700872100005,3004.604736328125,3,Chenxi
2505318700872100007,11628.7470703125,3,Chenxi
2505318700872100008,1246.4393310546875,3,Chenxi
2505318700872100009,2616.61474609375,3,Chenxi
2505318700872100010,3283.8662109375,3,Chenxi
2505318700872100012,3938.3408203125,3,Chenxi
2505318700872100013,6796.3759765625,3,Chenxi
2505318700872100014,8317.5849609375,3,Chenxi
2505318700872100015,2628.5400390625,3,Chenxi
2505318700872100016,2959.22509765625,3,Chenxi
2505318700872100017,5439.41357421875,3,Chenxi
2505318700872100018,1690.275634765625,3,Chenxi
2505318700872100019,1270.83984375,3,Chenxi
2505318700872100020,2383.7080078125,3,Chenxi
2505318700872100021,2426.18212890625,3,Chenxi
2505318700872100022,1635.76123046875,3,Chenxi
2505318700872100023,2381.524658203125,3,Chenxi
2505318700872100024,1517.4244384765625,3,Chenxi
2505318700872100025,2528.0537109375,3,Chenxi
2505318700872100026,1926.227294921875,3,Chenxi
2505318700872100027,2785.338134765625,3,Chenxi
2505318700872100028,4552.05859375,3,Chenxi
2505318700872100029,2909.49169921875,3,Chenxi
2505318700872100030,2176.78125,3,Chenxi
2505318700872100031,5141.20166015625,3,Chenxi
2505318700872100032,1487.2403564453125,3,Chenxi
2505318700872100033,4489.5556640625,3,Chenxi
2505318700872100034,1769.0899658203125,3,Chenxi
2505318700872100035,3640.61083984375,3,Chenxi
2505318700872100036,3788.454833984375,3,Chenxi
2505318700872100037,2060.23828125,3,Chenxi
2505318700872100038,2235.548828125,3,Chenxi
2505318700872100039,3335.8095703125,3,Chenxi
2505318700872100040,4958.556640625,3,Chenxi
2505318700873100004,9381.8203125,3,Chenxi
2505318700873100005,8502.46875,3,Chenxi
2505318700873100006,7187.353515625,3,Chenxi
2505318700873100007,7951.73291015625,3,Chenxi
2505318700873100008,3646.39892578125,3,Chenxi
2505318700873100009,3608.5634765625,3,Chenxi
2505318700873100010,7546.34033203125,3,Chenxi
2505318700873100011,10173.576171875,3,Chenxi
2505318700873100012,6806.2666015625,3,Chenxi
2505318700873100013,4092.501220703125,3,Chenxi
2505318700873100014,3904.23681640625,3,Chenxi
2505318700873100015,3950.147705078125,3,Chenxi
2505318700874100001,3467.69140625,3,Chenxi
2505318700874100003,7525.79345703125,3,Chenxi
2505318700874100004,9444.1083984375,3,Chenxi
2505318700874100005,6699.73046875,3,Chenxi
2505318700874100006,4850.6220703125,3,Chenxi
2505318700874100007,4832.10888671875,3,Chenxi
2505318700874100008,3184.022216796875,3,Chenxi
2505318700874100009,4090.938232421875,3,Chenxi
2505318700874100010,5622.048828125,3,Chenxi
2505318700874100011,1666.8717041015625,3,Chenxi
2505318700874100012,3268.4267578125,3,Chenxi
2505318700874100013,2941.584716796875,3,Chenxi
2505318700874100014,6531.86376953125,3,Chenxi
2505318700874100016,5210.666015625,3,Chenxi
2505318700874100018,4751.837890625,3,Chenxi
2505318700874100020,4930.224609375,3,Chenxi
2505318700874100021,2414.60400390625,3,Chenxi
2505318700874100023,785.5521240234375,3,Chenxi
2505318700874100024,4858.29296875,3,Chenxi
2505318700874100025,5093.615234375,3,Chenxi
2505318700874100026,3605.171875,3,Chenxi
2505318700875100001,3508.1142578125,3,Chenxi
2505318700875100002,8371.5009765625,3,Chenxi
2505318700875100005,4470.74267578125,3,Chenxi
2505318700875100006,2281.979248046875,3,Chenxi
2505318700875100007,2732.388916015625,3,Chenxi
2505318700875100008,6164.7939453125,3,Chenxi
2505318700875100010,5930.58740234375,3,Chenxi
2505318700875100011,1291.0487060546875,3,Chenxi
2505318700875100012,2802.157958984375,3,Chenxi
2505318700875100013,5262.5859375,3,Chenxi
2505318700875100014,3281.766357421875,3,Chenxi
2505318700875100017,4566.44970703125,3,Chenxi
2505318700875100018,4894.2568359375,3,Chenxi
2505318700875100019,6270.1962890625,3,Chenxi
2505318700875100020,3083.716064453125,3,Chenxi
2505318700875100021,4482.45458984375,3,Chenxi
2505318700875100022,2459.348876953125,3,Chenxi
2505318700875100023,3617.17919921875,3,Chenxi
2505318700875100024,2071.739013671875,3,Chenxi
2505318700875100026,4553.7451171875,3,Chenxi
2505318700875100027,9082.6572265625,3,Chenxi
2505318700875100028,4039.20654296875,3,Chenxi
2505318700875100029,4418.49755859375,3,Chenxi
2505318700875100030,5198.34033203125,3,Chenxi
2505318700875100031,5089.76953125,3,Chenxi
2505318700875100032,5103.4990234375,3,Chenxi
2505318700875100033,5103.0810546875,3,Chenxi
2505318700875100034,4691.0888671875,3,Chenxi
2505318700875100035,4297.19287109375,3,Chenxi
2505318700875100036,2195.872802734375,3,Chenxi
2505318700875100037,3082.20263671875,3,Chenxi
2505318700875100038,5396.85302734375,3,Chenxi
2505318700875100039,3787.347900390625,3,Chenxi
2505318700877100003,3401.24462890625,8,Chenxi
2505318700877100004,7753.27001953125,8,Chenxi
2505318700877100005,4818.81005859375,8,Chenxi
2505318700877100006,8368.0068359375,8,Chenxi
2505318700877100007,3688.538818359375,8,Chenxi
2505318700877100008,2444.400634765625,8,Chenxi
2505318700877100010,7016.08984375,8,Chenxi
2505318700877100012,12190.7734375,8,Chenxi
2505318700877100014,7073.8271484375,8,Chenxi
2505318700877100015,5750.89794921875,8,Chenxi
2505318700877100016,3601.000732421875,8,Chenxi
2505318700877100017,2824.09765625,8,Chenxi
2505318700877100018,2463.06005859375,8,Chenxi
2505318700877100019,4621.72802734375,8,Chenxi
2505318700877100020,2110.588134765625,8,Chenxi
2505318700877100021,3501.965087890625,8,Chenxi
2505318700877100022,11131.166015625,8,Chenxi
2505318700877100023,1850.002197265625,8,Chenxi
2505318700877100024,4006.597412109375,8,Chenxi
2505318700877100025,3917.229248046875,8,Chenxi
2505318700877100026,3992.137451171875,8,Chenxi
2505318700877100028,3316.972900390625,8,Chenxi
2505318700878100001,4519.69091796875,8,Chenxi
2505318700878100003,7590.4345703125,8,Chenxi
2505318700878100004,5554.0986328125,8,Chenxi
2505318700878100006,3252.871826171875,8,Chenxi
2505318700878100007,6541.30859375,8,Chenxi
2505318700878100008,5446.25390625,8,Chenxi
2505318700878100009,4120.47607421875,8,Chenxi
2505318700878100010,4429.12158203125,8,Chenxi
2505318700878100011,13959.984375,8,Chenxi
2505318700878100012,10488.884765625,8,Chenxi
2505318700878100013,2649.465576171875,8,Chenxi
2505318700878100014,9415.013671875,8,Chenxi
2505318700878100015,2918.390869140625,8,Chenxi
2505318700878100016,5981.38134765625,8,Chenxi
2505318700878100017,1774.6700439453125,8,Chenxi
2505318700879100003,6241.66357421875,8,Chenxi
2505318700879100004,2510.974609375,8,Chenxi
2505318700879100005,2588.5400390625,8,Chenxi
2505318700879100006,5982.2861328125,8,Chenxi
2505318700879100007,3422.19189453125,8,Chenxi
2505318700879100008,3614.58349609375,8,Chenxi
2505318700879100009,2999.62939453125,8,Chenxi
2505318700879100010,10502.154296875,8,Chenxi
2505318700879100011,8755.2197265625,8,Chenxi
2505318700879100012,1503.839111328125,8,Chenxi
2505318700879100013,2786.7470703125,8,Chenxi
2505318700879100014,2337.411865234375,8,Chenxi
2505318700879100015,4760.92041015625,8,Chenxi
2505318700879100016,4102.9599609375,8,Chenxi
2505318700879100017,6911.35595703125,8,Chenxi
2505318700879100018,3224.879638671875,8,Chenxi
2505318700879100019,3237.0986328125,8,Chenxi
2505318700879100020,11658.4541015625,8,Chenxi
2505318700879100021,3296.706298828125,8,Chenxi
2505318700879100022,2347.369140625,8,Chenxi
2505318700879100023,6068.03076171875,8,Chenxi
2505318700880100003,2960.647705078125,8,Chenxi
2505318700880100004,23806.353515625,8,Chenxi
2505318700880100005,4477.9765625,8,Chenxi
2505318700880100006,5440.44580078125,8,Chenxi
2505318700880100007,4031.60009765625,8,Chenxi
2505318700880100008,4009.675048828125,8,Chenxi
2505318700880100010,6089.7890625,8,Chenxi
2505318700880100011,2520.1708984375,8,Chenxi
2505318700880100012,10796.318359375,8,Chenxi
2505318700880100013,2257.776611328125,8,Chenxi
2505318700880100014,5748.232421875,8,Chenxi
2505318700880100015,3603.400390625,8,Chenxi
2505318700880100016,8950.4052734375,8,Chenxi
2505318700880100017,9277.3955078125,8,Chenxi
2505318700880100018,12427.0908203125,8,Chenxi
2505318700880100020,2875.207763671875,8,Chenxi
2505318700880100021,5835.11279296875,8,Chenxi
2505318700880100022,3380.653564453125,8,Chenxi
2505318700880100023,8836.857421875,8,Chenxi
2505318700880100024,6873.66357421875,8,Chenxi
2505318700880100025,2816.4267578125,8,Chenxi
2505318700882100003,9263.2470703125,12,Chenxi
2505318700882100005,6478.15869140625,12,Chenxi
2505318700882100006,7604.4814453125,12,Chenxi
2505318700882100007,3045.01025390625,12,Chenxi
2505318700882100008,4875.62353515625,12,Chenxi
2505318700882100009,3704.041748046875,12,Chenxi
2505318700882100010,7803.24658203125,12,Chenxi
2505318700882100011,5392.1572265625,12,Chenxi
2505318700882100012,4562.25537109375,12,Chenxi
2505318700882100013,2829.508544921875,12,Chenxi
2505318700882100014,2746.174560546875,12,Chenxi
2505318700882100015,6637.212890625,12,Chenxi
2505318700882100016,5575.28662109375,12,Chenxi
2505318700882100017,4836.4248046875,12,Chenxi
2505318700882100018,9980.734375,12,Chenxi
2505318700882100019,6894.5029296875,12,Chenxi
2505318700882100020,5738.703125,12,Chenxi
2505318700882100021,6482.99853515625,12,Chenxi
2505318700882100022,7601.4482421875,12,Chenxi
2505318700882100023,3192.0634765625,12,Chenxi
2505318700882100024,2703.772705078125,12,Chenxi
2505318700882100025,6272.1123046875,12,Chenxi
2505318700882100026,4001.651123046875,12,Chenxi
2505318700882100028,4105.005859375,12,Chenxi
2505318700882100029,2916.944580078125,12,Chenxi
2505318700882100030,4241.6201171875,12,Chenxi
2505318700882100031,3071.6376953125,12,Chenxi
2505318700882100032,6045.150390625,12,Chenxi
2505318700882100033,7296.1376953125,12,Chenxi
2505318700882100034,2938.2353515625,12,Chenxi
2505318700882100035,1987.4931640625,12,Chenxi
2505318700882100036,3358.37158203125,12,Chenxi
2505318700882100037,8519.76171875,12,Chenxi
2505318700882100038,4513.12841796875,12,Chenxi
2505318700882100039,2242.580810546875,12,Chenxi
2505318700882100040,7515.1611328125,12,Chenxi
2505318700882100041,4575.13134765625,12,Chenxi
2505318700883100003,9041.9365234375,12,Chenxi
2505318700883100004,4858.208984375,12,Chenxi
2505318700883100005,2971.05615234375,12,Chenxi
2505318700883100006,2105.998291015625,12,Chenxi
2505318700883100007,23239.591796875,12,Chenxi
2505318700883100009,2353.864990234375,12,Chenxi
2505318700883100010,2301.0322265625,12,Chenxi
2505318700883100011,1467.5362548828125,12,Chenxi
2505318700883100013,1836.596923828125,12,Chenxi
2505318700883100014,2514.7080078125,12,Chenxi
2505318700884100002,8370.771484375,12,Chenxi
2505318700884100003,14699.4921875,12,Chenxi
2505318700884100005,5692.0322265625,12,Chenxi
2505318700884100006,8138.2080078125,12,Chenxi
2505318700884100008,6748.0869140625,12,Chenxi
2505318700884100009,1823.3004150390625,12,Chenxi
2505318700884100010,4504.11181640625,12,Chenxi
2505318700884100011,2117.053466796875,12,Chenxi
2505318700884100012,7883.00146484375,12,Chenxi
2505318700884100013,13062.080078125,12,Chenxi
2505318700884100014,4392.8974609375,12,Chenxi
2505318700884100015,6377.216796875,12,Chenxi
2505318700884100017,2880.4033203125,12,Chenxi
2505318700884100018,14512.31640625,12,Chenxi
2505318700884100019,4398.05078125,12,Chenxi
2505318700884100020,3894.29833984375,12,Chenxi
2505318700884100021,6415.31591796875,12,Chenxi
2505318700885100001,5430.55859375,12,Chenxi
2505318700885100002,9048.2177734375,12,Chenxi
2505318700885100003,8768.7158203125,12,Chenxi
2505318700885100004,7022.9931640625,12,Chenxi
2505318700885100005,9335.9765625,12,Chenxi
2505318700885100006,4478.5380859375,12,Chenxi
2505318700885100007,4450.55859375,12,Chenxi
2505318700885100008,3625.759765625,12,Chenxi
2505318700885100009,3249.03662109375,12,Chenxi
2505318700885100010,3982.02734375,12,Chenxi
2505318700885100011,5487.9375,12,Chenxi
2505318700885100012,2457.17822265625,12,Chenxi
2505318700885100013,3353.990478515625,12,Chenxi
2505318700885100014,7506.84716796875,12,Chenxi
2505318700885100016,4279.3203125,12,Chenxi
2505318700885100018,6370.52783203125,12,Chenxi
2505318700885100019,8800.1845703125,12,Chenxi
2505318700885100020,4618.17333984375,12,Chenxi
2505318700885100021,4649.080078125,12,Chenxi
2505318700885100022,5900.00048828125,12,Chenxi
2505318700885100023,6900.974609375,12,Chenxi
2505318700885100024,5184.10546875,12,Chenxi
2505318700885100025,3106.6455078125,12,Chenxi
2505318700885100026,4561.17236328125,12,Chenxi
2505318700887100002,7050.89892578125,17,Chenxi
2505318700887100003,4278.78759765625,17,Chenxi
2505318700887100004,2133.9052734375,17,Chenxi
2505318700887100005,4327.26904296875,17,Chenxi
2505318700887100006,2623.90673828125,17,Chenxi
2505318700887100007,4874.20166015625,17,Chenxi
2505318700887100008,3934.778564453125,17,Chenxi
2505318700887100009,1880.2469482421875,17,Chenxi
2505318700887100010,5639.267578125,17,Chenxi
2505318700887100011,2568.752197265625,17,Chenxi
2505318700887100012,5881.24365234375,17,Chenxi
2505318700887100013,3463.143310546875,17,Chenxi
2505318700887100014,1812.7755126953125,17,Chenxi
2505318700887100016,8636.6806640625,17,Chenxi
2505318700887100018,4767.35400390625,17,Chenxi
2505318700887100019,5570.22265625,17,Chenxi
2505318700887100020,2729.59716796875,17,Chenxi
2505318700887100021,3738.10986328125,17,Chenxi
2505318700887100022,3888.21337890625,17,Chenxi
2505318700887100023,6051.13916015625,17,Chenxi
2505318700887100024,8301.322265625,17,Chenxi
2505318700887100025,4915.76904296875,17,Chenxi
2505318700887100026,6197.0283203125,17,Chenxi
2505318700887100027,3287.28955078125,17,Chenxi
2505318700887100028,3572.199951171875,17,Chenxi
2505318700887100029,14293.076171875,17,Chenxi
2505318700887100030,4493.03564453125,17,Chenxi
2505318700887100031,7061.02197265625,17,Chenxi
2505318700887100032,8137.44091796875,17,Chenxi
2505318700887100033,5928.06982421875,17,Chenxi
2505318700887100034,10948.7421875,17,Chenxi
2505318700887100035,5557.125,17,Chenxi
2505318700887100036,7309.49169921875,17,Chenxi
2505318700887100037,7386.51416015625,17,Chenxi
2505318700888100005,5542.2255859375,17,Chenxi
2505318700888100006,3813.220458984375,17,Chenxi
2505318700888100007,3936.82763671875,17,Chenxi
2505318700888100008,3781.9384765625,17,Chenxi
2505318700888100009,1935.766845703125,17,Chenxi
2505318700888100010,3985.29638671875,17,Chenxi
2505318700888100012,3823.62646484375,17,Chenxi
2505318700888100013,1079.3212890625,17,Chenxi
2505318700888100014,7965.826171875,17,Chenxi
2505318700888100016,6152.60546875,17,Chenxi
2505318700888100017,4045.266845703125,17,Chenxi
2505318700888100018,3973.389404296875,17,Chenxi
2505318700888100019,5177.029296875,17,Chenxi
2505318700888100020,5987.36962890625,17,Chenxi
2505318700888100021,6719.9560546875,17,Chenxi
2505318700888100022,5118.9521484375,17,Chenxi
2505318700888100023,4137.9306640625,17,Chenxi
2505318700888100024,4171.00537109375,17,Chenxi
2505318700888100025,3289.413818359375,17,Chenxi
2505318700888100027,3265.55322265625,17,Chenxi
2505318700888100028,7814.00390625,17,Chenxi
2505318700888100029,3680.037841796875,17,Chenxi
2505318700888100030,3979.911865234375,17,Chenxi
2505318700888100031,3507.852783203125,17,Chenxi
2505318700888100032,3386.923095703125,17,Chenxi
2505318700888100033,5475.98291015625,17,Chenxi
2505318700888100035,5191.79248046875,17,Chenxi
2505318700888100036,3470.185546875,17,Chenxi
2505318700888100037,3197.57470703125,17,Chenxi
2505318700888100038,2949.8017578125,17,Chenxi
2505318700888100039,2153.62548828125,17,Chenxi
2505318700888100040,7233.1630859375,17,Chenxi
2505318700888100041,3053.792724609375,17,Chenxi
2505318700888100042,2730.70556640625,17,Chenxi
2505318700888100043,2788.32080078125,17,Chenxi
2505318700888100044,1782.8912353515625,17,Chenxi
2505318700888100045,5008.484375,17,Chenxi
2505318700888100046,4323.0390625,17,Chenxi
2505318700888100047,2432.233642578125,17,Chenxi
2505318700888100048,2893.01513671875,17,Chenxi
2505318700888100049,3008.7353515625,17,Chenxi
2505318700888100050,7443.24072265625,17,Chenxi
2505318700888100051,5672.74609375,17,Chenxi
2505318700888100052,2596.740234375,17,Chenxi
2505318700888100053,4958.69580078125,17,Chenxi
2505318700888100054,2793.867919921875,17,Chenxi
2505318700888100055,4721.78564453125,17,Chenxi
2505318700888100056,3606.42919921875,17,Chenxi
2505318700888100057,3377.306884765625,17,Chenxi
2505318700888100058,6013.0947265625,17,Chenxi
2505318700888100059,4197.5478515625,17,Chenxi
2505318700888100060,3817.216064453125,17,Chenxi
2505318700888100061,3201.446044921875,17,Chenxi
2505318700888100062,3540.0654296875,17,Chenxi
2505318700888100063,3195.434814453125,17,Chenxi
2505318700888100064,2730.2041015625,17,Chenxi
2505318700888100065,3002.007080078125,17,Chenxi
2505318700888100066,4583.34716796875,17,Chenxi
2505318700888100067,5796.80810546875,17,Chenxi
2505318700888100068,3496.292724609375,17,Chenxi
2505318700888100069,3192.47119140625,17,Chenxi
2505318700888100070,4568.49560546875,17,Chenxi
2505318700888100071,2334.2431640625,17,Chenxi
2505318700888100072,1639.2215576171875,17,Chenxi
2505318700888100073,3916.688232421875,17,Chenxi
2505318700888100074,4448.1708984375,17,Chenxi
2505318700888100075,9747.1328125,17,Chenxi
2505318700888100076,3419.26025390625,17,Chenxi
2505318700888100077,7656.603515625,17,Chenxi
2505318700888100078,9981.236328125,17,Chenxi
2505318700888100079,9174.169921875,17,Chenxi
2505318700889100003,5137.75390625,17,Chenxi
2505318700889100004,3179.17333984375,17,Chenxi
2505318700889100005,5924.06396484375,17,Chenxi
2505318700889100006,6713.31787109375,17,Chenxi
2505318700889100008,4513.14404296875,17,Chenxi
2505318700889100009,4555.041015625,17,Chenxi
2505318700889100010,5689.3564453125,17,Chenxi
2505318700889100011,4308.7919921875,17,Chenxi
2505318700889100012,2582.360595703125,17,Chenxi
2505318700889100013,4955.2158203125,17,Chenxi
2505318700889100014,1982.7021484375,17,Chenxi
2505318700889100015,2976.945068359375,17,Chenxi
2505318700889100016,1357.045654296875,17,Chenxi
2505318700889100017,6300.05712890625,17,Chenxi
2505318700889100019,4209.62646484375,17,Chenxi
2505318700889100020,3474.30419921875,17,Chenxi
2505318700889100021,2192.219970703125,17,Chenxi
2505318700889100022,4631.5654296875,17,Chenxi
2505318700889100023,4435.09619140625,17,Chenxi
2505318700889100024,2220.2021484375,17,Chenxi
2505318700889100025,2477.892578125,17,Chenxi
2505318700889100026,5263.8857421875,17,Chenxi
2505318700889100027,1736.06689453125,17,Chenxi
2505318700889100028,8456.625,17,Chenxi
2505318700889100029,2818.47412109375,17,Chenxi
2505318700889100030,3105.992919921875,17,Chenxi
2505318700889100031,3976.3681640625,17,Chenxi
2505318700889100032,3430.99853515625,17,Chenxi
2505318700889100033,5091.15478515625,17,Chenxi
2505318700889100034,13766.96484375,17,Chenxi
2505318700889100035,3808.25732421875,17,Chenxi
2505318700889100036,1825.2213134765625,17,Chenxi
2505318700889100037,4548.98486328125,17,Chenxi
2505318700889100038,2643.448974609375,17,Chenxi
2505318700889100040,4512.8798828125,17,Chenxi
2505318700889100041,2294.296875,17,Chenxi
2505318700889100042,5001.69140625,17,Chenxi
2505318700889100043,4002.920166015625,17,Chenxi
2505318700889100044,5355.68798828125,17,Chenxi
2505318700889100045,14138.861328125,17,Chenxi
2505318700889100046,7896.36181640625,17,Chenxi
2505318700889100047,3470.21533203125,17,Chenxi
2505318700889100048,4818.49560546875,17,Chenxi
2505318700889100049,4904.02880859375,17,Chenxi
2505318700889100050,9207.0126953125,17,Chenxi
2505318700889100051,2875.088623046875,17,Chenxi
2505318700889100052,3604.939697265625,17,Chenxi
2505318700889100053,5829.82861328125,17,Chenxi
2505318700889100054,4250.19189453125,17,Chenxi
2505318700889100055,3513.86767578125,17,Chenxi
2505318700889100056,5994.40478515625,17,Chenxi
2505318700889100057,2761.907958984375,17,Chenxi
2505318700889100058,3319.425048828125,17,Chenxi
2505318700889100059,7484.18408203125,17,Chenxi
2505318700889100060,3703.9853515625,17,Chenxi
2505318700889100061,7408.2841796875,17,Chenxi
2505318700889100062,5484.0888671875,17,Chenxi
2505318700889100063,4937.59375,17,Chenxi
2505318700889100064,4307.03564453125,17,Chenxi
2505318700889100065,1977.5679931640625,17,Chenxi
2505318700889100066,2860.107177734375,17,Chenxi
2505318700889100067,4363.15283203125,17,Chenxi
2505318700889100068,2095.798095703125,17,Chenxi
2505318700889100069,4120.53857421875,17,Chenxi
2505318700890100001,4633.02783203125,17,Chenxi
2505318700890100003,2808.8193359375,17,Chenxi
2505318700890100005,1998.8043212890625,17,Chenxi
2505318700900100002,4520.40673828125,3,Chenxi
2505318700900100003,7486.77783203125,3,Chenxi
2505318700900100004,8725.01171875,3,Chenxi
2505318700900100005,5366.66064453125,3,Chenxi
2505318700900100006,10660.3515625,3,Chenxi
2505318700900100007,6390.16943359375,3,Chenxi
2505318700900100008,6336.796875,3,Chenxi
2505318700900100009,2092.931396484375,3,Chenxi
2505318700901100002,13909.2529296875,3,Chenxi
2505318700901100003,5748.412109375,3,Chenxi
2505318700901100004,2460.525634765625,3,Chenxi
2505318700901100006,7006.66259765625,3,Chenxi
2505318700901100007,2562.941162109375,3,Chenxi
2505318700901100008,3707.008056640625,3,Chenxi
2505318700901100009,7535.35009765625,3,Chenxi
2505318700901100010,2483.07177734375,3,Chenxi
2505318700901100011,11062.28125,3,Chenxi
2505318700901100012,2569.84033203125,3,Chenxi
2505318700901100013,3048.7021484375,3,Chenxi
2505318700901100014,12407.294921875,3,Chenxi
2505318700901100015,13287.4580078125,3,Chenxi
2505318700901100017,16443.654296875,3,Chenxi
2505318700901100018,9256.330078125,3,Chenxi
2505318700901100019,7981.03173828125,3,Chenxi
2505318700901100020,4196.9677734375,3,Chenxi
2505318700902100001,9030.7880859375,3,Chenxi
2505318700902100002,5481.9287109375,3,Chenxi
2505318700902100003,5334.96337890625,3,Chenxi
2505318700902100004,8059.84619140625,3,Chenxi
2505318700902100005,5653.72802734375,3,Chenxi
2505318700902100006,3516.8115234375,3,Chenxi
2505318700902100008,7412.39306640625,3,Chenxi
2505318700903100004,4901.2822265625,3,Chenxi
2505318700903100005,5236.95361328125,3,Chenxi
2505318700903100006,3728.258056640625,3,Chenxi
2505318700903100007,12799.32421875,3,Chenxi
2505318700903100008,4443.40380859375,3,Chenxi
2505318700903100009,6047.99462890625,3,Chenxi
2505318700903100010,4080.525390625,3,Chenxi
2505318700903100011,4783.95361328125,3,Chenxi
2505318700903100012,4132.97119140625,3,Chenxi
2505318700903100013,3206.949951171875,3,Chenxi
2505318700903100014,8586.724609375,3,Chenxi
2505318700903100015,3982.4599609375,3,Chenxi
2505318700903100016,4935.6767578125,3,Chenxi
2505318700903100017,3400.96728515625,3,Chenxi
2505318700903100018,3229.354248046875,3,Chenxi
2505318700903100019,2139.406005859375,3,Chenxi
2505318700903100020,7142.25390625,3,Chenxi
2505318700903100021,3642.08642578125,3,Chenxi
2505318700903100022,6447.1337890625,3,Chenxi
2505318700903100024,3172.190185546875,3,Chenxi
2505318700903100025,6957.0869140625,3,Chenxi
2505318700903100026,5042.46044921875,3,Chenxi
2505318700905100001,7004.38037109375,8,Chenxi
2505318700905100002,3670.949951171875,8,Chenxi
2505318700905100003,5269.7490234375,8,Chenxi
2505318700905100004,7995.9423828125,8,Chenxi
2505318700905100005,5615.68408203125,8,Chenxi
2505318700905100006,5183.47412109375,8,Chenxi
2505318700905100007,9581.3974609375,8,Chenxi
2505318700905100008,3660.98681640625,8,Chenxi
2505318700905100009,3825.24169921875,8,Chenxi
2505318700905100010,4844.21533203125,8,Chenxi
2505318700905100011,4873.12158203125,8,Chenxi
2505318700905100012,5026.0673828125,8,Chenxi
2505318700905100013,5489.97216796875,8,Chenxi
2505318700905100014,5914.7734375,8,Chenxi
2505318700905100015,3838.900146484375,8,Chenxi
2505318700905100016,5006.396484375,8,Chenxi
2505318700905100017,3567.564208984375,8,Chenxi
2505318700905100018,5226.80859375,8,Chenxi
2505318700905100019,6236.67041015625,8,Chenxi
2505318700905100020,3190.280029296875,8,Chenxi
2505318700905100021,969.083984375,8,Chenxi
2505318700905100022,3519.3857421875,8,Chenxi
2505318700905100023,2471.502197265625,8,Chenxi
2505318700905100024,3824.71533203125,8,Chenxi
2505318700906100001,2303.242919921875,8,Chenxi
2505318700906100002,5703.92236328125,8,Chenxi
2505318700906100003,11125.94140625,8,Chenxi
2505318700906100004,2336.345458984375,8,Chenxi
2505318700906100005,2627.45703125,8,Chenxi
2505318700906100007,6083.22705078125,8,Chenxi
2505318700906100008,8687.4716796875,8,Chenxi
2505318700906100009,5229.35595703125,8,Chenxi
2505318700906100010,2800.599609375,8,Chenxi
2505318700906100011,3693.610107421875,8,Chenxi
2505318700906100012,3367.214599609375,8,Chenxi
2505318700906100013,7184.4560546875,8,Chenxi
2505318700906100014,4202.22802734375,8,Chenxi
2505318700906100015,5126.392578125,8,Chenxi
2505318700906100016,8697.7958984375,8,Chenxi
2505318700906100017,3499.0537109375,8,Chenxi
2505318700907100002,1701.294677734375,8,Chenxi
2505318700907100003,4366.046875,8,Chenxi
2505318700907100005,4920.28125,8,Chenxi
2505318700907100007,5925.73291015625,8,Chenxi
2505318700907100008,3705.568603515625,8,Chenxi
2505318700907100009,4168.1640625,8,Chenxi
2505318700907100010,6007.0732421875,8,Chenxi
2505318700907100011,5520.7626953125,8,Chenxi
2505318700907100012,10240.6259765625,8,Chenxi
2505318700907100013,3105.931884765625,8,Chenxi
2505318700907100014,10217.4873046875,8,Chenxi
2505318700907100015,7811.00830078125,8,Chenxi
2505318700907100016,4747.6650390625,8,Chenxi
2505318700908100002,14498.9658203125,8,Chenxi
2505318700908100003,6820.501953125,8,Chenxi
2505318700908100004,5323.39501953125,8,Chenxi
2505318700908100005,4839.4296875,8,Chenxi
2505318700908100006,7816.14697265625,8,Chenxi
2505318700908100007,8655.740234375,8,Chenxi
2505318700908100008,8795.1201171875,8,Chenxi
2505318700908100009,2511.593994140625,8,Chenxi
2505318700908100010,8330.9716796875,8,Chenxi
2505318700908100011,8563.7802734375,8,Chenxi
2505318700908100012,5687.6943359375,8,Chenxi
2505318700908100013,3464.29736328125,8,Chenxi
2505318700908100014,5621.5712890625,8,Chenxi
2505318700908100015,4426.71240234375,8,Chenxi
2505318700908100016,2493.468017578125,8,Chenxi
2505318700908100017,2044.7835693359375,8,Chenxi
2505318700908100018,5719.1982421875,8,Chenxi
2505318700908100019,9902.439453125,8,Chenxi
2505318700908100020,2312.253662109375,8,Chenxi
2505318700908100021,4441.89208984375,8,Chenxi
2505318700908100023,4106.36181640625,8,Chenxi
2505318700908100024,4624.14111328125,8,Chenxi
2505318700908100025,7194.66064453125,8,Chenxi
2505318700908100026,5628.72509765625,8,Chenxi
2505318700908100027,5714.4365234375,8,Chenxi
2505318700908100029,4360.25927734375,8,Chenxi
2505318700910100001,7644.8408203125,12,Chenxi
2505318700910100002,5390.21484375,12,Chenxi
2505318700910100003,5329.3955078125,12,Chenxi
2505318700910100004,3872.537841796875,12,Chenxi
2505318700910100005,3733.546630859375,12,Chenxi
2505318700910100007,4530.0390625,12,Chenxi
2505318700910100008,2430.59423828125,12,Chenxi
2505318700910100010,6239.35400390625,12,Chenxi
2505318700910100011,6035.74755859375,12,Chenxi
2505318700910100012,6612.61572265625,12,Chenxi
2505318700910100013,3747.5390625,12,Chenxi
2505318700910100014,2231.17724609375,12,Chenxi
2505318700910100015,2709.62255859375,12,Chenxi
2505318700910100016,6339.48583984375,12,Chenxi
2505318700910100017,7937.70068359375,12,Chenxi
2505318700910100018,3981.71240234375,12,Chenxi
2505318700910100019,3776.62109375,12,Chenxi
2505318700910100020,4807.009765625,12,Chenxi
2505318700910100021,5015.353515625,12,Chenxi
2505318700910100022,5075.1591796875,12,Chenxi
2505318700910100023,3870.3798828125,12,Chenxi
2505318700910100024,4161.0625,12,Chenxi
2505318700910100025,5813.8583984375,12,Chenxi
2505318700910100026,2466.324951171875,12,Chenxi
2505318700910100027,2397.037841796875,12,Chenxi
2505318700910100028,2227.400634765625,12,Chenxi
2505318700910100029,5126.5400390625,12,Chenxi
2505318700911100001,5087.6416015625,12,Chenxi
2505318700911100002,2537.80322265625,12,Chenxi
2505318700911100003,5278.80126953125,12,Chenxi
2505318700911100004,1488.9425048828125,12,Chenxi
2505318700911100005,2159.676025390625,12,Chenxi
2505318700911100006,13339.501953125,12,Chenxi
2505318700911100008,3017.44970703125,12,Chenxi
2505318700911100009,1787.17919921875,12,Chenxi
2505318700911100010,4479.1689453125,12,Chenxi
2505318700911100011,3965.490234375,12,Chenxi
2505318700911100012,2587.52197265625,12,Chenxi
2505318700911100013,4040.321533203125,12,Chenxi
2505318700911100014,2261.764404296875,12,Chenxi
2505318700911100015,2172.26611328125,12,Chenxi
2505318700911100016,1794.3636474609375,12,Chenxi
2505318700911100017,2850.24951171875,12,Chenxi
2505318700911100018,821.0709838867188,12,Chenxi
2505318700911100019,2290.334228515625,12,Chenxi
2505318700911100020,2998.589111328125,12,Chenxi
2505318700911100021,9540.3974609375,12,Chenxi
2505318700911100022,953.4666748046875,12,Chenxi
2505318700911100023,2698.40478515625,12,Chenxi
2505318700911100024,2282.2119140625,12,Chenxi
2505318700911100025,2900.625244140625,12,Chenxi
2505318700911100026,3859.026611328125,12,Chenxi
2505318700911100027,3623.578125,12,Chenxi
2505318700911100028,4453.85693359375,12,Chenxi
2505318700911100029,2899.559814453125,12,Chenxi
2505318700911100030,5182.78955078125,12,Chenxi
2505318700911100031,3355.448486328125,12,Chenxi
2505318700912100005,8279.96875,12,Chenxi
2505318700912100006,10566.16015625,12,Chenxi
2505318700912100007,4636.96142578125,12,Chenxi
2505318700912100008,3120.001220703125,12,Chenxi
2505318700912100009,2162.212646484375,12,Chenxi
2505318700912100010,4136.33935546875,12,Chenxi
2505318700912100011,5950.716796875,12,Chenxi
2505318700912100012,2051.20556640625,12,Chenxi
2505318700912100013,2468.88134765625,12,Chenxi
2505318700912100014,2691.47412109375,12,Chenxi
2505318700912100015,16045.0712890625,12,Chenxi
2505318700912100016,7911.46533203125,12,Chenxi
2505318700912100017,8572.3857421875,12,Chenxi
2505318700912100018,3012.417724609375,12,Chenxi
2505318700912100019,9111.189453125,12,Chenxi
2505318700912100020,2311.7587890625,12,Chenxi
2505318700912100021,1736.830810546875,12,Chenxi
2505318700912100022,9852.6787109375,12,Chenxi
2505318700912100023,2579.009765625,12,Chenxi
2505318700912100024,20584.357421875,12,Chenxi
2505318700912100025,3113.65380859375,12,Chenxi
2505318700912100026,5282.54296875,12,Chenxi
2505318700912100027,2376.49169921875,12,Chenxi
2505318700912100028,4501.0205078125,12,Chenxi
2505318700912100029,2578.16064453125,12,Chenxi
2505318700912100030,6035.26904296875,12,Chenxi
2505318700912100031,5762.2685546875,12,Chenxi
2505318700912100032,15749.650390625,12,Chenxi
2505318700912100033,11500.478515625,12,Chenxi
2505318700912100034,8379.3330078125,12,Chenxi
2505318700913100001,3820.958740234375,12,Chenxi
2505318700913100002,3578.3251953125,12,Chenxi
2505318700913100003,2242.86865234375,12,Chenxi
2505318700913100004,3032.5400390625,12,Chenxi
2505318700913100005,2110.380615234375,12,Chenxi
2505318700913100006,5819.97607421875,12,Chenxi
2505318700913100007,3742.677001953125,12,Chenxi
2505318700913100008,3001.283203125,12,Chenxi
2505318700913100009,5939.908203125,12,Chenxi
2505318700913100010,3820.686279296875,12,Chenxi
2505318700913100011,4479.1259765625,12,Chenxi
2505318700913100012,6337.01171875,12,Chenxi
2505318700913100013,5569.3427734375,12,Chenxi
2505318700913100014,4083.051025390625,12,Chenxi
2505318700913100016,5675.44677734375,12,Chenxi
2505318700913100017,11014.2265625,12,Chenxi
2505318700913100018,6480.54345703125,12,Chenxi
2505318700913100019,4927.8740234375,12,Chenxi
2505318700913100020,5717.556640625,12,Chenxi
2505318700913100021,5913.1640625,12,Chenxi
2505318700915100002,5729.7822265625,17,Chenxi
2505318700915100003,5063.36083984375,17,Chenxi
2505318700915100004,9817.5830078125,17,Chenxi
2505318700915100005,6959.39013671875,17,Chenxi
2505318700915100006,3881.19970703125,17,Chenxi
2505318700915100007,4413.1318359375,17,Chenxi
2505318700915100008,15657.775390625,17,Chenxi
2505318700915100009,4931.1572265625,17,Chenxi
2505318700915100010,2798.5146484375,17,Chenxi
2505318700915100011,4047.618896484375,17,Chenxi
2505318700915100012,3082.390625,17,Chenxi
2505318700915100013,2911.960205078125,17,Chenxi
2505318700915100014,4034.6162109375,17,Chenxi
2505318700915100015,3596.5712890625,17,Chenxi
2505318700915100016,4331.41796875,17,Chenxi
2505318700915100017,3189.260009765625,17,Chenxi
2505318700915100018,3138.7734375,17,Chenxi
2505318700915100019,3171.701416015625,17,Chenxi
2505318700915100020,4324.47607421875,17,Chenxi
2505318700915100021,6840.2109375,17,Chenxi
2505318700915100022,3718.863525390625,17,Chenxi
2505318700915100023,2401.32666015625,17,Chenxi
2505318700915100024,18251.783203125,17,Chenxi
2505318700915100025,10201.98046875,17,Chenxi
2505318700915100026,5921.48779296875,17,Chenxi
2505318700915100027,6482.01708984375,17,Chenxi
2505318700915100028,7156.60498046875,17,Chenxi
2505318700916100002,9247.275390625,17,Chenxi
2505318700916100004,4807.1005859375,17,Chenxi
2505318700916100005,2646.55078125,17,Chenxi
2505318700916100006,20372.478515625,17,Chenxi
2505318700916100007,9424.1474609375,17,Chenxi
2505318700916100008,3310.04052734375,17,Chenxi
2505318700916100010,3311.990966796875,17,Chenxi
2505318700916100011,5579.42529296875,17,Chenxi
2505318700916100012,8696.2470703125,17,Chenxi
2505318700916100013,11350.853515625,17,Chenxi
2505318700916100014,6029.60498046875,17,Chenxi
2505318700916100015,6571.8828125,17,Chenxi
2505318700917100002,7474.875,17,Chenxi
2505318700917100003,6802.99658203125,17,Chenxi
2505318700917100004,6054.529296875,17,Chenxi
2505318700917100005,3264.92919921875,17,Chenxi
2505318700917100006,7173.6513671875,17,Chenxi
2505318700917100007,2371.539794921875,17,Chenxi
2505318700917100008,3619.92041015625,17,Chenxi
2505318700917100009,2949.03857421875,17,Chenxi
2505318700917100010,5193.7197265625,17,Chenxi
2505318700917100011,2774.773681640625,17,Chenxi
2505318700917100012,3941.336181640625,17,Chenxi
2505318700917100013,1597.5234375,17,Chenxi
2505318700917100014,3865.859619140625,17,Chenxi
2505318700917100016,8452.4580078125,17,Chenxi
2505318700917100017,4514.0263671875,17,Chenxi
2505318700917100018,3397.509521484375,17,Chenxi
2505318700917100019,4091.30029296875,17,Chenxi
2505318700917100020,9297.6494140625,17,Chenxi
2505318700917100021,7456.201171875,17,Chenxi
2505318700917100022,2871.455078125,17,Chenxi
2505318700917100024,6410.81787109375,17,Chenxi
2505318700917100025,20228.169921875,17,Chenxi
2505318700917100026,4102.4404296875,17,Chenxi
2505318700917100027,7067.7109375,17,Chenxi
2505318700917100028,7530.57470703125,17,Chenxi
2505318700917100029,5200.60693359375,17,Chenxi
2505318700917100030,4855.14208984375,17,Chenxi
2505318700917100031,7100.7841796875,17,Chenxi
2505318700917100032,4745.26904296875,17,Chenxi
2505318700917100033,10642.68359375,17,Chenxi
2505318700917100034,3695.96533203125,17,Chenxi
2505318700917100035,6637.47509765625,17,Chenxi
2505318700917100036,5118.17529296875,17,Chenxi
2505318700917100037,2773.5966796875,17,Chenxi
2505318700917100038,5767.7685546875,17,Chenxi
2505318700917100039,8710.73046875,17,Chenxi
2505318700917100040,5710.56298828125,17,Chenxi
2505318700917100041,3256.51318359375,17,Chenxi
2505318700917100042,9547.521484375,17,Chenxi
2505318700917100043,4737.04736328125,17,Chenxi
2505318700917100044,7044.0927734375,17,Chenxi
2505318700917100045,4532.17236328125,17,Chenxi
2505318700917100046,6725.97216796875,17,Chenxi
2505318700917100047,3400.156005859375,17,Chenxi
2505318700917100048,4934.88916015625,17,Chenxi
2505318700917100049,7467.89013671875,17,Chenxi
2505318700917100050,5360.2705078125,17,Chenxi
2505318700917100052,4081.837158203125,17,Chenxi
2505318700917100053,2575.89794921875,17,Chenxi
2505318700918100001,5995.59130859375,17,Chenxi
2505318700918100003,3366.519775390625,17,Chenxi
2505318700918100004,4249.9365234375,17,Chenxi
2505318700918100005,4144.19580078125,17,Chenxi
2505318700918100006,2553.51318359375,17,Chenxi
2505318700918100008,4386.37158203125,17,Chenxi
2505318700918100010,3890.67333984375,17,Chenxi
2505318700918100011,5194.63037109375,17,Chenxi
2505318700918100013,6048.32373046875,17,Chenxi
2505318700918100014,4121.482421875,17,Chenxi
2505318700918100015,4384.7705078125,17,Chenxi
2505318700918100017,6418.99609375,17,Chenxi
2505318700918100018,5860.27734375,17,Chenxi
2505318700918100021,6470.9365234375,17,Chenxi
2505318700918100022,1913.8873291015625,17,Chenxi
2505318700918100023,3486.917724609375,17,Chenxi
2505318700918100025,1928.7169189453125,17,Chenxi
2505318700928100002,2265.42236328125,3,Chenxi
2505318700928100003,4537.77392578125,3,Chenxi
2505318700928100004,2502.88330078125,3,Chenxi
2505318700928100005,4581.287109375,3,Chenxi
2505318700928100006,2257.158203125,3,Chenxi
2505318700928100007,3367.616943359375,3,Chenxi
2505318700928100008,8870.486328125,3,Chenxi
2505318700928100009,6061.83740234375,3,Chenxi
2505318700928100010,3932.48583984375,3,Chenxi
2505318700928100011,2497.0166015625,3,Chenxi
2505318700929100002,4005.484130859375,3,Chenxi
2505318700929100004,4352.35546875,3,Chenxi
2505318700929100005,3236.819580078125,3,Chenxi
2505318700929100006,5059.54638671875,3,Chenxi
2505318700929100007,4297.2587890625,3,Chenxi
2505318700929100008,2712.864013671875,3,Chenxi
2505318700929100010,5456.96142578125,3,Chenxi
2505318700929100011,9446.7080078125,3,Chenxi
2505318700929100012,12245.423828125,3,Chenxi
2505318700929100013,5510.126953125,3,Chenxi
2505318700929100015,2979.58203125,3,Chenxi
2505318700929100016,5125.802734375,3,Chenxi
2505318700929100017,7003.79052734375,3,Chenxi
2505318700929100018,15999.107421875,3,Chenxi
2505318700929100019,3171.055908203125,3,Chenxi
2505318700929100020,5198.5693359375,3,Chenxi
2505318700929100021,2915.595947265625,3,Chenxi
2505318700929100022,3132.578857421875,3,Chenxi
2505318700929100023,17430.501953125,3,Chenxi
2505318700929100024,2639.799560546875,3,Chenxi
2505318700929100025,2085.794921875,3,Chenxi
2505318700930100003,4438.43017578125,3,Chenxi
2505318700930100004,7443.1591796875,3,Chenxi
2505318700930100005,6291.919921875,3,Chenxi
2505318700930100006,3260.848876953125,3,Chenxi
2505318700930100007,5604.12548828125,3,Chenxi
2505318700930100008,1741.671142578125,3,Chenxi
2505318700930100009,8992.6181640625,3,Chenxi
2505318700930100010,5622.5244140625,3,Chenxi
2505318700930100011,4382.00146484375,3,Chenxi
2505318700930100012,1932.1865234375,3,Chenxi
2505318700930100013,3542.53564453125,3,Chenxi
2505318700930100015,10061.1865234375,3,Chenxi
2505318700930100016,2596.91845703125,3,Chenxi
2505318700930100017,4156.1982421875,3,Chenxi
2505318700931100004,8421.087890625,3,Chenxi
2505318700931100005,2169.658447265625,3,Chenxi
2505318700931100006,3709.709716796875,3,Chenxi
2505318700931100007,5886.6513671875,3,Chenxi
2505318700931100008,6881.00634765625,3,Chenxi
2505318700931100009,8560.259765625,3,Chenxi
2505318700931100010,6999.7783203125,3,Chenxi
2505318700931100012,12806.3896484375,3,Chenxi
2505318700931100013,4914.4619140625,3,Chenxi
2505318700931100014,8998.3466796875,3,Chenxi
2505318700931100015,9775.2216796875,3,Chenxi
2505318700931100016,5202.328125,3,Chenxi
2505318700933100002,2904.126708984375,8,Chenxi
2505318700933100003,4756.03466796875,8,Chenxi
2505318700933100004,5498.37451171875,8,Chenxi
2505318700933100005,2769.7841796875,8,Chenxi
2505318700933100006,6190.12646484375,8,Chenxi
2505318700933100007,4120.05419921875,8,Chenxi
2505318700933100008,3275.0029296875,8,Chenxi
2505318700933100009,9571.8701171875,8,Chenxi
2505318700933100010,3454.307373046875,8,Chenxi
2505318700933100011,5043.22021484375,8,Chenxi
2505318700933100012,7349.78369140625,8,Chenxi
2505318700933100013,1728.578125,8,Chenxi
2505318700933100014,3396.325439453125,8,Chenxi
2505318700933100015,5034.24462890625,8,Chenxi
2505318700933100017,3585.726318359375,8,Chenxi
2505318700933100018,3808.638671875,8,Chenxi
2505318700933100019,2278.59375,8,Chenxi
2505318700933100020,5693.18115234375,8,Chenxi
2505318700933100021,3353.150390625,8,Chenxi
2505318700933100022,3390.228271484375,8,Chenxi
2505318700933100023,2526.472900390625,8,Chenxi
2505318700933100024,3945.744873046875,8,Chenxi
2505318700933100025,1881.7518310546875,8,Chenxi
2505318700933100026,4001.574951171875,8,Chenxi
2505318700933100027,1441.607421875,8,Chenxi
2505318700933100028,8232.017578125,8,Chenxi
2505318700933100029,1258.2684326171875,8,Chenxi
2505318700933100030,5860.02880859375,8,Chenxi
2505318700933100031,3921.74853515625,8,Chenxi
2505318700933100033,5553.31982421875,8,Chenxi
2505318700933100034,5982.7119140625,8,Chenxi
2505318700933100035,2590.2275390625,8,Chenxi
2505318700933100037,6117.47216796875,8,Chenxi
2505318700933100039,840.4927978515625,8,Chenxi
2505318700933100040,2718.469482421875,8,Chenxi
2505318700933100041,7151.7783203125,8,Chenxi
2505318700934100001,16271.826171875,8,Chenxi
2505318700934100002,4251.2978515625,8,Chenxi
2505318700934100003,2545.112060546875,8,Chenxi
2505318700934100004,5164.37451171875,8,Chenxi
2505318700934100005,5670.732421875,8,Chenxi
2505318700934100006,3178.63232421875,8,Chenxi
2505318700934100007,7364.61181640625,8,Chenxi
2505318700934100008,2389.53125,8,Chenxi
2505318700934100009,8210.8583984375,8,Chenxi
2505318700934100010,11143.16796875,8,Chenxi
2505318700934100011,9406.240234375,8,Chenxi
2505318700934100013,4305.77783203125,8,Chenxi
2505318700934100014,1412.559814453125,8,Chenxi
2505318700934100015,1719.529296875,8,Chenxi
2505318700934100017,4117.67578125,8,Chenxi
2505318700934100018,5068.00439453125,8,Chenxi
2505318700934100019,6754.015625,8,Chenxi
2505318700934100020,3355.719482421875,8,Chenxi
2505318700934100021,5745.09130859375,8,Chenxi
2505318700934100022,3100.1083984375,8,Chenxi
2505318700934100023,4684.595703125,8,Chenxi
2505318700934100024,2127.208251953125,8,Chenxi
2505318700934100025,7412.42578125,8,Chenxi
2505318700934100026,3701.859130859375,8,Chenxi
2505318700934100027,1869.5455322265625,8,Chenxi
2505318700934100029,4030.53662109375,8,Chenxi
2505318700934100030,4653.0595703125,8,Chenxi
2505318700934100032,891.2642822265625,8,Chenxi
2505318700934100033,2165.045654296875,8,Chenxi
2505318700934100034,5743.1044921875,8,Chenxi
2505318700934100035,4273.40087890625,8,Chenxi
2505318700934100036,2834.8232421875,8,Chenxi
2505318700934100037,10492.861328125,8,Chenxi
2505318700934100038,4876.42578125,8,Chenxi
2505318700934100039,2891.999755859375,8,Chenxi
2505318700934100040,5108.16015625,8,Chenxi
2505318700934100041,5069.0390625,8,Chenxi
2505318700934100042,3064.552734375,8,Chenxi
2505318700934100043,2281.2578125,8,Chenxi
2505318700934100044,5063.86962890625,8,Chenxi
2505318700934100045,5344.34814453125,8,Chenxi
2505318700934100046,11674.30078125,8,Chenxi
2505318700934100047,3002.006103515625,8,Chenxi
2505318700934100048,4273.7060546875,8,Chenxi
2505318700934100049,5383.5478515625,8,Chenxi
2505318700934100050,3101.734619140625,8,Chenxi
2505318700934100051,3582.600341796875,8,Chenxi
2505318700934100052,3066.38818359375,8,Chenxi
2505318700934100053,1531.3277587890625,8,Chenxi
2505318700935100001,4662.49169921875,8,Chenxi
2505318700935100002,6779.5029296875,8,Chenxi
2505318700935100003,4502.61279296875,8,Chenxi
2505318700935100004,2668.86328125,8,Chenxi
2505318700935100005,3104.966064453125,8,Chenxi
2505318700935100006,7627.07080078125,8,Chenxi
2505318700935100007,2428.60302734375,8,Chenxi
2505318700935100009,4942.45751953125,8,Chenxi
2505318700935100010,3493.786376953125,8,Chenxi
2505318700935100011,2873.23046875,8,Chenxi
2505318700935100012,3332.4990234375,8,Chenxi
2505318700935100013,4368.291015625,8,Chenxi
2505318700935100014,3780.48876953125,8,Chenxi
2505318700935100015,3750.654052734375,8,Chenxi
2505318700935100016,6547.20556640625,8,Chenxi
2505318700935100017,6305.35693359375,8,Chenxi
2505318700935100018,3999.70556640625,8,Chenxi
2505318700935100019,4726.595703125,8,Chenxi
2505318700935100020,3171.291015625,8,Chenxi
2505318700935100021,5927.1142578125,8,Chenxi
2505318700935100022,2739.9326171875,8,Chenxi
2505318700935100023,1799.6343994140625,8,Chenxi
2505318700935100025,11101.0146484375,8,Chenxi
2505318700935100026,10967.130859375,8,Chenxi
2505318700935100027,9245.1796875,8,Chenxi
2505318700935100028,3584.1669921875,8,Chenxi
2505318700935100029,3288.020751953125,8,Chenxi
2505318700935100030,6609.44482421875,8,Chenxi
2505318700935100031,2395.744384765625,8,Chenxi
2505318700935100032,2029.8780517578125,8,Chenxi
2505318700935100033,2290.80224609375,8,Chenxi
2505318700935100034,3774.58056640625,8,Chenxi
2505318700935100036,6283.0029296875,8,Chenxi
2505318700935100037,7167.5908203125,8,Chenxi
2505318700935100038,5169.5302734375,8,Chenxi
2505318700935100039,3013.448974609375,8,Chenxi
2505318700935100040,4678.07568359375,8,Chenxi
2505318700936100002,6843.03076171875,8,Chenxi
2505318700936100003,4840.29150390625,8,Chenxi
2505318700936100004,6583.00244140625,8,Chenxi
2505318700936100005,5331.37841796875,8,Chenxi
2505318700936100006,6196.59765625,8,Chenxi
2505318700936100007,6852.666015625,8,Chenxi
2505318700936100008,3699.85791015625,8,Chenxi
2505318700936100009,3171.001220703125,8,Chenxi
2505318700936100010,5159.31005859375,8,Chenxi
2505318700936100011,5399.04296875,8,Chenxi
2505318700936100012,6941.6298828125,8,Chenxi
2505318700936100013,3218.810302734375,8,Chenxi
2505318700936100014,5315.6748046875,8,Chenxi
2505318700936100015,3000.46142578125,8,Chenxi
2505318700936100016,4847.8955078125,8,Chenxi
2505318700936100017,5593.60595703125,8,Chenxi
2505318700936100018,6283.82568359375,8,Chenxi
2505318700936100019,2341.81201171875,8,Chenxi
2505318700936100020,3412.354736328125,8,Chenxi
2505318700936100021,3821.502685546875,8,Chenxi
2505318700936100022,5230.5322265625,8,Chenxi
2505318700936100023,3845.525390625,8,Chenxi
2505318700936100024,4563.05419921875,8,Chenxi
2505318700936100025,3100.297607421875,8,Chenxi
2505318700936100026,5625.09033203125,8,Chenxi
2505318700936100027,2937.322265625,8,Chenxi
2505318700936100028,3825.2587890625,8,Chenxi
2505318700936100030,4207.35791015625,8,Chenxi
2505318700936100031,4634.908203125,8,Chenxi
2505318700936100032,3179.0205078125,8,Chenxi
2505318700936100033,4754.287109375,8,Chenxi
2505318700936100034,6837.57080078125,8,Chenxi
2505318700938100001,2695.2255859375,12,Chenxi
2505318700938100003,4271.60693359375,12,Chenxi
2505318700938100004,2157.744140625,12,Chenxi
2505318700938100005,5918.78076171875,12,Chenxi
2505318700938100006,4142.98046875,12,Chenxi
2505318700938100007,3338.763427734375,12,Chenxi
2505318700938100008,2910.154541015625,12,Chenxi
2505318700938100009,6651.55322265625,12,Chenxi
2505318700938100010,3557.823486328125,12,Chenxi
2505318700938100011,3755.1103515625,12,Chenxi
2505318700938100012,5510.46630859375,12,Chenxi
2505318700938100014,6825.240234375,12,Chenxi
2505318700938100015,5666.75390625,12,Chenxi
2505318700939100001,5502.17333984375,12,Chenxi
2505318700939100002,4328.56298828125,12,Chenxi
2505318700939100003,5355.21142578125,12,Chenxi
2505318700939100004,20925.046875,12,Chenxi
2505318700939100005,6742.25341796875,12,Chenxi
2505318700939100006,11661.818359375,12,Chenxi
2505318700939100007,5485.90576171875,12,Chenxi
2505318700939100008,3032.08154296875,12,Chenxi
2505318700939100009,4373.4306640625,12,Chenxi
2505318700939100011,2902.507568359375,12,Chenxi
2505318700939100012,3024.521240234375,12,Chenxi
2505318700939100013,5122.98828125,12,Chenxi
2505318700939100014,3446.624755859375,12,Chenxi
2505318700939100015,11218.1298828125,12,Chenxi
2505318700939100016,3211.707275390625,12,Chenxi
2505318700939100017,2707.6396484375,12,Chenxi
2505318700939100019,2999.794677734375,12,Chenxi
2505318700939100020,2965.921142578125,12,Chenxi
2505318700939100021,4464.70751953125,12,Chenxi
2505318700939100022,1107.440185546875,12,Chenxi
2505318700939100023,4658.29248046875,12,Chenxi
2505318700939100024,5754.58251953125,12,Chenxi
2505318700939100025,4944.40771484375,12,Chenxi
2505318700939100026,3303.37646484375,12,Chenxi
2505318700939100027,4955.7509765625,12,Chenxi
2505318700939100028,2411.70703125,12,Chenxi
2505318700939100029,4221.3173828125,12,Chenxi
2505318700939100030,4141.42529296875,12,Chenxi
2505318700939100031,6060.9765625,12,Chenxi
2505318700939100032,5930.53369140625,12,Chenxi
2505318700939100033,4538.30078125,12,Chenxi
2505318700940100004,3347.084228515625,12,Chenxi
2505318700940100005,3285.324462890625,12,Chenxi
2505318700940100006,3505.123046875,12,Chenxi
2505318700940100007,2154.21484375,12,Chenxi
2505318700940100008,3009.546875,12,Chenxi
2505318700940100009,2689.27294921875,12,Chenxi
2505318700940100010,3246.797607421875,12,Chenxi
2505318700940100011,5349.4580078125,12,Chenxi
2505318700940100012,9244.9814453125,12,Chenxi
2505318700940100013,3662.531982421875,12,Chenxi
2505318700940100014,2426.975830078125,12,Chenxi
2505318700940100015,4748.43994140625,12,Chenxi
2505318700940100016,3018.871337890625,12,Chenxi
2505318700940100017,2862.36669921875,12,Chenxi
2505318700940100018,2532.131591796875,12,Chenxi
2505318700940100019,12199.376953125,12,Chenxi
2505318700940100020,4172.017578125,12,Chenxi
2505318700940100021,4247.6650390625,12,Chenxi
2505318700940100022,4958.4501953125,12,Chenxi
2505318700940100023,5795.09033203125,12,Chenxi
2505318700940100024,4603.38623046875,12,Chenxi
2505318700940100025,11018.87890625,12,Chenxi
2505318700940100026,6254.00341796875,12,Chenxi
2505318700940100027,3390.0361328125,12,Chenxi
2505318700940100028,3741.79736328125,12,Chenxi
2505318700940100029,6848.6611328125,12,Chenxi
2505318700940100030,4929.1953125,12,Chenxi
2505318700940100031,4700.0537109375,12,Chenxi
2505318700940100032,6416.07177734375,12,Chenxi
2505318700940100033,3726.459228515625,12,Chenxi
2505318700940100034,7062.20654296875,12,Chenxi
2505318700940100035,2528.833251953125,12,Chenxi
2505318700940100036,5301.93212890625,12,Chenxi
2505318700940100038,7265.900390625,12,Chenxi
2505318700940100039,7229.85498046875,12,Chenxi
2505318700941100001,5982.63427734375,12,Chenxi
2505318700941100003,1651.0985107421875,12,Chenxi
2505318700941100005,2221.7998046875,12,Chenxi
2505318700943100002,2373.302978515625,17,Chenxi
2505318700943100003,3671.587646484375,17,Chenxi
2505318700943100004,2689.961181640625,17,Chenxi
2505318700943100005,4621.7763671875,17,Chenxi
2505318700943100006,5940.38427734375,17,Chenxi
2505318700943100007,3348.370361328125,17,Chenxi
2505318700943100008,4171.4970703125,17,Chenxi
2505318700943100009,9760.5048828125,17,Chenxi
2505318700943100010,3543.386962890625,17,Chenxi
2505318700943100011,7291.39697265625,17,Chenxi
2505318700943100012,5066.26904296875,17,Chenxi
2505318700943100013,8349.1484375,17,Chenxi
2505318700943100014,11386.810546875,17,Chenxi
2505318700943100015,5110.958984375,17,Chenxi
2505318700943100016,5723.73779296875,17,Chenxi
2505318700943100017,5171.54150390625,17,Chenxi
2505318700943100018,4208.79052734375,17,Chenxi
2505318700943100019,6353.611328125,17,Chenxi
2505318700943100020,5645.716796875,17,Chenxi
2505318700943100021,6649.69580078125,17,Chenxi
2505318700943100022,5617.97216796875,17,Chenxi
2505318700943100023,2539.622802734375,17,Chenxi
2505318700943100024,4045.877685546875,17,Chenxi
2505318700943100025,2743.710205078125,17,Chenxi
2505318700943100026,5220.61474609375,17,Chenxi
2505318700943100027,6223.6640625,17,Chenxi
2505318700943100028,3720.8486328125,17,Chenxi
2505318700943100029,7103.5380859375,17,Chenxi
2505318700943100030,7131.62353515625,17,Chenxi
2505318700944100002,17303.125,17,Chenxi
2505318700944100003,7702.56787109375,17,Chenxi
2505318700944100005,5633.3984375,17,Chenxi
2505318700944100006,6582.32861328125,17,Chenxi
2505318700944100007,5859.18798828125,17,Chenxi
2505318700944100008,5119.06298828125,17,Chenxi
2505318700944100009,5410.40478515625,17,Chenxi
2505318700944100010,7432.22802734375,17,Chenxi
2505318700944100011,7654.49560546875,17,Chenxi
2505318700944100012,11764.92578125,17,Chenxi
2505318700944100013,9415.498046875,17,Chenxi
2505318700944100014,5968.373046875,17,Chenxi
2505318700944100015,2379.95361328125,17,Chenxi
2505318700944100016,6015.9384765625,17,Chenxi
2505318700944100017,2693.24072265625,17,Chenxi
2505318700944100018,3051.216796875,17,Chenxi
2505318700944100019,3277.240966796875,17,Chenxi
2505318700944100021,3953.006591796875,17,Chenxi
2505318700944100022,5349.3486328125,17,Chenxi
2505318700944100023,7622.72412109375,17,Chenxi
2505318700944100024,7253.01416015625,17,Chenxi
2505318700944100025,6485.587890625,17,Chenxi
2505318700944100027,4551.79638671875,17,Chenxi
2505318700945100002,2729.640625,17,Chenxi
2505318700945100004,11600.73046875,17,Chenxi
2505318700945100005,7244.28955078125,17,Chenxi
2505318700945100006,7866.52392578125,17,Chenxi
2505318700945100008,6074.5810546875,17,Chenxi
2505318700945100009,4681.416015625,17,Chenxi
2505318700945100010,5958.8857421875,17,Chenxi
2505318700945100012,6806.7734375,17,Chenxi
2505318700945100013,10212.2294921875,17,Chenxi
2505318700945100014,7601.0693359375,17,Chenxi
2505318700945100015,10436.2529296875,17,Chenxi
2505318700945100016,5148.470703125,17,Chenxi
2505318700945100017,4727.00537109375,17,Chenxi
2505318700945100018,6100.24267578125,17,Chenxi
2505318700945100019,4558.248046875,17,Chenxi
2505318700945100020,5577.77197265625,17,Chenxi
2505318700945100021,5454.34326171875,17,Chenxi
2505318700945100022,3464.95556640625,17,Chenxi
2505318700945100023,2285.455322265625,17,Chenxi
2505318700945100024,1787.102783203125,17,Chenxi
2505318700945100026,7277.11767578125,17,Chenxi
2505318700945100027,5167.962890625,17,Chenxi
2505318700945100028,3647.21484375,17,Chenxi
2505318700945100029,5158.5947265625,17,Chenxi
2505318700945100030,11035.7734375,17,Chenxi
2505318700945100031,4845.513671875,17,Chenxi
2505318700945100033,7149.689453125,17,Chenxi
2505318700945100034,6655.9248046875,17,Chenxi
2505318700945100035,7730.64111328125,17,Chenxi
2505318700945100036,4905.77978515625,17,Chenxi
2505318700945100037,5371.568359375,17,Chenxi
2505318700945100038,6534.8681640625,17,Chenxi
2505318700945100039,9360.666015625,17,Chenxi
2505318700945100040,6754.73974609375,17,Chenxi
2505318700946100002,4184.9921875,17,Chenxi
2505318700946100003,6905.07861328125,17,Chenxi
2505318700956100001,1519.421630859375,3,Chenxi
2505318700956100002,1122.6998291015625,3,Chenxi
2505318700956100003,5177.91552734375,3,Chenxi
2505318700957100002,4393.744140625,3,Chenxi
2505318700957100003,2409.3134765625,3,Chenxi
2505318700957100004,6357.2158203125,3,Chenxi
2505318700957100005,7807.41943359375,3,Chenxi
2505318700958100001,1968.9068603515625,3,Chenxi
2505318700962100005,3208.842529296875,8,Chenxi
2505318700962100006,2508.716552734375,8,Chenxi
2505318700962100007,5649.4052734375,8,Chenxi
2505318700962100009,3783.782958984375,8,Chenxi
2505318700962100010,5864.65087890625,8,Chenxi
2505318700962100011,3168.6064453125,8,Chenxi
2505318700962100012,4437.30419921875,8,Chenxi
2505318700962100013,2947.37451171875,8,Chenxi
2505318700962100014,4052.898193359375,8,Chenxi
2505318700962100015,4977.29150390625,8,Chenxi
2505318700962100016,4166.3115234375,8,Chenxi
2505318700962100017,4487.357421875,8,Chenxi
2505318700962100018,2091.0302734375,8,Chenxi
2505318700962100019,2788.732421875,8,Chenxi
2505318700962100020,4346.009765625,8,Chenxi
2505318700962100021,3181.89453125,8,Chenxi
2505318700962100022,7663.3603515625,8,Chenxi
2505318700962100023,3354.864990234375,8,Chenxi
2505318700962100024,4369.12548828125,8,Chenxi
2505318700962100025,6187.4130859375,8,Chenxi
2505318700963100003,4062.74951171875,8,Chenxi
2505318700963100004,8539.474609375,8,Chenxi
2505318700963100005,9731.3701171875,8,Chenxi
2505318700963100006,5050.43408203125,8,Chenxi
2505318700963100007,3487.9814453125,8,Chenxi
2505318700963100008,2491.026123046875,8,Chenxi
2505318700963100009,3274.041748046875,8,Chenxi
2505318700963100010,2181.09326171875,8,Chenxi
2505318700963100011,2824.5478515625,8,Chenxi
2505318700963100012,2002.248046875,8,Chenxi
2505318700963100013,8385.0224609375,8,Chenxi
2505318700963100014,3836.5791015625,8,Chenxi
2505318700963100015,8226.5859375,8,Chenxi
2505318700963100016,4369.25341796875,8,Chenxi
2505318700963100017,7350.68603515625,8,Chenxi
2505318700963100018,3026.4541015625,8,Chenxi
2505318700963100019,2798.0341796875,8,Chenxi
2505318700963100020,3308.882080078125,8,Chenxi
2505318700963100021,1811.10205078125,8,Chenxi
2505318700963100022,528.9856567382812,8,Chenxi
2505318700963100023,2007.9873046875,8,Chenxi
2505318700963100024,2693.697265625,8,Chenxi
2505318700963100025,4157.576171875,8,Chenxi
2505318700963100026,2794.6708984375,8,Chenxi
2505318700963100027,698.38134765625,8,Chenxi
2505318700963100028,3102.581298828125,8,Chenxi
2505318700963100029,2006.9930419921875,8,Chenxi
2505318700963100030,3707.484375,8,Chenxi
2505318700963100031,4577.599609375,8,Chenxi
2505318700963100032,2205.870361328125,8,Chenxi
2505318700963100033,3828.64111328125,8,Chenxi
2505318700963100034,2811.924072265625,8,Chenxi
2505318700963100035,2846.357177734375,8,Chenxi
2505318700963100037,3067.94091796875,8,Chenxi
2505318700963100038,1879.1817626953125,8,Chenxi
2505318700963100039,3757.041259765625,8,Chenxi
2505318700963100040,5997.728515625,8,Chenxi
2505318700963100041,2238.764892578125,8,Chenxi
2505318700963100042,4451.751953125,8,Chenxi
2505318700963100043,5963.71240234375,8,Chenxi
2505318700963100044,4424.25244140625,8,Chenxi
2505318700972100006,2387.725830078125,17,Chenxi
2505318700972100007,5412.59814453125,17,Chenxi
2505318700972100008,2776.976318359375,17,Chenxi
2505318700972100009,3207.4501953125,17,Chenxi
2505318700972100010,7600.40185546875,17,Chenxi
2505318700972100011,4220.96044921875,17,Chenxi
2505318700972100012,3859.43701171875,17,Chenxi
2505318700972100013,2773.147216796875,17,Chenxi
2505318700972100014,6985.60888671875,17,Chenxi
2505318700972100015,4355.28466796875,17,Chenxi
2505318700972100016,4541.05810546875,17,Chenxi
2505318700972100017,3946.712158203125,17,Chenxi
2505318700972100018,5601.4423828125,17,Chenxi
2505318700972100019,5711.08642578125,17,Chenxi
2505318700972100020,6340.5068359375,17,Chenxi
2505318700973100001,9789.9697265625,17,Chenxi
2505318700973100002,2565.9228515625,17,Chenxi
2505318700996100005,2930.25341796875,13,Chenxi
2505318701013100001,7691.134765625,4,Chenxi
2505318701013100002,9228.2744140625,4,Chenxi
2505318701013100003,5925.060546875,4,Chenxi
2505318701013100004,10412.0654296875,4,Chenxi
2505318701013100005,7381.69970703125,4,Chenxi
2505318701013100006,5219.7900390625,4,Chenxi
2505318701013100007,13931.37890625,4,Chenxi
2505318701013100008,7968.79052734375,4,Chenxi
2505318701013100009,8531.255859375,4,Chenxi
2505318701013100010,5507.6689453125,4,Chenxi
2505318701013100011,10635.916015625,4,Chenxi
2505318701013100012,5744.33740234375,4,Chenxi
2505318701013100013,1760.0751953125,4,Chenxi
2505318701014100001,7169.69775390625,4,Chenxi
2505318701014100002,3392.430419921875,4,Chenxi
2505318701014100003,1171.638671875,4,Chenxi
2505318701015100001,1601.5391845703125,4,Chenxi
2505318701015100002,4812.7822265625,4,Chenxi
2505318701017100001,5132.4130859375,9,Chenxi
2505318701018100002,8366.98046875,9,Chenxi
2505318701018100003,4472.73876953125,9,Chenxi
2505318701018100004,4999.7626953125,9,Chenxi
2505318701018100005,7926.58349609375,9,Chenxi
2505318701018100006,6946.3408203125,9,Chenxi
2505318701018100007,7146.26123046875,9,Chenxi
2505318701018100008,3342.347900390625,9,Chenxi
2505318701018100009,7844.73876953125,9,Chenxi
2505318701018100010,2762.193359375,9,Chenxi
2505318701018100011,10110.734375,9,Chenxi
2505318701018100012,4132.57666015625,9,Chenxi
2505318701018100013,9198.2822265625,9,Chenxi
2505318701018100014,3633.735107421875,9,Chenxi
2505318701018100015,5430.02099609375,9,Chenxi
2505318701018100016,2817.16064453125,9,Chenxi
2505318701018100017,2284.302490234375,9,Chenxi
2505318701018100019,4362.05419921875,9,Chenxi
2505318701018100020,1475.1102294921875,9,Chenxi
2505318701018100021,4873.63623046875,9,Chenxi
2505318701018100022,4586.015625,9,Chenxi
2505318701018100023,1141.459228515625,9,Chenxi
2505318701018100024,2370.7392578125,9,Chenxi
2505318701018100025,1773.6146240234375,9,Chenxi
2505318701018100026,1601.819091796875,9,Chenxi
2505318701018100027,2679.619873046875,9,Chenxi
2505318701018100028,2680.9619140625,9,Chenxi
2505318701018100029,4270.67626953125,9,Chenxi
2505318701018100030,4003.4677734375,9,Chenxi
2505318701018100031,5534.001953125,9,Chenxi
2505318701018100032,12564.2392578125,9,Chenxi
2505318701018100033,4444.83984375,9,Chenxi
2505318701018100034,3773.3798828125,9,Chenxi
2505318701018100035,2654.093505859375,9,Chenxi
2505318701018100036,4482.13427734375,9,Chenxi
2505318701018100037,4731.13134765625,9,Chenxi
2505318701018100038,3628.478759765625,9,Chenxi
2505318701018100039,4634.328125,9,Chenxi
2505318701018100040,1202.6844482421875,9,Chenxi
2505318701018100041,1605.9974365234375,9,Chenxi
2505318701018100042,1382.5081787109375,9,Chenxi
2505318701018100043,1446.41796875,9,Chenxi
2505318701018100044,2831.522216796875,9,Chenxi
2505318701018100045,2337.594970703125,9,Chenxi
2505318701018100046,3118.94921875,9,Chenxi
2505318701018100048,2647.58544921875,9,Chenxi
2505318701018100049,4857.142578125,9,Chenxi
2505318701018100050,5782.97412109375,9,Chenxi
2505318701018100051,4008.751708984375,9,Chenxi
2505318701018100052,3264.041259765625,9,Chenxi
2505318701018100055,1615.030029296875,9,Chenxi
2505318701019100001,9950.96875,9,Chenxi
2505318701019100002,4888.12451171875,9,Chenxi
2505318701019100003,8332.337890625,9,Chenxi
2505318701019100004,6042.23388671875,9,Chenxi
2505318701019100006,3467.23779296875,9,Chenxi
2505318701019100007,3309.570068359375,9,Chenxi
2505318701019100008,6302.072265625,9,Chenxi
2505318701019100009,5612.72119140625,9,Chenxi
2505318701019100010,1581.8626708984375,9,Chenxi
2505318701019100011,7143.9853515625,9,Chenxi
2505318701019100013,3155.72021484375,9,Chenxi
2505318701019100014,11777.6064453125,9,Chenxi
2505318701019100015,3129.991943359375,9,Chenxi
2505318701019100016,4316.8583984375,9,Chenxi
2505318701019100017,1581.77001953125,9,Chenxi
2505318701019100018,1893.5767822265625,9,Chenxi
2505318701019100019,2382.179931640625,9,Chenxi
2505318701022100002,5514.5712890625,13,Chenxi
2505318701022100003,2458.338134765625,13,Chenxi
2505318701022100004,5968.3466796875,13,Chenxi
2505318701022100005,2038.842041015625,13,Chenxi
2505318701022100006,2392.293212890625,13,Chenxi
2505318701022100007,2424.31640625,13,Chenxi
2505318701022100008,8204.21484375,13,Chenxi
2505318701022100009,5010.208984375,13,Chenxi
2505318701022100010,7623.212890625,13,Chenxi
2505318701022100012,3957.33251953125,13,Chenxi
2505318701022100013,2525.08837890625,13,Chenxi
2505318701022100014,2509.346435546875,13,Chenxi
2505318701022100015,1953.4351806640625,13,Chenxi
2505318701022100016,1489.48193359375,13,Chenxi
2505318701023100001,9857.76171875,13,Chenxi
2505318701023100003,7146.18017578125,13,Chenxi
2505318701023100004,3625.133544921875,13,Chenxi
2505318701023100005,2049.962158203125,13,Chenxi
2505318701023100006,1998.83544921875,13,Chenxi
2505318701023100007,2694.115966796875,13,Chenxi
2505318701023100008,2222.033203125,13,Chenxi
2505318701023100009,2154.172119140625,13,Chenxi
2505318701023100010,2563.46630859375,13,Chenxi
2505318701023100011,4625.6240234375,13,Chenxi
2505318701023100012,925.6818237304688,13,Chenxi
2505318701023100013,2076.194091796875,13,Chenxi
2505318701023100014,9504.2900390625,13,Chenxi
2505318701023100015,3221.70947265625,13,Chenxi
2505318701023100016,2425.10888671875,13,Chenxi
2505318701023100017,2930.697509765625,13,Chenxi
2505318701023100018,4292.96484375,13,Chenxi
2505318701023100019,9675.14453125,13,Chenxi
2505318701023100020,5569.66162109375,13,Chenxi
2505318701023100022,2473.122802734375,13,Chenxi
2505318701023100023,2678.624755859375,13,Chenxi
2505318701023100024,776.3251953125,13,Chenxi
2505318701023100025,2444.513916015625,13,Chenxi
2505318701023100026,866.5657348632812,13,Chenxi
2505318701023100027,8602.669921875,13,Chenxi
2505318701023100028,4922.44775390625,13,Chenxi
2505318701023100029,4203.43408203125,13,Chenxi
2505318701023100030,1928.7708740234375,13,Chenxi
2505318701023100031,1243.99755859375,13,Chenxi
2505318701023100032,2955.113037109375,13,Chenxi
2505318701023100033,3503.24267578125,13,Chenxi
2505318701023100034,3385.108642578125,13,Chenxi
2505318701023100035,5469.419921875,13,Chenxi
2505318701023100036,3856.397216796875,13,Chenxi
2505318701023100037,4049.2216796875,13,Chenxi
2505318701023100038,1936.3939208984375,13,Chenxi
2505318701023100039,3982.0126953125,13,Chenxi
2505318701023100040,3840.345703125,13,Chenxi
2505318701023100041,6130.8330078125,13,Chenxi
2505318701023100042,1012.8720703125,13,Chenxi
2505318701023100043,5301.60595703125,13,Chenxi
2505318701023100044,3825.391357421875,13,Chenxi
2505318701023100045,6283.44482421875,13,Chenxi
2505318701023100046,2432.070068359375,13,Chenxi
2505318701023100047,4398.60986328125,13,Chenxi
2505318701023100048,4496.1396484375,13,Chenxi
2505318701023100049,2142.154541015625,13,Chenxi
2505318701023100050,2447.0400390625,13,Chenxi
2505318701023100051,1821.202392578125,13,Chenxi
2505318701023100052,3026.498291015625,13,Chenxi
2505318701023100053,1663.538818359375,13,Chenxi
2505318701023100054,2863.308837890625,13,Chenxi
2505318701023100055,5520.6044921875,13,Chenxi
2505318701023100056,940.94677734375,13,Chenxi
2505318701023100057,3528.84228515625,13,Chenxi
2505318701023100058,2862.952880859375,13,Chenxi
2505318701023100059,6763.78515625,13,Chenxi
2505318701023100060,1961.3492431640625,13,Chenxi
2505318701023100061,2120.255859375,13,Chenxi
2505318701023100062,3200.1591796875,13,Chenxi
2505318701023100063,4952.67919921875,13,Chenxi
2505318701023100064,5459.55126953125,13,Chenxi
2505318701023100065,4221.40380859375,13,Chenxi
2505318701023100066,5412.47314453125,13,Chenxi
2505318701023100067,5470.7177734375,13,Chenxi
2505318701023100068,1738.5673828125,13,Chenxi
2505318701023100069,1974.738525390625,13,Chenxi
2505318701023100070,1337.4869384765625,13,Chenxi
2505318701023100071,7603.83642578125,13,Chenxi
2505318701023100072,3435.150390625,13,Chenxi
2505318701023100073,2476.76171875,13,Chenxi
2505318701023100074,3935.70361328125,13,Chenxi
2505318701023100075,4109.8701171875,13,Chenxi
2505318701023100076,1548.578857421875,13,Chenxi
2505318701023100077,3538.6513671875,13,Chenxi
2505318701023100078,1134.992431640625,13,Chenxi
2505318701023100079,2632.07080078125,13,Chenxi
2505318701023100080,1877.85009765625,13,Chenxi
2505318701023100081,2081.294677734375,13,Chenxi
2505318701023100082,2287.816162109375,13,Chenxi
2505318701023100083,4571.79248046875,13,Chenxi
2505318701023100084,5340.93798828125,13,Chenxi
2505318701023100085,4053.790771484375,13,Chenxi
2505318701023100086,2864.963623046875,13,Chenxi
2505318701023100088,2916.321533203125,13,Chenxi
2505318701023100089,2466.7431640625,13,Chenxi
2505318701023100090,2714.27587890625,13,Chenxi
2505318701023100091,2645.47607421875,13,Chenxi
2505318701023100092,4223.7216796875,13,Chenxi
2505318701023100093,8842.35546875,13,Chenxi
2505318701023100094,3426.328857421875,13,Chenxi
2505318701023100095,4617.1875,13,Chenxi
2505318701023100096,1596.881103515625,13,Chenxi
2505318701023100097,4472.041015625,13,Chenxi
2505318701023100098,2593.58642578125,13,Chenxi
2505318701023100099,6840.94970703125,13,Chenxi
2505318701023100100,2284.16455078125,13,Chenxi
2505318701023100101,5193.54736328125,13,Chenxi
2505318701023100102,4602.0458984375,13,Chenxi
2505318701023100103,4334.94580078125,13,Chenxi
2505318701023100104,2277.939697265625,13,Chenxi
2505318701023100105,1356.98388671875,13,Chenxi
2505318701023100106,3782.851806640625,13,Chenxi
2505318701023100107,8879.357421875,13,Chenxi
2505318701023100108,5571.90673828125,13,Chenxi
2505318701023100109,7418.3310546875,13,Chenxi
2505318701023100110,2311.2822265625,13,Chenxi
2505318701023100111,4558.919921875,13,Chenxi
2505318701023100112,3706.976318359375,13,Chenxi
2505318701023100113,1246.1485595703125,13,Chenxi
2505318701023100114,2259.8408203125,13,Chenxi
2505318701023100115,4540.21435546875,13,Chenxi
2505318701023100116,4864.296875,13,Chenxi
2505318701023100117,3027.822265625,13,Chenxi
2505318701023100118,10610.1806640625,13,Chenxi
2505318701023100119,4116.1962890625,13,Chenxi
2505318701023100120,3372.717041015625,13,Chenxi
2505318701023100121,7203.27294921875,13,Chenxi
2505318701023100122,2001.0831298828125,13,Chenxi
2505318701023100123,3103.157958984375,13,Chenxi
2505318701023100124,3664.384033203125,13,Chenxi
2505318701023100125,3457.189453125,13,Chenxi
2505318701023100127,2159.167724609375,13,Chenxi
2505318701023100128,2953.395263671875,13,Chenxi
2505318701023100129,2083.8515625,13,Chenxi
2505318701023100130,6784.60302734375,13,Chenxi
2505318701023100131,3963.2978515625,13,Chenxi
2505318701023100132,8890.4423828125,13,Chenxi
2505318701023100133,5877.39697265625,13,Chenxi
2505318701023100134,2909.2333984375,13,Chenxi
2505318701023100135,2748.47119140625,13,Chenxi
2505318701023100138,4481.08984375,13,Chenxi
2505318701023100139,3443.461669921875,13,Chenxi
2505318701024100003,5758.99609375,13,Chenxi
2505318701024100004,6010.9091796875,13,Chenxi
2505318701024100005,5065.29736328125,13,Chenxi
2505318701024100006,2968.437744140625,13,Chenxi
2505318701024100007,6524.16259765625,13,Chenxi
2505318701024100008,5100.005859375,13,Chenxi
2505318701024100010,4261.93701171875,13,Chenxi
2505318701024100011,3326.31201171875,13,Chenxi
2505318701024100012,4546.5625,13,Chenxi
2505318701024100013,4552.22216796875,13,Chenxi
2505318701024100014,2203.453125,13,Chenxi
2505318701024100015,7631.5498046875,13,Chenxi
2505318701024100017,3411.8994140625,13,Chenxi
2505318701024100018,8780.056640625,13,Chenxi
2505318701024100019,8008.0107421875,13,Chenxi
2505318701024100020,2282.356201171875,13,Chenxi
2505318701024100021,1391.5360107421875,13,Chenxi
2505318701024100022,2740.544921875,13,Chenxi
2505318701024100023,4936.48583984375,13,Chenxi
2505318701024100024,4449.9482421875,13,Chenxi
2505318701024100025,2248.546875,13,Chenxi
2505318701024100026,3818.70556640625,13,Chenxi
2505318701024100027,5648.375,13,Chenxi
2505318701024100029,5351.890625,13,Chenxi
2505318701024100030,3116.65966796875,13,Chenxi
2505318701024100031,2245.669921875,13,Chenxi
2505318701024100032,1604.599609375,13,Chenxi
2505318701024100033,6918.93115234375,13,Chenxi
2505318701024100034,2403.631103515625,13,Chenxi
2505318701024100035,3346.34521484375,13,Chenxi
2505318701024100036,3899.17431640625,13,Chenxi
2505318701024100037,3935.7529296875,13,Chenxi
2505318701024100038,2468.994384765625,13,Chenxi
2505318701024100039,1983.1617431640625,13,Chenxi
2505318701024100040,3613.47412109375,13,Chenxi
2505318701024100041,1597.4013671875,13,Chenxi
2505318701024100042,3586.038330078125,13,Chenxi
2505318701024100043,5083.232421875,13,Chenxi
2505318701024100044,1502.9747314453125,13,Chenxi
2505318701024100045,1024.0965576171875,13,Chenxi
2505318701024100046,8990.80859375,13,Chenxi
2505318701024100047,1572.6063232421875,13,Chenxi
2505318701024100048,3908.60791015625,13,Chenxi
2505318701024100049,6184.83154296875,13,Chenxi
2505318701024100050,4584.67041015625,13,Chenxi
2505318701024100051,5231.5830078125,13,Chenxi
2505318701024100052,9008.8095703125,13,Chenxi
2505318701024100053,6904.841796875,13,Chenxi
2505318701024100054,5616.77587890625,13,Chenxi
2505318701024100055,913.642822265625,13,Chenxi
2505318701024100056,4083.672607421875,13,Chenxi
2505318701024100057,4611.3505859375,13,Chenxi
2505318701024100058,3457.213623046875,13,Chenxi
2505318701024100059,7080.93896484375,13,Chenxi
2505318701024100060,1907.383544921875,13,Chenxi
2505318701024100061,3186.73583984375,13,Chenxi
2505318701024100062,7487.24658203125,13,Chenxi
2505318701024100063,7787.1396484375,13,Chenxi
2505318701024100064,2910.828369140625,13,Chenxi
2505318701024100065,6260.89306640625,13,Chenxi
2505318701024100066,4202.62451171875,13,Chenxi
2505318701024100067,5084.21435546875,13,Chenxi
2505318701024100068,1666.1766357421875,13,Chenxi
2505318701024100069,3904.3203125,13,Chenxi
2505318701024100070,6744.53857421875,13,Chenxi
2505318701024100071,2443.39404296875,13,Chenxi
2505318701024100072,5225.13525390625,13,Chenxi
2505318701024100073,5588.5703125,13,Chenxi
2505318701024100074,4977.85205078125,13,Chenxi
2505318701024100075,8898.78515625,13,Chenxi
2505318701024100076,2141.275390625,13,Chenxi
2505318701024100077,2180.476318359375,13,Chenxi
2505318701024100078,6533.52294921875,13,Chenxi
2505318701024100079,9090.3740234375,13,Chenxi
2505318701024100080,3719.487060546875,13,Chenxi
2505318701024100082,4698.3505859375,13,Chenxi
2505318701024100083,3003.95947265625,13,Chenxi
2505318701024100084,5239.4833984375,13,Chenxi
2505318701024100085,6814.26318359375,13,Chenxi
2505318701024100086,1354.0072021484375,13,Chenxi
2505318701024100087,3831.278564453125,13,Chenxi
2505318701024100088,8500.16796875,13,Chenxi
2505318701024100089,4845.21484375,13,Chenxi
2505318701024100090,1474.73486328125,13,Chenxi
2505318701024100091,4352.66650390625,13,Chenxi
2505318701024100092,3174.870361328125,13,Chenxi
2505318701024100093,6729.41015625,13,Chenxi
2505318701024100094,3506.90966796875,13,Chenxi
2505318701024100096,2729.07958984375,13,Chenxi
2505318701024100097,9747.4033203125,13,Chenxi
2505318701024100098,10334.1884765625,13,Chenxi
2505318701024100099,3095.534423828125,13,Chenxi
2505318701024100100,5427.888671875,13,Chenxi
2505318701024100101,11204.9541015625,13,Chenxi
2505318701024100102,1864.109619140625,13,Chenxi
2505318701024100104,2513.197998046875,13,Chenxi
2505318701024100105,7776.07763671875,13,Chenxi
2505318701024100107,3286.23095703125,13,Chenxi
2505318701024100108,3521.0146484375,13,Chenxi
2505318701024100109,9704.21484375,13,Chenxi
2505318701024100110,2334.357421875,13,Chenxi
2505318701024100111,9084.841796875,13,Chenxi
2505318701024100112,6933.65478515625,13,Chenxi
2505318701024100113,5417.53564453125,13,Chenxi
2505318701024100114,1893.766357421875,13,Chenxi
2505318701025100002,5961.232421875,13,Chenxi
2505318701025100003,2415.316162109375,13,Chenxi
2505318701025100004,2275.6708984375,13,Chenxi
2505318701025100005,4822.6884765625,13,Chenxi
2505318701025100006,1012.3717041015625,13,Chenxi
2505318701025100007,2570.335693359375,13,Chenxi
2505318701025100008,6167.82666015625,13,Chenxi
2505318701025100009,4666.7216796875,13,Chenxi
2505318701025100010,5613.912109375,13,Chenxi
2505318701025100013,1498.6009521484375,13,Chenxi
2505318701025100014,3032.439697265625,13,Chenxi
2505318701025100015,3955.275146484375,13,Chenxi
2505318701025100016,7097.06494140625,13,Chenxi
2505318701025100017,4701.06005859375,13,Chenxi
2505318701025100019,1940.5220947265625,13,Chenxi
2505318701025100020,5109.875,13,Chenxi
2505318701025100021,7465.751953125,13,Chenxi
2505318701025100022,1988.20166015625,13,Chenxi
2505318701025100023,3185.91455078125,13,Chenxi
2505318701025100024,2930.22216796875,13,Chenxi
2505318701025100025,2739.471435546875,13,Chenxi
2505318701025100026,1109.6805419921875,13,Chenxi
2505318701025100027,5913.22998046875,13,Chenxi
2505318701025100028,4357.3818359375,13,Chenxi
2505318701025100029,5314.556640625,13,Chenxi
2505318701025100030,6044.91162109375,13,Chenxi
2505318701025100031,2549.58984375,13,Chenxi
2505318701025100035,3984.141845703125,13,Chenxi
2505318701025100037,708.8784790039062,13,Chenxi
2505318701027100001,4760.44482421875,14,Chenxi
2505318701028100001,4474.80859375,14,Chenxi
2505318701028100002,10889.2802734375,14,Chenxi
2505318701028100003,12795.931640625,14,Chenxi
2505318701028100004,7178.8125,14,Chenxi
2505318701028100005,5871.3134765625,14,Chenxi
2505318701028100006,6584.1865234375,14,Chenxi
2505318701028100007,2569.396484375,14,Chenxi
2505318701028100008,9340.259765625,14,Chenxi
2505318701028100009,2927.103759765625,14,Chenxi
2505318701028100010,3782.65283203125,14,Chenxi
2505318701028100011,4325.51953125,14,Chenxi
2505318701028100012,3748.191650390625,14,Chenxi
2505318701028100014,5350.78271484375,14,Chenxi
2505318701028100015,5475.32373046875,14,Chenxi
2505318701028100016,4575.4833984375,14,Chenxi
2505318701029100002,1812.1944580078125,14,Chenxi
2505318701029100003,2224.386962890625,14,Chenxi
2505318701029100004,2449.85693359375,14,Chenxi
2505318701029100006,2011.0364990234375,14,Chenxi
2505318701029100007,1793.6611328125,14,Chenxi
2505318701029100008,1922.11572265625,14,Chenxi
2505318701029100009,1348.9803466796875,14,Chenxi
2505318701029100010,1725.353515625,14,Chenxi
2505318701029100011,1568.728271484375,14,Chenxi
2505318701029100012,1977.2359619140625,14,Chenxi
2505318701029100013,1172.8258056640625,14,Chenxi
2505318701029100015,2255.206787109375,14,Chenxi
2505318701033100001,6265.46630859375,5,Chenxi
2505318701033100002,6687.18017578125,5,Chenxi
2505318701033100004,4749.4423828125,5,Chenxi
2505318701033100005,6376.8359375,5,Chenxi
2505318701033100006,4190.44775390625,5,Chenxi
2505318701033100007,4427.525390625,5,Chenxi
2505318701033100008,3177.99755859375,5,Chenxi
2505318701034100003,4577.49658203125,5,Chenxi
2505318701040100003,3142.24853515625,4,Chenxi
2505318701040100004,6829.97705078125,4,Chenxi
2505318701040100005,6874.146484375,4,Chenxi
2505318701040100006,7696.77490234375,4,Chenxi
2505318701040100007,5946.81005859375,4,Chenxi
2505318701040100008,3534.09423828125,4,Chenxi
2505318701040100009,17589.048828125,4,Chenxi
2505318701040100010,9827.7685546875,4,Chenxi
2505318701040100011,5721.9921875,4,Chenxi
2505318701040100012,3516.70654296875,4,Chenxi
2505318701040100013,5086.76025390625,4,Chenxi
2505318701040100014,3801.677978515625,4,Chenxi
2505318701040100015,7899.1748046875,4,Chenxi
2505318701040100016,3671.00537109375,4,Chenxi
2505318701040100017,7888.69287109375,4,Chenxi
2505318701040100018,5376.80712890625,4,Chenxi
2505318701040100019,2538.67236328125,4,Chenxi
2505318701040100020,4371.091796875,4,Chenxi
2505318701040100021,5222.91845703125,4,Chenxi
2505318701040100022,6340.47412109375,4,Chenxi
2505318701040100023,5658.84228515625,4,Chenxi
2505318701040100024,3764.643310546875,4,Chenxi
2505318701040100025,3778.07373046875,4,Chenxi
2505318701041100004,8344.53125,4,Chenxi
2505318701041100005,9706.03125,4,Chenxi
2505318701041100006,10480.5078125,4,Chenxi
2505318701041100007,6531.61474609375,4,Chenxi
2505318701041100009,12384.96875,4,Chenxi
2505318701041100010,10896.81640625,4,Chenxi
2505318701041100011,6872.52783203125,4,Chenxi
2505318701041100012,8271.7333984375,4,Chenxi
2505318701041100013,2740.81884765625,4,Chenxi
2505318701041100014,10192.2412109375,4,Chenxi
2505318701041100015,3894.862060546875,4,Chenxi
2505318701041100016,2174.3310546875,4,Chenxi
2505318701041100017,4154.6474609375,4,Chenxi
2505318701041100018,4521.3486328125,4,Chenxi
2505318701041100019,2541.4267578125,4,Chenxi
2505318701041100020,8341.55078125,4,Chenxi
2505318701041100021,5445.1982421875,4,Chenxi
2505318701041100022,9313.041015625,4,Chenxi
2505318701041100023,2464.58642578125,4,Chenxi
2505318701041100024,13206.875,4,Chenxi
2505318701041100025,3520.637939453125,4,Chenxi
2505318701041100026,3625.886474609375,4,Chenxi
2505318701041100027,3600.784423828125,4,Chenxi
2505318701041100028,7179.865234375,4,Chenxi
2505318701041100029,11796.02734375,4,Chenxi
2505318701041100030,19276.474609375,4,Chenxi
2505318701041100031,5950.392578125,4,Chenxi
2505318701041100032,3305.582275390625,4,Chenxi
2505318701041100033,8028.9541015625,4,Chenxi
2505318701041100034,7652.30908203125,4,Chenxi
2505318701041100035,8118.0322265625,4,Chenxi
2505318701041100037,18658.751953125,4,Chenxi
2505318701041100038,8716.263671875,4,Chenxi
2505318701041100039,6430.7099609375,4,Chenxi
2505318701041100040,2747.00634765625,4,Chenxi
2505318701041100041,1669.4166259765625,4,Chenxi
2505318701041100042,6226.240234375,4,Chenxi
2505318701041100043,5365.29736328125,4,Chenxi
2505318701041100044,3928.82080078125,4,Chenxi
2505318701041100045,8162.36962890625,4,Chenxi
2505318701041100046,10250.8974609375,4,Chenxi
2505318701041100047,11558.3056640625,4,Chenxi
2505318701041100048,15542.693359375,4,Chenxi
2505318701041100051,7075.53955078125,4,Chenxi
2505318701041100053,12544.2216796875,4,Chenxi
2505318701041100054,12663.8525390625,4,Chenxi
2505318701041100055,3648.945556640625,4,Chenxi
2505318701041100056,2942.20849609375,4,Chenxi
2505318701041100057,4900.6259765625,4,Chenxi
2505318701041100058,3194.908203125,4,Chenxi
2505318701041100060,3949.299560546875,4,Chenxi
2505318701041100061,13311.2607421875,4,Chenxi
2505318701041100062,12703.1572265625,4,Chenxi
2505318701041100063,5138.6396484375,4,Chenxi
2505318701041100065,4233.72021484375,4,Chenxi
2505318701041100066,10756.587890625,4,Chenxi
2505318701041100067,4269.99169921875,4,Chenxi
2505318701042100003,18442.083984375,4,Chenxi
2505318701042100004,5263.0126953125,4,Chenxi
2505318701042100005,15925.5107421875,4,Chenxi
2505318701042100006,14507.34375,4,Chenxi
2505318701042100007,4662.578125,4,Chenxi
2505318701042100008,7490.94384765625,4,Chenxi
2505318701042100010,5327.97705078125,4,Chenxi
2505318701042100011,5867.55859375,4,Chenxi
2505318701042100012,13673.8935546875,4,Chenxi
2505318701042100014,3576.507568359375,4,Chenxi
2505318701042100015,13190.7021484375,4,Chenxi
2505318701042100017,18587.486328125,4,Chenxi
2505318701042100018,3926.27685546875,4,Chenxi
2505318701042100019,11193.11328125,4,Chenxi
2505318701042100020,7612.29736328125,4,Chenxi
2505318701042100021,1546.89892578125,4,Chenxi
2505318701042100023,9605.89453125,4,Chenxi
2505318701042100024,18603.75,4,Chenxi
2505318701042100025,2679.4794921875,4,Chenxi
2505318701042100027,1444.353759765625,4,Chenxi
2505318701043100001,7816.65673828125,4,Chenxi
2505318701043100002,15496.3359375,4,Chenxi
2505318701043100003,1871.3736572265625,4,Chenxi
2505318701043100004,2306.975830078125,4,Chenxi
2505318701043100005,6063.861328125,4,Chenxi
2505318701043100006,3167.056884765625,4,Chenxi
2505318701043100007,16116.6943359375,4,Chenxi
2505318701043100008,3571.9248046875,4,Chenxi
2505318701043100009,12849.8037109375,4,Chenxi
2505318701045100001,2335.452392578125,9,Chenxi
2505318701045100002,6209.0576171875,9,Chenxi
2505318701045100003,6023.185546875,9,Chenxi
2505318701045100004,2414.03271484375,9,Chenxi
2505318701045100005,6866.67919921875,9,Chenxi
2505318701045100006,3135.822998046875,9,Chenxi
2505318701045100007,3168.09814453125,9,Chenxi
2505318701045100008,4290.962890625,9,Chenxi
2505318701045100009,3956.884521484375,9,Chenxi
2505318701045100010,4096.9140625,9,Chenxi
2505318701045100012,4176.92333984375,9,Chenxi
2505318701045100013,2706.016357421875,9,Chenxi
2505318701045100014,2499.2333984375,9,Chenxi
2505318701045100015,3474.015869140625,9,Chenxi
2505318701045100016,2618.314697265625,9,Chenxi
2505318701045100017,2353.72802734375,9,Chenxi
2505318701045100019,3140.21533203125,9,Chenxi
2505318701045100020,1791.0889892578125,9,Chenxi
2505318701045100021,3474.47998046875,9,Chenxi
2505318701045100022,3715.47021484375,9,Chenxi
2505318701045100023,3741.966064453125,9,Chenxi
2505318701045100024,4037.914794921875,9,Chenxi
2505318701045100025,4920.630859375,9,Chenxi
2505318701045100026,8593.0654296875,9,Chenxi
2505318701045100028,3176.4892578125,9,Chenxi
2505318701045100029,3341.855224609375,9,Chenxi
2505318701045100030,1874.5601806640625,9,Chenxi
2505318701045100031,5934.10986328125,9,Chenxi
2505318701045100032,1775.3485107421875,9,Chenxi
2505318701045100033,5283.26708984375,9,Chenxi
2505318701045100034,3231.613037109375,9,Chenxi
2505318701045100035,3950.769287109375,9,Chenxi
2505318701045100036,3287.852294921875,9,Chenxi
2505318701045100037,5174.8056640625,9,Chenxi
2505318701045100038,1627.740478515625,9,Chenxi
2505318701045100039,4986.1015625,9,Chenxi
2505318701045100040,5624.580078125,9,Chenxi
2505318701045100041,3913.347900390625,9,Chenxi
2505318701045100042,2132.898681640625,9,Chenxi
2505318701045100043,6236.7353515625,9,Chenxi
2505318701045100044,4830.61767578125,9,Chenxi
2505318701045100045,1637.7322998046875,9,Chenxi
2505318701045100046,3486.82666015625,9,Chenxi
2505318701045100047,4417.9853515625,9,Chenxi
2505318701045100048,3274.355224609375,9,Chenxi
2505318701045100049,6112.837890625,9,Chenxi
2505318701045100050,3168.83642578125,9,Chenxi
2505318701045100051,881.5423583984375,9,Chenxi
2505318701045100052,4276.046875,9,Chenxi
2505318701045100053,5601.51953125,9,Chenxi
2505318701045100054,2069.689697265625,9,Chenxi
2505318701045100055,8011.521484375,9,Chenxi
2505318701045100056,2384.498291015625,9,Chenxi
2505318701045100057,1286.3052978515625,9,Chenxi
2505318701045100058,1695.213623046875,9,Chenxi
2505318701045100059,2193.71630859375,9,Chenxi
2505318701045100060,3608.010498046875,9,Chenxi
2505318701045100061,4081.7412109375,9,Chenxi
2505318701045100062,3144.367431640625,9,Chenxi
2505318701045100063,2040.2384033203125,9,Chenxi
2505318701045100064,2706.588134765625,9,Chenxi
2505318701045100065,4606.74560546875,9,Chenxi
2505318701045100066,1122.6273193359375,9,Chenxi
2505318701045100067,2424.195556640625,9,Chenxi
2505318701045100068,3343.81005859375,9,Chenxi
2505318701045100069,7572.4345703125,9,Chenxi
2505318701045100070,2910.426025390625,9,Chenxi
2505318701045100071,3300.209716796875,9,Chenxi
2505318701045100072,3451.868408203125,9,Chenxi
2505318701045100073,3782.990234375,9,Chenxi
2505318701045100074,5584.2275390625,9,Chenxi
2505318701045100075,5488.63916015625,9,Chenxi
2505318701045100076,7346.0546875,9,Chenxi
2505318701045100077,1895.060302734375,9,Chenxi
2505318701045100078,2725.489013671875,9,Chenxi
2505318701045100079,4206.89697265625,9,Chenxi
2505318701045100080,2113.810546875,9,Chenxi
2505318701045100081,1943.0416259765625,9,Chenxi
2505318701045100083,1913.9981689453125,9,Chenxi
2505318701045100084,5190.142578125,9,Chenxi
2505318701045100087,2344.056884765625,9,Chenxi
2505318701046100011,5684.38134765625,9,Chenxi
2505318701046100012,1706.296142578125,9,Chenxi
2505318701046100013,2931.40673828125,9,Chenxi
2505318701046100014,3192.835693359375,9,Chenxi
2505318701046100015,3710.501220703125,9,Chenxi
2505318701046100016,3297.12060546875,9,Chenxi
2505318701046100017,2773.967041015625,9,Chenxi
2505318701046100018,4529.49365234375,9,Chenxi
2505318701046100019,6887.81640625,9,Chenxi
2505318701046100020,6301.73828125,9,Chenxi
2505318701046100021,2020.665283203125,9,Chenxi
2505318701046100022,10652.81640625,9,Chenxi
2505318701046100023,4161.2548828125,9,Chenxi
2505318701046100024,6162.67919921875,9,Chenxi
2505318701046100025,4621.02294921875,9,Chenxi
2505318701046100026,4251.791015625,9,Chenxi
2505318701046100028,1430.1546630859375,9,Chenxi
2505318701046100029,2809.0234375,9,Chenxi
2505318701046100030,6055.68212890625,9,Chenxi
2505318701046100031,6721.3486328125,9,Chenxi
2505318701046100032,3924.769775390625,9,Chenxi
2505318701046100033,9486.833984375,9,Chenxi
2505318701046100034,5537.31787109375,9,Chenxi
2505318701046100035,2740.7861328125,9,Chenxi
2505318701046100036,6698.150390625,9,Chenxi
2505318701046100037,3848.77294921875,9,Chenxi
2505318701046100038,5459.4462890625,9,Chenxi
2505318701046100039,4808.74462890625,9,Chenxi
2505318701046100040,1969.74267578125,9,Chenxi
2505318701046100041,9804.4501953125,9,Chenxi
2505318701046100042,3009.341796875,9,Chenxi
2505318701046100043,11256.7412109375,9,Chenxi
2505318701046100044,9292.1025390625,9,Chenxi
2505318701046100045,4375.54931640625,9,Chenxi
2505318701046100046,2601.07861328125,9,Chenxi
2505318701046100047,3049.69873046875,9,Chenxi
2505318701046100048,6713.90966796875,9,Chenxi
2505318701046100049,2838.18798828125,9,Chenxi
2505318701046100051,8949.9462890625,9,Chenxi
2505318701046100053,8364.509765625,9,Chenxi
2505318701046100054,6401.38623046875,9,Chenxi
2505318701046100055,3276.822998046875,9,Chenxi
2505318701046100056,3117.57373046875,9,Chenxi
2505318701046100057,6700.75439453125,9,Chenxi
2505318701046100058,11893.224609375,9,Chenxi
2505318701046100059,4624.34716796875,9,Chenxi
2505318701046100060,3554.781494140625,9,Chenxi
2505318701046100061,4027.480224609375,9,Chenxi
2505318701046100062,4561.29833984375,9,Chenxi
2505318701046100064,4299.07275390625,9,Chenxi
2505318701046100065,5337.4326171875,9,Chenxi
2505318701046100067,2159.394775390625,9,Chenxi
2505318701046100068,4564.10302734375,9,Chenxi
2505318701046100069,6812.759765625,9,Chenxi
2505318701046100070,4932.1455078125,9,Chenxi
2505318701046100071,7258.24658203125,9,Chenxi
2505318701046100072,2275.6708984375,9,Chenxi
2505318701046100073,4348.5830078125,9,Chenxi
2505318701046100074,5527.73193359375,9,Chenxi
2505318701046100075,5312.71728515625,9,Chenxi
2505318701046100076,5119.64306640625,9,Chenxi
2505318701046100077,4895.29248046875,9,Chenxi
2505318701046100078,7027.2431640625,9,Chenxi
2505318701046100079,2953.283447265625,9,Chenxi
2505318701046100080,5566.396484375,9,Chenxi
2505318701046100081,1783.41259765625,9,Chenxi
2505318701046100082,8302.92578125,9,Chenxi
2505318701046100083,8289.0009765625,9,Chenxi
2505318701046100085,5466.7197265625,9,Chenxi
2505318701046100086,9867.748046875,9,Chenxi
2505318701046100087,6571.04736328125,9,Chenxi
2505318701046100088,5153.83203125,9,Chenxi
2505318701046100090,3788.6865234375,9,Chenxi
2505318701046100091,4729.08447265625,9,Chenxi
2505318701046100092,5897.3330078125,9,Chenxi
2505318701046100093,2452.885986328125,9,Chenxi
2505318701046100095,7115.38427734375,9,Chenxi
2505318701046100096,4739.63720703125,9,Chenxi
2505318701047100002,4690.75048828125,9,Chenxi
2505318701047100003,7048.8974609375,9,Chenxi
2505318701047100004,9782.36328125,9,Chenxi
2505318701047100005,3720.796142578125,9,Chenxi
2505318701047100006,3962.01416015625,9,Chenxi
2505318701047100007,3312.00048828125,9,Chenxi
2505318701047100008,4134.986328125,9,Chenxi
2505318701047100009,7234.9912109375,9,Chenxi
2505318701047100010,3811.54736328125,9,Chenxi
2505318701047100012,3139.591796875,9,Chenxi
2505318701047100014,4626.22900390625,9,Chenxi
2505318701047100015,2809.30712890625,9,Chenxi
2505318701047100016,2519.6767578125,9,Chenxi
2505318701047100017,2424.697509765625,9,Chenxi
2505318701050100002,3646.60498046875,13,Chenxi
2505318701050100003,1535.061279296875,13,Chenxi
2505318701050100004,7303.90625,13,Chenxi
2505318701050100005,11846.9638671875,13,Chenxi
2505318701050100006,2297.577880859375,13,Chenxi
2505318701050100007,8959.0595703125,13,Chenxi
2505318701050100008,4017.378662109375,13,Chenxi
2505318701050100009,4900.4365234375,13,Chenxi
2505318701050100010,6766.9404296875,13,Chenxi
2505318701050100011,4431.9775390625,13,Chenxi
2505318701051100006,14848.5732421875,13,Chenxi
2505318701051100007,5385.51220703125,13,Chenxi
2505318701051100008,4546.49072265625,13,Chenxi
2505318701051100009,4192.06689453125,13,Chenxi
2505318701051100010,12628.3740234375,13,Chenxi
2505318701051100011,2169.27978515625,13,Chenxi
2505318701051100012,5503.314453125,13,Chenxi
2505318701051100013,3099.527099609375,13,Chenxi
2505318701051100014,6839.087890625,13,Chenxi
2505318701051100015,4718.51513671875,13,Chenxi
2505318701051100016,11151.4541015625,13,Chenxi
2505318701051100017,5275.091796875,13,Chenxi
2505318701051100018,8071.51513671875,13,Chenxi
2505318701051100019,4186.8583984375,13,Chenxi
2505318701051100020,4186.84423828125,13,Chenxi
2505318701051100021,4125.3662109375,13,Chenxi
2505318701051100023,2593.24169921875,13,Chenxi
2505318701051100024,1305.5997314453125,13,Chenxi
2505318701051100025,3430.024658203125,13,Chenxi
2505318701051100026,13487.095703125,13,Chenxi
2505318701051100027,4172.640625,13,Chenxi
2505318701051100029,8903.67578125,13,Chenxi
2505318701051100030,3846.498046875,13,Chenxi
2505318701051100031,10017.4091796875,13,Chenxi
2505318701051100032,3451.588134765625,13,Chenxi
2505318701051100033,4413.49267578125,13,Chenxi
2505318701051100034,12584.513671875,13,Chenxi
2505318701051100035,7897.50341796875,13,Chenxi
2505318701051100039,3241.43701171875,13,Chenxi
2505318701052100004,6177.89404296875,13,Chenxi
2505318701052100005,1884.36669921875,13,Chenxi
2505318701052100007,6889.72119140625,13,Chenxi
2505318701052100008,5383.09130859375,13,Chenxi
2505318701052100009,5677.06640625,13,Chenxi
2505318701052100010,3573.925048828125,13,Chenxi
2505318701052100011,10402.87890625,13,Chenxi
2505318701052100012,3219.156005859375,13,Chenxi
2505318701052100013,13738.888671875,13,Chenxi
2505318701052100014,8475.720703125,13,Chenxi
2505318701052100015,3495.349853515625,13,Chenxi
2505318701052100016,5578.50048828125,13,Chenxi
2505318701052100017,5914.6220703125,13,Chenxi
2505318701052100019,2039.565185546875,13,Chenxi
2505318701052100020,2206.88916015625,13,Chenxi
2505318701052100021,3456.024658203125,13,Chenxi
2505318701052100022,8827.0048828125,13,Chenxi
2505318701052100023,5869.41064453125,13,Chenxi
2505318701052100024,2840.67431640625,13,Chenxi
2505318701052100025,1397.81689453125,13,Chenxi
2505318701052100026,15115.5732421875,13,Chenxi
2505318701052100027,28991.53125,13,Chenxi
2505318701052100028,3414.047607421875,13,Chenxi
2505318701052100029,6859.373046875,13,Chenxi
2505318701052100030,7874.56884765625,13,Chenxi
2505318701052100031,20356.955078125,13,Chenxi
2505318701052100032,6263.4111328125,13,Chenxi
2505318701052100033,7099.70263671875,13,Chenxi
2505318701052100034,15573.041015625,13,Chenxi
2505318701052100035,12076.794921875,13,Chenxi
2505318701052100036,7728.9072265625,13,Chenxi
2505318701052100037,1561.7354736328125,13,Chenxi
2505318701052100038,13372.0908203125,13,Chenxi
2505318701052100039,4971.4345703125,13,Chenxi
2505318701052100040,11666.017578125,13,Chenxi
2505318701052100041,3628.000732421875,13,Chenxi
2505318701052100043,24817.42578125,13,Chenxi
2505318701052100044,2505.8798828125,13,Chenxi
2505318701052100045,14504.3134765625,13,Chenxi
2505318701052100046,3167.615966796875,13,Chenxi
2505318701052100047,14280.927734375,13,Chenxi
2505318701052100048,11090.9931640625,13,Chenxi
2505318701052100049,2882.677734375,13,Chenxi
2505318701052100050,2681.670654296875,13,Chenxi
2505318701052100051,4107.4248046875,13,Chenxi
2505318701052100054,2565.261474609375,13,Chenxi
2505318701053100002,3179.25146484375,13,Chenxi
2505318701053100005,5557.90185546875,13,Chenxi
2505318701053100006,3202.995361328125,13,Chenxi
2505318701053100007,3755.54345703125,13,Chenxi
2505318701053100008,4711.03857421875,13,Chenxi
2505318701053100009,5799.90380859375,13,Chenxi
2505318701053100010,1053.377197265625,13,Chenxi
2505318701053100011,4574.73193359375,13,Chenxi
2505318701053100012,4681.935546875,13,Chenxi
2505318701053100013,5922.927734375,13,Chenxi
2505318701053100014,2910.883056640625,13,Chenxi
2505318701053100015,4844.61376953125,13,Chenxi
2505318701053100017,4749.34716796875,13,Chenxi
2505318701053100018,2424.584716796875,13,Chenxi
2505318701053100019,3328.874267578125,13,Chenxi
2505318701053100020,4201.71728515625,13,Chenxi
2505318701053100021,4271.29052734375,13,Chenxi
2505318701053100022,1743.1126708984375,13,Chenxi
2505318701053100023,6001.6865234375,13,Chenxi
2505318701053100024,7847.19140625,13,Chenxi
2505318701053100025,1930.41259765625,13,Chenxi
2505318701053100026,1202.962890625,13,Chenxi
2505318701053100027,2220.83349609375,13,Chenxi
2505318701053100028,5239.125,13,Chenxi
2505318701053100029,4044.830078125,13,Chenxi
2505318701053100030,6197.46875,13,Chenxi
2505318701053100031,5896.51806640625,13,Chenxi
2505318701053100032,3831.688232421875,13,Chenxi
2505318701053100033,2987.45361328125,13,Chenxi
2505318701053100034,2215.642333984375,13,Chenxi
2505318701053100036,2376.87939453125,13,Chenxi
2505318701053100037,4241.46923828125,13,Chenxi
2505318701053100038,9430.1337890625,13,Chenxi
2505318701053100039,4858.37744140625,13,Chenxi
2505318701053100040,3807.008056640625,13,Chenxi
2505318701053100041,2347.339111328125,13,Chenxi
2505318701053100042,2703.267578125,13,Chenxi
2505318701053100043,8114.3076171875,13,Chenxi
2505318701053100044,10198.0,13,Chenxi
2505318701053100045,5924.7001953125,13,Chenxi
2505318701053100046,3950.746337890625,13,Chenxi
2505318701053100047,1680.60302734375,13,Chenxi
2505318701053100048,4376.03662109375,13,Chenxi
2505318701053100049,2617.5048828125,13,Chenxi
2505318701053100050,4436.02734375,13,Chenxi
2505318701053100051,1097.907470703125,13,Chenxi
2505318701053100052,5871.84033203125,13,Chenxi
2505318701053100053,5888.8046875,13,Chenxi
2505318701053100054,6516.62353515625,13,Chenxi
2505318701053100055,3456.65771484375,13,Chenxi
2505318701053100056,3638.55078125,13,Chenxi
2505318701053100057,4041.761962890625,13,Chenxi
2505318701053100058,2304.046630859375,13,Chenxi
2505318701053100059,3730.797607421875,13,Chenxi
2505318701053100060,6366.6484375,13,Chenxi
2505318701053100061,2293.484130859375,13,Chenxi
2505318701053100062,3091.794189453125,13,Chenxi
2505318701053100063,2720.781494140625,13,Chenxi
2505318701053100064,4024.68798828125,13,Chenxi
2505318701053100065,4835.138671875,13,Chenxi
2505318701053100066,3663.811279296875,13,Chenxi
2505318701053100067,8551.5458984375,13,Chenxi
2505318701053100068,2580.435791015625,13,Chenxi
2505318701053100069,5913.875,13,Chenxi
2505318701053100070,4377.37451171875,13,Chenxi
2505318701053100071,5154.009765625,13,Chenxi
2505318701053100072,5809.4287109375,13,Chenxi
2505318701053100073,6685.169921875,13,Chenxi
2505318701053100074,4093.98974609375,13,Chenxi
2505318701053100075,2071.36181640625,13,Chenxi
2505318701053100076,5149.36376953125,13,Chenxi
2505318701053100077,5506.880859375,13,Chenxi
2505318701053100078,3136.682373046875,13,Chenxi
2505318701053100079,5327.189453125,13,Chenxi
2505318701053100080,2351.423828125,13,Chenxi
2505318701053100081,1265.66259765625,13,Chenxi
2505318701053100082,1196.0167236328125,13,Chenxi
2505318701053100083,4454.61767578125,13,Chenxi
2505318701053100084,711.6920166015625,13,Chenxi
2505318701053100086,3436.30078125,13,Chenxi
2505318701055100001,3797.31640625,14,Chenxi
2505318701055100002,6698.208984375,14,Chenxi
2505318701055100003,5800.0673828125,14,Chenxi
2505318701055100004,3701.90771484375,14,Chenxi
2505318701055100005,4328.935546875,14,Chenxi
2505318701055100006,6226.83642578125,14,Chenxi
2505318701055100007,6108.7353515625,14,Chenxi
2505318701055100009,16061.484375,14,Chenxi
2505318701055100010,1663.4981689453125,14,Chenxi
2505318701055100011,4441.55908203125,14,Chenxi
2505318701055100012,6747.99658203125,14,Chenxi
2505318701055100014,8647.1025390625,14,Chenxi
2505318701055100015,4407.89892578125,14,Chenxi
2505318701055100016,3768.8173828125,14,Chenxi
2505318701055100017,3375.683837890625,14,Chenxi
2505318701055100018,4970.68408203125,14,Chenxi
2505318701055100019,3958.95263671875,14,Chenxi
2505318701055100020,7394.78271484375,14,Chenxi
2505318701055100021,2249.655029296875,14,Chenxi
2505318701055100022,5653.7978515625,14,Chenxi
2505318701055100023,3049.86865234375,14,Chenxi
2505318701055100024,2715.375,14,Chenxi
2505318701055100025,2321.663330078125,14,Chenxi
2505318701055100026,5046.35546875,14,Chenxi
2505318701055100027,4266.1240234375,14,Chenxi
2505318701055100028,1959.8475341796875,14,Chenxi
2505318701055100029,2622.620361328125,14,Chenxi
2505318701055100030,6067.06005859375,14,Chenxi
2505318701055100031,4333.26318359375,14,Chenxi
2505318701055100032,4185.21923828125,14,Chenxi
2505318701055100033,3549.990234375,14,Chenxi
2505318701055100034,6525.25146484375,14,Chenxi
2505318701055100035,3408.92529296875,14,Chenxi
2505318701055100036,1703.526123046875,14,Chenxi
2505318701055100037,4451.82373046875,14,Chenxi
2505318701055100038,4538.49755859375,14,Chenxi
2505318701055100039,4672.69921875,14,Chenxi
2505318701055100040,3126.905517578125,14,Chenxi
2505318701055100041,3767.64013671875,14,Chenxi
2505318701055100042,5440.06591796875,14,Chenxi
2505318701055100043,5087.56298828125,14,Chenxi
2505318701055100044,9712.642578125,14,Chenxi
2505318701055100045,15496.94140625,14,Chenxi
2505318701055100046,2420.8134765625,14,Chenxi
2505318701055100047,4726.20947265625,14,Chenxi
2505318701055100048,6475.8486328125,14,Chenxi
2505318701055100049,6883.9775390625,14,Chenxi
2505318701055100050,8922.056640625,14,Chenxi
2505318701056100004,11063.400390625,14,Chenxi
2505318701056100005,6662.68017578125,14,Chenxi
2505318701056100006,4313.16650390625,14,Chenxi
2505318701056100007,4895.408203125,14,Chenxi
2505318701056100008,5617.1884765625,14,Chenxi
2505318701056100009,5987.29541015625,14,Chenxi
2505318701056100010,5392.44140625,14,Chenxi
2505318701056100012,1295.911376953125,14,Chenxi
2505318701056100013,2530.804931640625,14,Chenxi
2505318701056100014,4370.236328125,14,Chenxi
2505318701056100015,3366.00244140625,14,Chenxi
2505318701056100016,9820.330078125,14,Chenxi
2505318701056100017,3499.926025390625,14,Chenxi
2505318701056100018,4057.08740234375,14,Chenxi
2505318701056100019,1518.720703125,14,Chenxi
2505318701056100020,8771.322265625,14,Chenxi
2505318701056100021,3323.520263671875,14,Chenxi
2505318701056100022,7523.13525390625,14,Chenxi
2505318701056100023,3322.2763671875,14,Chenxi
2505318701056100024,3978.104736328125,14,Chenxi
2505318701056100025,2818.19580078125,14,Chenxi
2505318701056100026,5473.01318359375,14,Chenxi
2505318701056100027,4190.4853515625,14,Chenxi
2505318701056100028,6046.14453125,14,Chenxi
2505318701056100029,4934.06103515625,14,Chenxi
2505318701056100030,5708.35888671875,14,Chenxi
2505318701056100031,3393.006591796875,14,Chenxi
2505318701056100033,4414.94580078125,14,Chenxi
2505318701056100035,10433.662109375,14,Chenxi
2505318701056100036,1969.4302978515625,14,Chenxi
2505318701056100038,3412.0888671875,14,Chenxi
2505318701056100039,4390.1865234375,14,Chenxi
2505318701056100040,5123.0634765625,14,Chenxi
2505318701056100041,16765.328125,14,Chenxi
2505318701056100042,2813.70361328125,14,Chenxi
2505318701056100043,5663.5224609375,14,Chenxi
2505318701056100045,6580.35107421875,14,Chenxi
2505318701056100047,8232.08203125,14,Chenxi
2505318701056100048,2880.91650390625,14,Chenxi
2505318701056100049,3431.96826171875,14,Chenxi
2505318701056100050,9890.0791015625,14,Chenxi
2505318701056100052,3119.842041015625,14,Chenxi
2505318701056100053,2120.02490234375,14,Chenxi
2505318701056100055,4523.47265625,14,Chenxi
2505318701057100001,4227.3017578125,14,Chenxi
2505318701057100002,10766.203125,14,Chenxi
2505318701057100003,3135.74365234375,14,Chenxi
2505318701057100004,3628.382568359375,14,Chenxi
2505318701057100005,7492.048828125,14,Chenxi
2505318701057100006,1944.70849609375,14,Chenxi
2505318701057100007,4204.53466796875,14,Chenxi
2505318701057100008,3085.1875,14,Chenxi
2505318701057100009,2247.3515625,14,Chenxi
2505318701057100010,5299.2744140625,14,Chenxi
2505318701057100011,2095.196533203125,14,Chenxi
2505318701057100012,1796.405029296875,14,Chenxi
2505318701057100013,1948.004638671875,14,Chenxi
2505318701057100014,6744.02734375,14,Chenxi
2505318701057100015,2555.093994140625,14,Chenxi
2505318701057100016,2106.74951171875,14,Chenxi
2505318701058100003,1600.1893310546875,14,Chenxi
2505318701058100004,1362.2388916015625,14,Chenxi
2505318701058100007,1822.56103515625,14,Chenxi
2505318701058100008,1380.484130859375,14,Chenxi
2505318701058100009,2036.8983154296875,14,Chenxi
2505318701058100010,2609.791015625,14,Chenxi
2505318701058100013,2634.522705078125,14,Chenxi
2505318701058100015,1802.8836669921875,14,Chenxi
2505318701058100016,1300.5640869140625,14,Chenxi
2505318701058100017,2790.26513671875,14,Chenxi
2505318701058100018,1254.8720703125,14,Chenxi
2505318701058100020,2500.543212890625,14,Chenxi
2505318701058100021,2055.625,14,Chenxi
2505318701058100022,2453.0859375,14,Chenxi
2505318701058100023,3931.489013671875,14,Chenxi
2505318701060100001,7251.181640625,5,Chenxi
2505318701060100002,1780.06494140625,5,Chenxi
2505318701060100003,4895.10400390625,5,Chenxi
2505318701060100004,6910.8984375,5,Chenxi
2505318701060100005,4190.251953125,5,Chenxi
2505318701060100006,4842.33544921875,5,Chenxi
2505318701060100007,3986.54736328125,5,Chenxi
2505318701060100009,4088.261474609375,5,Chenxi
2505318701060100010,5278.52392578125,5,Chenxi
2505318701060100011,4873.8701171875,5,Chenxi
2505318701060100012,1950.8900146484375,5,Chenxi
2505318701060100013,4455.04638671875,5,Chenxi
2505318701060100015,2291.93505859375,5,Chenxi
2505318701061100002,4865.31787109375,5,Chenxi
2505318701061100003,6281.92236328125,5,Chenxi
2505318701061100004,5663.2763671875,5,Chenxi
2505318701061100005,3166.31201171875,5,Chenxi
2505318701061100006,5389.79833984375,5,Chenxi
2505318701061100007,5102.8984375,5,Chenxi
2505318701061100008,5000.43896484375,5,Chenxi
2505318701061100009,4943.07470703125,5,Chenxi
2505318701061100010,4074.781494140625,5,Chenxi
2505318701061100011,3621.3115234375,5,Chenxi
2505318701061100012,5660.63818359375,5,Chenxi
2505318701061100013,9288.375,5,Chenxi
2505318701061100014,2991.68359375,5,Chenxi
2505318701061100016,3212.999755859375,5,Chenxi
2505318701061100017,4786.552734375,5,Chenxi
2505318701061100018,6132.3408203125,5,Chenxi
2505318701061100019,3018.17724609375,5,Chenxi
2505318701061100020,1959.7291259765625,5,Chenxi
2505318701061100021,4735.39892578125,5,Chenxi
2505318701061100022,3501.25390625,5,Chenxi
2505318701061100024,5077.70361328125,5,Chenxi
2505318701061100025,4232.853515625,5,Chenxi
2505318701061100026,3652.625244140625,5,Chenxi
2505318701061100027,3805.454345703125,5,Chenxi
2505318701061100029,5620.46240234375,5,Chenxi
2505318701061100030,9432.8349609375,5,Chenxi
2505318701061100032,2850.232666015625,5,Chenxi
2505318701062100001,10745.90234375,5,Chenxi
2505318701062100002,8323.4345703125,5,Chenxi
2505318701062100003,4801.62841796875,5,Chenxi
2505318701062100004,5466.5400390625,5,Chenxi
2505318701062100005,4152.69287109375,5,Chenxi
2505318701062100006,5043.87255859375,5,Chenxi
2505318701062100007,4857.09716796875,5,Chenxi
2505318701062100008,5008.47705078125,5,Chenxi
2505318701062100009,6412.3916015625,5,Chenxi
2505318701062100010,7241.689453125,5,Chenxi
2505318701062100012,7401.8349609375,5,Chenxi
2505318701062100013,5526.43115234375,5,Chenxi
2505318701062100014,4413.63623046875,5,Chenxi
2505318701062100015,3254.50341796875,5,Chenxi
2505318701062100016,1665.6346435546875,5,Chenxi
2505318701062100017,1897.4627685546875,5,Chenxi
2505318701062100018,3855.963134765625,5,Chenxi
2505318701062100019,6215.341796875,5,Chenxi
2505318701062100020,3763.145263671875,5,Chenxi
2505318701062100021,4684.54052734375,5,Chenxi
2505318701062100022,10364.1396484375,5,Chenxi
2505318701062100023,4939.85791015625,5,Chenxi
2505318701062100024,4237.66455078125,5,Chenxi
2505318701062100025,5933.72802734375,5,Chenxi
2505318701062100026,8934.7138671875,5,Chenxi
2505318701062100027,6794.46923828125,5,Chenxi
2505318701063100004,4946.7685546875,5,Chenxi
2505318701063100017,2825.090087890625,5,Chenxi
2505318701063100018,3525.6025390625,5,Chenxi
2505318701068100002,10866.2841796875,4,Chenxi
2505318701068100003,3786.73876953125,4,Chenxi
2505318701068100005,4584.15625,4,Chenxi
2505318701068100006,3209.416748046875,4,Chenxi
2505318701068100007,2761.76123046875,4,Chenxi
2505318701068100008,4873.0791015625,4,Chenxi
2505318701068100009,7324.56884765625,4,Chenxi
2505318701068100010,4262.3212890625,4,Chenxi
2505318701068100011,4598.50732421875,4,Chenxi
2505318701068100012,6418.4375,4,Chenxi
2505318701068100013,4919.29150390625,4,Chenxi
2505318701068100014,4115.990234375,4,Chenxi
2505318701068100015,5091.04248046875,4,Chenxi
2505318701068100016,7768.3994140625,4,Chenxi
2505318701068100017,4445.89892578125,4,Chenxi
2505318701068100018,5094.20458984375,4,Chenxi
2505318701068100019,4000.416259765625,4,Chenxi
2505318701068100020,2653.145751953125,4,Chenxi
2505318701068100021,5949.51611328125,4,Chenxi
2505318701068100022,8063.61279296875,4,Chenxi
2505318701068100023,4566.3662109375,4,Chenxi
2505318701068100024,9574.4873046875,4,Chenxi
2505318701068100025,9440.0078125,4,Chenxi
2505318701068100026,4725.01806640625,4,Chenxi
2505318701068100027,2104.90771484375,4,Chenxi
2505318701068100028,3930.95263671875,4,Chenxi
2505318701068100029,6119.45654296875,4,Chenxi
2505318701068100030,4814.96630859375,4,Chenxi
2505318701068100031,3936.1015625,4,Chenxi
2505318701068100033,2636.87060546875,4,Chenxi
2505318701068100034,4960.1806640625,4,Chenxi
2505318701068100035,4514.69091796875,4,Chenxi
2505318701068100036,3370.326416015625,4,Chenxi
2505318701068100037,4530.880859375,4,Chenxi
2505318701068100038,6056.7861328125,4,Chenxi
2505318701068100039,3804.120849609375,4,Chenxi
2505318701068100040,5164.2001953125,4,Chenxi
2505318701068100041,9923.56640625,4,Chenxi
2505318701068100043,5857.42919921875,4,Chenxi
2505318701068100045,6566.21337890625,4,Chenxi
2505318701068100046,2696.04638671875,4,Chenxi
2505318701068100047,6747.03564453125,4,Chenxi
2505318701068100049,5175.580078125,4,Chenxi
2505318701068100050,5155.76318359375,4,Chenxi
2505318701069100004,6295.6962890625,4,Chenxi
2505318701069100006,9324.7568359375,4,Chenxi
2505318701069100007,6282.18017578125,4,Chenxi
2505318701069100008,10750.9912109375,4,Chenxi
2505318701069100010,10720.734375,4,Chenxi
2505318701069100012,1451.398681640625,4,Chenxi
2505318701069100013,11536.4296875,4,Chenxi
2505318701069100014,2815.06640625,4,Chenxi
2505318701069100015,4145.525390625,4,Chenxi
2505318701069100016,4288.50146484375,4,Chenxi
2505318701069100017,5526.86669921875,4,Chenxi
2505318701069100019,13403.408203125,4,Chenxi
2505318701069100020,11187.6220703125,4,Chenxi
2505318701069100021,7701.71826171875,4,Chenxi
2505318701069100022,7950.2294921875,4,Chenxi
2505318701069100023,5288.9072265625,4,Chenxi
2505318701069100024,2239.19970703125,4,Chenxi
2505318701069100025,2293.843505859375,4,Chenxi
2505318701069100026,10947.603515625,4,Chenxi
2505318701069100027,11879.521484375,4,Chenxi
2505318701069100028,9089.2412109375,4,Chenxi
2505318701069100030,6179.09716796875,4,Chenxi
2505318701069100032,1671.880126953125,4,Chenxi
2505318701069100034,16007.6591796875,4,Chenxi
2505318701069100035,4357.18408203125,4,Chenxi
2505318701069100036,6711.42919921875,4,Chenxi
2505318701069100037,7821.05322265625,4,Chenxi
2505318701069100038,7767.2021484375,4,Chenxi
2505318701069100039,1981.293701171875,4,Chenxi
2505318701069100040,14007.701171875,4,Chenxi
2505318701069100041,3429.515380859375,4,Chenxi
2505318701069100042,22575.25390625,4,Chenxi
2505318701069100043,10270.21484375,4,Chenxi
2505318701069100044,8177.70703125,4,Chenxi
2505318701069100045,2049.9248046875,4,Chenxi
2505318701069100046,2794.3603515625,4,Chenxi
2505318701069100047,10181.4716796875,4,Chenxi
2505318701069100048,6965.77685546875,4,Chenxi
2505318701069100050,7222.6708984375,4,Chenxi
2505318701069100051,13401.9140625,4,Chenxi
2505318701069100052,4153.96533203125,4,Chenxi
2505318701069100053,4963.24755859375,4,Chenxi
2505318701069100054,6762.5498046875,4,Chenxi
2505318701069100055,8190.8271484375,4,Chenxi
2505318701069100056,5293.85009765625,4,Chenxi
2505318701069100057,4661.23779296875,4,Chenxi
2505318701069100058,11854.4541015625,4,Chenxi
2505318701069100059,5449.6611328125,4,Chenxi
2505318701069100060,5461.93310546875,4,Chenxi
2505318701069100061,6235.6455078125,4,Chenxi
2505318701069100062,4614.51416015625,4,Chenxi
2505318701070100002,6953.3720703125,4,Chenxi
2505318701070100003,7452.42138671875,4,Chenxi
2505318701070100004,12330.453125,4,Chenxi
2505318701070100005,9169.7216796875,4,Chenxi
2505318701070100006,12933.25390625,4,Chenxi
2505318701070100007,1550.280029296875,4,Chenxi
2505318701070100008,1768.0833740234375,4,Chenxi
2505318701070100009,14140.6142578125,4,Chenxi
2505318701070100010,11016.5263671875,4,Chenxi
2505318701070100011,3956.59130859375,4,Chenxi
2505318701070100012,4391.1376953125,4,Chenxi
2505318701070100014,5511.0625,4,Chenxi
2505318701070100015,2652.718505859375,4,Chenxi
2505318701070100016,21708.142578125,4,Chenxi
2505318701070100017,4975.37744140625,4,Chenxi
2505318701070100018,3987.90576171875,4,Chenxi
2505318701070100020,5418.01611328125,4,Chenxi
2505318701070100021,15112.6474609375,4,Chenxi
2505318701070100024,11156.2255859375,4,Chenxi
2505318701070100026,6063.84521484375,4,Chenxi
2505318701071100001,12773.18359375,4,Chenxi
2505318701071100002,6104.25,4,Chenxi
2505318701071100004,10300.61328125,4,Chenxi
2505318701071100005,3328.46337890625,4,Chenxi
2505318701071100006,6960.9013671875,4,Chenxi
2505318701071100007,6437.13232421875,4,Chenxi
2505318701071100008,9114.0400390625,4,Chenxi
2505318701071100009,9900.810546875,4,Chenxi
2505318701071100010,6830.3818359375,4,Chenxi
2505318701071100011,16147.3837890625,4,Chenxi
2505318701071100012,2261.91064453125,4,Chenxi
2505318701071100013,2965.8701171875,4,Chenxi
2505318701071100014,15700.4130859375,4,Chenxi
2505318701071100015,7718.712890625,4,Chenxi
2505318701071100016,9537.5380859375,4,Chenxi
2505318701071100017,8504.158203125,4,Chenxi
2505318701071100018,6982.9150390625,4,Chenxi
2505318701071100019,3441.35205078125,4,Chenxi
2505318701071100020,2388.0244140625,4,Chenxi
2505318701073100004,6812.98974609375,9,Chenxi
2505318701073100006,3115.564697265625,9,Chenxi
2505318701073100007,4376.7197265625,9,Chenxi
2505318701073100008,1885.580322265625,9,Chenxi
2505318701073100009,3881.21337890625,9,Chenxi
2505318701073100010,2823.786376953125,9,Chenxi
2505318701073100011,3169.60888671875,9,Chenxi
2505318701073100012,4734.9931640625,9,Chenxi
2505318701073100013,3582.324951171875,9,Chenxi
2505318701073100014,2508.1123046875,9,Chenxi
2505318701073100015,2653.34765625,9,Chenxi
2505318701073100016,3523.519775390625,9,Chenxi
2505318701073100017,1760.3741455078125,9,Chenxi
2505318701073100018,1756.45947265625,9,Chenxi
2505318701073100019,5073.07421875,9,Chenxi
2505318701073100020,1828.658447265625,9,Chenxi
2505318701073100021,4257.87109375,9,Chenxi
2505318701073100022,6499.330078125,9,Chenxi
2505318701073100023,5758.18798828125,9,Chenxi
2505318701073100024,2728.35986328125,9,Chenxi
2505318701073100025,8551.455078125,9,Chenxi
2505318701073100026,6303.61328125,9,Chenxi
2505318701073100027,3279.143310546875,9,Chenxi
2505318701073100028,7238.22314453125,9,Chenxi
2505318701073100029,6754.27587890625,9,Chenxi
2505318701073100030,4546.93212890625,9,Chenxi
2505318701073100031,6490.759765625,9,Chenxi
2505318701073100032,2904.39990234375,9,Chenxi
2505318701073100033,7963.10791015625,9,Chenxi
2505318701073100034,3403.244140625,9,Chenxi
2505318701073100035,3000.518798828125,9,Chenxi
2505318701073100036,4137.8564453125,9,Chenxi
2505318701073100037,6711.3544921875,9,Chenxi
2505318701073100038,2834.93603515625,9,Chenxi
2505318701073100039,2302.07861328125,9,Chenxi
2505318701073100040,3367.527099609375,9,Chenxi
2505318701073100041,5121.95556640625,9,Chenxi
2505318701073100042,3239.452392578125,9,Chenxi
2505318701073100043,2942.507080078125,9,Chenxi
2505318701073100044,4964.255859375,9,Chenxi
2505318701073100045,4118.81494140625,9,Chenxi
2505318701073100046,2202.98193359375,9,Chenxi
2505318701073100047,4990.748046875,9,Chenxi
2505318701073100048,4719.11474609375,9,Chenxi
2505318701073100049,4063.697265625,9,Chenxi
2505318701073100050,2014.8773193359375,9,Chenxi
2505318701073100051,6855.27978515625,9,Chenxi
2505318701073100052,4818.7978515625,9,Chenxi
2505318701073100053,1800.210693359375,9,Chenxi
2505318701073100054,2786.51708984375,9,Chenxi
2505318701073100055,2661.5439453125,9,Chenxi
2505318701073100056,5823.82763671875,9,Chenxi
2505318701073100057,7004.21337890625,9,Chenxi
2505318701073100058,3016.258056640625,9,Chenxi
2505318701073100059,5057.15185546875,9,Chenxi
2505318701073100060,6176.28857421875,9,Chenxi
2505318701073100061,2323.400390625,9,Chenxi
2505318701073100062,1414.5797119140625,9,Chenxi
2505318701073100063,3851.4287109375,9,Chenxi
2505318701073100064,3214.91748046875,9,Chenxi
2505318701073100065,5945.7041015625,9,Chenxi
2505318701073100066,3673.5400390625,9,Chenxi
2505318701073100067,1861.11767578125,9,Chenxi
2505318701073100068,8362.33203125,9,Chenxi
2505318701073100069,3291.224609375,9,Chenxi
2505318701073100070,3744.5791015625,9,Chenxi
2505318701073100071,4134.63720703125,9,Chenxi
2505318701073100072,1645.91845703125,9,Chenxi
2505318701073100073,1908.75341796875,9,Chenxi
2505318701073100074,5794.27001953125,9,Chenxi
2505318701073100075,5644.21142578125,9,Chenxi
2505318701073100076,5074.119140625,9,Chenxi
2505318701073100077,3978.50634765625,9,Chenxi
2505318701073100078,3709.747314453125,9,Chenxi
2505318701073100079,5516.91748046875,9,Chenxi
2505318701073100080,5592.13330078125,9,Chenxi
2505318701073100081,5464.041015625,9,Chenxi
2505318701073100082,7185.00732421875,9,Chenxi
2505318701073100083,3878.901123046875,9,Chenxi
2505318701073100084,6174.88037109375,9,Chenxi
2505318701073100085,3091.912109375,9,Chenxi
2505318701073100086,2759.6787109375,9,Chenxi
2505318701073100087,3655.139404296875,9,Chenxi
2505318701073100089,4121.7177734375,9,Chenxi
2505318701073100090,6656.62744140625,9,Chenxi
2505318701073100091,2624.863525390625,9,Chenxi
2505318701073100092,4264.68505859375,9,Chenxi
2505318701073100093,1379.373291015625,9,Chenxi
2505318701073100094,4528.076171875,9,Chenxi
2505318701073100095,6353.84814453125,9,Chenxi
2505318701073100097,2151.136474609375,9,Chenxi
2505318701073100098,4131.46728515625,9,Chenxi
2505318701073100099,4774.72314453125,9,Chenxi
2505318701073100100,3086.5224609375,9,Chenxi
2505318701073100101,4979.21875,9,Chenxi
2505318701073100102,4558.94580078125,9,Chenxi
2505318701074100005,15521.24609375,9,Chenxi
2505318701074100006,2166.78125,9,Chenxi
2505318701074100007,7606.36328125,9,Chenxi
2505318701074100008,3384.78857421875,9,Chenxi
2505318701074100009,3172.60107421875,9,Chenxi
2505318701074100010,3426.538330078125,9,Chenxi
2505318701074100011,4487.001953125,9,Chenxi
2505318701074100012,3341.974609375,9,Chenxi
2505318701074100013,6281.47265625,9,Chenxi
2505318701074100014,10663.14453125,9,Chenxi
2505318701074100016,6738.66259765625,9,Chenxi
2505318701074100017,3965.118408203125,9,Chenxi
2505318701074100018,3570.339599609375,9,Chenxi
2505318701074100019,2518.980224609375,9,Chenxi
2505318701074100020,6330.18505859375,9,Chenxi
2505318701074100021,5057.9443359375,9,Chenxi
2505318701074100022,5772.64599609375,9,Chenxi
2505318701074100023,14129.685546875,9,Chenxi
2505318701074100024,11794.7177734375,9,Chenxi
2505318701074100026,7968.53515625,9,Chenxi
2505318701074100027,9108.68359375,9,Chenxi
2505318701074100028,3972.304931640625,9,Chenxi
2505318701074100030,2712.448974609375,9,Chenxi
2505318701074100031,2188.471923828125,9,Chenxi
2505318701074100032,5324.8583984375,9,Chenxi
2505318701074100033,9780.875,9,Chenxi
2505318701074100034,11933.2392578125,9,Chenxi
2505318701074100035,5371.8603515625,9,Chenxi
2505318701074100037,3958.009765625,9,Chenxi
2505318701074100038,3967.586669921875,9,Chenxi
2505318701074100040,4497.86572265625,9,Chenxi
2505318701075100001,4102.7373046875,9,Chenxi
2505318701075100002,5409.44873046875,9,Chenxi
2505318701075100003,8469.892578125,9,Chenxi
2505318701075100004,3555.376708984375,9,Chenxi
2505318701075100005,3120.844970703125,9,Chenxi
2505318701075100006,3333.9287109375,9,Chenxi
2505318701075100007,5219.9560546875,9,Chenxi
2505318701075100008,4184.4033203125,9,Chenxi
2505318701075100009,8557.4287109375,9,Chenxi
2505318701075100010,6275.09912109375,9,Chenxi
2505318701075100011,3298.08447265625,9,Chenxi
2505318701075100012,5605.9306640625,9,Chenxi
2505318701075100013,6531.0224609375,9,Chenxi
2505318701075100014,2409.36279296875,9,Chenxi
2505318701075100015,5245.287109375,9,Chenxi
2505318701075100017,2798.76904296875,9,Chenxi
2505318701075100018,4084.05078125,9,Chenxi
2505318701075100019,1779.653076171875,9,Chenxi
2505318701075100020,6692.00830078125,9,Chenxi
2505318701075100021,4861.25439453125,9,Chenxi
2505318701075100022,16016.1806640625,9,Chenxi
2505318701075100023,12701.4658203125,9,Chenxi
2505318701075100024,5664.59912109375,9,Chenxi
2505318701075100025,4825.4521484375,9,Chenxi
2505318701075100026,2795.490478515625,9,Chenxi
2505318701075100027,3735.0888671875,9,Chenxi
2505318701075100028,3319.51904296875,9,Chenxi
2505318701076100001,2448.479248046875,9,Chenxi
2505318701076100002,3192.067138671875,9,Chenxi
2505318701076100003,4626.7041015625,9,Chenxi
2505318701076100004,7382.28271484375,9,Chenxi
2505318701078100002,5998.8544921875,13,Chenxi
2505318701078100003,4460.38525390625,13,Chenxi
2505318701078100004,2151.70458984375,13,Chenxi
2505318701078100005,10179.326171875,13,Chenxi
2505318701078100006,10456.5927734375,13,Chenxi
2505318701078100007,3263.243896484375,13,Chenxi
2505318701078100008,2086.297119140625,13,Chenxi
2505318701078100009,2690.230712890625,13,Chenxi
2505318701078100010,3975.9052734375,13,Chenxi
2505318701078100011,5781.736328125,13,Chenxi
2505318701078100012,3317.11865234375,13,Chenxi
2505318701078100013,7166.45849609375,13,Chenxi
2505318701078100014,11881.1220703125,13,Chenxi
2505318701078100015,7326.97802734375,13,Chenxi
2505318701078100016,6536.51806640625,13,Chenxi
2505318701078100017,2589.886962890625,13,Chenxi
2505318701078100018,3106.83984375,13,Chenxi
2505318701078100019,3706.468994140625,13,Chenxi
2505318701078100020,3989.010986328125,13,Chenxi
2505318701078100021,1507.3040771484375,13,Chenxi
2505318701078100022,6372.71484375,13,Chenxi
2505318701078100023,4533.96142578125,13,Chenxi
2505318701078100024,2390.6630859375,13,Chenxi
2505318701078100025,7007.1767578125,13,Chenxi
2505318701078100026,4339.06884765625,13,Chenxi
2505318701078100027,4963.72216796875,13,Chenxi
2505318701078100028,961.0803833007812,13,Chenxi
2505318701078100029,2808.354248046875,13,Chenxi
2505318701079100002,11189.6015625,13,Chenxi
2505318701079100003,3356.86474609375,13,Chenxi
2505318701079100004,4626.31689453125,13,Chenxi
2505318701079100005,1917.689453125,13,Chenxi
2505318701079100006,4638.23193359375,13,Chenxi
2505318701079100007,7149.40869140625,13,Chenxi
2505318701079100009,5883.291015625,13,Chenxi
2505318701079100010,2926.246826171875,13,Chenxi
2505318701079100011,8105.29736328125,13,Chenxi
2505318701079100012,4180.72216796875,13,Chenxi
2505318701079100013,3170.59033203125,13,Chenxi
2505318701079100015,3466.013427734375,13,Chenxi
2505318701079100016,7760.5361328125,13,Chenxi
2505318701079100017,10083.1083984375,13,Chenxi
2505318701079100018,6132.7509765625,13,Chenxi
2505318701079100019,4279.17529296875,13,Chenxi
2505318701079100020,2053.62060546875,13,Chenxi
2505318701079100021,2149.923095703125,13,Chenxi
2505318701079100022,2227.8515625,13,Chenxi
2505318701079100023,2638.720458984375,13,Chenxi
2505318701079100024,5954.49462890625,13,Chenxi
2505318701079100025,3687.5234375,13,Chenxi
2505318701079100026,10019.0400390625,13,Chenxi
2505318701079100027,4501.67822265625,13,Chenxi
2505318701079100028,4208.6123046875,13,Chenxi
2505318701079100029,4511.30126953125,13,Chenxi
2505318701079100031,1843.939697265625,13,Chenxi
2505318701079100032,5255.98486328125,13,Chenxi
2505318701079100033,4009.947509765625,13,Chenxi
2505318701079100035,4027.19091796875,13,Chenxi
2505318701079100036,1688.89453125,13,Chenxi
2505318701079100037,3664.0791015625,13,Chenxi
2505318701079100039,4051.95849609375,13,Chenxi
2505318701080100001,4565.505859375,13,Chenxi
2505318701080100004,7583.73974609375,13,Chenxi
2505318701080100005,3904.554443359375,13,Chenxi
2505318701080100006,5879.02734375,13,Chenxi
2505318701080100007,12261.0517578125,13,Chenxi
2505318701080100008,14246.3271484375,13,Chenxi
2505318701080100009,2704.18798828125,13,Chenxi
2505318701080100010,4013.29541015625,13,Chenxi
2505318701080100012,2957.207275390625,13,Chenxi
2505318701080100013,10540.1689453125,13,Chenxi
2505318701080100014,7194.39794921875,13,Chenxi
2505318701080100015,1658.8349609375,13,Chenxi
2505318701080100016,17867.875,13,Chenxi
2505318701080100017,11990.6904296875,13,Chenxi
2505318701080100018,3778.68310546875,13,Chenxi
2505318701080100019,9622.8310546875,13,Chenxi
2505318701080100020,8621.2109375,13,Chenxi
2505318701080100021,8284.2138671875,13,Chenxi
2505318701080100022,6490.880859375,13,Chenxi
2505318701080100023,5162.7744140625,13,Chenxi
2505318701080100024,8878.2080078125,13,Chenxi
2505318701080100025,6724.765625,13,Chenxi
2505318701080100026,10593.8232421875,13,Chenxi
2505318701080100027,5901.833984375,13,Chenxi
2505318701080100028,13873.7783203125,13,Chenxi
2505318701080100029,11259.38671875,13,Chenxi
2505318701080100030,11451.796875,13,Chenxi
2505318701080100031,6149.3310546875,13,Chenxi
2505318701080100032,2990.7216796875,13,Chenxi
2505318701080100033,3702.62451171875,13,Chenxi
2505318701080100034,5919.06201171875,13,Chenxi
2505318701080100035,10741.529296875,13,Chenxi
2505318701080100036,19786.380859375,13,Chenxi
2505318701080100037,2978.47021484375,13,Chenxi
2505318701080100038,5245.5205078125,13,Chenxi
2505318701080100039,3587.020263671875,13,Chenxi
2505318701080100040,5623.21484375,13,Chenxi
2505318701080100041,7568.4794921875,13,Chenxi
2505318701080100042,15224.5126953125,13,Chenxi
2505318701080100043,4370.8115234375,13,Chenxi
2505318701080100044,3862.303955078125,13,Chenxi
2505318701080100045,1987.547119140625,13,Chenxi
2505318701080100046,9787.2119140625,13,Chenxi
2505318701080100047,9995.37890625,13,Chenxi
2505318701080100048,2785.53466796875,13,Chenxi
2505318701080100049,4169.49267578125,13,Chenxi
2505318701080100050,5631.6806640625,13,Chenxi
2505318701080100051,6898.0576171875,13,Chenxi
2505318701080100052,2819.4248046875,13,Chenxi
2505318701080100053,1511.7864990234375,13,Chenxi
2505318701080100054,1953.9395751953125,13,Chenxi
2505318701080100055,2210.0498046875,13,Chenxi
2505318701080100056,2200.775634765625,13,Chenxi
2505318701080100057,4174.10888671875,13,Chenxi
2505318701080100058,2890.632568359375,13,Chenxi
2505318701080100059,8368.892578125,13,Chenxi
2505318701080100060,4297.22412109375,13,Chenxi
2505318701080100061,4453.83740234375,13,Chenxi
2505318701080100062,1932.054931640625,13,Chenxi
2505318701080100063,2138.8994140625,13,Chenxi
2505318701080100064,4280.91845703125,13,Chenxi
2505318701080100065,5765.8759765625,13,Chenxi
2505318701080100066,2236.323486328125,13,Chenxi
2505318701080100067,3432.09619140625,13,Chenxi
2505318701080100068,2983.488037109375,13,Chenxi
2505318701080100069,1156.7216796875,13,Chenxi
2505318701080100070,6345.61376953125,13,Chenxi
2505318701080100071,1727.8472900390625,13,Chenxi
2505318701080100072,2427.439208984375,13,Chenxi
2505318701080100074,4663.056640625,13,Chenxi
2505318701080100075,4683.72998046875,13,Chenxi
2505318701080100077,4576.654296875,13,Chenxi
2505318701080100078,4805.65283203125,13,Chenxi
2505318701080100079,3928.3447265625,13,Chenxi
2505318701080100081,6603.701171875,13,Chenxi
2505318701080100082,4896.35498046875,13,Chenxi
2505318701080100083,6169.10791015625,13,Chenxi
2505318701080100084,7635.57080078125,13,Chenxi
2505318701080100085,2460.232421875,13,Chenxi
2505318701080100086,2862.56396484375,13,Chenxi
2505318701080100087,2660.523681640625,13,Chenxi
2505318701080100089,2957.547607421875,13,Chenxi
2505318701080100090,4740.103515625,13,Chenxi
2505318701080100091,1979.5394287109375,13,Chenxi
2505318701080100092,6737.47021484375,13,Chenxi
2505318701080100093,4280.86474609375,13,Chenxi
2505318701080100094,4033.596923828125,13,Chenxi
2505318701080100095,5890.1982421875,13,Chenxi
2505318701080100096,1841.538818359375,13,Chenxi
2505318701080100097,2299.796875,13,Chenxi
2505318701080100099,6731.75927734375,13,Chenxi
2505318701080100100,2383.82666015625,13,Chenxi
2505318701080100102,2734.427734375,13,Chenxi
2505318701080100103,2687.73828125,13,Chenxi
2505318701080100104,3908.573486328125,13,Chenxi
2505318701080100105,2817.564697265625,13,Chenxi
2505318701080100106,5241.62548828125,13,Chenxi
2505318701080100108,2836.96337890625,13,Chenxi
2505318701081100007,5252.4423828125,13,Chenxi
2505318701081100008,3479.58447265625,13,Chenxi
2505318701081100009,4521.8525390625,13,Chenxi
2505318701081100010,1946.8287353515625,13,Chenxi
2505318701081100011,3390.270263671875,13,Chenxi
2505318701081100012,4498.455078125,13,Chenxi
2505318701081100013,4103.50634765625,13,Chenxi
2505318701081100014,3320.8232421875,13,Chenxi
2505318701081100015,5316.0322265625,13,Chenxi
2505318701081100016,2310.022705078125,13,Chenxi
2505318701081100017,4341.62841796875,13,Chenxi
2505318701081100018,3868.3388671875,13,Chenxi
2505318701081100019,2735.608642578125,13,Chenxi
2505318701081100020,5255.2001953125,13,Chenxi
2505318701081100021,4410.15478515625,13,Chenxi
2505318701081100022,3351.728759765625,13,Chenxi
2505318701081100023,4442.6904296875,13,Chenxi
2505318701081100024,4305.76904296875,13,Chenxi
2505318701081100025,1841.7591552734375,13,Chenxi
2505318701081100026,2019.8104248046875,13,Chenxi
2505318701081100027,3767.99609375,13,Chenxi
2505318701081100028,943.4933471679688,13,Chenxi
2505318701081100029,2053.2265625,13,Chenxi
2505318701081100030,3157.491943359375,13,Chenxi
2505318701081100031,3768.177490234375,13,Chenxi
2505318701081100032,2175.465576171875,13,Chenxi
2505318701081100033,2942.94970703125,13,Chenxi
2505318701081100034,5278.5498046875,13,Chenxi
2505318701081100035,2709.997802734375,13,Chenxi
2505318701081100036,5703.15185546875,13,Chenxi
2505318701081100037,4200.47802734375,13,Chenxi
2505318701081100038,6136.80615234375,13,Chenxi
2505318701081100039,3203.682861328125,13,Chenxi
2505318701081100040,3512.595947265625,13,Chenxi
2505318701081100041,731.177490234375,13,Chenxi
2505318701081100042,10594.876953125,13,Chenxi
2505318701081100043,2054.068359375,13,Chenxi
2505318701081100044,1408.7041015625,13,Chenxi
2505318701081100046,2831.005859375,13,Chenxi
2505318701081100047,3096.109375,13,Chenxi
2505318701081100048,2307.916015625,13,Chenxi
2505318701081100049,4594.744140625,13,Chenxi
2505318701081100050,1548.1290283203125,13,Chenxi
2505318701081100051,2328.677978515625,13,Chenxi
2505318701081100053,5990.7119140625,13,Chenxi
2505318701081100054,3296.434814453125,13,Chenxi
2505318701081100056,4313.0712890625,13,Chenxi
2505318701081100057,2753.464111328125,13,Chenxi
2505318701081100058,4639.5947265625,13,Chenxi
2505318701081100059,3352.499267578125,13,Chenxi
2505318701081100060,6127.517578125,13,Chenxi
2505318701081100061,1088.883544921875,13,Chenxi
2505318701081100062,4467.671875,13,Chenxi
2505318701081100063,3776.91259765625,13,Chenxi
2505318701081100064,3669.9580078125,13,Chenxi
2505318701081100065,4858.98193359375,13,Chenxi
2505318701081100066,4529.39697265625,13,Chenxi
2505318701081100067,2960.10302734375,13,Chenxi
2505318701081100069,2257.9697265625,13,Chenxi
2505318701081100070,4196.3857421875,13,Chenxi
2505318701081100071,4069.653564453125,13,Chenxi
2505318701081100072,3067.384521484375,13,Chenxi
2505318701081100073,1659.0059814453125,13,Chenxi
2505318701081100074,3359.056640625,13,Chenxi
2505318701081100075,2704.202880859375,13,Chenxi
2505318701081100076,2383.139892578125,13,Chenxi
2505318701081100077,4833.32666015625,13,Chenxi
2505318701081100078,4490.45703125,13,Chenxi
2505318701081100079,2603.812255859375,13,Chenxi
2505318701081100080,2153.516845703125,13,Chenxi
2505318701081100083,3744.773193359375,13,Chenxi
2505318701081100084,6195.4365234375,13,Chenxi
2505318701081100085,4732.73291015625,13,Chenxi
2505318701081100086,2107.705078125,13,Chenxi
2505318701083100004,3537.44970703125,14,Chenxi
2505318701083100005,4238.806640625,14,Chenxi
2505318701083100007,4550.748046875,14,Chenxi
2505318701083100008,5256.3359375,14,Chenxi
2505318701083100009,8434.1953125,14,Chenxi
2505318701083100010,3189.18505859375,14,Chenxi
2505318701083100011,4150.97900390625,14,Chenxi
2505318701083100012,4310.68359375,14,Chenxi
2505318701083100013,2202.845947265625,14,Chenxi
2505318701083100014,6432.38427734375,14,Chenxi
2505318701083100015,1618.31103515625,14,Chenxi
2505318701083100016,3831.5546875,14,Chenxi
2505318701083100017,4213.1943359375,14,Chenxi
2505318701083100018,8607.251953125,14,Chenxi
2505318701083100019,2087.94677734375,14,Chenxi
2505318701083100020,4981.2587890625,14,Chenxi
2505318701083100021,7901.32568359375,14,Chenxi
2505318701083100022,2310.072509765625,14,Chenxi
2505318701083100024,2592.849853515625,14,Chenxi
2505318701083100025,1520.378662109375,14,Chenxi
2505318701083100026,4043.823486328125,14,Chenxi
2505318701083100027,3586.57763671875,14,Chenxi
2505318701083100028,6576.83935546875,14,Chenxi
2505318701083100029,10902.8076171875,14,Chenxi
2505318701083100030,3479.598388671875,14,Chenxi
2505318701083100031,8699.9765625,14,Chenxi
2505318701083100032,3476.8564453125,14,Chenxi
2505318701083100033,6114.828125,14,Chenxi
2505318701083100034,4480.20458984375,14,Chenxi
2505318701083100035,2444.64404296875,14,Chenxi
2505318701083100036,3737.5380859375,14,Chenxi
2505318701083100037,4852.94677734375,14,Chenxi
2505318701083100038,4546.10400390625,14,Chenxi
2505318701083100039,3318.792236328125,14,Chenxi
2505318701083100040,2436.037353515625,14,Chenxi
2505318701083100041,7120.02978515625,14,Chenxi
2505318701083100042,14314.763671875,14,Chenxi
2505318701083100043,5670.31298828125,14,Chenxi
2505318701083100044,10633.8544921875,14,Chenxi
2505318701083100045,9909.3330078125,14,Chenxi
2505318701083100046,12048.9580078125,14,Chenxi
2505318701083100047,4968.4287109375,14,Chenxi
2505318701083100048,3373.84130859375,14,Chenxi
2505318701083100049,6214.02587890625,14,Chenxi
2505318701083100050,4353.140625,14,Chenxi
2505318701083100051,6970.7548828125,14,Chenxi
2505318701084100004,12686.7275390625,14,Chenxi
2505318701084100005,5506.9736328125,14,Chenxi
2505318701084100006,9263.35546875,14,Chenxi
2505318701084100007,2421.591552734375,14,Chenxi
2505318701084100008,3893.49462890625,14,Chenxi
2505318701084100009,9030.5927734375,14,Chenxi
2505318701084100010,8878.7265625,14,Chenxi
2505318701084100011,8840.28125,14,Chenxi
2505318701084100013,9562.0224609375,14,Chenxi
2505318701084100014,4993.5107421875,14,Chenxi
2505318701084100015,6366.6953125,14,Chenxi
2505318701084100016,6179.57373046875,14,Chenxi
2505318701084100017,2847.81982421875,14,Chenxi
2505318701084100018,10216.90234375,14,Chenxi
2505318701084100019,3391.14111328125,14,Chenxi
2505318701084100020,1836.6766357421875,14,Chenxi
2505318701084100021,5913.96240234375,14,Chenxi
2505318701084100022,4244.705078125,14,Chenxi
2505318701084100023,7803.76904296875,14,Chenxi
2505318701084100024,9218.9775390625,14,Chenxi
2505318701084100025,6263.56494140625,14,Chenxi
2505318701084100027,5778.84228515625,14,Chenxi
2505318701084100029,13537.2236328125,14,Chenxi
2505318701084100030,2494.99169921875,14,Chenxi
2505318701084100031,3317.592529296875,14,Chenxi
2505318701084100032,3137.03125,14,Chenxi
2505318701084100033,12644.7373046875,14,Chenxi
2505318701084100034,9568.6591796875,14,Chenxi
2505318701084100035,6140.02001953125,14,Chenxi
2505318701084100036,7834.0869140625,14,Chenxi
2505318701084100037,8695.044921875,14,Chenxi
2505318701084100038,18617.46875,14,Chenxi
2505318701084100039,8319.7451171875,14,Chenxi
2505318701084100040,10042.3037109375,14,Chenxi
2505318701084100041,6179.2216796875,14,Chenxi
2505318701084100042,12226.3427734375,14,Chenxi
2505318701084100043,6857.14013671875,14,Chenxi
2505318701084100044,2536.24560546875,14,Chenxi
2505318701084100045,9254.9716796875,14,Chenxi
2505318701084100046,4199.46630859375,14,Chenxi
2505318701084100047,4049.690185546875,14,Chenxi
2505318701084100048,5784.49462890625,14,Chenxi
2505318701085100003,1593.7452392578125,14,Chenxi
2505318701085100004,1950.0850830078125,14,Chenxi
2505318701085100005,5751.46435546875,14,Chenxi
2505318701085100006,8265.609375,14,Chenxi
2505318701085100007,3562.442138671875,14,Chenxi
2505318701085100008,7624.02734375,14,Chenxi
2505318701085100009,2566.04150390625,14,Chenxi
2505318701085100010,1512.99560546875,14,Chenxi
2505318701085100011,6738.05712890625,14,Chenxi
2505318701085100012,6904.47705078125,14,Chenxi
2505318701085100013,2995.781494140625,14,Chenxi
2505318701085100014,3017.5546875,14,Chenxi
2505318701085100015,5486.85546875,14,Chenxi
2505318701085100018,8355.20703125,14,Chenxi
2505318701085100019,7116.32958984375,14,Chenxi
2505318701085100020,3163.293701171875,14,Chenxi
2505318701085100021,2796.674560546875,14,Chenxi
2505318701085100022,5855.8212890625,14,Chenxi
2505318701085100023,4530.7646484375,14,Chenxi
2505318701085100024,2867.57763671875,14,Chenxi
2505318701085100025,3024.282470703125,14,Chenxi
2505318701085100026,6029.681640625,14,Chenxi
2505318701085100027,3558.896240234375,14,Chenxi
2505318701085100028,6564.181640625,14,Chenxi
2505318701085100029,4696.5546875,14,Chenxi
2505318701085100030,4187.99169921875,14,Chenxi
2505318701085100031,3642.26953125,14,Chenxi
2505318701085100032,4227.72900390625,14,Chenxi
2505318701085100033,2508.6083984375,14,Chenxi
2505318701085100034,3806.775390625,14,Chenxi
2505318701085100035,6262.162109375,14,Chenxi
2505318701086100001,2138.605224609375,14,Chenxi
2505318701086100002,3375.112060546875,14,Chenxi
2505318701086100003,1978.438720703125,14,Chenxi
2505318701086100004,4597.21240234375,14,Chenxi
2505318701086100005,4620.02197265625,14,Chenxi
2505318701086100006,3120.050537109375,14,Chenxi
2505318701086100007,8703.009765625,14,Chenxi
2505318701086100008,2426.079345703125,14,Chenxi
2505318701086100009,4438.5751953125,14,Chenxi
2505318701086100010,3349.890869140625,14,Chenxi
2505318701086100011,3887.13134765625,14,Chenxi
2505318701086100012,3967.0009765625,14,Chenxi
2505318701086100013,2991.508056640625,14,Chenxi
2505318701086100014,2522.783203125,14,Chenxi
2505318701086100015,6266.95703125,14,Chenxi
2505318701086100016,5298.7470703125,14,Chenxi
2505318701086100018,1709.63330078125,14,Chenxi
2505318701086100019,6153.50439453125,14,Chenxi
2505318701086100020,2918.695556640625,14,Chenxi
2505318701086100021,2248.025390625,14,Chenxi
2505318701086100022,4771.7861328125,14,Chenxi
2505318701086100023,3168.18115234375,14,Chenxi
2505318701086100024,1955.8133544921875,14,Chenxi
2505318701086100025,4700.07275390625,14,Chenxi
2505318701086100026,2154.003173828125,14,Chenxi
2505318701086100027,6078.80322265625,14,Chenxi
2505318701086100028,3018.50341796875,14,Chenxi
2505318701086100029,3524.049560546875,14,Chenxi
2505318701086100030,4197.2412109375,14,Chenxi
2505318701086100031,2218.19677734375,14,Chenxi
2505318701086100033,4136.39013671875,14,Chenxi
2505318701088100002,3479.81494140625,5,Chenxi
2505318701088100003,3332.478271484375,5,Chenxi
2505318701088100004,3424.263916015625,5,Chenxi
2505318701088100005,2635.17138671875,5,Chenxi
2505318701088100006,2543.467041015625,5,Chenxi
2505318701088100007,7222.72412109375,5,Chenxi
2505318701088100008,4674.25439453125,5,Chenxi
2505318701088100009,3565.3798828125,5,Chenxi
2505318701088100010,5016.5751953125,5,Chenxi
2505318701088100011,3983.493896484375,5,Chenxi
2505318701088100012,3904.0068359375,5,Chenxi
2505318701088100013,3519.524658203125,5,Chenxi
2505318701088100014,4853.74365234375,5,Chenxi
2505318701088100015,3079.16162109375,5,Chenxi
2505318701088100016,2812.31494140625,5,Chenxi
2505318701088100017,5438.51025390625,5,Chenxi
2505318701088100018,4800.29296875,5,Chenxi
2505318701088100019,2759.027099609375,5,Chenxi
2505318701088100020,3364.28955078125,5,Chenxi
2505318701088100021,5996.0703125,5,Chenxi
2505318701088100022,4930.36572265625,5,Chenxi
2505318701088100023,1946.73583984375,5,Chenxi
2505318701088100024,2459.727294921875,5,Chenxi
2505318701088100025,3523.57421875,5,Chenxi
2505318701088100026,5727.87255859375,5,Chenxi
2505318701088100027,3381.23876953125,5,Chenxi
2505318701088100028,4106.50244140625,5,Chenxi
2505318701088100029,4393.53173828125,5,Chenxi
2505318701088100030,2345.07373046875,5,Chenxi
2505318701088100031,3296.079345703125,5,Chenxi
2505318701088100032,4430.8701171875,5,Chenxi
2505318701088100033,4427.0927734375,5,Chenxi
2505318701088100034,2999.702392578125,5,Chenxi
2505318701088100035,5321.17822265625,5,Chenxi
2505318701088100036,3748.78076171875,5,Chenxi
2505318701088100037,4025.010498046875,5,Chenxi
2505318701088100038,3868.771240234375,5,Chenxi
2505318701088100039,6328.9033203125,5,Chenxi
2505318701088100040,5108.38134765625,5,Chenxi
2505318701088100041,2538.45458984375,5,Chenxi
2505318701088100042,4390.53955078125,5,Chenxi
2505318701088100043,2623.401123046875,5,Chenxi
2505318701089100001,4526.560546875,5,Chenxi
2505318701089100002,2376.772216796875,5,Chenxi
2505318701089100003,5031.34375,5,Chenxi
2505318701089100004,3637.399169921875,5,Chenxi
2505318701089100005,4204.15576171875,5,Chenxi
2505318701089100006,6992.05078125,5,Chenxi
2505318701089100007,3148.048095703125,5,Chenxi
2505318701089100008,4231.451171875,5,Chenxi
2505318701089100009,2894.02734375,5,Chenxi
2505318701089100010,5372.23974609375,5,Chenxi
2505318701089100011,3182.685302734375,5,Chenxi
2505318701089100012,2917.417236328125,5,Chenxi
2505318701089100013,5722.013671875,5,Chenxi
2505318701089100014,2425.126953125,5,Chenxi
2505318701089100015,3210.896484375,5,Chenxi
2505318701089100016,6585.58984375,5,Chenxi
2505318701089100020,4111.4326171875,5,Chenxi
2505318701090100001,5154.0869140625,5,Chenxi
2505318701090100005,4140.0185546875,5,Chenxi
2505318701090100006,6095.54736328125,5,Chenxi
2505318701090100007,8322.732421875,5,Chenxi
2505318701090100008,1923.4796142578125,5,Chenxi
2505318701090100009,10698.7275390625,5,Chenxi
2505318701090100010,3822.236083984375,5,Chenxi
2505318701090100012,4891.57421875,5,Chenxi
2505318701090100013,7003.22216796875,5,Chenxi
2505318701090100014,5781.9873046875,5,Chenxi
2505318701090100015,5423.4990234375,5,Chenxi
2505318701090100016,7299.07421875,5,Chenxi
2505318701090100017,2316.5537109375,5,Chenxi
2505318701090100018,5654.36328125,5,Chenxi
2505318701090100019,2909.588134765625,5,Chenxi
2505318701090100020,5403.74365234375,5,Chenxi
2505318701090100021,12451.8271484375,5,Chenxi
2505318701090100023,5589.04931640625,5,Chenxi
2505318701091100001,6157.2294921875,5,Chenxi
2505318701091100002,4862.5400390625,5,Chenxi
2505318701091100003,6054.06201171875,5,Chenxi
2505318701091100006,5009.8564453125,5,Chenxi
2505318701091100008,3840.58642578125,5,Chenxi
2505318701091100010,6190.68408203125,5,Chenxi
2505318701091100014,3427.76416015625,5,Chenxi
2505318701091100019,3520.085693359375,5,Chenxi
2505318701091100023,7643.90673828125,5,Chenxi
2505318701096100001,4687.9619140625,4,Chenxi
2505318701096100003,4832.919921875,4,Chenxi
2505318701096100005,2668.11474609375,4,Chenxi
2505318701096100006,4050.3330078125,4,Chenxi
2505318701096100008,4472.05322265625,4,Chenxi
2505318701096100009,1899.46435546875,4,Chenxi
2505318701096100010,1595.3316650390625,4,Chenxi
2505318701096100011,2576.02392578125,4,Chenxi
2505318701096100012,10390.46875,4,Chenxi
2505318701096100014,1680.207275390625,4,Chenxi
2505318701096100015,5171.33349609375,4,Chenxi
2505318701097100006,5846.95751953125,4,Chenxi
2505318701097100007,2443.772216796875,4,Chenxi
2505318701097100008,5348.87353515625,4,Chenxi
2505318701097100009,10186.09375,4,Chenxi
2505318701097100010,1666.313720703125,4,Chenxi
2505318701097100011,2597.33056640625,4,Chenxi
2505318701097100012,6484.48779296875,4,Chenxi
2505318701097100013,7064.8095703125,4,Chenxi
2505318701097100014,9368.650390625,4,Chenxi
2505318701097100015,3830.891357421875,4,Chenxi
2505318701097100017,8439.2802734375,4,Chenxi
2505318701097100018,4080.96142578125,4,Chenxi
2505318701097100019,10113.6083984375,4,Chenxi
2505318701097100020,14716.4287109375,4,Chenxi
2505318701097100021,13768.3876953125,4,Chenxi
2505318701097100022,4920.71435546875,4,Chenxi
2505318701097100023,7347.3486328125,4,Chenxi
2505318701097100024,2209.158447265625,4,Chenxi
2505318701097100025,2866.25,4,Chenxi
2505318701097100026,3130.485595703125,4,Chenxi
2505318701097100027,6583.74560546875,4,Chenxi
2505318701097100028,6413.896484375,4,Chenxi
2505318701097100029,12749.1630859375,4,Chenxi
2505318701097100030,10184.7958984375,4,Chenxi
2505318701097100031,10448.3486328125,4,Chenxi
2505318701097100032,3713.10595703125,4,Chenxi
2505318701097100033,10467.1376953125,4,Chenxi
2505318701097100035,12236.73046875,4,Chenxi
2505318701097100036,4798.85888671875,4,Chenxi
2505318701097100037,7065.93505859375,4,Chenxi
2505318701097100038,4483.17822265625,4,Chenxi
2505318701097100039,6354.11767578125,4,Chenxi
2505318701097100040,2429.235107421875,4,Chenxi
2505318701097100041,7320.02880859375,4,Chenxi
2505318701097100042,2077.134033203125,4,Chenxi
2505318701097100043,6208.43701171875,4,Chenxi
2505318701097100044,5056.7998046875,4,Chenxi
2505318701097100045,5391.43017578125,4,Chenxi
2505318701097100046,11303.7998046875,4,Chenxi
2505318701097100047,8326.955078125,4,Chenxi
2505318701097100048,6760.59423828125,4,Chenxi
2505318701097100049,10662.521484375,4,Chenxi
2505318701097100050,5144.111328125,4,Chenxi
2505318701097100051,3472.568603515625,4,Chenxi
2505318701097100052,7092.5302734375,4,Chenxi
2505318701097100053,6511.99267578125,4,Chenxi
2505318701097100054,6971.0302734375,4,Chenxi
2505318701097100055,7347.6533203125,4,Chenxi
2505318701097100056,2017.7471923828125,4,Chenxi
2505318701097100058,8959.94921875,4,Chenxi
2505318701097100059,7641.0654296875,4,Chenxi
2505318701097100060,6327.11865234375,4,Chenxi
2505318701097100061,6714.72900390625,4,Chenxi
2505318701097100062,2365.32275390625,4,Chenxi
2505318701097100063,11919.666015625,4,Chenxi
2505318701097100064,10045.98828125,4,Chenxi
2505318701097100065,4008.353515625,4,Chenxi
2505318701097100066,2538.127197265625,4,Chenxi
2505318701097100067,2629.4716796875,4,Chenxi
2505318701097100068,2248.8115234375,4,Chenxi
2505318701097100069,4281.03466796875,4,Chenxi
2505318701097100070,6268.23291015625,4,Chenxi
2505318701097100071,5549.990234375,4,Chenxi
2505318701097100072,4258.580078125,4,Chenxi
2505318701097100073,5111.11376953125,4,Chenxi
2505318701097100074,6306.7314453125,4,Chenxi
2505318701097100075,2083.259765625,4,Chenxi
2505318701097100076,1795.8087158203125,4,Chenxi
2505318701098100001,5611.06689453125,4,Chenxi
2505318701098100002,4319.439453125,4,Chenxi
2505318701098100004,14470.396484375,4,Chenxi
2505318701098100005,10530.486328125,4,Chenxi
2505318701098100006,6353.228515625,4,Chenxi
2505318701098100008,21885.40234375,4,Chenxi
2505318701098100009,16020.3662109375,4,Chenxi
2505318701098100010,2856.51806640625,4,Chenxi
2505318701098100011,6522.69580078125,4,Chenxi
2505318701098100012,17818.828125,4,Chenxi
2505318701098100013,15090.748046875,4,Chenxi
2505318701098100014,10619.8916015625,4,Chenxi
2505318701098100015,4454.1220703125,4,Chenxi
2505318701098100016,10468.818359375,4,Chenxi
2505318701098100017,15027.9326171875,4,Chenxi
2505318701098100018,6320.251953125,4,Chenxi
2505318701098100019,12643.810546875,4,Chenxi
2505318701098100020,8090.58935546875,4,Chenxi
2505318701098100021,10733.7548828125,4,Chenxi
2505318701098100022,6007.0888671875,4,Chenxi
2505318701098100023,7530.38427734375,4,Chenxi
2505318701098100024,18167.041015625,4,Chenxi
2505318701098100025,2596.234375,4,Chenxi
2505318701098100026,2791.38330078125,4,Chenxi
2505318701098100027,11839.0029296875,4,Chenxi
2505318701098100028,4291.48779296875,4,Chenxi
2505318701098100029,9120.9052734375,4,Chenxi
2505318701098100030,2183.5380859375,4,Chenxi
2505318701098100031,11449.193359375,4,Chenxi
2505318701098100032,3861.403076171875,4,Chenxi
2505318701098100033,6945.62109375,4,Chenxi
2505318701098100034,7826.703125,4,Chenxi
2505318701098100035,2930.44189453125,4,Chenxi
2505318701098100036,8076.3974609375,4,Chenxi
2505318701098100037,10762.689453125,4,Chenxi
2505318701098100038,5360.97021484375,4,Chenxi
2505318701098100039,6770.05322265625,4,Chenxi
2505318701098100040,9178.197265625,4,Chenxi
2505318701098100041,4483.07861328125,4,Chenxi
2505318701098100042,9481.9189453125,4,Chenxi
2505318701098100043,2889.048828125,4,Chenxi
2505318701098100044,7641.45361328125,4,Chenxi
2505318701098100045,15877.2177734375,4,Chenxi
2505318701098100046,5282.185546875,4,Chenxi
2505318701098100047,4823.81591796875,4,Chenxi
2505318701098100048,4640.37158203125,4,Chenxi
2505318701098100049,4176.2333984375,4,Chenxi
2505318701098100050,5884.626953125,4,Chenxi
2505318701098100051,4149.09521484375,4,Chenxi
2505318701098100052,4146.08154296875,4,Chenxi
2505318701098100053,3909.990478515625,4,Chenxi
2505318701098100054,1417.3541259765625,4,Chenxi
2505318701098100056,5838.390625,4,Chenxi
2505318701098100057,7503.2841796875,4,Chenxi
2505318701098100058,6022.0517578125,4,Chenxi
2505318701098100059,2860.032470703125,4,Chenxi
2505318701098100060,7867.14990234375,4,Chenxi
2505318701098100061,8174.04296875,4,Chenxi
2505318701098100062,2812.3828125,4,Chenxi
2505318701098100063,1297.77587890625,4,Chenxi
2505318701098100065,7669.77490234375,4,Chenxi
2505318701098100066,4532.6767578125,4,Chenxi
2505318701098100067,4509.1708984375,4,Chenxi
2505318701098100068,7829.80419921875,4,Chenxi
2505318701098100069,2030.0169677734375,4,Chenxi
2505318701098100070,3129.173583984375,4,Chenxi
2505318701098100071,4622.12744140625,4,Chenxi
2505318701098100072,6797.41064453125,4,Chenxi
2505318701098100073,9897.5556640625,4,Chenxi
2505318701098100074,3682.050537109375,4,Chenxi
2505318701098100075,9586.8955078125,4,Chenxi
2505318701098100076,6427.15869140625,4,Chenxi
2505318701098100077,5126.17578125,4,Chenxi
2505318701098100078,6582.3544921875,4,Chenxi
2505318701098100079,3593.93359375,4,Chenxi
2505318701098100081,3497.005859375,4,Chenxi
2505318701098100082,9804.0615234375,4,Chenxi
2505318701099100003,18454.0078125,4,Chenxi
2505318701099100004,6115.2021484375,4,Chenxi
2505318701099100005,10858.26171875,4,Chenxi
2505318701099100006,8045.73876953125,4,Chenxi
2505318701099100007,8068.58251953125,4,Chenxi
2505318701099100008,6072.88525390625,4,Chenxi
2505318701099100009,8551.15234375,4,Chenxi
2505318701099100010,4512.88916015625,4,Chenxi
2505318701099100011,5888.603515625,4,Chenxi
2505318701099100012,5413.7568359375,4,Chenxi
2505318701099100013,4009.115966796875,4,Chenxi
2505318701099100014,3912.16845703125,4,Chenxi
2505318701099100015,3031.94384765625,4,Chenxi
2505318701099100016,7459.1259765625,4,Chenxi
2505318701099100018,6849.97998046875,4,Chenxi
2505318701099100019,3139.896728515625,4,Chenxi
2505318701099100020,2430.871337890625,4,Chenxi
2505318701099100022,5202.83251953125,4,Chenxi
2505318701099100023,12125.97265625,4,Chenxi
2505318701099100024,4715.00537109375,4,Chenxi
2505318701099100025,7817.6513671875,4,Chenxi
2505318701099100026,8510.888671875,4,Chenxi
2505318701099100027,4949.68896484375,4,Chenxi
2505318701101100004,1007.9862670898438,9,Chenxi
2505318701101100005,5436.1298828125,9,Chenxi
2505318701101100006,2791.21923828125,9,Chenxi
2505318701101100007,1082.04443359375,9,Chenxi
2505318701101100009,5789.37451171875,9,Chenxi
2505318701101100010,5291.70556640625,9,Chenxi
2505318701101100011,3749.695068359375,9,Chenxi
2505318701101100012,6202.20751953125,9,Chenxi
2505318701101100013,3247.828369140625,9,Chenxi
2505318701101100014,994.935791015625,9,Chenxi
2505318701101100015,2453.179931640625,9,Chenxi
2505318701101100016,3552.135009765625,9,Chenxi
2505318701101100017,3190.646240234375,9,Chenxi
2505318701101100018,3689.995849609375,9,Chenxi
2505318701101100019,757.1695556640625,9,Chenxi
2505318701101100020,2196.385009765625,9,Chenxi
2505318701101100021,2447.444580078125,9,Chenxi
2505318701101100022,2789.166259765625,9,Chenxi
2505318701101100023,3641.035400390625,9,Chenxi
2505318701101100024,4373.68994140625,9,Chenxi
2505318701101100025,4947.7001953125,9,Chenxi
2505318701101100027,3527.9970703125,9,Chenxi
2505318701101100028,2164.971923828125,9,Chenxi
2505318701101100029,2168.58251953125,9,Chenxi
2505318701101100030,4824.2255859375,9,Chenxi
2505318701101100031,3942.451904296875,9,Chenxi
2505318701101100032,5287.80859375,9,Chenxi
2505318701101100034,1860.1129150390625,9,Chenxi
2505318701101100035,1498.3056640625,9,Chenxi
2505318701101100036,1553.23681640625,9,Chenxi
2505318701101100037,2036.4541015625,9,Chenxi
2505318701101100038,2390.310791015625,9,Chenxi
2505318701101100039,3261.252685546875,9,Chenxi
2505318701101100040,2690.4599609375,9,Chenxi
2505318701101100041,3114.432373046875,9,Chenxi
2505318701101100042,5299.02001953125,9,Chenxi
2505318701101100044,4991.486328125,9,Chenxi
2505318701101100045,2124.43408203125,9,Chenxi
2505318701101100046,3137.16162109375,9,Chenxi
2505318701101100047,3553.28271484375,9,Chenxi
2505318701101100048,4022.208251953125,9,Chenxi
2505318701101100049,2266.220703125,9,Chenxi
2505318701101100051,6205.0654296875,9,Chenxi
2505318701101100052,5620.23876953125,9,Chenxi
2505318701101100053,3871.290283203125,9,Chenxi
2505318701101100054,3869.014892578125,9,Chenxi
2505318701101100055,2128.21728515625,9,Chenxi
2505318701101100056,5395.56787109375,9,Chenxi
2505318701101100057,1192.4453125,9,Chenxi
2505318701101100058,4635.93798828125,9,Chenxi
2505318701101100059,2253.489990234375,9,Chenxi
2505318701101100060,4796.75927734375,9,Chenxi
2505318701101100062,5245.7236328125,9,Chenxi
2505318701101100063,3768.88037109375,9,Chenxi
2505318701101100064,583.946044921875,9,Chenxi
2505318701102100004,2861.8818359375,9,Chenxi
2505318701102100005,6225.6943359375,9,Chenxi
2505318701102100006,6456.72998046875,9,Chenxi
2505318701102100007,6630.9404296875,9,Chenxi
2505318701102100008,4343.794921875,9,Chenxi
2505318701102100010,2323.197021484375,9,Chenxi
2505318701102100011,3432.90234375,9,Chenxi
2505318701102100012,1647.7586669921875,9,Chenxi
2505318701102100013,1991.895751953125,9,Chenxi
2505318701102100014,1489.896240234375,9,Chenxi
2505318701102100015,8402.4912109375,9,Chenxi
2505318701102100016,7145.73876953125,9,Chenxi
2505318701102100017,2140.31298828125,9,Chenxi
2505318701102100018,2196.543212890625,9,Chenxi
2505318701102100019,1031.08154296875,9,Chenxi
2505318701102100020,933.4215698242188,9,Chenxi
2505318701102100021,5889.65283203125,9,Chenxi
2505318701102100022,6635.31201171875,9,Chenxi
2505318701102100024,4826.1181640625,9,Chenxi
2505318701102100025,1605.9554443359375,9,Chenxi
2505318701102100026,2309.048095703125,9,Chenxi
2505318701102100027,9585.1201171875,9,Chenxi
2505318701102100028,2197.8994140625,9,Chenxi
2505318701102100029,13367.23046875,9,Chenxi
2505318701102100030,5965.580078125,9,Chenxi
2505318701102100031,9300.2919921875,9,Chenxi
2505318701102100032,5533.7109375,9,Chenxi
2505318701102100033,2009.3233642578125,9,Chenxi
2505318701102100034,3681.929443359375,9,Chenxi
2505318701102100035,6285.7529296875,9,Chenxi
2505318701102100036,2263.961669921875,9,Chenxi
2505318701102100037,6244.37646484375,9,Chenxi
2505318701102100038,1756.201904296875,9,Chenxi
2505318701102100039,1216.284423828125,9,Chenxi
2505318701102100040,2654.046875,9,Chenxi
2505318701102100041,4372.771484375,9,Chenxi
2505318701102100042,2741.263916015625,9,Chenxi
2505318701102100043,6447.705078125,9,Chenxi
2505318701102100044,5357.49365234375,9,Chenxi
2505318701102100045,6363.6416015625,9,Chenxi
2505318701102100046,5518.60791015625,9,Chenxi
2505318701102100047,8766.75390625,9,Chenxi
2505318701102100048,3535.14990234375,9,Chenxi
2505318701102100049,3773.2509765625,9,Chenxi
2505318701102100050,6054.93115234375,9,Chenxi
2505318701102100051,6474.57373046875,9,Chenxi
2505318701102100052,4475.06298828125,9,Chenxi
2505318701102100053,2676.75537109375,9,Chenxi
2505318701102100054,5708.53515625,9,Chenxi
2505318701102100055,11432.5068359375,9,Chenxi
2505318701102100056,6096.671875,9,Chenxi
2505318701102100057,2524.866455078125,9,Chenxi
2505318701102100059,4862.80712890625,9,Chenxi
2505318701102100060,7579.86962890625,9,Chenxi
2505318701102100061,3111.826904296875,9,Chenxi
2505318701102100062,14810.3623046875,9,Chenxi
2505318701102100063,3531.74462890625,9,Chenxi
2505318701102100064,11419.85546875,9,Chenxi
2505318701102100065,10866.4775390625,9,Chenxi
2505318701102100066,4189.38818359375,9,Chenxi
2505318701102100068,5345.6796875,9,Chenxi
2505318701102100069,4212.90478515625,9,Chenxi
2505318701102100070,3794.25048828125,9,Chenxi
2505318701102100072,11247.916015625,9,Chenxi
2505318701102100073,9720.4208984375,9,Chenxi
2505318701102100074,4822.048828125,9,Chenxi
2505318701102100075,3335.748291015625,9,Chenxi
2505318701102100076,9028.1845703125,9,Chenxi
2505318701102100077,2510.200927734375,9,Chenxi
2505318701102100078,5840.3779296875,9,Chenxi
2505318701102100079,3873.517822265625,9,Chenxi
2505318701102100080,4275.4736328125,9,Chenxi
2505318701102100081,3152.435546875,9,Chenxi
2505318701102100082,4997.13916015625,9,Chenxi
2505318701102100083,2480.5205078125,9,Chenxi
2505318701102100084,8517.1259765625,9,Chenxi
2505318701102100085,3343.0576171875,9,Chenxi
2505318701102100086,4013.646728515625,9,Chenxi
2505318701102100087,3560.430908203125,9,Chenxi
2505318701102100088,3661.398681640625,9,Chenxi
2505318701102100089,5387.849609375,9,Chenxi
2505318701102100090,3884.6728515625,9,Chenxi
2505318701102100091,3483.79736328125,9,Chenxi
2505318701102100092,2235.926513671875,9,Chenxi
2505318701102100093,3544.78662109375,9,Chenxi
2505318701102100094,2043.5682373046875,9,Chenxi
2505318701102100095,6921.80810546875,9,Chenxi
2505318701102100096,2644.597900390625,9,Chenxi
2505318701102100097,3185.35888671875,9,Chenxi
2505318701102100098,6172.28662109375,9,Chenxi
2505318701102100099,10002.7451171875,9,Chenxi
2505318701102100101,1595.90234375,9,Chenxi
2505318701102100102,1652.1644287109375,9,Chenxi
2505318701102100103,6312.5986328125,9,Chenxi
2505318701102100104,3984.31396484375,9,Chenxi
2505318701102100105,4659.33935546875,9,Chenxi
2505318701102100106,2148.762451171875,9,Chenxi
2505318701102100107,2120.47998046875,9,Chenxi
2505318701102100108,2284.114990234375,9,Chenxi
2505318701102100109,3683.04052734375,9,Chenxi
2505318701102100110,6190.9638671875,9,Chenxi
2505318701102100111,1998.489501953125,9,Chenxi
2505318701102100112,5140.90478515625,9,Chenxi
2505318701102100114,4283.75390625,9,Chenxi
2505318701102100115,1474.4718017578125,9,Chenxi
2505318701102100116,2049.50390625,9,Chenxi
2505318701102100117,2577.05615234375,9,Chenxi
2505318701102100118,2736.732421875,9,Chenxi
2505318701102100119,2442.76416015625,9,Chenxi
2505318701102100120,5925.3388671875,9,Chenxi
2505318701102100121,7117.13134765625,9,Chenxi
2505318701102100122,7218.18310546875,9,Chenxi
2505318701102100123,4946.2734375,9,Chenxi
2505318701102100124,10888.392578125,9,Chenxi
2505318701102100125,3158.165283203125,9,Chenxi
2505318701102100126,1327.91455078125,9,Chenxi
2505318701102100127,9080.9189453125,9,Chenxi
2505318701102100128,2564.678466796875,9,Chenxi
2505318701102100129,1838.2928466796875,9,Chenxi
2505318701102100130,6523.43212890625,9,Chenxi
2505318701102100131,2861.908203125,9,Chenxi
2505318701102100133,1471.0604248046875,9,Chenxi
2505318701102100135,3480.295654296875,9,Chenxi
2505318701102100136,4196.158203125,9,Chenxi
2505318701102100137,3111.104736328125,9,Chenxi
2505318701102100138,7654.068359375,9,Chenxi
2505318701102100139,3956.465576171875,9,Chenxi
2505318701102100140,3725.654052734375,9,Chenxi
2505318701102100141,4572.90966796875,9,Chenxi
2505318701102100142,3562.24853515625,9,Chenxi
2505318701102100144,2960.67431640625,9,Chenxi
2505318701103100001,2960.468017578125,9,Chenxi
2505318701103100002,2922.521240234375,9,Chenxi
2505318701103100003,2359.222412109375,9,Chenxi
2505318701103100004,4928.3017578125,9,Chenxi
2505318701103100005,3024.11376953125,9,Chenxi
2505318701103100006,8229.1025390625,9,Chenxi
2505318701103100008,5624.27587890625,9,Chenxi
2505318701103100009,2879.090087890625,9,Chenxi
2505318701103100011,7005.515625,9,Chenxi
2505318701103100012,5616.7529296875,9,Chenxi
2505318701103100013,7327.1162109375,9,Chenxi
2505318701103100014,3361.159423828125,9,Chenxi
2505318701103100015,5017.73291015625,9,Chenxi
2505318701103100016,6592.72265625,9,Chenxi
2505318701103100017,6431.51416015625,9,Chenxi
2505318701103100018,4886.5634765625,9,Chenxi
2505318701103100019,2451.637939453125,9,Chenxi
2505318701103100020,4040.942626953125,9,Chenxi
2505318701103100021,5230.94140625,9,Chenxi
2505318701103100022,5102.76220703125,9,Chenxi
2505318701103100023,5222.9296875,9,Chenxi
2505318701103100024,5174.2119140625,9,Chenxi
2505318701103100025,4847.1474609375,9,Chenxi
2505318701103100026,4651.47119140625,9,Chenxi
2505318701103100027,3314.703369140625,9,Chenxi
2505318701103100028,6076.12646484375,9,Chenxi
2505318701103100029,4891.166015625,9,Chenxi
2505318701103100030,2960.0478515625,9,Chenxi
2505318701103100031,1821.3365478515625,9,Chenxi
2505318701103100032,5831.08837890625,9,Chenxi
2505318701103100033,4858.12060546875,9,Chenxi
2505318701103100034,1810.2088623046875,9,Chenxi
2505318701103100035,2800.8974609375,9,Chenxi
2505318701103100036,2720.990234375,9,Chenxi
2505318701103100037,8181.69677734375,9,Chenxi
2505318701103100038,9636.94140625,9,Chenxi
2505318701103100039,7102.24462890625,9,Chenxi
2505318701103100041,7035.837890625,9,Chenxi
2505318701103100042,3862.114013671875,9,Chenxi
2505318701103100043,3336.91455078125,9,Chenxi
2505318701103100044,6381.505859375,9,Chenxi
2505318701103100045,3628.869384765625,9,Chenxi
2505318701103100046,2701.82470703125,9,Chenxi
2505318701103100047,4074.803955078125,9,Chenxi
2505318701103100048,2769.581787109375,9,Chenxi
2505318701103100049,9233.251953125,9,Chenxi
2505318701103100050,3743.40966796875,9,Chenxi
2505318701103100052,1712.4432373046875,9,Chenxi
2505318701103100053,4693.05419921875,9,Chenxi
2505318701103100054,5245.95263671875,9,Chenxi
2505318701103100055,1870.425537109375,9,Chenxi
2505318701103100056,3475.65771484375,9,Chenxi
2505318701103100057,1791.3221435546875,9,Chenxi
2505318701103100058,5525.4306640625,9,Chenxi
2505318701103100059,2172.38232421875,9,Chenxi
2505318701103100060,3640.729736328125,9,Chenxi
2505318701103100061,1007.126953125,9,Chenxi
2505318701103100064,1554.456787109375,9,Chenxi
2505318701104100001,6266.80078125,9,Chenxi
2505318701104100002,2509.789794921875,9,Chenxi
2505318701104100003,10315.1904296875,9,Chenxi
2505318701104100004,2176.428466796875,9,Chenxi
2505318701106100005,3051.919921875,13,Chenxi
2505318701106100007,4503.32568359375,13,Chenxi
2505318701106100008,2380.31103515625,13,Chenxi
2505318701106100009,3987.800537109375,13,Chenxi
2505318701106100010,2295.078125,13,Chenxi
2505318701106100011,3969.443359375,13,Chenxi
2505318701106100012,2267.53515625,13,Chenxi
2505318701106100014,2736.8271484375,13,Chenxi
2505318701106100015,5809.0869140625,13,Chenxi
2505318701106100016,3834.690185546875,13,Chenxi
2505318701106100018,3440.456298828125,13,Chenxi
2505318701106100019,5451.01220703125,13,Chenxi
2505318701106100021,2930.5029296875,13,Chenxi
2505318701106100023,4294.14404296875,13,Chenxi
2505318701106100024,3902.762939453125,13,Chenxi
2505318701107100013,5093.78857421875,13,Chenxi
2505318701107100014,5807.4140625,13,Chenxi
2505318701107100015,900.4811401367188,13,Chenxi
2505318701107100016,2916.07373046875,13,Chenxi
2505318701107100017,3562.109375,13,Chenxi
2505318701107100018,3721.953369140625,13,Chenxi
2505318701107100019,3303.32568359375,13,Chenxi
2505318701107100020,3952.40283203125,13,Chenxi
2505318701107100021,2030.349609375,13,Chenxi
2505318701107100022,5156.697265625,13,Chenxi
2505318701107100023,5068.9189453125,13,Chenxi
2505318701107100024,2012.274658203125,13,Chenxi
2505318701107100025,5251.07763671875,13,Chenxi
2505318701107100026,7846.91259765625,13,Chenxi
2505318701107100027,1492.6766357421875,13,Chenxi
2505318701107100028,6218.29052734375,13,Chenxi
2505318701107100029,3946.643798828125,13,Chenxi
2505318701107100030,4441.64990234375,13,Chenxi
2505318701107100031,2921.298583984375,13,Chenxi
2505318701107100032,5066.41748046875,13,Chenxi
2505318701107100033,7029.48193359375,13,Chenxi
2505318701107100034,3873.16162109375,13,Chenxi
2505318701107100035,3230.173828125,13,Chenxi
2505318701107100036,3067.790283203125,13,Chenxi
2505318701107100037,4373.18359375,13,Chenxi
2505318701107100038,7338.5634765625,13,Chenxi
2505318701107100039,2072.92333984375,13,Chenxi
2505318701107100040,3531.89599609375,13,Chenxi
2505318701107100041,5490.412109375,13,Chenxi
2505318701107100043,5122.86083984375,13,Chenxi
2505318701107100044,9314.423828125,13,Chenxi
2505318701107100045,8269.33984375,13,Chenxi
2505318701107100046,3765.5810546875,13,Chenxi
2505318701107100047,3376.732421875,13,Chenxi
2505318701107100048,6117.32958984375,13,Chenxi
2505318701107100049,7094.91357421875,13,Chenxi
2505318701107100050,2530.072998046875,13,Chenxi
2505318701107100051,3018.344970703125,13,Chenxi
2505318701107100052,4210.8203125,13,Chenxi
2505318701107100053,5362.69775390625,13,Chenxi
2505318701107100054,1797.4798583984375,13,Chenxi
2505318701107100055,1996.99658203125,13,Chenxi
2505318701107100056,1845.3656005859375,13,Chenxi
2505318701107100057,1780.259033203125,13,Chenxi
2505318701107100058,2965.743408203125,13,Chenxi
2505318701107100059,5848.482421875,13,Chenxi
2505318701107100060,5259.087890625,13,Chenxi
2505318701107100061,3711.214111328125,13,Chenxi
2505318701107100064,1216.4351806640625,13,Chenxi
2505318701107100065,3415.223876953125,13,Chenxi
2505318701107100066,2147.913818359375,13,Chenxi
2505318701107100067,6043.232421875,13,Chenxi
2505318701107100068,5734.68017578125,13,Chenxi
2505318701107100069,1042.7093505859375,13,Chenxi
2505318701107100070,4432.9228515625,13,Chenxi
2505318701107100071,2867.176513671875,13,Chenxi
2505318701107100072,3801.3857421875,13,Chenxi
2505318701107100073,1049.8695068359375,13,Chenxi
2505318701107100074,4928.791015625,13,Chenxi
2505318701107100075,2010.3505859375,13,Chenxi
2505318701107100077,3365.438232421875,13,Chenxi
2505318701107100078,2174.5703125,13,Chenxi
2505318701107100079,3070.314453125,13,Chenxi
2505318701107100080,1960.061279296875,13,Chenxi
2505318701107100081,3860.760009765625,13,Chenxi
2505318701107100082,3046.778076171875,13,Chenxi
2505318701107100083,3371.147216796875,13,Chenxi
2505318701107100084,4270.083984375,13,Chenxi
2505318701107100085,4724.83642578125,13,Chenxi
2505318701107100086,4311.048828125,13,Chenxi
2505318701107100087,4180.42138671875,13,Chenxi
2505318701107100088,5219.23974609375,13,Chenxi
2505318701107100089,6139.13525390625,13,Chenxi
2505318701107100090,1687.58984375,13,Chenxi
2505318701107100091,4342.17822265625,13,Chenxi
2505318701107100092,6767.10107421875,13,Chenxi
2505318701107100093,4019.441162109375,13,Chenxi
2505318701107100095,3211.023681640625,13,Chenxi
2505318701107100096,4482.6650390625,13,Chenxi
2505318701107100097,4649.79931640625,13,Chenxi
2505318701107100098,3516.221923828125,13,Chenxi
2505318701107100099,5479.20068359375,13,Chenxi
2505318701107100100,1473.1729736328125,13,Chenxi
2505318701107100101,5886.5029296875,13,Chenxi
2505318701107100102,3834.906494140625,13,Chenxi
2505318701107100103,2112.440185546875,13,Chenxi
2505318701107100104,6791.63623046875,13,Chenxi
2505318701107100105,4858.59326171875,13,Chenxi
2505318701107100106,5965.77294921875,13,Chenxi
2505318701107100107,1604.9456787109375,13,Chenxi
2505318701107100108,4364.89453125,13,Chenxi
2505318701107100109,971.4353637695312,13,Chenxi
2505318701107100110,6317.2783203125,13,Chenxi
2505318701107100111,3222.197265625,13,Chenxi
2505318701107100112,3538.89404296875,13,Chenxi
2505318701107100113,4788.57958984375,13,Chenxi
2505318701107100114,2887.946044921875,13,Chenxi
2505318701107100115,2144.276611328125,13,Chenxi
2505318701107100116,1395.7894287109375,13,Chenxi
2505318701107100117,1746.712158203125,13,Chenxi
2505318701107100118,3347.23388671875,13,Chenxi
2505318701107100119,3313.41162109375,13,Chenxi
2505318701107100120,4073.850341796875,13,Chenxi
2505318701107100121,2853.111083984375,13,Chenxi
2505318701107100122,2424.393310546875,13,Chenxi
2505318701107100123,1878.5457763671875,13,Chenxi
2505318701107100124,3317.323974609375,13,Chenxi
2505318701107100125,4564.30078125,13,Chenxi
2505318701107100126,3522.955810546875,13,Chenxi
2505318701107100127,2394.587646484375,13,Chenxi
2505318701107100128,4022.2255859375,13,Chenxi
2505318701107100129,2799.146240234375,13,Chenxi
2505318701107100130,4005.21923828125,13,Chenxi
2505318701107100132,5653.40234375,13,Chenxi
2505318701107100133,2640.246337890625,13,Chenxi
2505318701107100134,4733.75390625,13,Chenxi
2505318701107100135,2586.31103515625,13,Chenxi
2505318701107100136,4209.7294921875,13,Chenxi
2505318701107100137,6231.78125,13,Chenxi
2505318701107100138,4434.43115234375,13,Chenxi
2505318701107100139,6041.546875,13,Chenxi
2505318701107100140,2797.029052734375,13,Chenxi
2505318701107100141,3937.658447265625,13,Chenxi
2505318701107100142,3229.41455078125,13,Chenxi
2505318701107100143,1928.2747802734375,13,Chenxi
2505318701107100144,3175.819580078125,13,Chenxi
2505318701107100145,1426.13916015625,13,Chenxi
2505318701107100146,3267.801025390625,13,Chenxi
2505318701107100148,4589.17529296875,13,Chenxi
2505318701107100149,2135.430419921875,13,Chenxi
2505318701107100150,3268.973388671875,13,Chenxi
2505318701107100151,4534.42578125,13,Chenxi
2505318701107100152,1336.5704345703125,13,Chenxi
2505318701107100153,3116.4541015625,13,Chenxi
2505318701107100154,4823.8046875,13,Chenxi
2505318701107100155,2598.365234375,13,Chenxi
2505318701107100156,2233.756103515625,13,Chenxi
2505318701107100157,2899.957275390625,13,Chenxi
2505318701107100158,2330.755859375,13,Chenxi
2505318701107100160,6079.35400390625,13,Chenxi
2505318701107100161,2294.817626953125,13,Chenxi
2505318701108100009,5925.5478515625,13,Chenxi
2505318701108100010,3629.63671875,13,Chenxi
2505318701108100011,5951.49609375,13,Chenxi
2505318701108100013,3866.8017578125,13,Chenxi
2505318701108100014,2647.681640625,13,Chenxi
2505318701108100015,8625.52734375,13,Chenxi
2505318701108100016,1178.264404296875,13,Chenxi
2505318701108100017,3141.066162109375,13,Chenxi
2505318701108100019,4263.6279296875,13,Chenxi
2505318701108100020,4944.1552734375,13,Chenxi
2505318701108100021,2249.90625,13,Chenxi
2505318701108100022,4189.810546875,13,Chenxi
2505318701108100024,4653.29296875,13,Chenxi
2505318701108100025,1072.8043212890625,13,Chenxi
2505318701108100026,3813.141845703125,13,Chenxi
2505318701108100027,3244.51611328125,13,Chenxi
2505318701108100028,9602.9150390625,13,Chenxi
2505318701108100029,5436.939453125,13,Chenxi
2505318701108100030,2950.11962890625,13,Chenxi
2505318701108100031,1346.147705078125,13,Chenxi
2505318701108100032,4792.470703125,13,Chenxi
2505318701108100033,1859.30322265625,13,Chenxi
2505318701108100034,6272.3603515625,13,Chenxi
2505318701108100035,8591.654296875,13,Chenxi
2505318701108100036,4920.1025390625,13,Chenxi
2505318701108100037,4631.630859375,13,Chenxi
2505318701108100038,4555.525390625,13,Chenxi
2505318701108100039,3129.114990234375,13,Chenxi
2505318701108100040,5373.49365234375,13,Chenxi
2505318701108100041,5888.65625,13,Chenxi
2505318701108100042,3801.094482421875,13,Chenxi
2505318701108100044,1526.4937744140625,13,Chenxi
2505318701108100045,5163.30908203125,13,Chenxi
2505318701108100046,4303.4619140625,13,Chenxi
2505318701108100047,7462.966796875,13,Chenxi
2505318701108100048,6088.31298828125,13,Chenxi
2505318701108100049,6084.806640625,13,Chenxi
2505318701108100050,2731.844482421875,13,Chenxi
2505318701108100052,4714.7763671875,13,Chenxi
2505318701108100053,4985.359375,13,Chenxi
2505318701108100054,4751.90087890625,13,Chenxi
2505318701108100055,5084.72509765625,13,Chenxi
2505318701108100056,5056.70068359375,13,Chenxi
2505318701108100057,3994.90087890625,13,Chenxi
2505318701108100058,3759.3818359375,13,Chenxi
2505318701108100059,2877.511962890625,13,Chenxi
2505318701108100060,5470.79248046875,13,Chenxi
2505318701108100061,2746.855712890625,13,Chenxi
2505318701108100062,7657.734375,13,Chenxi
2505318701108100063,4254.85107421875,13,Chenxi
2505318701108100064,4086.54931640625,13,Chenxi
2505318701108100065,4376.916015625,13,Chenxi
2505318701108100066,3544.166748046875,13,Chenxi
2505318701108100067,2692.533203125,13,Chenxi
2505318701108100068,6216.39013671875,13,Chenxi
2505318701108100069,2330.005615234375,13,Chenxi
2505318701108100070,3577.66650390625,13,Chenxi
2505318701108100071,5253.50634765625,13,Chenxi
2505318701108100072,5639.10791015625,13,Chenxi
2505318701108100073,4840.01904296875,13,Chenxi
2505318701108100074,1830.4178466796875,13,Chenxi
2505318701108100075,6142.26171875,13,Chenxi
2505318701108100076,4145.18017578125,13,Chenxi
2505318701108100077,2439.5439453125,13,Chenxi
2505318701108100078,4037.89453125,13,Chenxi
2505318701108100079,4240.58642578125,13,Chenxi
2505318701108100080,2501.78125,13,Chenxi
2505318701108100081,1352.67578125,13,Chenxi
2505318701108100082,5607.5517578125,13,Chenxi
2505318701108100084,2631.501708984375,13,Chenxi
2505318701108100085,2496.532958984375,13,Chenxi
2505318701108100086,704.8916015625,13,Chenxi
2505318701108100087,4942.99609375,13,Chenxi
2505318701108100088,2847.202880859375,13,Chenxi
2505318701108100089,2417.682861328125,13,Chenxi
2505318701108100090,5286.72021484375,13,Chenxi
2505318701108100091,2661.697021484375,13,Chenxi
2505318701108100092,4134.4501953125,13,Chenxi
2505318701108100093,4892.9541015625,13,Chenxi
2505318701108100094,2586.204345703125,13,Chenxi
2505318701108100095,3827.052490234375,13,Chenxi
2505318701108100096,2002.056396484375,13,Chenxi
2505318701108100097,2591.092041015625,13,Chenxi
2505318701108100098,2300.337646484375,13,Chenxi
2505318701108100099,4014.597900390625,13,Chenxi
2505318701108100100,6022.369140625,13,Chenxi
2505318701108100101,1540.4718017578125,13,Chenxi
2505318701108100102,3900.285400390625,13,Chenxi
2505318701108100103,2911.053955078125,13,Chenxi
2505318701108100104,2901.53759765625,13,Chenxi
2505318701108100105,2898.923583984375,13,Chenxi
2505318701108100107,4280.19189453125,13,Chenxi
2505318701108100108,4378.2734375,13,Chenxi
2505318701108100109,2376.60302734375,13,Chenxi
2505318701108100110,3404.296142578125,13,Chenxi
2505318701108100111,7271.841796875,13,Chenxi
2505318701108100112,3099.08203125,13,Chenxi
2505318701108100113,4059.5283203125,13,Chenxi
2505318701108100114,6417.744140625,13,Chenxi
2505318701108100115,4032.81494140625,13,Chenxi
2505318701108100116,4282.95458984375,13,Chenxi
2505318701108100117,2932.175048828125,13,Chenxi
2505318701108100118,6400.701171875,13,Chenxi
2505318701108100119,1175.8553466796875,13,Chenxi
2505318701108100120,2359.1162109375,13,Chenxi
2505318701108100121,4296.708984375,13,Chenxi
2505318701108100122,7299.51513671875,13,Chenxi
2505318701108100123,5307.0517578125,13,Chenxi
2505318701108100124,858.0783081054688,13,Chenxi
2505318701108100125,2519.98828125,13,Chenxi
2505318701108100126,4411.75146484375,13,Chenxi
2505318701108100127,6494.5908203125,13,Chenxi
2505318701108100128,1713.6881103515625,13,Chenxi
2505318701108100129,3287.54736328125,13,Chenxi
2505318701108100130,3386.812744140625,13,Chenxi
2505318701108100131,5705.50634765625,13,Chenxi
2505318701108100132,5257.03955078125,13,Chenxi
2505318701109100003,5262.46728515625,13,Chenxi
2505318701109100004,4474.611328125,13,Chenxi
2505318701109100005,3459.527099609375,13,Chenxi
2505318701109100006,1933.1929931640625,13,Chenxi
2505318701109100007,3250.433349609375,13,Chenxi
2505318701109100008,2517.010986328125,13,Chenxi
2505318701109100009,3709.40625,13,Chenxi
2505318701109100011,2529.812255859375,13,Chenxi
2505318701109100012,5900.326171875,13,Chenxi
2505318701111100001,3501.315185546875,14,Chenxi
2505318701111100002,2786.777099609375,14,Chenxi
2505318701111100003,2002.1575927734375,14,Chenxi
2505318701111100004,3237.36376953125,14,Chenxi
2505318701111100005,6513.2451171875,14,Chenxi
2505318701111100006,3624.7734375,14,Chenxi
2505318701111100007,5698.88330078125,14,Chenxi
2505318701111100008,4221.81396484375,14,Chenxi
2505318701111100009,3664.10546875,14,Chenxi
2505318701111100010,3123.727783203125,14,Chenxi
2505318701111100011,3704.217041015625,14,Chenxi
2505318701111100012,4669.73876953125,14,Chenxi
2505318701111100013,5855.73681640625,14,Chenxi
2505318701111100014,3261.368408203125,14,Chenxi
2505318701112100006,3761.77294921875,14,Chenxi
2505318701112100007,5797.90625,14,Chenxi
2505318701112100008,4718.7587890625,14,Chenxi
2505318701112100009,11465.7734375,14,Chenxi
2505318701112100010,6575.5009765625,14,Chenxi
2505318701112100011,6975.76416015625,14,Chenxi
2505318701112100012,6363.4384765625,14,Chenxi
2505318701112100013,6275.5537109375,14,Chenxi
2505318701112100014,4325.873046875,14,Chenxi
2505318701112100015,13262.1650390625,14,Chenxi
2505318701112100016,3922.8330078125,14,Chenxi
2505318701112100017,10232.080078125,14,Chenxi
2505318701112100018,8579.0654296875,14,Chenxi
2505318701112100019,6640.9091796875,14,Chenxi
2505318701112100020,5373.41259765625,14,Chenxi
2505318701112100021,11779.1943359375,14,Chenxi
2505318701112100022,7846.9951171875,14,Chenxi
2505318701112100024,2461.9580078125,14,Chenxi
2505318701112100025,5414.3916015625,14,Chenxi
2505318701112100027,7449.52001953125,14,Chenxi
2505318701112100028,5787.04296875,14,Chenxi
2505318701112100029,4798.47900390625,14,Chenxi
2505318701112100030,4703.5302734375,14,Chenxi
2505318701112100031,2506.75927734375,14,Chenxi
2505318701112100032,5098.361328125,14,Chenxi
2505318701112100033,3639.532470703125,14,Chenxi
2505318701112100034,4434.7392578125,14,Chenxi
2505318701112100035,3762.478271484375,14,Chenxi
2505318701112100036,3842.7998046875,14,Chenxi
2505318701112100037,3778.762451171875,14,Chenxi
2505318701112100038,3127.19287109375,14,Chenxi
2505318701112100039,3725.42236328125,14,Chenxi
2505318701112100040,4285.50048828125,14,Chenxi
2505318701112100041,3643.837646484375,14,Chenxi
2505318701112100042,7372.3486328125,14,Chenxi
2505318701112100043,6836.6669921875,14,Chenxi
2505318701112100044,5017.77880859375,14,Chenxi
2505318701112100045,5170.98193359375,14,Chenxi
2505318701112100046,3822.2314453125,14,Chenxi
2505318701112100048,3539.766845703125,14,Chenxi
2505318701112100049,6114.408203125,14,Chenxi
2505318701112100050,5009.8759765625,14,Chenxi
2505318701112100051,3629.2744140625,14,Chenxi
2505318701112100052,4286.2255859375,14,Chenxi
2505318701112100054,4518.85302734375,14,Chenxi
2505318701112100056,9360.056640625,14,Chenxi
2505318701112100057,3856.2841796875,14,Chenxi
2505318701112100058,5088.58349609375,14,Chenxi
2505318701112100060,5023.623046875,14,Chenxi
2505318701112100061,7110.13720703125,14,Chenxi
2505318701112100062,8996.787109375,14,Chenxi
2505318701112100064,3330.8916015625,14,Chenxi
2505318701113100006,5344.3876953125,14,Chenxi
2505318701113100007,6618.98388671875,14,Chenxi
2505318701113100008,7215.5615234375,14,Chenxi
2505318701113100009,3005.0595703125,14,Chenxi
2505318701113100010,15572.294921875,14,Chenxi
2505318701113100011,7873.9306640625,14,Chenxi
2505318701113100013,4873.9658203125,14,Chenxi
2505318701113100014,9053.857421875,14,Chenxi
2505318701113100015,4852.47412109375,14,Chenxi
2505318701113100016,6898.82958984375,14,Chenxi
2505318701113100017,5066.66162109375,14,Chenxi
2505318701113100018,5213.94580078125,14,Chenxi
2505318701113100019,6099.66845703125,14,Chenxi
2505318701113100020,4227.09423828125,14,Chenxi
2505318701113100021,6237.5068359375,14,Chenxi
2505318701113100022,8611.9716796875,14,Chenxi
2505318701113100023,5931.45263671875,14,Chenxi
2505318701113100024,8933.587890625,14,Chenxi
2505318701113100025,2137.399169921875,14,Chenxi
2505318701113100026,5555.806640625,14,Chenxi
2505318701113100027,8643.302734375,14,Chenxi
2505318701113100028,7796.837890625,14,Chenxi
2505318701113100029,3844.9033203125,14,Chenxi
2505318701113100030,6575.13330078125,14,Chenxi
2505318701113100031,8197.3193359375,14,Chenxi
2505318701113100032,6969.8662109375,14,Chenxi
2505318701113100033,8390.6025390625,14,Chenxi
2505318701113100034,7364.7353515625,14,Chenxi
2505318701113100036,4210.17041015625,14,Chenxi
2505318701113100037,2671.70361328125,14,Chenxi
2505318701113100038,2992.209228515625,14,Chenxi
2505318701113100040,3462.638671875,14,Chenxi
2505318701113100041,3181.704345703125,14,Chenxi
2505318701113100042,11335.103515625,14,Chenxi
2505318701113100044,2699.689453125,14,Chenxi
2505318701113100045,6129.96533203125,14,Chenxi
2505318701113100046,4316.4150390625,14,Chenxi
2505318701113100047,4370.18798828125,14,Chenxi
2505318701113100049,5021.8466796875,14,Chenxi
2505318701113100050,5778.9423828125,14,Chenxi
2505318701113100051,3119.72412109375,14,Chenxi
2505318701113100052,5293.5361328125,14,Chenxi
2505318701113100053,1690.922119140625,14,Chenxi
2505318701113100054,3361.73974609375,14,Chenxi
2505318701113100055,6178.01318359375,14,Chenxi
2505318701113100056,3775.86083984375,14,Chenxi
2505318701113100057,4097.65869140625,14,Chenxi
2505318701113100058,4718.61572265625,14,Chenxi
2505318701113100059,3419.069580078125,14,Chenxi
2505318701113100060,5118.06005859375,14,Chenxi
2505318701113100061,5175.8642578125,14,Chenxi
2505318701113100062,3817.744873046875,14,Chenxi
2505318701113100063,7409.80712890625,14,Chenxi
2505318701113100065,6087.0185546875,14,Chenxi
2505318701113100066,1861.8525390625,14,Chenxi
2505318701114100004,8539.3291015625,14,Chenxi
2505318701114100005,3996.449951171875,14,Chenxi
2505318701114100007,4048.397216796875,14,Chenxi
2505318701114100008,3082.5478515625,14,Chenxi
2505318701114100009,6378.8388671875,14,Chenxi
2505318701114100010,5321.94970703125,14,Chenxi
2505318701114100012,10094.4345703125,14,Chenxi
2505318701114100014,2026.2274169921875,14,Chenxi
2505318701114100015,2672.697021484375,14,Chenxi
2505318701114100016,4829.0546875,14,Chenxi
2505318701114100017,5773.46826171875,14,Chenxi
2505318701116100004,3678.600341796875,5,Chenxi
2505318701116100005,6569.84375,5,Chenxi
2505318701116100006,3290.423583984375,5,Chenxi
2505318701116100007,3456.75927734375,5,Chenxi
2505318701116100008,3412.244873046875,5,Chenxi
2505318701116100009,1542.587646484375,5,Chenxi
2505318701116100010,5114.349609375,5,Chenxi
2505318701116100011,4617.08447265625,5,Chenxi
2505318701116100012,5209.919921875,5,Chenxi
2505318701117100002,3211.814697265625,5,Chenxi
2505318701117100003,3879.64306640625,5,Chenxi
2505318701117100004,3832.741943359375,5,Chenxi
2505318701117100005,4146.67919921875,5,Chenxi
2505318701117100006,2322.943603515625,5,Chenxi
2505318701117100008,4470.7314453125,5,Chenxi
2505318701117100009,2350.74169921875,5,Chenxi
2505318701117100010,2791.366455078125,5,Chenxi
2505318701117100011,2728.92236328125,5,Chenxi
2505318701117100012,3797.21435546875,5,Chenxi
2505318701117100013,4872.99951171875,5,Chenxi
2505318701117100014,4332.93505859375,5,Chenxi
2505318701117100015,2846.30224609375,5,Chenxi
2505318701117100016,4484.25146484375,5,Chenxi
2505318701117100017,4177.771484375,5,Chenxi
2505318701117100019,2285.48974609375,5,Chenxi
2505318701117100020,2514.135009765625,5,Chenxi
2505318701117100022,2625.673828125,5,Chenxi
2505318701117100023,1919.583984375,5,Chenxi
2505318701117100024,2654.5810546875,5,Chenxi
2505318701117100025,3420.969970703125,5,Chenxi
2505318701117100026,4593.375,5,Chenxi
2505318701117100027,5623.1044921875,5,Chenxi
2505318701117100028,3596.214111328125,5,Chenxi
2505318701117100029,4349.10302734375,5,Chenxi
2505318701117100030,4406.1943359375,5,Chenxi
2505318701117100031,4180.57421875,5,Chenxi
2505318701117100032,2367.328125,5,Chenxi
2505318701117100033,2827.94287109375,5,Chenxi
2505318701117100035,2896.210693359375,5,Chenxi
2505318701117100036,4701.7578125,5,Chenxi
2505318701117100037,2774.521484375,5,Chenxi
2505318701117100038,2302.86181640625,5,Chenxi
2505318701117100039,4006.964599609375,5,Chenxi
2505318701117100040,4852.40625,5,Chenxi
2505318701118100002,6483.66162109375,5,Chenxi
2505318701118100003,7354.69677734375,5,Chenxi
2505318701118100004,6020.45654296875,5,Chenxi
2505318701118100005,3042.739990234375,5,Chenxi
2505318701118100006,2536.20361328125,5,Chenxi
2505318701118100007,6329.16015625,5,Chenxi
2505318701118100008,5917.1865234375,5,Chenxi
2505318701118100010,4119.36376953125,5,Chenxi
2505318701118100011,5015.46728515625,5,Chenxi
2505318701118100013,3882.294921875,5,Chenxi
2505318701118100016,5871.5615234375,5,Chenxi
2505318701118100017,5440.7314453125,5,Chenxi
2505318701118100020,5005.7080078125,5,Chenxi
2505318701119100002,4906.4208984375,5,Chenxi
2505318701119100004,5255.37158203125,5,Chenxi
2505318701119100005,4452.20556640625,5,Chenxi
2505318701119100006,5267.50537109375,5,Chenxi
2505318701119100007,5425.611328125,5,Chenxi
2505318701119100008,4210.8447265625,5,Chenxi
2505318701119100009,5179.509765625,5,Chenxi
2505318701119100010,3060.784423828125,5,Chenxi
2505318701119100012,4785.130859375,5,Chenxi
2505318701119100013,5024.99169921875,5,Chenxi
2505318701119100015,3929.53857421875,5,Chenxi
2505318701125100001,2735.87548828125,4,Chenxi
2505318701125100002,5211.87841796875,4,Chenxi
2505318701125100003,2612.6923828125,4,Chenxi
2505318701125100004,2959.683837890625,4,Chenxi
2505318701125100005,3191.192626953125,4,Chenxi
2505318701125100006,3903.099853515625,4,Chenxi
2505318701125100007,1697.279052734375,4,Chenxi
2505318701125100008,2308.097900390625,4,Chenxi
2505318701125100009,1663.7662353515625,4,Chenxi
2505318701125100010,4889.6494140625,4,Chenxi
2505318701126100003,5253.376953125,4,Chenxi
2505318701126100005,4310.42138671875,4,Chenxi
2505318701126100006,6931.9443359375,4,Chenxi
2505318701126100007,2748.69189453125,4,Chenxi
2505318701126100008,2118.3408203125,4,Chenxi
2505318701126100009,3901.994873046875,4,Chenxi
2505318701126100010,3261.201171875,4,Chenxi
2505318701126100011,2275.932373046875,4,Chenxi
2505318701126100012,3044.91650390625,4,Chenxi
2505318701126100013,3840.247314453125,4,Chenxi
2505318701126100014,5092.8515625,4,Chenxi
2505318701126100015,2210.072021484375,4,Chenxi
2505318701126100016,3556.379150390625,4,Chenxi
2505318701126100017,4276.7783203125,4,Chenxi
2505318701126100018,6364.51416015625,4,Chenxi
2505318701126100019,6187.8857421875,4,Chenxi
2505318701126100020,2286.960693359375,4,Chenxi
2505318701126100021,2149.863525390625,4,Chenxi
2505318701126100022,2962.911865234375,4,Chenxi
2505318701126100023,2488.771484375,4,Chenxi
2505318701126100024,5404.88818359375,4,Chenxi
2505318701126100025,1151.1334228515625,4,Chenxi
2505318701126100026,1657.7264404296875,4,Chenxi
2505318701126100027,8868.1318359375,4,Chenxi
2505318701126100028,2002.5062255859375,4,Chenxi
2505318701126100029,5863.03564453125,4,Chenxi
2505318701126100030,9787.439453125,4,Chenxi
2505318701126100031,6821.2060546875,4,Chenxi
2505318701126100033,2839.645263671875,4,Chenxi
2505318701126100034,11603.37109375,4,Chenxi
2505318701126100035,6836.07861328125,4,Chenxi
2505318701126100036,5417.37646484375,4,Chenxi
2505318701126100037,6148.4892578125,4,Chenxi
2505318701126100038,3583.920654296875,4,Chenxi
2505318701126100039,4381.32470703125,4,Chenxi
2505318701127100002,2625.779296875,4,Chenxi
2505318701127100003,4522.14306640625,4,Chenxi
2505318701127100004,6716.09716796875,4,Chenxi
2505318701130100005,6475.5185546875,9,Chenxi
2505318701130100006,5277.03515625,9,Chenxi
2505318701130100008,3327.38525390625,9,Chenxi
2505318701130100009,5474.14453125,9,Chenxi
2505318701130100010,3057.105712890625,9,Chenxi
2505318701130100011,5560.72412109375,9,Chenxi
2505318701130100012,4886.20166015625,9,Chenxi
2505318701130100013,2346.648681640625,9,Chenxi
2505318701130100014,1859.8397216796875,9,Chenxi
2505318701130100015,6620.75732421875,9,Chenxi
2505318701130100016,4753.1845703125,9,Chenxi
2505318701130100017,2653.197021484375,9,Chenxi
2505318701130100018,6009.08447265625,9,Chenxi
2505318701130100019,7990.56640625,9,Chenxi
2505318701130100020,2773.1357421875,9,Chenxi
2505318701130100021,5917.17919921875,9,Chenxi
2505318701130100022,5247.3076171875,9,Chenxi
2505318701130100023,4562.9609375,9,Chenxi
2505318701130100024,2726.16748046875,9,Chenxi
2505318701130100025,1746.8475341796875,9,Chenxi
2505318701130100026,4249.05712890625,9,Chenxi
2505318701130100027,1848.886962890625,9,Chenxi
2505318701130100029,7050.625,9,Chenxi
2505318701130100031,1947.1566162109375,9,Chenxi
2505318701131100010,2403.971435546875,9,Chenxi
2505318701131100011,4977.765625,9,Chenxi
2505318701131100013,2780.76611328125,9,Chenxi
2505318701131100014,3848.65380859375,9,Chenxi
2505318701131100015,6290.7099609375,9,Chenxi
2505318701131100016,4880.2177734375,9,Chenxi
2505318701131100017,3708.41162109375,9,Chenxi
2505318701131100018,2191.149658203125,9,Chenxi
2505318701131100019,3393.884033203125,9,Chenxi
2505318701131100020,1236.61767578125,9,Chenxi
2505318701131100021,2302.563232421875,9,Chenxi
2505318701131100022,9483.2109375,9,Chenxi
2505318701131100023,6402.400390625,9,Chenxi
2505318701131100024,1496.764892578125,9,Chenxi
2505318701131100025,957.3561401367188,9,Chenxi
2505318701131100026,5387.72998046875,9,Chenxi
2505318701131100027,6046.181640625,9,Chenxi
2505318701131100028,3260.704345703125,9,Chenxi
2505318701131100029,1006.2329711914062,9,Chenxi
2505318701131100030,2502.99853515625,9,Chenxi
2505318701131100031,2107.525390625,9,Chenxi
2505318701131100033,2393.604248046875,9,Chenxi
2505318701131100034,7290.47607421875,9,Chenxi
2505318701131100035,4275.73388671875,9,Chenxi
2505318701131100036,3369.654052734375,9,Chenxi
2505318701131100037,4803.08642578125,9,Chenxi
2505318701131100038,3928.324462890625,9,Chenxi
2505318701131100039,6916.42138671875,9,Chenxi
2505318701131100040,944.1766967773438,9,Chenxi
2505318701131100041,2930.487548828125,9,Chenxi
2505318701131100042,4761.4638671875,9,Chenxi
2505318701131100043,3880.111083984375,9,Chenxi
2505318701131100044,3681.2802734375,9,Chenxi
2505318701131100045,10605.953125,9,Chenxi
2505318701131100046,10581.5205078125,9,Chenxi
2505318701131100047,2154.3564453125,9,Chenxi
2505318701131100048,3262.689208984375,9,Chenxi
2505318701131100049,3452.290283203125,9,Chenxi
3064311500348100043,10815.4873046875,4,SD
3064311500348100053,45575.0546875,4,SD
3064311500348100060,8911.65625,4,SD
3064311500348100063,2340.66455078125,4,SD
3064311500348100071,4658.35400390625,4,SD
3064311500348100072,15760.01953125,4,SD
3064311500348100077,14530.298828125,4,SD
3064311500349100021,11721.7001953125,4,SD
3064311500349100023,11420.314453125,4,SD
3064311500349100027,9910.2080078125,4,SD
3064311500349100030,16410.279296875,4,SD
3064311500349100036,26241.54296875,4,SD
3064311500349100043,34216.76171875,4,SD
3064311500349100044,9072.9716796875,4,SD
3064311500349100045,10830.1953125,4,SD
3064311500349100046,15338.6318359375,4,SD
3064311500349100048,8250.2158203125,4,SD
3064311500349100050,13541.7265625,4,SD
3064311500349100052,8842.1279296875,4,SD
3064311500349100054,15542.880859375,4,SD
3064311500349100057,11167.4267578125,4,SD
3064311500349100058,2885.203369140625,4,SD
3064311500353100083,13699.2109375,8,SD
3064311500356100046,17090.705078125,14,SD
3064311500356100053,9989.51171875,14,SD
3064311500356100054,8664.638671875,14,SD
3064311500356100055,5900.037109375,14,SD
3064311500356100057,4834.94287109375,14,SD
3064311500356100064,20150.51953125,14,SD
3064311500356100065,108149.6640625,14,SD
3064311500356100066,24282.208984375,14,SD
3064311500356100068,1912.5208740234375,14,SD
3064311500356100073,1409.748046875,14,SD
3064311500356100075,12040.640625,14,SD
3064311500356100078,3412.545166015625,14,SD
3064311500356100079,3324.644287109375,14,SD
3064311500356100085,9182.6083984375,14,SD
3064311500356100089,25986.890625,14,SD
3064311500356100104,49226.58984375,14,SD
3064311500356100107,13692.609375,14,SD
3064311500356100111,21954.025390625,14,SD
3064311500356100114,25158.603515625,14,SD
3064311500356100115,3251.810302734375,14,SD
3064311500356100126,3004.46826171875,14,SD
3064311500356100131,9767.8115234375,14,SD
3064311500356100132,23582.767578125,14,SD
3064311500356100136,2339.114990234375,14,SD
3064311500357100028,22972.630859375,14,SD
3064311500357100029,4342.0673828125,14,SD
3064311500357100031,8993.8017578125,14,SD
3064311500357100034,5753.0283203125,14,SD
3064311500357100035,25176.2890625,14,SD
3064311500357100036,4820.00927734375,14,SD
3064311500357100038,1201.8389892578125,14,SD
3064311500357100040,5805.779296875,14,SD
3064311500357100041,1708.830078125,14,SD
3064311500357100042,34005.6015625,14,SD
3064311500357100044,10491.87890625,14,SD
3064311500357100046,4654.3447265625,14,SD
3064311500357100049,6023.73095703125,14,SD
3064311500357100050,4140.998046875,14,SD
3064311500357100051,4123.296875,14,SD
3064311500357100052,4390.23583984375,14,SD
3064311500357100054,5990.67529296875,14,SD
3064311500357100056,165.59683227539062,14,SD
3064311500357100058,12772.3095703125,14,SD
3064311500357100059,8497.3056640625,14,SD
3064311500357100063,46563.0078125,14,SD
3064311500357100064,6497.08740234375,14,SD
3064311500357100065,1687.5374755859375,14,SD
3064311500357100072,7127.45068359375,14,SD
3064311500357100073,10570.6103515625,14,SD
3064311500357100079,11166.435546875,14,SD
3064311500357100081,75.89225006103516,14,SD
3064311500357100086,10644.5439453125,14,SD
3064311500357100089,1630.2178955078125,14,SD
3064311500357100092,22170.21484375,14,SD
3064311500357100093,13452.1591796875,14,SD
3064311500357100095,2374.2783203125,14,SD
3064311500357100097,9653.5234375,14,SD
3064311500357100098,8191.09814453125,14,SD
3064311500357100101,16893.58203125,14,SD
3064311500357100106,13636.4013671875,14,SD
3064311500357100107,6264.28759765625,14,SD
3064311500357100109,4433.4228515625,14,SD
3064311500357100110,17818.615234375,14,SD
3064311500357100112,3884.412353515625,14,SD
3064311500357100113,12137.8447265625,14,SD
3064311500357100114,12254.9072265625,14,SD
3064311500357100118,6583.56640625,14,SD
3064311500357100119,8754.138671875,14,SD
3064311500357100120,2480.67431640625,14,SD
3064311500357100122,13750.5947265625,14,SD
3064311500357100124,3652.743408203125,14,SD
3064311500357100126,25923.3203125,14,SD
3064311500357100127,17650.98046875,14,SD
3064311500357100129,7920.68994140625,14,SD
3064311500357100130,9647.1240234375,14,SD
3064311500357100131,741.9480590820312,14,SD
3064311500357100132,13538.115234375,14,SD
3064311500357100135,14974.44921875,14,SD
3064311500357100137,3391.791015625,14,SD
3064311500357100139,8460.24609375,14,SD
3064311500357100140,2528.636962890625,14,SD
3064311500357100141,16668.763671875,14,SD
3064311500357100142,3289.026611328125,14,SD
3064311500357100144,7243.91845703125,14,SD
3064311500357100146,1101.9354248046875,14,SD
3064311500357100149,360.61669921875,14,SD
3064311500357100150,14717.8271484375,14,SD
3064311500357100151,6239.21923828125,14,SD
3064311500357100152,20189.44140625,14,SD
3064311500357100156,13438.2568359375,14,SD
3064311500357100159,327.3047180175781,14,SD
3064311500357100166,874.4776611328125,14,SD
3064311500357100168,168.17054748535156,14,SD
3064311500357100170,3483.40185546875,14,SD
3064311500357100172,6706.41650390625,14,SD
3064311500357100175,1394.4344482421875,14,SD
3064311500358100063,24630.580078125,14,SD
3064311500358100077,13630.501953125,14,SD
3064311500358100092,14382.517578125,14,SD
3064311500358100093,28691.50390625,14,SD
3064311500358100103,10780.6259765625,14,SD
3064311500358100104,5932.583984375,14,SD
3064311500358100108,1821.9718017578125,14,SD
3064311500358100110,7790.26513671875,14,SD
3064311500358100116,12828.4970703125,14,SD
3064311500358100117,6461.802734375,14,SD
3064311500358100119,3536.47021484375,14,SD
3064311500358100125,8309.712890625,14,SD
3064311500358100126,27221.666015625,14,SD
3064311500358100129,4159.845703125,14,SD
3064311500358100132,3894.50927734375,14,SD
3064311500358100133,15431.20703125,14,SD
3064311500358100139,11798.8837890625,14,SD
3064311500358100146,3323.900390625,14,SD
3064311500358100148,23779.41015625,14,SD
3064311500358100149,4505.77392578125,14,SD
3064311500358100151,1951.1395263671875,14,SD
3064311500358100153,1860.731201171875,14,SD
3064311500358100155,4834.6005859375,14,SD
3064311500358100156,1720.10400390625,14,SD
3064311500358100158,1787.70458984375,14,SD
3064311500358100161,2495.23779296875,14,SD
3064311500358100164,7716.99951171875,14,SD
3064311500358100165,4700.193359375,14,SD
3064311500358100166,9609.0185546875,14,SD
3064311500358100168,2919.29150390625,14,SD
3064311500360100095,9066.8330078125,29,SD
3064311500360100097,4695.59130859375,29,SD
3064311500360100099,9437.6318359375,29,SD
3064311500361100004,4693.00390625,29,SD
3064311500361100005,6348.7138671875,29,SD
3064311500361100006,4746.6435546875,29,SD
3064311500361100007,7605.76513671875,29,SD
3064311500361100008,17445.474609375,29,SD
3064311500361100009,14148.77734375,29,SD
3064311500361100010,5569.80419921875,29,SD
3064311500361100011,8918.2421875,29,SD
3064311500361100012,7874.95849609375,29,SD
3064311500361100013,7884.90478515625,29,SD
3064311500361100014,5245.10302734375,29,SD
3064311500361100015,5544.3056640625,29,SD
3064311500361100016,3711.947509765625,29,SD
3064311500361100017,2108.009033203125,29,SD
3064311500361100018,3965.264892578125,29,SD
3064311500361100019,14080.1640625,29,SD
3064311500361100020,1508.8868408203125,29,SD
3064311500361100021,5160.33056640625,29,SD
3064311500361100022,2705.912353515625,29,SD
3064311500361100023,3694.108154296875,29,SD
3064311500361100024,2107.279052734375,29,SD
3064311500361100025,2251.70751953125,29,SD
3064311500361100026,2930.650390625,29,SD
3064311500361100027,5147.66064453125,29,SD
3064311500361100028,2124.47509765625,29,SD
3064311500361100029,1894.332763671875,29,SD
3064311500361100030,6380.36279296875,29,SD
3064311500361100031,2503.322509765625,29,SD
3064311500361100032,3476.282470703125,29,SD
3064311500361100033,6195.07861328125,29,SD
3064311500361100034,10908.2197265625,29,SD
3064311500361100035,7212.12451171875,29,SD
3064311500361100036,5184.77734375,29,SD
3064311500361100037,3581.158447265625,29,SD
3064311500361100039,5317.00732421875,29,SD
3064311500361100042,3302.82763671875,29,SD
3064311500361100043,6213.27392578125,29,SD
3064311500361100044,3810.78369140625,29,SD
3064311500361100045,2689.750732421875,29,SD
3064311500361100052,4885.4345703125,29,SD
3064311500361100053,2250.817138671875,29,SD
3064311500361100055,2159.71826171875,29,SD
3064311500361100057,3189.315673828125,29,SD
3064311500361100063,5778.732421875,29,SD
3064311500361100064,3735.703857421875,29,SD
3064311500361100070,388.39068603515625,29,SD
3064311500362100034,17067.2421875,29,SD
3064311500362100041,4978.32080078125,29,SD
3064311500371100001,29143.97265625,4,SD
3064311500371100010,14013.865234375,4,SD
3064311500371100011,13549.931640625,4,SD
3064311500371100012,16485.693359375,4,SD
3064311500371100014,23533.595703125,4,SD
3064311500371100015,11232.9912109375,4,SD
3064311500371100016,13507.068359375,4,SD
3064311500371100018,6115.03515625,4,SD
3064311500371100019,11299.890625,4,SD
3064311500371100021,10828.169921875,4,SD
3064311500371100022,10162.392578125,4,SD
3064311500371100023,5115.255859375,4,SD
3064311500371100024,12404.0234375,4,SD
3064311500371100026,19172.689453125,4,SD
3064311500371100028,21788.212890625,4,SD
3064311500371100029,10967.775390625,4,SD
3064311500371100031,10891.837890625,4,SD
3064311500371100033,11916.6552734375,4,SD
3064311500371100034,8806.5361328125,4,SD
3064311500371100035,5932.41552734375,4,SD
3064311500371100037,9568.794921875,4,SD
3064311500371100039,16656.08203125,4,SD
3064311500371100040,7814.8232421875,4,SD
3064311500371100041,8971.44140625,4,SD
3064311500371100042,5561.1494140625,4,SD
3064311500371100044,11825.908203125,4,SD
3064311500371100045,11636.0458984375,4,SD
3064311500371100046,4093.955810546875,4,SD
3064311500371100047,8588.6181640625,4,SD
3064311500371100048,14834.58203125,4,SD
3064311500371100050,14183.3994140625,4,SD
3064311500371100052,4638.423828125,4,SD
3064311500371100053,10003.65234375,4,SD
3064311500371100055,12683.970703125,4,SD
3064311500371100056,11242.1923828125,4,SD
3064311500371100057,4495.18408203125,4,SD
3064311500371100058,3564.8525390625,4,SD
3064311500371100059,11099.4111328125,4,SD
3064311500371100060,5050.21044921875,4,SD
3064311500371100061,8549.87109375,4,SD
3064311500371100063,9048.5341796875,4,SD
3064311500371100064,13520.1875,4,SD
3064311500371100065,15007.89453125,4,SD
3064311500371100067,11522.1416015625,4,SD
3064311500371100068,7849.1318359375,4,SD
3064311500371100069,8501.3955078125,4,SD
3064311500371100071,7641.5771484375,4,SD
3064311500371100072,8904.3056640625,4,SD
3064311500371100073,12696.2626953125,4,SD
3064311500371100075,21905.65625,4,SD
3064311500371100076,5231.8232421875,4,SD
3064311500371100077,15138.4716796875,4,SD
3064311500371100078,6437.572265625,4,SD
3064311500371100079,13829.4248046875,4,SD
3064311500371100080,7840.0234375,4,SD
3064311500371100084,11843.2060546875,4,SD
3064311500371100087,11080.37890625,4,SD
3064311500371100088,12563.4921875,4,SD
3064311500371100095,2713.058349609375,4,SD
3064311500372100006,41002.80859375,4,SD
3064311500372100010,17844.201171875,4,SD
3064311500372100012,16901.59375,4,SD
3064311500372100016,26445.060546875,4,SD
3064311500372100018,11435.541015625,4,SD
3064311500372100020,36249.62109375,4,SD
3064311500372100023,15499.34375,4,SD
3064311500372100024,26438.4921875,4,SD
3064311500372100028,11996.345703125,4,SD
3064311500372100029,16173.9560546875,4,SD
3064311500372100031,7964.64794921875,4,SD
3064311500372100034,23241.3828125,4,SD
3064311500372100035,27376.787109375,4,SD
3064311500372100038,16478.80859375,4,SD
3064311500372100039,45968.765625,4,SD
3064311500372100041,5318.5869140625,4,SD
3064311500372100042,11325.5595703125,4,SD
3064311500372100044,30098.94140625,4,SD
3064311500372100045,11447.9658203125,4,SD
3064311500372100046,28899.29296875,4,SD
3064311500372100047,3939.937255859375,4,SD
3064311500372100049,33528.8203125,4,SD
3064311500372100050,26446.369140625,4,SD
3064311500372100052,16405.51171875,4,SD
3064311500372100054,16385.837890625,4,SD
3064311500372100055,30112.240234375,4,SD
3064311500372100056,6402.68994140625,4,SD
3064311500372100057,9490.6474609375,4,SD
3064311500372100058,6168.76123046875,4,SD
3064311500372100061,22932.6953125,4,SD
3064311500372100062,6172.068359375,4,SD
3064311500372100063,12968.1640625,4,SD
3064311500372100064,13904.7998046875,4,SD
3064311500372100065,21924.265625,4,SD
3064311500372100066,13627.921875,4,SD
3064311500372100067,16512.87109375,4,SD
3064311500372100068,17989.322265625,4,SD
3064311500372100069,15518.0751953125,4,SD
3064311500372100073,28166.46484375,4,SD
3064311500372100074,8524.408203125,4,SD
3064311500372100075,18907.357421875,4,SD
3064311500372100078,18819.822265625,4,SD
3064311500372100079,8099.45068359375,4,SD
3064311500372100080,24458.8671875,4,SD
3064311500372100081,5545.20947265625,4,SD
3064311500372100082,14140.9033203125,4,SD
3064311500372100083,17719.28125,4,SD
3064311500372100086,16173.185546875,4,SD
3064311500372100087,15244.2607421875,4,SD
3064311500372100088,19385.248046875,4,SD
3064311500372100089,12870.4013671875,4,SD
3064311500372100090,25651.927734375,4,SD
3064311500372100091,12387.2548828125,4,SD
3064311500372100092,1408.5279541015625,4,SD
3064311500372100094,20833.0546875,4,SD
3064311500372100095,13031.662109375,4,SD
3064311500372100096,10454.6982421875,4,SD
3064311500372100099,13387.720703125,4,SD
3064311500372100105,12201.5625,4,SD
3064311500372100106,12697.724609375,4,SD
3064311500373100029,37557.71484375,4,SD
3064311500373100049,10803.27734375,4,SD
3064311500373100050,10007.44140625,4,SD
3064311500373100060,2539.503173828125,4,SD
3064311500373100063,34066.04296875,4,SD
3064311500373100065,18677.58984375,4,SD
3064311500373100067,61290.359375,4,SD
3064311500373100077,40044.51953125,4,SD
3064311500373100085,18412.763671875,4,SD
3064311500373100090,23439.21484375,4,SD
3064311500373100092,39421.78125,4,SD
3064311500373100095,17711.830078125,4,SD
3064311500373100101,14162.048828125,4,SD
3064311500373100110,11010.6142578125,4,SD
3064311500373100113,24549.78515625,4,SD
3064311500375100016,9267.7333984375,8,SD
3064311500375100020,15097.9365234375,8,SD
3064311500375100023,15890.7353515625,8,SD
3064311500375100024,18405.669921875,8,SD
3064311500375100029,25468.158203125,8,SD
3064311500375100032,4394.7470703125,8,SD
3064311500375100042,3373.053955078125,8,SD
3064311500375100043,1803.396484375,8,SD
3064311500375100045,11708.9140625,8,SD
3064311500375100046,19194.263671875,8,SD
3064311500375100052,17987.109375,8,SD
3064311500375100055,2019.6080322265625,8,SD
3064311500375100057,15905.62109375,8,SD
3064311500375100062,13232.919921875,8,SD
3064311500375100064,3856.706298828125,8,SD
3064311500375100066,9283.9775390625,8,SD
3064311500375100071,4556.94287109375,8,SD
3064311500375100072,14338.1298828125,8,SD
3064311500375100073,15286.2412109375,8,SD
3064311500375100074,44802.12109375,8,SD
3064311500375100075,7251.54638671875,8,SD
3064311500375100079,5879.61279296875,8,SD
3064311500375100083,5141.6181640625,8,SD
3064311500376100006,9048.6162109375,8,SD
3064311500376100007,8602.1103515625,8,SD
3064311500376100008,3594.56201171875,8,SD
3064311500376100012,7158.482421875,8,SD
3064311500376100013,9507.591796875,8,SD
3064311500376100014,7363.2431640625,8,SD
3064311500376100015,6537.54541015625,8,SD
3064311500376100016,7028.89892578125,8,SD
3064311500376100017,5114.744140625,8,SD
3064311500376100019,6274.3720703125,8,SD
3064311500376100020,6272.88134765625,8,SD
3064311500376100021,3743.80078125,8,SD
3064311500376100022,3820.189697265625,8,SD
3064311500376100023,5185.0302734375,8,SD
3064311500376100024,2730.42626953125,8,SD
3064311500376100025,6798.32861328125,8,SD
3064311500376100026,16889.66796875,8,SD
3064311500376100027,8537.541015625,8,SD
3064311500376100028,6310.5849609375,8,SD
3064311500376100029,5380.13134765625,8,SD
3064311500376100031,4196.6513671875,8,SD
3064311500376100032,11121.9775390625,8,SD
3064311500376100033,3463.800048828125,8,SD
3064311500376100034,4993.921875,8,SD
3064311500376100035,6829.203125,8,SD
3064311500376100036,11044.96875,8,SD
3064311500376100037,4934.57373046875,8,SD
3064311500376100038,10113.595703125,8,SD
3064311500376100039,3128.12255859375,8,SD
3064311500376100041,2240.321044921875,8,SD
3064311500376100042,9202.7119140625,8,SD
3064311500376100043,2529.869140625,8,SD
3064311500376100044,8522.7607421875,8,SD
3064311500376100045,4765.00732421875,8,SD
3064311500376100046,7961.537109375,8,SD
3064311500376100047,2637.98779296875,8,SD
3064311500376100050,6465.8603515625,8,SD
3064311500376100051,1545.7767333984375,8,SD
3064311500376100052,5542.17724609375,8,SD
3064311500376100053,5851.58837890625,8,SD
3064311500376100054,1068.8314208984375,8,SD
3064311500376100055,6549.2646484375,8,SD
3064311500376100056,8511.9892578125,8,SD
3064311500376100057,6474.09619140625,8,SD
3064311500376100058,2367.02099609375,8,SD
3064311500376100059,2335.932861328125,8,SD
3064311500376100060,7661.26953125,8,SD
3064311500376100061,5842.95166015625,8,SD
3064311500376100062,5255.45654296875,8,SD
3064311500376100063,7039.21142578125,8,SD
3064311500376100065,17503.1328125,8,SD
3064311500376100066,5464.11962890625,8,SD
3064311500376100067,3982.939208984375,8,SD
3064311500376100068,9212.6240234375,8,SD
3064311500376100069,2443.096923828125,8,SD
3064311500376100070,4921.29736328125,8,SD
3064311500376100071,6037.29736328125,8,SD
3064311500376100072,8685.8203125,8,SD
3064311500376100077,4536.3779296875,8,SD
3064311500376100079,11444.615234375,8,SD
3064311500376100080,4090.49072265625,8,SD
3064311500376100081,8424.5224609375,8,SD
3064311500376100082,6775.24951171875,8,SD
3064311500376100083,9304.9169921875,8,SD
3064311500376100085,7466.4814453125,8,SD
3064311500376100086,9778.1591796875,8,SD
3064311500376100087,8180.4775390625,8,SD
3064311500376100091,2769.46826171875,8,SD
3064311500376100092,10172.9267578125,8,SD
3064311500376100094,8612.509765625,8,SD
3064311500376100095,4655.1044921875,8,SD
3064311500376100096,12365.5576171875,8,SD
3064311500376100097,9205.9375,8,SD
3064311500376100099,13142.0419921875,8,SD
3064311500376100101,22126.74609375,8,SD
3064311500376100102,7903.802734375,8,SD
3064311500376100104,17380.576171875,8,SD
3064311500376100106,7990.67529296875,8,SD
3064311500376100108,24026.255859375,8,SD
3064311500376100110,5539.6123046875,8,SD
3064311500376100111,5150.72607421875,8,SD
3064311500376100112,6681.6767578125,8,SD
3064311500376100114,8519.873046875,8,SD
3064311500376100115,17703.744140625,8,SD
3064311500376100116,15647.35546875,8,SD
3064311500376100117,5874.0205078125,8,SD
3064311500376100120,7640.80517578125,8,SD
3064311500376100122,9427.716796875,8,SD
3064311500376100123,9586.8818359375,8,SD
3064311500376100124,8554.166015625,8,SD
3064311500376100126,14070.103515625,8,SD
3064311500376100127,1359.31787109375,8,SD
3064311500376100128,16910.87109375,8,SD
3064311500376100129,8938.44140625,8,SD
3064311500377100031,30307.28515625,8,SD
3064311500377100045,10988.4677734375,8,SD
3064311500377100046,12078.5107421875,8,SD
3064311500377100053,8551.8798828125,8,SD
3064311500377100054,4608.28564453125,8,SD
3064311500377100057,18313.0,8,SD
3064311500377100058,8066.90087890625,8,SD
3064311500377100061,2433.962890625,8,SD
3064311500377100062,10071.087890625,8,SD
3064311500377100063,5794.7392578125,8,SD
3064311500377100065,10637.2822265625,8,SD
3064311500377100066,4732.46630859375,8,SD
3064311500377100068,2993.71435546875,8,SD
3064311500377100071,14277.5458984375,8,SD
3064311500377100072,13066.40234375,8,SD
3064311500377100075,4751.353515625,8,SD
3064311500377100080,15186.3330078125,8,SD
3064311500377100081,11364.8623046875,8,SD
3064311500377100085,3243.843505859375,8,SD
3064311500377100086,9431.669921875,8,SD
3064311500379100004,1845.2711181640625,14,SD
3064311500379100018,4241.6689453125,14,SD
3064311500379100022,2794.512939453125,14,SD
3064311500379100024,8512.810546875,14,SD
3064311500379100030,101.79617309570312,14,SD
3064311500379100031,7775.8896484375,14,SD
3064311500379100033,5671.82958984375,14,SD
3064311500379100034,5709.517578125,14,SD
3064311500379100035,1582.49169921875,14,SD
3064311500379100036,14376.9052734375,14,SD
3064311500379100038,21947.9140625,14,SD
3064311500379100039,971.0568237304688,14,SD
3064311500379100041,10980.4365234375,14,SD
3064311500379100042,2607.861572265625,14,SD
3064311500379100043,625.6498413085938,14,SD
3064311500379100044,18818.76953125,14,SD
3064311500379100046,367.4593505859375,14,SD
3064311500379100047,18770.806640625,14,SD
3064311500379100049,6903.16064453125,14,SD
3064311500379100051,5497.9189453125,14,SD
3064311500379100052,578.1325073242188,14,SD
3064311500379100053,5244.41943359375,14,SD
3064311500379100054,4075.258056640625,14,SD
3064311500379100056,5967.0263671875,14,SD
3064311500379100057,12741.75390625,14,SD
3064311500379100058,1127.709228515625,14,SD
3064311500379100059,11652.5205078125,14,SD
3064311500379100060,7425.48486328125,14,SD
3064311500379100061,491.1251525878906,14,SD
3064311500379100062,13458.8125,14,SD
3064311500379100063,5111.25146484375,14,SD
3064311500379100064,5887.1142578125,14,SD
3064311500379100065,8447.943359375,14,SD
3064311500379100067,6340.93505859375,14,SD
3064311500379100068,8512.4755859375,14,SD
3064311500379100069,4064.668701171875,14,SD
3064311500379100070,11334.58203125,14,SD
3064311500379100071,3056.93896484375,14,SD
3064311500379100073,5129.44580078125,14,SD
3064311500379100074,15404.576171875,14,SD
3064311500379100075,30548.890625,14,SD
3064311500379100076,6628.17529296875,14,SD
3064311500379100077,22101.015625,14,SD
3064311500379100078,12309.7451171875,14,SD
3064311500379100079,4633.36767578125,14,SD
3064311500379100080,7754.337890625,14,SD
3064311500379100081,11508.0830078125,14,SD
3064311500379100082,345.107421875,14,SD
3064311500379100083,27406.291015625,14,SD
3064311500379100084,6312.97412109375,14,SD
3064311500379100085,13282.3427734375,14,SD
3064311500379100086,6280.599609375,14,SD
3064311500379100087,1002.2303466796875,14,SD
3064311500379100089,11423.9404296875,14,SD
3064311500379100090,41592.76171875,14,SD
3064311500379100091,5332.921875,14,SD
3064311500379100092,10317.3779296875,14,SD
3064311500379100094,5268.828125,14,SD
3064311500379100095,12011.255859375,14,SD
3064311500379100096,19669.37109375,14,SD
3064311500379100097,15960.5751953125,14,SD
3064311500379100099,12629.7275390625,14,SD
3064311500379100100,12669.658203125,14,SD
3064311500379100101,1164.8096923828125,14,SD
3064311500379100102,3606.534423828125,14,SD
3064311500379100103,3649.204345703125,14,SD
3064311500379100107,7314.0908203125,14,SD
3064311500379100108,15548.068359375,14,SD
3064311500379100109,13250.65625,14,SD
3064311500379100110,6281.849609375,14,SD
3064311500379100111,4051.78857421875,14,SD
3064311500379100112,14252.4091796875,14,SD
3064311500379100113,4044.388427734375,14,SD
3064311500379100115,6096.31005859375,14,SD
3064311500379100116,7067.6298828125,14,SD
3064311500379100117,15256.732421875,14,SD
3064311500379100118,2751.2138671875,14,SD
3064311500379100120,13771.375,14,SD
3064311500379100122,5408.19091796875,14,SD
3064311500379100123,20058.44921875,14,SD
3064311500379100124,3505.40771484375,14,SD
3064311500379100125,5154.39697265625,14,SD
3064311500379100126,12390.4931640625,14,SD
3064311500379100127,9414.1357421875,14,SD
3064311500379100128,11312.97265625,14,SD
3064311500379100130,5459.064453125,14,SD
3064311500379100131,453.212158203125,14,SD
3064311500379100133,309.37005615234375,14,SD
3064311500379100137,2726.469482421875,14,SD
3064311500380100009,7022.45263671875,14,SD
3064311500380100010,4636.921875,14,SD
3064311500380100013,17632.4765625,14,SD
3064311500380100017,7966.7353515625,14,SD
3064311500380100018,13861.1435546875,14,SD
3064311500380100019,8063.99853515625,14,SD
3064311500380100021,1560.2137451171875,14,SD
3064311500380100022,6301.751953125,14,SD
3064311500380100025,4181.10986328125,14,SD
3064311500380100028,1740.5091552734375,14,SD
3064311500380100030,12545.8671875,14,SD
3064311500380100031,15189.57421875,14,SD
3064311500380100034,4572.33642578125,14,SD
3064311500380100035,10363.58203125,14,SD
3064311500380100036,530.5979614257812,14,SD
3064311500380100038,4299.15234375,14,SD
3064311500380100039,5916.7060546875,14,SD
3064311500380100040,5334.14892578125,14,SD
3064311500380100041,1509.2060546875,14,SD
3064311500380100043,17496.341796875,14,SD
3064311500380100044,7707.2470703125,14,SD
3064311500380100046,899.05810546875,14,SD
3064311500380100048,6126.2353515625,14,SD
3064311500380100049,15063.90234375,14,SD
3064311500380100050,611.2487182617188,14,SD
3064311500380100051,9532.994140625,14,SD
3064311500380100054,10990.32421875,14,SD
3064311500380100056,2190.883056640625,14,SD
3064311500380100058,9313.7666015625,14,SD
3064311500380100059,17375.685546875,14,SD
3064311500380100060,15810.802734375,14,SD
3064311500380100061,11018.548828125,14,SD
3064311500380100064,4750.490234375,14,SD
3064311500380100065,10253.44140625,14,SD
3064311500380100066,1997.0069580078125,14,SD
3064311500380100067,6283.26171875,14,SD
3064311500380100068,12536.59375,14,SD
3064311500380100070,9706.0361328125,14,SD
3064311500380100071,13394.560546875,14,SD
3064311500380100075,11061.033203125,14,SD
3064311500380100076,8706.4853515625,14,SD
3064311500380100078,24642.62109375,14,SD
3064311500380100079,6238.63916015625,14,SD
3064311500380100080,12000.1552734375,14,SD
3064311500380100081,5502.46337890625,14,SD
3064311500380100082,5008.673828125,14,SD
3064311500380100084,4606.568359375,14,SD
3064311500380100088,3680.30712890625,14,SD
3064311500380100089,14827.3408203125,14,SD
3064311500380100091,5430.88916015625,14,SD
3064311500380100092,4317.8759765625,14,SD
3064311500380100093,10471.6796875,14,SD
3064311500380100094,718.57421875,14,SD
3064311500380100095,12998.0693359375,14,SD
3064311500380100096,4641.7919921875,14,SD
3064311500380100097,10832.7783203125,14,SD
3064311500380100099,945.9691162109375,14,SD
3064311500380100100,4538.2236328125,14,SD
3064311500380100102,596.2835083007812,14,SD
3064311500380100103,2139.48974609375,14,SD
3064311500380100104,12351.248046875,14,SD
3064311500380100105,8693.1328125,14,SD
3064311500380100107,26222.5859375,14,SD
3064311500380100108,8800.25,14,SD
3064311500380100110,5420.35205078125,14,SD
3064311500380100112,16379.4736328125,14,SD
3064311500380100114,1239.1822509765625,14,SD
3064311500380100118,6254.23974609375,14,SD
3064311500380100119,3489.0810546875,14,SD
3064311500380100120,17164.62109375,14,SD
3064311500380100121,8889.794921875,14,SD
3064311500380100122,29457.25,14,SD
3064311500380100123,10444.1142578125,14,SD
3064311500380100126,17367.7890625,14,SD
3064311500380100129,7432.38623046875,14,SD
3064311500380100131,2677.7236328125,14,SD
3064311500380100135,4824.03515625,14,SD
3064311500380100136,2694.743408203125,14,SD
3064311500380100137,16653.185546875,14,SD
3064311500380100139,19200.66796875,14,SD
3064311500380100140,13122.236328125,14,SD
3064311500380100142,17718.00390625,14,SD
3064311500380100143,8198.25390625,14,SD
3064311500380100144,10201.3017578125,14,SD
3064311500380100146,3772.937744140625,14,SD
3064311500380100147,7003.41162109375,14,SD
3064311500380100151,9196.224609375,14,SD
3064311500380100152,30342.42578125,14,SD
3064311500380100153,1332.4088134765625,14,SD
3064311500380100154,1481.3787841796875,14,SD
3064311500380100156,14215.669921875,14,SD
3064311500380100157,865.4591674804688,14,SD
3064311500380100159,5742.22705078125,14,SD
3064311500380100161,1976.6162109375,14,SD
3064311500380100163,11914.314453125,14,SD
3064311500380100164,3261.004150390625,14,SD
3064311500380100166,12342.431640625,14,SD
3064311500380100168,4775.34619140625,14,SD
3064311500380100170,6691.91943359375,14,SD
3064311500380100172,13458.37890625,14,SD
3064311500380100174,2559.621337890625,14,SD
3064311500380100178,2863.436767578125,14,SD
3064311500380100179,14551.146484375,14,SD
3064311500380100180,12856.46484375,14,SD
3064311500380100181,15389.298828125,14,SD
3064311500380100185,5194.66845703125,14,SD
3064311500380100186,11588.9052734375,14,SD
3064311500380100191,807.7994995117188,14,SD
3064311500380100204,2503.853759765625,14,SD
3064311500381100004,4228.919921875,14,SD
3064311500381100005,10396.98828125,14,SD
3064311500381100008,5328.97705078125,14,SD
3064311500381100013,1766.362548828125,14,SD
3064311500381100014,11504.3212890625,14,SD
3064311500381100015,16423.23828125,14,SD
3064311500381100018,11228.806640625,14,SD
3064311500381100020,722.8740234375,14,SD
3064311500381100022,7742.32763671875,14,SD
3064311500381100023,7907.9716796875,14,SD
3064311500381100024,10134.9619140625,14,SD
3064311500381100025,3691.3046875,14,SD
3064311500381100027,5478.45361328125,14,SD
3064311500381100028,13483.82421875,14,SD
3064311500381100030,4408.5859375,14,SD
3064311500381100037,6779.9091796875,14,SD
3064311500381100038,3239.332763671875,14,SD
3064311500381100039,10299.6904296875,14,SD
3064311500381100040,13423.853515625,14,SD
3064311500381100041,5143.77294921875,14,SD
3064311500381100042,1868.50146484375,14,SD
3064311500381100043,3711.20703125,14,SD
3064311500381100044,8271.26171875,14,SD
3064311500381100045,6186.90869140625,14,SD
3064311500381100046,12554.65625,14,SD
3064311500381100047,13793.4189453125,14,SD
3064311500381100048,12709.14453125,14,SD
3064311500381100049,8349.17578125,14,SD
3064311500381100050,11154.81640625,14,SD
3064311500381100052,10451.1953125,14,SD
3064311500381100053,8717.419921875,14,SD
3064311500381100055,14641.0166015625,14,SD
3064311500381100057,3500.82080078125,14,SD
3064311500381100058,4878.68017578125,14,SD
3064311500381100060,14766.7470703125,14,SD
3064311500381100062,15025.587890625,14,SD
3064311500381100063,3405.694091796875,14,SD
3064311500381100064,8829.162109375,14,SD
3064311500381100065,19943.599609375,14,SD
3064311500381100067,14863.689453125,14,SD
3064311500381100068,16652.509765625,14,SD
3064311500381100069,2208.359375,14,SD
3064311500381100072,12871.3642578125,14,SD
3064311500381100073,3436.32763671875,14,SD
3064311500381100074,3276.37255859375,14,SD
3064311500381100075,13088.58203125,14,SD
3064311500381100076,13564.625,14,SD
3064311500381100077,18979.39453125,14,SD
3064311500381100078,8981.27734375,14,SD
3064311500381100079,5144.58447265625,14,SD
3064311500381100081,11395.5751953125,14,SD
3064311500381100082,16705.779296875,14,SD
3064311500381100083,11919.6572265625,14,SD
3064311500381100084,7560.056640625,14,SD
3064311500381100085,10685.517578125,14,SD
3064311500381100087,8961.890625,14,SD
3064311500381100089,7652.49267578125,14,SD
3064311500381100090,13399.3291015625,14,SD
3064311500381100091,23676.11328125,14,SD
3064311500381100092,3070.02294921875,14,SD
3064311500381100093,14165.111328125,14,SD
3064311500381100094,5563.982421875,14,SD
3064311500381100095,6879.58984375,14,SD
3064311500381100096,9744.359375,14,SD
3064311500381100097,5488.57177734375,14,SD
3064311500381100098,10765.267578125,14,SD
3064311500381100099,3959.98486328125,14,SD
3064311500381100100,5581.08251953125,14,SD
3064311500381100101,5678.50439453125,14,SD
3064311500381100103,1611.7669677734375,14,SD
3064311500381100104,5168.3017578125,14,SD
3064311500381100105,1348.8858642578125,14,SD
3064311500381100106,9167.5537109375,14,SD
3064311500381100107,13137.708984375,14,SD
3064311500381100108,2866.12158203125,14,SD
3064311500381100109,11991.001953125,14,SD
3064311500381100112,7425.10009765625,14,SD
3064311500381100114,7724.82470703125,14,SD
3064311500381100116,4204.49609375,14,SD
3064311500381100117,12076.3818359375,14,SD
3064311500381100119,14362.7578125,14,SD
3064311500381100120,10441.8154296875,14,SD
3064311500381100122,4810.4404296875,14,SD
3064311500381100123,12262.3603515625,14,SD
3064311500381100124,3654.267333984375,14,SD
3064311500381100125,8036.67626953125,14,SD
3064311500381100128,11112.09765625,14,SD
3064311500381100129,4317.044921875,14,SD
3064311500381100130,12572.634765625,14,SD
3064311500381100134,6096.05029296875,14,SD
3064311500381100141,2040.440673828125,14,SD
3064311500383100003,8650.75390625,29,SD
3064311500383100004,13712.904296875,29,SD
3064311500383100005,2506.94384765625,29,SD
3064311500383100006,11096.798828125,29,SD
3064311500383100009,8885.826171875,29,SD
3064311500383100011,17332.1484375,29,SD
3064311500383100012,5708.54736328125,29,SD
3064311500383100014,1816.5732421875,29,SD
3064311500383100015,7822.5302734375,29,SD
3064311500383100017,10022.568359375,29,SD
3064311500383100019,10696.3212890625,29,SD
3064311500383100021,8682.0546875,29,SD
3064311500383100023,4511.07666015625,29,SD
3064311500383100025,3632.1220703125,29,SD
3064311500383100026,12619.7041015625,29,SD
3064311500383100027,2710.808837890625,29,SD
3064311500383100029,7283.982421875,29,SD
3064311500383100030,5159.2626953125,29,SD
3064311500383100032,3878.3779296875,29,SD
3064311500383100034,6893.275390625,29,SD
3064311500383100035,4626.65087890625,29,SD
3064311500383100039,7573.40576171875,29,SD
3064311500383100040,8236.359375,29,SD
3064311500383100041,937.4486083984375,29,SD
3064311500383100042,4586.8564453125,29,SD
3064311500383100043,7494.65185546875,29,SD
3064311500383100045,1312.6868896484375,29,SD
3064311500383100046,5091.8916015625,29,SD
3064311500383100048,3071.908447265625,29,SD
3064311500383100049,15621.1171875,29,SD
3064311500383100050,3419.9765625,29,SD
3064311500383100051,4865.3544921875,29,SD
3064311500383100052,3526.770751953125,29,SD
3064311500383100053,7941.1552734375,29,SD
3064311500383100054,4257.09814453125,29,SD
3064311500383100055,9099.361328125,29,SD
3064311500383100057,5067.16796875,29,SD
3064311500383100058,3399.79736328125,29,SD
3064311500383100059,1232.8203125,29,SD
3064311500383100060,4612.08203125,29,SD
3064311500383100061,4377.54150390625,29,SD
3064311500383100062,6102.2265625,29,SD
3064311500383100064,4730.435546875,29,SD
3064311500383100065,2747.780029296875,29,SD
3064311500383100066,4453.978515625,29,SD
3064311500383100067,14756.25390625,29,SD
3064311500383100068,6279.28759765625,29,SD
3064311500383100069,8409.0654296875,29,SD
3064311500383100070,9114.0830078125,29,SD
3064311500383100071,2198.134033203125,29,SD
3064311500383100072,6319.85498046875,29,SD
3064311500383100073,5605.1630859375,29,SD
3064311500383100077,8023.67333984375,29,SD
3064311500383100078,3400.186279296875,29,SD
3064311500383100079,6753.49169921875,29,SD
3064311500383100080,2990.29052734375,29,SD
3064311500383100083,5734.57666015625,29,SD
3064311500383100084,6221.5205078125,29,SD
3064311500383100085,3832.99658203125,29,SD
3064311500383100086,6439.9404296875,29,SD
3064311500383100087,9476.306640625,29,SD
3064311500383100088,3673.211669921875,29,SD
3064311500383100089,3920.54638671875,29,SD
3064311500383100090,7684.84814453125,29,SD
3064311500383100092,7171.37255859375,29,SD
3064311500383100093,8625.5283203125,29,SD
3064311500383100096,10752.7177734375,29,SD
3064311500383100097,4714.697265625,29,SD
3064311500383100098,5514.75537109375,29,SD
3064311500383100101,5328.23486328125,29,SD
3064311500384100007,5532.68310546875,29,SD
3064311500384100015,4175.26953125,29,SD
3064311500384100017,1096.9482421875,29,SD
3064311500384100019,5092.048828125,29,SD
3064311500384100020,7333.62255859375,29,SD
3064311500384100021,13795.4423828125,29,SD
3064311500384100022,2616.199462890625,29,SD
3064311500384100025,2826.764892578125,29,SD
3064311500384100028,3989.84619140625,29,SD
3064311500384100031,5606.6982421875,29,SD
3064311500384100035,16843.56640625,29,SD
3064311500384100037,8191.99462890625,29,SD
3064311500384100040,4110.72509765625,29,SD
3064311500384100041,9043.9736328125,29,SD
3064311500384100042,10621.6845703125,29,SD
3064311500384100045,5333.75048828125,29,SD
3064311500384100046,7733.748046875,29,SD
3064311500384100047,8371.310546875,29,SD
3064311500384100048,4601.64501953125,29,SD
3064311500384100049,1816.5260009765625,29,SD
3064311500384100050,6877.5654296875,29,SD
3064311500384100051,7201.34326171875,29,SD
3064311500384100053,8145.1533203125,29,SD
3064311500384100054,993.0471801757812,29,SD
3064311500384100055,6766.650390625,29,SD
3064311500384100056,10927.3388671875,29,SD
3064311500384100057,7969.0458984375,29,SD
3064311500384100058,14705.0517578125,29,SD
3064311500384100060,6368.37890625,29,SD
3064311500384100061,11654.837890625,29,SD
3064311500384100064,1502.5906982421875,29,SD
3064311500384100065,6123.60595703125,29,SD
3064311500384100066,1665.3094482421875,29,SD
3064311500384100067,722.6603393554688,29,SD
3064311500384100068,12162.91796875,29,SD
3064311500384100069,9446.0869140625,29,SD
3064311500384100070,7445.97607421875,29,SD
3064311500384100071,9629.3388671875,29,SD
3064311500384100072,6869.2255859375,29,SD
3064311500384100074,6125.0986328125,29,SD
3064311500384100075,6095.041015625,29,SD
3064311500384100076,12669.8662109375,29,SD
3064311500384100077,6661.88623046875,29,SD
3064311500384100078,2580.32275390625,29,SD
3064311500384100080,14587.37890625,29,SD
3064311500384100081,15549.66796875,29,SD
3064311500384100082,7802.7294921875,29,SD
3064311500384100083,12390.8447265625,29,SD
3064311500384100084,7134.2548828125,29,SD
3064311500384100086,6254.90771484375,29,SD
3064311500384100087,29181.189453125,29,SD
3064311500384100090,8858.8095703125,29,SD
3064311500384100092,16994.66796875,29,SD
3064311500384100094,1826.65283203125,29,SD
3064311500384100096,2239.9150390625,29,SD
3064311500384100097,8753.51171875,29,SD
3064311500384100098,3246.74755859375,29,SD
3064311500384100099,9647.6787109375,29,SD
3064311500384100102,18597.119140625,29,SD
3064311500384100103,5705.7099609375,29,SD
3064311500384100104,17187.853515625,29,SD
3064311500384100105,9288.892578125,29,SD
3064311500384100106,17992.166015625,29,SD
3064311500384100107,20455.7421875,29,SD
3064311500384100109,12114.603515625,29,SD
3064311500384100110,2364.471923828125,29,SD
3064311500384100112,4659.12548828125,29,SD
3064311500384100113,8438.361328125,29,SD
3064311500384100116,17754.52734375,29,SD
3064311500384100118,6486.7734375,29,SD
3064311500384100119,5482.9794921875,29,SD
3064311500384100120,11081.0712890625,29,SD
3064311500384100121,2763.64990234375,29,SD
3064311500384100122,4608.51708984375,29,SD
3064311500384100124,19500.248046875,29,SD
3064311500384100126,2408.710693359375,29,SD
3064311500384100128,12139.2919921875,29,SD
3064311500384100131,25412.990234375,29,SD
3064311500384100134,3042.638427734375,29,SD
3064311500384100138,21737.431640625,29,SD
3064311500384100140,13756.6806640625,29,SD
3064311500384100142,11793.2158203125,29,SD
3064311500384100143,12943.568359375,29,SD
3064311500384100146,2960.442626953125,29,SD
3064311500384100147,21308.673828125,29,SD
3064311500384100148,2221.465576171875,29,SD
3064311500384100149,9313.015625,29,SD
3064311500384100150,8429.591796875,29,SD
3064311500384100151,2955.46435546875,29,SD
3064311500384100155,4859.38427734375,29,SD
3064311500384100157,19715.9140625,29,SD
3064311500384100159,12976.125,29,SD
3064311500384100162,20412.04296875,29,SD
3064311500384100163,3911.7412109375,29,SD
3064311500384100167,1458.283447265625,29,SD
3064311500384100168,14569.9189453125,29,SD
3064311500384100169,841.6693115234375,29,SD
3064311500384100171,13534.384765625,29,SD
3064311500384100174,10921.349609375,29,SD
3064311500384100176,4569.32275390625,29,SD
3064311500384100180,248.7059326171875,29,SD
3064311500384100182,26370.115234375,29,SD
3064311500384100185,11431.1708984375,29,SD
3064311500384100186,9204.4609375,29,SD
3064311500384100190,10682.03515625,29,SD
3064311500384100191,8361.9130859375,29,SD
3064311500385100005,6259.07421875,29,SD
3064311500385100007,5100.26611328125,29,SD
3064311500385100008,4358.9912109375,29,SD
3064311500385100009,6835.1513671875,29,SD
3064311500385100010,6215.02880859375,29,SD
3064311500385100011,2180.53173828125,29,SD
3064311500385100012,5619.02734375,29,SD
3064311500385100013,3389.13671875,29,SD
3064311500385100014,2596.57666015625,29,SD
3064311500385100015,1623.1517333984375,29,SD
3064311500385100016,8483.7353515625,29,SD
3064311500385100019,11088.3955078125,29,SD
3064311500385100021,3937.958984375,29,SD
3064311500385100022,4648.88232421875,29,SD
3064311500385100023,6133.84765625,29,SD
3064311500385100025,7568.435546875,29,SD
3064311500385100026,4490.04541015625,29,SD
3064311500385100027,2442.78662109375,29,SD
3064311500385100028,3667.90087890625,29,SD
3064311500385100029,4320.71044921875,29,SD
3064311500385100031,9821.3134765625,29,SD
3064311500385100032,4753.2197265625,29,SD
3064311500385100033,4289.0400390625,29,SD
3064311500385100035,5569.25146484375,29,SD
3064311500385100036,1987.6822509765625,29,SD
3064311500385100037,3333.351806640625,29,SD
3064311500385100038,4966.7578125,29,SD
3064311500385100039,1809.0723876953125,29,SD
3064311500385100040,2851.42333984375,29,SD
3064311500385100041,9539.779296875,29,SD
3064311500385100042,3882.39306640625,29,SD
3064311500385100043,4967.47998046875,29,SD
3064311500385100044,5656.98974609375,29,SD
3064311500385100045,9061.369140625,29,SD
3064311500385100046,6741.6650390625,29,SD
3064311500385100047,4701.587890625,29,SD
3064311500385100049,5670.9521484375,29,SD
3064311500385100050,8759.166015625,29,SD
3064311500385100051,2557.4267578125,29,SD
3064311500385100052,1703.466064453125,29,SD
3064311500385100054,3827.7548828125,29,SD
3064311500385100055,5227.8671875,29,SD
3064311500385100056,3080.6650390625,29,SD
3064311500385100057,6048.9697265625,29,SD
3064311500385100058,7121.7109375,29,SD
3064311500385100059,3652.856689453125,29,SD
3064311500385100060,3761.162841796875,29,SD
3064311500385100061,4008.6318359375,29,SD
3064311500385100062,11679.8330078125,29,SD
3064311500385100063,7267.4716796875,29,SD
3064311500385100065,12800.638671875,29,SD
3064311500385100066,7377.55517578125,29,SD
3064311500385100067,4614.6416015625,29,SD
3064311500385100068,5617.08349609375,29,SD
3064311500385100070,6273.37158203125,29,SD
3064311500385100071,338.1886291503906,29,SD
3064311500385100072,2080.806884765625,29,SD
3064311500385100073,5396.0166015625,29,SD
3064311500385100074,2335.837890625,29,SD
3064311500385100075,1202.2340087890625,29,SD
3064311500385100076,6534.73486328125,29,SD
3064311500385100077,4875.6064453125,29,SD
3064311500385100078,5582.66845703125,29,SD
3064311500385100079,2197.55126953125,29,SD
3064311500385100080,5253.38671875,29,SD
3064311500385100081,6550.6435546875,29,SD
3064311500385100082,5129.966796875,29,SD
3064311500385100083,3092.560546875,29,SD
3064311500385100084,5834.43505859375,29,SD
3064311500385100085,8435.623046875,29,SD
3064311500385100086,7336.8291015625,29,SD
3064311500385100088,6927.48828125,29,SD
3064311500385100089,4321.87744140625,29,SD
3064311500385100090,4577.3408203125,29,SD
3064311500385100091,2713.039306640625,29,SD
3064311500385100092,6851.67236328125,29,SD
3064311500385100093,721.7880249023438,29,SD
3064311500385100094,4791.92822265625,29,SD
3064311500385100095,5021.22265625,29,SD
3064311500385100096,4048.2373046875,29,SD
3064311500385100097,6897.32861328125,29,SD
3064311500385100098,4354.6962890625,29,SD
3064311500385100099,2531.9052734375,29,SD
3064311500385100100,5474.39599609375,29,SD
3064311500385100101,4315.1484375,29,SD
3064311500385100102,5827.041015625,29,SD
3064311500385100105,4139.63720703125,29,SD
3064311500385100106,4890.27490234375,29,SD
3064311500385100107,3603.188720703125,29,SD
3064311500385100108,7084.021484375,29,SD
3064311500385100109,2469.992431640625,29,SD
3064311500385100111,1433.0958251953125,29,SD
3064311500385100113,1212.85546875,29,SD
3064311500385100115,1883.85888671875,29,SD
3064311500385100116,4629.01611328125,29,SD
3064311500385100117,3482.096923828125,29,SD
3064311500385100118,6208.4384765625,29,SD
3064311500385100120,12087.6865234375,29,SD
3064311500385100121,9325.1162109375,29,SD
3064311500385100122,7550.228515625,29,SD
3064311500385100123,7204.8720703125,29,SD
3064311500385100125,11729.3564453125,29,SD
3064311500385100126,8747.0361328125,29,SD
3064311500385100127,3250.27001953125,29,SD
3064311500385100128,11388.4775390625,29,SD
3064311500385100129,6503.73828125,29,SD
3064311500385100131,4308.04443359375,29,SD
3064311500385100134,8787.6103515625,29,SD
3064311500385100136,4651.76708984375,29,SD
3064311500385100144,3243.78662109375,29,SD
3064311500385100146,2506.580078125,29,SD
3064311500385100147,5133.337890625,29,SD
3064311500385100148,3668.3681640625,29,SD
3064311500387100005,3797.37060546875,32,SD
3064311500387100011,4345.14013671875,32,SD
3064311500387100012,5712.81787109375,32,SD
3064311500387100013,6718.31982421875,32,SD
3064311500387100016,4958.66748046875,32,SD
3064311500387100019,2470.459716796875,32,SD
3064311500387100021,3811.377197265625,32,SD
3064311500387100023,7337.40380859375,32,SD
3064311500387100026,1159.3668212890625,32,SD
3064311500387100027,6206.80712890625,32,SD
3064311500387100032,2825.83984375,32,SD
3064311500387100033,4042.320068359375,32,SD
3064311500387100034,7542.31884765625,32,SD
3064311500387100035,3888.4912109375,32,SD
3064311500387100036,2917.779052734375,32,SD
3064311500387100038,2526.16455078125,32,SD
3064311500387100039,1705.87890625,32,SD
3064311500387100042,3327.553955078125,32,SD
3064311500387100044,4624.0615234375,32,SD
3064311500387100045,6705.72119140625,32,SD
3064311500387100048,5382.95166015625,32,SD
3064311500387100051,5888.130859375,32,SD
3064311500387100058,3145.30224609375,32,SD
3064311500388100002,4946.48388671875,32,SD
3064311500388100003,2139.677490234375,32,SD
3064311500388100004,2270.86962890625,32,SD
3064311500388100005,4957.3896484375,32,SD
3064311500388100006,3375.7392578125,32,SD
3064311500388100007,2801.059814453125,32,SD
3064311500388100008,3144.212158203125,32,SD
3064311500388100009,3128.551513671875,32,SD
3064311500388100010,4127.0478515625,32,SD
3064311500388100011,4778.35400390625,32,SD
3064311500388100012,2857.162109375,32,SD
3064311500388100013,4441.390625,32,SD
3064311500388100014,4394.41650390625,32,SD
3064311500388100015,1287.9957275390625,32,SD
3064311500388100016,3812.93505859375,32,SD
3064311500388100017,4454.29052734375,32,SD
3064311500388100018,4464.98974609375,32,SD
3064311500388100019,3388.971435546875,32,SD
3064311500388100020,2940.529296875,32,SD
3064311500388100023,2737.105712890625,32,SD
3064311500388100024,3237.0498046875,32,SD
3064311500388100025,2909.17822265625,32,SD
3064311500388100027,3198.78369140625,32,SD
3064311500388100028,2016.9281005859375,32,SD
3064311500388100029,7886.271484375,32,SD
3064311500388100031,2706.4248046875,32,SD
3064311500388100032,1564.599365234375,32,SD
3064311500388100033,2438.918701171875,32,SD
3064311500388100034,2792.68310546875,32,SD
3064311500388100035,5079.615234375,32,SD
3064311500388100036,1388.771728515625,32,SD
3064311500388100037,1928.233642578125,32,SD
3064311500388100038,2183.44775390625,32,SD
3064311500388100039,2467.219970703125,32,SD
3064311500388100040,2354.75390625,32,SD
3064311500388100041,5515.09912109375,32,SD
3064311500388100042,2148.776123046875,32,SD
3064311500388100043,2426.2255859375,32,SD
3064311500388100044,2664.025390625,32,SD
3064311500388100045,3589.899169921875,32,SD
3064311500388100046,3470.3759765625,32,SD
3064311500388100047,4573.71484375,32,SD
3064311500388100049,1432.1654052734375,32,SD
3064311500388100050,3187.915771484375,32,SD
3064311500388100051,1283.9771728515625,32,SD
3064311500388100052,2548.78564453125,32,SD
3064311500388100054,2835.4482421875,32,SD
3064311500388100055,4590.17041015625,32,SD
3064311500388100056,5513.15380859375,32,SD
3064311500388100057,4848.17529296875,32,SD
3064311500388100058,5243.34912109375,32,SD
3064311500388100059,3962.992431640625,32,SD
3064311500388100060,4009.463623046875,32,SD
3064311500388100061,5387.111328125,32,SD
3064311500388100062,1800.4549560546875,32,SD
3064311500388100063,6058.28759765625,32,SD
3064311500388100064,13793.724609375,32,SD
3064311500388100065,3161.6318359375,32,SD
3064311500388100066,4239.6025390625,32,SD
3064311500388100067,1274.7530517578125,32,SD
3064311500388100069,5014.3759765625,32,SD
3064311500388100070,4059.595458984375,32,SD
3064311500388100071,5455.60693359375,32,SD
3064311500388100072,3506.6953125,32,SD
3064311500388100073,4256.744140625,32,SD
3064311500388100074,9888.4892578125,32,SD
3064311500388100075,5743.91650390625,32,SD
3064311500388100076,2453.54443359375,32,SD
3064311500388100078,9020.978515625,32,SD
3064311500388100079,4300.14404296875,32,SD
3064311500388100080,2519.225830078125,32,SD
3064311500388100081,2227.942626953125,32,SD
3064311500388100082,1605.173583984375,32,SD
3064311500388100083,2057.474365234375,32,SD
3064311500388100084,3169.63671875,32,SD
3064311500388100085,1048.1375732421875,32,SD
3064311500388100086,6139.90478515625,32,SD
3064311500388100087,2133.025390625,32,SD
3064311500388100088,6038.77587890625,32,SD
3064311500388100089,2068.754638671875,32,SD
3064311500388100090,7578.37890625,32,SD
3064311500388100091,4958.5849609375,32,SD
3064311500388100092,3197.751220703125,32,SD
3064311500388100093,6113.59765625,32,SD
3064311500388100094,6785.28759765625,32,SD
3064311500388100095,6770.04443359375,32,SD
3064311500388100096,2719.321044921875,32,SD
3064311500388100097,2589.028564453125,32,SD
3064311500388100098,2499.632080078125,32,SD
3064311500388100099,2053.939697265625,32,SD
3064311500388100100,6273.2744140625,32,SD
3064311500388100102,4892.82666015625,32,SD
3064311500388100103,10014.2802734375,32,SD
3064311500388100106,1773.0904541015625,32,SD
3064311500388100107,2450.21435546875,32,SD
3064311500388100108,2075.06201171875,32,SD
3064311500388100109,2358.643310546875,32,SD
3064311500388100110,3806.91552734375,32,SD
3064311500388100111,3958.753173828125,32,SD
3064311500388100112,7271.47119140625,32,SD
3064311500388100115,4372.01904296875,32,SD
3064311500388100116,7186.14404296875,32,SD
3064311500388100117,3346.807861328125,32,SD
3064311500388100118,16856.94921875,32,SD
3064311500388100119,2007.7623291015625,32,SD
3064311500388100121,3838.86669921875,32,SD
3064311500388100122,16915.28515625,32,SD
3064311500388100123,8259.9248046875,32,SD
3064311500388100124,4934.06201171875,32,SD
3064311500388100125,2095.711181640625,32,SD
3064311500388100126,7243.5966796875,32,SD
3064311500388100128,2244.613037109375,32,SD
3064311500388100131,982.8489990234375,32,SD
3064311500388100135,2783.412841796875,32,SD
3064311500388100138,6519.6123046875,32,SD
3064311500388100140,6469.45556640625,32,SD
3064311500388100141,1707.6048583984375,32,SD
3064311500388100142,4838.57861328125,32,SD
3064311500388100143,8933.638671875,32,SD
3064311500388100144,4596.34765625,32,SD
3064311500388100146,4984.4951171875,32,SD
3064311500388100147,4073.510009765625,32,SD
3064311500388100148,7794.5634765625,32,SD
3064311500388100150,2720.952392578125,32,SD
3064311500388100151,9169.744140625,32,SD
3064311500388100153,3278.116455078125,32,SD
3064311500388100154,12197.1533203125,32,SD
3064311500388100156,7535.28515625,32,SD
3064311500388100160,326.26226806640625,32,SD
3064311500388100162,1719.7823486328125,32,SD
3064311500388100165,2490.421875,32,SD
3064311500388100167,1857.57861328125,32,SD
3064311500388100168,6822.5927734375,32,SD
3064311500388100170,2302.288818359375,32,SD
3064311500388100171,5053.70849609375,32,SD
3064311500388100173,6013.19384765625,32,SD
3064311500388100174,3623.63818359375,32,SD
3064311500388100175,10589.640625,32,SD
3064311500388100178,1766.5386962890625,32,SD
3064311500388100179,9281.595703125,32,SD
3064311500388100180,2813.916259765625,32,SD
3064311500388100183,4187.59033203125,32,SD
3064311500388100184,1450.2135009765625,32,SD
3064311500388100185,5604.1845703125,32,SD
3064311500388100186,6799.6552734375,32,SD
3064311500388100191,2899.37548828125,32,SD
3064311500388100193,4669.1787109375,32,SD
3064311500388100194,7627.2060546875,32,SD
3064311500388100196,2165.60400390625,32,SD
3064311500388100198,2489.865478515625,32,SD
3064311500388100199,412.73028564453125,32,SD
3064311500388100202,3555.39501953125,32,SD
3064311500388100203,2497.3427734375,32,SD
3064311500388100206,5575.66552734375,32,SD
3064311500388100207,4204.40283203125,32,SD
3064311500388100219,5931.72802734375,32,SD
3064311500388100221,1925.2420654296875,32,SD
3064311500388100229,2055.599365234375,32,SD
3064311500388100244,377.8516845703125,32,SD
3064311500389100004,5548.791015625,32,SD
3064311500389100005,2750.369873046875,32,SD
3064311500389100006,4760.7587890625,32,SD
3064311500389100007,3534.234130859375,32,SD
3064311500389100008,2415.228759765625,32,SD
3064311500389100010,1570.9329833984375,32,SD
3064311500389100012,2708.859130859375,32,SD
3064311500389100013,6485.8505859375,32,SD
3064311500389100014,2448.319580078125,32,SD
3064311500389100015,3001.259521484375,32,SD
3064311500389100016,3967.4365234375,32,SD
3064311500389100018,5235.419921875,32,SD
3064311500389100019,4247.4765625,32,SD
3064311500389100020,7490.486328125,32,SD
3064311500389100021,2838.874267578125,32,SD
3064311500389100022,3872.45849609375,32,SD
3064311500389100024,7413.77783203125,32,SD
3064311500389100025,6468.79052734375,32,SD
3064311500389100026,6005.4375,32,SD
3064311500389100027,3265.915771484375,32,SD
3064311500389100029,1667.978759765625,32,SD
3064311500389100030,2127.136474609375,32,SD
3064311500389100031,4093.88916015625,32,SD
3064311500389100032,3637.557373046875,32,SD
3064311500389100033,1467.3306884765625,32,SD
3064311500389100034,5571.48876953125,32,SD
3064311500389100035,2891.57861328125,32,SD
3064311500389100037,3580.10009765625,32,SD
3064311500389100038,1277.1875,32,SD
3064311500389100040,1277.4468994140625,32,SD
3064311500389100041,4077.468017578125,32,SD
3064311500389100042,4818.99560546875,32,SD
3064311500389100043,1367.796630859375,32,SD
3064311500389100044,4119.47216796875,32,SD
3064311500389100045,4229.92236328125,32,SD
3064311500389100046,4191.57666015625,32,SD
3064311500389100047,1444.52392578125,32,SD
3064311500389100048,5443.58251953125,32,SD
3064311500389100050,4253.50732421875,32,SD
3064311500389100051,1755.526611328125,32,SD
3064311500389100052,4558.71142578125,32,SD
3064311500389100053,4603.4013671875,32,SD
3064311500389100054,2333.364501953125,32,SD
3064311500389100055,4856.806640625,32,SD
3064311500389100056,563.0664672851562,32,SD
3064311500389100057,5334.47314453125,32,SD
3064311500389100059,2070.452392578125,32,SD
3064311500389100060,6535.12451171875,32,SD
3064311500389100061,5901.0556640625,32,SD
3064311500389100062,2441.975341796875,32,SD
3064311500389100063,2517.142822265625,32,SD
3064311500389100064,3539.169189453125,32,SD
3064311500389100065,2535.924072265625,32,SD
3064311500389100066,4093.649658203125,32,SD
3064311500389100067,7056.7470703125,32,SD
3064311500389100068,3680.0068359375,32,SD
3064311500389100070,2163.51416015625,32,SD
3064311500389100071,4528.447265625,32,SD
3064311500389100072,3588.815185546875,32,SD
3064311500389100073,4166.30419921875,32,SD
3064311500389100077,2503.522705078125,32,SD
3064311500389100078,4081.6298828125,32,SD
3064311500389100079,1494.226806640625,32,SD
3064311500389100080,1043.8885498046875,32,SD
3064311500389100081,4487.81884765625,32,SD
3064311500389100082,4181.13037109375,32,SD
3064311500389100083,3090.38671875,32,SD
3064311500389100085,198.06800842285156,32,SD
3064311500389100086,3222.710693359375,32,SD
3064311500389100087,4156.9970703125,32,SD
3064311500389100088,3388.258056640625,32,SD
3064311500389100089,846.8099975585938,32,SD
3064311500389100090,5545.80859375,32,SD
3064311500389100091,6305.9404296875,32,SD
3064311500389100093,918.1409912109375,32,SD
3064311500389100094,994.4446411132812,32,SD
3064311500389100095,1514.5181884765625,32,SD
3064311500389100096,4686.64599609375,32,SD
3064311500389100097,3760.327392578125,32,SD
3064311500389100098,2416.60107421875,32,SD
3064311500389100099,1854.7119140625,32,SD
3064311500389100100,3771.66552734375,32,SD
3064311500389100101,4733.94775390625,32,SD
3064311500389100102,3119.8623046875,32,SD
3064311500389100103,2654.10107421875,32,SD
3064311500389100104,6650.9130859375,32,SD
3064311500389100105,2240.89990234375,32,SD
3064311500389100107,11403.7880859375,32,SD
3064311500389100108,2916.704833984375,32,SD
3064311500389100109,4213.4462890625,32,SD
3064311500389100110,2785.27001953125,32,SD
3064311500389100111,12093.220703125,32,SD
3064311500389100112,2840.990966796875,32,SD
3064311500389100113,1077.014892578125,32,SD
3064311500389100114,4634.34912109375,32,SD
3064311500389100115,4605.25830078125,32,SD
3064311500389100116,3958.448974609375,32,SD
3064311500389100117,4413.80859375,32,SD
3064311500389100118,790.5669555664062,32,SD
3064311500389100119,4451.2275390625,32,SD
3064311500389100120,2840.116943359375,32,SD
3064311500389100122,2641.14599609375,32,SD
3064311500389100124,7387.87548828125,32,SD
3064311500389100125,3362.803466796875,32,SD
3064311500389100126,1487.10205078125,32,SD
3064311500389100127,3617.78662109375,32,SD
3064311500389100128,3106.74462890625,32,SD
3064311500389100129,5415.13623046875,32,SD
3064311500389100130,5328.9013671875,32,SD
3064311500389100131,2359.555908203125,32,SD
3064311500389100132,5306.158203125,32,SD
3064311500389100133,2335.445068359375,32,SD
3064311500389100134,3753.821044921875,32,SD
3064311500389100135,4701.68896484375,32,SD
3064311500389100136,11912.5751953125,32,SD
3064311500389100137,4049.147216796875,32,SD
3064311500389100139,1992.53564453125,32,SD
3064311500389100141,2907.73974609375,32,SD
3064311500389100142,4152.40625,32,SD
3064311500389100144,3397.25927734375,32,SD
3064311500389100146,2450.102294921875,32,SD
3064311500389100147,2309.9609375,32,SD
3064311500389100148,2779.25634765625,32,SD
3064311500389100149,2582.477294921875,32,SD
3064311500389100150,2654.572998046875,32,SD
3064311500389100152,2437.926513671875,32,SD
3064311500389100154,3231.726318359375,32,SD
3064311500389100155,4502.70556640625,32,SD
3064311500389100157,4606.00244140625,32,SD
3064311500389100160,4594.0166015625,32,SD
3064311500389100161,472.64984130859375,32,SD
3064311500389100162,5028.435546875,32,SD
3064311500389100164,7645.66943359375,32,SD
3064311500389100165,1331.078125,32,SD
3064311500389100167,4954.21337890625,32,SD
3064311500389100169,6136.60205078125,32,SD
3064311500389100172,4253.35302734375,32,SD
3064311500394100011,6046.7392578125,4,SD
3064311500394100013,6490.40283203125,4,SD
3064311500394100014,5592.75830078125,4,SD
3064311500394100019,13953.0849609375,4,SD
3064311500394100020,5488.06640625,4,SD
3064311500394100021,2233.417724609375,4,SD
3064311500394100023,13462.4130859375,4,SD
3064311500394100024,5213.431640625,4,SD
3064311500394100026,12340.22265625,4,SD
3064311500394100027,10896.8525390625,4,SD
3064311500394100028,7306.52197265625,4,SD
3064311500394100029,8664.134765625,4,SD
3064311500394100030,6068.62890625,4,SD
3064311500394100031,3045.4482421875,4,SD
3064311500394100033,8937.6533203125,4,SD
3064311500394100034,13241.3583984375,4,SD
3064311500394100035,1533.5167236328125,4,SD
3064311500394100036,8718.787109375,4,SD
3064311500394100037,4808.1396484375,4,SD
3064311500394100038,9461.384765625,4,SD
3064311500394100039,12074.5068359375,4,SD
3064311500394100040,8773.5322265625,4,SD
3064311500394100041,7368.7216796875,4,SD
3064311500394100044,6863.38720703125,4,SD
3064311500394100045,5616.705078125,4,SD
3064311500394100046,4452.55712890625,4,SD
3064311500394100047,12555.3408203125,4,SD
3064311500394100048,5706.123046875,4,SD
3064311500394100049,9833.416015625,4,SD
3064311500394100050,2926.24755859375,4,SD
3064311500394100051,6467.71044921875,4,SD
3064311500394100053,5799.5244140625,4,SD
3064311500394100054,8420.9873046875,4,SD
3064311500394100055,5617.22607421875,4,SD
3064311500394100056,13214.7763671875,4,SD
3064311500394100057,15324.84375,4,SD
3064311500394100058,7805.49853515625,4,SD
3064311500394100059,14914.6318359375,4,SD
3064311500394100060,10497.587890625,4,SD
3064311500394100061,9763.2373046875,4,SD
3064311500394100063,7318.490234375,4,SD
3064311500394100064,5054.28369140625,4,SD
3064311500394100065,4574.47607421875,4,SD
3064311500394100066,6058.87841796875,4,SD
3064311500394100067,8854.1591796875,4,SD
3064311500394100068,4637.30126953125,4,SD
3064311500394100069,10402.7919921875,4,SD
3064311500394100071,3316.4716796875,4,SD
3064311500394100072,8362.9306640625,4,SD
3064311500394100073,9399.7021484375,4,SD
3064311500394100075,10786.2236328125,4,SD
3064311500394100076,5872.55322265625,4,SD
3064311500394100077,9788.8876953125,4,SD
3064311500394100078,6486.88037109375,4,SD
3064311500394100079,2507.181396484375,4,SD
3064311500394100080,20976.005859375,4,SD
3064311500394100082,2155.256103515625,4,SD
3064311500394100083,8667.9384765625,4,SD
3064311500394100084,1813.810791015625,4,SD
3064311500394100085,6696.58642578125,4,SD
3064311500394100086,5942.74951171875,4,SD
3064311500394100087,8559.2724609375,4,SD
3064311500394100092,9918.0908203125,4,SD
3064311500394100094,12111.833984375,4,SD
3064311500394100095,7299.25244140625,4,SD
3064311500394100096,14316.8935546875,4,SD
3064311500394100097,11914.8203125,4,SD
3064311500394100098,7134.83203125,4,SD
3064311500394100100,19857.6875,4,SD
3064311500394100103,14179.0732421875,4,SD
3064311500394100104,8740.603515625,4,SD
3064311500394100105,7630.2978515625,4,SD
3064311500394100106,2672.6328125,4,SD
3064311500394100108,7315.021484375,4,SD
3064311500394100109,1320.10791015625,4,SD
3064311500394100112,8999.1025390625,4,SD
3064311500394100113,6905.74853515625,4,SD
3064311500394100114,7864.1015625,4,SD
3064311500394100116,9179.2265625,4,SD
3064311500394100120,2990.630859375,4,SD
3064311500395100008,18572.71875,4,SD
3064311500395100009,14253.6181640625,4,SD
3064311500395100011,33651.8828125,4,SD
3064311500395100014,11943.5478515625,4,SD
3064311500395100016,12355.0576171875,4,SD
3064311500395100019,15016.9375,4,SD
3064311500395100020,30602.298828125,4,SD
3064311500395100023,25353.380859375,4,SD
3064311500395100025,12094.8369140625,4,SD
3064311500395100026,14715.5927734375,4,SD
3064311500395100027,6531.36328125,4,SD
3064311500395100028,17149.0625,4,SD
3064311500395100030,11297.2236328125,4,SD
3064311500395100031,10231.2822265625,4,SD
3064311500395100032,18541.439453125,4,SD
3064311500395100034,7762.13720703125,4,SD
3064311500395100035,12364.5712890625,4,SD
3064311500395100036,10324.6640625,4,SD
3064311500395100041,17313.3984375,4,SD
3064311500395100042,40997.25390625,4,SD
3064311500395100044,21332.642578125,4,SD
3064311500395100046,5595.13623046875,4,SD
3064311500395100047,7725.9423828125,4,SD
3064311500395100049,29826.046875,4,SD
3064311500395100050,12634.4521484375,4,SD
3064311500395100052,12107.0869140625,4,SD
3064311500395100054,26093.24609375,4,SD
3064311500395100055,15334.408203125,4,SD
3064311500395100056,18941.8125,4,SD
3064311500395100057,14971.599609375,4,SD
3064311500395100058,20478.17578125,4,SD
3064311500395100059,19754.30078125,4,SD
3064311500395100062,7330.93017578125,4,SD
3064311500395100063,12433.314453125,4,SD
3064311500395100064,11869.291015625,4,SD
3064311500395100066,14371.3095703125,4,SD
3064311500395100067,33707.03515625,4,SD
3064311500395100070,10981.99609375,4,SD
3064311500395100071,29775.9609375,4,SD
3064311500395100072,14673.72265625,4,SD
3064311500395100073,21791.056640625,4,SD
3064311500395100074,18871.619140625,4,SD
3064311500395100076,10906.7529296875,4,SD
3064311500395100078,19650.970703125,4,SD
3064311500395100079,11137.3935546875,4,SD
3064311500395100080,19791.890625,4,SD
3064311500395100084,12486.859375,4,SD
3064311500395100086,7810.189453125,4,SD
3064311500395100087,13130.9404296875,4,SD
3064311500395100088,12354.462890625,4,SD
3064311500395100089,23764.087890625,4,SD
3064311500395100090,33718.38671875,4,SD
3064311500395100091,13940.9970703125,4,SD
3064311500395100092,17509.91796875,4,SD
3064311500395100094,12068.6826171875,4,SD
3064311500395100096,3623.709228515625,4,SD
3064311500395100097,11538.1904296875,4,SD
3064311500395100099,22322.17578125,4,SD
3064311500395100101,5137.70947265625,4,SD
3064311500396100002,16987.873046875,4,SD
3064311500396100003,10292.6943359375,4,SD
3064311500396100006,9998.98046875,4,SD
3064311500396100007,25873.619140625,4,SD
3064311500396100012,30594.01171875,4,SD
3064311500396100016,21013.30859375,4,SD
3064311500396100019,7439.4609375,4,SD
3064311500396100020,28586.2421875,4,SD
3064311500396100021,24170.81640625,4,SD
3064311500396100022,3706.794921875,4,SD
3064311500396100023,2423.979248046875,4,SD
3064311500396100024,26921.400390625,4,SD
3064311500396100025,4005.344482421875,4,SD
3064311500396100026,18617.3359375,4,SD
3064311500396100027,12965.9482421875,4,SD
3064311500396100028,10900.1103515625,4,SD
3064311500396100029,12010.6982421875,4,SD
3064311500396100031,30294.158203125,4,SD
3064311500396100032,10329.0400390625,4,SD
3064311500396100033,12074.05078125,4,SD
3064311500396100034,10291.2060546875,4,SD
3064311500396100035,9935.0517578125,4,SD
3064311500396100038,13706.3095703125,4,SD
3064311500396100044,4425.75439453125,4,SD
3064311500398100021,25176.033203125,8,SD
3064311500398100022,14912.564453125,8,SD
3064311500398100023,13999.3193359375,8,SD
3064311500398100030,11980.673828125,8,SD
3064311500398100036,9887.517578125,8,SD
3064311500398100040,32681.58984375,8,SD
3064311500398100041,33570.75,8,SD
3064311500398100042,8038.58935546875,8,SD
3064311500398100044,11889.3798828125,8,SD
3064311500398100046,4629.6826171875,8,SD
3064311500398100048,20254.5859375,8,SD
3064311500398100058,13599.142578125,8,SD
3064311500398100060,27195.734375,8,SD
3064311500398100061,10455.2529296875,8,SD
3064311500398100067,17838.85546875,8,SD
3064311500398100069,10024.3662109375,8,SD
3064311500398100073,6955.873046875,8,SD
3064311500398100074,15798.525390625,8,SD
3064311500398100077,14693.7373046875,8,SD
3064311500398100080,14119.4697265625,8,SD
3064311500398100082,7554.7021484375,8,SD
3064311500398100093,22164.78515625,8,SD
3064311500398100094,16540.931640625,8,SD
3064311500398100095,11971.6279296875,8,SD
3064311500398100096,44054.5078125,8,SD
3064311500398100099,23425.962890625,8,SD
3064311500398100106,15467.10546875,8,SD
3064311500398100109,17124.927734375,8,SD
3064311500398100114,13819.734375,8,SD
3064311500398100115,9248.1171875,8,SD
3064311500398100119,12101.4794921875,8,SD
3064311500398100120,15227.9541015625,8,SD
3064311500398100121,4823.189453125,8,SD
3064311500398100123,12823.8564453125,8,SD
3064311500398100125,14668.201171875,8,SD
3064311500398100126,4389.99755859375,8,SD
3064311500398100128,34267.015625,8,SD
3064311500398100133,25515.24609375,8,SD
3064311500399100005,9079.9697265625,8,SD
3064311500399100010,12311.8740234375,8,SD
3064311500399100011,17355.216796875,8,SD
3064311500399100013,19301.57421875,8,SD
3064311500399100021,23773.75,8,SD
3064311500399100023,19796.794921875,8,SD
3064311500399100025,8305.2548828125,8,SD
3064311500399100027,13767.2822265625,8,SD
3064311500399100028,11402.927734375,8,SD
3064311500399100035,20314.638671875,8,SD
3064311500399100036,18899.916015625,8,SD
3064311500399100037,7596.27392578125,8,SD
3064311500399100038,8825.3427734375,8,SD
3064311500399100039,12372.4931640625,8,SD
3064311500399100041,10765.1953125,8,SD
3064311500399100044,18929.302734375,8,SD
3064311500399100047,21544.662109375,8,SD
3064311500399100048,35727.12890625,8,SD
3064311500399100049,9757.6796875,8,SD
3064311500399100050,8006.0458984375,8,SD
3064311500399100051,27457.41796875,8,SD
3064311500399100052,28397.6796875,8,SD
3064311500399100053,11379.1640625,8,SD
3064311500399100056,17394.583984375,8,SD
3064311500399100057,21324.841796875,8,SD
3064311500399100058,24880.35546875,8,SD
3064311500399100060,23998.248046875,8,SD
3064311500399100064,16512.658203125,8,SD
3064311500399100065,12866.3291015625,8,SD
3064311500399100066,11851.376953125,8,SD
3064311500399100067,13548.4599609375,8,SD
3064311500399100068,17558.5546875,8,SD
3064311500399100069,19695.5234375,8,SD
3064311500399100072,11559.74609375,8,SD
3064311500399100073,6853.76318359375,8,SD
3064311500399100074,16820.208984375,8,SD
3064311500399100075,24000.201171875,8,SD
3064311500399100076,8229.734375,8,SD
3064311500399100077,15946.880859375,8,SD
3064311500399100079,25556.546875,8,SD
3064311500399100081,16591.923828125,8,SD
3064311500399100082,9410.7861328125,8,SD
3064311500399100083,12073.673828125,8,SD
3064311500399100085,8693.5849609375,8,SD
3064311500399100087,12385.337890625,8,SD
3064311500399100089,11872.2607421875,8,SD
3064311500399100090,19840.18359375,8,SD
3064311500399100091,23602.732421875,8,SD
3064311500399100092,8266.7509765625,8,SD
3064311500399100094,21519.8671875,8,SD
3064311500399100095,19397.91015625,8,SD
3064311500399100101,12031.0,8,SD
3064311500400100007,10523.4541015625,8,SD
3064311500400100008,9906.8193359375,8,SD
3064311500400100011,6255.93408203125,8,SD
3064311500400100012,11976.029296875,8,SD
3064311500400100015,3797.66455078125,8,SD
3064311500400100018,15399.8564453125,8,SD
3064311500400100020,5631.6259765625,8,SD
3064311500400100021,2621.19921875,8,SD
3064311500400100023,12364.5263671875,8,SD
3064311500400100025,11073.1201171875,8,SD
3064311500400100026,3361.18994140625,8,SD
3064311500400100027,1255.578857421875,8,SD
3064311500400100028,4820.80029296875,8,SD
3064311500400100029,5452.90625,8,SD
3064311500400100030,10537.1875,8,SD
3064311500400100031,4152.6513671875,8,SD
3064311500400100033,2238.287841796875,8,SD
3064311500400100034,2693.7001953125,8,SD
3064311500400100035,11928.7412109375,8,SD
3064311500400100036,8178.31494140625,8,SD
3064311500400100038,2303.331787109375,8,SD
3064311500400100039,6332.7392578125,8,SD
3064311500400100040,4839.53369140625,8,SD
3064311500400100041,7488.52783203125,8,SD
3064311500400100042,14824.1220703125,8,SD
3064311500400100043,13117.41015625,8,SD
3064311500400100046,8388.0361328125,8,SD
3064311500400100047,7018.4306640625,8,SD
3064311500400100048,9378.36328125,8,SD
3064311500400100050,10437.0810546875,8,SD
3064311500400100051,10811.5419921875,8,SD
3064311500400100055,6916.11865234375,8,SD
3064311500400100056,5693.6591796875,8,SD
3064311500400100057,5027.232421875,8,SD
3064311500400100059,11055.9326171875,8,SD
3064311500400100060,11930.63671875,8,SD
3064311500400100061,6542.90234375,8,SD
3064311500400100062,5164.33154296875,8,SD
3064311500400100064,9634.33984375,8,SD
3064311500400100065,2230.91162109375,8,SD
3064311500400100066,14192.0908203125,8,SD
3064311500400100067,3734.3798828125,8,SD
3064311500400100069,7258.60595703125,8,SD
3064311500400100070,29322.34765625,8,SD
3064311500400100071,6859.37060546875,8,SD
3064311500400100072,1991.5601806640625,8,SD
3064311500400100073,10821.7587890625,8,SD
3064311500400100074,5212.056640625,8,SD
3064311500400100075,5082.0087890625,8,SD
3064311500400100076,6007.2255859375,8,SD
3064311500400100077,5822.40673828125,8,SD
3064311500400100078,2591.169189453125,8,SD
3064311500400100080,3911.75146484375,8,SD
3064311500400100081,11802.6484375,8,SD
3064311500400100082,11835.986328125,8,SD
3064311500400100083,10031.4423828125,8,SD
3064311500400100084,1963.906494140625,8,SD
3064311500400100085,5674.9765625,8,SD
3064311500400100086,6594.86572265625,8,SD
3064311500400100087,6886.05908203125,8,SD
3064311500400100088,7733.11767578125,8,SD
3064311500400100089,6159.962890625,8,SD
3064311500400100091,6771.95849609375,8,SD
3064311500400100092,8454.1142578125,8,SD
3064311500400100093,4214.482421875,8,SD
3064311500400100094,18997.525390625,8,SD
3064311500400100095,8425.384765625,8,SD
3064311500400100096,3492.564697265625,8,SD
3064311500400100097,18868.685546875,8,SD
3064311500400100098,8466.431640625,8,SD
3064311500400100099,1627.4044189453125,8,SD
3064311500400100101,7213.4345703125,8,SD
3064311500400100103,14882.4541015625,8,SD
3064311500400100108,5315.62548828125,8,SD
3064311500400100113,2757.78564453125,8,SD
3064311500402100007,15113.7021484375,14,SD
3064311500402100011,9412.7734375,14,SD
3064311500402100014,8642.2275390625,14,SD
3064311500402100015,9987.099609375,14,SD
3064311500402100017,6516.4501953125,14,SD
3064311500402100018,15123.375,14,SD
3064311500402100019,7110.95166015625,14,SD
3064311500402100021,2637.292236328125,14,SD
3064311500402100022,7446.45263671875,14,SD
3064311500402100024,23201.0,14,SD
3064311500402100025,13188.29296875,14,SD
3064311500402100026,9530.5751953125,14,SD
3064311500402100027,6988.859375,14,SD
3064311500402100028,4622.38720703125,14,SD
3064311500402100029,30651.982421875,14,SD
3064311500402100030,10956.9560546875,14,SD
3064311500402100032,3768.34521484375,14,SD
3064311500402100034,3394.595947265625,14,SD
3064311500402100035,10612.4619140625,14,SD
3064311500402100036,6000.65185546875,14,SD
3064311500402100037,14692.90625,14,SD
3064311500402100038,14720.19140625,14,SD
3064311500402100039,1150.22412109375,14,SD
3064311500402100040,10225.9296875,14,SD
3064311500402100041,1085.0152587890625,14,SD
3064311500402100042,13590.3486328125,14,SD
3064311500402100043,7239.85009765625,14,SD
3064311500402100044,14848.70703125,14,SD
3064311500402100045,4576.048828125,14,SD
3064311500402100046,15210.4189453125,14,SD
3064311500402100048,10207.6162109375,14,SD
3064311500402100049,7681.99853515625,14,SD
3064311500402100051,20289.65625,14,SD
3064311500402100052,8369.7998046875,14,SD
3064311500402100054,3686.4130859375,14,SD
3064311500402100055,6920.32568359375,14,SD
3064311500402100056,20936.80859375,14,SD
3064311500402100057,18692.513671875,14,SD
3064311500402100058,6974.8232421875,14,SD
3064311500402100060,4719.87939453125,14,SD
3064311500402100061,15218.6689453125,14,SD
3064311500402100062,4814.12841796875,14,SD
3064311500402100063,13286.060546875,14,SD
3064311500402100066,21712.44921875,14,SD
3064311500402100067,11667.76171875,14,SD
3064311500402100068,4229.68408203125,14,SD
3064311500402100069,9286.8671875,14,SD
3064311500402100070,5038.71728515625,14,SD
3064311500402100071,12817.4462890625,14,SD
3064311500402100072,5522.0654296875,14,SD
3064311500402100073,1156.1156005859375,14,SD
3064311500402100075,3692.30712890625,14,SD
3064311500402100077,6112.4150390625,14,SD
3064311500402100078,4547.962890625,14,SD
3064311500402100079,9927.78515625,14,SD
3064311500402100080,6157.236328125,14,SD
3064311500402100081,4289.119140625,14,SD
3064311500402100082,14710.6474609375,14,SD
3064311500402100084,569.3557739257812,14,SD
3064311500402100085,8789.09375,14,SD
3064311500402100086,3705.45751953125,14,SD
3064311500402100087,11877.3466796875,14,SD
3064311500402100088,4280.375,14,SD
3064311500402100089,29556.4453125,14,SD
3064311500402100091,4185.01953125,14,SD
3064311500402100092,4963.501953125,14,SD
3064311500402100094,3776.09912109375,14,SD
3064311500402100095,8434.3056640625,14,SD
3064311500402100096,4509.94580078125,14,SD
3064311500402100098,6973.72900390625,14,SD
3064311500402100099,5438.27734375,14,SD
3064311500402100100,7062.9951171875,14,SD
3064311500402100102,4485.1005859375,14,SD
3064311500402100103,4397.8349609375,14,SD
3064311500402100105,1083.403564453125,14,SD
3064311500402100106,3927.6357421875,14,SD
3064311500402100107,14171.7275390625,14,SD
3064311500402100109,4095.10595703125,14,SD
3064311500402100113,3489.6982421875,14,SD
3064311500402100115,3657.045654296875,14,SD
3064311500402100118,3353.30029296875,14,SD
3064311500403100003,2122.15283203125,14,SD
3064311500403100007,2450.835693359375,14,SD
3064311500403100009,9727.587890625,14,SD
3064311500403100010,29581.5078125,14,SD
3064311500403100023,17005.208984375,14,SD
3064311500403100025,7525.51025390625,14,SD
3064311500403100027,7036.60107421875,14,SD
3064311500403100028,994.2883911132812,14,SD
3064311500403100031,10239.5849609375,14,SD
3064311500403100032,805.9524536132812,14,SD
3064311500403100033,2073.16943359375,14,SD
3064311500403100034,18595.591796875,14,SD
3064311500403100036,2651.450927734375,14,SD
3064311500403100038,759.0079956054688,14,SD
3064311500403100039,16397.935546875,14,SD
3064311500403100045,2491.861328125,14,SD
3064311500403100048,3435.024658203125,14,SD
3064311500403100049,123.54830932617188,14,SD
3064311500403100050,860.6911010742188,14,SD
3064311500403100052,15428.875,14,SD
3064311500403100055,7660.41943359375,14,SD
3064311500403100059,7884.27099609375,14,SD
3064311500403100060,6343.31494140625,14,SD
3064311500403100061,14744.970703125,14,SD
3064311500403100063,7736.30859375,14,SD
3064311500403100069,5151.90478515625,14,SD
3064311500403100071,22541.0546875,14,SD
3064311500403100072,750.4681396484375,14,SD
3064311500403100074,8193.8662109375,14,SD
3064311500403100075,3108.516845703125,14,SD
3064311500403100076,3587.61669921875,14,SD
3064311500403100077,11299.78125,14,SD
3064311500403100081,22208.86328125,14,SD
3064311500403100085,4599.6376953125,14,SD
3064311500403100086,9727.8388671875,14,SD
3064311500403100088,6231.26123046875,14,SD
3064311500403100092,672.7431030273438,14,SD
3064311500403100094,23032.220703125,14,SD
3064311500403100095,1283.7325439453125,14,SD
3064311500403100096,1281.76171875,14,SD
3064311500403100098,6892.7451171875,14,SD
3064311500403100100,24610.037109375,14,SD
3064311500403100102,10316.01953125,14,SD
3064311500403100104,12869.3955078125,14,SD
3064311500403100105,15511.1767578125,14,SD
3064311500403100106,10212.658203125,14,SD
3064311500403100107,296.62152099609375,14,SD
3064311500403100108,5122.49462890625,14,SD
3064311500403100109,2810.52490234375,14,SD
3064311500403100112,10998.3984375,14,SD
3064311500403100113,13873.6669921875,14,SD
3064311500403100115,7040.142578125,14,SD
3064311500403100117,5326.69482421875,14,SD
3064311500403100119,10898.5224609375,14,SD
3064311500403100120,858.8097534179688,14,SD
3064311500403100122,8940.5947265625,14,SD
3064311500403100125,692.4302368164062,14,SD
3064311500403100126,13504.68359375,14,SD
3064311500403100127,12675.8974609375,14,SD
3064311500403100129,5724.59765625,14,SD
3064311500403100131,32218.5078125,14,SD
3064311500403100132,1536.117919921875,14,SD
3064311500403100133,5644.974609375,14,SD
3064311500403100135,12146.6845703125,14,SD
3064311500403100136,13336.4931640625,14,SD
3064311500403100137,6982.904296875,14,SD
3064311500403100139,2578.427490234375,14,SD
3064311500403100140,10624.2626953125,14,SD
3064311500403100141,13002.5009765625,14,SD
3064311500403100145,6996.01318359375,14,SD
3064311500403100147,6679.56787109375,14,SD
3064311500403100148,4396.25830078125,14,SD
3064311500403100149,3995.774169921875,14,SD
3064311500403100151,11589.0283203125,14,SD
3064311500403100153,1703.0386962890625,14,SD
3064311500403100154,13931.2939453125,14,SD
3064311500403100156,3319.4609375,14,SD
3064311500403100157,11688.0546875,14,SD
3064311500403100158,7486.8037109375,14,SD
3064311500403100159,8157.7373046875,14,SD
3064311500403100160,6335.08447265625,14,SD
3064311500403100161,8613.640625,14,SD
3064311500403100162,6923.23876953125,14,SD
3064311500403100163,4984.18359375,14,SD
3064311500403100170,7535.953125,14,SD
3064311500403100171,4705.46142578125,14,SD
3064311500403100174,5696.89892578125,14,SD
3064311500403100175,7355.00634765625,14,SD
3064311500403100176,10759.6318359375,14,SD
3064311500403100177,5639.4208984375,14,SD
3064311500403100180,9041.8193359375,14,SD
3064311500403100183,6185.888671875,14,SD
3064311500403100185,1911.014892578125,14,SD
3064311500403100186,6855.7392578125,14,SD
3064311500403100188,6476.775390625,14,SD
3064311500403100200,615.4404296875,14,SD
3064311500404100010,6038.50732421875,14,SD
3064311500404100011,7387.54248046875,14,SD
3064311500404100012,391.55108642578125,14,SD
3064311500404100015,10046.0107421875,14,SD
3064311500404100016,17705.552734375,14,SD
3064311500404100017,13852.568359375,14,SD
3064311500404100020,10810.0029296875,14,SD
3064311500404100021,11105.263671875,14,SD
3064311500404100022,17626.259765625,14,SD
3064311500404100024,9523.6064453125,14,SD
3064311500404100025,4983.48828125,14,SD
3064311500404100026,1840.486328125,14,SD
3064311500404100027,8384.248046875,14,SD
3064311500404100029,8946.998046875,14,SD
3064311500404100030,10720.525390625,14,SD
3064311500404100031,6715.9443359375,14,SD
3064311500404100032,2510.220458984375,14,SD
3064311500404100033,10631.03125,14,SD
3064311500404100035,10559.4951171875,14,SD
3064311500404100037,6173.482421875,14,SD
3064311500404100038,3303.6259765625,14,SD
3064311500404100039,4280.67041015625,14,SD
3064311500404100040,7389.29248046875,14,SD
3064311500404100042,4755.8828125,14,SD
3064311500404100046,15415.7099609375,14,SD
3064311500404100048,5786.9677734375,14,SD
3064311500404100049,5043.03662109375,14,SD
3064311500404100051,5115.10986328125,14,SD
3064311500404100052,15308.0673828125,14,SD
3064311500404100054,8621.8310546875,14,SD
3064311500404100055,8711.9541015625,14,SD
3064311500404100056,6484.4130859375,14,SD
3064311500404100057,8540.2802734375,14,SD
3064311500404100058,12874.3603515625,14,SD
3064311500404100059,8281.1875,14,SD
3064311500404100060,16115.8896484375,14,SD
3064311500404100061,3466.381591796875,14,SD
3064311500404100062,10947.2861328125,14,SD
3064311500404100064,4441.77001953125,14,SD
3064311500404100065,2032.997314453125,14,SD
3064311500404100066,1056.2783203125,14,SD
3064311500404100067,6179.55029296875,14,SD
3064311500404100069,17114.326171875,14,SD
3064311500404100070,4702.7236328125,14,SD
3064311500404100071,7468.8955078125,14,SD
3064311500404100072,11680.4521484375,14,SD
3064311500404100073,9774.2138671875,14,SD
3064311500404100074,9036.1025390625,14,SD
3064311500404100075,11802.927734375,14,SD
3064311500404100076,2995.427001953125,14,SD
3064311500404100077,4433.54638671875,14,SD
3064311500404100078,11277.4951171875,14,SD
3064311500404100079,11642.3310546875,14,SD
3064311500404100080,8301.287109375,14,SD
3064311500404100081,5553.78125,14,SD
3064311500404100082,12142.4560546875,14,SD
3064311500404100083,2799.75634765625,14,SD
3064311500404100084,9163.4638671875,14,SD
3064311500404100085,2692.1630859375,14,SD
3064311500404100087,2684.434326171875,14,SD
3064311500404100088,3111.45166015625,14,SD
3064311500404100089,2719.5849609375,14,SD
3064311500404100090,9625.490234375,14,SD
3064311500404100091,3892.72119140625,14,SD
3064311500404100092,6183.51513671875,14,SD
3064311500404100093,8083.48779296875,14,SD
3064311500404100094,9012.5439453125,14,SD
3064311500404100095,2322.6513671875,14,SD
3064311500404100096,1225.9847412109375,14,SD
3064311500404100099,4336.66650390625,14,SD
3064311500404100100,15465.529296875,14,SD
3064311500404100104,5959.0869140625,14,SD
3064311500404100106,298.0361633300781,14,SD
3064311500404100107,3095.91064453125,14,SD
3064311500404100108,5395.37646484375,14,SD
3064311500404100109,1909.4547119140625,14,SD
3064311500404100110,2265.971923828125,14,SD
3064311500404100111,8203.484375,14,SD
3064311500404100112,4987.9755859375,14,SD
3064311500404100113,2709.4541015625,14,SD
3064311500404100114,4553.044921875,14,SD
3064311500404100115,7837.794921875,14,SD
3064311500404100116,9442.3720703125,14,SD
3064311500404100117,3562.535400390625,14,SD
3064311500404100121,3404.284423828125,14,SD
3064311500404100122,6148.48974609375,14,SD
3064311500404100123,10162.734375,14,SD
3064311500404100124,4286.93505859375,14,SD
3064311500404100125,3861.968505859375,14,SD
3064311500404100126,3679.647705078125,14,SD
3064311500404100127,7769.66162109375,14,SD
3064311500404100128,6409.0625,14,SD
3064311500404100129,5214.12158203125,14,SD
3064311500404100130,14549.9619140625,14,SD
3064311500404100131,3599.38720703125,14,SD
3064311500404100135,10698.87109375,14,SD
3064311500404100136,1820.3812255859375,14,SD
3064311500404100137,11867.50390625,14,SD
3064311500404100138,5190.814453125,14,SD
3064311500404100144,1845.3294677734375,14,SD
3064311500404100145,5924.8642578125,14,SD
3064311500404100146,5969.96435546875,14,SD
3064311500404100147,7956.49951171875,14,SD
3064311500406100010,6488.9091796875,29,SD
3064311500406100013,7219.435546875,29,SD
3064311500406100014,5555.22705078125,29,SD
3064311500406100018,10649.578125,29,SD
3064311500406100020,6650.13916015625,29,SD
3064311500406100021,7527.3134765625,29,SD
3064311500406100022,7990.65234375,29,SD
3064311500406100024,9926.7548828125,29,SD
3064311500406100025,10236.23046875,29,SD
3064311500406100027,3256.874267578125,29,SD
3064311500406100028,6589.22265625,29,SD
3064311500406100029,8217.619140625,29,SD
3064311500406100030,3973.9931640625,29,SD
3064311500406100031,3036.5458984375,29,SD
3064311500406100032,10993.796875,29,SD
3064311500406100033,18046.513671875,29,SD
3064311500406100034,5126.4501953125,29,SD
3064311500406100035,4879.71875,29,SD
3064311500406100037,8253.6591796875,29,SD
3064311500406100038,7480.29150390625,29,SD
3064311500406100040,2752.47607421875,29,SD
3064311500406100041,5786.21923828125,29,SD
3064311500406100042,5175.07080078125,29,SD
3064311500406100043,7294.869140625,29,SD
3064311500406100044,8966.705078125,29,SD
3064311500406100045,9064.8076171875,29,SD
3064311500406100047,4369.015625,29,SD
3064311500406100048,6511.21435546875,29,SD
3064311500406100049,6681.50927734375,29,SD
3064311500406100050,8438.015625,29,SD
3064311500406100051,8809.6845703125,29,SD
3064311500406100053,2439.332275390625,29,SD
3064311500406100054,15240.326171875,29,SD
3064311500406100055,4896.27001953125,29,SD
3064311500406100056,5559.9501953125,29,SD
3064311500406100057,8702.7783203125,29,SD
3064311500406100058,8380.69140625,29,SD
3064311500406100059,3102.29443359375,29,SD
3064311500406100061,7869.419921875,29,SD
3064311500406100063,5782.41748046875,29,SD
3064311500406100064,6084.4150390625,29,SD
3064311500406100065,3848.371826171875,29,SD
3064311500406100066,7652.125,29,SD
3064311500406100067,9667.8623046875,29,SD
3064311500406100068,6226.40673828125,29,SD
3064311500406100070,2630.384033203125,29,SD
3064311500406100071,4208.93212890625,29,SD
3064311500406100072,3814.69384765625,29,SD
3064311500406100073,1622.392822265625,29,SD
3064311500406100074,5823.75146484375,29,SD
3064311500406100075,5184.46142578125,29,SD
3064311500406100079,2402.818359375,29,SD
3064311500406100080,2413.862548828125,29,SD
3064311500406100081,2353.17236328125,29,SD
3064311500406100082,4139.4296875,29,SD
3064311500406100083,5181.787109375,29,SD
3064311500406100084,2802.01513671875,29,SD
3064311500406100086,6043.3603515625,29,SD
3064311500406100087,3807.1298828125,29,SD
3064311500406100088,4348.49365234375,29,SD
3064311500406100089,4843.330078125,29,SD
3064311500406100090,1756.3358154296875,29,SD
3064311500406100091,1343.3067626953125,29,SD
3064311500406100092,2258.14013671875,29,SD
3064311500406100094,5482.75537109375,29,SD
3064311500406100095,4242.78173828125,29,SD
3064311500406100099,5554.82470703125,29,SD
3064311500406100100,3627.0703125,29,SD
3064311500406100101,1544.7174072265625,29,SD
3064311500406100102,4664.6552734375,29,SD
3064311500406100103,1246.851318359375,29,SD
3064311500406100105,3516.76904296875,29,SD
3064311500406100106,2546.692138671875,29,SD
3064311500406100107,4258.46630859375,29,SD
3064311500406100108,3037.181396484375,29,SD
3064311500406100109,4050.7978515625,29,SD
3064311500406100110,4337.63525390625,29,SD
3064311500406100112,7408.90234375,29,SD
3064311500406100113,3211.57275390625,29,SD
3064311500406100115,4200.0458984375,29,SD
3064311500406100116,9584.685546875,29,SD
3064311500406100117,173.4876708984375,29,SD
3064311500406100118,2358.26611328125,29,SD
3064311500406100120,2550.415283203125,29,SD
3064311500406100121,4768.810546875,29,SD
3064311500406100122,1891.6220703125,29,SD
3064311500406100123,9726.7783203125,29,SD
3064311500406100124,4517.92578125,29,SD
3064311500406100125,4655.7236328125,29,SD
3064311500406100127,4502.64599609375,29,SD
3064311500406100129,1990.3741455078125,29,SD
3064311500406100132,2518.19970703125,29,SD
3064311500406100133,5744.1748046875,29,SD
3064311500406100135,5487.17529296875,29,SD
3064311500406100136,3026.8408203125,29,SD
3064311500406100140,568.5401000976562,29,SD
3064311500406100144,3379.361328125,29,SD
3064311500406100145,6755.974609375,29,SD
3064311500406100148,4692.8759765625,29,SD
3064311500407100007,1744.0828857421875,29,SD
3064311500407100008,2502.91015625,29,SD
3064311500407100009,11876.7802734375,29,SD
3064311500407100020,20648.83203125,29,SD
3064311500407100023,3249.55029296875,29,SD
3064311500407100025,7628.326171875,29,SD
3064311500407100031,3363.080322265625,29,SD
3064311500407100034,12463.115234375,29,SD
3064311500407100038,6775.181640625,29,SD
3064311500407100041,23107.62109375,29,SD
3064311500407100042,13290.03515625,29,SD
3064311500407100043,673.813232421875,29,SD
3064311500407100044,9064.37890625,29,SD
3064311500407100047,1542.2200927734375,29,SD
3064311500407100050,8790.0908203125,29,SD
3064311500407100052,2754.563232421875,29,SD
3064311500407100053,16502.140625,29,SD
3064311500407100056,21437.494140625,29,SD
3064311500407100057,3652.74658203125,29,SD
3064311500407100058,6256.50830078125,29,SD
3064311500407100060,7191.810546875,29,SD
3064311500407100061,12906.6875,29,SD
3064311500407100062,9189.2412109375,29,SD
3064311500407100063,2043.39404296875,29,SD
3064311500407100067,13074.5419921875,29,SD
3064311500407100069,6286.32763671875,29,SD
3064311500407100070,3952.95166015625,29,SD
3064311500407100072,8753.7294921875,29,SD
3064311500407100073,7238.83984375,29,SD
3064311500407100074,12415.62890625,29,SD
3064311500407100075,4129.90234375,29,SD
3064311500407100077,4584.10009765625,29,SD
3064311500407100078,7733.6943359375,29,SD
3064311500407100079,23171.201171875,29,SD
3064311500407100080,10947.8359375,29,SD
3064311500407100081,6416.61572265625,29,SD
3064311500407100082,6625.55029296875,29,SD
3064311500407100084,2722.59912109375,29,SD
3064311500407100086,10717.8759765625,29,SD
3064311500407100087,4460.47998046875,29,SD
3064311500407100088,5760.09521484375,29,SD
3064311500407100090,7774.96826171875,29,SD
3064311500407100091,13690.8642578125,29,SD
3064311500407100092,12654.140625,29,SD
3064311500407100093,1802.6368408203125,29,SD
3064311500407100094,23107.92578125,29,SD
3064311500407100095,14283.0771484375,29,SD
3064311500407100097,1249.448974609375,29,SD
3064311500407100098,1573.6297607421875,29,SD
3064311500407100102,19583.900390625,29,SD
3064311500407100106,5471.8515625,29,SD
3064311500407100107,6763.896484375,29,SD
3064311500407100112,4282.56494140625,29,SD
3064311500407100113,14511.9580078125,29,SD
3064311500407100114,12266.623046875,29,SD
3064311500407100116,11832.8984375,29,SD
3064311500407100120,9813.9228515625,29,SD
3064311500407100122,5853.611328125,29,SD
3064311500407100123,4174.02685546875,29,SD
3064311500407100124,13806.548828125,29,SD
3064311500407100126,7000.126953125,29,SD
3064311500407100127,7939.6279296875,29,SD
3064311500407100128,13272.5283203125,29,SD
3064311500407100131,13752.6962890625,29,SD
3064311500407100132,4461.7939453125,29,SD
3064311500407100133,10990.109375,29,SD
3064311500407100134,4518.05810546875,29,SD
3064311500407100135,2658.08642578125,29,SD
3064311500407100137,17742.880859375,29,SD
3064311500407100138,10567.8095703125,29,SD
3064311500407100139,6833.6025390625,29,SD
3064311500407100140,11836.5380859375,29,SD
3064311500407100142,3229.018310546875,29,SD
3064311500407100143,3565.025146484375,29,SD
3064311500407100145,7609.71533203125,29,SD
3064311500407100146,13193.1962890625,29,SD
3064311500407100147,8017.5048828125,29,SD
3064311500407100150,8256.361328125,29,SD
3064311500407100152,11486.5947265625,29,SD
3064311500407100153,7940.39990234375,29,SD
3064311500407100154,11035.3154296875,29,SD
3064311500407100156,4719.5869140625,29,SD
3064311500407100157,10878.388671875,29,SD
3064311500407100158,7369.66845703125,29,SD
3064311500407100159,9175.666015625,29,SD
3064311500407100160,9083.9404296875,29,SD
3064311500407100162,8625.2451171875,29,SD
3064311500407100163,8660.48046875,29,SD
3064311500407100164,19559.0234375,29,SD
3064311500407100166,3970.6259765625,29,SD
3064311500407100170,6021.34326171875,29,SD
3064311500407100172,10979.2333984375,29,SD
3064311500407100173,2931.243896484375,29,SD
3064311500407100174,5249.76904296875,29,SD
3064311500407100175,3727.811279296875,29,SD
3064311500407100177,4100.91015625,29,SD
3064311500407100178,8267.275390625,29,SD
3064311500407100180,7045.74072265625,29,SD
3064311500407100181,7033.7138671875,29,SD
3064311500407100182,1658.7069091796875,29,SD
3064311500407100183,9721.7001953125,29,SD
3064311500407100185,5736.93212890625,29,SD
3064311500407100186,3100.489501953125,29,SD
3064311500407100188,4632.75537109375,29,SD
3064311500407100189,3013.178466796875,29,SD
3064311500407100191,3551.384765625,29,SD
3064311500407100194,3296.195068359375,29,SD
3064311500407100195,6010.4091796875,29,SD
3064311500407100196,3084.875732421875,29,SD
3064311500407100197,7642.54052734375,29,SD
3064311500407100199,2025.570068359375,29,SD
3064311500407100200,3527.623291015625,29,SD
3064311500407100201,4736.83203125,29,SD
3064311500407100202,2690.114990234375,29,SD
3064311500407100203,2041.594482421875,29,SD
3064311500407100205,5650.02294921875,29,SD
3064311500407100207,3445.824462890625,29,SD
3064311500407100210,3242.921142578125,29,SD
3064311500407100221,3891.478515625,29,SD
3064311500407100223,1348.0555419921875,29,SD
3064311500407100224,5673.904296875,29,SD
3064311500407100225,6357.93115234375,29,SD
3064311500407100228,2289.276123046875,29,SD
3064311500407100229,6594.41162109375,29,SD
3064311500407100237,3253.5888671875,29,SD
3064311500408100011,4577.88720703125,29,SD
3064311500408100014,6526.88818359375,29,SD
3064311500408100017,1940.4591064453125,29,SD
3064311500408100018,10521.716796875,29,SD
3064311500408100020,12081.306640625,29,SD
3064311500408100021,4752.7529296875,29,SD
3064311500408100022,5166.6669921875,29,SD
3064311500408100023,2780.434326171875,29,SD
3064311500408100025,3686.306884765625,29,SD
3064311500408100030,9117.9384765625,29,SD
3064311500408100031,3456.154052734375,29,SD
3064311500408100032,9180.3427734375,29,SD
3064311500408100033,4968.611328125,29,SD
3064311500408100034,3934.125732421875,29,SD
3064311500408100035,3443.468505859375,29,SD
3064311500408100036,2383.64111328125,29,SD
3064311500408100037,9081.7333984375,29,SD
3064311500408100038,4083.087890625,29,SD
3064311500408100039,5678.7568359375,29,SD
3064311500408100040,4457.34228515625,29,SD
3064311500408100042,13998.3740234375,29,SD
3064311500408100043,7062.3623046875,29,SD
3064311500408100044,8032.0361328125,29,SD
3064311500408100049,8047.84814453125,29,SD
3064311500408100051,8058.94677734375,29,SD
3064311500408100052,1501.3592529296875,29,SD
3064311500408100053,5086.80224609375,29,SD
3064311500408100054,2361.991943359375,29,SD
3064311500408100055,5666.66357421875,29,SD
3064311500408100056,1871.777099609375,29,SD
3064311500408100057,826.74169921875,29,SD
3064311500408100058,11716.029296875,29,SD
3064311500408100060,1674.495361328125,29,SD
3064311500408100061,15104.7275390625,29,SD
3064311500408100062,5500.83837890625,29,SD
3064311500408100063,5162.64306640625,29,SD
3064311500408100064,7196.90234375,29,SD
3064311500408100065,8035.3837890625,29,SD
3064311500408100066,4605.6240234375,29,SD
3064311500408100067,8149.35595703125,29,SD
3064311500408100069,11279.33203125,29,SD
3064311500408100070,2920.31201171875,29,SD
3064311500408100071,7286.5517578125,29,SD
3064311500408100072,3285.86474609375,29,SD
3064311500408100074,3870.034423828125,29,SD
3064311500408100075,4768.986328125,29,SD
3064311500408100076,8277.0654296875,29,SD
3064311500408100077,5278.75439453125,29,SD
3064311500408100078,16382.6328125,29,SD
3064311500408100079,1352.94775390625,29,SD
3064311500408100080,3222.20166015625,29,SD
3064311500408100082,6992.525390625,29,SD
3064311500408100084,4420.18310546875,29,SD
3064311500408100085,4993.20458984375,29,SD
3064311500408100086,5144.046875,29,SD
3064311500408100087,7458.22900390625,29,SD
3064311500408100088,16079.513671875,29,SD
3064311500408100089,500.0404357910156,29,SD
3064311500408100090,7728.83642578125,29,SD
3064311500408100091,2073.3271484375,29,SD
3064311500408100092,2469.707275390625,29,SD
3064311500408100093,14265.888671875,29,SD
3064311500408100094,4214.5703125,29,SD
3064311500408100095,3562.85595703125,29,SD
3064311500408100096,4775.443359375,29,SD
3064311500408100097,1853.25830078125,29,SD
3064311500408100098,5009.248046875,29,SD
3064311500408100099,14503.712890625,29,SD
3064311500408100100,875.7283935546875,29,SD
3064311500408100101,1524.526611328125,29,SD
3064311500408100102,8263.2568359375,29,SD
3064311500408100103,5042.103515625,29,SD
3064311500408100104,1419.581298828125,29,SD
3064311500408100105,3227.861572265625,29,SD
3064311500408100106,6744.9892578125,29,SD
3064311500408100107,8041.3154296875,29,SD
3064311500408100108,2751.633056640625,29,SD
3064311500408100109,1586.9150390625,29,SD
3064311500408100110,2134.1728515625,29,SD
3064311500408100111,3805.953125,29,SD
3064311500408100112,7080.744140625,29,SD
3064311500408100113,2401.287109375,29,SD
3064311500408100114,7552.68310546875,29,SD
3064311500408100115,6478.42333984375,29,SD
3064311500408100117,5266.7861328125,29,SD
3064311500408100118,2847.092041015625,29,SD
3064311500408100119,9615.037109375,29,SD
3064311500408100120,3628.845947265625,29,SD
3064311500408100121,4693.06103515625,29,SD
3064311500408100122,3231.6875,29,SD
3064311500408100123,6945.76318359375,29,SD
3064311500408100124,8243.7109375,29,SD
3064311500408100126,2647.540283203125,29,SD
3064311500408100128,3558.348876953125,29,SD
3064311500408100129,3861.200927734375,29,SD
3064311500408100130,5690.57568359375,29,SD
3064311500408100131,5548.70654296875,29,SD
3064311500408100132,3817.962646484375,29,SD
3064311500408100133,8101.3486328125,29,SD
3064311500408100134,7563.37841796875,29,SD
3064311500408100135,10517.0400390625,29,SD
3064311500408100136,3675.69775390625,29,SD
3064311500408100138,5488.134765625,29,SD
3064311500408100139,8399.8857421875,29,SD
3064311500408100140,3933.989990234375,29,SD
3064311500408100141,5560.05517578125,29,SD
3064311500408100142,5420.93798828125,29,SD
3064311500408100143,4197.3544921875,29,SD
3064311500408100144,4849.28759765625,29,SD
3064311500408100145,4816.23583984375,29,SD
3064311500408100146,5151.5625,29,SD
3064311500408100147,748.6148071289062,29,SD
3064311500408100148,4288.08642578125,29,SD
3064311500408100150,4803.1201171875,29,SD
3064311500408100151,3820.439453125,29,SD
3064311500408100152,3590.568115234375,29,SD
3064311500408100153,3132.09521484375,29,SD
3064311500408100155,4634.4658203125,29,SD
3064311500408100156,4341.81884765625,29,SD
3064311500408100157,4384.271484375,29,SD
3064311500408100159,9133.603515625,29,SD
3064311500408100161,9599.6005859375,29,SD
3064311500408100164,4597.19873046875,29,SD
3064311500408100167,8038.60546875,29,SD
3064311500408100169,4954.84521484375,29,SD
3064311500408100170,1484.341552734375,29,SD
3064311500408100172,3562.068359375,29,SD
3064311500408100174,2351.921630859375,29,SD
3064311500410100011,4750.34912109375,32,SD
3064311500410100012,5587.9619140625,32,SD
3064311500410100015,5950.51513671875,32,SD
3064311500410100017,2015.4281005859375,32,SD
3064311500410100020,3001.64892578125,32,SD
3064311500410100021,4150.5107421875,32,SD
3064311500410100022,2955.930908203125,32,SD
3064311500410100023,4906.80859375,32,SD
3064311500410100024,9149.5361328125,32,SD
3064311500410100025,2864.123291015625,32,SD
3064311500410100028,7651.341796875,32,SD
3064311500410100029,1062.584228515625,32,SD
3064311500410100030,972.8031616210938,32,SD
3064311500410100031,4406.615234375,32,SD
3064311500410100033,1635.444091796875,32,SD
3064311500410100035,2796.71142578125,32,SD
3064311500410100036,5031.404296875,32,SD
3064311500410100037,3463.69775390625,32,SD
3064311500410100039,4480.02001953125,32,SD
3064311500410100040,4682.2177734375,32,SD
3064311500410100041,3687.048828125,32,SD
3064311500410100042,6921.640625,32,SD
3064311500410100044,3175.342041015625,32,SD
3064311500410100045,4303.13818359375,32,SD
3064311500410100046,3936.871826171875,32,SD
3064311500410100047,2731.17333984375,32,SD
3064311500410100048,11391.3466796875,32,SD
3064311500410100049,6019.4580078125,32,SD
3064311500410100050,2695.57373046875,32,SD
3064311500410100051,5543.939453125,32,SD
3064311500410100054,2681.3125,32,SD
3064311500410100055,3466.71826171875,32,SD
3064311500410100056,8016.724609375,32,SD
3064311500410100058,4663.67236328125,32,SD
3064311500410100059,2689.76416015625,32,SD
3064311500410100060,5303.7255859375,32,SD
3064311500410100061,2290.615478515625,32,SD
3064311500410100062,4320.31396484375,32,SD
3064311500410100065,4338.78271484375,32,SD
3064311500410100067,12276.880859375,32,SD
3064311500410100068,8671.3515625,32,SD
3064311500410100070,9212.158203125,32,SD
3064311500410100074,2324.92138671875,32,SD
3064311500410100076,4647.353515625,32,SD
3064311500410100078,5908.255859375,32,SD
3064311500410100080,7487.74072265625,32,SD
3064311500410100081,4553.5966796875,32,SD
3064311500410100082,6969.74072265625,32,SD
3064311500410100083,5684.55126953125,32,SD
3064311500410100084,4131.337890625,32,SD
3064311500410100086,14453.111328125,32,SD
3064311500411100006,5580.23974609375,32,SD
3064311500411100008,4568.220703125,32,SD
3064311500411100009,12171.1298828125,32,SD
3064311500411100010,4252.3095703125,32,SD
3064311500411100011,7274.90673828125,32,SD
3064311500411100012,2758.478759765625,32,SD
3064311500411100013,3590.969482421875,32,SD
3064311500411100016,2533.5048828125,32,SD
3064311500411100017,21750.25390625,32,SD
3064311500411100022,6091.38330078125,32,SD
3064311500411100023,6742.8125,32,SD
3064311500411100024,4612.4775390625,32,SD
3064311500411100027,5586.57373046875,32,SD
3064311500411100030,6309.03955078125,32,SD
3064311500411100034,3976.4169921875,32,SD
3064311500411100036,8146.58447265625,32,SD
3064311500411100037,5927.55224609375,32,SD
3064311500411100038,10905.4501953125,32,SD
3064311500411100039,1437.651123046875,32,SD
3064311500411100042,4486.78076171875,32,SD
3064311500411100043,10395.392578125,32,SD
3064311500411100046,5990.0498046875,32,SD
3064311500411100055,4393.3056640625,32,SD
3064311500411100057,5437.7890625,32,SD
3064311500411100060,4244.375,32,SD
3064311500411100061,21556.701171875,32,SD
3064311500411100062,10139.1787109375,32,SD
3064311500411100063,7829.14599609375,32,SD
3064311500411100064,5592.619140625,32,SD
3064311500411100065,4667.77783203125,32,SD
3064311500411100066,3140.4765625,32,SD
3064311500411100067,3133.4501953125,32,SD
3064311500411100070,1916.270263671875,32,SD
3064311500411100071,5600.30419921875,32,SD
3064311500411100073,7414.79443359375,32,SD
3064311500411100074,4815.09716796875,32,SD
3064311500411100075,4056.61376953125,32,SD
3064311500411100078,6376.4833984375,32,SD
3064311500411100079,5272.66064453125,32,SD
3064311500411100080,4992.39892578125,32,SD
3064311500411100083,6803.57080078125,32,SD
3064311500411100084,9623.095703125,32,SD
3064311500411100085,15314.107421875,32,SD
3064311500411100086,10930.6435546875,32,SD
3064311500411100087,175.1221466064453,32,SD
3064311500411100088,12175.34375,32,SD
3064311500411100090,5704.4423828125,32,SD
3064311500411100091,6314.54736328125,32,SD
3064311500411100092,5851.173828125,32,SD
3064311500411100093,14839.353515625,32,SD
3064311500411100095,846.479248046875,32,SD
3064311500411100096,6418.92138671875,32,SD
3064311500411100097,14461.4560546875,32,SD
3064311500411100098,4757.20947265625,32,SD
3064311500411100099,10366.2861328125,32,SD
3064311500411100100,10638.7333984375,32,SD
3064311500411100102,9812.1279296875,32,SD
3064311500411100103,5871.4453125,32,SD
3064311500411100105,7467.2900390625,32,SD
3064311500411100108,12463.517578125,32,SD
3064311500411100110,5490.3896484375,32,SD
3064311500411100111,3482.148193359375,32,SD
3064311500411100112,12141.666015625,32,SD
3064311500411100113,17337.861328125,32,SD
3064311500411100114,7241.998046875,32,SD
3064311500411100117,10113.9443359375,32,SD
3064311500411100119,8240.4560546875,32,SD
3064311500411100120,8993.1669921875,32,SD
3064311500411100121,6940.0390625,32,SD
3064311500411100122,4039.429931640625,32,SD
3064311500411100123,3078.753662109375,32,SD
3064311500411100125,9645.837890625,32,SD
3064311500411100126,5348.34716796875,32,SD
3064311500411100129,9983.0771484375,32,SD
3064311500411100131,8152.81201171875,32,SD
3064311500411100132,7527.15087890625,32,SD
3064311500411100133,6086.53271484375,32,SD
3064311500411100135,4701.29736328125,32,SD
3064311500411100136,14825.19921875,32,SD
3064311500411100138,2070.858154296875,32,SD
3064311500411100139,3931.431640625,32,SD
3064311500411100140,2061.990478515625,32,SD
3064311500411100141,4432.466796875,32,SD
3064311500411100142,6841.64599609375,32,SD
3064311500411100143,5455.38525390625,32,SD
3064311500411100144,19442.732421875,32,SD
3064311500411100145,8432.7041015625,32,SD
3064311500411100147,4284.734375,32,SD
3064311500411100148,3127.235595703125,32,SD
3064311500411100149,4053.298828125,32,SD
3064311500411100151,6143.365234375,32,SD
3064311500411100153,6090.4716796875,32,SD
3064311500411100154,1458.27001953125,32,SD
3064311500411100155,11736.3232421875,32,SD
3064311500411100156,3317.378662109375,32,SD
3064311500411100157,5341.47705078125,32,SD
3064311500411100158,2407.5546875,32,SD
3064311500411100159,11904.5693359375,32,SD
3064311500411100160,1594.4564208984375,32,SD
3064311500411100162,7549.1748046875,32,SD
3064311500411100164,5967.08984375,32,SD
3064311500411100165,2505.673583984375,32,SD
3064311500411100166,3314.888671875,32,SD
3064311500411100169,1533.706787109375,32,SD
3064311500411100170,3370.030517578125,32,SD
3064311500411100171,2421.83544921875,32,SD
3064311500411100173,6865.86669921875,32,SD
3064311500411100177,11401.2919921875,32,SD
3064311500411100179,6399.88232421875,32,SD
3064311500411100180,5455.73193359375,32,SD
3064311500411100181,6779.99609375,32,SD
3064311500411100183,3259.059814453125,32,SD
3064311500411100184,8907.4306640625,32,SD
3064311500411100186,8201.7861328125,32,SD
3064311500411100187,11396.1884765625,32,SD
3064311500411100188,4312.9169921875,32,SD
3064311500411100189,5999.1796875,32,SD
3064311500411100191,4712.77734375,32,SD
3064311500411100193,6736.11376953125,32,SD
3064311500411100195,5970.8681640625,32,SD
3064311500411100196,1614.35693359375,32,SD
3064311500411100197,192.6846923828125,32,SD
3064311500411100198,3624.513671875,32,SD
3064311500411100199,1583.9827880859375,32,SD
3064311500411100201,5749.00048828125,32,SD
3064311500411100204,4347.47119140625,32,SD
3064311500411100206,10933.603515625,32,SD
3064311500411100207,11257.2470703125,32,SD
3064311500411100214,2683.1708984375,32,SD
3064311500412100009,2501.142333984375,32,SD
3064311500412100010,1750.6556396484375,32,SD
3064311500412100013,1997.3262939453125,32,SD
3064311500412100015,4220.35107421875,32,SD
3064311500412100021,4971.52490234375,32,SD
3064311500412100023,2851.90673828125,32,SD
3064311500412100026,1662.4937744140625,32,SD
3064311500412100028,3741.304443359375,32,SD
3064311500412100030,2087.862060546875,32,SD
3064311500412100035,7706.9833984375,32,SD
3064311500412100037,5267.57763671875,32,SD
3064311500412100039,3925.662353515625,32,SD
3064311500412100042,3081.6396484375,32,SD
3064311500412100044,3471.828369140625,32,SD
3064311500412100045,4843.6748046875,32,SD
3064311500412100046,4909.58642578125,32,SD
3064311500412100047,4649.76806640625,32,SD
3064311500412100048,4329.4453125,32,SD
3064311500412100049,2563.57373046875,32,SD
3064311500412100050,3218.1337890625,32,SD
3064311500412100051,3996.3720703125,32,SD
3064311500412100052,1961.220947265625,32,SD
3064311500412100053,4849.9384765625,32,SD
3064311500412100054,3067.992431640625,32,SD
3064311500412100055,4012.546630859375,32,SD
3064311500412100056,2138.000732421875,32,SD
3064311500412100057,2976.95263671875,32,SD
3064311500412100059,3285.508544921875,32,SD
3064311500412100061,4000.064453125,32,SD
3064311500412100063,3606.597412109375,32,SD
3064311500412100064,4186.61962890625,32,SD
3064311500412100065,2379.3359375,32,SD
3064311500412100066,2813.50537109375,32,SD
3064311500412100067,2391.6767578125,32,SD
3064311500412100068,4170.595703125,32,SD
3064311500412100069,3774.748779296875,32,SD
3064311500412100070,3624.080810546875,32,SD
3064311500412100071,3873.797119140625,32,SD
3064311500412100072,3896.407958984375,32,SD
3064311500412100073,3237.1435546875,32,SD
3064311500412100074,3409.488525390625,32,SD
3064311500412100075,2275.31787109375,32,SD
3064311500412100076,5011.36962890625,32,SD
3064311500412100077,746.9382934570312,32,SD
3064311500412100078,5593.9716796875,32,SD
3064311500412100080,430.7023010253906,32,SD
3064311500412100081,6951.27197265625,32,SD
3064311500412100082,4556.7958984375,32,SD
3064311500412100083,600.2926635742188,32,SD
3064311500412100084,2809.81982421875,32,SD
3064311500412100085,4201.46630859375,32,SD
3064311500412100086,3458.19287109375,32,SD
3064311500412100087,2833.5126953125,32,SD
3064311500412100088,5604.083984375,32,SD
3064311500412100089,2717.091796875,32,SD
3064311500412100090,2503.38623046875,32,SD
3064311500412100091,2793.107177734375,32,SD
3064311500412100092,3473.97900390625,32,SD
3064311500412100094,1580.2781982421875,32,SD
3064311500412100095,3312.60205078125,32,SD
3064311500412100096,3057.227294921875,32,SD
3064311500412100097,5663.83837890625,32,SD
3064311500412100098,3293.040283203125,32,SD
3064311500412100099,2534.88671875,32,SD
3064311500412100100,3074.244384765625,32,SD
3064311500412100101,8514.759765625,32,SD
3064311500412100102,1363.69921875,32,SD
3064311500412100103,3621.5224609375,32,SD
3064311500412100104,9547.46484375,32,SD
3064311500412100105,7083.87451171875,32,SD
3064311500412100106,840.1288452148438,32,SD
3064311500412100107,1960.019287109375,32,SD
3064311500412100108,1734.3902587890625,32,SD
3064311500412100109,5749.20263671875,32,SD
3064311500412100110,3603.912353515625,32,SD
3064311500412100111,2648.055419921875,32,SD
3064311500412100112,3753.4853515625,32,SD
3064311500412100113,1177.1383056640625,32,SD
3064311500412100114,5971.1416015625,32,SD
3064311500412100115,3396.609375,32,SD
3064311500412100116,2208.60546875,32,SD
3064311500412100117,2061.19384765625,32,SD
3064311500412100118,2403.482666015625,32,SD
3064311500412100120,4517.9404296875,32,SD
3064311500412100121,2971.459716796875,32,SD
3064311500412100122,5334.6337890625,32,SD
3064311500412100123,2097.5263671875,32,SD
3064311500412100125,2647.96240234375,32,SD
3064311500412100126,4879.236328125,32,SD
3064311500412100127,4003.51025390625,32,SD
3064311500412100128,2605.427001953125,32,SD
3064311500412100131,6922.23974609375,32,SD
3064311500412100132,2155.087158203125,32,SD
3064311500412100133,3808.43701171875,32,SD
3064311500412100134,1045.4532470703125,32,SD
3064311500412100135,6175.154296875,32,SD
3064311500412100136,8886.2626953125,32,SD
3064311500412100137,4605.365234375,32,SD
3064311500412100138,2398.802490234375,32,SD
3064311500412100139,3989.2509765625,32,SD
3064311500412100140,2433.435546875,32,SD
3064311500412100141,1653.9329833984375,32,SD
3064311500412100143,1737.806640625,32,SD
3064311500412100144,4018.87890625,32,SD
3064311500412100145,1397.6851806640625,32,SD
3064311500412100146,4967.64501953125,32,SD
3064311500412100147,6643.9501953125,32,SD
3064311500412100148,4729.32861328125,32,SD
3064311500412100149,6549.4345703125,32,SD
3064311500412100150,4129.2041015625,32,SD
3064311500412100152,5292.0322265625,32,SD
3064311500412100153,4099.8828125,32,SD
3064311500412100154,2684.180419921875,32,SD
3064311500412100155,4417.44384765625,32,SD
3064311500412100157,3472.705078125,32,SD
3064311500412100158,1085.733154296875,32,SD
3064311500412100159,2630.44140625,32,SD
3064311500412100160,2640.44189453125,32,SD
3064311500412100161,1897.9857177734375,32,SD
3064311500412100163,7263.412109375,32,SD
3064311500412100164,6466.8564453125,32,SD
3064311500412100165,5690.9873046875,32,SD
3064311500412100167,3544.0966796875,32,SD
3064311500412100168,4153.87353515625,32,SD
3064311500412100171,1090.035400390625,32,SD
3064311500412100174,7975.3447265625,32,SD
3064311500412100175,10213.39453125,32,SD
3064311500412100178,2793.257568359375,32,SD
3064311500412100180,6483.4443359375,32,SD
3064311500412100181,13428.9697265625,32,SD
3064311500412100183,2083.447509765625,32,SD
3064311500412100186,6124.77734375,32,SD
3064311500412100187,4008.0576171875,32,SD
3064311500412100188,3777.218017578125,32,SD
3064311500412100189,4770.74658203125,32,SD
3064311500412100194,10245.806640625,32,SD
3064311500412100198,8323.8984375,32,SD
3064311500412100199,1225.1771240234375,32,SD
3064311500412100212,7301.61572265625,32,SD
3064311500413100007,3792.024169921875,32,SD
3064311500413100009,4959.69384765625,32,SD
3064311500413100016,6831.2060546875,32,SD
3064311500413100019,11751.9267578125,32,SD
3064311500413100026,8775.302734375,32,SD
3064311500413100028,4973.33154296875,32,SD
3064311500413100030,10069.7099609375,32,SD
3064311500413100032,3300.26171875,32,SD
3064311500413100034,17564.451171875,32,SD
3064311500417100014,5275.05029296875,4,SD
3064311500417100015,3783.597900390625,4,SD
3064311500417100016,3212.4873046875,4,SD
3064311500417100019,6036.9541015625,4,SD
3064311500417100020,9923.73828125,4,SD
3064311500417100021,7336.14111328125,4,SD
3064311500417100022,2694.35546875,4,SD
3064311500417100023,7112.720703125,4,SD
3064311500417100024,9083.388671875,4,SD
3064311500417100025,8656.345703125,4,SD
3064311500417100026,8220.9501953125,4,SD
3064311500417100027,7986.06396484375,4,SD
3064311500417100028,6059.0439453125,4,SD
3064311500417100029,7725.54931640625,4,SD
3064311500417100030,14855.3828125,4,SD
3064311500417100032,8582.267578125,4,SD
3064311500417100033,6522.27001953125,4,SD
3064311500417100034,5684.76904296875,4,SD
3064311500417100037,10734.4521484375,4,SD
3064311500417100038,13453.0615234375,4,SD
3064311500417100040,6876.37451171875,4,SD
3064311500417100041,5528.03271484375,4,SD
3064311500417100042,2800.26318359375,4,SD
3064311500417100043,7378.6015625,4,SD
3064311500417100045,6619.001953125,4,SD
3064311500417100046,3079.16943359375,4,SD
3064311500417100048,3722.807373046875,4,SD
3064311500417100049,3110.084228515625,4,SD
3064311500417100050,11805.8818359375,4,SD
3064311500417100052,5051.654296875,4,SD
3064311500417100053,4155.92041015625,4,SD
3064311500417100054,12433.1220703125,4,SD
3064311500417100056,5042.15673828125,4,SD
3064311500417100058,3763.04248046875,4,SD
3064311500417100061,7183.54638671875,4,SD
3064311500417100062,9136.1982421875,4,SD
3064311500417100064,30412.146484375,4,SD
3064311500417100065,10796.900390625,4,SD
3064311500418100010,13689.02734375,4,SD
3064311500418100012,18824.490234375,4,SD
3064311500418100019,9720.57421875,4,SD
3064311500418100020,24543.59375,4,SD
3064311500418100021,19113.87109375,4,SD
3064311500418100022,22398.419921875,4,SD
3064311500418100023,24849.431640625,4,SD
3064311500418100026,10136.5615234375,4,SD
3064311500418100027,21598.380859375,4,SD
3064311500418100029,8590.748046875,4,SD
3064311500418100030,4743.77392578125,4,SD
3064311500418100031,25021.888671875,4,SD
3064311500418100032,5780.28125,4,SD
3064311500418100033,7558.044921875,4,SD
3064311500418100035,20815.18359375,4,SD
3064311500418100036,12092.595703125,4,SD
3064311500418100037,4368.11474609375,4,SD
3064311500418100038,3617.3505859375,4,SD
3064311500418100039,15505.8623046875,4,SD
3064311500418100041,17658.365234375,4,SD
3064311500418100043,3504.274658203125,4,SD
3064311500418100044,7369.84375,4,SD
3064311500418100045,17400.396484375,4,SD
3064311500418100046,44152.5859375,4,SD
3064311500418100047,6766.71044921875,4,SD
3064311500418100048,8319.1591796875,4,SD
3064311500418100049,9877.6953125,4,SD
3064311500418100050,2739.63037109375,4,SD
3064311500418100051,18510.498046875,4,SD
3064311500418100054,8788.125,4,SD
3064311500418100055,1629.6954345703125,4,SD
3064311500418100056,5718.8984375,4,SD
3064311500418100057,3999.048583984375,4,SD
3064311500418100058,19589.916015625,4,SD
3064311500418100060,2797.452392578125,4,SD
3064311500418100061,6477.9453125,4,SD
3064311500418100062,14080.3203125,4,SD
3064311500418100064,1304.522216796875,4,SD
3064311500418100066,803.1559448242188,4,SD
3064311500418100067,13382.2255859375,4,SD
3064311500418100069,2767.579345703125,4,SD
3064311500418100070,6530.248046875,4,SD
3064311500418100072,10274.28515625,4,SD
3064311500418100073,1390.2298583984375,4,SD
3064311500418100080,5342.21923828125,4,SD
3064311500418100081,6520.41015625,4,SD
3064311500418100087,9582.3232421875,4,SD
3064311500418100089,9080.6181640625,4,SD
3064311500418100092,10533.84375,4,SD
3064311500418100093,7212.02978515625,4,SD
3064311500418100100,7305.111328125,4,SD
3064311500418100101,14895.2333984375,4,SD
3064311500418100102,9332.9619140625,4,SD
3064311500418100103,22688.560546875,4,SD
3064311500418100104,7139.64892578125,4,SD
3064311500418100105,2061.984375,4,SD
3064311500418100107,2734.197021484375,4,SD
3064311500419100008,9302.396484375,4,SD
3064311500419100009,37357.88671875,4,SD
3064311500419100010,13399.0966796875,4,SD
3064311500419100013,10012.5615234375,4,SD
3064311500419100015,17119.7578125,4,SD
3064311500419100016,4099.7919921875,4,SD
3064311500419100017,6523.95947265625,4,SD
3064311500419100018,8054.08837890625,4,SD
3064311500419100021,17484.5,4,SD
3064311500419100022,12932.6142578125,4,SD
3064311500419100023,4138.90771484375,4,SD
3064311500419100024,10395.69140625,4,SD
3064311500419100026,2253.38623046875,4,SD
3064311500419100028,8871.783203125,4,SD
3064311500419100029,13601.7314453125,4,SD
3064311500419100030,12084.0849609375,4,SD
3064311500419100031,10702.5361328125,4,SD
3064311500419100034,8593.0,4,SD
3064311500419100037,4981.5166015625,4,SD
3064311500419100038,9495.369140625,4,SD
3064311500419100039,12903.3564453125,4,SD
3064311500419100040,4031.98583984375,4,SD
3064311500419100041,8346.0380859375,4,SD
3064311500419100047,6237.42431640625,4,SD
3064311500419100055,13911.9931640625,4,SD
3064311500419100059,5404.8447265625,4,SD
3064311500419100060,10423.154296875,4,SD
3064311500419100061,10581.9794921875,4,SD
3064311500419100063,8821.18359375,4,SD
3064311500421100009,24348.400390625,8,SD
3064311500421100012,9788.35546875,8,SD
3064311500421100013,6336.56005859375,8,SD
3064311500421100014,4887.88671875,8,SD
3064311500421100015,12568.0419921875,8,SD
3064311500421100016,59762.8828125,8,SD
3064311500421100017,15718.169921875,8,SD
3064311500421100019,1000.278564453125,8,SD
3064311500421100020,580.791748046875,8,SD
3064311500421100023,10839.189453125,8,SD
3064311500421100024,19950.62890625,8,SD
3064311500421100025,9682.4326171875,8,SD
3064311500421100027,10047.7998046875,8,SD
3064311500421100028,18956.25390625,8,SD
3064311500421100029,23995.74609375,8,SD
3064311500421100035,7037.5390625,8,SD
3064311500421100036,9742.4716796875,8,SD
3064311500421100041,22304.796875,8,SD
3064311500421100046,14443.638671875,8,SD
3064311500421100047,33479.0,8,SD
3064311500421100048,4768.86962890625,8,SD
3064311500421100058,43102.96484375,8,SD
3064311500421100059,13505.3564453125,8,SD
3064311500421100062,13658.25,8,SD
3064311500421100064,6263.52880859375,8,SD
3064311500421100065,7907.7275390625,8,SD
3064311500421100066,9373.3095703125,8,SD
3064311500421100072,32068.1328125,8,SD
3064311500422100012,12802.775390625,8,SD
3064311500422100013,14048.2548828125,8,SD
3064311500422100016,8496.2294921875,8,SD
3064311500422100017,22809.04296875,8,SD
3064311500422100019,19866.03125,8,SD
3064311500422100020,2768.712158203125,8,SD
3064311500422100026,5937.48974609375,8,SD
3064311500422100027,10695.55078125,8,SD
3064311500422100028,16627.8359375,8,SD
3064311500422100029,12913.857421875,8,SD
3064311500422100030,3015.34619140625,8,SD
3064311500422100031,6829.859375,8,SD
3064311500422100033,18404.052734375,8,SD
3064311500422100034,16333.53515625,8,SD
3064311500422100037,2510.729248046875,8,SD
3064311500422100038,15839.4716796875,8,SD
3064311500422100039,9854.61328125,8,SD
3064311500422100040,13912.8828125,8,SD
3064311500422100041,4400.58935546875,8,SD
3064311500422100042,11146.015625,8,SD
3064311500422100044,3707.955322265625,8,SD
3064311500422100045,27150.6796875,8,SD
3064311500422100046,5991.58447265625,8,SD
3064311500422100047,4127.228515625,8,SD
3064311500422100049,14445.068359375,8,SD
3064311500422100051,23137.57421875,8,SD
3064311500422100052,34159.1796875,8,SD
3064311500422100053,9720.6455078125,8,SD
3064311500422100054,13791.4453125,8,SD
3064311500422100055,5458.7158203125,8,SD
3064311500422100058,5652.2294921875,8,SD
3064311500422100059,9527.00390625,8,SD
3064311500422100060,11001.0029296875,8,SD
3064311500422100061,9672.7177734375,8,SD
3064311500422100062,7363.8486328125,8,SD
3064311500422100064,8195.0966796875,8,SD
3064311500422100065,39617.9921875,8,SD
3064311500422100066,8696.6298828125,8,SD
3064311500422100067,8344.01171875,8,SD
3064311500422100071,31085.39453125,8,SD
3064311500422100073,12709.0732421875,8,SD
3064311500422100074,11009.12109375,8,SD
3064311500422100075,7957.50341796875,8,SD
3064311500422100078,13261.2548828125,8,SD
3064311500422100080,1718.2974853515625,8,SD
3064311500422100082,5833.96337890625,8,SD
3064311500422100083,3295.03564453125,8,SD
3064311500422100084,3080.908203125,8,SD
3064311500422100085,20919.701171875,8,SD
3064311500422100086,4496.7216796875,8,SD
3064311500422100087,9530.03125,8,SD
3064311500422100088,19074.890625,8,SD
3064311500422100090,17542.017578125,8,SD
3064311500422100091,7328.94921875,8,SD
3064311500422100092,5633.69384765625,8,SD
3064311500422100093,16228.494140625,8,SD
3064311500422100095,920.1654663085938,8,SD
3064311500422100098,11517.7119140625,8,SD
3064311500422100099,9512.744140625,8,SD
3064311500422100100,7595.40478515625,8,SD
3064311500422100102,24007.6953125,8,SD
3064311500422100103,16727.669921875,8,SD
3064311500422100106,5642.30615234375,8,SD
3064311500422100108,9884.37890625,8,SD
3064311500422100110,7489.14501953125,8,SD
3064311500422100111,1194.46630859375,8,SD
3064311500422100118,11799.53515625,8,SD
3064311500422100121,3483.38232421875,8,SD
3064311500422100123,5517.6083984375,8,SD
3064311500422100125,4788.1376953125,8,SD
3064311500422100128,836.058837890625,8,SD
3064311500422100130,8878.8359375,8,SD
3064311500422100131,6302.14453125,8,SD
3064311500422100132,2483.3330078125,8,SD
3064311500422100134,4846.5634765625,8,SD
3064311500422100137,1790.369384765625,8,SD
3064311500422100138,1111.917236328125,8,SD
3064311500422100140,14651.6884765625,8,SD
3064311500422100144,4667.470703125,8,SD
3064311500422100147,20325.5625,8,SD
3064311500422100150,4485.6796875,8,SD
3064311500423100011,12284.650390625,8,SD
3064311500423100012,13897.73046875,8,SD
3064311500423100014,12588.0263671875,8,SD
3064311500423100016,10558.396484375,8,SD
3064311500423100017,12806.6884765625,8,SD
3064311500423100019,8702.611328125,8,SD
3064311500423100021,12091.5107421875,8,SD
3064311500423100022,4882.67822265625,8,SD
3064311500423100023,6257.654296875,8,SD
3064311500423100025,11069.6728515625,8,SD
3064311500423100026,9342.3505859375,8,SD
3064311500423100027,4377.5546875,8,SD
3064311500423100028,7623.6865234375,8,SD
3064311500423100029,13912.0830078125,8,SD
3064311500423100031,14550.6083984375,8,SD
3064311500423100032,19221.45703125,8,SD
3064311500423100034,2143.217041015625,8,SD
3064311500423100035,5351.982421875,8,SD
3064311500423100036,6716.0654296875,8,SD
3064311500423100037,7378.95654296875,8,SD
3064311500423100038,10782.3251953125,8,SD
3064311500423100039,7169.2978515625,8,SD
3064311500423100041,6205.19091796875,8,SD
3064311500423100042,10246.01953125,8,SD
3064311500423100043,10421.1611328125,8,SD
3064311500423100045,21515.46484375,8,SD
3064311500423100046,4665.8310546875,8,SD
3064311500423100047,7060.3955078125,8,SD
3064311500423100048,13614.951171875,8,SD
3064311500423100049,12456.93359375,8,SD
3064311500423100051,10108.3447265625,8,SD
3064311500423100054,16794.533203125,8,SD
3064311500423100055,27924.298828125,8,SD
3064311500423100056,14370.837890625,8,SD
3064311500423100063,8444.0927734375,8,SD
3064311500423100064,14982.216796875,8,SD
3064311500423100067,6815.5615234375,8,SD
3064311500425100012,4143.763671875,14,SD
3064311500425100013,3266.427978515625,14,SD
3064311500425100015,7432.052734375,14,SD
3064311500425100021,14982.75,14,SD
3064311500425100028,4997.853515625,14,SD
3064311500425100032,4758.728515625,14,SD
3064311500425100034,7402.24951171875,14,SD
3064311500425100041,10960.7509765625,14,SD
3064311500425100042,13389.396484375,14,SD
3064311500425100050,5949.66357421875,14,SD
3064311500425100051,7541.3330078125,14,SD
3064311500426100011,16465.818359375,14,SD
3064311500426100013,8435.048828125,14,SD
3064311500426100014,10216.1025390625,14,SD
3064311500426100015,8186.53369140625,14,SD
3064311500426100016,9908.7314453125,14,SD
3064311500426100018,3605.541259765625,14,SD
3064311500426100027,6321.78466796875,14,SD
3064311500426100032,4468.35546875,14,SD
3064311500426100035,14037.9609375,14,SD
3064311500426100037,7970.92919921875,14,SD
3064311500426100038,9416.8818359375,14,SD
3064311500426100039,7164.87060546875,14,SD
3064311500426100040,7473.2470703125,14,SD
3064311500426100041,7336.4365234375,14,SD
3064311500426100042,5096.35791015625,14,SD
3064311500426100043,4513.20849609375,14,SD
3064311500426100044,9155.22265625,14,SD
3064311500426100045,8163.31591796875,14,SD
3064311500426100046,2044.358154296875,14,SD
3064311500426100048,8486.6962890625,14,SD
3064311500426100049,4706.9140625,14,SD
3064311500426100051,14309.0458984375,14,SD
3064311500426100052,10672.59375,14,SD
3064311500426100053,4430.9013671875,14,SD
3064311500426100056,3267.318359375,14,SD
3064311500426100057,1530.68798828125,14,SD
3064311500426100059,5179.1337890625,14,SD
3064311500426100062,5506.2900390625,14,SD
3064311500426100064,5281.8935546875,14,SD
3064311500426100065,3794.688720703125,14,SD
3064311500426100066,3801.378662109375,14,SD
3064311500426100068,4471.03173828125,14,SD
3064311500426100069,5775.33056640625,14,SD
3064311500426100070,10790.134765625,14,SD
3064311500426100075,12940.123046875,14,SD
3064311500426100076,11289.5380859375,14,SD
3064311500426100077,5216.88671875,14,SD
3064311500426100079,5862.55712890625,14,SD
3064311500426100080,8485.294921875,14,SD
3064311500426100083,3836.04296875,14,SD
3064311500426100084,3985.66748046875,14,SD
3064311500426100085,327.5816345214844,14,SD
3064311500426100087,5174.20458984375,14,SD
3064311500426100088,405.6740417480469,14,SD
3064311500426100089,9149.98828125,14,SD
3064311500426100090,6146.99072265625,14,SD
3064311500426100093,5619.55712890625,14,SD
3064311500426100094,5769.6416015625,14,SD
3064311500426100095,3828.448486328125,14,SD
3064311500426100096,2539.399169921875,14,SD
3064311500426100097,7694.40966796875,14,SD
3064311500426100098,4646.564453125,14,SD
3064311500426100100,2717.088623046875,14,SD
3064311500426100101,5296.57568359375,14,SD
3064311500426100102,655.9033813476562,14,SD
3064311500426100103,3288.830810546875,14,SD
3064311500426100104,5998.32958984375,14,SD
3064311500426100105,5364.80908203125,14,SD
3064311500426100106,7926.619140625,14,SD
3064311500426100107,11317.2724609375,14,SD
3064311500426100108,5336.6640625,14,SD
3064311500426100109,6293.88037109375,14,SD
3064311500426100110,6064.79931640625,14,SD
3064311500426100111,2802.118408203125,14,SD
3064311500426100112,6182.904296875,14,SD
3064311500426100114,13613.802734375,14,SD
3064311500426100115,1453.29833984375,14,SD
3064311500426100117,6043.22021484375,14,SD
3064311500427100008,4316.2265625,14,SD
3064311500427100012,4876.955078125,14,SD
3064311500427100018,4949.04541015625,14,SD
3064311500427100019,5567.255859375,14,SD
3064311500427100021,6315.6630859375,14,SD
3064311500427100023,6059.81982421875,14,SD
3064311500427100024,4139.9560546875,14,SD
3064311500427100025,6869.43603515625,14,SD
3064311500427100026,5335.89208984375,14,SD
3064311500427100027,4784.69677734375,14,SD
3064311500427100029,5064.455078125,14,SD
3064311500427100030,5837.6171875,14,SD
3064311500427100031,3415.8056640625,14,SD
3064311500427100032,10960.3310546875,14,SD
3064311500427100033,6213.63134765625,14,SD
3064311500427100034,4746.9794921875,14,SD
3064311500427100035,1419.2362060546875,14,SD
3064311500427100036,8092.28955078125,14,SD
3064311500427100039,5454.14404296875,14,SD
3064311500427100040,12164.2900390625,14,SD
3064311500429100016,9379.7099609375,29,SD
3064311500429100029,11588.3466796875,29,SD
3064311500429100034,6716.20849609375,29,SD
3064311500429100035,3149.045166015625,29,SD
3064311500429100039,8626.890625,29,SD
3064311500430100027,2332.81884765625,29,SD
3064311500430100028,3923.6484375,29,SD
3064311500430100042,8145.3779296875,29,SD
3064311500430100043,3245.876220703125,29,SD
3064311500430100044,5394.52978515625,29,SD
3064311500430100045,3137.885986328125,29,SD
3064311500430100049,3803.766357421875,29,SD
3064311500430100050,2093.5068359375,29,SD
3064311500430100051,6710.21484375,29,SD
3064311500430100053,2460.41015625,29,SD
3064311500430100054,6011.75048828125,29,SD
3064311500430100055,4028.953857421875,29,SD
3064311500430100059,7638.70263671875,29,SD
3064311500430100060,5091.2529296875,29,SD
3064311500430100064,2131.6923828125,29,SD
3064311500430100070,2836.60888671875,29,SD
3064311500430100071,5408.15087890625,29,SD
3064311500430100072,4808.306640625,29,SD
3064311500430100074,5468.5185546875,29,SD
3064311500430100076,5674.65087890625,29,SD
3064311500430100077,1525.202880859375,29,SD
3064311500430100078,4579.70556640625,29,SD
3064311500430100079,10111.0517578125,29,SD
3064311500430100080,3297.361572265625,29,SD
3064311500430100081,2642.332763671875,29,SD
3064311500430100082,4144.9111328125,29,SD
3064311500430100083,6425.38525390625,29,SD
3064311500430100084,2846.932373046875,29,SD
3064311500430100085,3131.13916015625,29,SD
3064311500430100086,5309.92578125,29,SD
3064311500430100088,3571.0751953125,29,SD
3064311500430100090,2526.47021484375,29,SD
3064311500430100091,1907.330810546875,29,SD
3064311500430100092,2393.224853515625,29,SD
3064311500430100093,5530.9814453125,29,SD
3064311500430100094,1441.845947265625,29,SD
3064311500430100095,3129.4609375,29,SD
3064311500430100096,4063.242919921875,29,SD
3064311500430100097,1561.2083740234375,29,SD
3064311500430100098,4307.95361328125,29,SD
3064311500430100100,6356.98291015625,29,SD
3064311500430100101,4825.29052734375,29,SD
3064311500430100102,2969.607421875,29,SD
3064311500430100104,7157.44677734375,29,SD
3064311500430100105,2225.9365234375,29,SD
3064311500430100106,5390.69140625,29,SD
3064311500430100107,5532.49169921875,29,SD
3064311500430100109,3450.535888671875,29,SD
3064311500430100110,3265.0185546875,29,SD
3064311500430100111,4998.02099609375,29,SD
3064311500430100112,3000.76220703125,29,SD
3064311500430100113,4338.33740234375,29,SD
3064311500430100114,7593.34765625,29,SD
3064311500430100115,8410.6796875,29,SD
3064311500430100116,2974.651123046875,29,SD
3064311500430100118,4065.980712890625,29,SD
3064311500430100119,1957.35888671875,29,SD
3064311500430100120,1496.397705078125,29,SD
3064311500430100121,3236.1435546875,29,SD
3064311500430100122,12840.6455078125,29,SD
3064311500430100123,682.901123046875,29,SD
3064311500430100124,12738.19140625,29,SD
3064311500430100126,4604.76953125,29,SD
3064311500430100127,5586.4013671875,29,SD
3064311500430100128,5114.4638671875,29,SD
3064311500430100129,818.2265625,29,SD
3064311500430100130,4034.201171875,29,SD
3064311500430100131,2259.703857421875,29,SD
3064311500430100133,4967.61279296875,29,SD
3064311500430100134,7524.46923828125,29,SD
3064311500430100135,1575.1990966796875,29,SD
3064311500430100137,4848.67138671875,29,SD
3064311500430100138,5065.0205078125,29,SD
3064311500430100139,6232.8544921875,29,SD
3064311500430100140,5112.9833984375,29,SD
3064311500430100141,7547.3720703125,29,SD
3064311500430100142,8585.623046875,29,SD
3064311500430100143,2551.658203125,29,SD
3064311500430100144,3475.69287109375,29,SD
3064311500430100145,4523.98583984375,29,SD
3064311500430100146,5543.177734375,29,SD
3064311500430100147,5092.10693359375,29,SD
3064311500430100148,6809.82177734375,29,SD
3064311500430100149,4860.8974609375,29,SD
3064311500430100150,5618.677734375,29,SD
3064311500430100151,2418.54248046875,29,SD
3064311500430100152,8005.64208984375,29,SD
3064311500430100153,3605.9208984375,29,SD
3064311500431100016,6680.37841796875,29,SD
3064311500431100019,4693.158203125,29,SD
3064311500431100022,7011.40478515625,29,SD
3064311500431100024,9558.1123046875,29,SD
3064311500431100030,5221.97802734375,29,SD
3064311500431100032,12088.814453125,29,SD
3064311500431100035,4021.884765625,29,SD
3064311500431100037,11051.7841796875,29,SD
3064311500431100038,7675.12353515625,29,SD
3064311500431100039,4004.787109375,29,SD
3064311500431100040,3754.649169921875,29,SD
3064311500431100046,2444.11669921875,29,SD
3064311500431100048,5845.8076171875,29,SD
3064311500433100019,21503.7421875,32,SD
3064311500433100033,3529.339111328125,32,SD
3064311500433100039,5748.716796875,32,SD
3064311500434100011,10116.9384765625,32,SD
3064311500434100014,7731.986328125,32,SD
3064311500434100015,6490.767578125,32,SD
3064311500434100022,2233.728759765625,32,SD
3064311500434100024,6433.11767578125,32,SD
3064311500434100026,7051.5712890625,32,SD
3064311500434100028,9950.587890625,32,SD
3064311500434100029,11996.94140625,32,SD
3064311500434100032,2582.454345703125,32,SD
3064311500434100033,5618.25341796875,32,SD
3064311500434100035,5646.82421875,32,SD
3064311500434100036,12537.05078125,32,SD
3064311500434100037,3545.944091796875,32,SD
3064311500434100038,2771.404296875,32,SD
3064311500434100039,6619.24658203125,32,SD
3064311500434100041,5303.4150390625,32,SD
3064311500434100043,3032.6181640625,32,SD
3064311500434100045,1876.54736328125,32,SD
3064311500434100046,405.8537292480469,32,SD
3064311500434100047,6748.7119140625,32,SD
3064311500434100048,3251.89990234375,32,SD
3064311500434100049,2428.448974609375,32,SD
3064311500434100050,3639.43115234375,32,SD
3064311500434100051,5182.708984375,32,SD
3064311500434100052,6401.79150390625,32,SD
3064311500434100054,5656.6318359375,32,SD
3064311500434100055,239.8260498046875,32,SD
3064311500434100056,3305.149169921875,32,SD
3064311500434100058,2267.253173828125,32,SD
3064311500434100061,6544.17333984375,32,SD
3064311500434100062,2728.171630859375,32,SD
3064311500434100063,3127.791259765625,32,SD
3064311500434100064,2472.5986328125,32,SD
3064311500434100065,2686.06494140625,32,SD
3064311500434100066,2949.6953125,32,SD
3064311500434100067,4768.70166015625,32,SD
3064311500434100069,6166.6943359375,32,SD
3064311500434100070,4015.67431640625,32,SD
3064311500434100071,3102.03369140625,32,SD
3064311500434100072,855.9917602539062,32,SD
3064311500434100073,5417.7431640625,32,SD
3064311500434100074,246.6136932373047,32,SD
3064311500434100076,11247.0126953125,32,SD
3064311500434100077,2267.789794921875,32,SD
3064311500434100078,3588.77978515625,32,SD
3064311500434100079,3386.56396484375,32,SD
3064311500434100080,8500.38671875,32,SD
3064311500434100082,9331.705078125,32,SD
3064311500434100083,12263.177734375,32,SD
3064311500434100086,8194.9716796875,32,SD
3064311500434100087,3777.181640625,32,SD
3064311500434100088,4160.3349609375,32,SD
3064311500434100089,6819.37255859375,32,SD
3064311500434100090,7769.18408203125,32,SD
3064311500434100091,4540.11767578125,32,SD
3064311500434100092,6272.06640625,32,SD
3064311500434100093,8582.7021484375,32,SD
3064311500434100094,8519.4501953125,32,SD
3064311500434100095,4010.8984375,32,SD
3064311500434100098,3752.72412109375,32,SD
3064311500434100099,8281.708984375,32,SD
3064311500434100100,8045.69091796875,32,SD
3064311500434100101,4949.66845703125,32,SD
3064311500434100102,7724.5361328125,32,SD
3064311500434100105,5242.63671875,32,SD
3064311500434100106,6221.81640625,32,SD
3064311500434100108,4089.008544921875,32,SD
3064311500434100109,3470.961669921875,32,SD
3064311500434100110,7649.2802734375,32,SD
3064311500434100112,3256.980712890625,32,SD
3064311500434100113,2777.91064453125,32,SD
3064311500434100115,10245.53515625,32,SD
3064311500434100117,591.7225341796875,32,SD
3064311500434100119,5134.55517578125,32,SD
3064311500434100120,5252.33935546875,32,SD
3064311500434100121,1234.5509033203125,32,SD
3064311500434100122,3993.958251953125,32,SD
3064311500434100123,636.6482543945312,32,SD
3064311500434100125,5278.30224609375,32,SD
3064311500434100127,3462.260009765625,32,SD
3064311500434100130,4646.54638671875,32,SD
3064311500434100134,1770.4403076171875,32,SD
3064311500435100003,2342.56591796875,32,SD
3064311500435100009,7352.81005859375,32,SD
3064311500435100011,4744.65478515625,32,SD
3064311500435100012,3582.86865234375,32,SD
3064311500435100014,5991.8740234375,32,SD
3064311500435100015,3686.64306640625,32,SD
3064311500435100018,13864.921875,32,SD
3064311500435100019,6668.00732421875,32,SD
3064311500435100020,3507.501220703125,32,SD
3064311500435100021,7255.904296875,32,SD
3064311500435100023,1442.4881591796875,32,SD
3064311500435100024,2488.387451171875,32,SD
3064311500435100025,5192.67236328125,32,SD
3064311500435100027,3653.291259765625,32,SD
3064311500435100029,15040.556640625,32,SD
3064311500435100030,5440.265625,32,SD
3064311500435100031,6752.72265625,32,SD
3064311500435100034,4447.20166015625,32,SD
3064311500435100035,4572.44970703125,32,SD
3064311500435100037,4201.92236328125,32,SD
3064311500435100038,3820.549560546875,32,SD
3064311500435100039,4707.3837890625,32,SD
3064311500435100040,13371.1884765625,32,SD
3064311500435100041,1008.4146118164062,32,SD
3064311500435100043,5317.26123046875,32,SD
3064311500435100045,3378.282470703125,32,SD
3064311500435100046,4549.58203125,32,SD
3064311500435100047,1966.6185302734375,32,SD
3064311500435100048,7306.5849609375,32,SD
3064311500435100050,4888.40478515625,32,SD
3064311500435100051,3625.42724609375,32,SD
3064311500435100052,8816.1787109375,32,SD
3064311500435100053,3189.371826171875,32,SD
3064311500435100054,3894.0595703125,32,SD
3064311500435100055,5241.8818359375,32,SD
3064311500435100056,19022.46875,32,SD
3064311500435100057,3792.9306640625,32,SD
3064311500435100058,3728.361572265625,32,SD
3064311500435100059,2375.83349609375,32,SD
3064311500435100060,3978.67822265625,32,SD
3064311500435100062,4951.0009765625,32,SD
3064311500435100063,5475.140625,32,SD
3064311500435100064,8940.1123046875,32,SD
3064311500435100065,4872.75830078125,32,SD
3064311500435100067,9879.9951171875,32,SD
3064311500435100068,9101.4609375,32,SD
3064311500435100069,3431.454833984375,32,SD
3064311500435100070,3043.781494140625,32,SD
3064311500435100073,7352.78564453125,32,SD
3064311500435100074,4885.5361328125,32,SD
3064311500436100005,7770.36181640625,32,SD
3064311500441100010,27962.732421875,4,SD
3064311500445100017,2541.3447265625,8,SD
3064311500445100019,35689.7890625,8,SD
3064311500445100020,10351.587890625,8,SD
3064311500445100021,868.0433959960938,8,SD
3064311500463100060,3713.7646484375,5,SD
3064311500463100065,6554.22900390625,5,SD
3064311500463100067,7802.572265625,5,SD
3064311500463100068,6944.421875,5,SD
3064311500463100069,3668.326171875,5,SD
3064311500463100071,4436.47216796875,5,SD
3064311500463100075,4338.20947265625,5,SD
3064311500463100076,2921.873291015625,5,SD
3064311500463100077,13977.548828125,5,SD
3064311500463100079,6578.30810546875,5,SD
3064311500463100080,5553.134765625,5,SD
3064311500463100081,9904.8154296875,5,SD
3064311500463100082,5781.11767578125,5,SD
3064311500463100083,6723.943359375,5,SD
3064311500463100085,9919.2919921875,5,SD
3064311500463100086,8556.1259765625,5,SD
3064311500463100088,2806.034423828125,5,SD
3064311500463100090,9246.603515625,5,SD
3064311500463100091,9504.78515625,5,SD
3064311500463100092,7629.818359375,5,SD
3064311500463100097,9873.4951171875,5,SD
3064311500463100098,7728.0673828125,5,SD
3064311500463100099,676.767822265625,5,SD
3064311500463100101,8535.9951171875,5,SD
3064311500463100102,5832.16259765625,5,SD
3064311500463100104,4079.29296875,5,SD
3064311500463100109,10402.3310546875,5,SD
3064311500464100005,7957.04638671875,5,SD
3064311500464100006,7485.9345703125,5,SD
3064311500464100007,6878.8779296875,5,SD
3064311500464100008,6073.072265625,5,SD
3064311500464100009,13039.5068359375,5,SD
3064311500464100011,6613.37158203125,5,SD
3064311500464100012,6633.40673828125,5,SD
3064311500464100013,5880.408203125,5,SD
3064311500464100014,11178.328125,5,SD
3064311500464100015,9444.1005859375,5,SD
3064311500464100016,4121.81494140625,5,SD
3064311500464100017,3834.366455078125,5,SD
3064311500464100018,8844.189453125,5,SD
3064311500464100019,8554.7353515625,5,SD
3064311500464100020,19754.865234375,5,SD
3064311500464100021,1963.650390625,5,SD
3064311500464100022,10200.4296875,5,SD
3064311500464100023,2486.580078125,5,SD
3064311500464100025,11061.1943359375,5,SD
3064311500464100026,7340.9140625,5,SD
3064311500464100027,5806.1513671875,5,SD
3064311500464100028,6482.486328125,5,SD
3064311500464100030,5623.53271484375,5,SD
3064311500464100031,3937.9736328125,5,SD
3064311500464100032,14038.962890625,5,SD
3064311500464100034,6838.7626953125,5,SD
3064311500464100036,14627.185546875,5,SD
3064311500464100037,9217.970703125,5,SD
3064311500464100038,12989.5498046875,5,SD
3064311500464100039,1484.669189453125,5,SD
3064311500464100041,7503.994140625,5,SD
3064311500464100042,5886.013671875,5,SD
3064311500464100043,3713.691650390625,5,SD
3064311500464100044,6798.60595703125,5,SD
3064311500464100045,7747.7451171875,5,SD
3064311500464100046,12798.8515625,5,SD
3064311500464100047,4436.640625,5,SD
3064311500464100049,4100.501953125,5,SD
3064311500464100050,14248.66015625,5,SD
3064311500464100051,7632.734375,5,SD
3064311500464100055,5429.404296875,5,SD
3064311500464100056,13035.525390625,5,SD
3064311500464100057,9745.1904296875,5,SD
3064311500464100059,9685.6640625,5,SD
3064311500464100060,7721.18896484375,5,SD
3064311500464100061,3966.246337890625,5,SD
3064311500464100062,10402.1455078125,5,SD
3064311500464100063,5394.78466796875,5,SD
3064311500464100064,5861.759765625,5,SD
3064311500464100065,11480.7939453125,5,SD
3064311500464100066,7005.09033203125,5,SD
3064311500464100067,12269.5390625,5,SD
3064311500464100068,8328.7451171875,5,SD
3064311500464100070,10203.8818359375,5,SD
3064311500464100071,12416.357421875,5,SD
3064311500464100072,767.7614135742188,5,SD
3064311500464100073,6334.30078125,5,SD
3064311500464100074,23485.08203125,5,SD
3064311500464100077,3905.070068359375,5,SD
3064311500464100079,2025.9737548828125,5,SD
3064311500464100080,8854.703125,5,SD
3064311500464100081,15545.478515625,5,SD
3064311500464100082,213.7523651123047,5,SD
3064311500464100083,7496.19287109375,5,SD
3064311500464100084,7037.71484375,5,SD
3064311500464100085,5783.52734375,5,SD
3064311500464100088,19314.888671875,5,SD
3064311500464100091,949.0855712890625,5,SD
3064311500464100094,1030.15771484375,5,SD
3064311500464100095,6441.45166015625,5,SD
3064311500464100096,4010.017822265625,5,SD
3064311500464100097,16668.791015625,5,SD
3064311500464100098,20115.83984375,5,SD
3064311500464100099,4051.753662109375,5,SD
3064311500464100100,17462.130859375,5,SD
3064311500465100022,6288.353515625,5,SD
3064311500465100024,3777.676025390625,5,SD
3064311500465100025,6076.34521484375,5,SD
3064311500465100028,6641.18994140625,5,SD
3064311500465100030,4477.86474609375,5,SD
3064311500465100031,7408.50634765625,5,SD
3064311500465100035,3136.558349609375,5,SD
3064311500465100036,3326.826904296875,5,SD
3064311500465100038,2000.8670654296875,5,SD
3064311500465100039,7855.12939453125,5,SD
3064311500465100040,4104.2880859375,5,SD
3064311500465100041,4559.1279296875,5,SD
3064311500465100043,6494.81005859375,5,SD
3064311500465100049,11003.998046875,5,SD
3064311500465100050,3915.5712890625,5,SD
3064311500465100051,509.2673034667969,5,SD
3064311500465100052,14411.939453125,5,SD
3064311500465100054,3485.990966796875,5,SD
3064311500465100058,5773.70654296875,5,SD
3064311500465100059,9905.3251953125,5,SD
3064311500465100060,3525.401611328125,5,SD
3064311500465100061,1895.5791015625,5,SD
3064311500465100062,6750.44384765625,5,SD
3064311500465100063,5658.9443359375,5,SD
3064311500465100064,5962.9501953125,5,SD
3064311500465100065,5341.5390625,5,SD
3064311500465100067,575.185791015625,5,SD
3064311500465100070,6669.21240234375,5,SD
3064311500465100071,6876.814453125,5,SD
3064311500465100072,8322.6572265625,5,SD
3064311500465100073,18866.728515625,5,SD
3064311500465100076,6638.04248046875,5,SD
3064311500465100080,6031.5849609375,5,SD
3064311500465100081,3772.85009765625,5,SD
3064311500465100090,3206.488525390625,5,SD
3064311500468100030,9776.4462890625,9,SD
3064311500468100031,4356.8740234375,9,SD
3064311500468100032,14052.1396484375,9,SD
3064311500468100033,4334.6162109375,9,SD
3064311500468100035,4311.61767578125,9,SD
3064311500468100036,7701.7412109375,9,SD
3064311500468100037,12391.9375,9,SD
3064311500468100038,1141.8450927734375,9,SD
3064311500468100039,2511.521484375,9,SD
3064311500468100042,2067.49462890625,9,SD
3064311500468100043,8862.484375,9,SD
3064311500468100044,3101.031982421875,9,SD
3064311500468100045,3688.654296875,9,SD
3064311500468100047,12988.373046875,9,SD
3064311500468100048,5523.8642578125,9,SD
3064311500468100050,8327.69921875,9,SD
3064311500468100051,9024.3056640625,9,SD
3064311500469100043,3748.951416015625,9,SD
3064311500469100046,8400.560546875,9,SD
3064311500469100047,7434.7587890625,9,SD
3064311500469100049,8534.0029296875,9,SD
3064311500469100050,5525.2822265625,9,SD
3064311500469100051,7800.21728515625,9,SD
3064311500469100052,13377.46875,9,SD
3064311500469100053,4977.0830078125,9,SD
3064311500469100054,2893.216064453125,9,SD
3064311500469100056,7918.85009765625,9,SD
3064311500469100058,7073.60107421875,9,SD
3064311500469100059,6596.98193359375,9,SD
3064311500469100060,5426.84326171875,9,SD
3064311500469100062,3765.41552734375,9,SD
3064311500469100065,4004.4970703125,9,SD
3064311500469100067,8970.2412109375,9,SD
3064311500469100075,9643.1953125,9,SD
3064311500469100076,7738.41748046875,9,SD
3064311500469100077,4271.98291015625,9,SD
3064311500469100079,6616.80615234375,9,SD
3064311500469100098,716.5923461914062,9,SD
3064311500471100045,9971.216796875,15,SD
3064311500471100053,5976.90478515625,15,SD
3064311500471100059,13107.8212890625,15,SD
3064311500471100060,4567.74609375,15,SD
3064311500471100062,5119.35205078125,15,SD
3064311500471100070,6526.90771484375,15,SD
3064311500471100071,607.7754516601562,15,SD
3064311500471100073,5875.0791015625,15,SD
3064311500471100074,23807.90625,15,SD
3064311500471100075,2327.23583984375,15,SD
3064311500471100079,3027.548583984375,15,SD
3064311500471100081,10866.7080078125,15,SD
3064311500471100088,6733.91650390625,15,SD
3064311500471100097,6445.9560546875,15,SD
3064311500471100099,3307.6474609375,15,SD
3064311500471100104,2139.02294921875,15,SD
3064311500471100108,5770.28955078125,15,SD
3064311500471100110,5434.0498046875,15,SD
3064311500471100114,3776.6171875,15,SD
3064311500472100009,1165.3050537109375,15,SD
3064311500472100010,6363.84326171875,15,SD
3064311500472100011,6469.93603515625,15,SD
3064311500472100012,8475.615234375,15,SD
3064311500472100014,3704.319091796875,15,SD
3064311500472100015,11773.29296875,15,SD
3064311500472100016,6826.15234375,15,SD
3064311500472100017,10998.5830078125,15,SD
3064311500472100018,4379.818359375,15,SD
3064311500472100019,16759.125,15,SD
3064311500472100020,8469.1865234375,15,SD
3064311500472100022,10808.998046875,15,SD
3064311500472100023,2090.9599609375,15,SD
3064311500472100024,4131.05615234375,15,SD
3064311500472100025,4944.41552734375,15,SD
3064311500472100026,4069.46533203125,15,SD
3064311500472100027,5014.474609375,15,SD
3064311500472100029,24323.359375,15,SD
3064311500472100030,5959.615234375,15,SD
3064311500472100031,4871.0771484375,15,SD
3064311500472100033,4233.365234375,15,SD
3064311500472100035,2300.6474609375,15,SD
3064311500472100036,6620.05322265625,15,SD
3064311500472100037,5494.67919921875,15,SD
3064311500472100038,8175.1171875,15,SD
3064311500472100039,4629.2880859375,15,SD
3064311500472100040,5496.39306640625,15,SD
3064311500472100041,5716.21923828125,15,SD
3064311500472100042,5107.90087890625,15,SD
3064311500472100043,6045.7109375,15,SD
3064311500472100044,2300.73974609375,15,SD
3064311500472100045,5962.6904296875,15,SD
3064311500472100046,17056.330078125,15,SD
3064311500472100048,3281.114990234375,15,SD
3064311500472100049,5604.03271484375,15,SD
3064311500472100050,13428.6162109375,15,SD
3064311500472100051,6261.72216796875,15,SD
3064311500472100052,7431.66943359375,15,SD
3064311500472100053,13730.2705078125,15,SD
3064311500472100054,8599.0419921875,15,SD
3064311500472100055,22290.705078125,15,SD
3064311500472100056,9585.2216796875,15,SD
3064311500472100057,1612.2664794921875,15,SD
3064311500472100058,4702.87548828125,15,SD
3064311500472100059,9002.421875,15,SD
3064311500472100060,5412.4814453125,15,SD
3064311500472100062,3061.3173828125,15,SD
3064311500472100063,6983.41455078125,15,SD
3064311500472100064,11055.0791015625,15,SD
3064311500472100065,5917.03173828125,15,SD
3064311500472100066,15133.2998046875,15,SD
3064311500472100068,8450.462890625,15,SD
3064311500472100069,14226.322265625,15,SD
3064311500472100071,13272.681640625,15,SD
3064311500472100072,7061.85986328125,15,SD
3064311500472100073,4047.951904296875,15,SD
3064311500472100074,10205.4296875,15,SD
3064311500472100075,8794.6474609375,15,SD
3064311500472100076,3179.2099609375,15,SD
3064311500472100077,11940.486328125,15,SD
3064311500472100079,9797.9189453125,15,SD
3064311500472100081,8209.1474609375,15,SD
3064311500472100082,3792.714111328125,15,SD
3064311500472100083,10827.390625,15,SD
3064311500472100084,6421.0830078125,15,SD
3064311500472100085,20986.650390625,15,SD
3064311500472100086,2654.755615234375,15,SD
3064311500472100087,19604.1328125,15,SD
3064311500472100088,11194.76953125,15,SD
3064311500472100089,11085.8134765625,15,SD
3064311500472100090,12984.5869140625,15,SD
3064311500472100091,20978.587890625,15,SD
3064311500472100092,2611.80712890625,15,SD
3064311500472100093,8202.671875,15,SD
3064311500472100097,8801.5380859375,15,SD
3064311500472100099,4850.060546875,15,SD
3064311500472100100,6532.61328125,15,SD
3064311500472100101,6459.6982421875,15,SD
3064311500472100102,5602.76953125,15,SD
3064311500472100103,2697.71044921875,15,SD
3064311500472100107,22946.291015625,15,SD
3064311500472100109,6727.60205078125,15,SD
3064311500472100112,4717.69970703125,15,SD
3064311500472100114,7843.0654296875,15,SD
3064311500473100057,17957.865234375,15,SD
3064311500473100063,12423.2685546875,15,SD
3064311500473100067,8998.16015625,15,SD
3064311500473100069,5062.400390625,15,SD
3064311500473100073,9442.919921875,15,SD
3064311500473100074,5605.4384765625,15,SD
3064311500473100075,1926.0367431640625,15,SD
3064311500473100076,10941.7783203125,15,SD
3064311500473100077,832.6566162109375,15,SD
3064311500473100079,4507.37158203125,15,SD
3064311500473100082,5257.35107421875,15,SD
3064311500473100084,3428.24755859375,15,SD
3064311500473100086,7545.69091796875,15,SD
3064311500473100088,5600.2119140625,15,SD
3064311500473100090,5694.98681640625,15,SD
3064311500473100091,12731.904296875,15,SD
3064311500473100092,8495.369140625,15,SD
3064311500473100093,2648.615478515625,15,SD
3064311500473100094,19002.111328125,15,SD
3064311500473100097,4535.14453125,15,SD
3064311500473100098,8849.1982421875,15,SD
3064311500473100099,7325.3515625,15,SD
3064311500473100100,8268.31640625,15,SD
3064311500473100101,11499.4677734375,15,SD
3064311500473100102,6508.751953125,15,SD
3064311500473100103,1589.0975341796875,15,SD
3064311500473100106,8343.4384765625,15,SD
3064311500473100107,32452.166015625,15,SD
3064311500473100111,13149.8662109375,15,SD
3064311500473100113,3781.513671875,15,SD
3064311500473100117,6252.7216796875,15,SD
3064311500473100121,15809.5859375,15,SD
3064311500473100124,22976.634765625,15,SD
3064311500473100125,1811.9854736328125,15,SD
3064311500475100034,6258.8369140625,30,SD
3064311500475100039,5986.166015625,30,SD
3064311500475100047,8047.3779296875,30,SD
3064311500475100056,5783.95263671875,30,SD
3064311500476100026,7591.470703125,30,SD
3064311500476100029,4159.27978515625,30,SD
3064311500476100030,4706.517578125,30,SD
3064311500476100031,1992.052490234375,30,SD
3064311500476100032,3581.99853515625,30,SD
3064311500476100033,4625.54931640625,30,SD
3064311500476100034,7019.6171875,30,SD
3064311500476100035,12687.46484375,30,SD
3064311500476100037,7203.25341796875,30,SD
3064311500476100038,7383.8369140625,30,SD
3064311500476100039,7465.04833984375,30,SD
3064311500476100040,8053.57568359375,30,SD
3064311500476100041,1893.1309814453125,30,SD
3064311500476100042,12043.076171875,30,SD
3064311500476100043,15467.525390625,30,SD
3064311500476100044,7719.8251953125,30,SD
3064311500476100048,3785.12353515625,30,SD
3064311500476100049,1247.7923583984375,30,SD
3064311500476100052,5156.32275390625,30,SD
3064311500476100053,4894.7119140625,30,SD
3064311500476100055,7479.32421875,30,SD
3064311500476100056,10335.537109375,30,SD
3064311500476100057,893.001708984375,30,SD
3064311500476100058,6205.2548828125,30,SD
3064311500476100059,9706.6552734375,30,SD
3064311500476100060,7251.76611328125,30,SD
3064311500476100061,10707.228515625,30,SD
3064311500476100062,3981.0224609375,30,SD
3064311500476100063,5752.78125,30,SD
3064311500476100065,6382.6328125,30,SD
3064311500476100066,2653.215576171875,30,SD
3064311500476100067,3227.589599609375,30,SD
3064311500476100068,9458.2421875,30,SD
3064311500476100069,19908.857421875,30,SD
3064311500476100070,7107.208984375,30,SD
3064311500476100071,4286.69091796875,30,SD
3064311500476100072,611.2700805664062,30,SD
3064311500476100073,6088.02001953125,30,SD
3064311500476100074,5373.8798828125,30,SD
3064311500476100075,5545.09716796875,30,SD
3064311500476100076,1586.028076171875,30,SD
3064311500476100078,1486.963623046875,30,SD
3064311500476100079,4689.646484375,30,SD
3064311500476100080,4767.5146484375,30,SD
3064311500476100082,7869.8984375,30,SD
3064311500476100083,1225.840087890625,30,SD
3064311500476100084,10551.4365234375,30,SD
3064311500476100085,6519.8779296875,30,SD
3064311500476100086,10997.1591796875,30,SD
3064311500476100088,2131.833251953125,30,SD
3064311500476100089,452.7411193847656,30,SD
3064311500476100090,13061.3466796875,30,SD
3064311500476100091,6609.4169921875,30,SD
3064311500476100092,3903.6513671875,30,SD
3064311500476100093,7003.087890625,30,SD
3064311500476100094,1283.62060546875,30,SD
3064311500476100095,2913.145263671875,30,SD
3064311500476100097,1845.6099853515625,30,SD
3064311500476100098,1697.0313720703125,30,SD
3064311500476100100,7092.88818359375,30,SD
3064311500476100101,1025.8101806640625,30,SD
3064311500476100102,4864.03271484375,30,SD
3064311500476100103,7563.30615234375,30,SD
3064311500476100104,5313.45556640625,30,SD
3064311500476100105,1016.3675537109375,30,SD
3064311500476100107,5808.11376953125,30,SD
3064311500476100108,2609.29638671875,30,SD
3064311500476100109,5771.13232421875,30,SD
3064311500476100110,3955.84130859375,30,SD
3064311500476100112,23445.962890625,30,SD
3064311500476100113,1240.9169921875,30,SD
3064311500476100117,455.9212951660156,30,SD
3064311500476100120,1902.662353515625,30,SD
3064311500476100125,14888.1240234375,30,SD
3064311500476100130,9786.46484375,30,SD
3064311500476100134,1625.2535400390625,30,SD
3064311500476100139,2155.636474609375,30,SD
3064311500476100143,2153.116943359375,30,SD
3064311500477100022,10172.3837890625,30,SD
3064311500477100023,17103.421875,30,SD
3064311500477100026,29921.513671875,30,SD
3064311500477100027,4304.51416015625,30,SD
3064311500477100030,7043.97802734375,30,SD
3064311500477100032,6785.9921875,30,SD
3064311500477100033,7268.74755859375,30,SD
3064311500477100037,8583.75,30,SD
3064311500477100038,5533.49560546875,30,SD
3064311500477100039,7955.056640625,30,SD
3064311500477100040,7437.0537109375,30,SD
3064311500477100041,2904.530029296875,30,SD
3064311500477100042,7875.6650390625,30,SD
3064311500477100044,11118.6484375,30,SD
3064311500477100045,11468.5859375,30,SD
3064311500477100047,4222.154296875,30,SD
3064311500477100048,5078.61376953125,30,SD
3064311500477100050,3622.201171875,30,SD
3064311500477100052,5547.57666015625,30,SD
3064311500477100053,5216.4228515625,30,SD
3064311500477100054,12508.34375,30,SD
3064311500477100055,9572.8369140625,30,SD
3064311500477100056,5009.7763671875,30,SD
3064311500477100057,2197.904052734375,30,SD
3064311500477100058,9093.001953125,30,SD
3064311500477100059,4884.19189453125,30,SD
3064311500477100060,7414.83203125,30,SD
3064311500477100061,7355.4912109375,30,SD
3064311500477100062,3694.87744140625,30,SD
3064311500477100063,5540.82861328125,30,SD
3064311500477100064,678.345947265625,30,SD
3064311500477100065,4194.19140625,30,SD
3064311500477100066,5730.75341796875,30,SD
3064311500477100067,7446.3369140625,30,SD
3064311500477100068,791.065185546875,30,SD
3064311500477100070,5754.14697265625,30,SD
3064311500477100071,1142.864990234375,30,SD
3064311500477100072,2833.359619140625,30,SD
3064311500477100073,6250.60009765625,30,SD
3064311500477100074,7470.71337890625,30,SD
3064311500477100075,4612.099609375,30,SD
3064311500477100076,2863.1572265625,30,SD
3064311500477100077,2867.310791015625,30,SD
3064311500477100078,8670.3779296875,30,SD
3064311500477100079,6450.2529296875,30,SD
3064311500477100080,2425.5751953125,30,SD
3064311500477100081,492.53094482421875,30,SD
3064311500477100082,3108.6162109375,30,SD
3064311500477100084,4285.80078125,30,SD
3064311500477100086,8521.892578125,30,SD
3064311500477100087,7712.01220703125,30,SD
3064311500477100088,4223.4033203125,30,SD
3064311500477100089,5956.78759765625,30,SD
3064311500477100090,10735.5546875,30,SD
3064311500477100094,1558.9691162109375,30,SD
3064311500477100099,5340.23095703125,30,SD
3064311500478100171,2206.15087890625,30,SD
3064311500480100072,5976.67626953125,33,SD
3064311500480100076,9307.1669921875,33,SD
3064311500480100080,12417.109375,33,SD
3064311500480100081,6061.5537109375,33,SD
3064311500480100086,3497.01513671875,33,SD
3064311500480100087,988.969482421875,33,SD
3064311500480100091,3714.304931640625,33,SD
3064311500481100034,8594.5634765625,33,SD
3064311500481100036,6749.091796875,33,SD
3064311500481100037,6903.7294921875,33,SD
3064311500481100039,3977.4833984375,33,SD
3064311500481100040,6062.32275390625,33,SD
3064311500481100041,4886.28173828125,33,SD
3064311500481100045,4585.3505859375,33,SD
3064311500481100047,39506.15625,33,SD
3064311500481100048,8959.583984375,33,SD
3064311500481100051,5209.845703125,33,SD
3064311500481100053,4120.912109375,33,SD
3064311500481100054,11270.4990234375,33,SD
3064311500481100056,557.0636596679688,33,SD
3064311500481100058,8804.8876953125,33,SD
3064311500481100063,10944.9453125,33,SD
3064311500481100064,6627.69580078125,33,SD
3064311500481100066,7413.5185546875,33,SD
3064311500481100068,4895.5380859375,33,SD
3064311500481100069,4991.53369140625,33,SD
3064311500481100075,4620.2890625,33,SD
3064311500486100012,7006.13330078125,5,SD
3064311500486100015,8749.462890625,5,SD
3064311500486100017,9197.4853515625,5,SD
3064311500486100019,12900.8798828125,5,SD
3064311500486100020,2114.2841796875,5,SD
3064311500486100021,6073.13525390625,5,SD
3064311500486100022,12420.294921875,5,SD
3064311500486100023,12451.9560546875,5,SD
3064311500486100024,5423.47998046875,5,SD
3064311500486100025,7262.72314453125,5,SD
3064311500486100026,2283.51513671875,5,SD
3064311500486100027,3687.3017578125,5,SD
3064311500486100028,5353.673828125,5,SD
3064311500486100029,5008.32958984375,5,SD
3064311500486100030,10621.9228515625,5,SD
3064311500486100032,3145.4296875,5,SD
3064311500486100033,10866.1533203125,5,SD
3064311500486100034,6874.8505859375,5,SD
3064311500486100035,8820.8095703125,5,SD
3064311500486100036,4638.9453125,5,SD
3064311500486100037,7085.98681640625,5,SD
3064311500486100038,4166.55712890625,5,SD
3064311500486100039,11082.9658203125,5,SD
3064311500486100040,1286.462890625,5,SD
3064311500486100041,4332.41845703125,5,SD
3064311500486100042,12578.5595703125,5,SD
3064311500486100044,5861.98388671875,5,SD
3064311500486100046,3183.441162109375,5,SD
3064311500486100047,10007.955078125,5,SD
3064311500486100048,12396.31640625,5,SD
3064311500486100049,4841.779296875,5,SD
3064311500486100050,9976.4208984375,5,SD
3064311500486100052,7863.49853515625,5,SD
3064311500486100054,18620.19921875,5,SD
3064311500486100055,2902.590087890625,5,SD
3064311500486100056,6382.54931640625,5,SD
3064311500486100057,13796.95703125,5,SD
3064311500486100058,5477.46435546875,5,SD
3064311500486100059,17756.03125,5,SD
3064311500486100060,6402.734375,5,SD
3064311500486100062,11415.216796875,5,SD
3064311500486100063,5967.193359375,5,SD
3064311500486100064,879.1666870117188,5,SD
3064311500486100065,8751.4189453125,5,SD
3064311500486100066,227.21023559570312,5,SD
3064311500486100067,16913.126953125,5,SD
3064311500486100068,5299.2177734375,5,SD
3064311500486100069,15820.904296875,5,SD
3064311500486100073,3355.84033203125,5,SD
3064311500486100075,8716.1767578125,5,SD
3064311500486100076,1922.280517578125,5,SD
3064311500486100079,8557.5869140625,5,SD
3064311500486100082,16717.978515625,5,SD
3064311500486100083,5132.5712890625,5,SD
3064311500486100084,5381.66552734375,5,SD
3064311500486100085,2510.70263671875,5,SD
3064311500486100086,8229.97265625,5,SD
3064311500486100087,4228.1796875,5,SD
3064311500486100089,4057.6806640625,5,SD
3064311500486100091,8370.7861328125,5,SD
3064311500486100092,19866.19140625,5,SD
3064311500486100093,11912.77734375,5,SD
3064311500486100094,6798.61474609375,5,SD
3064311500486100095,2464.593017578125,5,SD
3064311500486100096,17318.4375,5,SD
3064311500486100097,8202.9794921875,5,SD
3064311500486100098,21721.19921875,5,SD
3064311500486100099,4702.7314453125,5,SD
3064311500486100100,4382.91064453125,5,SD
3064311500486100101,9272.4599609375,5,SD
3064311500486100102,13207.3095703125,5,SD
3064311500486100104,4065.42919921875,5,SD
3064311500486100105,7964.9619140625,5,SD
3064311500486100106,7520.107421875,5,SD
3064311500486100107,7581.11962890625,5,SD
3064311500486100108,9985.3056640625,5,SD
3064311500486100109,18074.55859375,5,SD
3064311500486100110,3495.79248046875,5,SD
3064311500486100111,6188.00439453125,5,SD
3064311500486100112,10324.62109375,5,SD
3064311500486100113,13829.310546875,5,SD
3064311500486100114,4687.11279296875,5,SD
3064311500486100115,9301.1103515625,5,SD
3064311500486100116,8509.7451171875,5,SD
3064311500486100117,5449.4951171875,5,SD
3064311500486100119,730.752685546875,5,SD
3064311500486100120,7835.13232421875,5,SD
3064311500486100121,11603.1611328125,5,SD
3064311500486100122,6722.78515625,5,SD
3064311500486100123,11304.505859375,5,SD
3064311500486100124,19743.958984375,5,SD
3064311500486100127,6510.23193359375,5,SD
3064311500486100128,5737.9833984375,5,SD
3064311500486100129,6384.0400390625,5,SD
3064311500486100132,8736.8271484375,5,SD
3064311500486100133,6598.04248046875,5,SD
3064311500487100011,5102.8486328125,5,SD
3064311500487100012,12670.255859375,5,SD
3064311500487100015,5321.62451171875,5,SD
3064311500487100017,3777.84228515625,5,SD
3064311500487100021,18463.751953125,5,SD
3064311500487100023,10836.0341796875,5,SD
3064311500487100024,1878.98828125,5,SD
3064311500487100030,3375.3623046875,5,SD
3064311500487100031,11078.9873046875,5,SD
3064311500487100039,4175.3916015625,5,SD
3064311500487100042,9495.271484375,5,SD
3064311500487100046,12872.4228515625,5,SD
3064311500487100048,7891.6298828125,5,SD
3064311500487100052,6441.86669921875,5,SD
3064311500487100053,15988.6923828125,5,SD
3064311500487100055,20082.81640625,5,SD
3064311500487100064,10987.427734375,5,SD
3064311500487100066,12326.0478515625,5,SD
3064311500487100067,3926.756591796875,5,SD
3064311500487100074,2557.381103515625,5,SD
3064311500488100008,5644.54150390625,5,SD
3064311500488100016,5553.90478515625,5,SD
3064311500488100017,3203.082763671875,5,SD
3064311500488100018,3788.873291015625,5,SD
3064311500488100022,3750.18994140625,5,SD
3064311500488100024,5740.24658203125,5,SD
3064311500488100027,10984.9443359375,5,SD
3064311500488100029,8428.9755859375,5,SD
3064311500488100030,9444.2822265625,5,SD
3064311500488100031,3426.646484375,5,SD
3064311500488100035,6857.62353515625,5,SD
3064311500488100037,5756.06689453125,5,SD
3064311500488100038,4103.6005859375,5,SD
3064311500488100039,7190.1552734375,5,SD
3064311500488100043,2852.46728515625,5,SD
3064311500488100045,2726.453857421875,5,SD
3064311500488100046,10176.4609375,5,SD
3064311500488100048,4555.50244140625,5,SD
3064311500488100049,7223.3212890625,5,SD
3064311500488100050,3064.655517578125,5,SD
3064311500488100051,3556.305419921875,5,SD
3064311500488100053,3886.427978515625,5,SD
3064311500488100057,2910.4990234375,5,SD
3064311500488100058,7789.37158203125,5,SD
3064311500488100059,5594.986328125,5,SD
3064311500488100061,9230.6572265625,5,SD
3064311500488100062,3588.988037109375,5,SD
3064311500488100063,6790.16943359375,5,SD
3064311500488100064,7703.22265625,5,SD
3064311500488100065,3560.446533203125,5,SD
3064311500488100068,1783.5419921875,5,SD
3064311500488100069,4195.37109375,5,SD
3064311500488100070,2289.71875,5,SD
3064311500488100071,8175.18701171875,5,SD
3064311500488100073,5125.1103515625,5,SD
3064311500488100074,13021.654296875,5,SD
3064311500488100075,7688.78466796875,5,SD
3064311500488100076,7230.7314453125,5,SD
3064311500488100078,2501.2373046875,5,SD
3064311500488100079,9437.2587890625,5,SD
3064311500488100080,7157.3662109375,5,SD
3064311500488100081,5748.79931640625,5,SD
3064311500488100082,8086.36962890625,5,SD
3064311500488100087,4669.17578125,5,SD
3064311500488100088,1462.5372314453125,5,SD
3064311500488100089,3085.416015625,5,SD
3064311500488100091,5697.54638671875,5,SD
3064311500488100094,8105.72705078125,5,SD
3064311500488100095,5361.69189453125,5,SD
3064311500488100096,8492.720703125,5,SD
3064311500488100097,17867.166015625,5,SD
3064311500488100098,6409.1669921875,5,SD
3064311500488100099,12019.1943359375,5,SD
3064311500488100101,7105.29931640625,5,SD
3064311500488100104,6226.93994140625,5,SD
3064311500488100105,5344.740234375,5,SD
3064311500488100108,4924.84619140625,5,SD
3064311500488100111,4814.24755859375,5,SD
3064311500488100112,3091.51171875,5,SD
3064311500488100114,1235.124267578125,5,SD
3064311500488100115,2545.489501953125,5,SD
3064311500488100117,7693.92822265625,5,SD
3064311500488100121,5554.548828125,5,SD
3064311500488100122,6349.19189453125,5,SD
3064311500488100123,6081.666015625,5,SD
3064311500488100128,4451.31396484375,5,SD
3064311500488100135,5496.53173828125,5,SD
3064311500488100138,5083.15185546875,5,SD
3064311500488100148,206.95257568359375,5,SD
3064311500489100056,2459.027587890625,5,SD
3064311500490100009,7424.6767578125,9,SD
3064311500490100013,5454.837890625,9,SD
3064311500490100016,11846.24609375,9,SD
3064311500490100023,7177.2373046875,9,SD
3064311500490100025,10390.4580078125,9,SD
3064311500490100026,9709.3759765625,9,SD
3064311500490100027,8708.2734375,9,SD
3064311500490100028,19144.171875,9,SD
3064311500490100029,8079.123046875,9,SD
3064311500490100030,16975.927734375,9,SD
3064311500490100033,8036.38232421875,9,SD
3064311500491100002,16733.462890625,9,SD
3064311500491100009,8624.3017578125,9,SD
3064311500491100012,7374.00048828125,9,SD
3064311500491100013,10365.8388671875,9,SD
3064311500491100014,15915.2265625,9,SD
3064311500491100015,5959.80029296875,9,SD
3064311500491100016,1711.5009765625,9,SD
3064311500491100017,8602.16796875,9,SD
3064311500491100018,3772.49169921875,9,SD
3064311500491100020,2355.41357421875,9,SD
3064311500491100021,4370.50830078125,9,SD
3064311500491100022,2562.194091796875,9,SD
3064311500491100024,8871.09375,9,SD
3064311500491100027,4716.0703125,9,SD
3064311500491100028,3577.3134765625,9,SD
3064311500491100029,6416.23095703125,9,SD
3064311500491100033,2342.652099609375,9,SD
3064311500491100034,6709.2841796875,9,SD
3064311500491100051,5715.88720703125,9,SD
3064311500491100055,11819.4189453125,9,SD
3064311500492100006,8251.919921875,9,SD
3064311500492100007,8747.125,9,SD
3064311500492100008,3715.403564453125,9,SD
3064311500492100010,5594.0185546875,9,SD
3064311500492100015,4119.00830078125,9,SD
3064311500492100017,4765.76953125,9,SD
3064311500492100018,7571.091796875,9,SD
3064311500492100019,4208.96240234375,9,SD
3064311500492100021,4269.69140625,9,SD
3064311500492100022,5373.25537109375,9,SD
3064311500492100023,2730.58740234375,9,SD
3064311500492100024,6679.6669921875,9,SD
3064311500492100026,5199.72705078125,9,SD
3064311500492100027,7487.0888671875,9,SD
3064311500492100028,5674.47607421875,9,SD
3064311500492100029,5224.130859375,9,SD
3064311500492100030,3706.15869140625,9,SD
3064311500492100031,4148.880859375,9,SD
3064311500492100032,5527.8291015625,9,SD
3064311500492100033,6015.888671875,9,SD
3064311500492100034,5708.6435546875,9,SD
3064311500492100036,5980.5087890625,9,SD
3064311500492100037,8413.7138671875,9,SD
3064311500492100038,3200.706787109375,9,SD
3064311500492100039,9486.6728515625,9,SD
3064311500492100040,12815.1767578125,9,SD
3064311500492100041,4064.9833984375,9,SD
3064311500492100042,9163.17578125,9,SD
3064311500492100043,9170.2890625,9,SD
3064311500492100044,7552.556640625,9,SD
3064311500492100046,11632.3642578125,9,SD
3064311500492100047,9022.13671875,9,SD
3064311500492100048,5732.384765625,9,SD
3064311500492100049,1133.4849853515625,9,SD
3064311500492100051,1918.7152099609375,9,SD
3064311500492100053,5595.75927734375,9,SD
3064311500492100055,2210.188720703125,9,SD
3064311500492100057,4917.32177734375,9,SD
3064311500492100058,8508.138671875,9,SD
3064311500492100059,6678.96728515625,9,SD
3064311500492100060,7008.11865234375,9,SD
3064311500492100061,4887.66845703125,9,SD
3064311500492100062,5912.05419921875,9,SD
3064311500492100063,2043.7218017578125,9,SD
3064311500492100065,6198.8017578125,9,SD
3064311500492100066,9839.94921875,9,SD
3064311500492100067,3663.775390625,9,SD
3064311500492100068,2167.598876953125,9,SD
3064311500492100069,5349.08984375,9,SD
3064311500492100070,9387.2109375,9,SD
3064311500492100072,6498.15966796875,9,SD
3064311500492100073,7336.51318359375,9,SD
3064311500492100074,9668.626953125,9,SD
3064311500492100075,8520.728515625,9,SD
3064311500492100076,13844.24609375,9,SD
3064311500492100077,10968.8564453125,9,SD
3064311500492100078,7547.45458984375,9,SD
3064311500492100081,2531.3046875,9,SD
3064311500492100082,11754.763671875,9,SD
3064311500492100084,2603.9453125,9,SD
3064311500492100085,4895.14208984375,9,SD
3064311500492100086,7765.8115234375,9,SD
3064311500492100087,4981.04541015625,9,SD
3064311500492100088,14743.4091796875,9,SD
3064311500492100089,7401.03515625,9,SD
3064311500492100090,4697.419921875,9,SD
3064311500492100091,10264.9365234375,9,SD
3064311500492100093,6714.7080078125,9,SD
3064311500492100094,14071.056640625,9,SD
3064311500492100098,9210.7080078125,9,SD
3064311500492100099,1541.228759765625,9,SD
3064311500492100100,2159.13720703125,9,SD
3064311500492100104,3882.382568359375,9,SD
3064311500493100032,4852.76611328125,9,SD
3064311500493100042,2670.90625,9,SD
3064311500493100054,5063.3798828125,9,SD
3064311500493100061,5164.20849609375,9,SD
3064311500493100064,3553.582275390625,9,SD
3064311500493100067,953.2294921875,9,SD
3064311500493100076,3905.228759765625,9,SD
3064311500493100087,8290.1396484375,9,SD
3064311500493100098,1620.9969482421875,9,SD
3064311500494100008,6718.2724609375,15,SD
3064311500494100010,829.855712890625,15,SD
3064311500494100012,8592.76953125,15,SD
3064311500494100022,4616.912109375,15,SD
3064311500494100027,1204.234619140625,15,SD
3064311500494100028,4724.47265625,15,SD
3064311500494100032,4644.4326171875,15,SD
3064311500494100036,10461.296875,15,SD
3064311500494100037,6206.40283203125,15,SD
3064311500494100038,4122.5283203125,15,SD
3064311500494100039,4814.607421875,15,SD
3064311500494100040,7960.6806640625,15,SD
3064311500494100042,6944.00634765625,15,SD
3064311500494100044,1185.9659423828125,15,SD
3064311500494100046,6395.06298828125,15,SD
3064311500494100047,11435.625,15,SD
3064311500494100051,5553.271484375,15,SD
3064311500494100052,13512.2197265625,15,SD
3064311500494100053,14898.9560546875,15,SD
3064311500494100054,4144.208984375,15,SD
3064311500494100055,15722.2431640625,15,SD
3064311500494100056,2925.23779296875,15,SD
3064311500494100059,5115.462890625,15,SD
3064311500494100063,1025.67041015625,15,SD
3064311500494100064,2934.06005859375,15,SD
3064311500494100065,10620.1318359375,15,SD
3064311500494100066,952.3021240234375,15,SD
3064311500494100067,9515.306640625,15,SD
3064311500494100068,4291.61279296875,15,SD
3064311500494100070,5340.2275390625,15,SD
3064311500494100071,2964.25634765625,15,SD
3064311500494100072,14972.9013671875,15,SD
3064311500494100074,7423.7041015625,15,SD
3064311500494100075,15827.9443359375,15,SD
3064311500494100076,7022.4794921875,15,SD
3064311500494100077,2855.479736328125,15,SD
3064311500494100078,2189.591796875,15,SD
3064311500494100080,3565.25,15,SD
3064311500494100081,2053.945556640625,15,SD
3064311500494100082,6499.6005859375,15,SD
3064311500494100083,1336.294677734375,15,SD
3064311500494100085,6789.1748046875,15,SD
3064311500494100086,7335.5693359375,15,SD
3064311500494100088,7747.63916015625,15,SD
3064311500494100089,5248.14501953125,15,SD
3064311500494100090,5533.9482421875,15,SD
3064311500494100091,5548.81103515625,15,SD
3064311500494100093,6338.88818359375,15,SD
3064311500494100094,11265.6884765625,15,SD
3064311500494100095,3215.287353515625,15,SD
3064311500494100096,17266.8828125,15,SD
3064311500494100098,15757.5849609375,15,SD
3064311500494100099,6447.49267578125,15,SD
3064311500494100100,4454.607421875,15,SD
3064311500494100101,7590.9951171875,15,SD
3064311500494100102,10729.4326171875,15,SD
3064311500494100104,5477.9443359375,15,SD
3064311500494100106,5027.25244140625,15,SD
3064311500494100108,10144.056640625,15,SD
3064311500494100110,5682.400390625,15,SD
3064311500494100111,7101.13720703125,15,SD
3064311500494100112,7870.83544921875,15,SD
3064311500494100113,4365.62158203125,15,SD
3064311500494100116,5616.05810546875,15,SD
3064311500494100117,3135.912841796875,15,SD
3064311500494100118,3780.4892578125,15,SD
3064311500494100119,4112.22021484375,15,SD
3064311500494100120,4437.86376953125,15,SD
3064311500494100122,12540.2041015625,15,SD
3064311500494100123,3806.864501953125,15,SD
3064311500494100128,5763.91650390625,15,SD
3064311500494100133,6616.14697265625,15,SD
3064311500495100008,15861.1923828125,15,SD
3064311500495100013,30038.720703125,15,SD
3064311500495100017,9397.87890625,15,SD
3064311500495100020,8699.7958984375,15,SD
3064311500495100022,6655.30126953125,15,SD
3064311500495100026,12485.3662109375,15,SD
3064311500495100028,3956.2880859375,15,SD
3064311500495100029,1571.4910888671875,15,SD
3064311500495100030,10556.9013671875,15,SD
3064311500495100031,779.6757202148438,15,SD
3064311500495100033,1165.838623046875,15,SD
3064311500495100037,10523.7421875,15,SD
3064311500495100038,4617.830078125,15,SD
3064311500495100039,19220.400390625,15,SD
3064311500495100041,10639.01953125,15,SD
3064311500495100043,5616.05419921875,15,SD
3064311500495100045,3199.44873046875,15,SD
3064311500495100047,8539.7412109375,15,SD
3064311500495100049,6192.6181640625,15,SD
3064311500495100050,10230.79296875,15,SD
3064311500495100051,14561.55078125,15,SD
3064311500495100053,11932.99609375,15,SD
3064311500495100054,4354.5458984375,15,SD
3064311500495100056,6497.568359375,15,SD
3064311500495100057,4913.94482421875,15,SD
3064311500495100058,1836.295654296875,15,SD
3064311500495100059,4356.15087890625,15,SD
3064311500495100060,4386.646484375,15,SD
3064311500495100063,7397.26220703125,15,SD
3064311500495100064,5826.3232421875,15,SD
3064311500495100065,11906.0087890625,15,SD
3064311500495100066,7236.63818359375,15,SD
3064311500495100067,11738.9482421875,15,SD
3064311500495100069,1557.9075927734375,15,SD
3064311500495100070,2388.80029296875,15,SD
3064311500495100071,12921.5615234375,15,SD
3064311500495100074,2726.0029296875,15,SD
3064311500495100075,6900.11279296875,15,SD
3064311500495100076,6194.96484375,15,SD
3064311500495100078,7982.91455078125,15,SD
3064311500495100079,9268.533203125,15,SD
3064311500495100081,4114.27001953125,15,SD
3064311500495100082,8849.484375,15,SD
3064311500495100084,3361.148193359375,15,SD
3064311500495100085,7490.0830078125,15,SD
3064311500495100087,1686.2720947265625,15,SD
3064311500495100089,15223.228515625,15,SD
3064311500495100090,1106.9097900390625,15,SD
3064311500495100091,6744.51806640625,15,SD
3064311500495100092,2297.845458984375,15,SD
3064311500495100093,14110.3994140625,15,SD
3064311500495100094,1801.3160400390625,15,SD
3064311500495100096,8023.94970703125,15,SD
3064311500495100097,5558.04248046875,15,SD
3064311500495100101,10629.1552734375,15,SD
3064311500495100102,2909.51513671875,15,SD
3064311500495100103,5192.29052734375,15,SD
3064311500495100105,6745.95751953125,15,SD
3064311500495100106,17497.4921875,15,SD
3064311500495100108,2870.357177734375,15,SD
3064311500495100109,9000.0302734375,15,SD
3064311500495100110,5717.99365234375,15,SD
3064311500495100111,6433.4208984375,15,SD
3064311500495100112,6234.60107421875,15,SD
3064311500495100113,2297.005615234375,15,SD
3064311500495100114,4740.88623046875,15,SD
3064311500495100115,3190.310791015625,15,SD
3064311500495100116,8002.79736328125,15,SD
3064311500495100117,6229.984375,15,SD
3064311500495100118,1073.000244140625,15,SD
3064311500495100119,1535.0472412109375,15,SD
3064311500495100120,1550.4764404296875,15,SD
3064311500495100121,2222.481201171875,15,SD
3064311500495100122,8341.1591796875,15,SD
3064311500495100124,2928.36669921875,15,SD
3064311500495100125,1874.636474609375,15,SD
3064311500495100130,5240.875,15,SD
3064311500495100133,12052.888671875,15,SD
3064311500495100135,4171.5634765625,15,SD
3064311500495100136,325.3056945800781,15,SD
3064311500495100138,5058.8564453125,15,SD
3064311500495100140,1965.833740234375,15,SD
3064311500495100144,2532.990966796875,15,SD
3064311500495100146,4104.3837890625,15,SD
3064311500495100148,13973.1298828125,15,SD
3064311500495100151,2546.42578125,15,SD
3064311500495100157,3201.709228515625,15,SD
3064311500496100008,3338.5927734375,15,SD
3064311500496100010,23036.763671875,15,SD
3064311500496100011,8075.54931640625,15,SD
3064311500496100020,17749.224609375,15,SD
3064311500496100022,8356.0654296875,15,SD
3064311500496100023,10885.69921875,15,SD
3064311500496100027,6749.3427734375,15,SD
3064311500496100032,14270.3291015625,15,SD
3064311500496100034,3879.114013671875,15,SD
3064311500496100035,3305.30908203125,15,SD
3064311500496100036,5590.3095703125,15,SD
3064311500496100038,7550.37451171875,15,SD
3064311500496100039,3803.063720703125,15,SD
3064311500496100040,1464.4677734375,15,SD
3064311500496100041,2437.0,15,SD
3064311500496100042,1895.0162353515625,15,SD
3064311500496100043,2544.320068359375,15,SD
3064311500496100044,7085.4404296875,15,SD
3064311500496100045,2468.903076171875,15,SD
3064311500496100046,4266.1630859375,15,SD
3064311500496100047,6242.94091796875,15,SD
3064311500496100049,1071.5389404296875,15,SD
3064311500496100050,5210.66748046875,15,SD
3064311500496100051,12552.9697265625,15,SD
3064311500496100053,6930.482421875,15,SD
3064311500496100054,5193.14111328125,15,SD
3064311500496100055,2023.709228515625,15,SD
3064311500496100056,4568.33203125,15,SD
3064311500496100059,3776.901611328125,15,SD
3064311500496100060,1643.7835693359375,15,SD
3064311500496100061,5256.990234375,15,SD
3064311500496100063,8515.90234375,15,SD
3064311500496100064,9345.8681640625,15,SD
3064311500496100065,15557.478515625,15,SD
3064311500496100066,4727.41064453125,15,SD
3064311500496100067,3539.33203125,15,SD
3064311500496100069,6324.83154296875,15,SD
3064311500496100071,5302.19189453125,15,SD
3064311500496100072,9444.759765625,15,SD
3064311500496100073,8189.31396484375,15,SD
3064311500496100075,2849.8115234375,15,SD
3064311500496100076,3864.1318359375,15,SD
3064311500496100077,5003.56591796875,15,SD
3064311500496100079,8644.2607421875,15,SD
3064311500496100080,3879.4384765625,15,SD
3064311500496100081,4323.30322265625,15,SD
3064311500496100082,15340.4384765625,15,SD
3064311500496100083,8283.484375,15,SD
3064311500496100086,15803.4833984375,15,SD
3064311500496100087,12460.6708984375,15,SD
3064311500496100088,3814.41552734375,15,SD
3064311500496100091,4968.2109375,15,SD
3064311500496100092,3115.10009765625,15,SD
3064311500496100093,935.04248046875,15,SD
3064311500496100096,2703.857177734375,15,SD
3064311500496100097,6074.49755859375,15,SD
3064311500496100098,270.9503173828125,15,SD
3064311500496100099,3253.684326171875,15,SD
3064311500496100101,4529.20166015625,15,SD
3064311500496100103,5004.04296875,15,SD
3064311500496100104,14995.4833984375,15,SD
3064311500496100105,14842.0302734375,15,SD
3064311500496100106,6309.787109375,15,SD
3064311500496100107,11960.1806640625,15,SD
3064311500496100108,10087.5908203125,15,SD
3064311500496100111,792.2395629882812,15,SD
3064311500496100114,7734.552734375,15,SD
3064311500496100117,5106.1494140625,15,SD
3064311500496100119,4635.9375,15,SD
3064311500496100124,8520.130859375,15,SD
3064311500496100126,4217.8154296875,15,SD
3064311500496100127,7169.947265625,15,SD
3064311500496100128,8622.490234375,15,SD
3064311500496100129,4918.859375,15,SD
3064311500496100130,1737.038330078125,15,SD
3064311500496100131,15431.650390625,15,SD
3064311500496100132,3908.681884765625,15,SD
3064311500496100134,4606.48974609375,15,SD
3064311500496100135,1888.3021240234375,15,SD
3064311500496100138,4068.790283203125,15,SD
3064311500496100139,10009.7568359375,15,SD
3064311500496100140,10823.486328125,15,SD
3064311500496100141,4262.373046875,15,SD
3064311500496100143,8828.5458984375,15,SD
3064311500496100145,10526.3984375,15,SD
3064311500496100146,4608.482421875,15,SD
3064311500496100148,8985.1640625,15,SD
3064311500496100149,4149.46875,15,SD
3064311500496100150,4478.0078125,15,SD
3064311500496100151,2574.350830078125,15,SD
3064311500496100152,3612.3056640625,15,SD
3064311500496100153,15716.416015625,15,SD
3064311500496100154,4541.4951171875,15,SD
3064311500496100157,5486.529296875,15,SD
3064311500496100158,3487.8896484375,15,SD
3064311500496100161,1789.738525390625,15,SD
3064311500496100164,1275.468505859375,15,SD
3064311500496100165,7744.142578125,15,SD
3064311500496100167,5275.47607421875,15,SD
3064311500496100169,3289.9453125,15,SD
3064311500496100171,8043.58935546875,15,SD
3064311500496100172,5919.6318359375,15,SD
3064311500496100174,7389.93408203125,15,SD
3064311500497100088,3396.686279296875,15,SD
3064311500497100116,7676.54296875,15,SD
3064311500498100007,6934.7607421875,30,SD
3064311500498100008,10962.4140625,30,SD
3064311500498100009,8431.0439453125,30,SD
3064311500498100018,3319.798583984375,30,SD
3064311500498100021,2833.559814453125,30,SD
3064311500498100023,4964.10107421875,30,SD
3064311500498100025,14297.1787109375,30,SD
3064311500498100034,11697.8271484375,30,SD
3064311500498100037,15605.6005859375,30,SD
3064311500498100043,6210.373046875,30,SD
3064311500498100047,5103.8388671875,30,SD
3064311500498100053,22919.716796875,30,SD
3064311500498100054,942.9083862304688,30,SD
3064311500498100057,3338.861572265625,30,SD
3064311500498100059,2984.554443359375,30,SD
3064311500498100060,11309.38671875,30,SD
3064311500498100065,6776.60302734375,30,SD
3064311500498100066,413.84661865234375,30,SD
3064311500498100069,13724.787109375,30,SD
3064311500498100071,2732.11328125,30,SD
3064311500498100083,9153.7763671875,30,SD
3064311500498100088,4574.02294921875,30,SD
3064311500498100091,7767.39306640625,30,SD
3064311500498100099,7513.66845703125,30,SD
3064311500498100100,5950.82470703125,30,SD
3064311500498100102,14264.8662109375,30,SD
3064311500498100107,16183.6357421875,30,SD
3064311500498100110,14724.673828125,30,SD
3064311500498100112,5594.61181640625,30,SD
3064311500498100113,1145.18505859375,30,SD
3064311500498100116,3032.341064453125,30,SD
3064311500498100119,5655.8974609375,30,SD
3064311500498100120,2780.076904296875,30,SD
3064311500498100121,7546.3828125,30,SD
3064311500498100144,556.9589233398438,30,SD
3064311500499100001,5097.53466796875,30,SD
3064311500499100005,2794.82763671875,30,SD
3064311500499100009,10152.9599609375,30,SD
3064311500499100010,15386.5703125,30,SD
3064311500499100011,14574.7529296875,30,SD
3064311500499100013,4168.3701171875,30,SD
3064311500499100014,6281.619140625,30,SD
3064311500499100016,6979.548828125,30,SD
3064311500499100017,365.71575927734375,30,SD
3064311500499100018,7856.37451171875,30,SD
3064311500499100019,42359.2578125,30,SD
3064311500499100021,4268.47216796875,30,SD
3064311500499100024,10695.08203125,30,SD
3064311500499100026,11721.8525390625,30,SD
3064311500499100027,7981.23486328125,30,SD
3064311500499100029,2255.8232421875,30,SD
3064311500499100030,8382.8564453125,30,SD
3064311500499100031,2881.578857421875,30,SD
3064311500499100032,22614.58203125,30,SD
3064311500499100033,12240.765625,30,SD
3064311500499100034,16176.916015625,30,SD
3064311500499100035,12312.53515625,30,SD
3064311500499100037,9280.51953125,30,SD
3064311500499100038,2446.83447265625,30,SD
3064311500499100039,13100.15625,30,SD
3064311500499100041,21381.984375,30,SD
3064311500499100043,8694.6748046875,30,SD
3064311500499100044,13458.7509765625,30,SD
3064311500499100045,4332.27392578125,30,SD
3064311500499100046,10168.4716796875,30,SD
3064311500499100047,25094.771484375,30,SD
3064311500499100048,3724.287109375,30,SD
3064311500499100049,5783.23046875,30,SD
3064311500499100050,9178.5478515625,30,SD
3064311500499100052,4659.48828125,30,SD
3064311500499100054,14953.02734375,30,SD
3064311500499100056,18720.251953125,30,SD
3064311500499100057,2747.324462890625,30,SD
3064311500499100058,6239.25830078125,30,SD
3064311500499100059,2895.088623046875,30,SD
3064311500499100061,8746.8408203125,30,SD
3064311500499100062,11380.6376953125,30,SD
3064311500499100063,22077.05078125,30,SD
3064311500499100065,1877.0819091796875,30,SD
3064311500499100066,962.8424072265625,30,SD
3064311500499100067,4732.05224609375,30,SD
3064311500499100069,7159.916015625,30,SD
3064311500499100071,17545.109375,30,SD
3064311500499100073,30896.087890625,30,SD
3064311500499100075,11167.1748046875,30,SD
3064311500499100076,20435.740234375,30,SD
3064311500499100078,10841.4912109375,30,SD
3064311500499100080,9759.873046875,30,SD
3064311500499100083,4522.3505859375,30,SD
3064311500499100086,942.6921997070312,30,SD
3064311500499100087,5555.19970703125,30,SD
3064311500499100088,368.82769775390625,30,SD
3064311500499100089,12473.44140625,30,SD
3064311500499100091,10165.021484375,30,SD
3064311500499100093,8592.8837890625,30,SD
3064311500499100094,11849.1298828125,30,SD
3064311500499100096,11484.9765625,30,SD
3064311500499100097,6715.88330078125,30,SD
3064311500499100098,15482.375,30,SD
3064311500499100099,20923.8203125,30,SD
3064311500499100100,13978.494140625,30,SD
3064311500499100101,8033.50390625,30,SD
3064311500499100102,6360.5576171875,30,SD
3064311500499100103,15863.2509765625,30,SD
3064311500499100104,13812.8056640625,30,SD
3064311500499100105,5672.36767578125,30,SD
3064311500499100107,5207.35693359375,30,SD
3064311500499100108,9752.72265625,30,SD
3064311500499100110,13820.447265625,30,SD
3064311500499100111,19343.673828125,30,SD
3064311500499100114,10620.3623046875,30,SD
3064311500499100116,11833.2509765625,30,SD
3064311500499100117,13898.1201171875,30,SD
3064311500499100118,7584.7822265625,30,SD
3064311500499100119,6385.65625,30,SD
3064311500499100121,7653.90625,30,SD
3064311500499100122,7207.56640625,30,SD
3064311500499100124,11683.634765625,30,SD
3064311500499100126,9250.76953125,30,SD
3064311500499100127,11276.0576171875,30,SD
3064311500499100128,20089.96484375,30,SD
3064311500499100130,9230.5703125,30,SD
3064311500499100133,9874.400390625,30,SD
3064311500499100135,13420.4189453125,30,SD
3064311500499100136,5941.71142578125,30,SD
3064311500499100138,1009.1093139648438,30,SD
3064311500499100139,12577.92578125,30,SD
3064311500499100140,9452.1474609375,30,SD
3064311500499100141,5093.65673828125,30,SD
3064311500499100143,5940.48486328125,30,SD
3064311500499100144,13958.5146484375,30,SD
3064311500499100145,5144.76025390625,30,SD
3064311500499100147,8482.2265625,30,SD
3064311500499100148,15224.6220703125,30,SD
3064311500499100149,27842.234375,30,SD
3064311500499100153,7757.82958984375,30,SD
3064311500499100156,15482.1748046875,30,SD
3064311500499100160,6376.4443359375,30,SD
3064311500499100162,14340.2666015625,30,SD
3064311500499100163,24593.994140625,30,SD
3064311500499100164,9197.328125,30,SD
3064311500499100168,1811.54638671875,30,SD
3064311500499100172,5539.6328125,30,SD
3064311500500100002,4239.1181640625,30,SD
3064311500500100008,7006.11328125,30,SD
3064311500500100010,4072.61328125,30,SD
3064311500500100013,12931.451171875,30,SD
3064311500500100014,14206.6748046875,30,SD
3064311500500100015,7907.55322265625,30,SD
3064311500500100016,702.5738525390625,30,SD
3064311500500100018,16220.3857421875,30,SD
3064311500500100019,2698.429443359375,30,SD
3064311500500100021,731.7283935546875,30,SD
3064311500500100024,4564.96630859375,30,SD
3064311500500100025,8037.4765625,30,SD
3064311500500100026,2429.410400390625,30,SD
3064311500500100027,4783.419921875,30,SD
3064311500500100028,14191.6318359375,30,SD
3064311500500100029,4197.74072265625,30,SD
3064311500500100031,11369.5146484375,30,SD
3064311500500100033,4205.7998046875,30,SD
3064311500500100034,5460.849609375,30,SD
3064311500500100035,16103.474609375,30,SD
3064311500500100036,5999.63037109375,30,SD
3064311500500100037,4464.90185546875,30,SD
3064311500500100038,4602.96875,30,SD
3064311500500100040,6937.28466796875,30,SD
3064311500500100041,2050.90869140625,30,SD
3064311500500100042,2380.946044921875,30,SD
3064311500500100043,7308.849609375,30,SD
3064311500500100044,4046.65673828125,30,SD
3064311500500100045,23770.150390625,30,SD
3064311500500100046,5787.45849609375,30,SD
3064311500500100047,11811.392578125,30,SD
3064311500500100048,5219.6826171875,30,SD
3064311500500100049,5928.80419921875,30,SD
3064311500500100050,3392.109619140625,30,SD
3064311500500100053,4604.66064453125,30,SD
3064311500500100055,14445.3701171875,30,SD
3064311500500100058,10414.642578125,30,SD
3064311500500100059,5555.3916015625,30,SD
3064311500500100060,1933.1123046875,30,SD
3064311500500100061,5682.3046875,30,SD
3064311500500100063,17359.0703125,30,SD
3064311500500100064,3552.065185546875,30,SD
3064311500500100066,4168.02294921875,30,SD
3064311500500100067,4276.2958984375,30,SD
3064311500500100068,13639.9931640625,30,SD
3064311500500100069,4275.1318359375,30,SD
3064311500500100071,16820.3046875,30,SD
3064311500500100072,4057.239013671875,30,SD
3064311500500100073,5192.51416015625,30,SD
3064311500500100074,3857.6044921875,30,SD
3064311500500100075,3533.04443359375,30,SD
3064311500500100076,4020.0400390625,30,SD
3064311500500100077,8945.0576171875,30,SD
3064311500500100078,7442.001953125,30,SD
3064311500500100079,11515.4638671875,30,SD
3064311500500100080,12109.029296875,30,SD
3064311500500100081,15543.37890625,30,SD
3064311500500100082,12599.6787109375,30,SD
3064311500500100083,7571.4033203125,30,SD
3064311500500100084,6694.24560546875,30,SD
3064311500500100085,2336.921630859375,30,SD
3064311500500100087,9357.166015625,30,SD
3064311500500100088,4596.95947265625,30,SD
3064311500500100089,2844.989013671875,30,SD
3064311500500100090,14603.1630859375,30,SD
3064311500500100093,3954.594970703125,30,SD
3064311500500100094,2978.1240234375,30,SD
3064311500500100096,5839.05615234375,30,SD
3064311500500100097,4527.6884765625,30,SD
3064311500500100098,9021.197265625,30,SD
3064311500500100100,23002.7578125,30,SD
3064311500500100101,6102.3291015625,30,SD
3064311500500100102,4524.314453125,30,SD
3064311500500100104,4617.80859375,30,SD
3064311500500100105,6891.42529296875,30,SD
3064311500500100106,14567.455078125,30,SD
3064311500500100108,9170.021484375,30,SD
3064311500500100111,10147.6083984375,30,SD
3064311500500100112,5781.7099609375,30,SD
3064311500500100113,3201.357666015625,30,SD
3064311500500100114,3934.801513671875,30,SD
3064311500500100115,6177.53662109375,30,SD
3064311500500100116,9162.123046875,30,SD
3064311500500100117,10107.779296875,30,SD
3064311500500100118,10892.20703125,30,SD
3064311500500100119,4885.97265625,30,SD
3064311500500100120,1289.4503173828125,30,SD
3064311500500100121,4093.38916015625,30,SD
3064311500500100122,1964.0958251953125,30,SD
3064311500500100123,3128.8212890625,30,SD
3064311500500100125,10512.4755859375,30,SD
3064311500500100126,9591.6416015625,30,SD
3064311500500100127,6904.0,30,SD
3064311500500100128,6729.86474609375,30,SD
3064311500500100129,5857.98828125,30,SD
3064311500500100130,2325.175537109375,30,SD
3064311500500100131,5451.7255859375,30,SD
3064311500500100132,3174.53271484375,30,SD
3064311500500100134,2369.23388671875,30,SD
3064311500500100138,771.6571044921875,30,SD
3064311500500100139,1144.514892578125,30,SD
3064311500500100140,2912.03955078125,30,SD
3064311500500100142,2966.723876953125,30,SD
3064311500500100143,4360.650390625,30,SD
3064311500500100144,4726.341796875,30,SD
3064311500500100145,3449.55126953125,30,SD
3064311500500100147,5392.01806640625,30,SD
3064311500500100148,3417.080810546875,30,SD
3064311500500100151,2115.382568359375,30,SD
3064311500500100152,1442.3284912109375,30,SD
3064311500500100155,16025.15234375,30,SD
3064311500500100156,5066.06787109375,30,SD
3064311500500100158,8319.73046875,30,SD
3064311500500100161,5448.8994140625,30,SD
3064311500500100162,5709.44287109375,30,SD
3064311500500100163,4296.693359375,30,SD
3064311500500100164,7498.48828125,30,SD
3064311500500100165,8675.1982421875,30,SD
3064311500500100166,10610.912109375,30,SD
3064311500500100168,5200.15185546875,30,SD
3064311500500100169,8402.2060546875,30,SD
3064311500500100170,2501.72314453125,30,SD
3064311500500100172,2257.827880859375,30,SD
3064311500500100173,1820.53955078125,30,SD
3064311500500100176,2565.13232421875,30,SD
3064311500500100177,703.31884765625,30,SD
3064311500500100178,5063.10986328125,30,SD
3064311500500100179,6297.7138671875,30,SD
3064311500500100180,8427.904296875,30,SD
3064311500500100182,3234.872802734375,30,SD
3064311500500100183,6317.58544921875,30,SD
3064311500500100184,6037.89453125,30,SD
3064311500500100187,363.5354309082031,30,SD
3064311500500100191,12882.9443359375,30,SD
3064311500500100192,1864.8499755859375,30,SD
3064311500500100195,11536.30859375,30,SD
3064311500500100196,3321.150146484375,30,SD
3064311500500100197,6502.375,30,SD
3064311500500100198,3842.1171875,30,SD
3064311500500100204,6152.59765625,30,SD
3064311500500100207,6064.98828125,30,SD
3064311500500100208,742.8526611328125,30,SD
3064311500500100209,10928.0888671875,30,SD
3064311500500100213,1579.209716796875,30,SD
3064311500500100214,11125.67578125,30,SD
3064311500500100216,5022.7568359375,30,SD
3064311500500100219,4003.443359375,30,SD
3064311500500100220,6522.251953125,30,SD
3064311500500100223,7597.94677734375,30,SD
3064311500500100229,9404.2431640625,30,SD
3064311500500100240,840.9871215820312,30,SD
3064311500500100244,525.4246215820312,30,SD
3064311500501100056,4987.12890625,30,SD
3064311500501100064,4330.7109375,30,SD
3064311500501100066,5672.55419921875,30,SD
3064311500501100070,2424.01318359375,30,SD
3064311500501100082,6334.1533203125,30,SD
3064311500501100083,3470.32421875,30,SD
3064311500501100084,2479.1103515625,30,SD
3064311500501100092,5811.92431640625,30,SD
3064311500501100100,9005.4326171875,30,SD
3064311500501100103,13338.427734375,30,SD
3064311500501100109,6965.74658203125,30,SD
3064311500501100114,6584.44189453125,30,SD
3064311500501100116,5239.63134765625,30,SD
3064311500501100121,4427.4599609375,30,SD
3064311500501100125,2350.47412109375,30,SD
3064311500501100127,3842.646728515625,30,SD
3064311500501100128,7058.591796875,30,SD
3064311500501100131,4428.033203125,30,SD
3064311500501100132,3902.9287109375,30,SD
3064311500501100136,5809.9990234375,30,SD
3064311500501100137,2866.79736328125,30,SD
3064311500501100138,5635.42431640625,30,SD
3064311500501100140,4489.77490234375,30,SD
3064311500503100004,11210.1962890625,33,SD
3064311500503100006,5729.66064453125,33,SD
3064311500503100010,3858.876953125,33,SD
3064311500503100011,2839.779541015625,33,SD
3064311500503100012,6262.60693359375,33,SD
3064311500503100013,2509.367431640625,33,SD
3064311500503100014,2576.71484375,33,SD
3064311500503100015,4687.6669921875,33,SD
3064311500503100016,8478.3515625,33,SD
3064311500503100017,4337.44873046875,33,SD
3064311500503100021,4842.74853515625,33,SD
3064311500503100022,4931.287109375,33,SD
3064311500503100023,4404.0390625,33,SD
3064311500503100025,743.592529296875,33,SD
3064311500503100026,1149.4051513671875,33,SD
3064311500503100027,719.1776733398438,33,SD
3064311500503100028,3345.293701171875,33,SD
3064311500503100029,3720.532470703125,33,SD
3064311500503100030,1373.0726318359375,33,SD
3064311500503100031,8900.51953125,33,SD
3064311500503100032,4518.2412109375,33,SD
3064311500503100033,3582.0224609375,33,SD
3064311500503100034,8655.4228515625,33,SD
3064311500503100038,3822.247802734375,33,SD
3064311500503100039,20227.259765625,33,SD
3064311500503100040,1333.923583984375,33,SD
3064311500503100042,1753.4349365234375,33,SD
3064311500503100044,9446.240234375,33,SD
3064311500503100045,9104.5478515625,33,SD
3064311500503100047,3151.802001953125,33,SD
3064311500503100048,5193.63330078125,33,SD
3064311500503100050,10973.2236328125,33,SD
3064311500503100051,3968.987548828125,33,SD
3064311500503100052,10383.533203125,33,SD
3064311500503100053,5348.5341796875,33,SD
3064311500503100054,4776.185546875,33,SD
3064311500503100055,8272.33984375,33,SD
3064311500503100056,4768.0,33,SD
3064311500503100058,7426.1767578125,33,SD
3064311500503100059,4832.36279296875,33,SD
3064311500503100060,12864.1767578125,33,SD
3064311500503100061,6631.4892578125,33,SD
3064311500503100062,5006.6064453125,33,SD
3064311500503100063,10250.7412109375,33,SD
3064311500503100066,13119.115234375,33,SD
3064311500503100067,9623.28125,33,SD
3064311500503100068,9091.9755859375,33,SD
3064311500503100070,8875.2021484375,33,SD
3064311500503100071,6946.306640625,33,SD
3064311500503100072,2053.93603515625,33,SD
3064311500503100075,6051.2236328125,33,SD
3064311500503100076,6821.8125,33,SD
3064311500503100077,3643.21484375,33,SD
3064311500503100078,4873.5869140625,33,SD
3064311500503100079,12122.271484375,33,SD
3064311500503100080,6404.6982421875,33,SD
3064311500503100081,2643.94189453125,33,SD
3064311500503100083,12256.9892578125,33,SD
3064311500503100084,5965.4296875,33,SD
3064311500503100085,5046.33251953125,33,SD
3064311500503100086,12259.4990234375,33,SD
3064311500503100087,4111.52783203125,33,SD
3064311500503100088,11259.28515625,33,SD
3064311500503100089,12230.16015625,33,SD
3064311500503100090,7764.00244140625,33,SD
3064311500503100091,5959.4267578125,33,SD
3064311500503100092,11972.6064453125,33,SD
3064311500503100094,2029.2635498046875,33,SD
3064311500503100095,10240.6884765625,33,SD
3064311500503100096,5294.7158203125,33,SD
3064311500503100097,3714.21533203125,33,SD
3064311500503100098,6047.33349609375,33,SD
3064311500503100099,11191.013671875,33,SD
3064311500503100100,3113.72119140625,33,SD
3064311500503100101,11998.482421875,33,SD
3064311500503100102,7206.5693359375,33,SD
3064311500503100104,1457.2940673828125,33,SD
3064311500503100105,6352.21728515625,33,SD
3064311500503100106,5218.0966796875,33,SD
3064311500503100107,4941.02880859375,33,SD
3064311500503100109,4362.59375,33,SD
3064311500503100110,6666.689453125,33,SD
3064311500503100111,9930.5390625,33,SD
3064311500503100112,1241.40478515625,33,SD
3064311500503100114,4259.6376953125,33,SD
3064311500503100116,4610.79931640625,33,SD
3064311500503100117,4278.1494140625,33,SD
3064311500503100118,579.9564819335938,33,SD
3064311500503100121,6774.45849609375,33,SD
3064311500503100123,5008.99658203125,33,SD
3064311500503100124,4247.5439453125,33,SD
3064311500503100125,3443.10888671875,33,SD
3064311500503100127,4079.068359375,33,SD
3064311500504100017,3412.921875,33,SD
3064311500504100020,4978.61962890625,33,SD
3064311500504100021,3787.9716796875,33,SD
3064311500504100024,1868.9617919921875,33,SD
3064311500504100026,2851.599609375,33,SD
3064311500504100027,3642.288818359375,33,SD
3064311500504100028,3244.97412109375,33,SD
3064311500504100030,2015.8656005859375,33,SD
3064311500504100031,3932.552978515625,33,SD
3064311500504100032,3537.12451171875,33,SD
3064311500504100033,589.7578735351562,33,SD
3064311500504100035,3959.959716796875,33,SD
3064311500504100036,2471.114990234375,33,SD
3064311500504100037,5936.18017578125,33,SD
3064311500504100038,2226.778564453125,33,SD
3064311500504100039,4222.91015625,33,SD
3064311500504100040,3126.023681640625,33,SD
3064311500504100041,1881.19775390625,33,SD
3064311500504100042,4083.595703125,33,SD
3064311500504100043,5394.09130859375,33,SD
3064311500504100044,1057.243896484375,33,SD
3064311500504100045,2327.38232421875,33,SD
3064311500504100046,2522.873779296875,33,SD
3064311500504100047,3476.005615234375,33,SD
3064311500504100048,2832.66162109375,33,SD
3064311500504100049,4709.5576171875,33,SD
3064311500504100055,3895.095947265625,33,SD
3064311500504100056,3399.759765625,33,SD
3064311500504100059,9661.3125,33,SD
3064311500504100060,1093.967529296875,33,SD
3064311500504100061,3860.92431640625,33,SD
3064311500504100064,3656.254150390625,33,SD
3064311500504100065,2000.752685546875,33,SD
3064311500504100066,7101.9482421875,33,SD
3064311500504100067,9479.1279296875,33,SD
3064311500504100068,2753.235595703125,33,SD
3064311500504100070,6704.18310546875,33,SD
3064311500504100074,3926.962646484375,33,SD
3064311500504100075,4025.992919921875,33,SD
3064311500504100076,3963.693115234375,33,SD
3064311500504100077,6636.76416015625,33,SD
3064311500504100079,2960.490234375,33,SD
3064311500504100080,3023.617919921875,33,SD
3064311500504100081,4071.058349609375,33,SD
3064311500504100082,9461.853515625,33,SD
3064311500504100086,6359.6611328125,33,SD
3064311500504100087,3049.796630859375,33,SD
3064311500504100088,10095.3310546875,33,SD
3064311500504100090,2207.131591796875,33,SD
3064311500504100091,5189.29541015625,33,SD
3064311500504100092,4934.24951171875,33,SD
3064311500504100093,7629.22119140625,33,SD
3064311500504100094,11611.509765625,33,SD
3064311500504100096,13565.03125,33,SD
3064311500504100098,9638.4033203125,33,SD
3064311500504100099,741.7028198242188,33,SD
3064311500504100100,16039.0859375,33,SD
3064311500504100101,8887.310546875,33,SD
3064311500504100105,10251.9775390625,33,SD
3064311500504100107,7903.78662109375,33,SD
3064311500504100108,7136.94140625,33,SD
3064311500504100109,6539.68408203125,33,SD
3064311500504100113,8403.65234375,33,SD
3064311500504100114,5015.1103515625,33,SD
3064311500504100116,14071.568359375,33,SD
3064311500504100117,3546.759765625,33,SD
3064311500504100121,2373.73193359375,33,SD
3064311500504100122,2915.43505859375,33,SD
3064311500504100124,6022.98291015625,33,SD
3064311500504100125,1854.021728515625,33,SD
3064311500504100126,10624.0966796875,33,SD
3064311500504100127,5646.38232421875,33,SD
3064311500504100130,12110.3623046875,33,SD
3064311500504100132,6671.1064453125,33,SD
3064311500504100133,2009.4989013671875,33,SD
3064311500504100134,7103.6513671875,33,SD
3064311500504100138,894.1624145507812,33,SD
3064311500504100141,4813.8505859375,33,SD
3064311500504100145,5176.17919921875,33,SD
3064311500504100146,6094.00390625,33,SD
3064311500504100147,2930.02490234375,33,SD
3064311500504100148,11647.19921875,33,SD
3064311500504100151,7461.0810546875,33,SD
3064311500504100152,6519.5341796875,33,SD
3064311500504100153,3768.294921875,33,SD
3064311500504100154,4312.4267578125,33,SD
3064311500504100156,3800.76611328125,33,SD
3064311500504100157,2896.029296875,33,SD
3064311500504100158,8484.6494140625,33,SD
3064311500504100160,1257.533203125,33,SD
3064311500504100161,6463.60205078125,33,SD
3064311500504100162,5128.91845703125,33,SD
3064311500504100165,6708.44091796875,33,SD
3064311500504100166,3266.56201171875,33,SD
3064311500504100169,12364.5830078125,33,SD
3064311500504100173,11842.3837890625,33,SD
3064311500504100176,5670.16796875,33,SD
3064311500504100177,5269.3779296875,33,SD
3064311500504100179,303.62451171875,33,SD
3064311500504100180,13553.009765625,33,SD
3064311500504100181,11127.3525390625,33,SD
3064311500504100183,7964.25439453125,33,SD
3064311500504100185,4450.2216796875,33,SD
3064311500504100186,2188.0283203125,33,SD
3064311500504100187,11866.6416015625,33,SD
3064311500504100188,6483.8310546875,33,SD
3064311500504100189,3143.767333984375,33,SD
3064311500504100192,3793.80908203125,33,SD
3064311500504100195,2415.6591796875,33,SD
3064311500504100196,14226.0849609375,33,SD
3064311500504100198,25783.9765625,33,SD
3064311500504100199,8705.7392578125,33,SD
3064311500504100200,10778.5322265625,33,SD
3064311500504100204,952.843994140625,33,SD
3064311500504100205,15562.28125,33,SD
3064311500504100206,10763.6318359375,33,SD
3064311500504100211,1263.250732421875,33,SD
3064311500505100006,11660.7119140625,33,SD
3064311500505100007,5541.85205078125,33,SD
3064311500505100017,1346.666259765625,33,SD
3064311500505100018,9652.57421875,33,SD
3064311500505100020,5610.49267578125,33,SD
3064311500505100022,7161.75927734375,33,SD
3064311500505100023,7293.45263671875,33,SD
3064311500505100024,5287.05859375,33,SD
3064311500505100026,2027.22802734375,33,SD
3064311500505100027,5146.77587890625,33,SD
3064311500505100028,3550.281005859375,33,SD
3064311500505100029,5699.50341796875,33,SD
3064311500505100032,2146.697509765625,33,SD
3064311500505100033,5976.15771484375,33,SD
3064311500505100034,4331.26611328125,33,SD
3064311500505100035,9885.921875,33,SD
3064311500505100036,4613.798828125,33,SD
3064311500505100037,5619.10302734375,33,SD
3064311500505100038,397.98980712890625,33,SD
3064311500505100039,5076.35791015625,33,SD
3064311500505100040,6506.88525390625,33,SD
3064311500505100041,3970.83984375,33,SD
3064311500505100042,2928.11962890625,33,SD
3064311500505100043,2972.09375,33,SD
3064311500505100044,2641.297119140625,33,SD
3064311500505100045,5214.01220703125,33,SD
3064311500505100046,2672.58837890625,33,SD
3064311500505100047,5004.75634765625,33,SD
3064311500505100048,3585.69580078125,33,SD
3064311500505100049,1872.338134765625,33,SD
3064311500505100050,3907.50634765625,33,SD
3064311500505100052,4741.41162109375,33,SD
3064311500505100053,9597.66015625,33,SD
3064311500505100054,4007.45556640625,33,SD
3064311500505100056,5793.54931640625,33,SD
3064311500505100057,5379.2353515625,33,SD
3064311500505100058,5679.1669921875,33,SD
3064311500505100060,2771.131103515625,33,SD
3064311500505100061,5356.54443359375,33,SD
3064311500505100062,713.278564453125,33,SD
3064311500505100065,5914.125,33,SD
3064311500505100066,987.3259887695312,33,SD
3064311500505100068,4000.1220703125,33,SD
3064311500505100069,4097.9697265625,33,SD
3064311500505100070,3373.29736328125,33,SD
3064311500505100072,3144.8232421875,33,SD
3064311500505100074,6697.607421875,33,SD
3064311500505100075,1420.3387451171875,33,SD
3064311500505100076,7583.78173828125,33,SD
3064311500505100077,6115.197265625,33,SD
3064311500505100081,8049.46533203125,33,SD
3064311500505100082,5079.1865234375,33,SD
3064311500505100083,2960.76025390625,33,SD
3064311500505100084,6635.05126953125,33,SD
3064311500509100004,1528.90625,5,SD
3064311500509100005,492.9950256347656,5,SD
3064311500509100009,6081.7392578125,5,SD
3064311500509100013,2380.716552734375,5,SD
3064311500509100014,4223.15771484375,5,SD
3064311500509100015,5174.2685546875,5,SD
3064311500509100016,2793.864501953125,5,SD
3064311500509100017,1765.855224609375,5,SD
3064311500509100018,8581.80078125,5,SD
3064311500509100019,8208.48828125,5,SD
3064311500509100020,2193.249755859375,5,SD
3064311500509100021,5200.9541015625,5,SD
3064311500509100022,2124.858154296875,5,SD
3064311500509100023,3961.319091796875,5,SD
3064311500509100024,4941.4580078125,5,SD
3064311500509100025,5878.740234375,5,SD
3064311500509100026,5821.4375,5,SD
3064311500509100029,4237.16162109375,5,SD
3064311500509100030,7031.3486328125,5,SD
3064311500509100031,2553.114990234375,5,SD
3064311500509100032,516.6968383789062,5,SD
3064311500509100033,3151.18212890625,5,SD
3064311500509100034,9353.255859375,5,SD
3064311500509100035,8266.7939453125,5,SD
3064311500509100036,7560.04443359375,5,SD
3064311500509100037,2139.02392578125,5,SD
3064311500509100038,1655.9840087890625,5,SD
3064311500509100039,1678.25830078125,5,SD
3064311500509100040,7225.650390625,5,SD
3064311500509100041,3115.320556640625,5,SD
3064311500509100042,9709.4072265625,5,SD
3064311500509100043,1269.0474853515625,5,SD
3064311500509100044,2334.216552734375,5,SD
3064311500509100046,5659.20166015625,5,SD
3064311500509100047,2259.1826171875,5,SD
3064311500509100048,11718.3564453125,5,SD
3064311500509100049,5147.5146484375,5,SD
3064311500509100050,5334.98095703125,5,SD
3064311500509100051,673.257568359375,5,SD
3064311500509100052,1435.3553466796875,5,SD
3064311500509100053,6577.84130859375,5,SD
3064311500509100054,4154.59912109375,5,SD
3064311500509100055,745.112548828125,5,SD
3064311500509100056,13911.4501953125,5,SD
3064311500509100057,3651.232177734375,5,SD
3064311500509100058,477.85675048828125,5,SD
3064311500509100059,9428.65625,5,SD
3064311500509100060,317.3313903808594,5,SD
3064311500509100061,866.9718627929688,5,SD
3064311500509100062,4033.040283203125,5,SD
3064311500509100063,5008.087890625,5,SD
3064311500509100064,1885.9625244140625,5,SD
3064311500509100065,1000.2437744140625,5,SD
3064311500509100066,8381.6171875,5,SD
3064311500509100067,1947.8013916015625,5,SD
3064311500509100068,2760.71630859375,5,SD
3064311500509100069,5260.5947265625,5,SD
3064311500509100071,2541.971435546875,5,SD
3064311500509100072,8390.6787109375,5,SD
3064311500509100073,9694.705078125,5,SD
3064311500509100074,1906.603759765625,5,SD
3064311500509100075,2013.617919921875,5,SD
3064311500509100076,2565.688720703125,5,SD
3064311500509100077,4828.40625,5,SD
3064311500509100078,19347.19921875,5,SD
3064311500509100079,6084.052734375,5,SD
3064311500509100080,5531.74609375,5,SD
3064311500509100081,5445.1611328125,5,SD
3064311500509100082,2754.777099609375,5,SD
3064311500509100083,7371.3720703125,5,SD
3064311500509100086,5443.00927734375,5,SD
3064311500509100087,2401.44140625,5,SD
3064311500509100089,557.836181640625,5,SD
3064311500509100090,10861.4296875,5,SD
3064311500509100091,9787.6728515625,5,SD
3064311500509100093,652.1098022460938,5,SD
3064311500509100095,2527.029052734375,5,SD
3064311500509100096,3902.699951171875,5,SD
3064311500509100098,6687.56982421875,5,SD
3064311500509100100,19455.029296875,5,SD
3064311500509100101,2097.739990234375,5,SD
3064311500509100102,14663.02734375,5,SD
3064311500509100103,2613.963134765625,5,SD
3064311500509100106,8300.18359375,5,SD
3064311500510100017,231.67015075683594,5,SD
3064311500510100020,130.29098510742188,5,SD
3064311500510100021,661.6519775390625,5,SD
3064311500510100052,4910.07373046875,5,SD
3064311500510100055,7308.6328125,5,SD
3064311500510100060,8770.6923828125,5,SD
3064311500511100005,11440.75390625,5,SD
3064311500511100011,7143.1025390625,5,SD
3064311500511100015,11231.4091796875,5,SD
3064311500511100016,12241.08984375,5,SD
3064311500511100017,397.77880859375,5,SD
3064311500511100020,5710.47998046875,5,SD
3064311500511100021,3658.37548828125,5,SD
3064311500511100023,5696.76025390625,5,SD
3064311500511100024,2467.944580078125,5,SD
3064311500511100025,10461.234375,5,SD
3064311500511100026,9570.5361328125,5,SD
3064311500511100027,3019.79541015625,5,SD
3064311500511100029,15349.9443359375,5,SD
3064311500511100030,6067.3291015625,5,SD
3064311500511100032,191.18614196777344,5,SD
3064311500511100033,7330.78125,5,SD
3064311500511100034,9779.2294921875,5,SD
3064311500511100036,11008.908203125,5,SD
3064311500511100039,6014.66796875,5,SD
3064311500511100040,4554.5712890625,5,SD
3064311500511100041,7753.021484375,5,SD
3064311500511100042,10538.6005859375,5,SD
3064311500511100043,7169.22509765625,5,SD
3064311500511100044,7760.1171875,5,SD
3064311500511100045,13733.2109375,5,SD
3064311500511100046,3943.19482421875,5,SD
3064311500511100048,7207.32177734375,5,SD
3064311500511100049,3030.4130859375,5,SD
3064311500511100050,3032.45068359375,5,SD
3064311500511100051,9936.4912109375,5,SD
3064311500511100052,9298.4345703125,5,SD
3064311500511100053,8267.72265625,5,SD
3064311500511100054,8556.1025390625,5,SD
3064311500511100055,8273.7900390625,5,SD
3064311500511100057,5144.92822265625,5,SD
3064311500511100058,5644.66552734375,5,SD
3064311500511100059,3478.22021484375,5,SD
3064311500511100060,9743.0888671875,5,SD
3064311500511100061,7744.60107421875,5,SD
3064311500511100062,7556.59912109375,5,SD
3064311500511100063,1928.5802001953125,5,SD
3064311500511100064,4427.20751953125,5,SD
3064311500511100065,3191.266845703125,5,SD
3064311500511100066,3660.119384765625,5,SD
3064311500511100067,12184.5693359375,5,SD
3064311500511100068,10187.1318359375,5,SD
3064311500511100069,4985.66943359375,5,SD
3064311500511100070,5557.37109375,5,SD
3064311500511100071,2931.1689453125,5,SD
3064311500511100072,5383.556640625,5,SD
3064311500511100073,6458.63037109375,5,SD
3064311500511100074,4481.4365234375,5,SD
3064311500511100076,9348.2607421875,5,SD
3064311500512100031,1130.2967529296875,5,SD
3064311500513100012,3962.156982421875,9,SD
3064311500513100014,5747.87158203125,9,SD
3064311500513100016,5574.76953125,9,SD
3064311500513100018,10213.228515625,9,SD
3064311500513100021,2833.5732421875,9,SD
3064311500513100023,1454.901611328125,9,SD
3064311500513100026,6113.09619140625,9,SD
3064311500513100028,1215.8831787109375,9,SD
3064311500513100030,3897.55908203125,9,SD
3064311500513100032,2042.689453125,9,SD
3064311500513100033,4524.80029296875,9,SD
3064311500513100034,8899.0390625,9,SD
3064311500513100039,2060.877197265625,9,SD
3064311500513100041,3691.22412109375,9,SD
3064311500513100042,4984.95263671875,9,SD
3064311500513100043,4010.673828125,9,SD
3064311500513100048,5183.35009765625,9,SD
3064311500513100049,4660.8916015625,9,SD
3064311500513100050,5086.140625,9,SD
3064311500513100051,1251.184326171875,9,SD
3064311500513100052,5473.2607421875,9,SD
3064311500513100055,836.0673217773438,9,SD
3064311500513100056,932.9597778320312,9,SD
3064311500513100057,5909.4287109375,9,SD
3064311500513100059,295.47113037109375,9,SD
3064311500513100061,8420.8203125,9,SD
3064311500513100062,1579.0059814453125,9,SD
3064311500513100065,3995.247802734375,9,SD
3064311500513100068,3926.296875,9,SD
3064311500513100070,7001.93408203125,9,SD
3064311500513100074,9432.4052734375,9,SD
3064311500513100075,6661.78173828125,9,SD
3064311500513100076,1799.109130859375,9,SD
3064311500513100078,8320.6533203125,9,SD
3064311500513100079,975.9072265625,9,SD
3064311500513100082,470.926513671875,9,SD
3064311500513100084,5881.68408203125,9,SD
3064311500513100085,2057.386962890625,9,SD
3064311500513100089,5085.21826171875,9,SD
3064311500513100091,4594.9306640625,9,SD
3064311500513100092,3798.29736328125,9,SD
3064311500513100095,4776.20751953125,9,SD
3064311500514100014,12173.185546875,9,SD
3064311500514100016,4230.84423828125,9,SD
3064311500514100021,121.1951675415039,9,SD
3064311500514100024,490.7096252441406,9,SD
3064311500514100025,5983.939453125,9,SD
3064311500514100027,1212.3160400390625,9,SD
3064311500514100029,8826.4736328125,9,SD
3064311500514100030,9948.16796875,9,SD
3064311500514100031,3659.7900390625,9,SD
3064311500514100033,263.23406982421875,9,SD
3064311500514100035,172.49954223632812,9,SD
3064311500514100036,3518.190185546875,9,SD
3064311500514100038,3465.599853515625,9,SD
3064311500514100040,8450.44140625,9,SD
3064311500514100041,2844.091796875,9,SD
3064311500514100043,9851.494140625,9,SD
3064311500514100044,8992.4091796875,9,SD
3064311500514100049,5630.75048828125,9,SD
3064311500514100050,4493.72021484375,9,SD
3064311500514100051,7107.24755859375,9,SD
3064311500514100053,6136.05859375,9,SD
3064311500514100055,8335.216796875,9,SD
3064311500514100056,6768.716796875,9,SD
3064311500514100057,7572.1455078125,9,SD
3064311500514100058,2479.591064453125,9,SD
3064311500514100059,2456.2548828125,9,SD
3064311500514100061,7552.07421875,9,SD
3064311500515100004,834.3128662109375,9,SD
3064311500515100005,3974.48779296875,9,SD
3064311500515100006,3540.396728515625,9,SD
3064311500515100007,2460.2119140625,9,SD
3064311500515100009,955.1096801757812,9,SD
3064311500515100014,5888.17724609375,9,SD
3064311500515100015,8206.9345703125,9,SD
3064311500515100016,4019.445556640625,9,SD
3064311500515100018,7845.861328125,9,SD
3064311500515100019,6877.51416015625,9,SD
3064311500515100022,4254.65869140625,9,SD
3064311500515100026,4752.1611328125,9,SD
3064311500515100027,588.120361328125,9,SD
3064311500515100032,5180.37890625,9,SD
3064311500515100033,3937.40478515625,9,SD
3064311500515100035,8086.966796875,9,SD
3064311500515100036,15364.4609375,9,SD
3064311500515100037,4328.05224609375,9,SD
3064311500515100038,6479.466796875,9,SD
3064311500515100045,4465.244140625,9,SD
3064311500515100046,7427.16015625,9,SD
3064311500515100047,9774.685546875,9,SD
3064311500515100048,2018.9154052734375,9,SD
3064311500515100049,6650.44384765625,9,SD
3064311500515100051,11684.25390625,9,SD
3064311500515100053,5697.685546875,9,SD
3064311500515100055,7665.6591796875,9,SD
3064311500515100056,13546.83984375,9,SD
3064311500515100057,1176.6014404296875,9,SD
3064311500515100058,8375.92578125,9,SD
3064311500515100059,10302.8984375,9,SD
3064311500515100061,6108.28515625,9,SD
3064311500515100062,9089.88671875,9,SD
3064311500515100063,13246.412109375,9,SD
3064311500515100066,5787.1318359375,9,SD
3064311500515100067,7681.6884765625,9,SD
3064311500515100068,9939.6240234375,9,SD
3064311500515100069,1490.158447265625,9,SD
3064311500515100070,1802.6708984375,9,SD
3064311500515100072,5802.87109375,9,SD
3064311500515100074,6694.21484375,9,SD
3064311500515100075,8425.197265625,9,SD
3064311500515100076,7786.16455078125,9,SD
3064311500515100077,5189.92431640625,9,SD
3064311500515100080,524.0816040039062,9,SD
3064311500515100081,6602.75830078125,9,SD
3064311500515100082,16963.76953125,9,SD
3064311500515100083,5221.5341796875,9,SD
3064311500515100085,5898.82763671875,9,SD
3064311500515100089,6207.25732421875,9,SD
3064311500515100092,830.3909301757812,9,SD
3064311500515100093,785.012939453125,9,SD
3064311500515100095,12457.85546875,9,SD
3064311500515100100,5775.30859375,9,SD
3064311500515100101,6881.19189453125,9,SD
3064311500515100102,1834.09765625,9,SD
3064311500516100004,1189.8798828125,9,SD
3064311500516100006,4485.5205078125,9,SD
3064311500516100011,10270.4501953125,9,SD
3064311500516100016,4875.11181640625,9,SD
3064311500516100018,7309.22509765625,9,SD
3064311500516100019,3576.123291015625,9,SD
3064311500516100025,2802.220947265625,9,SD
3064311500516100029,4781.693359375,9,SD
3064311500516100033,10008.9755859375,9,SD
3064311500516100036,6024.5810546875,9,SD
3064311500516100039,2364.712646484375,9,SD
3064311500516100044,5537.80859375,9,SD
3064311500516100045,4606.97021484375,9,SD
3064311500516100048,10076.1416015625,9,SD
3064311500516100049,6682.3154296875,9,SD
3064311500516100052,6244.5224609375,9,SD
3064311500516100054,15402.8759765625,9,SD
3064311500516100060,4523.66064453125,9,SD
3064311500516100062,7455.98779296875,9,SD
3064311500516100063,5016.4833984375,9,SD
3064311500516100066,9390.37890625,9,SD
3064311500516100067,5537.38818359375,9,SD
3064311500516100069,9114.8828125,9,SD
3064311500516100071,6755.634765625,9,SD
3064311500516100072,3870.160888671875,9,SD
3064311500516100075,3573.8154296875,9,SD
3064311500516100076,5792.18505859375,9,SD
3064311500516100079,7620.9423828125,9,SD
3064311500517100011,14949.4384765625,15,SD
3064311500517100017,7242.59912109375,15,SD
3064311500517100018,5117.9443359375,15,SD
3064311500517100020,5785.3486328125,15,SD
3064311500517100022,4009.241455078125,15,SD
3064311500517100024,6320.3544921875,15,SD
3064311500517100025,4997.46533203125,15,SD
3064311500517100027,3165.85888671875,15,SD
3064311500517100030,1933.9061279296875,15,SD
3064311500517100033,2394.60595703125,15,SD
3064311500517100034,2905.06298828125,15,SD
3064311500517100035,1244.5943603515625,15,SD
3064311500517100038,1658.8148193359375,15,SD
3064311500517100039,1501.8328857421875,15,SD
3064311500517100041,11589.1416015625,15,SD
3064311500517100043,3920.486083984375,15,SD
3064311500517100044,6458.5546875,15,SD
3064311500517100045,4181.9033203125,15,SD
3064311500517100049,6318.5576171875,15,SD
3064311500517100051,2783.753173828125,15,SD
3064311500517100056,4405.95849609375,15,SD
3064311500517100060,7285.84375,15,SD
3064311500517100062,5494.9990234375,15,SD
3064311500517100063,3165.424560546875,15,SD
3064311500517100065,11363.458984375,15,SD
3064311500517100066,3487.76513671875,15,SD
3064311500517100067,2199.940185546875,15,SD
3064311500517100068,2084.119873046875,15,SD
3064311500517100069,717.7484741210938,15,SD
3064311500517100071,5050.44873046875,15,SD
3064311500517100074,467.9510192871094,15,SD
3064311500517100075,5172.05126953125,15,SD
3064311500517100076,6448.34130859375,15,SD
3064311500517100078,4043.596923828125,15,SD
3064311500517100079,1277.3388671875,15,SD
3064311500517100080,2395.412353515625,15,SD
3064311500517100081,3068.76611328125,15,SD
3064311500517100083,33103.3515625,15,SD
3064311500517100085,14629.3212890625,15,SD
3064311500517100087,11027.775390625,15,SD
3064311500517100088,8532.998046875,15,SD
3064311500517100091,4966.06005859375,15,SD
3064311500517100093,11970.3935546875,15,SD
3064311500517100094,10340.7099609375,15,SD
3064311500517100096,7799.83935546875,15,SD
3064311500517100098,6676.4189453125,15,SD
3064311500517100099,9667.5771484375,15,SD
3064311500517100100,3715.4462890625,15,SD
3064311500517100101,10573.0458984375,15,SD
3064311500517100102,7139.13623046875,15,SD
3064311500517100104,4159.7646484375,15,SD
3064311500517100105,5453.35107421875,15,SD
3064311500517100106,1236.55029296875,15,SD
3064311500517100109,2641.778076171875,15,SD
3064311500517100110,1922.4700927734375,15,SD
3064311500517100111,9575.4111328125,15,SD
3064311500517100112,6161.1806640625,15,SD
3064311500517100113,4161.904296875,15,SD
3064311500517100114,2875.913330078125,15,SD
3064311500517100115,3515.189453125,15,SD
3064311500517100117,4181.56982421875,15,SD
3064311500517100118,6931.91943359375,15,SD
3064311500517100120,5754.3134765625,15,SD
3064311500517100121,2504.73779296875,15,SD
3064311500517100123,912.1314086914062,15,SD
3064311500517100125,4249.47119140625,15,SD
3064311500517100126,2958.410888671875,15,SD
3064311500517100129,3127.242919921875,15,SD
3064311500517100131,13384.55078125,15,SD
3064311500517100132,4353.2900390625,15,SD
3064311500517100146,748.3493041992188,15,SD
3064311500518100012,2700.017333984375,15,SD
3064311500518100013,1878.6072998046875,15,SD
3064311500518100016,102218.625,15,SD
3064311500518100017,761.9428100585938,15,SD
3064311500518100019,10123.783203125,15,SD
3064311500518100022,7069.7919921875,15,SD
3064311500518100025,1232.2088623046875,15,SD
3064311500518100026,3098.39599609375,15,SD
3064311500518100027,9245.15234375,15,SD
3064311500518100028,2305.36669921875,15,SD
3064311500518100029,921.1240234375,15,SD
3064311500518100030,5391.8505859375,15,SD
3064311500518100031,2710.3779296875,15,SD
3064311500518100032,6510.6474609375,15,SD
3064311500518100033,7043.99072265625,15,SD
3064311500518100034,3670.69384765625,15,SD
3064311500518100035,959.91943359375,15,SD
3064311500518100040,17953.462890625,15,SD
3064311500518100044,1840.329345703125,15,SD
3064311500518100048,9145.0634765625,15,SD
3064311500518100052,483.699462890625,15,SD
3064311500518100053,8009.06884765625,15,SD
3064311500518100055,2357.712646484375,15,SD
3064311500518100056,13107.826171875,15,SD
3064311500518100057,15867.02734375,15,SD
3064311500518100058,4798.423828125,15,SD
3064311500518100062,25418.85546875,15,SD
3064311500518100065,4947.3193359375,15,SD
3064311500518100067,2295.88623046875,15,SD
3064311500518100068,13802.9580078125,15,SD
3064311500518100069,9691.455078125,15,SD
3064311500518100071,8966.3994140625,15,SD
3064311500518100073,4030.646728515625,15,SD
3064311500518100074,492.84442138671875,15,SD
3064311500518100075,1649.6510009765625,15,SD
3064311500518100076,28992.712890625,15,SD
3064311500518100078,12047.646484375,15,SD
3064311500518100079,994.18505859375,15,SD
3064311500518100081,4058.033203125,15,SD
3064311500518100082,3213.228271484375,15,SD
3064311500518100084,5654.56591796875,15,SD
3064311500518100085,923.0479736328125,15,SD
3064311500518100086,7320.80322265625,15,SD
3064311500518100087,8964.962890625,15,SD
3064311500518100088,9622.248046875,15,SD
3064311500518100089,604.33154296875,15,SD
3064311500518100090,5917.9521484375,15,SD
3064311500518100092,12142.54296875,15,SD
3064311500518100093,27920.498046875,15,SD
3064311500518100096,10359.3154296875,15,SD
3064311500518100097,9020.333984375,15,SD
3064311500518100099,7549.60791015625,15,SD
3064311500518100100,11749.623046875,15,SD
3064311500518100103,4967.0810546875,15,SD
3064311500518100105,5586.24267578125,15,SD
3064311500518100106,4389.9296875,15,SD
3064311500518100107,5815.54541015625,15,SD
3064311500518100108,669.5264282226562,15,SD
3064311500518100109,3129.04296875,15,SD
3064311500518100110,11562.8037109375,15,SD
3064311500518100112,20784.146484375,15,SD
3064311500518100113,9009.5,15,SD
3064311500518100115,12009.0302734375,15,SD
3064311500518100116,6160.67822265625,15,SD
3064311500518100118,9740.4296875,15,SD
3064311500518100119,15255.32421875,15,SD
3064311500518100120,4173.85302734375,15,SD
3064311500518100121,2846.912841796875,15,SD
3064311500518100123,16659.580078125,15,SD
3064311500518100127,5781.0576171875,15,SD
3064311500518100129,7088.97509765625,15,SD
3064311500518100132,4648.70068359375,15,SD
3064311500518100134,7742.63525390625,15,SD
3064311500518100137,16550.150390625,15,SD
3064311500518100138,8007.51220703125,15,SD
3064311500518100139,3327.869140625,15,SD
3064311500518100140,9843.560546875,15,SD
3064311500518100144,3995.940673828125,15,SD
3064311500519100003,3144.03515625,15,SD
3064311500519100006,11718.65625,15,SD
3064311500519100007,454.3169860839844,15,SD
3064311500519100011,649.465576171875,15,SD
3064311500519100012,1638.8533935546875,15,SD
3064311500519100013,7628.099609375,15,SD
3064311500519100015,5019.31982421875,15,SD
3064311500519100025,10896.732421875,15,SD
3064311500519100026,3778.287353515625,15,SD
3064311500519100027,2065.730712890625,15,SD
3064311500519100028,6435.18505859375,15,SD
3064311500519100029,373.9635314941406,15,SD
3064311500519100030,1277.9451904296875,15,SD
3064311500519100032,7189.4912109375,15,SD
3064311500519100033,8348.94921875,15,SD
3064311500519100034,3052.37939453125,15,SD
3064311500519100035,6848.35009765625,15,SD
3064311500519100036,12729.3994140625,15,SD
3064311500519100037,4363.0703125,15,SD
3064311500519100038,4000.205322265625,15,SD
3064311500519100039,2622.95361328125,15,SD
3064311500519100040,6439.33154296875,15,SD
3064311500519100041,5159.17236328125,15,SD
3064311500519100042,21121.77734375,15,SD
3064311500519100043,17960.62890625,15,SD
3064311500519100045,2506.5654296875,15,SD
3064311500519100046,8731.802734375,15,SD
3064311500519100047,9290.3447265625,15,SD
3064311500519100048,2291.47412109375,15,SD
3064311500519100049,4796.123046875,15,SD
3064311500519100050,10537.1357421875,15,SD
3064311500519100051,10459.4736328125,15,SD
3064311500519100052,10592.328125,15,SD
3064311500519100054,3443.147705078125,15,SD
3064311500519100055,8513.9892578125,15,SD
3064311500519100057,12219.5908203125,15,SD
3064311500519100059,2721.304443359375,15,SD
3064311500519100060,20818.96875,15,SD
3064311500519100061,11584.90234375,15,SD
3064311500519100062,6777.64501953125,15,SD
3064311500519100063,21027.939453125,15,SD
3064311500519100065,3319.223876953125,15,SD
3064311500519100068,11115.373046875,15,SD
3064311500519100069,11813.55859375,15,SD
3064311500519100070,16210.314453125,15,SD
3064311500519100071,11410.201171875,15,SD
3064311500519100072,5547.083984375,15,SD
3064311500519100073,3423.99609375,15,SD
3064311500519100074,10517.126953125,15,SD
3064311500519100075,9306.5966796875,15,SD
3064311500519100077,12265.0869140625,15,SD
3064311500519100079,6965.09521484375,15,SD
3064311500519100080,2295.28271484375,15,SD
3064311500519100081,8237.748046875,15,SD
3064311500519100082,8206.5146484375,15,SD
3064311500519100083,3883.72509765625,15,SD
3064311500519100085,14974.9130859375,15,SD
3064311500519100086,13354.4951171875,15,SD
3064311500519100087,7975.2314453125,15,SD
3064311500519100088,15313.96875,15,SD
3064311500519100089,3355.807373046875,15,SD
3064311500519100090,11725.1005859375,15,SD
3064311500519100091,1531.670654296875,15,SD
3064311500519100092,4645.95556640625,15,SD
3064311500519100093,5799.21337890625,15,SD
3064311500519100094,4710.26171875,15,SD
3064311500519100095,7556.32958984375,15,SD
3064311500519100097,8683.83984375,15,SD
3064311500519100098,6185.29541015625,15,SD
3064311500519100099,6874.474609375,15,SD
3064311500519100100,4649.9462890625,15,SD
3064311500519100101,227.64749145507812,15,SD
3064311500519100102,5308.80908203125,15,SD
3064311500519100103,6262.466796875,15,SD
3064311500519100106,11795.712890625,15,SD
3064311500519100107,5915.12548828125,15,SD
3064311500519100108,8799.2353515625,15,SD
3064311500519100111,8549.2705078125,15,SD
3064311500519100112,8815.056640625,15,SD
3064311500519100113,11362.3505859375,15,SD
3064311500519100114,9483.759765625,15,SD
3064311500519100115,11562.08203125,15,SD
3064311500519100116,10308.6416015625,15,SD
3064311500519100117,10546.44140625,15,SD
3064311500519100118,4483.80810546875,15,SD
3064311500519100120,3510.210693359375,15,SD
3064311500519100121,3028.13818359375,15,SD
3064311500519100122,11893.833984375,15,SD
3064311500519100123,6510.75634765625,15,SD
3064311500519100129,11497.63671875,15,SD
3064311500519100130,1458.93798828125,15,SD
3064311500519100132,10274.3759765625,15,SD
3064311500519100133,4849.53955078125,15,SD
3064311500519100134,7074.92822265625,15,SD
3064311500519100136,12575.4267578125,15,SD
3064311500519100140,5194.8818359375,15,SD
3064311500519100141,6627.734375,15,SD
3064311500519100142,9579.4892578125,15,SD
3064311500519100143,2682.916748046875,15,SD
3064311500519100144,4332.92578125,15,SD
3064311500519100145,2931.08740234375,15,SD
3064311500519100153,5127.13623046875,15,SD
3064311500519100155,5947.09130859375,15,SD
3064311500519100158,3233.842529296875,15,SD
3064311500519100160,3897.13427734375,15,SD
3064311500519100161,5310.994140625,15,SD
3064311500519100165,642.6456909179688,15,SD
3064311500519100171,4631.4228515625,15,SD
3064311500519100182,764.9561157226562,15,SD
3064311500520100014,5956.525390625,15,SD
3064311500520100016,4410.04150390625,15,SD
3064311500520100020,3024.677001953125,15,SD
3064311500520100033,7261.474609375,15,SD
3064311500520100056,7166.58056640625,15,SD
3064311500520100062,7821.30224609375,15,SD
3064311500521100015,12652.6201171875,30,SD
3064311500521100018,6678.67138671875,30,SD
3064311500521100023,8267.06640625,30,SD
3064311500521100026,5230.33056640625,30,SD
3064311500521100027,3202.89453125,30,SD
3064311500521100028,4070.266845703125,30,SD
3064311500521100038,3125.612548828125,30,SD
3064311500521100039,4903.11865234375,30,SD
3064311500521100044,3887.098388671875,30,SD
3064311500521100045,4312.37255859375,30,SD
3064311500521100049,5246.443359375,30,SD
3064311500521100053,8390.802734375,30,SD
3064311500521100056,7084.56103515625,30,SD
3064311500521100059,5151.71240234375,30,SD
3064311500521100061,12612.814453125,30,SD
3064311500521100070,9886.416015625,30,SD
3064311500521100072,10653.228515625,30,SD
3064311500521100078,10227.33203125,30,SD
3064311500521100086,10789.4873046875,30,SD
3064311500521100092,9741.1953125,30,SD
3064311500521100105,11634.525390625,30,SD
3064311500521100119,7859.90673828125,30,SD
3064311500521100122,4762.7021484375,30,SD
3064311500521100129,11759.7265625,30,SD
3064311500521100132,1301.29736328125,30,SD
3064311500522100004,7830.44580078125,30,SD
3064311500522100025,4574.130859375,30,SD
3064311500522100028,5272.171875,30,SD
3064311500522100039,6196.18896484375,30,SD
3064311500522100040,9608.2509765625,30,SD
3064311500522100042,12248.1259765625,30,SD
3064311500522100046,7172.69921875,30,SD
3064311500522100047,3893.582275390625,30,SD
3064311500522100048,1663.2567138671875,30,SD
3064311500522100051,6870.66357421875,30,SD
3064311500522100052,1072.086669921875,30,SD
3064311500522100053,731.7024536132812,30,SD
3064311500522100054,8603.7392578125,30,SD
3064311500522100055,9852.63671875,30,SD
3064311500522100056,966.38330078125,30,SD
3064311500522100057,6151.078125,30,SD
3064311500522100058,11511.158203125,30,SD
3064311500522100061,4360.24267578125,30,SD
3064311500522100062,3438.626220703125,30,SD
3064311500522100063,13648.162109375,30,SD
3064311500522100064,1745.16259765625,30,SD
3064311500522100065,7375.2119140625,30,SD
3064311500522100066,19462.478515625,30,SD
3064311500522100067,3338.01318359375,30,SD
3064311500522100068,7241.39990234375,30,SD
3064311500522100070,1113.25390625,30,SD
3064311500522100071,2530.48291015625,30,SD
3064311500522100072,5465.70654296875,30,SD
3064311500522100075,13696.951171875,30,SD
3064311500522100076,12736.3994140625,30,SD
3064311500522100078,13021.1162109375,30,SD
3064311500522100080,602.0150756835938,30,SD
3064311500522100081,7252.41943359375,30,SD
3064311500522100082,6123.8076171875,30,SD
3064311500522100083,15990.70703125,30,SD
3064311500522100084,10727.3037109375,30,SD
3064311500522100085,6807.14794921875,30,SD
3064311500522100086,3707.14990234375,30,SD
3064311500522100088,2225.1298828125,30,SD
3064311500522100089,4581.2255859375,30,SD
3064311500522100090,12584.96484375,30,SD
3064311500522100092,5104.5947265625,30,SD
3064311500522100093,7504.634765625,30,SD
3064311500522100094,7080.7998046875,30,SD
3064311500522100095,10785.1025390625,30,SD
3064311500522100098,7115.47216796875,30,SD
3064311500522100099,5474.7451171875,30,SD
3064311500522100100,23376.423828125,30,SD
3064311500522100102,14957.9921875,30,SD
3064311500522100103,22088.828125,30,SD
3064311500522100105,13382.6123046875,30,SD
3064311500522100106,2073.830810546875,30,SD
3064311500522100107,4957.9833984375,30,SD
3064311500522100109,10380.671875,30,SD
3064311500522100110,5983.61083984375,30,SD
3064311500522100111,7335.560546875,30,SD
3064311500522100112,5426.81982421875,30,SD
3064311500522100113,1853.3912353515625,30,SD
3064311500522100114,2035.9996337890625,30,SD
3064311500522100116,4336.98974609375,30,SD
3064311500522100117,7290.00341796875,30,SD
3064311500522100118,8684.8017578125,30,SD
3064311500522100119,2846.09326171875,30,SD
3064311500522100120,8806.9580078125,30,SD
3064311500522100121,16101.51953125,30,SD
3064311500522100122,3764.248046875,30,SD
3064311500522100123,2239.263916015625,30,SD
3064311500522100124,9033.2900390625,30,SD
3064311500522100125,5145.11279296875,30,SD
3064311500522100126,8228.8564453125,30,SD
3064311500522100127,17022.09765625,30,SD
3064311500522100128,7303.72705078125,30,SD
3064311500522100130,3212.298095703125,30,SD
3064311500522100131,8641.671875,30,SD
3064311500522100132,2667.42578125,30,SD
3064311500522100133,24492.490234375,30,SD
3064311500522100135,3873.80029296875,30,SD
3064311500522100136,7472.533203125,30,SD
3064311500522100137,3863.087158203125,30,SD
3064311500522100138,4884.044921875,30,SD
3064311500522100139,7690.88525390625,30,SD
3064311500522100140,8643.46875,30,SD
3064311500522100141,8118.89990234375,30,SD
3064311500522100143,7033.31005859375,30,SD
3064311500522100144,9271.7802734375,30,SD
3064311500522100145,5144.6171875,30,SD
3064311500522100148,6306.23486328125,30,SD
3064311500522100149,2766.708251953125,30,SD
3064311500522100150,3504.45166015625,30,SD
3064311500522100151,5112.29443359375,30,SD
3064311500522100152,3375.85546875,30,SD
3064311500522100155,4382.8056640625,30,SD
3064311500522100156,4589.10009765625,30,SD
3064311500522100157,2689.591552734375,30,SD
3064311500522100158,11331.583984375,30,SD
3064311500522100159,5736.52099609375,30,SD
3064311500522100162,5839.87255859375,30,SD
3064311500522100163,8798.0126953125,30,SD
3064311500522100164,2911.091064453125,30,SD
3064311500522100166,5613.02978515625,30,SD
3064311500522100167,3075.8623046875,30,SD
3064311500522100168,4337.22412109375,30,SD
3064311500522100169,4542.337890625,30,SD
3064311500522100171,6643.986328125,30,SD
3064311500522100172,8180.3896484375,30,SD
3064311500522100173,3352.612548828125,30,SD
3064311500522100175,8786.6025390625,30,SD
3064311500522100176,9325.7578125,30,SD
3064311500522100177,6589.74853515625,30,SD
3064311500522100178,2563.224609375,30,SD
3064311500522100179,8107.81103515625,30,SD
3064311500522100180,1180.2349853515625,30,SD
3064311500522100181,5997.7080078125,30,SD
3064311500522100182,2403.95361328125,30,SD
3064311500522100183,9762.9609375,30,SD
3064311500522100185,7532.95361328125,30,SD
3064311500522100186,7689.4951171875,30,SD
3064311500522100187,3131.890625,30,SD
3064311500522100188,4897.1318359375,30,SD
3064311500522100189,10054.9443359375,30,SD
3064311500522100190,4306.30908203125,30,SD
3064311500522100191,4639.21240234375,30,SD
3064311500522100192,1570.7908935546875,30,SD
3064311500522100193,19498.7265625,30,SD
3064311500522100194,6291.07373046875,30,SD
3064311500522100195,13972.5263671875,30,SD
3064311500522100196,6823.0625,30,SD
3064311500522100197,3653.070556640625,30,SD
3064311500522100198,1488.788330078125,30,SD
3064311500522100199,5914.681640625,30,SD
3064311500522100200,4276.25341796875,30,SD
3064311500522100201,2212.128173828125,30,SD
3064311500522100202,13061.18359375,30,SD
3064311500522100203,4329.6025390625,30,SD
3064311500522100204,3025.59912109375,30,SD
3064311500522100205,6077.283203125,30,SD
3064311500522100206,4399.287109375,30,SD
3064311500522100207,5605.6630859375,30,SD
3064311500522100208,8759.728515625,30,SD
3064311500522100211,3438.538818359375,30,SD
3064311500522100218,5477.22412109375,30,SD
3064311500522100220,13229.494140625,30,SD
3064311500522100221,7231.193359375,30,SD
3064311500522100226,4086.52001953125,30,SD
3064311500523100013,6595.73681640625,30,SD
3064311500523100017,5624.17138671875,30,SD
3064311500523100018,1518.565185546875,30,SD
3064311500523100024,3576.88671875,30,SD
3064311500523100027,7173.88330078125,30,SD
3064311500523100030,5527.1513671875,30,SD
3064311500523100042,1205.614013671875,30,SD
3064311500523100045,2693.850830078125,30,SD
3064311500523100046,4496.974609375,30,SD
3064311500523100047,3486.001953125,30,SD
3064311500523100048,1035.5838623046875,30,SD
3064311500523100051,18513.267578125,30,SD
3064311500523100053,3520.444091796875,30,SD
3064311500523100054,4169.13623046875,30,SD
3064311500523100055,2123.990966796875,30,SD
3064311500523100056,3449.33544921875,30,SD
3064311500523100058,4201.11572265625,30,SD
3064311500523100059,1352.0333251953125,30,SD
3064311500523100060,3361.329833984375,30,SD
3064311500523100061,9017.072265625,30,SD
3064311500523100062,7762.7890625,30,SD
3064311500523100063,4895.86962890625,30,SD
3064311500523100064,5982.212890625,30,SD
3064311500523100065,12799.9580078125,30,SD
3064311500523100067,3696.384033203125,30,SD
3064311500523100068,3703.32470703125,30,SD
3064311500523100070,4749.90087890625,30,SD
3064311500523100071,5508.44677734375,30,SD
3064311500523100072,2809.58056640625,30,SD
3064311500523100074,6569.07666015625,30,SD
3064311500523100075,4718.85302734375,30,SD
3064311500523100076,4328.28125,30,SD
3064311500523100080,6428.4033203125,30,SD
3064311500523100081,8700.322265625,30,SD
3064311500523100083,3682.853271484375,30,SD
3064311500523100085,16931.666015625,30,SD
3064311500523100086,6140.92333984375,30,SD
3064311500523100087,686.3046264648438,30,SD
3064311500523100088,3064.63232421875,30,SD
3064311500523100090,4241.68017578125,30,SD
3064311500523100091,2907.123046875,30,SD
3064311500523100092,9459.9921875,30,SD
3064311500523100093,4621.392578125,30,SD
3064311500523100094,630.205322265625,30,SD
3064311500523100095,2803.702880859375,30,SD
3064311500523100097,2631.035888671875,30,SD
3064311500523100098,4201.14013671875,30,SD
3064311500523100099,4508.5380859375,30,SD
3064311500523100102,7206.974609375,30,SD
3064311500523100105,2033.9718017578125,30,SD
3064311500523100106,1278.4298095703125,30,SD
3064311500523100108,3275.9755859375,30,SD
3064311500523100109,5083.26171875,30,SD
3064311500523100110,9038.845703125,30,SD
3064311500523100111,1868.1082763671875,30,SD
3064311500523100112,1081.5855712890625,30,SD
3064311500523100114,6515.08056640625,30,SD
3064311500523100115,5376.2841796875,30,SD
3064311500523100116,5323.9169921875,30,SD
3064311500523100117,4563.03955078125,30,SD
3064311500523100118,2831.307373046875,30,SD
3064311500523100119,4875.45263671875,30,SD
3064311500523100120,3362.63720703125,30,SD
3064311500523100122,7636.4619140625,30,SD
3064311500523100124,4531.361328125,30,SD
3064311500523100126,3412.93408203125,30,SD
3064311500523100127,4400.328125,30,SD
3064311500523100128,5164.5009765625,30,SD
3064311500523100129,4368.9853515625,30,SD
3064311500523100130,2179.053466796875,30,SD
3064311500523100131,3479.072998046875,30,SD
3064311500523100133,5231.6318359375,30,SD
3064311500523100134,2742.957763671875,30,SD
3064311500523100135,2978.4794921875,30,SD
3064311500523100137,3693.9560546875,30,SD
3064311500523100138,4138.64111328125,30,SD
3064311500523100139,5007.48046875,30,SD
3064311500523100141,4104.7353515625,30,SD
3064311500523100142,2688.145751953125,30,SD
3064311500523100143,3780.294189453125,30,SD
3064311500523100144,6221.67626953125,30,SD
3064311500523100145,6360.57275390625,30,SD
3064311500523100147,2851.68310546875,30,SD
3064311500523100148,4972.927734375,30,SD
3064311500523100149,2708.575439453125,30,SD
3064311500523100150,4281.70556640625,30,SD
3064311500523100151,7869.04931640625,30,SD
3064311500523100152,4789.69140625,30,SD
3064311500523100153,8338.5908203125,30,SD
3064311500523100154,5209.7451171875,30,SD
3064311500523100155,4742.0087890625,30,SD
3064311500523100157,7145.18212890625,30,SD
3064311500523100158,4096.9267578125,30,SD
3064311500523100159,3718.8740234375,30,SD
3064311500523100160,3682.860107421875,30,SD
3064311500523100162,4047.183349609375,30,SD
3064311500523100163,4792.587890625,30,SD
3064311500523100164,4418.56591796875,30,SD
3064311500523100165,4491.66064453125,30,SD
3064311500523100166,5658.33935546875,30,SD
3064311500523100167,6305.39111328125,30,SD
3064311500523100168,3417.216064453125,30,SD
3064311500523100170,3663.477783203125,30,SD
3064311500523100171,5760.71826171875,30,SD
3064311500523100173,6122.79248046875,30,SD
3064311500523100174,4525.71630859375,30,SD
3064311500523100176,3876.955810546875,30,SD
3064311500523100177,5499.9765625,30,SD
3064311500523100178,3835.947021484375,30,SD
3064311500523100179,3441.30322265625,30,SD
3064311500523100180,617.9799194335938,30,SD
3064311500523100181,1871.5872802734375,30,SD
3064311500523100182,5743.33837890625,30,SD
3064311500523100183,7033.2646484375,30,SD
3064311500523100184,6195.1064453125,30,SD
3064311500523100186,3189.50390625,30,SD
3064311500523100187,2324.604248046875,30,SD
3064311500523100188,4791.337890625,30,SD
3064311500523100189,4035.875,30,SD
3064311500523100190,3892.51904296875,30,SD
3064311500523100191,4992.7919921875,30,SD
3064311500523100193,2941.233154296875,30,SD
3064311500523100194,3343.21435546875,30,SD
3064311500523100195,3102.6669921875,30,SD
3064311500523100196,3870.428955078125,30,SD
3064311500523100197,2623.870361328125,30,SD
3064311500523100198,1747.6802978515625,30,SD
3064311500523100199,4895.4345703125,30,SD
3064311500523100200,4331.65625,30,SD
3064311500523100203,1945.82763671875,30,SD
3064311500523100204,2076.342529296875,30,SD
3064311500523100205,6088.04833984375,30,SD
3064311500523100206,2073.594482421875,30,SD
3064311500523100207,5040.41259765625,30,SD
3064311500523100208,4887.91064453125,30,SD
3064311500523100209,5210.0537109375,30,SD
3064311500523100210,6219.8154296875,30,SD
3064311500523100211,3572.09814453125,30,SD
3064311500523100212,6706.38623046875,30,SD
3064311500523100213,5318.279296875,30,SD
3064311500523100214,3413.6455078125,30,SD
3064311500523100215,2713.32421875,30,SD
3064311500523100216,6386.4150390625,30,SD
3064311500523100217,6762.81396484375,30,SD
3064311500523100218,6733.18798828125,30,SD
3064311500523100220,6253.76220703125,30,SD
3064311500523100221,3468.268798828125,30,SD
3064311500523100222,4792.18212890625,30,SD
3064311500523100223,5507.11328125,30,SD
3064311500523100225,2791.28857421875,30,SD
3064311500523100226,6455.30859375,30,SD
3064311500523100227,2077.994873046875,30,SD
3064311500523100228,2279.795166015625,30,SD
3064311500523100229,4167.69873046875,30,SD
3064311500523100230,3616.69482421875,30,SD
3064311500523100231,4452.51904296875,30,SD
3064311500523100232,1168.8533935546875,30,SD
3064311500523100233,3213.193115234375,30,SD
3064311500523100235,5355.73828125,30,SD
3064311500523100236,7012.68798828125,30,SD
3064311500523100237,11252.7109375,30,SD
3064311500523100239,7179.3525390625,30,SD
3064311500523100240,4014.0771484375,30,SD
3064311500523100241,3738.169189453125,30,SD
3064311500523100242,4692.2822265625,30,SD
3064311500523100243,6020.712890625,30,SD
3064311500523100244,7440.998046875,30,SD
3064311500523100246,571.9158325195312,30,SD
3064311500523100247,2479.26904296875,30,SD
3064311500523100248,3965.587646484375,30,SD
3064311500523100249,1147.97802734375,30,SD
3064311500523100251,892.0687255859375,30,SD
3064311500523100252,5560.833984375,30,SD
3064311500523100254,5547.05908203125,30,SD
3064311500523100256,2035.130126953125,30,SD
3064311500523100257,3715.238037109375,30,SD
3064311500523100258,3472.550048828125,30,SD
3064311500523100259,5067.00439453125,30,SD
3064311500523100260,3563.815673828125,30,SD
3064311500523100261,4624.265625,30,SD
3064311500523100262,4974.5185546875,30,SD
3064311500523100263,3501.53076171875,30,SD
3064311500523100264,6302.71826171875,30,SD
3064311500523100267,5567.818359375,30,SD
3064311500523100268,4358.4716796875,30,SD
3064311500523100269,2734.262451171875,30,SD
3064311500523100270,3721.986572265625,30,SD
3064311500523100272,6253.62744140625,30,SD
3064311500523100273,2798.26416015625,30,SD
3064311500523100274,4931.66748046875,30,SD
3064311500523100281,2627.693359375,30,SD
3064311500523100283,6055.203125,30,SD
3064311500523100284,3825.336669921875,30,SD
3064311500523100285,3146.443359375,30,SD
3064311500523100286,4207.83642578125,30,SD
3064311500523100287,4118.4326171875,30,SD
3064311500523100293,2738.246826171875,30,SD
3064311500523100298,3141.419677734375,30,SD
3064311500523100300,4408.50927734375,30,SD
3064311500523100303,3590.580810546875,30,SD
3064311500524100014,7960.08984375,30,SD
3064311500524100016,4762.56396484375,30,SD
3064311500524100023,4358.1005859375,30,SD
3064311500524100025,4513.986328125,30,SD
3064311500524100026,9789.185546875,30,SD
3064311500524100028,2290.0849609375,30,SD
3064311500524100035,5912.29052734375,30,SD
3064311500524100036,6379.255859375,30,SD
3064311500524100040,6544.20166015625,30,SD
3064311500524100044,2272.2724609375,30,SD
3064311500524100046,4473.8798828125,30,SD
3064311500524100050,6209.4970703125,30,SD
3064311500524100056,7388.1044921875,30,SD
3064311500526100001,4868.94970703125,33,SD
3064311500526100007,4905.76025390625,33,SD
3064311500526100008,757.9127197265625,33,SD
3064311500526100012,4199.54443359375,33,SD
3064311500526100019,6602.89697265625,33,SD
3064311500526100020,2952.57421875,33,SD
3064311500526100022,4389.228515625,33,SD
3064311500526100023,10372.80859375,33,SD
3064311500526100024,6127.23095703125,33,SD
3064311500526100025,5031.8349609375,33,SD
3064311500526100027,4225.92041015625,33,SD
3064311500526100029,1495.34326171875,33,SD
3064311500526100030,4060.266845703125,33,SD
3064311500526100031,5772.240234375,33,SD
3064311500526100032,6431.28076171875,33,SD
3064311500526100033,4221.46728515625,33,SD
3064311500526100034,5620.6337890625,33,SD
3064311500526100035,11736.701171875,33,SD
3064311500526100036,5346.3349609375,33,SD
3064311500526100037,4793.20556640625,33,SD
3064311500526100038,3605.16943359375,33,SD
3064311500526100039,5753.87255859375,33,SD
3064311500526100040,3827.60693359375,33,SD
3064311500526100041,4395.21142578125,33,SD
3064311500526100042,2431.248046875,33,SD
3064311500526100043,3959.069091796875,33,SD
3064311500526100044,2102.537353515625,33,SD
3064311500526100046,1193.7275390625,33,SD
3064311500526100047,3376.345703125,33,SD
3064311500526100049,11290.197265625,33,SD
3064311500526100050,2360.3515625,33,SD
3064311500526100051,3506.26513671875,33,SD
3064311500526100052,8349.369140625,33,SD
3064311500526100055,4428.7763671875,33,SD
3064311500526100056,6236.59912109375,33,SD
3064311500526100059,3681.4365234375,33,SD
3064311500526100060,614.8649291992188,33,SD
3064311500526100061,4112.064453125,33,SD
3064311500526100062,3019.508056640625,33,SD
3064311500526100066,1194.267333984375,33,SD
3064311500526100067,833.944580078125,33,SD
3064311500526100068,4607.3134765625,33,SD
3064311500526100070,5197.4248046875,33,SD
3064311500526100072,14298.0888671875,33,SD
3064311500526100073,7226.39697265625,33,SD
3064311500526100074,1567.90869140625,33,SD
3064311500526100075,10420.5517578125,33,SD
3064311500526100076,6909.71044921875,33,SD
3064311500526100077,1538.328125,33,SD
3064311500526100078,2368.261474609375,33,SD
3064311500526100080,2121.494140625,33,SD
3064311500526100081,6413.1396484375,33,SD
3064311500526100083,2028.3016357421875,33,SD
3064311500526100084,12231.5830078125,33,SD
3064311500526100086,3352.9501953125,33,SD
3064311500526100087,6220.97900390625,33,SD
3064311500526100088,4138.31396484375,33,SD
3064311500526100089,5229.1923828125,33,SD
3064311500526100090,2878.9091796875,33,SD
3064311500526100091,3499.083251953125,33,SD
3064311500526100092,6675.9794921875,33,SD
3064311500526100094,3415.88232421875,33,SD
3064311500526100095,3143.382568359375,33,SD
3064311500526100096,5300.1416015625,33,SD
3064311500526100099,3332.607666015625,33,SD
3064311500526100100,5039.0029296875,33,SD
3064311500526100101,4124.4677734375,33,SD
3064311500526100102,5959.83447265625,33,SD
3064311500526100103,5298.87744140625,33,SD
3064311500526100104,3244.18212890625,33,SD
3064311500526100105,2710.532470703125,33,SD
3064311500526100106,3428.120361328125,33,SD
3064311500526100108,1266.972900390625,33,SD
3064311500526100110,3627.4248046875,33,SD
3064311500526100111,6188.39990234375,33,SD
3064311500526100112,1227.6353759765625,33,SD
3064311500526100114,10745.38671875,33,SD
3064311500526100115,2489.75048828125,33,SD
3064311500526100116,5048.73046875,33,SD
3064311500526100117,7444.77294921875,33,SD
3064311500526100118,3340.08251953125,33,SD
3064311500526100119,3836.049072265625,33,SD
3064311500526100120,9512.2841796875,33,SD
3064311500526100121,1341.37109375,33,SD
3064311500526100123,3038.485595703125,33,SD
3064311500526100124,4963.34130859375,33,SD
3064311500526100125,3696.767333984375,33,SD
3064311500526100126,2961.476318359375,33,SD
3064311500526100127,9856.8232421875,33,SD
3064311500526100128,1443.8326416015625,33,SD
3064311500526100129,4158.0869140625,33,SD
3064311500526100130,12657.0849609375,33,SD
3064311500526100132,2302.973388671875,33,SD
3064311500526100133,7802.02734375,33,SD
3064311500526100134,5585.22607421875,33,SD
3064311500526100135,4162.1669921875,33,SD
3064311500526100137,7591.58740234375,33,SD
3064311500526100138,5723.81201171875,33,SD
3064311500526100139,2536.5390625,33,SD
3064311500526100142,2016.9322509765625,33,SD
3064311500526100143,10799.93359375,33,SD
3064311500526100144,2966.6474609375,33,SD
3064311500526100145,523.5905151367188,33,SD
3064311500526100146,3659.23828125,33,SD
3064311500526100147,3152.587646484375,33,SD
3064311500526100148,7721.87890625,33,SD
3064311500526100149,8067.24072265625,33,SD
3064311500526100150,5105.71728515625,33,SD
3064311500526100152,8181.1474609375,33,SD
3064311500526100155,2539.157470703125,33,SD
3064311500526100158,4621.078125,33,SD
3064311500526100160,140.05880737304688,33,SD
3064311500526100170,3349.104248046875,33,SD
3064311500527100008,7595.70361328125,33,SD
3064311500527100016,968.9317626953125,33,SD
3064311500527100017,5706.70361328125,33,SD
3064311500527100022,4452.0458984375,33,SD
3064311500527100023,5699.32080078125,33,SD
3064311500527100026,4556.57421875,33,SD
3064311500527100029,1801.39892578125,33,SD
3064311500527100030,9856.818359375,33,SD
3064311500527100032,16533.67578125,33,SD
3064311500527100034,1563.472412109375,33,SD
3064311500527100037,5831.673828125,33,SD
3064311500527100038,4216.0546875,33,SD
3064311500527100040,1005.12841796875,33,SD
3064311500527100042,4390.80712890625,33,SD
3064311500527100044,3436.98046875,33,SD
3064311500527100045,3858.228515625,33,SD
3064311500527100048,15450.16015625,33,SD
3064311500527100050,8646.46484375,33,SD
3064311500527100051,5813.548828125,33,SD
3064311500527100052,3716.98388671875,33,SD
3064311500527100058,1918.523681640625,33,SD
3064311500527100059,557.7664184570312,33,SD
3064311500527100061,9010.478515625,33,SD
3064311500527100062,7363.556640625,33,SD
3064311500527100064,2501.205322265625,33,SD
3064311500527100065,7280.10546875,33,SD
3064311500527100066,10949.865234375,33,SD
3064311500527100069,2693.51171875,33,SD
3064311500527100070,2211.575927734375,33,SD
3064311500527100071,2578.102294921875,33,SD
3064311500527100074,7383.55517578125,33,SD
3064311500527100075,6535.5283203125,33,SD
3064311500527100076,5525.80126953125,33,SD
3064311500527100078,3682.171875,33,SD
3064311500527100079,11918.2490234375,33,SD
3064311500527100080,3370.98974609375,33,SD
3064311500527100083,8181.2177734375,33,SD
3064311500527100084,5206.78125,33,SD
3064311500527100085,845.2911376953125,33,SD
3064311500527100086,3954.26611328125,33,SD
3064311500527100087,3220.265625,33,SD
3064311500527100090,1257.7880859375,33,SD
3064311500527100091,3953.949462890625,33,SD
3064311500527100092,1397.4088134765625,33,SD
3064311500527100093,4165.3955078125,33,SD
3064311500527100095,6948.69287109375,33,SD
3064311500527100096,2085.502197265625,33,SD
3064311500527100097,2702.254638671875,33,SD
3064311500527100098,8656.5078125,33,SD
3064311500527100099,5015.02197265625,33,SD
3064311500527100101,5671.42529296875,33,SD
3064311500527100102,5615.1005859375,33,SD
3064311500527100103,6562.15234375,33,SD
3064311500527100105,2900.166015625,33,SD
3064311500527100107,4383.80712890625,33,SD
3064311500527100109,4369.11962890625,33,SD
3064311500527100110,5328.58837890625,33,SD
3064311500527100111,4900.9296875,33,SD
3064311500527100112,857.9132080078125,33,SD
3064311500527100115,8658.142578125,33,SD
3064311500527100116,8135.32177734375,33,SD
3064311500527100117,4381.80908203125,33,SD
3064311500527100119,5843.35205078125,33,SD
3064311500527100120,2047.813232421875,33,SD
3064311500527100123,2052.6474609375,33,SD
3064311500527100124,6922.1787109375,33,SD
3064311500527100125,4260.677734375,33,SD
3064311500527100126,3973.71923828125,33,SD
3064311500527100127,11508.017578125,33,SD
3064311500527100128,1816.220703125,33,SD
3064311500527100129,6872.0166015625,33,SD
3064311500527100130,3847.699951171875,33,SD
3064311500527100133,5133.9404296875,33,SD
3064311500527100134,16261.0078125,33,SD
3064311500527100136,5653.31884765625,33,SD
3064311500527100137,8483.9482421875,33,SD
3064311500527100138,3167.567626953125,33,SD
3064311500527100140,7241.77734375,33,SD
3064311500527100141,5540.46240234375,33,SD
3064311500527100142,1599.21435546875,33,SD
3064311500527100144,4893.06787109375,33,SD
3064311500527100145,3370.917724609375,33,SD
3064311500527100146,9385.5263671875,33,SD
3064311500527100150,13011.134765625,33,SD
3064311500527100151,4821.8173828125,33,SD
3064311500527100152,1050.566162109375,33,SD
3064311500527100155,9466.2275390625,33,SD
3064311500527100157,8259.9833984375,33,SD
3064311500527100158,3288.33447265625,33,SD
3064311500527100160,4752.49609375,33,SD
3064311500527100162,3582.742919921875,33,SD
3064311500527100164,2048.118408203125,33,SD
3064311500527100165,3652.06884765625,33,SD
3064311500527100166,6565.6494140625,33,SD
3064311500527100167,2726.8056640625,33,SD
3064311500527100168,7620.77880859375,33,SD
3064311500527100169,1678.4805908203125,33,SD
3064311500527100171,5734.30810546875,33,SD
3064311500527100173,7257.6171875,33,SD
3064311500527100175,2094.707275390625,33,SD
3064311500527100176,6476.966796875,33,SD
3064311500527100179,8049.3896484375,33,SD
3064311500527100180,4970.05029296875,33,SD
3064311500527100181,3813.14892578125,33,SD
3064311500527100182,714.5230102539062,33,SD
3064311500527100183,603.0836181640625,33,SD
3064311500527100185,2264.962646484375,33,SD
3064311500527100186,4274.1494140625,33,SD
3064311500527100187,2162.475341796875,33,SD
3064311500527100188,2364.070068359375,33,SD
3064311500527100189,2580.534912109375,33,SD
3064311500527100190,6425.1513671875,33,SD
3064311500527100191,2792.478271484375,33,SD
3064311500527100192,6104.99462890625,33,SD
3064311500527100195,4734.49462890625,33,SD
3064311500527100196,4338.384765625,33,SD
3064311500527100198,7584.205078125,33,SD
3064311500527100199,1003.8571166992188,33,SD
3064311500527100200,7024.14208984375,33,SD
3064311500527100205,8864.5029296875,33,SD
3064311500527100206,3560.597900390625,33,SD
3064311500527100207,4067.68017578125,33,SD
3064311500527100212,8718.365234375,33,SD
3064311500527100214,1969.86083984375,33,SD
3064311500527100215,8582.22265625,33,SD
3064311500527100216,5042.1298828125,33,SD
3064311500527100217,4780.2080078125,33,SD
3064311500527100218,5113.24267578125,33,SD
3064311500527100219,2771.776611328125,33,SD
3064311500527100221,4705.2939453125,33,SD
3064311500527100224,4278.86962890625,33,SD
3064311500527100226,4965.85205078125,33,SD
3064311500527100228,4605.546875,33,SD
3064311500527100229,4866.67626953125,33,SD
3064311500527100230,5131.9189453125,33,SD
3064311500527100231,2487.32470703125,33,SD
3064311500527100233,6501.13427734375,33,SD
3064311500528100017,5415.3369140625,33,SD
3064311500528100020,4228.0380859375,33,SD
3064311500528100021,5481.04345703125,33,SD
3064311500528100022,3776.400146484375,33,SD
3064311500528100024,4686.818359375,33,SD
3064311500528100025,4570.904296875,33,SD
3064311500528100026,3253.751708984375,33,SD
3064311500528100029,3676.2060546875,33,SD
3064311500528100033,1524.4847412109375,33,SD
3064311500528100037,6278.76025390625,33,SD
3064311500528100038,2848.060791015625,33,SD
3064311500528100045,1383.33154296875,33,SD
3064311500528100046,6643.81298828125,33,SD
3064311500528100050,2078.835693359375,33,SD
3064311500528100052,4256.087890625,33,SD
3064311500528100053,4556.87548828125,33,SD
3064311500528100059,2248.815673828125,33,SD
3064311500528100061,3956.837646484375,33,SD
3064311500528100063,3993.654052734375,33,SD
3064311500528100064,4087.274658203125,33,SD
3064311500528100067,2997.908447265625,33,SD
3064311500528100068,5491.75439453125,33,SD
3064311500528100070,1892.4052734375,33,SD
3064311500528100072,4401.52001953125,33,SD
3064311500528100076,3217.91845703125,33,SD
3064311500528100079,1811.8275146484375,33,SD
3064311500528100080,3382.60595703125,33,SD
3064311500528100081,8023.2607421875,33,SD
3064311500528100083,10791.9072265625,33,SD
3064311500528100084,6324.947265625,33,SD
3064311500528100088,3697.986328125,33,SD
3064311500528100089,7067.45947265625,33,SD
3064311500528100090,5741.78662109375,33,SD
3064311500528100091,10230.76171875,33,SD
3064311500528100093,4542.23193359375,33,SD
3064311500528100094,7055.7177734375,33,SD
3064311500528100098,3984.34033203125,33,SD
3064311500528100104,3410.658447265625,33,SD
3064311500532100006,3545.50732421875,5,SD
3064311500532100010,11008.4501953125,5,SD
3064311500532100013,7124.44189453125,5,SD
3064311500532100014,1928.2957763671875,5,SD
3064311500532100017,3512.447021484375,5,SD
3064311500532100019,7862.13232421875,5,SD
3064311500532100020,10289.7080078125,5,SD
3064311500532100021,6806.7529296875,5,SD
3064311500532100022,8998.2412109375,5,SD
3064311500532100023,9838.6015625,5,SD
3064311500532100024,6284.80078125,5,SD
3064311500532100025,9474.5361328125,5,SD
3064311500532100026,9938.2041015625,5,SD
3064311500532100028,4813.20654296875,5,SD
3064311500532100029,16276.36328125,5,SD
3064311500532100030,7852.2177734375,5,SD
3064311500532100032,11746.6337890625,5,SD
3064311500532100034,5387.38427734375,5,SD
3064311500532100035,4655.25439453125,5,SD
3064311500532100036,5541.4853515625,5,SD
3064311500532100038,6877.90771484375,5,SD
3064311500532100039,9255.876953125,5,SD
3064311500532100040,4557.6533203125,5,SD
3064311500532100042,6973.3798828125,5,SD
3064311500532100045,9601.9921875,5,SD
3064311500532100046,8327.9609375,5,SD
3064311500532100047,10400.60546875,5,SD
3064311500532100048,5431.93310546875,5,SD
3064311500532100050,19864.033203125,5,SD
3064311500532100056,4965.64208984375,5,SD
3064311500532100058,7085.4208984375,5,SD
3064311500533100003,29417.087890625,5,SD
3064311500533100009,4045.805908203125,5,SD
3064311500533100011,5770.03466796875,5,SD
3064311500533100015,7492.00634765625,5,SD
3064311500533100016,8306.5751953125,5,SD
3064311500533100017,6802.51220703125,5,SD
3064311500533100018,3493.67138671875,5,SD
3064311500533100019,11232.1064453125,5,SD
3064311500533100020,4991.25927734375,5,SD
3064311500533100021,10994.091796875,5,SD
3064311500533100027,6958.224609375,5,SD
3064311500533100028,8419.232421875,5,SD
3064311500533100029,4789.5234375,5,SD
3064311500533100030,5945.5712890625,5,SD
3064311500533100031,9624.41015625,5,SD
3064311500533100032,15067.904296875,5,SD
3064311500533100033,1405.1346435546875,5,SD
3064311500533100034,4744.7861328125,5,SD
3064311500533100035,1419.2218017578125,5,SD
3064311500533100036,18639.939453125,5,SD
3064311500533100037,6130.46435546875,5,SD
3064311500533100040,6630.75439453125,5,SD
3064311500533100041,8814.3154296875,5,SD
3064311500533100042,9243.3896484375,5,SD
3064311500533100043,7811.79833984375,5,SD
3064311500533100044,439.34088134765625,5,SD
3064311500533100046,6997.32666015625,5,SD
3064311500533100047,3139.05322265625,5,SD
3064311500533100048,4816.67919921875,5,SD
3064311500533100049,11100.9912109375,5,SD
3064311500533100050,4885.68017578125,5,SD
3064311500533100051,8545.1220703125,5,SD
3064311500533100052,6909.5703125,5,SD
3064311500533100053,2963.200439453125,5,SD
3064311500533100054,6875.6953125,5,SD
3064311500533100056,5961.28125,5,SD
3064311500533100058,10694.5009765625,5,SD
3064311500533100059,7684.6689453125,5,SD
3064311500533100060,5710.43701171875,5,SD
3064311500533100061,5396.54345703125,5,SD
3064311500533100063,3982.578125,5,SD
3064311500533100064,3988.240478515625,5,SD
3064311500533100065,1387.4544677734375,5,SD
3064311500533100066,4516.6748046875,5,SD
3064311500533100067,4798.22998046875,5,SD
3064311500533100068,5926.5537109375,5,SD
3064311500533100069,6970.96826171875,5,SD
3064311500533100070,10290.9833984375,5,SD
3064311500533100071,9541.951171875,5,SD
3064311500533100072,10329.2265625,5,SD
3064311500533100073,6528.2646484375,5,SD
3064311500533100074,7185.87548828125,5,SD
3064311500533100076,3344.537353515625,5,SD
3064311500533100077,4699.47119140625,5,SD
3064311500533100078,4341.58837890625,5,SD
3064311500533100079,8792.783203125,5,SD
3064311500533100081,5556.63134765625,5,SD
3064311500533100082,1723.827392578125,5,SD
3064311500533100083,5836.97705078125,5,SD
3064311500533100086,9790.6884765625,5,SD
3064311500533100087,4888.892578125,5,SD
3064311500533100088,9807.1357421875,5,SD
3064311500533100089,8151.875,5,SD
3064311500533100090,3402.362548828125,5,SD
3064311500533100091,10325.6494140625,5,SD
3064311500533100092,4855.4140625,5,SD
3064311500533100093,174.13096618652344,5,SD
3064311500533100094,8308.42578125,5,SD
3064311500533100095,7034.09521484375,5,SD
3064311500533100096,8076.537109375,5,SD
3064311500533100097,2651.612548828125,5,SD
3064311500533100098,5330.69970703125,5,SD
3064311500533100099,1155.6363525390625,5,SD
3064311500533100100,12802.419921875,5,SD
3064311500533100101,3812.549560546875,5,SD
3064311500533100102,227.25047302246094,5,SD
3064311500533100103,2127.38134765625,5,SD
3064311500533100104,3548.245849609375,5,SD
3064311500534100012,8770.7919921875,5,SD
3064311500534100016,3191.8701171875,5,SD
3064311500534100018,3974.040771484375,5,SD
3064311500534100019,853.8231201171875,5,SD
3064311500534100020,5963.671875,5,SD
3064311500534100022,2335.88232421875,5,SD
3064311500534100023,1079.8663330078125,5,SD
3064311500534100024,3579.760498046875,5,SD
3064311500534100025,2681.252685546875,5,SD
3064311500534100026,396.5220642089844,5,SD
3064311500534100027,4020.813232421875,5,SD
3064311500534100028,2610.77001953125,5,SD
3064311500534100029,3815.31591796875,5,SD
3064311500534100030,4220.0859375,5,SD
3064311500534100031,2787.3583984375,5,SD
3064311500534100033,2887.22314453125,5,SD
3064311500534100034,3776.93603515625,5,SD
3064311500534100036,2667.580078125,5,SD
3064311500534100038,2282.48779296875,5,SD
3064311500534100039,2454.035888671875,5,SD
3064311500534100040,2578.69287109375,5,SD
3064311500534100043,921.0625,5,SD
3064311500534100046,168.3447265625,5,SD
3064311500534100051,1139.403076171875,5,SD
3064311500534100064,3467.724609375,5,SD
3064311500534100069,4337.390625,5,SD
3064311500536100008,4821.52197265625,9,SD
3064311500536100010,486.8489074707031,9,SD
3064311500536100012,7844.77734375,9,SD
3064311500536100014,6310.49951171875,9,SD
3064311500536100015,6157.0302734375,9,SD
3064311500536100018,4237.482421875,9,SD
3064311500536100020,4461.56396484375,9,SD
3064311500536100023,5353.2939453125,9,SD
3064311500536100025,5830.220703125,9,SD
3064311500536100027,3482.6416015625,9,SD
3064311500536100031,5369.80859375,9,SD
3064311500536100041,6813.3134765625,9,SD
3064311500536100051,2696.291259765625,9,SD
3064311500537100006,1966.777587890625,9,SD
3064311500537100007,1766.392333984375,9,SD
3064311500537100011,7605.78125,9,SD
3064311500537100012,3494.03564453125,9,SD
3064311500537100015,7758.9873046875,9,SD
3064311500537100017,11998.5361328125,9,SD
3064311500537100020,9542.7421875,9,SD
3064311500537100022,976.5316162109375,9,SD
3064311500537100023,18407.783203125,9,SD
3064311500537100024,5688.2119140625,9,SD
3064311500537100025,10860.5693359375,9,SD
3064311500537100027,782.4044799804688,9,SD
3064311500537100028,8006.24072265625,9,SD
3064311500537100029,2793.2490234375,9,SD
3064311500537100030,17276.205078125,9,SD
3064311500537100031,6882.9736328125,9,SD
3064311500537100033,11820.44921875,9,SD
3064311500537100035,1249.9495849609375,9,SD
3064311500537100038,5426.54443359375,9,SD
3064311500537100039,1356.049072265625,9,SD
3064311500537100040,12897.771484375,9,SD
3064311500537100041,21343.376953125,9,SD
3064311500537100042,8778.7294921875,9,SD
3064311500537100043,5368.53759765625,9,SD
3064311500537100045,348.9400634765625,9,SD
3064311500537100046,12250.0458984375,9,SD
3064311500537100048,4115.1796875,9,SD
3064311500537100049,4772.15673828125,9,SD
3064311500537100050,231.01805114746094,9,SD
3064311500537100052,5721.3271484375,9,SD
3064311500537100053,5701.45751953125,9,SD
3064311500537100054,29325.515625,9,SD
3064311500537100056,11363.5380859375,9,SD
3064311500537100057,2459.24951171875,9,SD
3064311500537100058,5349.5263671875,9,SD
3064311500537100059,2773.259765625,9,SD
3064311500537100060,2805.4853515625,9,SD
3064311500537100061,3379.22802734375,9,SD
3064311500537100062,10600.0849609375,9,SD
3064311500537100064,4838.28466796875,9,SD
3064311500537100065,16852.3203125,9,SD
3064311500537100066,2484.9140625,9,SD
3064311500537100067,6861.0625,9,SD
3064311500537100068,5511.611328125,9,SD
3064311500537100069,12916.8603515625,9,SD
3064311500537100070,3078.600830078125,9,SD
3064311500537100071,5850.6591796875,9,SD
3064311500537100073,5628.72802734375,9,SD
3064311500537100074,5396.2568359375,9,SD
3064311500537100075,11587.51953125,9,SD
3064311500537100076,5291.7568359375,9,SD
3064311500537100077,6361.81640625,9,SD
3064311500537100078,3540.499755859375,9,SD
3064311500537100079,4246.71044921875,9,SD
3064311500537100080,6807.19775390625,9,SD
3064311500537100081,6014.40966796875,9,SD
3064311500537100082,7673.41748046875,9,SD
3064311500537100083,8777.9326171875,9,SD
3064311500537100084,3143.56884765625,9,SD
3064311500537100085,4448.3271484375,9,SD
3064311500537100086,13961.361328125,9,SD
3064311500537100087,8989.9453125,9,SD
3064311500537100088,6412.1806640625,9,SD
3064311500537100089,2331.28369140625,9,SD
3064311500537100090,8656.3935546875,9,SD
3064311500537100092,5879.23193359375,9,SD
3064311500537100093,3289.27685546875,9,SD
3064311500537100096,3256.188720703125,9,SD
3064311500537100097,8943.9833984375,9,SD
3064311500537100098,5748.640625,9,SD
3064311500537100099,7095.63037109375,9,SD
3064311500537100100,8305.9267578125,9,SD
3064311500537100101,7025.0283203125,9,SD
3064311500537100102,7143.072265625,9,SD
3064311500537100104,5138.78564453125,9,SD
3064311500537100105,5746.5390625,9,SD
3064311500537100106,4113.490234375,9,SD
3064311500537100107,5687.67578125,9,SD
3064311500537100111,6614.72802734375,9,SD
3064311500537100112,12452.6845703125,9,SD
3064311500537100113,8184.8447265625,9,SD
3064311500537100115,7375.29638671875,9,SD
3064311500537100116,4347.8095703125,9,SD
3064311500537100117,4830.4306640625,9,SD
3064311500537100118,8788.7412109375,9,SD
3064311500537100119,5001.32470703125,9,SD
3064311500537100121,2358.7001953125,9,SD
3064311500537100122,491.8849792480469,9,SD
3064311500537100123,1631.89892578125,9,SD
3064311500537100124,7874.34423828125,9,SD
3064311500537100125,3172.22265625,9,SD
3064311500537100126,5224.0419921875,9,SD
3064311500537100127,1432.9683837890625,9,SD
3064311500537100128,1998.098388671875,9,SD
3064311500537100130,2755.9404296875,9,SD
3064311500537100131,6032.88623046875,9,SD
3064311500537100132,3255.189208984375,9,SD
3064311500537100133,5602.38330078125,9,SD
3064311500537100134,5280.71484375,9,SD
3064311500537100135,3657.9736328125,9,SD
3064311500537100137,2632.42431640625,9,SD
3064311500538100007,5594.08837890625,9,SD
3064311500538100008,1274.411865234375,9,SD
3064311500538100012,799.1727905273438,9,SD
3064311500538100013,6166.1279296875,9,SD
3064311500538100014,4890.84619140625,9,SD
3064311500538100016,10241.638671875,9,SD
3064311500538100020,3671.36669921875,9,SD
3064311500538100021,5616.81591796875,9,SD
3064311500538100022,353.87298583984375,9,SD
3064311500538100023,6495.5703125,9,SD
3064311500538100024,6304.32470703125,9,SD
3064311500538100025,4789.927734375,9,SD
3064311500538100026,7665.83251953125,9,SD
3064311500538100027,3307.68310546875,9,SD
3064311500538100028,1370.3927001953125,9,SD
3064311500538100029,4799.41064453125,9,SD
3064311500538100030,6272.70263671875,9,SD
3064311500538100031,6529.720703125,9,SD
3064311500538100032,9238.4111328125,9,SD
3064311500538100033,5244.50146484375,9,SD
3064311500538100034,3324.67724609375,9,SD
3064311500538100035,7378.3876953125,9,SD
3064311500538100036,7968.45654296875,9,SD
3064311500538100037,6034.681640625,9,SD
3064311500538100038,5439.60302734375,9,SD
3064311500538100039,9887.853515625,9,SD
3064311500538100040,4360.22119140625,9,SD
3064311500538100041,7469.09423828125,9,SD
3064311500538100042,8171.9033203125,9,SD
3064311500538100044,14554.9443359375,9,SD
3064311500538100045,7078.1025390625,9,SD
3064311500538100046,4306.3212890625,9,SD
3064311500538100047,5631.42724609375,9,SD
3064311500538100048,7287.74951171875,9,SD
3064311500538100049,2771.30029296875,9,SD
3064311500538100050,5052.50341796875,9,SD
3064311500538100051,3311.993408203125,9,SD
3064311500538100052,6611.02880859375,9,SD
3064311500538100053,2333.004150390625,9,SD
3064311500538100054,5552.35986328125,9,SD
3064311500538100055,3898.41162109375,9,SD
3064311500538100056,7000.72265625,9,SD
3064311500538100057,4710.7939453125,9,SD
3064311500538100058,7598.38134765625,9,SD
3064311500538100059,4706.22900390625,9,SD
3064311500538100061,3865.78515625,9,SD
3064311500538100062,2666.228759765625,9,SD
3064311500538100064,10000.2451171875,9,SD
3064311500538100065,3527.59716796875,9,SD
3064311500538100067,5053.27099609375,9,SD
3064311500538100068,5290.041015625,9,SD
3064311500538100069,4437.8056640625,9,SD
3064311500538100070,4142.85009765625,9,SD
3064311500538100071,551.0216064453125,9,SD
3064311500538100072,1853.2769775390625,9,SD
3064311500538100075,5069.55810546875,9,SD
3064311500538100076,5643.64990234375,9,SD
3064311500538100078,4656.24951171875,9,SD
3064311500538100079,9202.1923828125,9,SD
3064311500538100082,3152.319091796875,9,SD
3064311500538100083,4622.5908203125,9,SD
3064311500539100008,4369.400390625,9,SD
3064311500539100013,7899.0849609375,9,SD
3064311500539100022,5217.5888671875,9,SD
3064311500539100027,2811.648681640625,9,SD
3064311500540100010,4875.61865234375,15,SD
3064311500540100013,10214.5927734375,15,SD
3064311500540100015,5082.04736328125,15,SD
3064311500540100019,3154.23095703125,15,SD
3064311500540100020,7124.6845703125,15,SD
3064311500540100021,1706.1334228515625,15,SD
3064311500540100027,5880.4189453125,15,SD
3064311500541100001,2187.01708984375,15,SD
3064311500541100005,2098.375,15,SD
3064311500541100007,6235.29248046875,15,SD
3064311500541100014,13856.88671875,15,SD
3064311500541100018,17555.0703125,15,SD
3064311500541100023,8698.615234375,15,SD
3064311500541100027,4500.857421875,15,SD
3064311500541100028,7816.54345703125,15,SD
3064311500541100031,4819.38037109375,15,SD
3064311500541100032,7383.07080078125,15,SD
3064311500541100033,11998.26953125,15,SD
3064311500541100034,5941.1572265625,15,SD
3064311500541100036,8979.6572265625,15,SD
3064311500541100039,733.9637451171875,15,SD
3064311500541100040,9998.64453125,15,SD
3064311500541100042,1162.16015625,15,SD
3064311500541100043,7565.81494140625,15,SD
3064311500541100044,13738.7236328125,15,SD
3064311500541100045,14100.7421875,15,SD
3064311500541100046,587.1732177734375,15,SD
3064311500541100047,972.5159301757812,15,SD
3064311500541100048,4660.0537109375,15,SD
3064311500541100051,7118.53466796875,15,SD
3064311500541100052,4905.6103515625,15,SD
3064311500541100053,5112.9580078125,15,SD
3064311500541100058,4021.32373046875,15,SD
3064311500541100059,1815.109375,15,SD
3064311500541100060,5297.44677734375,15,SD
3064311500541100061,3763.2578125,15,SD
3064311500541100062,7290.67919921875,15,SD
3064311500541100064,6098.63330078125,15,SD
3064311500541100065,2033.6947021484375,15,SD
3064311500541100066,3739.605712890625,15,SD
3064311500541100067,1965.8116455078125,15,SD
3064311500541100068,4530.58544921875,15,SD
3064311500541100069,4069.228515625,15,SD
3064311500541100072,2930.9501953125,15,SD
3064311500541100073,2970.7626953125,15,SD
3064311500541100076,4178.61474609375,15,SD
3064311500541100077,7392.73193359375,15,SD
3064311500541100078,13304.998046875,15,SD
3064311500541100079,9310.89453125,15,SD
3064311500541100080,4731.67041015625,15,SD
3064311500541100081,5771.01025390625,15,SD
3064311500541100082,4560.33984375,15,SD
3064311500541100083,5103.57568359375,15,SD
3064311500541100084,2503.21142578125,15,SD
3064311500541100085,2066.67822265625,15,SD
3064311500541100086,2355.67529296875,15,SD
3064311500541100087,4697.302734375,15,SD
3064311500541100089,6381.6640625,15,SD
3064311500541100090,4074.22021484375,15,SD
3064311500541100092,4347.53125,15,SD
3064311500541100093,7479.556640625,15,SD
3064311500541100094,5160.134765625,15,SD
3064311500541100095,3099.90087890625,15,SD
3064311500541100097,471.7779235839844,15,SD
3064311500541100098,3198.596435546875,15,SD
3064311500541100100,8379.830078125,15,SD
3064311500541100101,5234.60888671875,15,SD
3064311500541100103,1503.109375,15,SD
3064311500541100104,8628.455078125,15,SD
3064311500541100105,4718.82080078125,15,SD
3064311500541100106,2553.604736328125,15,SD
3064311500541100107,2897.678955078125,15,SD
3064311500541100108,8155.35595703125,15,SD
3064311500541100109,10019.5517578125,15,SD
3064311500541100110,6506.0966796875,15,SD
3064311500541100112,9234.30078125,15,SD
3064311500541100113,5212.47802734375,15,SD
3064311500542100008,8997.525390625,15,SD
3064311500542100012,5326.57763671875,15,SD
3064311500542100013,5186.83154296875,15,SD
3064311500542100015,13551.0634765625,15,SD
3064311500542100017,6507.712890625,15,SD
3064311500542100021,7274.517578125,15,SD
3064311500542100023,1463.057861328125,15,SD
3064311500542100024,1770.0870361328125,15,SD
3064311500542100025,6667.419921875,15,SD
3064311500542100027,10778.216796875,15,SD
3064311500542100028,8578.8544921875,15,SD
3064311500542100029,5214.4140625,15,SD
3064311500542100030,13395.576171875,15,SD
3064311500542100033,11568.2333984375,15,SD
3064311500542100035,2912.509765625,15,SD
3064311500542100036,878.2239990234375,15,SD
3064311500542100038,7511.96728515625,15,SD
3064311500542100039,4098.16357421875,15,SD
3064311500542100041,4563.25634765625,15,SD
3064311500542100042,6801.419921875,15,SD
3064311500542100043,8462.521484375,15,SD
3064311500542100044,4088.607666015625,15,SD
3064311500542100049,6903.85546875,15,SD
3064311500542100052,589.8994750976562,15,SD
3064311500542100053,6881.7900390625,15,SD
3064311500542100054,6172.65234375,15,SD
3064311500542100055,8997.75390625,15,SD
3064311500542100056,3001.35302734375,15,SD
3064311500542100057,5615.64111328125,15,SD
3064311500542100059,5669.82958984375,15,SD
3064311500542100060,6172.95263671875,15,SD
3064311500542100062,4838.400390625,15,SD
3064311500542100064,6837.45556640625,15,SD
3064311500542100066,14901.41015625,15,SD
3064311500542100067,4107.28466796875,15,SD
3064311500542100068,8110.70751953125,15,SD
3064311500542100069,5668.96923828125,15,SD
3064311500542100070,7073.744140625,15,SD
3064311500542100071,4878.0244140625,15,SD
3064311500542100072,9008.3994140625,15,SD
3064311500542100073,6024.525390625,15,SD
3064311500542100076,5038.646484375,15,SD
3064311500542100077,13802.8505859375,15,SD
3064311500542100081,3422.98046875,15,SD
3064311500545100015,11335.46484375,30,SD
3064311500545100021,5439.13037109375,30,SD
3064311500545100022,13237.2451171875,30,SD
3064311500545100023,4308.2158203125,30,SD
3064311500545100028,17038.703125,30,SD
3064311500545100029,3878.751708984375,30,SD
3064311500545100030,11033.8701171875,30,SD
3064311500545100031,3692.603759765625,30,SD
3064311500545100032,8195.7353515625,30,SD
3064311500545100034,5284.85791015625,30,SD
3064311500545100035,6708.380859375,30,SD
3064311500545100036,4701.5390625,30,SD
3064311500545100039,4576.1162109375,30,SD
3064311500545100041,4539.4794921875,30,SD
3064311500545100042,15288.6005859375,30,SD
3064311500545100043,7161.4697265625,30,SD
3064311500545100044,6890.00732421875,30,SD
3064311500545100046,9197.0576171875,30,SD
3064311500545100047,5741.64599609375,30,SD
3064311500545100048,6791.4091796875,30,SD
3064311500545100049,5280.794921875,30,SD
3064311500545100050,9962.228515625,30,SD
3064311500545100052,7002.99365234375,30,SD
3064311500545100054,3073.4775390625,30,SD
3064311500545100055,1636.292236328125,30,SD
3064311500545100056,2408.011474609375,30,SD
3064311500545100057,3417.806884765625,30,SD
3064311500545100059,7136.33544921875,30,SD
3064311500545100060,5153.14697265625,30,SD
3064311500545100061,7608.7431640625,30,SD
3064311500545100062,10367.1708984375,30,SD
3064311500545100064,4878.7236328125,30,SD
3064311500545100066,7759.44091796875,30,SD
3064311500545100068,5707.18798828125,30,SD
3064311500545100070,4435.291015625,30,SD
3064311500545100071,17561.3359375,30,SD
3064311500545100072,13527.68359375,30,SD
3064311500545100073,6916.6708984375,30,SD
3064311500545100074,8442.70703125,30,SD
3064311500545100075,8289.6240234375,30,SD
3064311500546100020,5082.978515625,30,SD
3064311500546100022,4712.1240234375,30,SD
3064311500546100024,4140.10009765625,30,SD
3064311500546100027,1453.730224609375,30,SD
3064311500546100030,1286.289794921875,30,SD
3064311500546100035,2065.8837890625,30,SD
3064311500546100036,4913.2841796875,30,SD
3064311500546100037,4541.3837890625,30,SD
3064311500546100038,2911.81640625,30,SD
3064311500546100039,4401.8408203125,30,SD
3064311500546100041,3097.599853515625,30,SD
3064311500546100044,1004.157470703125,30,SD
3064311500546100046,4715.189453125,30,SD
3064311500546100048,4633.4931640625,30,SD
3064311500546100051,3811.785888671875,30,SD
3064311500546100052,3933.56298828125,30,SD
3064311500546100053,5035.984375,30,SD
3064311500546100054,5120.4892578125,30,SD
3064311500546100055,1993.0634765625,30,SD
3064311500546100056,5439.76611328125,30,SD
3064311500546100058,2771.15625,30,SD
3064311500546100059,5652.193359375,30,SD
3064311500546100060,2696.226806640625,30,SD
3064311500546100062,6205.48046875,30,SD
3064311500546100063,2663.751953125,30,SD
3064311500546100064,3618.613525390625,30,SD
3064311500546100065,3901.5703125,30,SD
3064311500546100066,3561.05029296875,30,SD
3064311500546100067,6320.7705078125,30,SD
3064311500546100068,4873.4111328125,30,SD
3064311500546100069,8995.458984375,30,SD
3064311500546100070,3032.60498046875,30,SD
3064311500546100071,4708.4697265625,30,SD
3064311500546100072,3538.954833984375,30,SD
3064311500546100073,1564.048828125,30,SD
3064311500546100075,1176.31787109375,30,SD
3064311500546100077,3776.523193359375,30,SD
3064311500546100079,1535.944091796875,30,SD
3064311500546100080,8304.966796875,30,SD
3064311500546100081,3883.4716796875,30,SD
3064311500546100082,4317.07666015625,30,SD
3064311500546100084,4506.16748046875,30,SD
3064311500546100085,2795.8359375,30,SD
3064311500546100086,3380.47607421875,30,SD
3064311500546100087,9998.990234375,30,SD
3064311500546100088,3942.08935546875,30,SD
3064311500546100089,3059.110595703125,30,SD
3064311500546100090,7244.6025390625,30,SD
3064311500546100091,5393.15283203125,30,SD
3064311500546100092,3470.089599609375,30,SD
3064311500546100093,3431.830078125,30,SD
3064311500546100095,1025.4605712890625,30,SD
3064311500546100096,9062.970703125,30,SD
3064311500546100097,7500.90234375,30,SD
3064311500546100098,11283.869140625,30,SD
3064311500546100099,7938.4794921875,30,SD
3064311500546100100,3056.355712890625,30,SD
3064311500546100101,5870.28271484375,30,SD
3064311500549100028,7463.021484375,33,SD
3064311500549100030,3623.2939453125,33,SD
3064311500549100036,6787.8583984375,33,SD
3064311500549100039,4680.4140625,33,SD
3064311500549100040,1833.7059326171875,33,SD
3064311500549100041,3418.251953125,33,SD
3064311500549100042,7162.7001953125,33,SD
3064311500549100043,2734.687255859375,33,SD
3064311500549100046,5072.78955078125,33,SD
3064311500549100047,2682.478515625,33,SD
3064311500549100048,6317.03271484375,33,SD
3064311500549100056,6417.2197265625,33,SD
3064311500549100058,3143.43994140625,33,SD
3064311500549100059,3954.87548828125,33,SD
3064311500549100061,6411.2587890625,33,SD
3064311500549100064,4696.48193359375,33,SD
3064311500549100065,5564.60986328125,33,SD
3064311500549100066,6341.3076171875,33,SD
3064311500549100070,8509.1064453125,33,SD
3064311500549100071,2416.6962890625,33,SD
3064311500549100075,1747.8543701171875,33,SD
3064311500549100076,6275.21142578125,33,SD
3064311500549100084,6162.89794921875,33,SD
3064311500549100085,4961.203125,33,SD
3064311500549100088,1228.4918212890625,33,SD
3064311500549100090,4494.6201171875,33,SD
3064311500549100091,1728.1513671875,33,SD
3064311500549100092,4959.22314453125,33,SD
3064311500549100093,11436.234375,33,SD
3064311500549100097,3349.8779296875,33,SD
3064311500549100098,3512.64501953125,33,SD
3064311500549100102,4210.2158203125,33,SD
3064311500549100108,3274.47900390625,33,SD
3064311500549100109,2785.920166015625,33,SD
3064311500550100021,2872.792724609375,33,SD
3064311500550100032,3741.263916015625,33,SD
3064311500550100039,3359.45458984375,33,SD
3064311500550100046,13422.990234375,33,SD
3064311500550100048,3220.991455078125,33,SD
3064311500550100049,4806.6064453125,33,SD
3064311500550100051,5512.4755859375,33,SD
3064311500550100053,3834.120361328125,33,SD
3064311500550100054,5207.7890625,33,SD
3064311500550100057,3193.117431640625,33,SD
3064311500550100058,7319.38232421875,33,SD
3064311500550100060,4496.23291015625,33,SD
3064311500550100061,9274.34375,33,SD
3064311500550100062,4374.5869140625,33,SD
3064311500550100064,6614.9970703125,33,SD
3064311500550100066,2963.5947265625,33,SD
3064311500550100067,4339.951171875,33,SD
3064311500550100068,4468.7705078125,33,SD
3064311500550100070,2880.010009765625,33,SD
3064311500550100071,6467.80810546875,33,SD
3064311500550100073,4014.39404296875,33,SD
3064311500550100075,2505.09228515625,33,SD
3064311500550100076,11024.79296875,33,SD
3064311500550100077,5520.8623046875,33,SD
3064311500550100080,3179.5947265625,33,SD
3064311500550100081,7060.599609375,33,SD
3064311500550100083,2315.652587890625,33,SD
3064311500550100085,8464.1259765625,33,SD
3064311500550100086,4506.47802734375,33,SD
3064311500550100087,5805.13818359375,33,SD
3064311500550100088,5650.79248046875,33,SD
3064311500550100089,6606.1181640625,33,SD
3064311500550100090,2578.90087890625,33,SD
3064311500550100091,6097.72216796875,33,SD
3064311500550100093,3739.056396484375,33,SD
3064311500550100094,2280.5888671875,33,SD
3064311500550100095,2851.033447265625,33,SD
3064311500550100096,3726.523681640625,33,SD
3064311500550100097,7630.0693359375,33,SD
3064311500550100098,4158.98828125,33,SD
3064311500550100100,2629.9599609375,33,SD
3064311500550100101,5840.908203125,33,SD
3064311500550100102,10770.40234375,33,SD
3064311500550100103,4085.990966796875,33,SD
3064311500550100104,2334.42333984375,33,SD
3064311500550100107,6567.0517578125,33,SD
3064311500550100108,17752.24609375,33,SD
3064311500550100110,4615.18017578125,33,SD
3064311500550100111,3592.87646484375,33,SD
3064311500550100112,2636.9072265625,33,SD
3064311500550100113,2193.84423828125,33,SD
3064311500550100114,2820.15478515625,33,SD
3064311500550100116,1020.4630126953125,33,SD
3064311500550100117,4391.919921875,33,SD
3064311500550100118,4576.197265625,33,SD
3064311500550100119,8352.7021484375,33,SD
3064311500550100120,7587.1064453125,33,SD
3064311500550100121,2581.64697265625,33,SD
3064311500550100122,3294.775390625,33,SD
3064311500550100123,5101.908203125,33,SD
3064311500550100124,6404.0888671875,33,SD
3064311500550100125,8924.576171875,33,SD
3064311500550100126,7530.736328125,33,SD
3064311500551100005,11622.6328125,33,SD
3064311500551100014,5973.162109375,33,SD
3064311500551100015,3890.900146484375,33,SD
3064311500551100022,8358.3505859375,33,SD
3064311500551100025,7307.38134765625,33,SD
3064311500579100005,18916.44921875,6,SD
3064311500579100007,5332.12158203125,6,SD
3064311500579100008,29737.78515625,6,SD
3064311500579100009,22683.478515625,6,SD
3064311500579100010,7096.974609375,6,SD
3064311500579100011,2365.81298828125,6,SD
3064311500579100012,4899.52978515625,6,SD
3064311500579100013,8138.064453125,6,SD
3064311500579100016,7183.7255859375,6,SD
3064311500579100017,4599.07080078125,6,SD
3064311500579100018,6569.349609375,6,SD
3064311500579100020,6085.91455078125,6,SD
3064311500579100021,4769.08544921875,6,SD
3064311500579100022,18167.849609375,6,SD
3064311500579100023,16754.69921875,6,SD
3064311500579100027,3975.2041015625,6,SD
3064311500579100028,4363.091796875,6,SD
3064311500579100029,6528.29931640625,6,SD
3064311500579100030,6049.23095703125,6,SD
3064311500579100033,5787.76416015625,6,SD
3064311500580100016,17092.396484375,6,SD
3064311500580100017,23486.458984375,6,SD
3064311500580100018,1436.7943115234375,6,SD
3064311500580100019,6032.7666015625,6,SD
3064311500580100020,9934.6103515625,6,SD
3064311500580100023,4808.3251953125,6,SD
3064311500580100024,6560.8994140625,6,SD
3064311500580100026,9945.00390625,6,SD
3064311500580100027,18361.474609375,6,SD
3064311500580100028,8405.40234375,6,SD
3064311500580100029,8788.9697265625,6,SD
3064311500580100030,9380.8974609375,6,SD
3064311500580100031,24427.8828125,6,SD
3064311500580100035,2201.39404296875,6,SD
3064311500580100037,4757.84033203125,6,SD
3064311500580100041,8271.220703125,6,SD
3064311500580100043,3764.470458984375,6,SD
3064311500580100044,12715.84765625,6,SD
3064311500580100045,7553.46240234375,6,SD
3064311500580100048,9728.8212890625,6,SD
3064311500580100050,4609.208984375,6,SD
3064311500583100026,31534.033203125,10,SD
3064311500583100027,3624.36083984375,10,SD
3064311500583100028,6449.84814453125,10,SD
3064311500583100029,13636.7978515625,10,SD
3064311500583100030,14750.791015625,10,SD
3064311500583100031,18326.169921875,10,SD
3064311500583100033,12640.6298828125,10,SD
3064311500583100034,6775.6669921875,10,SD
3064311500583100036,10957.7353515625,10,SD
3064311500583100039,2526.4892578125,10,SD
3064311500583100040,8904.44921875,10,SD
3064311500583100042,4311.3486328125,10,SD
3064311500583100043,5757.2822265625,10,SD
3064311500583100044,13760.99609375,10,SD
3064311500583100046,4693.43115234375,10,SD
3064311500583100049,10230.7705078125,10,SD
3064311500583100051,7782.70361328125,10,SD
3064311500583100052,6762.322265625,10,SD
3064311500583100053,5688.35888671875,10,SD
3064311500583100054,7068.1005859375,10,SD
3064311500583100059,39564.97265625,10,SD
3064311500583100061,17076.53515625,10,SD
3064311500583100063,9154.62890625,10,SD
3064311500583100064,3981.99365234375,10,SD
3064311500583100065,11175.9150390625,10,SD
3064311500583100067,5347.29931640625,10,SD
3064311500583100069,23538.76953125,10,SD
3064311500583100070,6199.98291015625,10,SD
3064311500583100071,6874.2021484375,10,SD
3064311500583100073,12070.1865234375,10,SD
3064311500583100074,9258.6494140625,10,SD
3064311500583100076,4077.6826171875,10,SD
3064311500583100079,12904.3779296875,10,SD
3064311500583100082,4031.062255859375,10,SD
3064311500583100083,19388.48828125,10,SD
3064311500583100084,4869.31298828125,10,SD
3064311500583100085,10571.9453125,10,SD
3064311500583100086,4708.5224609375,10,SD
3064311500583100087,7824.2783203125,10,SD
3064311500583100088,9502.0458984375,10,SD
3064311500583100089,6474.43994140625,10,SD
3064311500583100091,3671.45751953125,10,SD
3064311500583100094,9751.33203125,10,SD
3064311500583100095,3581.43017578125,10,SD
3064311500583100097,3393.068359375,10,SD
3064311500583100098,5312.91796875,10,SD
3064311500583100102,6865.16357421875,10,SD
3064311500583100103,8740.7490234375,10,SD
3064311500583100104,4472.67431640625,10,SD
3064311500584100029,26242.18359375,10,SD
3064311500584100034,23019.892578125,10,SD
3064311500584100035,4463.1572265625,10,SD
3064311500584100036,22415.212890625,10,SD
3064311500584100037,5565.583984375,10,SD
3064311500584100039,12234.13671875,10,SD
3064311500584100041,5544.4306640625,10,SD
3064311500584100043,5298.25439453125,10,SD
3064311500584100044,5676.86669921875,10,SD
3064311500584100045,1908.487548828125,10,SD
3064311500584100046,2614.3115234375,10,SD
3064311500584100047,3162.9501953125,10,SD
3064311500584100048,4957.25048828125,10,SD
3064311500584100050,5313.6171875,10,SD
3064311500584100051,8637.001953125,10,SD
3064311500584100052,10573.7265625,10,SD
3064311500584100056,10700.826171875,10,SD
3064311500584100057,7069.8017578125,10,SD
3064311500584100058,11129.5439453125,10,SD
3064311500584100059,4453.78662109375,10,SD
3064311500584100060,11704.634765625,10,SD
3064311500584100062,8018.4736328125,10,SD
3064311500584100063,21362.01171875,10,SD
3064311500584100065,14724.671875,10,SD
3064311500584100066,5912.24365234375,10,SD
3064311500584100067,6922.62158203125,10,SD
3064311500584100069,6615.80224609375,10,SD
3064311500584100070,4942.76953125,10,SD
3064311500584100071,9800.2255859375,10,SD
3064311500584100072,11956.9169921875,10,SD
3064311500584100074,7627.83203125,10,SD
3064311500584100076,14636.58984375,10,SD
3064311500584100078,9590.8740234375,10,SD
3064311500584100079,5222.02490234375,10,SD
3064311500584100080,14125.7119140625,10,SD
3064311500584100082,5479.1435546875,10,SD
3064311500584100083,2293.361328125,10,SD
3064311500584100084,16583.146484375,10,SD
3064311500584100085,8514.6357421875,10,SD
3064311500584100089,9766.5595703125,10,SD
3064311500584100092,1761.425537109375,10,SD
3064311500584100093,6127.228515625,10,SD
3064311500584100094,6472.3857421875,10,SD
3064311500584100095,7904.48046875,10,SD
3064311500584100098,2388.072998046875,10,SD
3064311500585100031,8655.33203125,10,SD
3064311500585100034,1402.255615234375,10,SD
3064311500585100037,15918.0712890625,10,SD
3064311500587100004,6989.5595703125,16,SD
3064311500587100005,16442.990234375,16,SD
3064311500587100006,755.9038696289062,16,SD
3064311500587100007,1166.3941650390625,16,SD
3064311500587100009,14787.5068359375,16,SD
3064311500587100010,6908.810546875,16,SD
3064311500587100013,13111.1923828125,16,SD
3064311500587100014,10208.91015625,16,SD
3064311500587100015,15273.978515625,16,SD
3064311500587100017,8139.3408203125,16,SD
3064311500587100018,5272.6015625,16,SD
3064311500587100019,2814.263427734375,16,SD
3064311500587100022,4557.3671875,16,SD
3064311500587100023,11662.2509765625,16,SD
3064311500587100025,6950.85107421875,16,SD
3064311500587100026,9230.88671875,16,SD
3064311500587100027,9414.6337890625,16,SD
3064311500587100028,9285.015625,16,SD
3064311500587100029,5059.994140625,16,SD
3064311500587100030,7082.8056640625,16,SD
3064311500587100031,3667.77587890625,16,SD
3064311500587100032,7782.0908203125,16,SD
3064311500587100034,5754.8828125,16,SD
3064311500587100035,4446.77490234375,16,SD
3064311500587100036,23021.330078125,16,SD
3064311500587100037,9043.943359375,16,SD
3064311500587100038,15537.5859375,16,SD
3064311500587100039,14814.263671875,16,SD
3064311500587100040,3374.668701171875,16,SD
3064311500587100041,11546.3154296875,16,SD
3064311500587100044,4918.48046875,16,SD
3064311500587100045,6695.0166015625,16,SD
3064311500587100046,8966.431640625,16,SD
3064311500587100047,15689.298828125,16,SD
3064311500587100049,9229.6669921875,16,SD
3064311500587100050,8782.8720703125,16,SD
3064311500587100051,8086.05419921875,16,SD
3064311500587100052,1007.920654296875,16,SD
3064311500587100053,10073.7939453125,16,SD
3064311500587100054,4746.939453125,16,SD
3064311500587100057,4972.49560546875,16,SD
3064311500587100059,3766.3681640625,16,SD
3064311500587100060,14728.0263671875,16,SD
3064311500587100062,4531.43017578125,16,SD
3064311500587100063,4738.80908203125,16,SD
3064311500587100064,2820.639404296875,16,SD
3064311500587100065,8095.58740234375,16,SD
3064311500587100066,6485.93017578125,16,SD
3064311500587100067,6368.724609375,16,SD
3064311500587100068,7999.2197265625,16,SD
3064311500587100069,7869.83447265625,16,SD
3064311500587100071,2269.5283203125,16,SD
3064311500587100074,7862.92041015625,16,SD
3064311500587100075,9251.958984375,16,SD
3064311500587100077,5917.271484375,16,SD
3064311500587100078,6827.78857421875,16,SD
3064311500587100080,1554.084228515625,16,SD
3064311500587100081,6336.52685546875,16,SD
3064311500587100083,3649.833740234375,16,SD
3064311500587100084,4791.64599609375,16,SD
3064311500587100085,1824.5028076171875,16,SD
3064311500587100086,1034.4339599609375,16,SD
3064311500587100087,5520.404296875,16,SD
3064311500587100088,2208.313232421875,16,SD
3064311500587100090,2040.533935546875,16,SD
3064311500587100091,2528.4326171875,16,SD
3064311500587100092,4555.66650390625,16,SD
3064311500587100094,4328.6357421875,16,SD
3064311500587100095,5707.27734375,16,SD
3064311500587100096,6090.17919921875,16,SD
3064311500587100097,2198.719970703125,16,SD
3064311500587100099,6293.70947265625,16,SD
3064311500587100100,10103.98828125,16,SD
3064311500587100104,6078.75830078125,16,SD
3064311500587100109,3702.55712890625,16,SD
3064311500587100111,2056.5927734375,16,SD
3064311500587100123,2546.888427734375,16,SD
3064311500588100007,7054.6806640625,16,SD
3064311500588100008,5992.376953125,16,SD
3064311500588100009,19065.0234375,16,SD
3064311500588100012,2019.0067138671875,16,SD
3064311500588100013,1987.587890625,16,SD
3064311500588100014,3310.761474609375,16,SD
3064311500588100016,6113.5517578125,16,SD
3064311500588100018,9287.1416015625,16,SD
3064311500588100019,4871.34130859375,16,SD
3064311500588100020,5991.16552734375,16,SD
3064311500588100022,2519.466796875,16,SD
3064311500588100023,4653.634765625,16,SD
3064311500588100024,3184.277099609375,16,SD
3064311500588100025,18227.18359375,16,SD
3064311500588100026,3331.888916015625,16,SD
3064311500588100028,3405.089599609375,16,SD
3064311500588100029,7659.58056640625,16,SD
3064311500588100030,6348.4658203125,16,SD
3064311500588100031,7161.3056640625,16,SD
3064311500588100032,6919.1025390625,16,SD
3064311500588100033,7982.10498046875,16,SD
3064311500588100034,4872.28271484375,16,SD
3064311500588100035,5862.08837890625,16,SD
3064311500588100037,2184.201904296875,16,SD
3064311500588100038,4210.28515625,16,SD
3064311500588100040,3797.71533203125,16,SD
3064311500588100041,5541.42041015625,16,SD
3064311500588100042,8033.64404296875,16,SD
3064311500588100043,841.21826171875,16,SD
3064311500588100044,2463.103759765625,16,SD
3064311500588100045,8240.4501953125,16,SD
3064311500588100046,8001.31103515625,16,SD
3064311500588100047,10560.4169921875,16,SD
3064311500588100048,15834.337890625,16,SD
3064311500588100049,9295.5634765625,16,SD
3064311500588100050,2011.0623779296875,16,SD
3064311500588100051,887.9095458984375,16,SD
3064311500588100052,4219.826171875,16,SD
3064311500588100053,4251.212890625,16,SD
3064311500588100055,6999.490234375,16,SD
3064311500588100056,3947.466796875,16,SD
3064311500588100057,11359.37109375,16,SD
3064311500588100058,1682.5458984375,16,SD
3064311500588100059,10683.3115234375,16,SD
3064311500588100060,3619.726318359375,16,SD
3064311500588100061,11400.4345703125,16,SD
3064311500588100062,7989.44677734375,16,SD
3064311500588100064,5213.2578125,16,SD
3064311500588100065,7277.8203125,16,SD
3064311500588100066,4097.62353515625,16,SD
3064311500588100067,6785.4951171875,16,SD
3064311500588100068,1028.9091796875,16,SD
3064311500588100069,26527.416015625,16,SD
3064311500588100070,3709.372802734375,16,SD
3064311500588100071,10985.41015625,16,SD
3064311500588100073,11622.572265625,16,SD
3064311500588100074,1202.9991455078125,16,SD
3064311500588100076,18105.923828125,16,SD
3064311500588100078,8213.8154296875,16,SD
3064311500588100079,3792.195556640625,16,SD
3064311500588100080,5488.423828125,16,SD
3064311500588100081,4292.06201171875,16,SD
3064311500588100082,3547.791259765625,16,SD
3064311500588100083,11382.8466796875,16,SD
3064311500588100084,11000.1259765625,16,SD
3064311500588100086,4546.27001953125,16,SD
3064311500588100088,7115.548828125,16,SD
3064311500588100089,1738.2723388671875,16,SD
3064311500588100091,1203.6707763671875,16,SD
3064311500588100092,9944.0419921875,16,SD
3064311500588100094,4921.4189453125,16,SD
3064311500588100095,5550.88671875,16,SD
3064311500588100096,5773.01904296875,16,SD
3064311500588100097,6488.572265625,16,SD
3064311500588100098,7578.6083984375,16,SD
3064311500588100100,5502.5693359375,16,SD
3064311500588100101,6667.68115234375,16,SD
3064311500588100102,10690.6142578125,16,SD
3064311500588100103,7792.42431640625,16,SD
3064311500588100104,11670.7392578125,16,SD
3064311500588100105,16665.759765625,16,SD
3064311500588100108,1662.264404296875,16,SD
3064311500588100110,8676.5263671875,16,SD
3064311500588100111,5840.205078125,16,SD
3064311500588100112,7430.09619140625,16,SD
3064311500588100114,12147.6982421875,16,SD
3064311500588100115,4353.13818359375,16,SD
3064311500588100116,7787.67822265625,16,SD
3064311500588100118,838.1967163085938,16,SD
3064311500588100119,16200.6328125,16,SD
3064311500588100122,10467.271484375,16,SD
3064311500588100123,8393.9443359375,16,SD
3064311500588100124,15219.353515625,16,SD
3064311500588100125,17029.5546875,16,SD
3064311500588100126,5228.04248046875,16,SD
3064311500588100128,5931.05029296875,16,SD
3064311500588100129,9017.07421875,16,SD
3064311500588100130,1598.690673828125,16,SD
3064311500588100131,5281.58544921875,16,SD
3064311500588100134,15257.017578125,16,SD
3064311500588100136,6253.92431640625,16,SD
3064311500588100137,8935.7880859375,16,SD
3064311500588100138,2645.859130859375,16,SD
3064311500588100139,1622.038330078125,16,SD
3064311500588100140,10620.60546875,16,SD
3064311500588100141,1610.0093994140625,16,SD
3064311500588100142,6544.654296875,16,SD
3064311500588100146,1116.267822265625,16,SD
3064311500588100150,1681.5555419921875,16,SD
3064311500588100153,10127.5927734375,16,SD
3064311500588100154,2594.4638671875,16,SD
3064311500588100155,6985.83837890625,16,SD
3064311500588100164,5066.58642578125,16,SD
3064311500589100069,19847.451171875,16,SD
3064311500589100077,7630.91015625,16,SD
3064311500589100079,4482.29638671875,16,SD
3064311500589100080,10662.1630859375,16,SD
3064311500589100081,8264.3603515625,16,SD
3064311500589100082,2792.8974609375,16,SD
3064311500589100085,5664.22021484375,16,SD
3064311500589100086,13748.94921875,16,SD
3064311500589100088,20218.171875,16,SD
3064311500589100089,5465.841796875,16,SD
3064311500589100090,14439.62109375,16,SD
3064311500589100093,19931.85546875,16,SD
3064311500589100094,7675.48388671875,16,SD
3064311500591100058,5511.068359375,31,SD
3064311500591100059,5455.3115234375,31,SD
3064311500591100060,8848.3603515625,31,SD
3064311500591100062,7990.47509765625,31,SD
3064311500591100066,12372.0615234375,31,SD
3064311500591100067,6423.1923828125,31,SD
3064311500591100068,9839.6552734375,31,SD
3064311500591100069,3854.927978515625,31,SD
3064311500591100070,5438.9052734375,31,SD
3064311500591100072,3035.720947265625,31,SD
3064311500591100077,6484.11572265625,31,SD
3064311500591100090,1067.26611328125,31,SD
3064311500591100091,3791.1181640625,31,SD
3064311500591100094,5865.44970703125,31,SD
3064311500592100107,6262.10205078125,31,SD
3064311500592100108,3607.982177734375,31,SD
3064311500592100109,13456.8759765625,31,SD
3064311500592100110,7831.79541015625,31,SD
3064311500592100111,11004.2919921875,31,SD
3064311500592100112,4782.70947265625,31,SD
3064311500592100114,7341.6181640625,31,SD
3064311500592100115,8365.025390625,31,SD
3064311500592100117,4421.30224609375,31,SD
3064311500592100118,5996.05126953125,31,SD
3064311500592100119,6212.28955078125,31,SD
3064311500592100121,3665.94970703125,31,SD
3064311500592100122,2749.300048828125,31,SD
3064311500592100124,4149.57470703125,31,SD
3064311500592100125,4997.396484375,31,SD
3064311500592100126,5219.322265625,31,SD
3064311500592100127,1384.8944091796875,31,SD
3064311500592100128,7298.2412109375,31,SD
3064311500592100129,9852.421875,31,SD
3064311500592100130,2850.489990234375,31,SD
3064311500592100131,7661.330078125,31,SD
3064311500592100135,9389.6640625,31,SD
3064311500592100137,4567.45263671875,31,SD
3064311500592100138,3162.9287109375,31,SD
3064311500592100139,14842.65625,31,SD
3064311500592100140,3842.55712890625,31,SD
3064311500592100141,2455.031982421875,31,SD
3064311500592100142,2377.60693359375,31,SD
3064311500592100143,974.508544921875,31,SD
3064311500592100144,3976.082763671875,31,SD
3064311500592100147,3475.833251953125,31,SD
3064311500592100149,3624.134033203125,31,SD
3064311500592100150,10703.2236328125,31,SD
3064311500592100151,7868.11669921875,31,SD
3064311500592100153,2785.2421875,31,SD
3064311500592100154,11487.880859375,31,SD
3064311500592100156,7011.1494140625,31,SD
3064311500592100157,3620.48046875,31,SD
3064311500592100160,7650.32373046875,31,SD
3064311500592100161,1532.369873046875,31,SD
3064311500592100162,2662.387451171875,31,SD
3064311500592100164,9115.3876953125,31,SD
3064311500592100165,3945.296142578125,31,SD
3064311500592100166,3711.2431640625,31,SD
3064311500592100167,7649.34765625,31,SD
3064311500592100168,5653.8642578125,31,SD
3064311500592100177,2454.28515625,31,SD
3064311500601100002,13830.0927734375,6,SD
3064311500601100004,8493.61328125,6,SD
3064311500601100005,10770.455078125,6,SD
3064311500601100006,2600.55908203125,6,SD
3064311500601100008,15696.99609375,6,SD
3064311500601100009,5879.0791015625,6,SD
3064311500601100013,9797.125,6,SD
3064311500601100014,6981.82763671875,6,SD
3064311500601100015,9315.515625,6,SD
3064311500601100017,9427.884765625,6,SD
3064311500601100018,6627.9111328125,6,SD
3064311500601100019,1082.850830078125,6,SD
3064311500601100020,7305.85205078125,6,SD
3064311500601100021,2793.96875,6,SD
3064311500601100023,8768.85546875,6,SD
3064311500601100025,4991.0673828125,6,SD
3064311500601100026,3752.342529296875,6,SD
3064311500601100027,4763.43505859375,6,SD
3064311500601100028,4666.2734375,6,SD
3064311500601100029,9248.2861328125,6,SD
3064311500601100034,3466.6865234375,6,SD
3064311500601100035,6317.3623046875,6,SD
3064311500601100037,885.8413696289062,6,SD
3064311500602100004,8036.708984375,6,SD
3064311500602100014,4538.3564453125,6,SD
3064311500602100015,11557.0654296875,6,SD
3064311500602100017,942.040771484375,6,SD
3064311500602100018,6981.13916015625,6,SD
3064311500602100021,6717.64794921875,6,SD
3064311500602100022,5025.05712890625,6,SD
3064311500602100023,3492.14453125,6,SD
3064311500602100024,28540.578125,6,SD
3064311500602100025,11925.2421875,6,SD
3064311500602100026,7621.6875,6,SD
3064311500602100027,7005.69482421875,6,SD
3064311500602100029,6698.24365234375,6,SD
3064311500602100032,6464.61767578125,6,SD
3064311500602100033,6054.3740234375,6,SD
3064311500602100036,5050.12939453125,6,SD
3064311500602100037,15224.9638671875,6,SD
3064311500602100038,3965.82373046875,6,SD
3064311500602100040,6469.9521484375,6,SD
3064311500602100043,7191.49755859375,6,SD
3064311500602100047,3170.190673828125,6,SD
3064311500602100048,5076.876953125,6,SD
3064311500602100050,3894.701171875,6,SD
3064311500602100051,6398.30224609375,6,SD
3064311500602100053,9081.9462890625,6,SD
3064311500602100056,6738.626953125,6,SD
3064311500602100059,7244.82080078125,6,SD
3064311500602100063,17705.970703125,6,SD
3064311500602100068,9303.787109375,6,SD
3064311500602100069,6116.66748046875,6,SD
3064311500603100006,13937.8974609375,6,SD
3064311500603100008,6726.16943359375,6,SD
3064311500603100010,5990.04248046875,6,SD
3064311500603100011,11050.3837890625,6,SD
3064311500603100012,7289.10400390625,6,SD
3064311500603100013,1747.8851318359375,6,SD
3064311500603100014,9346.28515625,6,SD
3064311500603100015,4607.2255859375,6,SD
3064311500603100022,7957.80615234375,6,SD
3064311500603100024,3740.0869140625,6,SD
3064311500603100026,12008.4931640625,6,SD
3064311500603100027,5141.51904296875,6,SD
3064311500603100030,2250.438720703125,6,SD
3064311500603100033,5450.95263671875,6,SD
3064311500603100034,3437.47412109375,6,SD
3064311500603100036,4366.1591796875,6,SD
3064311500603100037,2682.236083984375,6,SD
3064311500603100039,1114.935302734375,6,SD
3064311500603100041,5693.50732421875,6,SD
3064311500603100043,5982.296875,6,SD
3064311500603100045,2933.696044921875,6,SD
3064311500603100046,4454.05908203125,6,SD
3064311500603100048,10401.9755859375,6,SD
3064311500603100049,4993.72509765625,6,SD
3064311500603100050,6254.57275390625,6,SD
3064311500603100051,5639.6806640625,6,SD
3064311500603100053,2953.1142578125,6,SD
3064311500603100054,3833.043212890625,6,SD
3064311500603100055,4793.44970703125,6,SD
3064311500603100058,4128.90380859375,6,SD
3064311500603100059,2764.072021484375,6,SD
3064311500603100060,4691.7421875,6,SD
3064311500603100065,4881.6806640625,6,SD
3064311500603100066,4938.982421875,6,SD
3064311500603100067,2040.388916015625,6,SD
3064311500603100069,10513.5478515625,6,SD
3064311500603100070,4687.35791015625,6,SD
3064311500603100074,16359.0947265625,6,SD
3064311500603100076,4284.72412109375,6,SD
3064311500604100003,11338.150390625,6,SD
3064311500604100005,7303.65087890625,6,SD
3064311500604100007,8464.6142578125,6,SD
3064311500604100009,8768.1796875,6,SD
3064311500604100012,5487.59521484375,6,SD
3064311500604100013,2032.038818359375,6,SD
3064311500604100014,19361.966796875,6,SD
3064311500604100016,10671.876953125,6,SD
3064311500604100018,7062.11083984375,6,SD
3064311500604100019,9300.12109375,6,SD
3064311500604100020,5848.7841796875,6,SD
3064311500604100022,14220.5908203125,6,SD
3064311500604100023,5805.80419921875,6,SD
3064311500604100024,8511.1748046875,6,SD
3064311500604100025,2969.8935546875,6,SD
3064311500604100026,19323.466796875,6,SD
3064311500604100028,5528.3642578125,6,SD
3064311500604100030,5360.6142578125,6,SD
3064311500604100031,4806.62744140625,6,SD
3064311500604100032,4451.14892578125,6,SD
3064311500604100033,4206.26806640625,6,SD
3064311500604100034,3498.204345703125,6,SD
3064311500604100035,14175.8779296875,6,SD
3064311500604100036,3649.76220703125,6,SD
3064311500604100039,6750.18603515625,6,SD
3064311500604100040,10115.337890625,6,SD
3064311500604100044,24484.53515625,6,SD
3064311500604100046,5606.29638671875,6,SD
3064311500605100003,6212.5673828125,10,SD
3064311500605100006,3419.811767578125,10,SD
3064311500605100010,6823.25244140625,10,SD
3064311500605100021,6352.8037109375,10,SD
3064311500605100026,12694.7275390625,10,SD
3064311500605100027,5139.71044921875,10,SD
3064311500605100029,7990.15283203125,10,SD
3064311500605100030,7631.3359375,10,SD
3064311500605100032,17509.447265625,10,SD
3064311500605100034,6025.0947265625,10,SD
3064311500605100036,5639.25732421875,10,SD
3064311500605100037,7158.85693359375,10,SD
3064311500605100038,6443.98095703125,10,SD
3064311500605100041,6026.50341796875,10,SD
3064311500605100042,9400.07421875,10,SD
3064311500605100043,14051.623046875,10,SD
3064311500605100044,9075.408203125,10,SD
3064311500605100045,4483.91552734375,10,SD
3064311500606100006,21121.666015625,10,SD
3064311500606100007,4865.19287109375,10,SD
3064311500606100009,2955.477783203125,10,SD
3064311500606100012,30614.828125,10,SD
3064311500606100015,6509.44482421875,10,SD
3064311500606100018,12458.982421875,10,SD
3064311500606100019,13019.0966796875,10,SD
3064311500606100020,24154.259765625,10,SD
3064311500606100023,7846.95751953125,10,SD
3064311500606100024,6722.80029296875,10,SD
3064311500606100025,6972.94189453125,10,SD
3064311500606100026,5105.8056640625,10,SD
3064311500606100027,3556.70703125,10,SD
3064311500606100028,3877.370849609375,10,SD
3064311500606100029,4499.89697265625,10,SD
3064311500606100030,10107.802734375,10,SD
3064311500606100032,8700.9228515625,10,SD
3064311500606100033,8947.5146484375,10,SD
3064311500606100034,5762.16357421875,10,SD
3064311500606100035,10267.021484375,10,SD
3064311500606100036,4732.15625,10,SD
3064311500606100037,8240.150390625,10,SD
3064311500606100039,17336.4453125,10,SD
3064311500606100040,2182.446533203125,10,SD
3064311500606100041,7339.580078125,10,SD
3064311500606100042,9086.7763671875,10,SD
3064311500606100043,10208.2607421875,10,SD
3064311500606100044,7556.9033203125,10,SD
3064311500606100046,6941.6357421875,10,SD
3064311500606100048,8431.6416015625,10,SD
3064311500606100051,9424.6416015625,10,SD
3064311500606100052,9893.5625,10,SD
3064311500606100053,5789.37353515625,10,SD
3064311500606100055,7161.189453125,10,SD
3064311500606100056,4632.048828125,10,SD
3064311500606100057,6650.0361328125,10,SD
3064311500606100058,7420.09765625,10,SD
3064311500606100059,5728.5029296875,10,SD
3064311500606100060,5626.32763671875,10,SD
3064311500606100061,6887.58837890625,10,SD
3064311500606100063,7028.326171875,10,SD
3064311500606100065,6467.06640625,10,SD
3064311500606100066,7711.59521484375,10,SD
3064311500606100068,38605.99609375,10,SD
3064311500606100070,12717.2802734375,10,SD
3064311500606100071,6689.9189453125,10,SD
3064311500606100072,3860.075927734375,10,SD
3064311500606100073,5357.28173828125,10,SD
3064311500606100074,7061.04150390625,10,SD
3064311500606100076,25676.287109375,10,SD
3064311500606100077,10056.40234375,10,SD
3064311500606100078,6803.04541015625,10,SD
3064311500606100079,13040.4404296875,10,SD
3064311500606100080,5432.45947265625,10,SD
3064311500606100081,18302.06640625,10,SD
3064311500606100083,12525.5625,10,SD
3064311500606100084,1998.1217041015625,10,SD
3064311500606100085,8250.400390625,10,SD
3064311500606100086,6724.634765625,10,SD
3064311500606100088,2576.8564453125,10,SD
3064311500606100089,14308.9228515625,10,SD
3064311500606100090,15664.26171875,10,SD
3064311500606100091,3365.777099609375,10,SD
3064311500606100093,4670.10888671875,10,SD
3064311500606100095,1057.2322998046875,10,SD
3064311500606100096,16117.1474609375,10,SD
3064311500606100097,4832.90478515625,10,SD
3064311500606100098,14254.900390625,10,SD
3064311500606100102,685.3726196289062,10,SD
3064311500606100103,6838.2578125,10,SD
3064311500606100104,4356.34375,10,SD
3064311500606100105,11656.291015625,10,SD
3064311500606100107,10208.0234375,10,SD
3064311500606100109,9269.8369140625,10,SD
3064311500606100111,12777.2919921875,10,SD
3064311500606100113,7223.33544921875,10,SD
3064311500606100114,2983.7138671875,10,SD
3064311500606100116,8770.962890625,10,SD
3064311500606100117,3662.2705078125,10,SD
3064311500606100118,5818.91796875,10,SD
3064311500606100119,11298.6806640625,10,SD
3064311500606100120,7704.3291015625,10,SD
3064311500606100121,6822.6416015625,10,SD
3064311500606100122,5355.1923828125,10,SD
3064311500606100123,6689.29248046875,10,SD
3064311500606100125,9916.1787109375,10,SD
3064311500606100126,8148.0791015625,10,SD
3064311500606100127,1358.201904296875,10,SD
3064311500606100128,1400.8934326171875,10,SD
3064311500606100130,6426.05810546875,10,SD
3064311500606100131,18254.658203125,10,SD
3064311500606100133,26076.576171875,10,SD
3064311500606100135,1912.6826171875,10,SD
3064311500606100136,6939.970703125,10,SD
3064311500606100137,4963.48388671875,10,SD
3064311500606100140,7599.0830078125,10,SD
3064311500606100141,3224.1552734375,10,SD
3064311500606100144,4482.13720703125,10,SD
3064311500606100145,2934.873291015625,10,SD
3064311500606100147,2664.399658203125,10,SD
3064311500606100150,4449.44970703125,10,SD
3064311500606100152,1706.874267578125,10,SD
3064311500606100156,2241.19775390625,10,SD
3064311500606100158,2866.450927734375,10,SD
3064311500606100161,8051.61962890625,10,SD
3064311500606100162,3853.44775390625,10,SD
3064311500606100163,11280.7470703125,10,SD
3064311500606100169,11654.705078125,10,SD
3064311500606100172,8195.6962890625,10,SD
3064311500606100174,877.731689453125,10,SD
3064311500606100183,3367.397216796875,10,SD
3064311500607100008,9923.16015625,10,SD
3064311500607100010,1415.45458984375,10,SD
3064311500607100011,13327.556640625,10,SD
3064311500607100012,15181.759765625,10,SD
3064311500607100014,2847.562744140625,10,SD
3064311500607100015,6006.0341796875,10,SD
3064311500607100016,10444.5205078125,10,SD
3064311500607100017,14318.1826171875,10,SD
3064311500607100018,13898.564453125,10,SD
3064311500607100019,15295.0947265625,10,SD
3064311500607100020,17620.7265625,10,SD
3064311500607100021,2645.221435546875,10,SD
3064311500607100022,15057.8251953125,10,SD
3064311500607100026,17961.333984375,10,SD
3064311500607100028,8335.119140625,10,SD
3064311500607100032,2050.624755859375,10,SD
3064311500607100035,10806.0771484375,10,SD
3064311500607100038,7380.2392578125,10,SD
3064311500607100039,5856.1474609375,10,SD
3064311500607100040,12195.5263671875,10,SD
3064311500607100043,11589.736328125,10,SD
3064311500607100047,9844.6591796875,10,SD
3064311500607100048,9777.5830078125,10,SD
3064311500607100050,19903.681640625,10,SD
3064311500607100051,6235.755859375,10,SD
3064311500607100053,7762.455078125,10,SD
3064311500607100054,3385.56201171875,10,SD
3064311500607100056,13051.0634765625,10,SD
3064311500607100061,16640.91796875,10,SD
3064311500607100062,14838.3974609375,10,SD
3064311500607100065,18055.837890625,10,SD
3064311500607100067,14062.609375,10,SD
3064311500607100070,3895.930419921875,10,SD
3064311500607100072,2774.293701171875,10,SD
3064311500607100077,8809.9873046875,10,SD
3064311500607100079,14220.1171875,10,SD
3064311500607100080,7367.15966796875,10,SD
3064311500607100081,11573.998046875,10,SD
3064311500607100085,10307.333984375,10,SD
3064311500607100086,11100.302734375,10,SD
3064311500607100087,12296.1064453125,10,SD
3064311500607100088,9152.7021484375,10,SD
3064311500607100091,12390.4052734375,10,SD
3064311500607100093,11850.9130859375,10,SD
3064311500607100099,5542.94873046875,10,SD
3064311500607100101,11559.2666015625,10,SD
3064311500607100102,25512.46875,10,SD
3064311500607100104,3270.14013671875,10,SD
3064311500607100106,18351.845703125,10,SD
3064311500607100107,6168.3681640625,10,SD
3064311500607100109,5749.02734375,10,SD
3064311500607100110,5539.9150390625,10,SD
3064311500607100112,2159.964111328125,10,SD
3064311500607100114,15442.404296875,10,SD
3064311500607100116,2074.292724609375,10,SD
3064311500607100117,4520.20849609375,10,SD
3064311500607100119,914.3965454101562,10,SD
3064311500607100121,12185.0,10,SD
3064311500607100122,16187.162109375,10,SD
3064311500607100123,4769.22900390625,10,SD
3064311500607100124,3588.016845703125,10,SD
3064311500607100125,9603.5380859375,10,SD
3064311500607100127,12035.7919921875,10,SD
3064311500607100129,4139.67431640625,10,SD
3064311500608100003,2286.689697265625,10,SD
3064311500608100004,38989.7734375,10,SD
3064311500608100006,9696.318359375,10,SD
3064311500608100007,2566.55224609375,10,SD
3064311500608100008,6976.3623046875,10,SD
3064311500608100011,21142.67578125,10,SD
3064311500608100012,3290.31201171875,10,SD
3064311500608100014,5934.11572265625,10,SD
3064311500608100015,2398.506103515625,10,SD
3064311500608100018,9229.666015625,10,SD
3064311500608100019,24100.958984375,10,SD
3064311500608100022,9388.154296875,10,SD
3064311500608100023,7416.833984375,10,SD
3064311500608100024,14364.560546875,10,SD
3064311500608100025,13900.751953125,10,SD
3064311500608100027,10185.7978515625,10,SD
3064311500608100029,2565.438720703125,10,SD
3064311500608100030,15011.830078125,10,SD
3064311500608100031,6449.111328125,10,SD
3064311500608100033,19056.88671875,10,SD
3064311500608100034,9859.857421875,10,SD
3064311500608100035,12063.6611328125,10,SD
3064311500608100036,7235.60986328125,10,SD
3064311500608100037,14532.447265625,10,SD
3064311500608100038,9248.3154296875,10,SD
3064311500608100040,8971.384765625,10,SD
3064311500608100041,4814.7431640625,10,SD
3064311500608100042,13799.5087890625,10,SD
3064311500608100043,12559.7109375,10,SD
3064311500608100044,11168.001953125,10,SD
3064311500608100045,11190.837890625,10,SD
3064311500608100046,4346.0244140625,10,SD
3064311500608100048,6147.5576171875,10,SD
3064311500608100049,6775.50390625,10,SD
3064311500608100050,7416.5283203125,10,SD
3064311500608100053,10909.5234375,10,SD
3064311500608100054,10223.5771484375,10,SD
3064311500608100055,5039.28466796875,10,SD
3064311500608100056,10971.0888671875,10,SD
3064311500608100059,8624.736328125,10,SD
3064311500608100060,5883.18017578125,10,SD
3064311500608100062,7240.70849609375,10,SD
3064311500608100063,10638.9775390625,10,SD
3064311500608100070,2419.6845703125,10,SD
3064311500608100074,1720.9114990234375,10,SD
3064311500608100078,8635.583984375,10,SD
3064311500609100032,28235.341796875,16,SD
3064311500609100047,3720.202880859375,16,SD
3064311500609100050,1940.3583984375,16,SD
3064311500609100054,9307.6572265625,16,SD
3064311500609100070,3013.442626953125,16,SD
3064311500609100077,3918.5185546875,16,SD
3064311500610100007,7514.3134765625,16,SD
3064311500610100008,7616.9638671875,16,SD
3064311500610100009,13447.41015625,16,SD
3064311500610100016,9698.1962890625,16,SD
3064311500610100019,3783.639404296875,16,SD
3064311500610100021,2387.55517578125,16,SD
3064311500610100023,8679.4169921875,16,SD
3064311500610100025,2859.8056640625,16,SD
3064311500610100026,6126.384765625,16,SD
3064311500610100028,7954.78125,16,SD
3064311500610100029,4721.43359375,16,SD
3064311500610100030,4873.78515625,16,SD
3064311500610100033,7474.392578125,16,SD
3064311500610100034,10080.8466796875,16,SD
3064311500610100036,8705.7421875,16,SD
3064311500610100037,1152.7569580078125,16,SD
3064311500610100038,5051.82861328125,16,SD
3064311500610100039,29862.029296875,16,SD
3064311500610100040,4625.91162109375,16,SD
3064311500610100042,6728.8369140625,16,SD
3064311500610100044,1662.537353515625,16,SD
3064311500610100045,7096.4208984375,16,SD
3064311500610100046,6612.99072265625,16,SD
3064311500610100047,7586.91650390625,16,SD
3064311500610100048,8273.306640625,16,SD
3064311500610100052,394.58380126953125,16,SD
3064311500610100053,14481.6162109375,16,SD
3064311500610100054,2635.98583984375,16,SD
3064311500610100057,6003.65966796875,16,SD
3064311500610100058,13796.74609375,16,SD
3064311500610100061,6096.42822265625,16,SD
3064311500610100063,5653.22265625,16,SD
3064311500610100067,12061.4619140625,16,SD
3064311500610100070,4176.57080078125,16,SD
3064311500610100071,4916.8681640625,16,SD
3064311500610100072,7633.87744140625,16,SD
3064311500610100073,12791.35546875,16,SD
3064311500610100074,7363.47802734375,16,SD
3064311500610100075,11344.767578125,16,SD
3064311500610100076,4462.77587890625,16,SD
3064311500610100077,4903.37890625,16,SD
3064311500610100078,3221.080810546875,16,SD
3064311500610100079,6174.52001953125,16,SD
3064311500610100080,7712.6396484375,16,SD
3064311500610100081,1479.2325439453125,16,SD
3064311500610100082,2489.381103515625,16,SD
3064311500610100083,8287.830078125,16,SD
3064311500610100084,4899.72021484375,16,SD
3064311500610100085,5085.96630859375,16,SD
3064311500610100086,7122.2919921875,16,SD
3064311500610100088,4603.880859375,16,SD
3064311500610100089,1704.9384765625,16,SD
3064311500610100091,3100.991943359375,16,SD
3064311500610100092,13638.099609375,16,SD
3064311500610100094,12271.79296875,16,SD
3064311500610100095,1791.8662109375,16,SD
3064311500610100096,2387.972900390625,16,SD
3064311500610100099,4286.8984375,16,SD
3064311500610100102,3621.1943359375,16,SD
3064311500610100103,4434.521484375,16,SD
3064311500610100104,4497.25390625,16,SD
3064311500610100105,8367.451171875,16,SD
3064311500610100106,3268.8623046875,16,SD
3064311500610100107,3788.677734375,16,SD
3064311500610100112,7791.33251953125,16,SD
3064311500610100113,6332.27490234375,16,SD
3064311500610100114,6106.9013671875,16,SD
3064311500610100116,4528.41796875,16,SD
3064311500610100117,1991.24755859375,16,SD
3064311500610100118,9811.8095703125,16,SD
3064311500610100119,5324.50927734375,16,SD
3064311500610100120,7393.9150390625,16,SD
3064311500610100121,1681.3779296875,16,SD
3064311500610100122,2228.16064453125,16,SD
3064311500610100123,9838.45703125,16,SD
3064311500610100125,2839.331298828125,16,SD
3064311500610100129,4783.41943359375,16,SD
3064311500610100132,3920.217041015625,16,SD
3064311500610100133,16558.107421875,16,SD
3064311500610100134,580.3568725585938,16,SD
3064311500611100004,2158.94580078125,16,SD
3064311500611100006,4162.19287109375,16,SD
3064311500611100007,9224.3232421875,16,SD
3064311500611100008,30643.91796875,16,SD
3064311500611100012,6583.4345703125,16,SD
3064311500611100014,4690.72216796875,16,SD
3064311500611100016,2971.212646484375,16,SD
3064311500611100020,5601.111328125,16,SD
3064311500611100021,8182.1865234375,16,SD
3064311500611100025,9868.4462890625,16,SD
3064311500611100027,6175.03662109375,16,SD
3064311500611100028,16403.62109375,16,SD
3064311500611100033,3482.442626953125,16,SD
3064311500611100035,9149.017578125,16,SD
3064311500611100036,3823.8193359375,16,SD
3064311500611100038,977.5613403320312,16,SD
3064311500611100040,2982.514404296875,16,SD
3064311500611100042,6459.61767578125,16,SD
3064311500611100044,10140.357421875,16,SD
3064311500611100046,8661.9619140625,16,SD
3064311500611100047,8091.9970703125,16,SD
3064311500611100048,2916.357421875,16,SD
3064311500611100050,3828.820068359375,16,SD
3064311500611100051,14481.2685546875,16,SD
3064311500611100052,7051.44482421875,16,SD
3064311500611100054,18998.677734375,16,SD
3064311500611100055,7571.74560546875,16,SD
3064311500611100056,8396.9599609375,16,SD
3064311500611100057,2145.676025390625,16,SD
3064311500611100058,4599.7626953125,16,SD
3064311500611100059,5944.01220703125,16,SD
3064311500611100060,3679.718017578125,16,SD
3064311500611100063,4477.33349609375,16,SD
3064311500611100065,5031.6474609375,16,SD
3064311500611100066,3518.197021484375,16,SD
3064311500611100067,19341.23828125,16,SD
3064311500611100068,14159.9755859375,16,SD
3064311500611100069,649.9620361328125,16,SD
3064311500611100070,10002.9248046875,16,SD
3064311500611100071,13695.6826171875,16,SD
3064311500611100073,10903.73046875,16,SD
3064311500611100076,2575.134765625,16,SD
3064311500611100077,1611.76513671875,16,SD
3064311500611100078,1766.618896484375,16,SD
3064311500611100079,29875.92578125,16,SD
3064311500611100080,10023.0986328125,16,SD
3064311500611100082,277.70831298828125,16,SD
3064311500611100083,8077.1494140625,16,SD
3064311500611100084,1170.0267333984375,16,SD
3064311500611100085,8781.375,16,SD
3064311500611100087,275.4261474609375,16,SD
3064311500611100089,8647.2734375,16,SD
3064311500611100090,8738.5556640625,16,SD
3064311500611100094,8326.5830078125,16,SD
3064311500611100095,5041.5166015625,16,SD
3064311500611100096,8854.15234375,16,SD
3064311500611100097,11803.9208984375,16,SD
3064311500611100098,25138.884765625,16,SD
3064311500611100099,21265.427734375,16,SD
3064311500611100100,12223.015625,16,SD
3064311500611100102,13062.3359375,16,SD
3064311500611100105,20649.947265625,16,SD
3064311500611100106,21156.5625,16,SD
3064311500611100107,13204.533203125,16,SD
3064311500611100108,6483.00927734375,16,SD
3064311500611100109,10049.201171875,16,SD
3064311500611100110,12319.8212890625,16,SD
3064311500611100111,7963.1513671875,16,SD
3064311500611100113,10254.7080078125,16,SD
3064311500611100114,2299.050048828125,16,SD
3064311500611100115,7982.02099609375,16,SD
3064311500611100117,4495.95947265625,16,SD
3064311500611100118,6980.10498046875,16,SD
3064311500611100119,15448.603515625,16,SD
3064311500611100120,1768.0677490234375,16,SD
3064311500611100121,14060.494140625,16,SD
3064311500611100126,7283.1201171875,16,SD
3064311500611100131,3728.33935546875,16,SD
3064311500611100134,4921.76416015625,16,SD
3064311500611100138,3447.606201171875,16,SD
3064311500611100140,2666.675537109375,16,SD
3064311500612100008,9236.349609375,16,SD
3064311500612100009,4335.31640625,16,SD
3064311500612100012,10255.0126953125,16,SD
3064311500612100013,2741.230712890625,16,SD
3064311500612100014,12128.05859375,16,SD
3064311500612100017,6471.20458984375,16,SD
3064311500612100019,5185.599609375,16,SD
3064311500612100020,919.5302124023438,16,SD
3064311500612100023,194.77938842773438,16,SD
3064311500612100024,1223.294677734375,16,SD
3064311500612100025,4498.1005859375,16,SD
3064311500612100026,11276.701171875,16,SD
3064311500612100027,2425.29638671875,16,SD
3064311500612100028,5091.7685546875,16,SD
3064311500612100030,5195.65673828125,16,SD
3064311500612100031,6480.0869140625,16,SD
3064311500612100034,4610.095703125,16,SD
3064311500612100036,13388.423828125,16,SD
3064311500612100037,6083.39111328125,16,SD
3064311500612100038,4375.5986328125,16,SD
3064311500612100039,4722.998046875,16,SD
3064311500612100040,1758.3306884765625,16,SD
3064311500612100041,1035.4239501953125,16,SD
3064311500612100042,2594.274658203125,16,SD
3064311500612100043,3864.9951171875,16,SD
3064311500612100045,6348.2646484375,16,SD
3064311500612100046,8404.568359375,16,SD
3064311500612100047,3038.36572265625,16,SD
3064311500612100048,3154.911865234375,16,SD
3064311500612100050,5820.92431640625,16,SD
3064311500612100051,7703.671875,16,SD
3064311500612100052,3995.763916015625,16,SD
3064311500612100053,12936.9150390625,16,SD
3064311500612100054,7723.3251953125,16,SD
3064311500612100055,11383.4033203125,16,SD
3064311500612100056,4078.019775390625,16,SD
3064311500612100058,9751.97265625,16,SD
3064311500612100059,9855.5205078125,16,SD
3064311500612100060,3212.32568359375,16,SD
3064311500612100061,4134.11962890625,16,SD
3064311500612100063,4854.64697265625,16,SD
3064311500612100064,2776.050048828125,16,SD
3064311500612100065,4614.99267578125,16,SD
3064311500612100066,6934.8828125,16,SD
3064311500612100069,12415.994140625,16,SD
3064311500612100070,1603.0760498046875,16,SD
3064311500612100071,5100.36376953125,16,SD
3064311500612100073,7404.611328125,16,SD
3064311500612100074,7679.662109375,16,SD
3064311500612100075,3313.36572265625,16,SD
3064311500612100076,17373.259765625,16,SD
3064311500612100077,8081.1875,16,SD
3064311500612100080,3252.73583984375,16,SD
3064311500612100081,4927.892578125,16,SD
3064311500612100082,8861.9755859375,16,SD
3064311500612100084,3985.826171875,16,SD
3064311500612100086,1703.2987060546875,16,SD
3064311500612100090,11695.05859375,16,SD
3064311500612100093,12017.619140625,16,SD
3064311500612100096,3941.423828125,16,SD
3064311500613100072,12981.2001953125,31,SD
3064311500613100096,6876.30078125,31,SD
3064311500613100103,12641.8486328125,31,SD
3064311500613100110,16829.671875,31,SD
3064311500614100010,19008.51953125,31,SD
3064311500614100012,3760.332275390625,31,SD
3064311500614100013,4623.04833984375,31,SD
3064311500614100017,7118.78955078125,31,SD
3064311500614100019,3017.578125,31,SD
3064311500614100021,3444.34619140625,31,SD
3064311500614100022,6462.302734375,31,SD
3064311500614100023,4140.1533203125,31,SD
3064311500614100024,4941.43310546875,31,SD
3064311500614100025,3034.705078125,31,SD
3064311500614100027,2650.306884765625,31,SD
3064311500614100030,10295.9482421875,31,SD
3064311500614100032,8860.78515625,31,SD
3064311500614100033,3871.33935546875,31,SD
3064311500614100035,9484.36328125,31,SD
3064311500614100036,4522.94921875,31,SD
3064311500614100037,7456.38525390625,31,SD
3064311500614100038,5297.68115234375,31,SD
3064311500614100040,7036.80517578125,31,SD
3064311500614100041,2687.14404296875,31,SD
3064311500614100042,3867.96240234375,31,SD
3064311500614100043,8674.1796875,31,SD
3064311500614100044,13551.091796875,31,SD
3064311500614100045,5346.40869140625,31,SD
3064311500614100046,6505.4384765625,31,SD
3064311500614100047,2585.032470703125,31,SD
3064311500614100048,4863.1064453125,31,SD
3064311500614100049,16029.337890625,31,SD
3064311500614100050,4605.0615234375,31,SD
3064311500614100051,958.7608642578125,31,SD
3064311500614100052,2057.575927734375,31,SD
3064311500614100054,3116.642822265625,31,SD
3064311500614100055,3319.34423828125,31,SD
3064311500614100057,8125.43896484375,31,SD
3064311500614100058,6219.77978515625,31,SD
3064311500614100059,12048.521484375,31,SD
3064311500614100060,9844.650390625,31,SD
3064311500614100061,3049.97998046875,31,SD
3064311500614100062,4517.74072265625,31,SD
3064311500614100063,4387.45166015625,31,SD
3064311500614100064,2805.0888671875,31,SD
3064311500614100065,3108.18408203125,31,SD
3064311500614100067,9213.4365234375,31,SD
3064311500614100068,2109.683349609375,31,SD
3064311500614100069,4822.7822265625,31,SD
3064311500614100070,2177.02880859375,31,SD
3064311500614100071,5295.88623046875,31,SD
3064311500614100072,5562.82958984375,31,SD
3064311500614100073,11962.0078125,31,SD
3064311500614100076,6083.44189453125,31,SD
3064311500614100077,4842.197265625,31,SD
3064311500614100078,10139.142578125,31,SD
3064311500614100079,7586.6376953125,31,SD
3064311500614100080,11793.486328125,31,SD
3064311500614100081,4310.22216796875,31,SD
3064311500614100083,1789.11376953125,31,SD
3064311500614100085,2364.123046875,31,SD
3064311500614100086,3857.904052734375,31,SD
3064311500614100087,4077.198974609375,31,SD
3064311500614100088,4254.25830078125,31,SD
3064311500614100089,6387.98095703125,31,SD
3064311500614100090,6232.04052734375,31,SD
3064311500614100092,4585.90966796875,31,SD
3064311500614100093,2151.580810546875,31,SD
3064311500614100094,5156.697265625,31,SD
3064311500614100095,4481.755859375,31,SD
3064311500614100097,9474.689453125,31,SD
3064311500614100098,4169.57080078125,31,SD
3064311500614100099,8514.470703125,31,SD
3064311500614100101,8604.6201171875,31,SD
3064311500614100102,5134.65185546875,31,SD
3064311500614100103,6177.96875,31,SD
3064311500614100104,5099.873046875,31,SD
3064311500614100105,4814.81591796875,31,SD
3064311500614100106,7154.2685546875,31,SD
3064311500614100107,4556.08544921875,31,SD
3064311500614100108,20975.794921875,31,SD
3064311500614100109,15205.9912109375,31,SD
3064311500614100111,5785.10400390625,31,SD
3064311500614100112,6073.67333984375,31,SD
3064311500614100113,4294.1982421875,31,SD
3064311500614100114,6277.73876953125,31,SD
3064311500614100115,10038.615234375,31,SD
3064311500614100116,2616.350341796875,31,SD
3064311500614100118,4743.5107421875,31,SD
3064311500614100119,18449.84375,31,SD
3064311500614100120,6974.50146484375,31,SD
3064311500614100121,12366.19140625,31,SD
3064311500614100122,3254.92041015625,31,SD
3064311500614100124,13451.7734375,31,SD
3064311500614100126,8403.3857421875,31,SD
3064311500614100128,904.7964477539062,31,SD
3064311500614100130,10551.2392578125,31,SD
3064311500614100138,15469.1748046875,31,SD
3064311500614100139,3604.21337890625,31,SD
3064311500614100141,2422.20166015625,31,SD
3064311500614100144,27830.37109375,31,SD
3064311500614100146,10008.8583984375,31,SD
3064311500614100147,7829.86865234375,31,SD
3064311500614100148,7860.01318359375,31,SD
3064311500614100152,8517.93359375,31,SD
3064311500614100153,1754.3499755859375,31,SD
3064311500614100155,4739.0,31,SD
3064311500614100156,7569.4072265625,31,SD
3064311500614100157,7035.89111328125,31,SD
3064311500614100158,2672.652587890625,31,SD
3064311500614100163,381.1534729003906,31,SD
3064311500614100166,3518.07177734375,31,SD
3064311500614100167,1279.7041015625,31,SD
3064311500614100168,1009.431884765625,31,SD
3064311500614100169,3214.144287109375,31,SD
3064311500614100170,3994.587646484375,31,SD
3064311500614100171,21266.681640625,31,SD
3064311500614100172,3935.458251953125,31,SD
3064311500614100173,726.6924438476562,31,SD
3064311500614100174,6388.1591796875,31,SD
3064311500614100175,5008.55029296875,31,SD
3064311500614100176,1393.1258544921875,31,SD
3064311500614100178,15576.982421875,31,SD
3064311500614100179,4706.27392578125,31,SD
3064311500614100180,4265.0712890625,31,SD
3064311500615100010,4765.14697265625,31,SD
3064311500615100015,606.2489624023438,31,SD
3064311500615100021,4918.927734375,31,SD
3064311500615100023,3570.986328125,31,SD
3064311500615100029,7610.6943359375,31,SD
3064311500615100033,6099.27294921875,31,SD
3064311500615100035,4240.96533203125,31,SD
3064311500615100036,4073.00244140625,31,SD
3064311500615100041,5331.2705078125,31,SD
3064311500615100042,3246.74072265625,31,SD
3064311500615100043,5511.6396484375,31,SD
3064311500615100044,1932.777587890625,31,SD
3064311500615100045,5905.8203125,31,SD
3064311500615100047,2665.320068359375,31,SD
3064311500615100048,1962.7254638671875,31,SD
3064311500615100049,1695.175048828125,31,SD
3064311500615100050,3651.479736328125,31,SD
3064311500615100051,2236.09765625,31,SD
3064311500615100052,6570.55908203125,31,SD
3064311500615100054,4134.7412109375,31,SD
3064311500615100056,2437.0546875,31,SD
3064311500615100057,3218.3330078125,31,SD
3064311500615100059,1246.999755859375,31,SD
3064311500615100060,4983.64697265625,31,SD
3064311500615100061,2554.198486328125,31,SD
3064311500615100062,3621.6142578125,31,SD
3064311500615100063,1200.623291015625,31,SD
3064311500615100064,4014.35693359375,31,SD
3064311500615100065,3891.024658203125,31,SD
3064311500615100066,2400.510986328125,31,SD
3064311500615100067,8616.4638671875,31,SD
3064311500615100069,5937.02880859375,31,SD
3064311500615100071,6764.68017578125,31,SD
3064311500615100072,3588.8564453125,31,SD
3064311500615100073,2583.34228515625,31,SD
3064311500615100074,3789.89306640625,31,SD
3064311500615100075,3367.72705078125,31,SD
3064311500615100077,1646.661376953125,31,SD
3064311500615100078,4121.23779296875,31,SD
3064311500615100079,4782.375,31,SD
3064311500615100081,5166.02783203125,31,SD
3064311500615100083,3219.425537109375,31,SD
3064311500615100084,3989.65625,31,SD
3064311500615100085,4002.41796875,31,SD
3064311500615100086,8049.52685546875,31,SD
3064311500615100087,12004.1962890625,31,SD
3064311500615100090,4980.90234375,31,SD
3064311500615100091,4775.39453125,31,SD
3064311500615100092,5731.97021484375,31,SD
3064311500615100093,3235.111328125,31,SD
3064311500615100094,1805.37158203125,31,SD
3064311500615100095,2080.941650390625,31,SD
3064311500615100096,7368.822265625,31,SD
3064311500615100097,3052.895263671875,31,SD
3064311500615100098,9726.6328125,31,SD
3064311500615100099,1835.91015625,31,SD
3064311500615100101,4580.45263671875,31,SD
3064311500615100102,3568.40234375,31,SD
3064311500615100103,5000.8134765625,31,SD
3064311500615100104,5132.3876953125,31,SD
3064311500615100105,7404.765625,31,SD
3064311500615100106,3408.09521484375,31,SD
3064311500615100108,4173.53369140625,31,SD
3064311500615100110,6053.767578125,31,SD
3064311500615100111,7252.4931640625,31,SD
3064311500615100112,8725.6953125,31,SD
3064311500615100113,2045.9002685546875,31,SD
3064311500615100114,9635.6455078125,31,SD
3064311500615100116,4045.217529296875,31,SD
3064311500615100117,1236.1400146484375,31,SD
3064311500615100119,8349.1337890625,31,SD
3064311500615100121,2720.46484375,31,SD
3064311500615100123,4966.13916015625,31,SD
3064311500615100124,2163.21240234375,31,SD
3064311500615100125,7073.30615234375,31,SD
3064311500615100126,5199.11474609375,31,SD
3064311500615100128,4610.28662109375,31,SD
3064311500615100129,1426.4447021484375,31,SD
3064311500615100130,3940.06494140625,31,SD
3064311500615100131,6330.4990234375,31,SD
3064311500615100132,6957.115234375,31,SD
3064311500615100133,18684.36328125,31,SD
3064311500615100134,3875.15673828125,31,SD
3064311500615100136,5460.908203125,31,SD
3064311500615100138,9778.9345703125,31,SD
3064311500615100140,15431.6044921875,31,SD
3064311500615100144,6189.19189453125,31,SD
3064311500615100145,6156.79443359375,31,SD
3064311500615100146,4920.12841796875,31,SD
3064311500615100147,3533.72412109375,31,SD
3064311500615100150,11187.259765625,31,SD
3064311500615100152,4171.70068359375,31,SD
3064311500615100153,11020.6513671875,31,SD
3064311500615100155,23053.818359375,31,SD
3064311500615100156,10671.404296875,31,SD
3064311500615100159,6045.19384765625,31,SD
3064311500615100163,12774.9833984375,31,SD
3064311500615100166,336.1192321777344,31,SD
3064311500615100171,4938.51806640625,31,SD
3064311500615100172,4216.58984375,31,SD
3064311500615100174,13237.40625,31,SD
3064311500615100176,6540.9716796875,31,SD
3064311500615100178,739.0606079101562,31,SD
3064311500615100179,4747.953125,31,SD
3064311500615100180,3145.510986328125,31,SD
3064311500615100181,896.1245727539062,31,SD
3064311500615100182,4120.7373046875,31,SD
3064311500615100184,1271.1920166015625,31,SD
3064311500615100185,8181.66650390625,31,SD
3064311500615100186,5258.8642578125,31,SD
3064311500615100189,13790.9609375,31,SD
3064311500615100192,1107.1827392578125,31,SD
3064311500615100194,4383.9970703125,31,SD
3064311500615100196,4961.40576171875,31,SD
3064311500615100199,7969.97314453125,31,SD
3064311500615100200,395.46240234375,31,SD
3064311500615100201,7982.8427734375,31,SD
3064311500615100202,676.5103759765625,31,SD
3064311500615100204,10234.61328125,31,SD
3064311500615100208,4735.2998046875,31,SD
3064311500615100210,8555.7021484375,31,SD
3064311500615100214,2024.8082275390625,31,SD
3064311500615100216,8894.732421875,31,SD
3064311500615100219,1069.2476806640625,31,SD
3064311500615100224,684.5156860351562,31,SD
3064311500616100018,9436.0205078125,31,SD
3064311500616100019,5900.65087890625,31,SD
3064311500616100025,8331.6611328125,31,SD
3064311500616100026,5871.6640625,31,SD
3064311500616100029,5653.18310546875,31,SD
3064311500616100033,4412.68798828125,31,SD
3064311500616100036,6134.72802734375,31,SD
3064311500616100039,4915.74853515625,31,SD
3064311500616100040,11443.904296875,31,SD
3064311500616100042,4385.89990234375,31,SD
3064311500616100043,1596.6346435546875,31,SD
3064311500616100044,8286.208984375,31,SD
3064311500616100045,3668.27099609375,31,SD
3064311500616100046,3831.0,31,SD
3064311500616100047,5530.9873046875,31,SD
3064311500616100048,3604.439697265625,31,SD
3064311500616100051,5099.45556640625,31,SD
3064311500616100052,4349.97119140625,31,SD
3064311500616100056,6735.330078125,31,SD
3064311500616100057,4886.59814453125,31,SD
3064311500616100059,4995.06982421875,31,SD
3064311500616100061,2918.833984375,31,SD
3064311500616100062,2830.0927734375,31,SD
3064311500616100063,4372.84326171875,31,SD
3064311500616100064,4461.78271484375,31,SD
3064311500616100066,5953.81103515625,31,SD
3064311500616100067,1761.78125,31,SD
3064311500616100068,9081.673828125,31,SD
3064311500616100069,5821.65087890625,31,SD
3064311500616100070,2062.5771484375,31,SD
3064311500616100072,4364.482421875,31,SD
3064311500616100073,8270.1474609375,31,SD
3064311500616100074,7169.9970703125,31,SD
3064311500616100076,611.6666870117188,31,SD
3064311500616100077,5003.71533203125,31,SD
3064311500616100078,3931.115966796875,31,SD
3064311500616100079,7675.3916015625,31,SD
3064311500616100080,3918.020751953125,31,SD
3064311500616100081,3625.839599609375,31,SD
3064311500616100082,5457.0517578125,31,SD
3064311500616100084,3900.742919921875,31,SD
3064311500616100085,7254.15771484375,31,SD
3064311500616100086,2937.967041015625,31,SD
3064311500616100088,6984.05224609375,31,SD
3064311500616100091,2358.363037109375,31,SD
3064311500616100092,8905.6318359375,31,SD
3064311500616100093,1902.341064453125,31,SD
3064311500616100094,9445.900390625,31,SD
3064311500616100095,2980.23095703125,31,SD
3064311500616100096,6353.1630859375,31,SD
3064311500616100097,6164.380859375,31,SD
3064311500616100099,7442.6044921875,31,SD
3064311500616100100,5807.17578125,31,SD
3064311500616100101,2522.8583984375,31,SD
3064311500616100103,2591.37158203125,31,SD
3064311500616100104,2402.955078125,31,SD
3064311500616100105,5813.64501953125,31,SD
3064311500616100106,4779.498046875,31,SD
3064311500616100107,3777.41650390625,31,SD
3064311500616100108,3090.974365234375,31,SD
3064311500616100110,3650.573486328125,31,SD
3064311500616100113,4496.14208984375,31,SD
3064311500616100114,4025.15087890625,31,SD
3064311500616100115,2798.01123046875,31,SD
3064311500616100118,15223.3271484375,31,SD
3064311500616100119,3692.26123046875,31,SD
3064311500616100120,5231.38330078125,31,SD
3064311500616100125,7714.30126953125,31,SD
3064311500624100003,9831.685546875,6,SD
3064311500624100004,9616.0185546875,6,SD
3064311500624100005,6410.3466796875,6,SD
3064311500624100009,3769.076904296875,6,SD
3064311500624100010,12927.28515625,6,SD
3064311500624100011,5816.169921875,6,SD
3064311500624100013,5330.14013671875,6,SD
3064311500624100015,15320.3896484375,6,SD
3064311500624100017,22299.673828125,6,SD
3064311500624100019,4724.66455078125,6,SD
3064311500624100021,8787.498046875,6,SD
3064311500624100022,8295.05859375,6,SD
3064311500624100027,20109.482421875,6,SD
3064311500624100029,7605.07470703125,6,SD
3064311500624100041,7047.38818359375,6,SD
3064311500624100045,5013.02099609375,6,SD
3064311500624100047,11134.2470703125,6,SD
3064311500624100048,10947.0546875,6,SD
3064311500624100050,16043.76953125,6,SD
3064311500624100051,5790.1728515625,6,SD
3064311500624100053,10092.796875,6,SD
3064311500624100055,5406.27001953125,6,SD
3064311500624100058,2306.30810546875,6,SD
3064311500624100059,12144.1552734375,6,SD
3064311500624100060,21075.224609375,6,SD
3064311500624100061,6057.7958984375,6,SD
3064311500624100064,9663.1455078125,6,SD
3064311500624100067,14767.044921875,6,SD
3064311500624100069,13409.0810546875,6,SD
3064311500624100071,17433.482421875,6,SD
3064311500624100075,24113.59375,6,SD
3064311500625100010,45391.15234375,6,SD
3064311500625100014,3300.152587890625,6,SD
3064311500625100019,9586.6865234375,6,SD
3064311500625100020,10385.8955078125,6,SD
3064311500625100021,9635.7724609375,6,SD
3064311500625100022,8699.73828125,6,SD
3064311500625100025,11187.767578125,6,SD
3064311500625100026,13694.7470703125,6,SD
3064311500625100029,31363.408203125,6,SD
3064311500625100030,7687.8359375,6,SD
3064311500625100032,8454.2470703125,6,SD
3064311500625100033,13468.548828125,6,SD
3064311500625100035,12049.681640625,6,SD
3064311500625100036,3620.65673828125,6,SD
3064311500625100040,12153.5712890625,6,SD
3064311500625100043,25941.0078125,6,SD
3064311500625100046,14251.51171875,6,SD
3064311500625100060,12282.0966796875,6,SD
3064311500625100062,32047.865234375,6,SD
3064311500625100063,11997.3193359375,6,SD
3064311500625100064,13055.6943359375,6,SD
3064311500625100065,15552.1728515625,6,SD
3064311500625100069,21243.35546875,6,SD
3064311500625100079,7789.8369140625,6,SD
3064311500625100080,20460.671875,6,SD
3064311500625100083,10259.44921875,6,SD
3064311500625100086,8315.423828125,6,SD
3064311500625100090,26482.859375,6,SD
3064311500625100091,10754.896484375,6,SD
3064311500625100092,9208.5234375,6,SD
3064311500625100096,7429.0322265625,6,SD
3064311500625100097,14323.564453125,6,SD
3064311500625100100,19452.587890625,6,SD
3064311500625100101,14231.4501953125,6,SD
3064311500625100104,12453.478515625,6,SD
3064311500625100106,25814.982421875,6,SD
3064311500625100109,5598.16064453125,6,SD
3064311500625100111,15127.5341796875,6,SD
3064311500625100113,4705.68798828125,6,SD
3064311500625100114,12487.4033203125,6,SD
3064311500625100116,15612.2431640625,6,SD
3064311500625100118,4364.6513671875,6,SD
3064311500626100006,4075.7109375,6,SD
3064311500626100008,11919.3798828125,6,SD
3064311500626100013,19759.373046875,6,SD
3064311500626100019,8911.17578125,6,SD
3064311500626100020,5231.51953125,6,SD
3064311500626100022,6723.9248046875,6,SD
3064311500626100027,11962.884765625,6,SD
3064311500626100030,9002.7705078125,6,SD
3064311500626100032,21227.81640625,6,SD
3064311500626100034,14982.3359375,6,SD
3064311500626100038,15174.6533203125,6,SD
3064311500626100040,6988.32177734375,6,SD
3064311500626100047,13414.0869140625,6,SD
3064311500626100048,5323.2841796875,6,SD
3064311500626100050,11303.7890625,6,SD
3064311500626100051,7558.46435546875,6,SD
3064311500626100053,7947.73974609375,6,SD
3064311500626100055,9371.6533203125,6,SD
3064311500626100062,7615.33251953125,6,SD
3064311500626100063,15983.3544921875,6,SD
3064311500626100067,12873.955078125,6,SD
3064311500626100072,9386.35546875,6,SD
3064311500626100077,15429.4833984375,6,SD
3064311500626100081,12932.12109375,6,SD
3064311500626100083,4620.87451171875,6,SD
3064311500626100084,10090.810546875,6,SD
3064311500626100089,19337.015625,6,SD
3064311500626100090,7427.31005859375,6,SD
3064311500626100091,9303.3408203125,6,SD
3064311500626100093,18841.48046875,6,SD
3064311500626100094,3391.730224609375,6,SD
3064311500626100095,11476.65625,6,SD
3064311500626100096,8939.8984375,6,SD
3064311500626100098,15578.419921875,6,SD
3064311500626100101,1778.74169921875,6,SD
3064311500626100102,7640.4580078125,6,SD
3064311500626100104,17183.20703125,6,SD
3064311500626100105,7122.4326171875,6,SD
3064311500626100106,1498.5589599609375,6,SD
3064311500626100108,5253.109375,6,SD
3064311500626100109,15618.662109375,6,SD
3064311500626100110,5762.83544921875,6,SD
3064311500626100112,2605.06494140625,6,SD
3064311500626100114,10400.02734375,6,SD
3064311500626100115,1836.50146484375,6,SD
3064311500626100116,9316.294921875,6,SD
3064311500626100117,4773.265625,6,SD
3064311500626100118,9742.173828125,6,SD
3064311500627100006,7853.91943359375,6,SD
3064311500627100008,12108.9501953125,6,SD
3064311500627100016,8639.658203125,6,SD
3064311500627100018,2786.368408203125,6,SD
3064311500627100019,8128.044921875,6,SD
3064311500627100020,3278.062744140625,6,SD
3064311500627100021,4730.875,6,SD
3064311500627100022,5676.84521484375,6,SD
3064311500627100023,7781.27001953125,6,SD
3064311500627100025,10129.51953125,6,SD
3064311500627100028,13804.25,6,SD
3064311500627100029,2550.44873046875,6,SD
3064311500627100031,2283.53515625,6,SD
3064311500627100033,21339.173828125,6,SD
3064311500627100035,14381.5029296875,6,SD
3064311500627100037,8376.3134765625,6,SD
3064311500627100038,2379.90576171875,6,SD
3064311500627100039,17519.53515625,6,SD
3064311500627100040,3949.428955078125,6,SD
3064311500627100041,11328.0029296875,6,SD
3064311500627100045,4641.15625,6,SD
3064311500627100046,18041.0,6,SD
3064311500627100048,8292.681640625,6,SD
3064311500627100049,9759.4541015625,6,SD
3064311500627100050,6946.55419921875,6,SD
3064311500627100051,8464.37109375,6,SD
3064311500627100053,2785.798828125,6,SD
3064311500627100056,10174.2978515625,6,SD
3064311500627100057,5788.115234375,6,SD
3064311500627100059,6650.4970703125,6,SD
3064311500627100063,4037.82373046875,6,SD
3064311500627100064,7294.53271484375,6,SD
3064311500627100066,3049.903564453125,6,SD
3064311500627100067,6892.8974609375,6,SD
3064311500627100069,5517.0322265625,6,SD
3064311500627100070,11841.1689453125,6,SD
3064311500627100071,3463.196044921875,6,SD
3064311500627100072,16291.6904296875,6,SD
3064311500627100074,3909.404296875,6,SD
3064311500627100076,5301.486328125,6,SD
3064311500627100077,8328.1845703125,6,SD
3064311500628100012,9805.0849609375,10,SD
3064311500628100014,6274.3310546875,10,SD
3064311500628100018,11674.7880859375,10,SD
3064311500628100021,3884.79052734375,10,SD
3064311500628100022,7424.3154296875,10,SD
3064311500628100023,5328.5302734375,10,SD
3064311500628100024,4256.70458984375,10,SD
3064311500628100025,3117.677001953125,10,SD
3064311500628100027,6931.693359375,10,SD
3064311500628100029,14409.208984375,10,SD
3064311500628100033,13374.14453125,10,SD
3064311500628100034,5737.34326171875,10,SD
3064311500628100039,6570.98828125,10,SD
3064311500628100042,4235.87548828125,10,SD
3064311500628100043,4335.763671875,10,SD
3064311500628100047,1439.3526611328125,10,SD
3064311500628100050,4628.3720703125,10,SD
3064311500628100052,3756.005126953125,10,SD
3064311500628100053,12518.21484375,10,SD
3064311500628100060,3769.42041015625,10,SD
3064311500629100007,724.2167358398438,10,SD
3064311500629100008,7513.615234375,10,SD
3064311500629100010,12593.009765625,10,SD
3064311500629100011,8480.873046875,10,SD
3064311500629100012,8990.9541015625,10,SD
3064311500629100015,10322.701171875,10,SD
3064311500629100018,11249.9853515625,10,SD
3064311500629100022,12238.01171875,10,SD
3064311500629100023,1814.46484375,10,SD
3064311500629100024,7526.62939453125,10,SD
3064311500629100025,3578.9375,10,SD
3064311500629100026,8217.580078125,10,SD
3064311500629100027,5728.748046875,10,SD
3064311500629100028,8526.4775390625,10,SD
3064311500629100029,7199.3388671875,10,SD
3064311500629100031,21288.79296875,10,SD
3064311500629100035,11645.8916015625,10,SD
3064311500629100036,10136.169921875,10,SD
3064311500629100037,7384.36865234375,10,SD
3064311500629100038,7975.5849609375,10,SD
3064311500629100039,10452.9736328125,10,SD
3064311500629100041,12365.521484375,10,SD
3064311500629100045,8196.2021484375,10,SD
3064311500629100046,9085.5029296875,10,SD
3064311500629100049,8564.4580078125,10,SD
3064311500629100050,5265.15576171875,10,SD
3064311500629100053,12302.591796875,10,SD
3064311500629100056,3625.8212890625,10,SD
3064311500629100057,7077.01513671875,10,SD
3064311500629100062,4228.0927734375,10,SD
3064311500629100066,3909.240234375,10,SD
3064311500629100067,5542.31689453125,10,SD
3064311500629100069,11048.58203125,10,SD
3064311500629100071,4533.35302734375,10,SD
3064311500629100076,27541.232421875,10,SD
3064311500629100078,15059.95703125,10,SD
3064311500629100079,3747.55419921875,10,SD
3064311500629100080,7810.55517578125,10,SD
3064311500629100081,3646.245361328125,10,SD
3064311500629100083,1464.946533203125,10,SD
3064311500629100084,4530.98876953125,10,SD
3064311500629100085,4669.201171875,10,SD
3064311500629100086,6384.81005859375,10,SD
3064311500629100090,2711.334716796875,10,SD
3064311500629100091,6578.25048828125,10,SD
3064311500629100093,4066.12158203125,10,SD
3064311500629100094,7057.994140625,10,SD
3064311500629100096,2428.28564453125,10,SD
3064311500629100099,6616.0908203125,10,SD
3064311500629100100,556.9418334960938,10,SD
3064311500629100101,6633.2314453125,10,SD
3064311500629100106,24470.24609375,10,SD
3064311500629100107,6460.24755859375,10,SD
3064311500629100109,5385.91748046875,10,SD
3064311500629100110,4548.4091796875,10,SD
3064311500629100112,4377.83349609375,10,SD
3064311500629100114,6870.02294921875,10,SD
3064311500629100118,2588.7666015625,10,SD
3064311500629100121,7671.61279296875,10,SD
3064311500629100122,8225.75,10,SD
3064311500629100126,5412.03955078125,10,SD
3064311500629100127,6043.013671875,10,SD
3064311500629100128,757.0961303710938,10,SD
3064311500629100129,18987.03515625,10,SD
3064311500629100130,8489.0830078125,10,SD
3064311500629100131,2153.67138671875,10,SD
3064311500629100132,10129.267578125,10,SD
3064311500629100133,4922.82470703125,10,SD
3064311500629100134,7074.9765625,10,SD
3064311500629100135,1625.5076904296875,10,SD
3064311500629100138,8332.6767578125,10,SD
3064311500629100141,1452.072998046875,10,SD
3064311500629100143,5448.3935546875,10,SD
3064311500629100144,5850.06640625,10,SD
3064311500629100145,5245.74658203125,10,SD
3064311500629100146,977.6471557617188,10,SD
3064311500629100147,8741.189453125,10,SD
3064311500629100149,8285.0732421875,10,SD
3064311500629100150,8530.236328125,10,SD
3064311500629100151,3456.580078125,10,SD
3064311500629100152,3914.436767578125,10,SD
3064311500629100154,838.4978637695312,10,SD
3064311500629100155,4575.15283203125,10,SD
3064311500629100156,12196.8662109375,10,SD
3064311500629100157,3107.112548828125,10,SD
3064311500629100158,18541.76171875,10,SD
3064311500629100161,3617.62109375,10,SD
3064311500629100162,4844.1630859375,10,SD
3064311500629100164,10015.3583984375,10,SD
3064311500629100165,6075.69384765625,10,SD
3064311500629100167,3579.971923828125,10,SD
3064311500629100169,2976.621337890625,10,SD
3064311500629100170,3950.7490234375,10,SD
3064311500629100171,4529.6865234375,10,SD
3064311500629100176,10645.6376953125,10,SD
3064311500629100178,11302.0654296875,10,SD
3064311500629100181,5410.2353515625,10,SD
3064311500629100182,7450.16748046875,10,SD
3064311500629100183,4766.64208984375,10,SD
3064311500630100019,7100.58837890625,10,SD
3064311500630100021,3069.36962890625,10,SD
3064311500630100022,1866.77587890625,10,SD
3064311500630100026,9641.501953125,10,SD
3064311500630100028,4819.46240234375,10,SD
3064311500630100029,7032.7939453125,10,SD
3064311500630100030,7477.22998046875,10,SD
3064311500630100031,15028.9404296875,10,SD
3064311500630100032,4430.58349609375,10,SD
3064311500630100037,2440.600341796875,10,SD
3064311500630100038,5521.482421875,10,SD
3064311500630100042,17962.80078125,10,SD
3064311500630100044,5447.599609375,10,SD
3064311500630100045,15251.2373046875,10,SD
3064311500630100053,4393.38720703125,10,SD
3064311500630100054,2195.7041015625,10,SD
3064311500630100055,9469.572265625,10,SD
3064311500630100057,13318.263671875,10,SD
3064311500630100059,1585.9473876953125,10,SD
3064311500630100062,8470.6474609375,10,SD
3064311500630100063,3849.568359375,10,SD
3064311500630100064,11497.501953125,10,SD
3064311500630100066,15009.474609375,10,SD
3064311500630100069,1839.658447265625,10,SD
3064311500630100071,6831.322265625,10,SD
3064311500630100080,7575.29541015625,10,SD
3064311500630100083,8976.5771484375,10,SD
3064311500630100086,3775.736572265625,10,SD
3064311500630100092,5772.0927734375,10,SD
3064311500630100094,5978.48291015625,10,SD
3064311500630100097,4451.01123046875,10,SD
3064311500630100098,1121.7156982421875,10,SD
3064311500630100099,7030.072265625,10,SD
3064311500630100100,4938.3076171875,10,SD
3064311500630100105,15462.0390625,10,SD
3064311500630100107,10266.81640625,10,SD
3064311500630100108,6886.6904296875,10,SD
3064311500630100112,2128.784423828125,10,SD
3064311500630100114,11577.8017578125,10,SD
3064311500630100115,5966.94189453125,10,SD
3064311500630100116,3704.86279296875,10,SD
3064311500630100119,1179.6783447265625,10,SD
3064311500630100120,8864.1220703125,10,SD
3064311500630100121,7315.59716796875,10,SD
3064311500630100122,11673.1171875,10,SD
3064311500630100125,8574.00390625,10,SD
3064311500630100132,8100.044921875,10,SD
3064311500630100133,5316.70361328125,10,SD
3064311500630100135,9877.740234375,10,SD
3064311500630100136,6330.2255859375,10,SD
3064311500630100142,2380.47412109375,10,SD
3064311500630100143,11139.7509765625,10,SD
3064311500630100145,8118.58203125,10,SD
3064311500630100148,5321.37939453125,10,SD
3064311500630100151,6914.65966796875,10,SD
3064311500630100152,4730.58154296875,10,SD
3064311500631100010,4362.44287109375,10,SD
3064311500631100013,3143.0009765625,10,SD
3064311500631100014,6157.40966796875,10,SD
3064311500631100016,6512.84326171875,10,SD
3064311500631100019,5697.8125,10,SD
3064311500631100021,4346.400390625,10,SD
3064311500631100022,7552.69189453125,10,SD
3064311500631100024,7485.884765625,10,SD
3064311500631100025,4341.5185546875,10,SD
3064311500631100026,2912.484619140625,10,SD
3064311500631100027,5748.013671875,10,SD
3064311500631100028,7083.08251953125,10,SD
3064311500631100030,5517.79248046875,10,SD
3064311500631100031,4191.7060546875,10,SD
3064311500631100032,2967.402099609375,10,SD
3064311500631100034,13355.95703125,10,SD
3064311500631100035,2173.269775390625,10,SD
3064311500631100036,5647.0224609375,10,SD
3064311500631100037,8736.0107421875,10,SD
3064311500631100039,9158.87109375,10,SD
3064311500631100040,5395.73486328125,10,SD
3064311500631100042,5471.16943359375,10,SD
3064311500631100044,3363.75732421875,10,SD
3064311500631100046,5260.6298828125,10,SD
3064311500631100047,1445.735595703125,10,SD
3064311500631100049,4591.06640625,10,SD
3064311500631100050,9072.87890625,10,SD
3064311500631100051,8127.4384765625,10,SD
3064311500631100053,5537.10888671875,10,SD
3064311500631100054,5295.37353515625,10,SD
3064311500631100055,4226.72119140625,10,SD
3064311500631100056,24312.3203125,10,SD
3064311500631100057,14063.21484375,10,SD
3064311500631100058,2529.112548828125,10,SD
3064311500631100059,3759.44775390625,10,SD
3064311500631100060,5238.78369140625,10,SD
3064311500631100061,8652.7587890625,10,SD
3064311500631100062,5165.490234375,10,SD
3064311500631100064,5685.62158203125,10,SD
3064311500631100065,4262.2431640625,10,SD
3064311500631100067,21455.89453125,10,SD
3064311500631100068,7157.97216796875,10,SD
3064311500631100070,12027.24609375,10,SD
3064311500631100072,5335.81982421875,10,SD
3064311500631100073,5870.3271484375,10,SD
3064311500631100074,20232.2578125,10,SD
3064311500631100076,9143.3984375,10,SD
3064311500631100077,10303.9072265625,10,SD
3064311500631100079,5312.53173828125,10,SD
3064311500631100080,8520.923828125,10,SD
3064311500631100081,12374.3046875,10,SD
3064311500631100084,3897.429443359375,10,SD
3064311500631100087,8418.6943359375,10,SD
3064311500631100088,4304.8583984375,10,SD
3064311500631100089,1404.708984375,10,SD
3064311500631100092,8151.1357421875,10,SD
3064311500631100093,5521.84375,10,SD
3064311500631100094,3088.60595703125,10,SD
3064311500631100096,5162.658203125,10,SD
3064311500631100098,2179.2421875,10,SD
3064311500631100099,4347.83544921875,10,SD
3064311500631100100,752.5130004882812,10,SD
3064311500631100108,2157.3759765625,10,SD
3064311500631100110,4094.56298828125,10,SD
3064311500631100111,5468.0673828125,10,SD
3064311500631100112,4679.95703125,10,SD
3064311500632100012,11735.0341796875,16,SD
3064311500632100042,1846.9658203125,16,SD
3064311500633100003,3805.24609375,16,SD
3064311500633100004,4502.63330078125,16,SD
3064311500633100005,7504.30078125,16,SD
3064311500633100006,8269.7548828125,16,SD
3064311500633100010,4185.39990234375,16,SD
3064311500633100012,9486.98046875,16,SD
3064311500633100015,16292.0087890625,16,SD
3064311500633100016,6901.45166015625,16,SD
3064311500633100017,20084.79296875,16,SD
3064311500633100018,4606.74267578125,16,SD
3064311500633100019,6627.15380859375,16,SD
3064311500633100020,3043.323486328125,16,SD
3064311500633100021,8276.0068359375,16,SD
3064311500633100022,16108.90625,16,SD
3064311500633100023,4423.0751953125,16,SD
3064311500633100024,5576.826171875,16,SD
3064311500633100025,15137.9970703125,16,SD
3064311500633100028,5957.48388671875,16,SD
3064311500633100029,2342.62451171875,16,SD
3064311500633100030,2743.41015625,16,SD
3064311500633100031,5405.4912109375,16,SD
3064311500633100032,9121.8857421875,16,SD
3064311500633100033,2319.647705078125,16,SD
3064311500633100036,3662.218994140625,16,SD
3064311500633100037,9165.5078125,16,SD
3064311500633100038,8678.7998046875,16,SD
3064311500633100039,9684.4638671875,16,SD
3064311500633100040,10602.2021484375,16,SD
3064311500633100041,7333.02490234375,16,SD
3064311500633100042,12669.560546875,16,SD
3064311500633100043,4000.71337890625,16,SD
3064311500633100044,10878.7822265625,16,SD
3064311500633100045,941.179931640625,16,SD
3064311500633100047,5127.416015625,16,SD
3064311500633100050,1926.057373046875,16,SD
3064311500633100051,14152.0205078125,16,SD
3064311500633100052,4236.873046875,16,SD
3064311500633100055,4874.28662109375,16,SD
3064311500633100057,798.599365234375,16,SD
3064311500633100058,3746.835205078125,16,SD
3064311500633100059,5226.63720703125,16,SD
3064311500633100061,683.0055541992188,16,SD
3064311500633100062,1268.4803466796875,16,SD
3064311500633100063,4181.27685546875,16,SD
3064311500633100066,1947.3538818359375,16,SD
3064311500633100067,19721.83203125,16,SD
3064311500633100071,2441.8916015625,16,SD
3064311500633100072,14620.1591796875,16,SD
3064311500633100075,10346.763671875,16,SD
3064311500633100077,15841.015625,16,SD
3064311500633100079,4101.154296875,16,SD
3064311500633100080,25773.056640625,16,SD
3064311500633100084,3487.28857421875,16,SD
3064311500633100087,35626.0078125,16,SD
3064311500633100088,14496.310546875,16,SD
3064311500633100089,3408.563232421875,16,SD
3064311500633100090,4069.6318359375,16,SD
3064311500633100092,7212.43359375,16,SD
3064311500633100094,3227.0556640625,16,SD
3064311500633100097,2864.207275390625,16,SD
3064311500633100102,2393.2802734375,16,SD
3064311500633100106,4845.75634765625,16,SD
3064311500633100107,3100.94677734375,16,SD
3064311500633100108,1698.7872314453125,16,SD
3064311500633100109,5335.26025390625,16,SD
3064311500633100110,6192.28662109375,16,SD
3064311500633100111,4223.0048828125,16,SD
3064311500633100114,3961.216064453125,16,SD
3064311500633100115,2440.2734375,16,SD
3064311500633100116,4897.6708984375,16,SD
3064311500633100118,3026.829833984375,16,SD
3064311500633100119,3221.63232421875,16,SD
3064311500633100121,5284.7412109375,16,SD
3064311500633100124,3530.91015625,16,SD
3064311500634100004,4768.41748046875,16,SD
3064311500634100005,7315.38671875,16,SD
3064311500634100006,11027.412109375,16,SD
3064311500634100009,6110.31396484375,16,SD
3064311500634100013,25440.421875,16,SD
3064311500634100014,6002.4033203125,16,SD
3064311500634100017,10755.662109375,16,SD
3064311500634100018,9621.9306640625,16,SD
3064311500634100020,18985.08984375,16,SD
3064311500634100027,3503.263427734375,16,SD
3064311500634100028,3467.610595703125,16,SD
3064311500634100029,8174.36474609375,16,SD
3064311500634100030,12036.3798828125,16,SD
3064311500634100032,16512.12109375,16,SD
3064311500634100033,9749.724609375,16,SD
3064311500634100034,11996.4521484375,16,SD
3064311500634100035,2207.50537109375,16,SD
3064311500634100036,3666.570068359375,16,SD
3064311500634100037,4068.2880859375,16,SD
3064311500634100038,5418.2802734375,16,SD
3064311500634100039,3702.39892578125,16,SD
3064311500634100040,5538.45556640625,16,SD
3064311500634100041,5628.44189453125,16,SD
3064311500634100042,15245.5478515625,16,SD
3064311500634100043,5417.21142578125,16,SD
3064311500634100044,5989.48828125,16,SD
3064311500634100045,8944.990234375,16,SD
3064311500634100047,10312.3515625,16,SD
3064311500634100048,26352.8828125,16,SD
3064311500634100049,5750.08544921875,16,SD
3064311500634100050,8420.205078125,16,SD
3064311500634100052,8558.3974609375,16,SD
3064311500634100053,9831.0078125,16,SD
3064311500634100054,19968.66015625,16,SD
3064311500634100055,10230.369140625,16,SD
3064311500634100056,1754.7529296875,16,SD
3064311500634100057,5865.94482421875,16,SD
3064311500634100062,12646.27734375,16,SD
3064311500634100064,17998.0390625,16,SD
3064311500634100065,2210.17626953125,16,SD
3064311500634100067,17445.1953125,16,SD
3064311500634100069,6430.59130859375,16,SD
3064311500634100070,6995.47802734375,16,SD
3064311500634100072,12383.482421875,16,SD
3064311500634100074,2176.356201171875,16,SD
3064311500634100077,20851.208984375,16,SD
3064311500634100078,14651.685546875,16,SD
3064311500634100079,6244.7841796875,16,SD
3064311500634100080,14017.443359375,16,SD
3064311500634100081,5887.7255859375,16,SD
3064311500634100082,8505.333984375,16,SD
3064311500634100083,7557.69921875,16,SD
3064311500634100084,3662.720458984375,16,SD
3064311500634100085,7112.6455078125,16,SD
3064311500634100087,20708.84375,16,SD
3064311500634100088,5454.5390625,16,SD
3064311500634100090,6239.53125,16,SD
3064311500634100092,3115.360107421875,16,SD
3064311500634100094,235.68115234375,16,SD
3064311500634100095,11727.986328125,16,SD
3064311500634100096,11755.7734375,16,SD
3064311500634100097,6547.689453125,16,SD
3064311500634100098,22882.8203125,16,SD
3064311500634100101,7252.1591796875,16,SD
3064311500634100102,5830.81689453125,16,SD
3064311500634100103,8379.8330078125,16,SD
3064311500634100105,7401.02734375,16,SD
3064311500634100106,5368.08203125,16,SD
3064311500634100108,12667.1923828125,16,SD
3064311500634100111,11634.181640625,16,SD
3064311500634100115,4693.26025390625,16,SD
3064311500634100116,17808.740234375,16,SD
3064311500634100117,1934.0928955078125,16,SD
3064311500634100118,8014.7314453125,16,SD
3064311500634100120,15533.142578125,16,SD
3064311500634100121,2267.66162109375,16,SD
3064311500634100122,9863.5009765625,16,SD
3064311500634100124,4857.23876953125,16,SD
3064311500634100126,4133.1982421875,16,SD
3064311500634100128,3952.42041015625,16,SD
3064311500634100130,18403.021484375,16,SD
3064311500634100131,941.2312622070312,16,SD
3064311500634100132,2829.148193359375,16,SD
3064311500634100133,2840.4423828125,16,SD
3064311500634100134,7562.640625,16,SD
3064311500634100137,819.43408203125,16,SD
3064311500634100138,9448.4482421875,16,SD
3064311500634100140,6448.23193359375,16,SD
3064311500634100141,765.668701171875,16,SD
3064311500634100142,6099.5654296875,16,SD
3064311500634100143,6257.501953125,16,SD
3064311500634100145,4509.74853515625,16,SD
3064311500634100147,12964.3037109375,16,SD
3064311500634100149,6533.6455078125,16,SD
3064311500634100150,8202.4912109375,16,SD
3064311500634100151,2990.18798828125,16,SD
3064311500634100153,5430.18896484375,16,SD
3064311500634100155,3638.272216796875,16,SD
3064311500634100156,12141.5703125,16,SD
3064311500634100157,8829.494140625,16,SD
3064311500634100160,5314.93603515625,16,SD
3064311500634100163,6850.67138671875,16,SD
3064311500634100170,4479.29248046875,16,SD
3064311500635100006,4017.827880859375,16,SD
3064311500635100007,6677.4306640625,16,SD
3064311500635100008,1064.1024169921875,16,SD
3064311500635100010,4902.94677734375,16,SD
3064311500635100013,5477.818359375,16,SD
3064311500635100015,2808.836181640625,16,SD
3064311500635100017,3039.412841796875,16,SD
3064311500635100019,8110.30859375,16,SD
3064311500635100020,1386.1212158203125,16,SD
3064311500635100021,11142.3310546875,16,SD
3064311500635100023,4260.85498046875,16,SD
3064311500635100026,5435.70654296875,16,SD
3064311500635100030,5353.90234375,16,SD
3064311500635100031,10905.953125,16,SD
3064311500635100032,2996.87060546875,16,SD
3064311500635100033,5250.3818359375,16,SD
3064311500635100034,1007.5557250976562,16,SD
3064311500635100036,685.99755859375,16,SD
3064311500635100038,18948.0859375,16,SD
3064311500635100039,4096.7314453125,16,SD
3064311500635100040,4656.68701171875,16,SD
3064311500635100041,17964.24609375,16,SD
3064311500635100046,1471.903564453125,16,SD
3064311500635100049,7837.93017578125,16,SD
3064311500635100052,3810.486083984375,16,SD
3064311500635100054,5262.5810546875,16,SD
3064311500635100057,1948.573974609375,16,SD
3064311500635100058,10129.662109375,16,SD
3064311500635100061,5426.65478515625,16,SD
3064311500635100068,5937.88037109375,16,SD
3064311500635100069,4288.74267578125,16,SD
3064311500635100072,6574.31982421875,16,SD
3064311500635100073,9122.7529296875,16,SD
3064311500635100076,5385.2958984375,16,SD
3064311500635100078,10223.4423828125,16,SD
3064311500635100079,2225.6005859375,16,SD
3064311500635100081,5508.08251953125,16,SD
3064311500635100082,9473.5224609375,16,SD
3064311500635100084,1478.236328125,16,SD
3064311500635100087,7650.5615234375,16,SD
3064311500635100088,4584.92529296875,16,SD
3064311500635100089,4524.7763671875,16,SD
3064311500635100091,9210.8193359375,16,SD
3064311500635100092,8512.697265625,16,SD
3064311500635100093,4117.25341796875,16,SD
3064311500635100094,3761.669677734375,16,SD
3064311500635100095,7091.43701171875,16,SD
3064311500635100096,19253.6875,16,SD
3064311500635100098,6850.31298828125,16,SD
3064311500635100099,7985.24755859375,16,SD
3064311500635100102,2271.599365234375,16,SD
3064311500635100105,6195.34228515625,16,SD
3064311500635100108,2682.071533203125,16,SD
3064311500635100109,160.8335418701172,16,SD
3064311500635100110,2511.4736328125,16,SD
3064311500636100005,2905.81982421875,31,SD
3064311500636100007,2871.587646484375,31,SD
3064311500636100008,18163.19140625,31,SD
3064311500636100010,2317.610595703125,31,SD
3064311500636100014,16572.099609375,31,SD
3064311500636100025,6930.36181640625,31,SD
3064311500636100031,2909.760009765625,31,SD
3064311500636100036,5131.1162109375,31,SD
3064311500636100037,6251.62109375,31,SD
3064311500636100046,3744.695068359375,31,SD
3064311500636100048,6497.595703125,31,SD
3064311500637100009,23041.724609375,31,SD
3064311500637100011,1660.2291259765625,31,SD
3064311500637100016,20471.349609375,31,SD
3064311500637100017,15379.7744140625,31,SD
3064311500637100020,13636.337890625,31,SD
3064311500637100022,16595.734375,31,SD
3064311500637100024,3002.550537109375,31,SD
3064311500637100029,1414.8739013671875,31,SD
3064311500637100031,7854.193359375,31,SD
3064311500637100032,4640.35498046875,31,SD
3064311500637100033,16347.482421875,31,SD
3064311500637100040,5824.109375,31,SD
3064311500637100041,4476.7001953125,31,SD
3064311500637100043,12955.0712890625,31,SD
3064311500637100046,2717.3564453125,31,SD
3064311500637100048,3220.9521484375,31,SD
3064311500637100049,23697.75,31,SD
3064311500637100050,10238.451171875,31,SD
3064311500637100054,4142.20556640625,31,SD
3064311500637100055,8375.3681640625,31,SD
3064311500637100056,6758.40576171875,31,SD
3064311500637100057,18484.046875,31,SD
3064311500637100058,857.5546875,31,SD
3064311500637100059,10116.70703125,31,SD
3064311500637100060,3401.890625,31,SD
3064311500637100062,6894.02587890625,31,SD
3064311500637100063,7557.3232421875,31,SD
3064311500637100064,3172.118896484375,31,SD
3064311500637100065,15592.41796875,31,SD
3064311500637100066,5968.4296875,31,SD
3064311500637100067,2884.82275390625,31,SD
3064311500637100069,20842.0859375,31,SD
3064311500637100072,4793.310546875,31,SD
3064311500637100074,3565.819580078125,31,SD
3064311500637100075,2062.932861328125,31,SD
3064311500637100076,513.344482421875,31,SD
3064311500637100077,24794.05078125,31,SD
3064311500637100079,21160.3671875,31,SD
3064311500637100080,2792.0166015625,31,SD
3064311500637100081,3101.57763671875,31,SD
3064311500637100082,15356.7705078125,31,SD
3064311500637100083,1527.1103515625,31,SD
3064311500637100085,4655.67529296875,31,SD
3064311500637100089,18122.787109375,31,SD
3064311500637100090,1187.3182373046875,31,SD
3064311500637100092,5220.8681640625,31,SD
3064311500637100093,14857.6630859375,31,SD
3064311500637100095,7092.25537109375,31,SD
3064311500637100096,2128.276611328125,31,SD
3064311500637100097,8790.25,31,SD
3064311500637100101,7115.0615234375,31,SD
3064311500637100102,14676.310546875,31,SD
3064311500637100104,4152.25341796875,31,SD
3064311500637100105,10594.318359375,31,SD
3064311500637100106,2488.08251953125,31,SD
3064311500637100107,8500.28515625,31,SD
3064311500637100108,909.8032836914062,31,SD
3064311500637100109,5105.451171875,31,SD
3064311500637100111,2540.1982421875,31,SD
3064311500637100112,6291.25390625,31,SD
3064311500637100113,2717.320068359375,31,SD
3064311500637100114,2051.203369140625,31,SD
3064311500637100115,6092.80322265625,31,SD
3064311500637100116,800.9330444335938,31,SD
3064311500637100117,4939.61181640625,31,SD
3064311500637100119,9759.90625,31,SD
3064311500637100120,16955.865234375,31,SD
3064311500637100121,2986.537353515625,31,SD
3064311500637100122,7960.9775390625,31,SD
3064311500637100123,4336.62646484375,31,SD
3064311500637100126,3628.947998046875,31,SD
3064311500637100127,2672.611083984375,31,SD
3064311500637100129,7789.62548828125,31,SD
3064311500637100130,2622.15625,31,SD
3064311500637100131,10814.6337890625,31,SD
3064311500637100132,5105.1572265625,31,SD
3064311500637100133,7212.18798828125,31,SD
3064311500637100134,10065.966796875,31,SD
3064311500637100136,8295.439453125,31,SD
3064311500637100138,7192.76953125,31,SD
3064311500637100139,13545.283203125,31,SD
3064311500637100141,8875.365234375,31,SD
3064311500637100143,11070.0703125,31,SD
3064311500637100144,7462.70068359375,31,SD
3064311500637100146,8647.46484375,31,SD
3064311500637100147,3622.0859375,31,SD
3064311500637100148,6028.75927734375,31,SD
3064311500637100150,1416.4461669921875,31,SD
3064311500637100151,10071.4951171875,31,SD
3064311500637100152,9878.3232421875,31,SD
3064311500637100153,1122.8104248046875,31,SD
3064311500637100155,9117.6533203125,31,SD
3064311500637100157,1090.126708984375,31,SD
3064311500637100158,5742.7841796875,31,SD
3064311500637100160,7613.91748046875,31,SD
3064311500637100161,7202.2373046875,31,SD
3064311500637100162,8214.0009765625,31,SD
3064311500637100163,8365.1904296875,31,SD
3064311500638100001,4811.16845703125,31,SD
3064311500638100017,30160.306640625,31,SD
3064311500638100019,3192.38525390625,31,SD
3064311500638100020,4453.8828125,31,SD
3064311500638100023,3843.132568359375,31,SD
3064311500638100026,3989.29736328125,31,SD
3064311500638100027,1883.7396240234375,31,SD
3064311500638100029,10364.32421875,31,SD
3064311500638100030,5245.85888671875,31,SD
3064311500638100031,251.08042907714844,31,SD
3064311500638100034,9940.9736328125,31,SD
3064311500638100035,965.9764404296875,31,SD
3064311500638100036,6017.90576171875,31,SD
3064311500638100037,20803.865234375,31,SD
3064311500638100038,842.0120849609375,31,SD
3064311500638100041,8012.9404296875,31,SD
3064311500638100043,5739.427734375,31,SD
3064311500638100046,1976.177734375,31,SD
3064311500638100047,18504.939453125,31,SD
3064311500638100048,5392.189453125,31,SD
3064311500638100050,6309.0078125,31,SD
3064311500638100051,16422.62109375,31,SD
3064311500638100053,4603.83935546875,31,SD
3064311500638100054,8208.9296875,31,SD
3064311500638100055,18684.48046875,31,SD
3064311500638100056,7190.162109375,31,SD
3064311500638100058,7118.7685546875,31,SD
3064311500638100059,7041.44091796875,31,SD
3064311500638100060,4189.33154296875,31,SD
3064311500638100061,15108.38671875,31,SD
3064311500638100063,3458.869873046875,31,SD
3064311500638100064,5840.48828125,31,SD
3064311500638100066,800.2454223632812,31,SD
3064311500638100067,9091.0361328125,31,SD
3064311500638100068,14448.1025390625,31,SD
3064311500638100070,1260.40380859375,31,SD
3064311500638100071,7006.9697265625,31,SD
3064311500638100072,6370.3251953125,31,SD
3064311500638100073,8792.3056640625,31,SD
3064311500638100074,5550.4931640625,31,SD
3064311500638100075,7327.0224609375,31,SD
3064311500638100077,9819.0390625,31,SD
3064311500638100078,4182.89892578125,31,SD
3064311500638100079,8436.658203125,31,SD
3064311500638100081,14136.6669921875,31,SD
3064311500638100082,8569.591796875,31,SD
3064311500638100087,5789.5107421875,31,SD
3064311500638100089,12996.57421875,31,SD
3064311500638100091,13073.734375,31,SD
3064311500638100092,3851.252197265625,31,SD
3064311500638100093,10302.880859375,31,SD
3064311500638100094,5914.94970703125,31,SD
3064311500638100095,3169.267822265625,31,SD
3064311500638100096,15928.28125,31,SD
3064311500638100097,8248.703125,31,SD
3064311500638100099,5720.28466796875,31,SD
3064311500638100101,11646.6162109375,31,SD
3064311500638100102,6759.25927734375,31,SD
3064311500638100103,8568.109375,31,SD
3064311500638100104,11734.283203125,31,SD
3064311500638100105,7029.46728515625,31,SD
3064311500638100106,10489.7119140625,31,SD
3064311500638100107,14682.166015625,31,SD
3064311500638100109,4997.9091796875,31,SD
3064311500638100110,6333.2197265625,31,SD
3064311500638100111,6644.73388671875,31,SD
3064311500638100116,12232.970703125,31,SD
3064311500638100117,10116.689453125,31,SD
3064311500638100118,1787.8720703125,31,SD
3064311500638100121,6346.86279296875,31,SD
3064311500638100122,7371.49267578125,31,SD
3064311500638100123,5552.23193359375,31,SD
3064311500638100124,8474.548828125,31,SD
3064311500638100126,11925.5185546875,31,SD
3064311500638100127,6162.5263671875,31,SD
3064311500638100128,14359.0078125,31,SD
3064311500638100130,10604.24609375,31,SD
3064311500638100133,10162.8505859375,31,SD
3064311500638100135,6353.54638671875,31,SD
3064311500638100136,9592.3603515625,31,SD
3064311500638100138,13824.3798828125,31,SD
3064311500638100140,6327.6044921875,31,SD
3064311500638100142,11217.9619140625,31,SD
3064311500638100146,3118.322021484375,31,SD
3064311500638100147,6408.888671875,31,SD
3064311500638100148,4786.306640625,31,SD
3064311500638100149,5052.14111328125,31,SD
3064311500638100150,5947.16845703125,31,SD
3064311500638100152,14605.8740234375,31,SD
3064311500638100153,1676.50830078125,31,SD
3064311500638100154,9185.3818359375,31,SD
3064311500638100156,8485.9248046875,31,SD
3064311500638100158,28047.115234375,31,SD
3064311500638100159,10322.8349609375,31,SD
3064311500638100160,14988.126953125,31,SD
3064311500638100161,3090.55224609375,31,SD
3064311500638100162,14377.65625,31,SD
3064311500638100164,8731.8046875,31,SD
3064311500638100165,3673.281982421875,31,SD
3064311500638100167,1247.3240966796875,31,SD
3064311500638100169,1100.9310302734375,31,SD
3064311500638100170,13901.0458984375,31,SD
3064311500638100173,3066.449951171875,31,SD
3064311500638100174,10175.7041015625,31,SD
3064311500638100179,6161.6689453125,31,SD
3064311500638100181,3229.21533203125,31,SD
3064311500639100010,3503.486328125,31,SD
3064311500639100013,8810.1708984375,31,SD
3064311500639100014,5160.87158203125,31,SD
3064311500639100016,3621.43115234375,31,SD
3064311500639100017,11804.583984375,31,SD
3064311500639100018,6957.43505859375,31,SD
3064311500639100020,10884.6201171875,31,SD
3064311500639100022,3949.187744140625,31,SD
3064311500639100024,14073.458984375,31,SD
3064311500639100026,3755.200927734375,31,SD
3064311500639100027,5003.16796875,31,SD
3064311500639100028,4782.98193359375,31,SD
3064311500639100029,5920.02587890625,31,SD
3064311500639100030,11855.4658203125,31,SD
3064311500639100032,3478.544189453125,31,SD
3064311500639100033,8788.1328125,31,SD
3064311500639100034,8888.8359375,31,SD
3064311500639100035,5767.56103515625,31,SD
3064311500639100036,4633.2001953125,31,SD
3064311500639100037,9893.8740234375,31,SD
3064311500639100042,6790.4501953125,31,SD
3064311500639100043,425.6493835449219,31,SD
3064311500639100044,8927.1591796875,31,SD
3064311500639100045,3211.667236328125,31,SD
3064311500639100046,1064.7794189453125,31,SD
3064311500639100047,4504.9814453125,31,SD
3064311500639100048,3716.78515625,31,SD
3064311500639100050,5210.568359375,31,SD
3064311500639100051,4506.9580078125,31,SD
3064311500639100052,2020.13671875,31,SD
3064311500639100053,4845.6875,31,SD
3064311500639100054,912.1210327148438,31,SD
3064311500639100059,13230.650390625,31,SD
3064311500639100060,6076.39697265625,31,SD
3064311500639100069,2782.970458984375,31,SD
3064311500639100070,1595.6038818359375,31,SD
3064311500639100071,7108.29052734375,31,SD
3064311500639100073,7003.87548828125,31,SD
3064311500639100074,6986.3076171875,31,SD
3064311500639100075,9931.716796875,31,SD
3064311500639100077,3337.625244140625,31,SD
3064311500639100078,2517.627685546875,31,SD
3064311500639100082,7554.77490234375,31,SD
3064311500639100085,4461.54443359375,31,SD
3064311500639100086,3247.817626953125,31,SD
3064311500639100087,1498.7010498046875,31,SD
3064311500639100088,4752.12890625,31,SD
3064311500639100090,5158.27783203125,31,SD
3064311500639100091,7007.63330078125,31,SD
3064311500639100094,5100.09375,31,SD
3064311500639100096,1855.536865234375,31,SD
3064311500639100098,6295.849609375,31,SD
3064311500639100099,4192.62646484375,31,SD
3064311500639100100,1268.004150390625,31,SD
3064311500639100102,4287.916015625,31,SD
3064311500639100103,8486.6650390625,31,SD
3064311500639100105,7557.845703125,31,SD
3064311500639100107,2446.291748046875,31,SD
3064311500639100109,3410.05859375,31,SD
3064311500639100112,2882.38232421875,31,SD
3064311500639100113,1856.5474853515625,31,SD
3064311500639100114,2085.971923828125,31,SD
3064311500639100115,14281.451171875,31,SD
3064311500639100116,3515.954345703125,31,SD
3064311500639100117,13356.5263671875,31,SD
3064311500639100119,7803.95263671875,31,SD
3064311500639100120,4928.42041015625,31,SD
3064311500639100122,9355.814453125,31,SD
3064311500639100126,5151.62890625,31,SD
3064311500639100129,5405.84130859375,31,SD
3064311500639100131,23922.583984375,31,SD
3064311500639100136,13790.9599609375,31,SD
3064311500639100138,6858.84814453125,31,SD
3064311500639100142,2850.068359375,31,SD
3064311500639100146,7810.27392578125,31,SD
3064311500639100147,11095.3603515625,31,SD
3064311500639100148,8735.7041015625,31,SD
3064311500639100151,3159.40087890625,31,SD
3064311500639100152,8249.505859375,31,SD
3064311500639100157,4713.8232421875,31,SD
3064311500647100010,17864.85546875,6,SD
3064311500647100012,8223.6669921875,6,SD
3064311500647100013,7668.26513671875,6,SD
3064311500647100024,13368.4736328125,6,SD
3064311500647100026,12909.9658203125,6,SD
3064311500647100030,20604.208984375,6,SD
3064311500647100039,8746.142578125,6,SD
3064311500647100040,7820.03076171875,6,SD
3064311500647100044,10143.51171875,6,SD
3064311500647100046,8234.6552734375,6,SD
3064311500647100049,8181.77001953125,6,SD
3064311500647100056,18160.05078125,6,SD
3064311500647100058,14654.767578125,6,SD
3064311500647100061,17695.361328125,6,SD
3064311500647100066,18408.18359375,6,SD
3064311500647100067,9373.5810546875,6,SD
3064311500647100068,9910.9697265625,6,SD
3064311500647100078,14133.7607421875,6,SD
3064311500648100011,23401.603515625,6,SD
3064311500648100012,4753.37939453125,6,SD
3064311500648100013,26276.705078125,6,SD
3064311500648100014,8766.2392578125,6,SD
3064311500648100015,9444.9716796875,6,SD
3064311500648100018,7434.41259765625,6,SD
3064311500648100020,8320.3388671875,6,SD
3064311500648100022,16830.65625,6,SD
3064311500648100023,18709.1484375,6,SD
3064311500648100024,23118.7890625,6,SD
3064311500648100027,4258.7490234375,6,SD
3064311500648100030,34404.76171875,6,SD
3064311500648100031,13309.5205078125,6,SD
3064311500648100032,4128.51220703125,6,SD
3064311500648100033,8569.4775390625,6,SD
3064311500648100034,5924.69384765625,6,SD
3064311500648100036,8106.2099609375,6,SD
3064311500648100037,12381.7685546875,6,SD
3064311500648100038,26733.26953125,6,SD
3064311500648100039,9731.6845703125,6,SD
3064311500648100040,21730.232421875,6,SD
3064311500648100042,18402.240234375,6,SD
3064311500648100045,23517.25,6,SD
3064311500648100047,17582.77734375,6,SD
3064311500648100048,15341.44140625,6,SD
3064311500648100049,15160.11328125,6,SD
3064311500648100052,10551.3525390625,6,SD
3064311500648100053,32042.947265625,6,SD
3064311500648100054,13329.7607421875,6,SD
3064311500648100055,28743.88671875,6,SD
3064311500648100056,5811.5693359375,6,SD
3064311500648100058,11449.7568359375,6,SD
3064311500648100060,32350.765625,6,SD
3064311500648100063,13789.5966796875,6,SD
3064311500648100064,10188.8662109375,6,SD
3064311500648100065,6451.93408203125,6,SD
3064311500648100067,19454.966796875,6,SD
3064311500648100068,16197.962890625,6,SD
3064311500648100073,7606.65625,6,SD
3064311500648100075,14253.384765625,6,SD
3064311500648100079,40197.57421875,6,SD
3064311500649100010,9713.666015625,6,SD
3064311500649100013,14053.3974609375,6,SD
3064311500649100014,20971.517578125,6,SD
3064311500649100016,29725.111328125,6,SD
3064311500649100018,13251.8115234375,6,SD
3064311500649100020,3800.71630859375,6,SD
3064311500649100022,34318.13671875,6,SD
3064311500649100023,5600.29296875,6,SD
3064311500649100025,71685.3046875,6,SD
3064311500649100027,18027.369140625,6,SD
3064311500649100028,51544.09375,6,SD
3064311500649100030,8333.2646484375,6,SD
3064311500649100031,1952.680908203125,6,SD
3064311500649100036,12370.0966796875,6,SD
3064311500649100037,14218.98828125,6,SD
3064311500649100038,33861.38671875,6,SD
3064311500649100039,51184.65625,6,SD
3064311500649100040,13676.01953125,6,SD
3064311500649100043,44942.8046875,6,SD
3064311500649100044,7595.78271484375,6,SD
3064311500649100045,6035.5126953125,6,SD
3064311500649100048,20297.28125,6,SD
3064311500649100049,3757.533935546875,6,SD
3064311500649100050,54744.5546875,6,SD
3064311500649100052,35209.0234375,6,SD
3064311500649100057,10769.6318359375,6,SD
3064311500650100019,7630.0595703125,6,SD
3064311500652100013,1676.783935546875,10,SD
3064311500652100015,17548.841796875,10,SD
3064311500652100017,11426.2607421875,10,SD
3064311500652100019,10017.2001953125,10,SD
3064311500652100021,2314.093505859375,10,SD
3064311500652100025,4582.14404296875,10,SD
3064311500652100027,1179.5416259765625,10,SD
3064311500652100028,10369.9931640625,10,SD
3064311500652100029,6857.8349609375,10,SD
3064311500652100030,4658.70751953125,10,SD
3064311500652100031,6151.380859375,10,SD
3064311500652100032,6951.25048828125,10,SD
3064311500652100033,4555.03076171875,10,SD
3064311500652100034,5500.78662109375,10,SD
3064311500652100035,2686.400146484375,10,SD
3064311500652100036,8059.6279296875,10,SD
3064311500652100038,4691.67431640625,10,SD
3064311500652100039,5021.35205078125,10,SD
3064311500652100040,7987.92431640625,10,SD
3064311500652100041,4808.01025390625,10,SD
3064311500652100042,5261.74267578125,10,SD
3064311500652100043,2789.7294921875,10,SD
3064311500652100044,4298.41552734375,10,SD
3064311500652100046,7004.4697265625,10,SD
3064311500652100047,14258.18359375,10,SD
3064311500652100048,3874.886962890625,10,SD
3064311500652100049,7040.7373046875,10,SD
3064311500652100050,3463.717041015625,10,SD
3064311500652100052,5166.09716796875,10,SD
3064311500652100053,6069.8134765625,10,SD
3064311500652100055,8898.568359375,10,SD
3064311500652100057,11033.4892578125,10,SD
3064311500652100058,5622.17236328125,10,SD
3064311500652100059,6071.0029296875,10,SD
3064311500652100060,2748.8037109375,10,SD
3064311500652100061,7267.37939453125,10,SD
3064311500652100063,2927.385498046875,10,SD
3064311500652100065,8958.302734375,10,SD
3064311500652100066,12202.150390625,10,SD
3064311500652100067,7344.2646484375,10,SD
3064311500652100068,6050.85693359375,10,SD
3064311500652100069,5230.16357421875,10,SD
3064311500652100070,18653.83203125,10,SD
3064311500652100071,1159.2767333984375,10,SD
3064311500652100072,12076.7138671875,10,SD
3064311500652100073,4417.64306640625,10,SD
3064311500652100074,3700.36962890625,10,SD
3064311500652100075,11022.01171875,10,SD
3064311500652100076,3197.0693359375,10,SD
3064311500652100077,6278.33203125,10,SD
3064311500652100079,7321.904296875,10,SD
3064311500652100080,10401.759765625,10,SD
3064311500652100082,3807.436279296875,10,SD
3064311500652100083,4183.07373046875,10,SD
3064311500652100084,11564.7509765625,10,SD
3064311500652100086,7105.9521484375,10,SD
3064311500652100087,12488.732421875,10,SD
3064311500652100088,11897.849609375,10,SD
3064311500652100091,2235.9072265625,10,SD
3064311500652100092,4654.7490234375,10,SD
3064311500652100093,3036.670166015625,10,SD
3064311500652100094,6001.73583984375,10,SD
3064311500653100005,9294.5126953125,10,SD
3064311500653100006,5995.5751953125,10,SD
3064311500653100009,1815.5504150390625,10,SD
3064311500653100010,4010.83154296875,10,SD
3064311500653100011,3712.29052734375,10,SD
3064311500653100012,619.0721435546875,10,SD
3064311500653100017,7315.89794921875,10,SD
3064311500653100018,8145.283203125,10,SD
3064311500653100021,3891.08740234375,10,SD
3064311500653100022,8686.1298828125,10,SD
3064311500653100023,11565.701171875,10,SD
3064311500653100028,7865.65478515625,10,SD
3064311500653100034,4898.39404296875,10,SD
3064311500653100035,17214.27734375,10,SD
3064311500653100036,1219.468017578125,10,SD
3064311500653100038,3910.437744140625,10,SD
3064311500653100040,1066.664306640625,10,SD
3064311500653100044,11838.779296875,10,SD
3064311500653100045,4265.99267578125,10,SD
3064311500653100046,4527.515625,10,SD
3064311500653100047,3935.78759765625,10,SD
3064311500653100049,528.6880493164062,10,SD
3064311500653100050,5693.7880859375,10,SD
3064311500653100053,4540.61767578125,10,SD
3064311500653100054,11388.771484375,10,SD
3064311500653100057,7095.47119140625,10,SD
3064311500653100058,9712.44140625,10,SD
3064311500653100060,20175.236328125,10,SD
3064311500653100063,2256.43798828125,10,SD
3064311500653100064,4569.23583984375,10,SD
3064311500653100066,4091.702880859375,10,SD
3064311500653100067,6177.744140625,10,SD
3064311500653100068,4315.03515625,10,SD
3064311500653100070,6766.43701171875,10,SD
3064311500653100071,5437.69189453125,10,SD
3064311500653100072,5319.2783203125,10,SD
3064311500653100073,4167.03369140625,10,SD
3064311500653100074,4565.82958984375,10,SD
3064311500653100075,3175.375244140625,10,SD
3064311500653100076,5420.01416015625,10,SD
3064311500653100077,9009.6083984375,10,SD
3064311500653100078,13110.9384765625,10,SD
3064311500653100079,4717.80322265625,10,SD
3064311500653100080,9720.96484375,10,SD
3064311500653100082,13757.275390625,10,SD
3064311500653100083,4203.3798828125,10,SD
3064311500653100084,21758.701171875,10,SD
3064311500653100085,7832.2275390625,10,SD
3064311500653100086,9589.0712890625,10,SD
3064311500653100087,2959.811767578125,10,SD
3064311500653100088,2406.48095703125,10,SD
3064311500653100089,4604.2265625,10,SD
3064311500653100090,11158.2724609375,10,SD
3064311500653100091,2625.9990234375,10,SD
3064311500653100092,783.2855224609375,10,SD
3064311500653100093,6800.357421875,10,SD
3064311500653100094,3234.474853515625,10,SD
3064311500653100097,6336.02490234375,10,SD
3064311500653100098,6276.38720703125,10,SD
3064311500653100099,7167.40283203125,10,SD
3064311500653100100,4363.29150390625,10,SD
3064311500653100101,3507.470703125,10,SD
3064311500653100102,3211.41748046875,10,SD
3064311500653100103,4188.71435546875,10,SD
3064311500653100104,12266.333984375,10,SD
3064311500653100105,5888.81298828125,10,SD
3064311500653100106,9024.3544921875,10,SD
3064311500653100107,4655.45849609375,10,SD
3064311500653100108,7322.73779296875,10,SD
3064311500653100110,6963.1669921875,10,SD
3064311500653100111,4919.72412109375,10,SD
3064311500653100112,3500.91943359375,10,SD
3064311500653100113,3448.783935546875,10,SD
3064311500653100114,3762.519775390625,10,SD
3064311500653100115,3675.99462890625,10,SD
3064311500653100116,1284.2303466796875,10,SD
3064311500653100117,2786.28662109375,10,SD
3064311500653100118,1726.663818359375,10,SD
3064311500653100119,10827.1455078125,10,SD
3064311500653100121,8152.97607421875,10,SD
3064311500653100122,8739.244140625,10,SD
3064311500653100123,4498.01318359375,10,SD
3064311500653100124,6037.8681640625,10,SD
3064311500653100125,9429.5146484375,10,SD
3064311500653100126,3738.689453125,10,SD
3064311500653100127,3452.885498046875,10,SD
3064311500653100128,6927.533203125,10,SD
3064311500653100129,1568.1016845703125,10,SD
3064311500653100130,2465.7275390625,10,SD
3064311500653100132,5545.61865234375,10,SD
3064311500653100133,4755.24951171875,10,SD
3064311500653100134,2981.382080078125,10,SD
3064311500653100135,3536.183837890625,10,SD
3064311500653100136,5680.75439453125,10,SD
3064311500653100137,2725.431640625,10,SD
3064311500653100138,4787.2099609375,10,SD
3064311500653100140,3077.119384765625,10,SD
3064311500653100141,10158.1318359375,10,SD
3064311500653100142,4921.13818359375,10,SD
3064311500653100143,1834.29736328125,10,SD
3064311500653100144,4914.6572265625,10,SD
3064311500653100145,2598.0537109375,10,SD
3064311500653100146,5674.6337890625,10,SD
3064311500653100148,7056.7802734375,10,SD
3064311500653100149,5054.0927734375,10,SD
3064311500653100150,4812.64697265625,10,SD
3064311500653100151,6069.591796875,10,SD
3064311500653100152,1778.080078125,10,SD
3064311500654100010,7335.7021484375,10,SD
3064311500654100011,4734.1513671875,10,SD
3064311500654100013,4335.8544921875,10,SD
3064311500654100014,6945.89453125,10,SD
3064311500654100019,6339.05322265625,10,SD
3064311500654100021,4220.73779296875,10,SD
3064311500654100022,2845.010009765625,10,SD
3064311500654100024,4830.97021484375,10,SD
3064311500654100025,5175.55322265625,10,SD
3064311500654100027,6613.88671875,10,SD
3064311500654100028,4820.08251953125,10,SD
3064311500654100030,6842.33984375,10,SD
3064311500654100031,18563.625,10,SD
3064311500654100033,1521.0697021484375,10,SD
3064311500654100035,7437.0322265625,10,SD
3064311500654100037,6646.32958984375,10,SD
3064311500656100007,6006.40771484375,16,SD
3064311500656100008,5438.572265625,16,SD
3064311500656100010,2242.012939453125,16,SD
3064311500656100011,5047.79296875,16,SD
3064311500656100015,3940.164794921875,16,SD
3064311500656100017,3903.615478515625,16,SD
3064311500656100018,7838.2685546875,16,SD
3064311500656100020,5310.5078125,16,SD
3064311500656100024,12088.9033203125,16,SD
3064311500656100025,4787.78466796875,16,SD
3064311500656100029,5409.2373046875,16,SD
3064311500657100010,6441.71240234375,16,SD
3064311500657100011,13283.1962890625,16,SD
3064311500657100017,1590.593505859375,16,SD
3064311500657100019,517.4882202148438,16,SD
3064311500657100024,2464.7333984375,16,SD
3064311500657100025,624.9418334960938,16,SD
3064311500657100028,4858.4443359375,16,SD
3064311500657100029,4489.8056640625,16,SD
3064311500657100030,5845.32568359375,16,SD
3064311500657100031,10226.67578125,16,SD
3064311500657100034,4333.51171875,16,SD
3064311500657100037,13129.3359375,16,SD
3064311500657100038,5202.1123046875,16,SD
3064311500657100039,3753.96533203125,16,SD
3064311500657100040,5267.6767578125,16,SD
3064311500657100042,5030.0634765625,16,SD
3064311500657100044,3509.331787109375,16,SD
3064311500657100045,9130.7041015625,16,SD
3064311500657100047,7730.2685546875,16,SD
3064311500657100048,5965.31982421875,16,SD
3064311500657100049,5032.57275390625,16,SD
3064311500657100050,3869.49951171875,16,SD
3064311500657100051,3591.314453125,16,SD
3064311500657100052,10482.64453125,16,SD
3064311500657100053,4862.94580078125,16,SD
3064311500657100055,7975.59521484375,16,SD
3064311500657100056,3774.146240234375,16,SD
3064311500657100057,2927.283935546875,16,SD
3064311500657100058,4992.6396484375,16,SD
3064311500657100059,4488.39501953125,16,SD
3064311500657100060,5305.013671875,16,SD
3064311500657100061,9459.99609375,16,SD
3064311500657100062,9214.36328125,16,SD
3064311500657100063,9681.5703125,16,SD
3064311500657100064,3521.9111328125,16,SD
3064311500657100065,11180.7333984375,16,SD
3064311500657100066,4936.24365234375,16,SD
3064311500657100067,10280.3037109375,16,SD
3064311500657100068,2767.039794921875,16,SD
3064311500657100069,5034.47021484375,16,SD
3064311500657100070,4630.7099609375,16,SD
3064311500657100071,4423.1943359375,16,SD
3064311500657100072,1326.4647216796875,16,SD
3064311500657100073,3973.425048828125,16,SD
3064311500657100074,3315.814208984375,16,SD
3064311500657100075,6036.0654296875,16,SD
3064311500657100076,3970.99169921875,16,SD
3064311500657100077,12276.8896484375,16,SD
3064311500657100078,4239.8388671875,16,SD
3064311500657100080,1869.1727294921875,16,SD
3064311500657100081,3919.162841796875,16,SD
3064311500657100083,17887.47265625,16,SD
3064311500657100084,2296.67529296875,16,SD
3064311500657100085,605.8460083007812,16,SD
3064311500657100086,630.3214721679688,16,SD
3064311500657100087,21032.923828125,16,SD
3064311500657100089,572.437255859375,16,SD
3064311500657100092,1293.3746337890625,16,SD
3064311500657100094,9129.431640625,16,SD
3064311500657100095,4438.42578125,16,SD
3064311500657100096,4225.1552734375,16,SD
3064311500657100097,4862.802734375,16,SD
3064311500657100098,5292.28125,16,SD
3064311500657100099,4072.06982421875,16,SD
3064311500657100100,4652.66162109375,16,SD
3064311500658100009,3335.852294921875,16,SD
3064311500658100017,7265.10400390625,16,SD
3064311500658100018,3779.593994140625,16,SD
3064311500660100012,871.630859375,31,SD
3064311500660100013,22481.244140625,31,SD
3064311500660100018,2750.853759765625,31,SD
3064311500660100021,5803.6728515625,31,SD
3064311500660100024,16193.072265625,31,SD
3064311500660100025,14251.9951171875,31,SD
3064311500660100027,5398.50390625,31,SD
3064311500660100028,4967.77734375,31,SD
3064311500660100029,7888.67333984375,31,SD
3064311500660100030,4124.80859375,31,SD
3064311500660100033,6193.85791015625,31,SD
3064311500660100035,13591.345703125,31,SD
3064311500660100036,6597.95654296875,31,SD
3064311500660100037,5701.19677734375,31,SD
3064311500660100038,8285.26171875,31,SD
3064311500660100040,8003.9052734375,31,SD
3064311500660100041,7072.40283203125,31,SD
3064311500660100045,4110.77783203125,31,SD
3064311500660100046,12596.3310546875,31,SD
3064311500660100048,7260.27587890625,31,SD
3064311500660100049,6869.8671875,31,SD
3064311500660100050,3281.60498046875,31,SD
3064311500660100051,2649.893798828125,31,SD
3064311500660100054,4672.587890625,31,SD
3064311500660100055,3297.560546875,31,SD
3064311500660100056,3200.78466796875,31,SD
3064311500660100058,4503.39501953125,31,SD
3064311500660100059,2776.447265625,31,SD
3064311500660100063,5364.35400390625,31,SD
3064311500660100064,2834.13427734375,31,SD
3064311500660100065,4637.63525390625,31,SD
3064311500660100068,5267.4130859375,31,SD
3064311500660100069,5002.671875,31,SD
3064311500660100070,5177.1611328125,31,SD
3064311500660100071,3567.236572265625,31,SD
3064311500660100072,5328.46630859375,31,SD
3064311500660100073,6910.484375,31,SD
3064311500660100078,6056.3291015625,31,SD
3064311500660100081,6147.5869140625,31,SD
3064311500660100083,3504.396240234375,31,SD
3064311500660100085,5107.62255859375,31,SD
3064311500660100086,5361.9833984375,31,SD
3064311500661100016,2518.319091796875,31,SD
3064311500661100018,5923.04443359375,31,SD
3064311500661100021,12473.765625,31,SD
3064311500661100022,16115.9423828125,31,SD
3064311500661100025,19534.166015625,31,SD
3064311500661100026,9160.0029296875,31,SD
3064311500661100029,11478.595703125,31,SD
3064311500661100031,16332.1865234375,31,SD
3064311500661100032,7208.10205078125,31,SD
3064311500661100033,7196.1201171875,31,SD
3064311500661100036,5495.79638671875,31,SD
3064311500661100039,5448.03662109375,31,SD
3064311500661100040,7559.755859375,31,SD
3064311500661100041,3575.62841796875,31,SD
3064311500661100042,1368.6339111328125,31,SD
3064311500661100043,5242.451171875,31,SD
3064311500661100047,5357.38037109375,31,SD
3064311500661100048,6494.462890625,31,SD
3064311500661100051,14515.1669921875,31,SD
3064311500661100054,8292.8076171875,31,SD
3064311500661100055,3407.45751953125,31,SD
3064311500661100056,4211.4375,31,SD
3064311500661100059,3848.06591796875,31,SD
3064311500661100060,7907.87255859375,31,SD
3064311500661100062,3591.7978515625,31,SD
3064311500661100063,4418.6513671875,31,SD
3064311500661100064,4528.0625,31,SD
3064311500661100065,4094.9033203125,31,SD
3064311500661100066,3213.593505859375,31,SD
3064311500661100067,4635.15234375,31,SD
3064311500661100068,838.3508911132812,31,SD
3064311500661100069,2533.5087890625,31,SD
3064311500661100070,3006.455078125,31,SD
3064311500661100071,5263.716796875,31,SD
3064311500661100072,8286.8291015625,31,SD
3064311500661100073,6089.095703125,31,SD
3064311500661100074,3301.856689453125,31,SD
3064311500661100076,12075.974609375,31,SD
3064311500661100077,4085.158447265625,31,SD
3064311500661100079,2463.181396484375,31,SD
3064311500661100080,912.8583374023438,31,SD
3064311500661100081,1177.1912841796875,31,SD
3064311500661100082,4924.4814453125,31,SD
3064311500661100084,4307.33984375,31,SD
3064311500661100086,4160.982421875,31,SD
3064311500661100087,1437.9560546875,31,SD
3064311500661100088,4634.71630859375,31,SD
3064311500661100090,4984.85595703125,31,SD
3064311500661100093,5220.330078125,31,SD
3064311500661100094,1525.814208984375,31,SD
3064311500661100096,3171.703857421875,31,SD
3064311500661100097,9183.744140625,31,SD
3064311500661100098,529.6329345703125,31,SD
3064311500661100100,3029.819580078125,31,SD
3064311500661100102,3404.05810546875,31,SD
3064311500661100103,8315.326171875,31,SD
3064311500661100105,14330.4619140625,31,SD
3064311500661100106,6481.302734375,31,SD
3064311500661100108,5647.033203125,31,SD
3064311500661100111,4497.3232421875,31,SD
3064311500661100114,4160.55859375,31,SD
3064311500661100116,5377.1552734375,31,SD
3064311500661100117,7642.828125,31,SD
3064311500662100006,6138.3642578125,31,SD
3064311500662100007,5619.5537109375,31,SD
3064311500662100008,6150.1884765625,31,SD
3064311500662100011,6910.68310546875,31,SD
3064311500662100012,21941.412109375,31,SD
3064311500662100017,6266.2900390625,31,SD
3064311500662100018,3597.362060546875,31,SD
3064311500694100002,12503.50390625,7,SD
3064311500694100004,9418.9970703125,7,SD
3064311500694100005,26733.18359375,7,SD
3064311500694100008,21214.65234375,7,SD
3064311500694100009,6506.14697265625,7,SD
3064311500694100010,3946.652587890625,7,SD
3064311500694100011,11490.51953125,7,SD
3064311500694100012,7907.5380859375,7,SD
3064311500694100014,24754.302734375,7,SD
3064311500694100016,9083.8935546875,7,SD
3064311500694100017,21614.94921875,7,SD
3064311500694100018,13773.46875,7,SD
3064311500694100019,27677.423828125,7,SD
3064311500694100020,12916.41015625,7,SD
3064311500694100021,11921.6953125,7,SD
3064311500694100022,14477.8447265625,7,SD
3064311500694100023,5862.12255859375,7,SD
3064311500694100024,8977.5869140625,7,SD
3064311500694100025,7945.60693359375,7,SD
3064311500694100026,4482.33984375,7,SD
3064311500694100029,21674.6171875,7,SD
3064311500694100030,15773.025390625,7,SD
3064311500694100031,11434.9140625,7,SD
3064311500694100032,15716.81640625,7,SD
3064311500694100033,18540.181640625,7,SD
3064311500694100034,9026.578125,7,SD
3064311500694100036,11223.580078125,7,SD
3064311500694100037,19962.310546875,7,SD
3064311500694100038,16951.798828125,7,SD
3064311500694100039,32552.65234375,7,SD
3064311500694100040,11805.4814453125,7,SD
3064311500694100041,6385.80322265625,7,SD
3064311500694100042,10611.7412109375,7,SD
3064311500694100043,10787.4501953125,7,SD
3064311500694100044,12496.7958984375,7,SD
3064311500694100045,19441.740234375,7,SD
3064311500694100047,9695.212890625,7,SD
3064311500694100055,5562.8310546875,7,SD
3064311500694100067,2487.30029296875,7,SD
3064311500695100010,13932.9267578125,7,SD
3064311500695100012,5370.1875,7,SD
3064311500695100013,28180.490234375,7,SD
3064311500695100015,11635.7734375,7,SD
3064311500695100016,18395.93359375,7,SD
3064311500695100017,28155.158203125,7,SD
3064311500695100019,5623.9658203125,7,SD
3064311500695100020,26134.900390625,7,SD
3064311500695100021,19207.17578125,7,SD
3064311500695100022,24648.4609375,7,SD
3064311500695100023,27019.640625,7,SD
3064311500695100025,11358.49609375,7,SD
3064311500695100026,22788.37109375,7,SD
3064311500695100027,27306.92578125,7,SD
3064311500695100028,7263.72412109375,7,SD
3064311500695100031,8584.5341796875,7,SD
3064311500695100032,14360.8740234375,7,SD
3064311500695100033,37891.02734375,7,SD
3064311500695100035,22118.29296875,7,SD
3064311500695100036,30963.41015625,7,SD
3064311500695100037,38772.42578125,7,SD
3064311500695100038,25194.0234375,7,SD
3064311500695100039,15140.841796875,7,SD
3064311500695100040,22882.419921875,7,SD
3064311500695100044,38906.07421875,7,SD
3064311500695100049,12227.6630859375,7,SD
3064311500695100052,6653.7333984375,7,SD
3064311500695100056,7281.1328125,7,SD
3064311500698100002,12269.607421875,11,SD
3064311500698100003,7159.99853515625,11,SD
3064311500698100007,6649.64404296875,11,SD
3064311500698100008,7834.39306640625,11,SD
3064311500698100009,19917.0234375,11,SD
3064311500698100010,13586.1943359375,11,SD
3064311500698100011,3493.051513671875,11,SD
3064311500698100012,12467.033203125,11,SD
3064311500698100015,10139.7470703125,11,SD
3064311500698100016,7672.724609375,11,SD
3064311500698100019,4548.27294921875,11,SD
3064311500698100020,10028.0224609375,11,SD
3064311500698100021,12458.1728515625,11,SD
3064311500698100022,7243.38818359375,11,SD
3064311500698100025,2581.625,11,SD
3064311500698100026,4049.286376953125,11,SD
3064311500698100027,6395.71337890625,11,SD
3064311500698100028,5696.349609375,11,SD
3064311500698100029,4578.93896484375,11,SD
3064311500698100030,4233.5478515625,11,SD
3064311500698100031,5448.1650390625,11,SD
3064311500698100032,5971.453125,11,SD
3064311500698100033,6662.07763671875,11,SD
3064311500698100035,1762.781005859375,11,SD
3064311500698100036,11789.095703125,11,SD
3064311500698100039,7099.42626953125,11,SD
3064311500698100041,3006.9404296875,11,SD
3064311500698100043,11819.880859375,11,SD
3064311500698100044,12459.73046875,11,SD
3064311500698100048,3692.560546875,11,SD
3064311500698100049,6246.08642578125,11,SD
3064311500698100051,7779.21875,11,SD
3064311500698100053,8853.1103515625,11,SD
3064311500698100054,5482.3076171875,11,SD
3064311500699100001,12563.2490234375,11,SD
3064311500699100002,4339.74951171875,11,SD
3064311500699100003,11739.8427734375,11,SD
3064311500699100005,17903.94921875,11,SD
3064311500699100006,6366.1171875,11,SD
3064311500699100007,5243.74853515625,11,SD
3064311500699100009,7261.7021484375,11,SD
3064311500699100010,16015.798828125,11,SD
3064311500699100011,14009.4755859375,11,SD
3064311500699100012,9476.6884765625,11,SD
3064311500699100013,10740.9833984375,11,SD
3064311500699100014,8873.29296875,11,SD
3064311500699100015,1676.997314453125,11,SD
3064311500699100016,2145.82666015625,11,SD
3064311500699100017,8535.8369140625,11,SD
3064311500699100018,1237.105712890625,11,SD
3064311500699100019,6479.5029296875,11,SD
3064311500699100020,8034.6650390625,11,SD
3064311500699100021,15521.552734375,11,SD
3064311500699100022,4304.185546875,11,SD
3064311500699100023,7793.4697265625,11,SD
3064311500699100024,6409.60009765625,11,SD
3064311500699100026,32503.283203125,11,SD
3064311500699100027,11946.767578125,11,SD
3064311500699100030,10246.6640625,11,SD
3064311500699100032,3872.3359375,11,SD
3064311500699100033,7552.20849609375,11,SD
3064311500699100034,7007.0234375,11,SD
3064311500699100035,16933.5,11,SD
3064311500699100036,5103.07177734375,11,SD
3064311500699100037,12033.421875,11,SD
3064311500699100038,7955.740234375,11,SD
3064311500699100046,7164.0361328125,11,SD
3064311500700100166,14583.4296875,11,SD
3064311500702100002,6212.009765625,17,SD
3064311500702100003,9553.55078125,17,SD
3064311500702100005,9620.0556640625,17,SD
3064311500702100007,5037.42822265625,17,SD
3064311500702100008,5770.427734375,17,SD
3064311500702100009,11523.53515625,17,SD
3064311500702100014,8021.30810546875,17,SD
3064311500702100015,4300.92041015625,17,SD
3064311500702100017,4019.978515625,17,SD
3064311500702100018,4106.767578125,17,SD
3064311500702100019,6367.7587890625,17,SD
3064311500702100021,3156.64599609375,17,SD
3064311500702100022,6332.84326171875,17,SD
3064311500702100023,4082.733642578125,17,SD
3064311500702100024,5706.318359375,17,SD
3064311500702100025,7883.3505859375,17,SD
3064311500702100026,3490.65869140625,17,SD
3064311500702100028,3742.505859375,17,SD
3064311500702100029,3066.94140625,17,SD
3064311500702100030,5783.42529296875,17,SD
3064311500702100032,3187.7265625,17,SD
3064311500702100033,5795.11376953125,17,SD
3064311500702100034,5501.97509765625,17,SD
3064311500702100035,6359.30615234375,17,SD
3064311500702100036,7446.740234375,17,SD
3064311500702100037,5458.38916015625,17,SD
3064311500702100038,1475.6690673828125,17,SD
3064311500702100039,1172.6357421875,17,SD
3064311500702100041,3851.350830078125,17,SD
3064311500702100042,1795.8284912109375,17,SD
3064311500702100043,4581.7353515625,17,SD
3064311500702100044,5880.1484375,17,SD
3064311500702100045,1166.4146728515625,17,SD
3064311500702100046,5038.9443359375,17,SD
3064311500702100047,1806.1790771484375,17,SD
3064311500702100049,11883.9267578125,17,SD
3064311500702100051,8081.224609375,17,SD
3064311500702100052,5884.142578125,17,SD
3064311500702100053,2840.462890625,17,SD
3064311500702100055,6329.77734375,17,SD
3064311500702100056,5549.02783203125,17,SD
3064311500702100057,3535.758056640625,17,SD
3064311500702100059,9401.9365234375,17,SD
3064311500702100060,6395.71435546875,17,SD
3064311500702100061,6884.69580078125,17,SD
3064311500702100062,4435.46435546875,17,SD
3064311500702100064,7251.583984375,17,SD
3064311500702100065,7276.49169921875,17,SD
3064311500702100066,8986.125,17,SD
3064311500702100067,7919.1708984375,17,SD
3064311500702100068,8748.5966796875,17,SD
3064311500702100069,7673.43408203125,17,SD
3064311500702100070,4308.1435546875,17,SD
3064311500702100071,3075.873779296875,17,SD
3064311500702100073,2376.408447265625,17,SD
3064311500702100075,6042.609375,17,SD
3064311500702100076,6302.732421875,17,SD
3064311500702100077,2588.40869140625,17,SD
3064311500702100078,2602.1181640625,17,SD
3064311500702100079,2832.5234375,17,SD
3064311500702100080,4118.1259765625,17,SD
3064311500702100081,10761.068359375,17,SD
3064311500702100082,9060.4052734375,17,SD
3064311500702100084,2659.776123046875,17,SD
3064311500702100085,6591.51611328125,17,SD
3064311500702100087,13587.02734375,17,SD
3064311500702100088,8318.94140625,17,SD
3064311500702100089,2333.706298828125,17,SD
3064311500702100090,5450.95166015625,17,SD
3064311500702100091,1909.69384765625,17,SD
3064311500702100093,12267.53125,17,SD
3064311500702100094,788.8082885742188,17,SD
3064311500702100095,9321.9091796875,17,SD
3064311500702100096,8906.87109375,17,SD
3064311500702100097,4526.92578125,17,SD
3064311500702100098,3844.724609375,17,SD
3064311500702100099,9153.794921875,17,SD
3064311500702100100,5363.80078125,17,SD
3064311500702100103,3837.82861328125,17,SD
3064311500702100105,3035.50634765625,17,SD
3064311500702100107,7400.2509765625,17,SD
3064311500702100112,10909.021484375,17,SD
3064311500702100113,7275.76953125,17,SD
3064311500702100114,4110.66455078125,17,SD
3064311500703100001,9921.4814453125,17,SD
3064311500703100002,2744.5068359375,17,SD
3064311500703100003,6129.29638671875,17,SD
3064311500703100004,7292.79638671875,17,SD
3064311500703100005,6821.00927734375,17,SD
3064311500703100006,5393.29296875,17,SD
3064311500703100007,5206.595703125,17,SD
3064311500703100008,5684.70751953125,17,SD
3064311500703100009,4352.6826171875,17,SD
3064311500703100010,3168.719970703125,17,SD
3064311500703100011,6740.30224609375,17,SD
3064311500703100012,9043.5244140625,17,SD
3064311500703100013,2729.287353515625,17,SD
3064311500703100015,3087.783447265625,17,SD
3064311500703100016,3858.227783203125,17,SD
3064311500703100017,4544.42041015625,17,SD
3064311500703100018,5829.08544921875,17,SD
3064311500703100019,4966.431640625,17,SD
3064311500703100020,13490.1083984375,17,SD
3064311500703100021,4205.56884765625,17,SD
3064311500703100023,2419.971435546875,17,SD
3064311500703100024,3651.578369140625,17,SD
3064311500703100025,7711.78271484375,17,SD
3064311500703100026,2644.530517578125,17,SD
3064311500703100027,1937.4647216796875,17,SD
3064311500703100028,2827.205078125,17,SD
3064311500703100029,3036.065673828125,17,SD
3064311500703100030,4682.8369140625,17,SD
3064311500703100031,9165.0546875,17,SD
3064311500703100032,1194.301025390625,17,SD
3064311500703100034,3209.665283203125,17,SD
3064311500703100035,3557.662353515625,17,SD
3064311500703100036,5380.0224609375,17,SD
3064311500703100037,2502.474853515625,17,SD
3064311500703100038,3114.659912109375,17,SD
3064311500703100039,2480.164306640625,17,SD
3064311500703100040,4413.9130859375,17,SD
3064311500703100042,4248.91796875,17,SD
3064311500703100045,5219.63330078125,17,SD
3064311500703100046,3476.566650390625,17,SD
3064311500703100047,4058.34521484375,17,SD
3064311500703100048,3821.5888671875,17,SD
3064311500703100049,2438.496337890625,17,SD
3064311500703100050,7070.3359375,17,SD
3064311500703100051,1890.9342041015625,17,SD
3064311500703100052,1783.154052734375,17,SD
3064311500703100053,6969.1962890625,17,SD
3064311500703100054,3729.29833984375,17,SD
3064311500703100055,2370.415283203125,17,SD
3064311500703100056,4523.6318359375,17,SD
3064311500703100057,10544.6474609375,17,SD
3064311500703100058,3474.0947265625,17,SD
3064311500703100059,4146.01416015625,17,SD
3064311500703100060,2294.214111328125,17,SD
3064311500703100062,5143.740234375,17,SD
3064311500703100063,12278.265625,17,SD
3064311500703100064,3892.29443359375,17,SD
3064311500703100065,4455.3994140625,17,SD
3064311500703100066,2084.9091796875,17,SD
3064311500703100067,4697.14794921875,17,SD
3064311500703100070,1794.655517578125,17,SD
3064311500703100071,1612.3350830078125,17,SD
3064311500703100072,13961.5146484375,17,SD
3064311500703100074,9406.9384765625,17,SD
3064311500703100075,7931.2333984375,17,SD
3064311500703100076,5703.99267578125,17,SD
3064311500703100077,8924.53125,17,SD
3064311500703100078,1315.5526123046875,17,SD
3064311500703100079,6287.96826171875,17,SD
3064311500703100080,5817.39501953125,17,SD
3064311500703100082,4777.78125,17,SD
3064311500703100083,5384.07373046875,17,SD
3064311500703100086,7376.4150390625,17,SD
3064311500703100087,5826.189453125,17,SD
3064311500703100088,4843.07373046875,17,SD
3064311500703100091,2651.487060546875,17,SD
3064311500703100092,7797.681640625,17,SD
3064311500703100093,7426.08837890625,17,SD
3064311500703100095,7033.14697265625,17,SD
3064311500703100096,10793.2236328125,17,SD
3064311500703100098,4852.046875,17,SD
3064311500703100099,11474.7890625,17,SD
3064311500703100100,7854.23193359375,17,SD
3064311500703100101,1876.97705078125,17,SD
3064311500703100103,6330.4365234375,17,SD
3064311500703100104,6819.71728515625,17,SD
3064311500703100105,3716.485595703125,17,SD
3064311500703100106,4609.8447265625,17,SD
3064311500703100107,6823.9365234375,17,SD
3064311500703100109,8297.81640625,17,SD
3064311500703100113,8837.7958984375,17,SD
3064311500703100115,2965.556396484375,17,SD
3064311500703100116,6384.806640625,17,SD
3064311500703100117,9786.6533203125,17,SD
3064311500703100118,9419.939453125,17,SD
3064311500703100120,8765.68359375,17,SD
3064311500703100122,2579.0908203125,17,SD
3064311500703100124,5210.92724609375,17,SD
3064311500703100125,10137.3447265625,17,SD
3064311500703100126,5270.72216796875,17,SD
3064311500703100127,4992.6669921875,17,SD
3064311500703100128,4843.6416015625,17,SD
3064311500703100129,6692.30712890625,17,SD
3064311500703100130,2490.18896484375,17,SD
3064311500703100133,10485.23046875,17,SD
3064311500703100134,4515.77197265625,17,SD
3064311500703100136,5085.66259765625,17,SD
3064311500703100137,10289.041015625,17,SD
3064311500703100138,5952.34228515625,17,SD
3064311500703100140,5200.4072265625,17,SD
3064311500703100141,8560.1962890625,17,SD
3064311500703100142,18722.958984375,17,SD
3064311500703100143,3588.3203125,17,SD
3064311500703100144,8545.837890625,17,SD
3064311500703100146,5664.13037109375,17,SD
3064311500703100147,27220.236328125,17,SD
3064311500703100148,22471.603515625,17,SD
3064311500703100149,4938.033203125,17,SD
3064311500703100150,12758.4384765625,17,SD
3064311500703100151,5102.94091796875,17,SD
3064311500703100152,7513.94384765625,17,SD
3064311500703100154,7817.04931640625,17,SD
3064311500703100157,18261.470703125,17,SD
3064311500703100158,14798.1279296875,17,SD
3064311500703100159,17524.283203125,17,SD
3064311500703100161,5443.5390625,17,SD
3064311500703100162,7551.99658203125,17,SD
3064311500703100163,8898.3740234375,17,SD
3064311500703100165,4755.27294921875,17,SD
3064311500703100166,12181.548828125,17,SD
3064311500703100169,19741.62890625,17,SD
3064311500703100170,10998.546875,17,SD
3064311500703100173,5055.15478515625,17,SD
3064311500703100174,1781.2423095703125,17,SD
3064311500703100175,6722.86669921875,17,SD
3064311500703100177,25242.58203125,17,SD
3064311500703100180,5165.14013671875,17,SD
3064311500703100181,5548.681640625,17,SD
3064311500703100184,12183.02734375,17,SD
3064311500703100185,13140.501953125,17,SD
3064311500703100186,6445.64208984375,17,SD
3064311500704100002,5904.93701171875,17,SD
3064311500704100005,5548.14013671875,17,SD
3064311500704100006,5967.30517578125,17,SD
3064311500704100009,9324.1337890625,17,SD
3064311500704100010,7029.9287109375,17,SD
3064311500704100011,5967.6982421875,17,SD
3064311500704100014,10033.55859375,17,SD
3064311500704100015,2930.168212890625,17,SD
3064311500704100016,4319.25341796875,17,SD
3064311500704100018,6182.958984375,17,SD
3064311500704100019,2409.144287109375,17,SD
3064311500704100020,5166.1025390625,17,SD
3064311500704100021,3093.747802734375,17,SD
3064311500704100022,4120.4599609375,17,SD
3064311500704100023,2305.422607421875,17,SD
3064311500704100024,28449.03125,17,SD
3064311500704100025,6336.32177734375,17,SD
3064311500704100026,5560.0341796875,17,SD
3064311500704100028,2827.820068359375,17,SD
3064311500704100029,9251.3447265625,17,SD
3064311500704100031,3057.631103515625,17,SD
3064311500704100032,522.995849609375,17,SD
3064311500704100033,4742.4755859375,17,SD
3064311500704100034,15571.0107421875,17,SD
3064311500704100035,4715.0810546875,17,SD
3064311500704100037,13036.2216796875,17,SD
3064311500704100038,5220.650390625,17,SD
3064311500704100039,14534.498046875,17,SD
3064311500704100040,3387.03076171875,17,SD
3064311500704100041,7993.130859375,17,SD
3064311500704100042,2394.339111328125,17,SD
3064311500704100045,826.6228637695312,17,SD
3064311500704100046,5969.505859375,17,SD
3064311500704100047,5729.9140625,17,SD
3064311500704100048,8145.716796875,17,SD
3064311500704100049,5620.36767578125,17,SD
3064311500704100050,12711.5908203125,17,SD
3064311500704100051,2645.75537109375,17,SD
3064311500704100052,8991.8798828125,17,SD
3064311500704100053,5965.3623046875,17,SD
3064311500704100054,7798.39306640625,17,SD
3064311500704100059,5830.39501953125,17,SD
3064311500704100060,9337.4853515625,17,SD
3064311500704100062,8563.6396484375,17,SD
3064311500704100065,5324.42919921875,17,SD
3064311500704100067,4954.181640625,17,SD
3064311500706100011,12274.6640625,18,SD
3064311500706100013,6767.5341796875,18,SD
3064311500706100014,6444.4306640625,18,SD
3064311500706100015,7433.63818359375,18,SD
3064311500706100018,3745.313720703125,18,SD
3064311500706100020,10006.296875,18,SD
3064311500706100022,6473.923828125,18,SD
3064311500706100023,5525.89111328125,18,SD
3064311500706100024,4989.93798828125,18,SD
3064311500706100026,5403.05078125,18,SD
3064311500706100029,3404.178955078125,18,SD
3064311500706100030,7036.9462890625,18,SD
3064311500706100036,7364.8330078125,18,SD
3064311500706100037,11722.9326171875,18,SD
3064311500706100038,5882.388671875,18,SD
3064311500707100026,11843.9560546875,18,SD
3064311500707100027,15637.6884765625,18,SD
3064311500707100028,13293.4140625,18,SD
3064311500707100029,9749.0283203125,18,SD
3064311500707100030,1531.174072265625,18,SD
3064311500707100031,11485.72265625,18,SD
3064311500707100034,5260.36474609375,18,SD
3064311500707100035,5388.1875,18,SD
3064311500707100037,6807.69140625,18,SD
3064311500707100038,10765.419921875,18,SD
3064311500707100041,9380.4013671875,18,SD
3064311500707100042,645.8984375,18,SD
3064311500707100043,5853.5498046875,18,SD
3064311500707100044,5364.55810546875,18,SD
3064311500707100045,3861.384765625,18,SD
3064311500707100047,5203.5693359375,18,SD
3064311500707100048,9776.0302734375,18,SD
3064311500707100049,14364.0205078125,18,SD
3064311500707100052,10232.814453125,18,SD
3064311500707100053,5645.6376953125,18,SD
3064311500707100055,12458.1494140625,18,SD
3064311500707100057,18974.4375,18,SD
3064311500707100061,10430.173828125,18,SD
3064311500707100069,5373.8603515625,18,SD
3064311500707100075,1223.956298828125,18,SD
3064311500708100096,7973.1376953125,18,SD
3064311500708100104,4956.7314453125,18,SD
3064311500708100106,8510.8017578125,18,SD
3064311500708100110,5920.943359375,18,SD
3064311500708100118,595.8914184570312,18,SD
3064311500711100018,6326.06787109375,19,SD
3064311500711100020,5834.89453125,19,SD
3064311500711100021,8011.02490234375,19,SD
3064311500711100022,8966.8935546875,19,SD
3064311500711100023,5431.94677734375,19,SD
3064311500711100026,3103.333740234375,19,SD
3064311500711100027,9454.7275390625,19,SD
3064311500711100029,6498.47314453125,19,SD
3064311500711100030,6461.88916015625,19,SD
3064311500711100031,14782.3193359375,19,SD
3064311500711100032,9122.3681640625,19,SD
3064311500711100033,17356.7109375,19,SD
3064311500711100036,10523.5966796875,19,SD
3064311500711100037,10353.6279296875,19,SD
3064311500711100038,15794.7724609375,19,SD
3064311500711100039,10126.4541015625,19,SD
3064311500711100040,13072.6484375,19,SD
3064311500711100041,10982.3935546875,19,SD
3064311500711100043,5467.4052734375,19,SD
3064311500711100045,3990.7294921875,19,SD
3064311500711100047,4741.44580078125,19,SD
3064311500712100034,5675.76904296875,19,SD
3064311500712100035,1893.89453125,19,SD
3064311500712100037,1911.3240966796875,19,SD
3064311500712100043,9409.798828125,19,SD
3064311500716100005,13518.2958984375,7,SD
3064311500716100011,7294.43603515625,7,SD
3064311500716100014,8682.5390625,7,SD
3064311500716100018,10801.5439453125,7,SD
3064311500716100020,11856.5380859375,7,SD
3064311500716100024,13748.306640625,7,SD
3064311500716100026,14420.1279296875,7,SD
3064311500716100030,6519.8466796875,7,SD
3064311500716100031,12518.4990234375,7,SD
3064311500716100034,15755.6044921875,7,SD
3064311500716100035,6594.1611328125,7,SD
3064311500716100036,15847.767578125,7,SD
3064311500716100038,7837.38720703125,7,SD
3064311500716100039,3928.00439453125,7,SD
3064311500716100041,8053.630859375,7,SD
3064311500716100043,5392.77001953125,7,SD
3064311500717100010,21141.359375,7,SD
3064311500717100012,10744.388671875,7,SD
3064311500717100013,24244.33984375,7,SD
3064311500717100014,6340.48876953125,7,SD
3064311500717100015,17808.55078125,7,SD
3064311500717100016,19979.802734375,7,SD
3064311500717100017,13333.4453125,7,SD
3064311500717100020,4100.0263671875,7,SD
3064311500717100021,19321.169921875,7,SD
3064311500717100022,9655.939453125,7,SD
3064311500717100024,9783.796875,7,SD
3064311500717100025,6327.873046875,7,SD
3064311500717100027,3860.494384765625,7,SD
3064311500717100028,19539.708984375,7,SD
3064311500717100029,21446.408203125,7,SD
3064311500717100030,7423.1533203125,7,SD
3064311500717100031,9427.7001953125,7,SD
3064311500717100032,4963.685546875,7,SD
3064311500717100033,16260.4736328125,7,SD
3064311500717100035,4609.3701171875,7,SD
3064311500717100037,4662.85498046875,7,SD
3064311500717100038,11252.54296875,7,SD
3064311500717100039,15787.408203125,7,SD
3064311500717100040,24742.025390625,7,SD
3064311500717100041,4293.45751953125,7,SD
3064311500717100042,14411.3134765625,7,SD
3064311500717100043,3268.376220703125,7,SD
3064311500717100046,21079.693359375,7,SD
3064311500717100047,10388.0244140625,7,SD
3064311500717100048,14974.955078125,7,SD
3064311500717100049,8219.4287109375,7,SD
3064311500717100050,3495.8935546875,7,SD
3064311500717100051,7786.8076171875,7,SD
3064311500717100052,8894.6474609375,7,SD
3064311500717100054,8995.6484375,7,SD
3064311500717100055,7017.62158203125,7,SD
3064311500717100057,18525.95703125,7,SD
3064311500717100058,7741.11572265625,7,SD
3064311500717100059,5517.48876953125,7,SD
3064311500717100060,8153.37060546875,7,SD
3064311500717100061,24457.091796875,7,SD
3064311500717100062,31885.517578125,7,SD
3064311500717100063,1903.8941650390625,7,SD
3064311500717100064,8016.35693359375,7,SD
3064311500717100065,18975.869140625,7,SD
3064311500717100066,7519.009765625,7,SD
3064311500717100067,6076.23486328125,7,SD
3064311500717100070,5036.3837890625,7,SD
3064311500717100072,7051.76806640625,7,SD
3064311500717100073,6116.34521484375,7,SD
3064311500717100074,10089.8828125,7,SD
3064311500717100075,7813.03515625,7,SD
3064311500717100076,11944.828125,7,SD
3064311500717100077,7335.9345703125,7,SD
3064311500717100079,25544.36328125,7,SD
3064311500717100080,6963.38671875,7,SD
3064311500717100082,16346.9443359375,7,SD
3064311500717100084,16014.412109375,7,SD
3064311500717100085,5734.720703125,7,SD
3064311500717100086,4395.0478515625,7,SD
3064311500717100087,12726.201171875,7,SD
3064311500717100088,22168.26953125,7,SD
3064311500717100089,3430.989990234375,7,SD
3064311500717100091,17198.171875,7,SD
3064311500717100092,7856.96533203125,7,SD
3064311500717100093,5550.2763671875,7,SD
3064311500717100094,9749.0673828125,7,SD
3064311500717100095,8068.4697265625,7,SD
3064311500717100096,3294.0576171875,7,SD
3064311500717100098,4657.1435546875,7,SD
3064311500717100099,8354.130859375,7,SD
3064311500717100100,9528.197265625,7,SD
3064311500717100101,12153.4921875,7,SD
3064311500717100102,5211.72265625,7,SD
3064311500717100104,4001.20166015625,7,SD
3064311500717100105,6953.1572265625,7,SD
3064311500717100106,12056.86328125,7,SD
3064311500717100107,24577.328125,7,SD
3064311500717100108,6393.03955078125,7,SD
3064311500717100109,10017.365234375,7,SD
3064311500717100110,34557.6328125,7,SD
3064311500717100112,19547.875,7,SD
3064311500717100113,5298.28125,7,SD
3064311500717100116,4367.720703125,7,SD
3064311500717100118,12942.1806640625,7,SD
3064311500717100119,5193.6513671875,7,SD
3064311500717100120,6584.15478515625,7,SD
3064311500717100121,9255.701171875,7,SD
3064311500717100125,13055.896484375,7,SD
3064311500717100126,6576.5859375,7,SD
3064311500717100127,20248.291015625,7,SD
3064311500717100131,9452.064453125,7,SD
3064311500717100134,12349.9892578125,7,SD
3064311500717100135,12004.7578125,7,SD
3064311500717100136,16632.83203125,7,SD
3064311500717100137,13575.40625,7,SD
3064311500717100138,8677.5498046875,7,SD
3064311500717100139,4945.0732421875,7,SD
3064311500717100145,12012.2177734375,7,SD
3064311500717100147,10614.3916015625,7,SD
3064311500717100153,6452.78125,7,SD
3064311500718100003,21847.11328125,7,SD
3064311500718100009,27185.552734375,7,SD
3064311500718100010,27648.10546875,7,SD
3064311500718100011,26157.455078125,7,SD
3064311500718100015,24037.97265625,7,SD
3064311500718100017,8155.74755859375,7,SD
3064311500718100019,21478.671875,7,SD
3064311500718100020,27707.25390625,7,SD
3064311500718100021,6543.08642578125,7,SD
3064311500718100022,26769.62890625,7,SD
3064311500718100023,7387.0107421875,7,SD
3064311500718100024,20189.6015625,7,SD
3064311500718100029,17086.724609375,7,SD
3064311500718100034,6262.29736328125,7,SD
3064311500718100035,22865.673828125,7,SD
3064311500718100036,3936.663818359375,7,SD
3064311500718100037,12775.5615234375,7,SD
3064311500718100038,20280.64453125,7,SD
3064311500718100039,23923.5,7,SD
3064311500718100041,19363.390625,7,SD
3064311500718100042,14597.2158203125,7,SD
3064311500718100043,12186.390625,7,SD
3064311500718100044,10817.4921875,7,SD
3064311500718100046,18526.26171875,7,SD
3064311500718100047,5568.5283203125,7,SD
3064311500718100048,26331.142578125,7,SD
3064311500718100050,22747.89453125,7,SD
3064311500718100051,21094.255859375,7,SD
3064311500718100052,16472.81640625,7,SD
3064311500718100055,16380.0224609375,7,SD
3064311500718100056,18750.859375,7,SD
3064311500718100057,35553.77734375,7,SD
3064311500718100058,6537.24755859375,7,SD
3064311500718100059,12203.1201171875,7,SD
3064311500718100060,7785.162109375,7,SD
3064311500718100061,29052.8046875,7,SD
3064311500718100062,30345.947265625,7,SD
3064311500718100065,18712.431640625,7,SD
3064311500718100066,5552.45654296875,7,SD
3064311500718100067,21629.91015625,7,SD
3064311500718100068,22397.767578125,7,SD
3064311500718100069,21628.572265625,7,SD
3064311500718100070,16460.021484375,7,SD
3064311500718100074,29303.802734375,7,SD
3064311500718100075,11679.279296875,7,SD
3064311500718100077,22343.583984375,7,SD
3064311500718100078,23551.498046875,7,SD
3064311500718100080,24613.658203125,7,SD
3064311500718100081,14776.013671875,7,SD
3064311500718100082,15237.783203125,7,SD
3064311500718100083,14071.0283203125,7,SD
3064311500718100084,18214.533203125,7,SD
3064311500718100085,21825.93359375,7,SD
3064311500718100086,11118.3203125,7,SD
3064311500718100088,14201.2783203125,7,SD
3064311500718100090,31655.685546875,7,SD
3064311500718100103,5087.34765625,7,SD
3064311500719100006,55870.88671875,7,SD
3064311500719100008,10083.0498046875,7,SD
3064311500719100009,19087.486328125,7,SD
3064311500719100010,7941.876953125,7,SD
3064311500719100013,40020.98828125,7,SD
3064311500719100014,17075.947265625,7,SD
3064311500719100015,25731.087890625,7,SD
3064311500719100016,21030.5390625,7,SD
3064311500719100018,19404.33203125,7,SD
3064311500719100020,3756.2333984375,7,SD
3064311500719100021,19517.767578125,7,SD
3064311500719100022,28263.3671875,7,SD
3064311500719100026,11171.8642578125,7,SD
3064311500719100027,21383.443359375,7,SD
3064311500719100029,15330.79296875,7,SD
3064311500719100031,27874.947265625,7,SD
3064311500719100033,16560.90625,7,SD
3064311500720100008,3904.48291015625,11,SD
3064311500720100010,10271.2724609375,11,SD
3064311500720100014,6069.74755859375,11,SD
3064311500720100018,4019.609619140625,11,SD
3064311500720100019,5071.05517578125,11,SD
3064311500720100022,5727.439453125,11,SD
3064311500720100023,5231.0615234375,11,SD
3064311500720100026,3825.277099609375,11,SD
3064311500720100027,12704.419921875,11,SD
3064311500720100029,2757.053466796875,11,SD
3064311500720100033,6114.98388671875,11,SD
3064311500720100034,6138.59130859375,11,SD
3064311500720100035,11729.0703125,11,SD
3064311500720100039,2241.6376953125,11,SD
3064311500720100043,2763.086669921875,11,SD
3064311500720100044,4647.82080078125,11,SD
3064311500720100047,9191.9365234375,11,SD
3064311500720100048,2584.5830078125,11,SD
3064311500720100050,3544.26318359375,11,SD
3064311500720100051,2275.237060546875,11,SD
3064311500720100054,4729.9150390625,11,SD
3064311500720100055,8163.40380859375,11,SD
3064311500720100058,3654.11181640625,11,SD
3064311500720100059,11121.7509765625,11,SD
3064311500721100002,2969.419921875,11,SD
3064311500721100010,6350.423828125,11,SD
3064311500721100013,1396.2725830078125,11,SD
3064311500721100014,3475.2998046875,11,SD
3064311500721100015,7149.0947265625,11,SD
3064311500721100018,7099.73828125,11,SD
3064311500721100022,6330.84228515625,11,SD
3064311500721100028,7141.2109375,11,SD
3064311500721100030,4869.947265625,11,SD
3064311500721100031,13684.435546875,11,SD
3064311500721100032,6105.1025390625,11,SD
3064311500721100035,17469.48828125,11,SD
3064311500721100036,6666.73193359375,11,SD
3064311500721100037,21844.716796875,11,SD
3064311500721100038,8602.9853515625,11,SD
3064311500721100040,9768.6083984375,11,SD
3064311500721100041,3127.919677734375,11,SD
3064311500721100042,8270.5205078125,11,SD
3064311500721100043,4397.4140625,11,SD
3064311500721100044,9807.8232421875,11,SD
3064311500721100045,5019.3408203125,11,SD
3064311500721100046,4496.80322265625,11,SD
3064311500721100047,20602.4140625,11,SD
3064311500721100048,8124.24462890625,11,SD
3064311500721100049,11312.7060546875,11,SD
3064311500721100050,14315.0849609375,11,SD
3064311500721100052,9134.716796875,11,SD
3064311500721100053,7440.73046875,11,SD
3064311500721100054,9188.81640625,11,SD
3064311500721100057,6219.201171875,11,SD
3064311500721100058,5895.4248046875,11,SD
3064311500721100059,4160.84521484375,11,SD
3064311500721100060,2652.181884765625,11,SD
3064311500721100061,9722.275390625,11,SD
3064311500721100063,1930.3779296875,11,SD
3064311500721100064,5247.564453125,11,SD
3064311500721100066,7238.4833984375,11,SD
3064311500721100067,3407.11328125,11,SD
3064311500721100068,3528.918212890625,11,SD
3064311500721100069,6068.09375,11,SD
3064311500721100071,1758.5087890625,11,SD
3064311500721100072,4656.25390625,11,SD
3064311500721100073,3840.001708984375,11,SD
3064311500721100074,6462.4677734375,11,SD
3064311500721100075,2383.1279296875,11,SD
3064311500721100076,4195.08984375,11,SD
3064311500721100077,4489.20166015625,11,SD
3064311500721100079,16760.5390625,11,SD
3064311500721100081,5007.74560546875,11,SD
3064311500721100082,9693.935546875,11,SD
3064311500721100083,3795.5810546875,11,SD
3064311500721100084,4888.6953125,11,SD
3064311500721100085,9224.6767578125,11,SD
3064311500721100086,4201.0625,11,SD
3064311500721100087,3256.67529296875,11,SD
3064311500721100088,2308.814208984375,11,SD
3064311500721100090,10754.7451171875,11,SD
3064311500721100091,11601.3154296875,11,SD
3064311500721100092,5101.435546875,11,SD
3064311500721100093,7270.57763671875,11,SD
3064311500721100094,4243.7880859375,11,SD
3064311500721100095,6241.84912109375,11,SD
3064311500721100096,5734.37548828125,11,SD
3064311500721100097,5644.68359375,11,SD
3064311500721100099,4066.86474609375,11,SD
3064311500721100101,3722.400146484375,11,SD
3064311500721100102,5320.81591796875,11,SD
3064311500721100103,9064.96484375,11,SD
3064311500721100104,5859.7041015625,11,SD
3064311500721100105,5055.33447265625,11,SD
3064311500721100106,7822.61669921875,11,SD
3064311500721100107,7333.76953125,11,SD
3064311500721100108,16246.1982421875,11,SD
3064311500721100109,4556.02978515625,11,SD
3064311500721100110,5129.57568359375,11,SD
3064311500721100111,7607.8681640625,11,SD
3064311500721100112,5550.29931640625,11,SD
3064311500721100114,8310.4453125,11,SD
3064311500721100115,7800.13671875,11,SD
3064311500721100116,6965.71875,11,SD
3064311500721100118,19006.396484375,11,SD
3064311500721100119,5262.31201171875,11,SD
3064311500721100120,4932.26953125,11,SD
3064311500721100121,9929.3427734375,11,SD
3064311500721100122,4429.3125,11,SD
3064311500721100123,11402.4716796875,11,SD
3064311500721100125,6412.29833984375,11,SD
3064311500721100126,13293.462890625,11,SD
3064311500721100128,2977.412841796875,11,SD
3064311500721100129,4239.28173828125,11,SD
3064311500721100131,6827.71875,11,SD
3064311500721100132,11290.7529296875,11,SD
3064311500721100134,10000.6494140625,11,SD
3064311500721100135,2737.97705078125,11,SD
3064311500721100136,11825.8857421875,11,SD
3064311500721100137,8251.201171875,11,SD
3064311500721100139,15772.1953125,11,SD
3064311500721100140,3421.9541015625,11,SD
3064311500721100141,4434.1103515625,11,SD
3064311500721100142,6831.60205078125,11,SD
3064311500721100143,5987.87890625,11,SD
3064311500721100144,11755.7060546875,11,SD
3064311500721100146,12157.0849609375,11,SD
3064311500721100147,11421.609375,11,SD
3064311500721100148,3550.478759765625,11,SD
3064311500721100149,8058.12548828125,11,SD
3064311500721100152,3680.421630859375,11,SD
3064311500721100153,15048.36328125,11,SD
3064311500721100155,15648.6015625,11,SD
3064311500721100158,8654.599609375,11,SD
3064311500721100159,8821.7421875,11,SD
3064311500721100160,8171.02099609375,11,SD
3064311500721100161,22318.548828125,11,SD
3064311500721100163,9969.12890625,11,SD
3064311500721100164,4460.70166015625,11,SD
3064311500721100165,7389.12255859375,11,SD
3064311500721100166,2819.69189453125,11,SD
3064311500721100167,19289.0,11,SD
3064311500721100169,3411.03125,11,SD
3064311500721100170,7596.76708984375,11,SD
3064311500721100171,16017.4462890625,11,SD
3064311500721100173,3778.63427734375,11,SD
3064311500721100174,25299.416015625,11,SD
3064311500721100175,6672.83154296875,11,SD
3064311500721100176,4290.4599609375,11,SD
3064311500721100177,1418.3717041015625,11,SD
3064311500721100179,7462.75634765625,11,SD
3064311500721100180,14656.91796875,11,SD
3064311500721100181,10607.1142578125,11,SD
3064311500721100182,4122.40185546875,11,SD
3064311500721100183,8400.0517578125,11,SD
3064311500721100184,13132.244140625,11,SD
3064311500721100185,10414.869140625,11,SD
3064311500721100187,7746.3525390625,11,SD
3064311500721100188,15771.4208984375,11,SD
3064311500721100189,7141.92138671875,11,SD
3064311500721100195,20350.25390625,11,SD
3064311500721100201,12670.6904296875,11,SD
3064311500721100202,8221.8896484375,11,SD
3064311500721100204,12121.515625,11,SD
3064311500722100008,7742.357421875,11,SD
3064311500722100010,27846.955078125,11,SD
3064311500722100012,18165.630859375,11,SD
3064311500722100013,7276.23681640625,11,SD
3064311500722100016,8625.4541015625,11,SD
3064311500722100017,6183.78759765625,11,SD
3064311500722100018,14345.29296875,11,SD
3064311500722100022,31154.791015625,11,SD
3064311500722100023,16997.48046875,11,SD
3064311500722100024,22998.951171875,11,SD
3064311500722100025,18172.29296875,11,SD
3064311500722100026,12555.49609375,11,SD
3064311500722100027,9631.9296875,11,SD
3064311500722100028,6121.4375,11,SD
3064311500722100029,17897.564453125,11,SD
3064311500722100031,4969.13720703125,11,SD
3064311500722100034,14310.0947265625,11,SD
3064311500722100036,26600.544921875,11,SD
3064311500722100037,7012.30078125,11,SD
3064311500722100038,5292.28466796875,11,SD
3064311500722100039,12729.2421875,11,SD
3064311500722100040,13297.384765625,11,SD
3064311500722100041,8602.5458984375,11,SD
3064311500722100042,19551.951171875,11,SD
3064311500722100044,12131.4189453125,11,SD
3064311500722100045,34396.953125,11,SD
3064311500722100046,16111.9814453125,11,SD
3064311500722100047,6887.4345703125,11,SD
3064311500722100049,24593.486328125,11,SD
3064311500722100051,12120.5400390625,11,SD
3064311500722100052,11588.3828125,11,SD
3064311500722100054,12358.9052734375,11,SD
3064311500722100055,19197.943359375,11,SD
3064311500722100057,19195.52734375,11,SD
3064311500722100058,34621.76171875,11,SD
3064311500722100059,11930.978515625,11,SD
3064311500722100061,8556.201171875,11,SD
3064311500722100062,10436.5654296875,11,SD
3064311500722100063,7632.44140625,11,SD
3064311500722100064,3280.36083984375,11,SD
3064311500722100067,23831.314453125,11,SD
3064311500722100068,13010.810546875,11,SD
3064311500722100070,17206.140625,11,SD
3064311500722100071,2635.96337890625,11,SD
3064311500722100072,14613.810546875,11,SD
3064311500722100073,14925.9921875,11,SD
3064311500722100074,11885.1806640625,11,SD
3064311500722100077,6174.4521484375,11,SD
3064311500722100078,12103.7275390625,11,SD
3064311500722100080,14221.6416015625,11,SD
3064311500722100082,7108.509765625,11,SD
3064311500722100083,8660.3037109375,11,SD
3064311500722100084,22813.3828125,11,SD
3064311500722100085,3795.59619140625,11,SD
3064311500722100090,13294.234375,11,SD
3064311500722100094,13240.349609375,11,SD
3064311500722100098,12227.6298828125,11,SD
3064311500722100101,12981.142578125,11,SD
3064311500722100102,17236.353515625,11,SD
3064311500722100105,16062.3876953125,11,SD
3064311500722100106,6717.59716796875,11,SD
3064311500722100109,4680.18994140625,11,SD
3064311500722100114,3081.55126953125,11,SD
3064311500723100012,20130.640625,11,SD
3064311500723100015,7687.71240234375,11,SD
3064311500723100030,4382.58740234375,11,SD
3064311500723100039,28888.697265625,11,SD
3064311500723100050,27374.064453125,11,SD
3064311500723100054,6474.64404296875,11,SD
3064311500723100055,6337.24169921875,11,SD
3064311500723100056,7585.31396484375,11,SD
3064311500723100058,25969.92578125,11,SD
3064311500723100060,63821.50390625,11,SD
3064311500723100072,2964.05859375,11,SD
3064311500723100074,27347.87890625,11,SD
3064311500725100001,12813.861328125,17,SD
3064311500725100011,22284.4609375,17,SD
3064311500725100012,12385.26171875,17,SD
3064311500725100014,13948.5478515625,17,SD
3064311500725100017,7436.96240234375,17,SD
3064311500725100018,6195.0654296875,17,SD
3064311500725100019,10486.927734375,17,SD
3064311500725100020,6199.271484375,17,SD
3064311500725100021,24404.0859375,17,SD
3064311500725100022,24514.74609375,17,SD
3064311500725100023,13192.2021484375,17,SD
3064311500725100026,12687.599609375,17,SD
3064311500725100027,4558.6650390625,17,SD
3064311500725100028,6314.24365234375,17,SD
3064311500725100029,31788.078125,17,SD
3064311500725100030,21071.5546875,17,SD
3064311500725100031,26339.576171875,17,SD
3064311500725100032,14470.251953125,17,SD
3064311500725100034,8912.1220703125,17,SD
3064311500725100035,17354.646484375,17,SD
3064311500725100036,10540.09765625,17,SD
3064311500725100038,27363.138671875,17,SD
3064311500725100039,16111.7802734375,17,SD
3064311500725100040,20789.208984375,17,SD
3064311500725100041,9773.109375,17,SD
3064311500725100042,19151.884765625,17,SD
3064311500725100043,1612.154541015625,17,SD
3064311500725100044,12598.904296875,17,SD
3064311500725100045,13196.171875,17,SD
3064311500725100046,14213.97265625,17,SD
3064311500725100047,23105.912109375,17,SD
3064311500725100048,5151.99755859375,17,SD
3064311500725100050,9297.595703125,17,SD
3064311500725100051,11821.8779296875,17,SD
3064311500725100052,4080.49658203125,17,SD
3064311500725100053,23493.34375,17,SD
3064311500725100054,24245.828125,17,SD
3064311500725100055,25005.3984375,17,SD
3064311500725100056,8922.3193359375,17,SD
3064311500725100057,11006.134765625,17,SD
3064311500725100058,20389.208984375,17,SD
3064311500725100059,13403.0361328125,17,SD
3064311500725100060,18242.513671875,17,SD
3064311500725100061,10615.3857421875,17,SD
3064311500725100062,17376.501953125,17,SD
3064311500725100063,7179.75634765625,17,SD
3064311500725100064,4890.66357421875,17,SD
3064311500725100065,11876.853515625,17,SD
3064311500725100067,8483.1064453125,17,SD
3064311500725100068,15854.00390625,17,SD
3064311500725100069,10880.119140625,17,SD
3064311500725100071,22916.62109375,17,SD
3064311500725100072,11809.0546875,17,SD
3064311500725100073,2338.1611328125,17,SD
3064311500725100074,24466.4140625,17,SD
3064311500725100075,10467.8125,17,SD
3064311500725100076,15223.6787109375,17,SD
3064311500725100077,21852.787109375,17,SD
3064311500725100080,14860.75390625,17,SD
3064311500725100081,19975.69140625,17,SD
3064311500725100082,6689.20751953125,17,SD
3064311500725100083,12459.978515625,17,SD
3064311500725100085,4452.98779296875,17,SD
3064311500725100087,11142.962890625,17,SD
3064311500725100088,18027.619140625,17,SD
3064311500725100090,10892.328125,17,SD
3064311500725100091,10028.2978515625,17,SD
3064311500725100092,8766.759765625,17,SD
3064311500725100093,16644.701171875,17,SD
3064311500725100100,11863.1484375,17,SD
3064311500725100101,10318.2001953125,17,SD
3064311500725100107,5332.7255859375,17,SD
3064311500726100011,6831.5703125,17,SD
3064311500726100013,7369.2451171875,17,SD
3064311500726100017,42721.23828125,17,SD
3064311500726100018,6838.24853515625,17,SD
3064311500726100021,6617.5595703125,17,SD
3064311500726100023,25213.30078125,17,SD
3064311500726100024,5205.77783203125,17,SD
3064311500726100025,20534.2734375,17,SD
3064311500726100026,10003.4013671875,17,SD
3064311500726100027,10351.267578125,17,SD
3064311500726100032,12213.8564453125,17,SD
3064311500726100034,20336.181640625,17,SD
3064311500726100036,15812.7109375,17,SD
3064311500726100040,29248.05859375,17,SD
3064311500726100041,4847.98681640625,17,SD
3064311500726100042,22503.662109375,17,SD
3064311500726100043,18032.66015625,17,SD
3064311500726100044,11893.8349609375,17,SD
3064311500726100045,18282.52734375,17,SD
3064311500726100046,14556.283203125,17,SD
3064311500726100048,29006.822265625,17,SD
3064311500726100049,13794.595703125,17,SD
3064311500726100052,4388.0341796875,17,SD
3064311500726100053,19950.8671875,17,SD
3064311500726100054,5387.52197265625,17,SD
3064311500726100055,11208.552734375,17,SD
3064311500726100056,24691.583984375,17,SD
3064311500726100057,2852.765380859375,17,SD
3064311500726100058,10146.04296875,17,SD
3064311500726100059,21445.6484375,17,SD
3064311500726100063,6084.34228515625,17,SD
3064311500726100066,12476.60546875,17,SD
3064311500726100067,15517.404296875,17,SD
3064311500726100069,23391.138671875,17,SD
3064311500726100070,16405.08203125,17,SD
3064311500726100071,13784.4453125,17,SD
3064311500726100072,24355.02734375,17,SD
3064311500726100073,5927.33984375,17,SD
3064311500726100075,24142.466796875,17,SD
3064311500726100077,17728.7734375,17,SD
3064311500726100078,9702.685546875,17,SD
3064311500726100079,16797.7734375,17,SD
3064311500726100082,15000.63671875,17,SD
3064311500726100083,27258.298828125,17,SD
3064311500726100085,17977.61328125,17,SD
3064311500726100086,6021.03955078125,17,SD
3064311500726100087,10661.6796875,17,SD
3064311500726100088,16159.9013671875,17,SD
3064311500726100089,12628.130859375,17,SD
3064311500726100090,16534.376953125,17,SD
3064311500726100091,10664.5390625,17,SD
3064311500726100092,13040.1494140625,17,SD
3064311500726100093,9917.794921875,17,SD
3064311500726100096,12278.9658203125,17,SD
3064311500726100097,5964.759765625,17,SD
3064311500726100098,18193.396484375,17,SD
3064311500726100100,18348.171875,17,SD
3064311500726100103,14200.3095703125,17,SD
3064311500726100104,15707.57421875,17,SD
3064311500726100107,12700.1513671875,17,SD
3064311500726100110,10263.408203125,17,SD
3064311500726100111,8800.404296875,17,SD
3064311500726100114,13610.064453125,17,SD
3064311500726100116,8353.044921875,17,SD
3064311500726100117,16312.5546875,17,SD
3064311500726100118,1953.2401123046875,17,SD
3064311500726100119,7938.94482421875,17,SD
3064311500726100120,6407.017578125,17,SD
3064311500726100121,15963.9677734375,17,SD
3064311500726100125,7398.43408203125,17,SD
3064311500726100127,10258.8388671875,17,SD
3064311500726100129,9451.3115234375,17,SD
3064311500726100130,15559.1533203125,17,SD
3064311500726100137,7307.91015625,17,SD
3064311500727100010,8180.39501953125,17,SD
3064311500727100012,3622.220947265625,17,SD
3064311500727100018,6205.72607421875,17,SD
3064311500727100020,7187.6474609375,17,SD
3064311500727100023,6295.841796875,17,SD
3064311500727100024,2891.63330078125,17,SD
3064311500727100026,4821.02685546875,17,SD
3064311500727100027,10820.796875,17,SD
3064311500727100029,5031.640625,17,SD
3064311500727100030,12337.4912109375,17,SD
3064311500727100031,3375.144775390625,17,SD
3064311500727100032,7239.06982421875,17,SD
3064311500727100033,5008.34033203125,17,SD
3064311500727100034,13663.5458984375,17,SD
3064311500727100036,2122.086669921875,17,SD
3064311500727100037,6424.70263671875,17,SD
3064311500727100039,953.4287719726562,17,SD
3064311500727100040,6714.07861328125,17,SD
3064311500727100041,5131.88037109375,17,SD
3064311500727100042,5532.9111328125,17,SD
3064311500727100043,7844.630859375,17,SD
3064311500727100045,4796.85986328125,17,SD
3064311500727100046,6430.74560546875,17,SD
3064311500727100047,18233.35546875,17,SD
3064311500727100048,9995.796875,17,SD
3064311500727100049,7633.107421875,17,SD
3064311500727100051,9862.5029296875,17,SD
3064311500727100052,4008.66162109375,17,SD
3064311500727100053,5504.115234375,17,SD
3064311500727100054,5950.15576171875,17,SD
3064311500727100056,3536.301513671875,17,SD
3064311500727100057,4481.39794921875,17,SD
3064311500727100058,4731.560546875,17,SD
3064311500727100059,3922.521240234375,17,SD
3064311500727100060,2819.295166015625,17,SD
3064311500727100061,6943.19970703125,17,SD
3064311500727100062,12134.4140625,17,SD
3064311500727100064,7768.0966796875,17,SD
3064311500727100065,7201.20556640625,17,SD
3064311500727100067,8846.3876953125,17,SD
3064311500727100068,1812.422607421875,17,SD
3064311500727100069,11242.00390625,17,SD
3064311500727100070,4551.263671875,17,SD
3064311500727100071,6650.9716796875,17,SD
3064311500727100073,14145.0029296875,17,SD
3064311500727100074,10205.169921875,17,SD
3064311500727100075,5865.5859375,17,SD
3064311500727100076,13064.8173828125,17,SD
3064311500727100077,3998.345458984375,17,SD
3064311500727100078,3563.061767578125,17,SD
3064311500727100080,3987.555908203125,17,SD
3064311500727100081,9359.1416015625,17,SD
3064311500727100082,14167.7578125,17,SD
3064311500727100083,3735.13134765625,17,SD
3064311500727100084,10428.439453125,17,SD
3064311500727100085,8701.3388671875,17,SD
3064311500727100086,21981.51171875,17,SD
3064311500727100087,3388.092529296875,17,SD
3064311500727100088,11305.2001953125,17,SD
3064311500727100090,6268.18896484375,17,SD
3064311500727100091,4903.90869140625,17,SD
3064311500727100092,4476.95068359375,17,SD
3064311500727100093,5829.5458984375,17,SD
3064311500727100094,4400.6474609375,17,SD
3064311500727100095,6675.47607421875,17,SD
3064311500727100096,5515.4326171875,17,SD
3064311500727100097,5466.52978515625,17,SD
3064311500727100098,10475.615234375,17,SD
3064311500727100099,6641.3720703125,17,SD
3064311500727100100,13300.6591796875,17,SD
3064311500727100101,5459.3271484375,17,SD
3064311500727100102,4033.862548828125,17,SD
3064311500727100103,1750.75537109375,17,SD
3064311500727100104,4171.033203125,17,SD
3064311500727100105,14120.94921875,17,SD
3064311500727100107,4567.12158203125,17,SD
3064311500727100108,10822.330078125,17,SD
3064311500727100109,3823.7080078125,17,SD
3064311500727100110,18466.84375,17,SD
3064311500727100111,3912.7724609375,17,SD
3064311500727100112,4787.56884765625,17,SD
3064311500727100113,7899.02783203125,17,SD
3064311500727100114,4387.70166015625,17,SD
3064311500727100115,3648.16015625,17,SD
3064311500727100116,7523.22900390625,17,SD
3064311500727100117,4537.30419921875,17,SD
3064311500727100118,10592.5966796875,17,SD
3064311500727100120,5277.873046875,17,SD
3064311500727100121,20120.740234375,17,SD
3064311500727100122,2218.76025390625,17,SD
3064311500727100124,7591.248046875,17,SD
3064311500727100125,3935.779296875,17,SD
3064311500727100126,5526.6982421875,17,SD
3064311500727100130,6651.07421875,17,SD
3064311500727100131,2459.063720703125,17,SD
3064311500727100132,6903.70458984375,17,SD
3064311500727100133,5859.0244140625,17,SD
3064311500727100134,10256.1005859375,17,SD
3064311500727100135,4689.2001953125,17,SD
3064311500727100136,558.7448120117188,17,SD
3064311500729100007,5740.1796875,18,SD
3064311500729100009,7437.421875,18,SD
3064311500729100012,1221.38525390625,18,SD
3064311500729100016,4523.326171875,18,SD
3064311500729100020,5817.64306640625,18,SD
3064311500729100022,5309.68994140625,18,SD
3064311500729100026,2556.464111328125,18,SD
3064311500729100027,1181.7509765625,18,SD
3064311500729100028,4627.76611328125,18,SD
3064311500729100029,18876.052734375,18,SD
3064311500729100030,3635.78173828125,18,SD
3064311500729100031,1898.8433837890625,18,SD
3064311500729100033,1222.0809326171875,18,SD
3064311500729100034,4480.18994140625,18,SD
3064311500729100035,3814.082763671875,18,SD
3064311500729100036,5517.84130859375,18,SD
3064311500729100037,7560.59033203125,18,SD
3064311500729100040,6862.6220703125,18,SD
3064311500729100041,3934.302734375,18,SD
3064311500729100042,4398.369140625,18,SD
3064311500729100043,9258.583984375,18,SD
3064311500729100044,4091.710205078125,18,SD
3064311500729100045,13526.078125,18,SD
3064311500729100046,1227.4765625,18,SD
3064311500729100047,12794.638671875,18,SD
3064311500729100050,5640.59716796875,18,SD
3064311500729100051,4488.69580078125,18,SD
3064311500729100052,7722.3857421875,18,SD
3064311500729100053,3214.2724609375,18,SD
3064311500729100054,6037.76708984375,18,SD
3064311500729100055,2514.28369140625,18,SD
3064311500729100056,7645.27734375,18,SD
3064311500729100057,6053.8935546875,18,SD
3064311500729100058,13429.0966796875,18,SD
3064311500729100059,3607.75146484375,18,SD
3064311500729100060,8440.8740234375,18,SD
3064311500729100061,4387.75146484375,18,SD
3064311500729100062,3640.697021484375,18,SD
3064311500729100063,10772.478515625,18,SD
3064311500729100064,6355.46533203125,18,SD
3064311500729100065,1607.45654296875,18,SD
3064311500729100066,4658.21923828125,18,SD
3064311500729100067,14456.2880859375,18,SD
3064311500729100069,1466.430908203125,18,SD
3064311500729100070,5810.029296875,18,SD
3064311500729100071,7814.634765625,18,SD
3064311500729100072,5407.96728515625,18,SD
3064311500729100073,2819.013427734375,18,SD
3064311500729100074,6929.919921875,18,SD
3064311500729100075,9745.3974609375,18,SD
3064311500729100076,6635.1943359375,18,SD
3064311500729100078,1994.886962890625,18,SD
3064311500729100079,9478.859375,18,SD
3064311500729100080,2529.266357421875,18,SD
3064311500729100081,3108.136474609375,18,SD
3064311500729100082,7998.21044921875,18,SD
3064311500729100083,5170.68994140625,18,SD
3064311500729100084,5893.095703125,18,SD
3064311500729100085,12541.703125,18,SD
3064311500729100086,5040.4677734375,18,SD
3064311500729100087,4965.05908203125,18,SD
3064311500729100088,5973.58251953125,18,SD
3064311500729100089,6841.67822265625,18,SD
3064311500729100090,2930.9013671875,18,SD
3064311500729100091,3050.454833984375,18,SD
3064311500729100092,3834.262451171875,18,SD
3064311500729100093,9063.5732421875,18,SD
3064311500729100094,7351.1689453125,18,SD
3064311500729100096,6230.20556640625,18,SD
3064311500729100097,4878.03564453125,18,SD
3064311500729100098,3314.55029296875,18,SD
3064311500729100099,2754.987548828125,18,SD
3064311500729100100,3984.6787109375,18,SD
3064311500729100101,4115.00048828125,18,SD
3064311500729100102,22183.84375,18,SD
3064311500729100103,7385.52001953125,18,SD
3064311500729100105,4993.0166015625,18,SD
3064311500729100106,9916.3935546875,18,SD
3064311500729100107,3610.429931640625,18,SD
3064311500729100108,2596.97802734375,18,SD
3064311500729100109,7916.57861328125,18,SD
3064311500729100110,2692.721435546875,18,SD
3064311500729100111,2913.078369140625,18,SD
3064311500729100112,3860.90380859375,18,SD
3064311500729100113,9197.861328125,18,SD
3064311500729100115,5639.3369140625,18,SD
3064311500729100116,5879.25830078125,18,SD
3064311500729100117,8548.70703125,18,SD
3064311500729100118,13342.501953125,18,SD
3064311500729100119,3859.713134765625,18,SD
3064311500729100120,8650.072265625,18,SD
3064311500729100121,5691.134765625,18,SD
3064311500729100122,13872.6865234375,18,SD
3064311500729100123,6756.1181640625,18,SD
3064311500729100124,9135.2060546875,18,SD
3064311500729100128,7443.80810546875,18,SD
3064311500729100129,7111.17919921875,18,SD
3064311500729100131,8521.712890625,18,SD
3064311500729100132,8743.80078125,18,SD
3064311500729100133,10990.603515625,18,SD
3064311500729100134,8164.7431640625,18,SD
3064311500729100136,8042.8291015625,18,SD
3064311500729100139,5648.50830078125,18,SD
3064311500729100140,4170.8544921875,18,SD
3064311500729100143,3075.480712890625,18,SD
3064311500729100144,8537.1181640625,18,SD
3064311500729100146,9233.1240234375,18,SD
3064311500729100147,4989.70361328125,18,SD
3064311500729100148,9373.3818359375,18,SD
3064311500729100151,5257.029296875,18,SD
3064311500729100152,5684.126953125,18,SD
3064311500729100154,8084.220703125,18,SD
3064311500729100159,3985.51025390625,18,SD
3064311500729100163,5012.55419921875,18,SD
3064311500729100167,2933.41552734375,18,SD
3064311500729100168,397.8830261230469,18,SD
3064311500730100008,17805.267578125,18,SD
3064311500730100010,1258.771484375,18,SD
3064311500730100016,10203.525390625,18,SD
3064311500730100017,3323.662109375,18,SD
3064311500730100018,5083.18505859375,18,SD
3064311500730100022,13239.5380859375,18,SD
3064311500730100023,11851.353515625,18,SD
3064311500730100028,5745.2548828125,18,SD
3064311500730100033,12349.470703125,18,SD
3064311500730100035,2317.60498046875,18,SD
3064311500730100040,11382.083984375,18,SD
3064311500730100043,9839.599609375,18,SD
3064311500730100044,9667.0634765625,18,SD
3064311500730100045,12642.8876953125,18,SD
3064311500730100046,1695.381591796875,18,SD
3064311500730100047,4193.71435546875,18,SD
3064311500730100048,18334.654296875,18,SD
3064311500730100052,16663.9609375,18,SD
3064311500730100054,2511.06201171875,18,SD
3064311500730100055,16806.39453125,18,SD
3064311500730100058,8069.70947265625,18,SD
3064311500730100059,18098.849609375,18,SD
3064311500730100060,8572.7724609375,18,SD
3064311500730100061,4940.87060546875,18,SD
3064311500730100063,9716.4052734375,18,SD
3064311500730100066,3830.38916015625,18,SD
3064311500730100067,23594.490234375,18,SD
3064311500730100070,2502.0009765625,18,SD
3064311500730100071,5155.85986328125,18,SD
3064311500730100072,7909.84423828125,18,SD
3064311500730100073,1206.516845703125,18,SD
3064311500730100077,9636.4326171875,18,SD
3064311500730100079,1954.774169921875,18,SD
3064311500730100081,1096.6640625,18,SD
3064311500730100087,23966.837890625,18,SD
3064311500730100088,29900.63671875,18,SD
3064311500730100089,15761.71484375,18,SD
3064311500730100091,23566.775390625,18,SD
3064311500730100093,7302.640625,18,SD
3064311500730100097,18618.310546875,18,SD
3064311500730100098,16104.53515625,18,SD
3064311500730100099,16576.759765625,18,SD
3064311500730100100,14641.1982421875,18,SD
3064311500730100101,9004.236328125,18,SD
3064311500730100102,7032.04150390625,18,SD
3064311500730100104,8431.0126953125,18,SD
3064311500730100105,11195.4912109375,18,SD
3064311500730100106,21655.271484375,18,SD
3064311500730100107,7011.55908203125,18,SD
3064311500730100108,12905.982421875,18,SD
3064311500730100109,11805.0205078125,18,SD
3064311500730100110,21376.51953125,18,SD
3064311500730100114,2847.318603515625,18,SD
3064311500730100117,9536.2275390625,18,SD
3064311500730100118,10820.8974609375,18,SD
3064311500730100119,4613.56640625,18,SD
3064311500730100120,11574.044921875,18,SD
3064311500730100121,19929.88671875,18,SD
3064311500730100123,2292.942626953125,18,SD
3064311500730100124,7509.5302734375,18,SD
3064311500730100129,7176.43701171875,18,SD
3064311500730100130,8217.697265625,18,SD
3064311500730100131,5382.12109375,18,SD
3064311500730100132,11046.4609375,18,SD
3064311500730100133,6832.23291015625,18,SD
3064311500730100136,2624.697998046875,18,SD
3064311500730100141,2782.8154296875,18,SD
3064311500730100146,2206.620849609375,18,SD
3064311500731100006,9038.818359375,18,SD
3064311500731100009,6074.95654296875,18,SD
3064311500731100015,11819.6396484375,18,SD
3064311500731100023,8572.978515625,18,SD
3064311500731100024,12629.0888671875,18,SD
3064311500731100027,2910.7236328125,18,SD
3064311500731100028,8097.154296875,18,SD
3064311500731100030,8970.8486328125,18,SD
3064311500731100031,1576.7340087890625,18,SD
3064311500731100035,5277.7578125,18,SD
3064311500731100037,3972.485107421875,18,SD
3064311500731100040,5828.046875,18,SD
3064311500731100042,4697.50830078125,18,SD
3064311500731100043,10086.8134765625,18,SD
3064311500731100044,3149.479248046875,18,SD
3064311500731100046,13263.3037109375,18,SD
3064311500731100049,1067.460205078125,18,SD
3064311500731100052,1226.170166015625,18,SD
3064311500731100053,1776.663330078125,18,SD
3064311500731100054,11324.095703125,18,SD
3064311500731100056,362.8934326171875,18,SD
3064311500731100057,3319.192626953125,18,SD
3064311500731100058,7246.42236328125,18,SD
3064311500731100059,17208.61328125,18,SD
3064311500731100060,11323.8984375,18,SD
3064311500731100061,2342.333251953125,18,SD
3064311500731100063,1693.23046875,18,SD
3064311500731100065,7273.16748046875,18,SD
3064311500731100066,3512.127685546875,18,SD
3064311500731100071,9538.177734375,18,SD
3064311500731100072,1385.6785888671875,18,SD
3064311500731100073,22902.96484375,18,SD
3064311500731100074,19785.228515625,18,SD
3064311500731100077,19696.380859375,18,SD
3064311500731100082,10637.3466796875,18,SD
3064311500731100083,19099.7265625,18,SD
3064311500731100090,6244.72509765625,18,SD
3064311500731100091,6060.43896484375,18,SD
3064311500731100093,6052.69287109375,18,SD
3064311500731100096,8252.8935546875,18,SD
3064311500733100016,5331.46044921875,19,SD
3064311500733100017,11343.5302734375,19,SD
3064311500733100019,6117.25048828125,19,SD
3064311500733100024,5431.79931640625,19,SD
3064311500733100025,5083.43994140625,19,SD
3064311500733100026,5161.72705078125,19,SD
3064311500733100027,8905.0830078125,19,SD
3064311500733100028,12115.8984375,19,SD
3064311500733100029,11416.8642578125,19,SD
3064311500733100031,4706.1826171875,19,SD
3064311500733100033,2982.16064453125,19,SD
3064311500733100034,4603.21630859375,19,SD
3064311500733100035,4578.82568359375,19,SD
3064311500733100036,3757.216552734375,19,SD
3064311500733100037,6170.40673828125,19,SD
3064311500733100038,4226.6044921875,19,SD
3064311500733100040,18831.150390625,19,SD
3064311500733100041,12637.095703125,19,SD
3064311500733100042,9199.11328125,19,SD
3064311500733100043,14095.2138671875,19,SD
3064311500733100044,16655.720703125,19,SD
3064311500733100045,5551.90576171875,19,SD
3064311500733100046,7502.2734375,19,SD
3064311500733100047,19321.1328125,19,SD
3064311500733100048,13737.71875,19,SD
3064311500733100051,42206.9765625,19,SD
3064311500733100053,3246.622314453125,19,SD
3064311500733100054,25405.517578125,19,SD
3064311500733100056,7707.8720703125,19,SD
3064311500733100057,4433.0634765625,19,SD
3064311500733100058,6579.26123046875,19,SD
3064311500733100059,2092.06982421875,19,SD
3064311500733100060,1939.4931640625,19,SD
3064311500733100061,6727.7255859375,19,SD
3064311500733100062,3457.802978515625,19,SD
3064311500733100067,2698.262939453125,19,SD
3064311500733100069,20252.04296875,19,SD
3064311500733100070,2568.6845703125,19,SD
3064311500733100071,6270.8857421875,19,SD
3064311500733100073,7949.86962890625,19,SD
3064311500733100076,5931.0693359375,19,SD
3064311500733100082,4645.24853515625,19,SD
3064311500733100083,6003.5302734375,19,SD
3064311500733100085,7989.484375,19,SD
3064311500733100086,9611.2353515625,19,SD
3064311500733100087,3496.4384765625,19,SD
3064311500734100019,4809.12158203125,19,SD
3064311500734100020,6428.3310546875,19,SD
3064311500734100023,2195.9501953125,19,SD
3064311500734100024,17753.755859375,19,SD
3064311500734100026,21090.619140625,19,SD
3064311500734100028,7240.5673828125,19,SD
3064311500734100029,9341.4716796875,19,SD
3064311500734100032,4489.73828125,19,SD
3064311500734100033,4254.7294921875,19,SD
3064311500734100034,4525.4140625,19,SD
3064311500734100035,13707.1533203125,19,SD
3064311500734100036,10232.05078125,19,SD
3064311500734100038,9990.595703125,19,SD
3064311500734100039,7854.16796875,19,SD
3064311500734100040,9231.3447265625,19,SD
3064311500734100041,12553.291015625,19,SD
3064311500734100042,3767.548095703125,19,SD
3064311500734100044,10595.734375,19,SD
3064311500734100045,2550.1767578125,19,SD
3064311500734100046,4951.28564453125,19,SD
3064311500734100048,14688.8505859375,19,SD
3064311500734100050,5192.87353515625,19,SD
3064311500734100053,11690.685546875,19,SD
3064311500734100054,2742.8779296875,19,SD
3064311500734100055,9402.1689453125,19,SD
3064311500734100059,22306.015625,19,SD
3064311500734100064,3361.76611328125,19,SD
3064311500734100066,1648.69873046875,19,SD
3064311500734100070,16972.837890625,19,SD
3064311500734100078,22107.28515625,19,SD
3064311500734100094,7532.20361328125,19,SD
3064311500734100095,15366.5908203125,19,SD
3064311500734100106,17763.9765625,19,SD
3064311500734100113,21503.4453125,19,SD
3064311500734100117,11430.4365234375,19,SD
3064311500734100133,4649.5771484375,19,SD
3064311500734100150,5577.57080078125,19,SD
3064311500735100003,12222.26953125,19,SD
3064311500735100013,3739.38916015625,19,SD
3064311500735100016,1166.615478515625,19,SD
3064311500735100018,5540.31689453125,19,SD
3064311500735100020,9518.1875,19,SD
3064311500735100024,7234.2138671875,19,SD
3064311500735100026,8112.9306640625,19,SD
3064311500735100028,4344.138671875,19,SD
3064311500735100032,4806.9892578125,19,SD
3064311500735100035,11589.322265625,19,SD
3064311500735100036,8804.73046875,19,SD
3064311500735100037,4328.537109375,19,SD
3064311500735100039,6033.337890625,19,SD
3064311500735100040,12463.3984375,19,SD
3064311500735100051,5198.66064453125,19,SD
3064311500735100054,6903.43994140625,19,SD
3064311500735100057,6336.9375,19,SD
3064311500735100059,3942.474365234375,19,SD
3064311500735100060,81208.90625,19,SD
3064311500735100062,15591.7490234375,19,SD
3064311500735100063,3257.027099609375,19,SD
3064311500735100064,5795.3896484375,19,SD
3064311500735100065,19873.037109375,19,SD
3064311500735100066,4444.28271484375,19,SD
3064311500735100073,37842.0,19,SD
3064311500735100074,12697.0908203125,19,SD
3064311500735100076,11813.28125,19,SD
3064311500735100084,5089.7470703125,19,SD
3064311500735100086,4447.48876953125,19,SD
3064311500735100088,17106.80078125,19,SD
3064311500735100092,3031.260498046875,19,SD
3064311500735100093,4858.4453125,19,SD
3064311500735100095,7407.203125,19,SD
3064311500735100098,13012.0498046875,19,SD
3064311500735100105,12025.1162109375,19,SD
3064311500735100109,9412.8095703125,19,SD
3064311500735100110,13519.583984375,19,SD
3064311500735100118,4728.43603515625,19,SD
3064311500735100121,19509.1640625,19,SD
3064311500735100123,11426.068359375,19,SD
3064311500735100128,8341.9892578125,19,SD
3064311500735100129,5737.79345703125,19,SD
3064311500735100135,5969.16162109375,19,SD
3064311500735100137,4567.177734375,19,SD
3064311500735100141,5735.28759765625,19,SD
3064311500735100147,4913.09716796875,19,SD
3064311500739100008,16581.685546875,7,SD
3064311500739100016,9747.849609375,7,SD
3064311500739100020,6325.3935546875,7,SD
3064311500739100027,15157.8134765625,7,SD
3064311500739100034,10373.1220703125,7,SD
3064311500739100054,11189.703125,7,SD
3064311500739100057,12207.2685546875,7,SD
3064311500739100067,7792.03466796875,7,SD
3064311500739100075,4321.5869140625,7,SD
3064311500739100078,8877.5703125,7,SD
3064311500739100080,11647.84765625,7,SD
3064311500739100093,8108.93701171875,7,SD
3064311500739100096,6698.27197265625,7,SD
3064311500739100105,11062.1416015625,7,SD
3064311500739100106,6603.47607421875,7,SD
3064311500739100123,13063.634765625,7,SD
3064311500740100012,15787.8310546875,7,SD
3064311500740100018,9675.509765625,7,SD
3064311500740100019,17771.546875,7,SD
3064311500740100024,4429.32861328125,7,SD
3064311500740100025,17046.40625,7,SD
3064311500740100026,9120.19140625,7,SD
3064311500740100027,2860.518798828125,7,SD
3064311500740100029,5907.17333984375,7,SD
3064311500740100030,7716.25537109375,7,SD
3064311500740100031,5906.2607421875,7,SD
3064311500740100034,5787.41650390625,7,SD
3064311500740100035,26023.09375,7,SD
3064311500740100036,9380.6611328125,7,SD
3064311500740100037,15766.8046875,7,SD
3064311500740100038,11739.328125,7,SD
3064311500740100040,9961.67578125,7,SD
3064311500740100042,8922.126953125,7,SD
3064311500740100043,2098.1376953125,7,SD
3064311500740100044,8232.681640625,7,SD
3064311500740100045,8951.5478515625,7,SD
3064311500740100047,11329.5205078125,7,SD
3064311500740100048,9591.8466796875,7,SD
3064311500740100049,12642.794921875,7,SD
3064311500740100050,9833.169921875,7,SD
3064311500740100051,5660.96630859375,7,SD
3064311500740100052,6246.14404296875,7,SD
3064311500740100053,5473.85546875,7,SD
3064311500740100054,9805.6611328125,7,SD
3064311500740100055,24637.033203125,7,SD
3064311500740100058,17483.77734375,7,SD
3064311500740100059,10262.0078125,7,SD
3064311500740100061,4344.802734375,7,SD
3064311500740100062,8111.314453125,7,SD
3064311500740100063,4150.83056640625,7,SD
3064311500740100064,7917.998046875,7,SD
3064311500740100066,17740.43359375,7,SD
3064311500740100067,3453.583251953125,7,SD
3064311500740100068,19752.744140625,7,SD
3064311500740100069,12525.474609375,7,SD
3064311500740100072,7442.6484375,7,SD
3064311500740100073,3815.625732421875,7,SD
3064311500740100074,17611.326171875,7,SD
3064311500740100077,5187.88525390625,7,SD
3064311500740100078,3305.94189453125,7,SD
3064311500740100079,9847.2880859375,7,SD
3064311500740100080,8339.044921875,7,SD
3064311500740100081,6134.52490234375,7,SD
3064311500740100082,19158.42578125,7,SD
3064311500740100083,5852.30517578125,7,SD
3064311500740100084,21915.158203125,7,SD
3064311500740100085,7427.919921875,7,SD
3064311500740100087,4029.55712890625,7,SD
3064311500740100088,5908.5166015625,7,SD
3064311500740100089,23676.30859375,7,SD
3064311500740100092,8268.5576171875,7,SD
3064311500740100093,4705.3681640625,7,SD
3064311500740100094,6371.07275390625,7,SD
3064311500740100095,6586.849609375,7,SD
3064311500740100096,9786.5771484375,7,SD
3064311500740100097,6638.5205078125,7,SD
3064311500740100098,15611.8818359375,7,SD
3064311500740100101,9178.7890625,7,SD
3064311500740100102,17385.197265625,7,SD
3064311500740100103,11903.646484375,7,SD
3064311500740100104,7483.779296875,7,SD
3064311500740100105,5104.64697265625,7,SD
3064311500740100106,7481.5986328125,7,SD
3064311500740100108,4724.923828125,7,SD
3064311500740100110,6588.095703125,7,SD
3064311500740100112,14803.2119140625,7,SD
3064311500740100114,8422.4423828125,7,SD
3064311500740100115,17143.580078125,7,SD
3064311500740100116,2633.257568359375,7,SD
3064311500740100117,7639.09326171875,7,SD
3064311500740100118,9875.7470703125,7,SD
3064311500740100119,5651.5419921875,7,SD
3064311500740100120,10987.751953125,7,SD
3064311500740100121,2998.9755859375,7,SD
3064311500740100122,21201.052734375,7,SD
3064311500740100123,10619.5029296875,7,SD
3064311500740100126,3433.487548828125,7,SD
3064311500740100128,13182.4638671875,7,SD
3064311500740100129,10225.828125,7,SD
3064311500740100130,17665.654296875,7,SD
3064311500740100132,16150.50390625,7,SD
3064311500740100133,5289.26806640625,7,SD
3064311500740100134,6195.49755859375,7,SD
3064311500740100135,8675.5986328125,7,SD
3064311500740100137,3235.10302734375,7,SD
3064311500740100138,15664.01953125,7,SD
3064311500740100139,33910.90234375,7,SD
3064311500740100140,9295.953125,7,SD
3064311500740100141,19375.26953125,7,SD
3064311500740100142,12699.2255859375,7,SD
3064311500740100143,7359.8115234375,7,SD
3064311500740100144,12704.7822265625,7,SD
3064311500740100145,12534.7373046875,7,SD
3064311500740100147,3428.106201171875,7,SD
3064311500740100149,12221.46484375,7,SD
3064311500740100151,14447.6650390625,7,SD
3064311500740100152,9307.8642578125,7,SD
3064311500740100155,7957.19140625,7,SD
3064311500740100157,7067.53955078125,7,SD
3064311500740100161,7793.21630859375,7,SD
3064311500741100009,27745.234375,7,SD
3064311500741100011,5564.3037109375,7,SD
3064311500741100012,3560.696533203125,7,SD
3064311500741100015,12491.0419921875,7,SD
3064311500741100018,4016.114013671875,7,SD
3064311500741100019,15598.9443359375,7,SD
3064311500741100020,25591.169921875,7,SD
3064311500741100022,18862.55078125,7,SD
3064311500741100023,11085.3818359375,7,SD
3064311500741100024,26334.94140625,7,SD
3064311500741100026,19288.15625,7,SD
3064311500741100028,19579.578125,7,SD
3064311500741100030,30220.498046875,7,SD
3064311500741100032,2577.15185546875,7,SD
3064311500741100033,3256.027587890625,7,SD
3064311500741100034,20684.37109375,7,SD
3064311500741100036,11709.0302734375,7,SD
3064311500741100038,27055.5703125,7,SD
3064311500741100040,25091.744140625,7,SD
3064311500741100041,26481.51171875,7,SD
3064311500741100042,28714.591796875,7,SD
3064311500741100043,5633.1455078125,7,SD
3064311500741100044,22945.390625,7,SD
3064311500741100045,4736.73828125,7,SD
3064311500741100046,16438.982421875,7,SD
3064311500741100049,23271.189453125,7,SD
3064311500741100050,10834.69140625,7,SD
3064311500741100051,6544.80322265625,7,SD
3064311500741100052,14610.1923828125,7,SD
3064311500741100054,16896.330078125,7,SD
3064311500741100055,22582.8828125,7,SD
3064311500741100056,6319.85205078125,7,SD
3064311500741100057,24457.599609375,7,SD
3064311500741100061,6734.63427734375,7,SD
3064311500741100062,18385.6875,7,SD
3064311500741100063,14968.4580078125,7,SD
3064311500741100064,16474.349609375,7,SD
3064311500741100065,35963.15234375,7,SD
3064311500741100067,13488.8642578125,7,SD
3064311500741100068,13641.1748046875,7,SD
3064311500741100069,10945.076171875,7,SD
3064311500741100070,19919.28125,7,SD
3064311500741100071,9961.505859375,7,SD
3064311500741100073,22096.39453125,7,SD
3064311500741100075,9403.55859375,7,SD
3064311500741100076,19274.435546875,7,SD
3064311500741100077,17113.212890625,7,SD
3064311500741100078,16640.900390625,7,SD
3064311500741100079,41101.59765625,7,SD
3064311500741100080,4073.51611328125,7,SD
3064311500741100081,7296.302734375,7,SD
3064311500741100084,10991.505859375,7,SD
3064311500741100085,14910.8779296875,7,SD
3064311500741100087,13295.5322265625,7,SD
3064311500741100089,2796.14404296875,7,SD
3064311500741100090,11233.5390625,7,SD
3064311500741100091,34158.28515625,7,SD
3064311500741100092,17879.248046875,7,SD
3064311500741100093,3487.57470703125,7,SD
3064311500741100094,7772.85986328125,7,SD
3064311500741100095,11997.884765625,7,SD
3064311500741100096,8445.318359375,7,SD
3064311500741100097,17830.056640625,7,SD
3064311500741100098,16071.54296875,7,SD
3064311500741100101,14258.8515625,7,SD
3064311500741100102,12667.244140625,7,SD
3064311500741100103,7159.35791015625,7,SD
3064311500741100104,8224.6767578125,7,SD
3064311500741100105,17541.4453125,7,SD
3064311500741100106,10657.916015625,7,SD
3064311500741100108,14386.4052734375,7,SD
3064311500741100109,7502.001953125,7,SD
3064311500741100110,5431.00732421875,7,SD
3064311500741100111,14460.3251953125,7,SD
3064311500741100115,18411.337890625,7,SD
3064311500741100118,10171.8876953125,7,SD
3064311500741100119,8339.0771484375,7,SD
3064311500741100120,10710.25,7,SD
3064311500741100121,19228.033203125,7,SD
3064311500741100122,12141.5908203125,7,SD
3064311500741100124,4538.3203125,7,SD
3064311500742100006,7565.1025390625,7,SD
3064311500742100010,18212.048828125,7,SD
3064311500742100011,37170.45703125,7,SD
3064311500742100012,6174.53759765625,7,SD
3064311500742100013,27061.2265625,7,SD
3064311500742100015,14145.529296875,7,SD
3064311500742100016,28069.044921875,7,SD
3064311500742100018,14114.005859375,7,SD
3064311500742100019,3976.123779296875,7,SD
3064311500742100020,14446.517578125,7,SD
3064311500742100021,10082.2685546875,7,SD
3064311500742100022,19798.216796875,7,SD
3064311500742100025,3948.15576171875,7,SD
3064311500742100027,13957.3291015625,7,SD
3064311500742100028,28677.998046875,7,SD
3064311500742100031,3888.283447265625,7,SD
3064311500742100032,7231.4248046875,7,SD
3064311500742100033,21265.333984375,7,SD
3064311500742100035,12179.8212890625,7,SD
3064311500742100036,9640.94140625,7,SD
3064311500742100038,20728.423828125,7,SD
3064311500742100040,11825.78515625,7,SD
3064311500742100041,6388.0859375,7,SD
3064311500742100042,33158.01171875,7,SD
3064311500742100045,21841.90625,7,SD
3064311500742100046,11206.875,7,SD
3064311500742100048,5921.16796875,7,SD
3064311500742100050,9097.7294921875,7,SD
3064311500742100051,10680.330078125,7,SD
3064311500742100052,23867.455078125,7,SD
3064311500742100053,6257.86328125,7,SD
3064311500742100056,3750.66357421875,7,SD
3064311500743100007,7035.94921875,11,SD
3064311500743100012,7701.7939453125,11,SD
3064311500743100014,11855.5107421875,11,SD
3064311500743100017,2149.9462890625,11,SD
3064311500743100018,3168.5234375,11,SD
3064311500743100020,8157.759765625,11,SD
3064311500743100021,5047.7353515625,11,SD
3064311500743100022,4563.73681640625,11,SD
3064311500743100023,7753.40087890625,11,SD
3064311500743100024,2540.88427734375,11,SD
3064311500743100027,3210.047607421875,11,SD
3064311500743100028,5450.130859375,11,SD
3064311500743100029,4906.9541015625,11,SD
3064311500743100030,8580.5625,11,SD
3064311500743100031,7120.53173828125,11,SD
3064311500743100032,5004.2421875,11,SD
3064311500743100033,10541.736328125,11,SD
3064311500743100034,1871.37548828125,11,SD
3064311500743100035,3013.6474609375,11,SD
3064311500743100038,5812.72119140625,11,SD
3064311500743100044,5019.58349609375,11,SD
3064311500743100045,6340.51025390625,11,SD
3064311500743100046,8189.27880859375,11,SD
3064311500743100048,5413.24072265625,11,SD
3064311500743100050,1385.256591796875,11,SD
3064311500743100056,4632.888671875,11,SD
3064311500743100058,4387.7978515625,11,SD
3064311500743100060,980.2102661132812,11,SD
3064311500743100062,2666.864990234375,11,SD
3064311500743100065,5378.7197265625,11,SD
3064311500743100068,4646.009765625,11,SD
3064311500744100010,3760.41943359375,11,SD
3064311500744100012,3300.040283203125,11,SD
3064311500744100013,16264.140625,11,SD
3064311500744100019,7470.43603515625,11,SD
3064311500744100022,9532.9248046875,11,SD
3064311500744100023,7078.81103515625,11,SD
3064311500744100024,15529.2734375,11,SD
3064311500744100030,11760.5673828125,11,SD
3064311500744100031,8447.453125,11,SD
3064311500744100038,7658.21142578125,11,SD
3064311500744100039,23718.62890625,11,SD
3064311500744100040,4643.2314453125,11,SD
3064311500744100041,3164.253662109375,11,SD
3064311500744100042,5465.3515625,11,SD
3064311500744100044,6542.02978515625,11,SD
3064311500744100045,11231.4423828125,11,SD
3064311500744100046,8675.2578125,11,SD
3064311500744100047,9698.5615234375,11,SD
3064311500744100048,4480.9921875,11,SD
3064311500744100049,18827.23046875,11,SD
3064311500744100050,5313.75390625,11,SD
3064311500744100051,7088.013671875,11,SD
3064311500744100052,10832.677734375,11,SD
3064311500744100053,4988.6904296875,11,SD
3064311500744100054,5391.59033203125,11,SD
3064311500744100058,9620.173828125,11,SD
3064311500744100060,3262.25830078125,11,SD
3064311500744100062,10527.703125,11,SD
3064311500744100063,11583.0712890625,11,SD
3064311500744100064,8670.033203125,11,SD
3064311500744100066,6185.47412109375,11,SD
3064311500744100067,5478.88427734375,11,SD
3064311500744100068,13569.623046875,11,SD
3064311500744100069,8217.6474609375,11,SD
3064311500744100071,16012.8388671875,11,SD
3064311500744100073,3194.53125,11,SD
3064311500744100074,8528.708984375,11,SD
3064311500744100076,9099.103515625,11,SD
3064311500744100079,5411.607421875,11,SD
3064311500744100080,6466.0458984375,11,SD
3064311500744100081,3220.469970703125,11,SD
3064311500744100084,4264.25244140625,11,SD
3064311500744100085,13541.310546875,11,SD
3064311500744100086,28190.208984375,11,SD
3064311500744100087,7183.90087890625,11,SD
3064311500744100088,11164.1552734375,11,SD
3064311500744100089,7111.4306640625,11,SD
3064311500744100090,5717.21630859375,11,SD
3064311500744100091,6142.00830078125,11,SD
3064311500744100092,4476.6865234375,11,SD
3064311500744100095,3413.4140625,11,SD
3064311500744100096,5826.45263671875,11,SD
3064311500744100097,4923.841796875,11,SD
3064311500744100098,8632.423828125,11,SD
3064311500744100099,11962.419921875,11,SD
3064311500744100100,9629.2919921875,11,SD
3064311500744100101,5135.03466796875,11,SD
3064311500744100103,7002.30419921875,11,SD
3064311500744100104,5138.083984375,11,SD
3064311500744100106,20054.49609375,11,SD
3064311500744100107,15140.978515625,11,SD
3064311500744100108,2867.22314453125,11,SD
3064311500744100109,19419.833984375,11,SD
3064311500744100112,5475.95751953125,11,SD
3064311500744100113,16238.4775390625,11,SD
3064311500744100114,5408.74560546875,11,SD
3064311500744100115,13956.6376953125,11,SD
3064311500744100116,7738.2431640625,11,SD
3064311500744100117,5869.5927734375,11,SD
3064311500744100119,1323.5924072265625,11,SD
3064311500744100120,10133.005859375,11,SD
3064311500744100122,5339.0517578125,11,SD
3064311500744100123,6431.0673828125,11,SD
3064311500744100125,5102.751953125,11,SD
3064311500744100126,5109.9384765625,11,SD
3064311500744100127,3791.207763671875,11,SD
3064311500744100128,3849.26123046875,11,SD
3064311500744100130,11408.9912109375,11,SD
3064311500744100131,3770.43115234375,11,SD
3064311500744100132,6488.087890625,11,SD
3064311500744100133,7020.984375,11,SD
3064311500744100134,6825.47607421875,11,SD
3064311500744100135,7097.38671875,11,SD
3064311500744100137,5304.384765625,11,SD
3064311500744100138,2721.13916015625,11,SD
3064311500744100139,6467.56298828125,11,SD
3064311500744100140,5175.49267578125,11,SD
3064311500744100142,6597.041015625,11,SD
3064311500744100143,10510.8740234375,11,SD
3064311500744100144,3524.1044921875,11,SD
3064311500744100145,4222.63525390625,11,SD
3064311500744100146,4818.5,11,SD
3064311500744100147,7827.85546875,11,SD
3064311500744100148,12083.958984375,11,SD
3064311500744100150,4849.03271484375,11,SD
3064311500744100151,10686.0849609375,11,SD
3064311500744100152,8733.703125,11,SD
3064311500744100154,7277.96337890625,11,SD
3064311500744100155,5456.1591796875,11,SD
3064311500744100157,3391.23779296875,11,SD
3064311500744100158,10013.2744140625,11,SD
3064311500744100159,5482.435546875,11,SD
3064311500744100160,7047.9931640625,11,SD
3064311500744100161,1510.2919921875,11,SD
3064311500744100162,16039.671875,11,SD
3064311500744100164,7124.02001953125,11,SD
3064311500744100165,9307.556640625,11,SD
3064311500744100166,3246.51220703125,11,SD
3064311500744100167,6623.5947265625,11,SD
3064311500744100168,13013.185546875,11,SD
3064311500744100169,10232.755859375,11,SD
3064311500744100170,6710.791015625,11,SD
3064311500744100172,4362.87646484375,11,SD
3064311500744100174,5474.2470703125,11,SD
3064311500744100175,12476.1005859375,11,SD
3064311500744100176,4010.044921875,11,SD
3064311500744100177,6669.95166015625,11,SD
3064311500744100178,9617.2041015625,11,SD
3064311500744100179,7114.80810546875,11,SD
3064311500744100180,2182.118408203125,11,SD
3064311500744100181,10912.1181640625,11,SD
3064311500744100182,8140.7001953125,11,SD
3064311500744100183,3146.149658203125,11,SD
3064311500744100184,6987.15673828125,11,SD
3064311500744100185,14304.693359375,11,SD
3064311500744100186,6123.7294921875,11,SD
3064311500744100187,8146.04931640625,11,SD
3064311500744100188,2689.80908203125,11,SD
3064311500744100189,8989.7822265625,11,SD
3064311500744100191,6105.69091796875,11,SD
3064311500744100192,5535.10986328125,11,SD
3064311500744100194,6494.55029296875,11,SD
3064311500744100196,2818.173583984375,11,SD
3064311500744100197,4356.28857421875,11,SD
3064311500744100198,6944.63916015625,11,SD
3064311500744100199,17470.41015625,11,SD
3064311500744100200,12038.2978515625,11,SD
3064311500744100201,3252.7490234375,11,SD
3064311500744100202,5402.23583984375,11,SD
3064311500744100203,8307.4580078125,11,SD
3064311500744100207,3725.8505859375,11,SD
3064311500744100209,9011.3134765625,11,SD
3064311500744100210,4283.22265625,11,SD
3064311500744100211,4222.08251953125,11,SD
3064311500745100002,13221.5361328125,11,SD
3064311500745100003,30034.591796875,11,SD
3064311500745100004,3259.807373046875,11,SD
3064311500745100006,3180.234130859375,11,SD
3064311500745100008,3994.636962890625,11,SD
3064311500745100010,13926.5458984375,11,SD
3064311500745100015,16160.6484375,11,SD
3064311500745100018,23157.994140625,11,SD
3064311500745100020,2665.7490234375,11,SD
3064311500745100021,11691.689453125,11,SD
3064311500745100022,5812.32470703125,11,SD
3064311500745100023,13047.1201171875,11,SD
3064311500745100024,28032.638671875,11,SD
3064311500745100025,11147.359375,11,SD
3064311500745100026,6440.6328125,11,SD
3064311500745100028,9305.10546875,11,SD
3064311500745100029,22739.455078125,11,SD
3064311500745100035,18287.341796875,11,SD
3064311500745100037,28368.60546875,11,SD
3064311500745100038,19881.126953125,11,SD
3064311500745100039,27443.361328125,11,SD
3064311500745100043,7663.17138671875,11,SD
3064311500745100044,31531.236328125,11,SD
3064311500745100047,20565.609375,11,SD
3064311500745100049,14120.345703125,11,SD
3064311500745100051,9269.453125,11,SD
3064311500745100052,7389.123046875,11,SD
3064311500745100053,9946.19140625,11,SD
3064311500745100054,29105.419921875,11,SD
3064311500745100055,19831.669921875,11,SD
3064311500745100057,5142.7744140625,11,SD
3064311500745100058,15821.4765625,11,SD
3064311500745100059,11923.5244140625,11,SD
3064311500745100060,9527.9150390625,11,SD
3064311500745100061,17328.703125,11,SD
3064311500745100062,30794.33203125,11,SD
3064311500745100065,18149.779296875,11,SD
3064311500745100066,10844.7099609375,11,SD
3064311500745100067,16051.630859375,11,SD
3064311500745100068,21831.138671875,11,SD
3064311500745100070,18351.068359375,11,SD
3064311500745100071,23484.029296875,11,SD
3064311500745100073,12532.2158203125,11,SD
3064311500745100074,24334.546875,11,SD
3064311500745100075,2379.572509765625,11,SD
3064311500745100076,27616.525390625,11,SD
3064311500745100077,15433.6162109375,11,SD
3064311500745100078,28041.828125,11,SD
3064311500745100079,9982.2509765625,11,SD
3064311500745100080,8054.08642578125,11,SD
3064311500745100081,8561.80859375,11,SD
3064311500745100082,18562.84765625,11,SD
3064311500745100083,11774.12890625,11,SD
3064311500745100085,7964.3330078125,11,SD
3064311500745100086,10865.607421875,11,SD
3064311500745100087,22596.923828125,11,SD
3064311500745100089,20566.88671875,11,SD
3064311500745100090,15708.328125,11,SD
3064311500745100091,19705.283203125,11,SD
3064311500745100094,13238.68359375,11,SD
3064311500745100096,25305.30859375,11,SD
3064311500745100097,15364.1357421875,11,SD
3064311500745100098,10282.296875,11,SD
3064311500745100099,14025.8251953125,11,SD
3064311500745100101,14835.1923828125,11,SD
3064311500745100102,4273.4443359375,11,SD
3064311500745100103,12778.037109375,11,SD
3064311500745100104,31850.103515625,11,SD
3064311500745100106,12594.6806640625,11,SD
3064311500745100107,11284.6875,11,SD
3064311500745100108,18857.55859375,11,SD
3064311500745100109,12222.5048828125,11,SD
3064311500745100115,12408.236328125,11,SD
3064311500745100117,17586.623046875,11,SD
3064311500746100008,25308.232421875,11,SD
3064311500746100010,3554.510986328125,11,SD
3064311500746100011,4078.57861328125,11,SD
3064311500746100014,4857.82861328125,11,SD
3064311500746100015,17278.5546875,11,SD
3064311500746100018,36068.75390625,11,SD
3064311500746100021,20887.068359375,11,SD
3064311500746100022,16406.6796875,11,SD
3064311500746100025,19055.005859375,11,SD
3064311500746100026,9804.67578125,11,SD
3064311500746100030,10073.0693359375,11,SD
3064311500746100032,5790.416015625,11,SD
3064311500746100033,16535.142578125,11,SD
3064311500746100040,5739.22705078125,11,SD
3064311500746100045,30852.642578125,11,SD
3064311500746100051,15674.2880859375,11,SD
3064311500746100053,39881.66796875,11,SD
3064311500746100056,15753.3515625,11,SD
3064311500746100059,15957.146484375,11,SD
3064311500746100061,2663.26416015625,11,SD
3064311500748100001,9900.888671875,17,SD
3064311500748100007,3676.1298828125,17,SD
3064311500748100009,9470.8369140625,17,SD
3064311500748100010,12718.603515625,17,SD
3064311500748100012,12679.3349609375,17,SD
3064311500748100013,1904.0643310546875,17,SD
3064311500748100016,9751.4833984375,17,SD
3064311500748100017,1928.6943359375,17,SD
3064311500748100019,17037.798828125,17,SD
3064311500748100021,8222.4765625,17,SD
3064311500748100023,10573.580078125,17,SD
3064311500748100027,12567.1357421875,17,SD
3064311500748100028,9883.6943359375,17,SD
3064311500748100030,6695.15185546875,17,SD
3064311500748100031,6988.59375,17,SD
3064311500748100032,9344.4326171875,17,SD
3064311500748100037,25081.037109375,17,SD
3064311500748100038,5922.48388671875,17,SD
3064311500748100040,10833.6005859375,17,SD
3064311500748100041,8056.98974609375,17,SD
3064311500748100042,8499.236328125,17,SD
3064311500748100043,12612.12109375,17,SD
3064311500748100045,11449.55859375,17,SD
3064311500748100046,17539.349609375,17,SD
3064311500748100047,21948.990234375,17,SD
3064311500748100049,8421.0859375,17,SD
3064311500748100051,9954.6533203125,17,SD
3064311500748100052,18923.974609375,17,SD
3064311500748100053,4058.177978515625,17,SD
3064311500748100054,8478.830078125,17,SD
3064311500748100055,14835.04296875,17,SD
3064311500748100056,10563.42578125,17,SD
3064311500748100058,18710.94140625,17,SD
3064311500748100059,7966.6962890625,17,SD
3064311500748100060,27173.697265625,17,SD
3064311500748100061,3699.245361328125,17,SD
3064311500748100062,4464.2255859375,17,SD
3064311500748100064,6459.5283203125,17,SD
3064311500748100065,7754.884765625,17,SD
3064311500748100067,14030.3662109375,17,SD
3064311500748100068,9104.748046875,17,SD
3064311500748100070,6977.109375,17,SD
3064311500748100071,3694.522216796875,17,SD
3064311500748100073,12667.0517578125,17,SD
3064311500748100074,5231.06494140625,17,SD
3064311500748100075,14323.60546875,17,SD
3064311500748100077,6505.06298828125,17,SD
3064311500748100078,5051.28564453125,17,SD
3064311500748100079,7166.20849609375,17,SD
3064311500748100080,7582.67626953125,17,SD
3064311500748100081,3858.84375,17,SD
3064311500748100082,6627.50341796875,17,SD
3064311500748100083,3501.68115234375,17,SD
3064311500748100085,4523.6923828125,17,SD
3064311500748100087,4956.95751953125,17,SD
3064311500748100088,6063.96337890625,17,SD
3064311500748100090,5162.89599609375,17,SD
3064311500748100091,11731.1669921875,17,SD
3064311500748100092,4651.96875,17,SD
3064311500748100093,6870.32666015625,17,SD
3064311500748100094,4056.2900390625,17,SD
3064311500748100096,2808.342041015625,17,SD
3064311500748100097,5097.82470703125,17,SD
3064311500748100098,5029.22705078125,17,SD
3064311500748100100,6339.7763671875,17,SD
3064311500748100101,3796.261962890625,17,SD
3064311500748100102,2122.231201171875,17,SD
3064311500748100103,9178.0966796875,17,SD
3064311500748100104,7828.26123046875,17,SD
3064311500748100105,3838.4033203125,17,SD
3064311500748100106,2963.836181640625,17,SD
3064311500748100107,2649.0185546875,17,SD
3064311500748100109,4151.63671875,17,SD
3064311500748100110,8975.560546875,17,SD
3064311500748100111,4333.31689453125,17,SD
3064311500748100112,7631.49560546875,17,SD
3064311500748100113,3507.969482421875,17,SD
3064311500748100114,7910.89111328125,17,SD
3064311500748100116,5938.55517578125,17,SD
3064311500748100117,5192.7001953125,17,SD
3064311500748100118,1931.6890869140625,17,SD
3064311500748100119,5676.97900390625,17,SD
3064311500748100121,6924.033203125,17,SD
3064311500748100122,8650.923828125,17,SD
3064311500748100123,3118.822265625,17,SD
3064311500748100124,8262.796875,17,SD
3064311500748100126,7412.8994140625,17,SD
3064311500748100127,3791.88134765625,17,SD
3064311500748100128,6260.017578125,17,SD
3064311500748100130,1936.0047607421875,17,SD
3064311500748100131,5010.10791015625,17,SD
3064311500748100133,3018.8759765625,17,SD
3064311500748100134,5152.96484375,17,SD
3064311500748100136,5198.4833984375,17,SD
3064311500748100138,6777.97607421875,17,SD
3064311500748100140,6755.6484375,17,SD
3064311500748100146,5094.8876953125,17,SD
3064311500748100154,4691.7255859375,17,SD
3064311500749100004,8605.369140625,17,SD
3064311500749100010,17729.107421875,17,SD
3064311500749100013,7525.4052734375,17,SD
3064311500749100015,18318.822265625,17,SD
3064311500749100023,16131.1533203125,17,SD
3064311500749100024,12897.060546875,17,SD
3064311500749100026,9760.1640625,17,SD
3064311500749100027,6059.04345703125,17,SD
3064311500749100029,8494.673828125,17,SD
3064311500749100030,26971.318359375,17,SD
3064311500749100032,10096.7314453125,17,SD
3064311500749100033,11730.142578125,17,SD
3064311500749100034,6182.72265625,17,SD
3064311500749100035,6806.111328125,17,SD
3064311500749100036,16729.341796875,17,SD
3064311500749100037,10923.96875,17,SD
3064311500749100038,7661.23583984375,17,SD
3064311500749100039,12193.3681640625,17,SD
3064311500749100040,11475.3994140625,17,SD
3064311500749100043,25066.640625,17,SD
3064311500749100044,14500.314453125,17,SD
3064311500749100045,2937.18603515625,17,SD
3064311500749100046,6693.89208984375,17,SD
3064311500749100047,7430.14794921875,17,SD
3064311500749100048,7070.74853515625,17,SD
3064311500749100050,5552.9326171875,17,SD
3064311500749100051,9443.939453125,17,SD
3064311500749100052,19719.4609375,17,SD
3064311500749100053,17839.15625,17,SD
3064311500749100054,3186.740234375,17,SD
3064311500749100055,2011.015869140625,17,SD
3064311500749100056,4506.4775390625,17,SD
3064311500749100057,13699.1474609375,17,SD
3064311500749100058,17073.560546875,17,SD
3064311500749100059,9279.9794921875,17,SD
3064311500749100060,12437.947265625,17,SD
3064311500749100061,9089.3984375,17,SD
3064311500749100062,4958.2724609375,17,SD
3064311500749100063,2640.180419921875,17,SD
3064311500749100064,452.22406005859375,17,SD
3064311500749100065,4112.79443359375,17,SD
3064311500749100066,7006.36962890625,17,SD
3064311500749100067,1623.9437255859375,17,SD
3064311500749100069,5455.158203125,17,SD
3064311500749100072,8902.65625,17,SD
3064311500749100073,945.4879150390625,17,SD
3064311500749100074,11828.392578125,17,SD
3064311500749100075,10777.662109375,17,SD
3064311500749100076,4416.984375,17,SD
3064311500749100077,6516.60791015625,17,SD
3064311500749100078,4255.6357421875,17,SD
3064311500749100079,2098.67041015625,17,SD
3064311500749100080,6375.13720703125,17,SD
3064311500749100081,3308.169677734375,17,SD
3064311500749100082,3240.44580078125,17,SD
3064311500749100083,660.7305908203125,17,SD
3064311500749100086,6828.87158203125,17,SD
3064311500749100087,1895.34912109375,17,SD
3064311500749100088,4901.46728515625,17,SD
3064311500749100089,4583.1875,17,SD
3064311500749100090,5206.49560546875,17,SD
3064311500749100093,4766.37060546875,17,SD
3064311500749100094,4411.1728515625,17,SD
3064311500749100095,1920.96875,17,SD
3064311500749100096,6753.560546875,17,SD
3064311500749100097,5054.900390625,17,SD
3064311500749100098,8531.544921875,17,SD
3064311500749100099,16536.462890625,17,SD
3064311500749100100,4638.7041015625,17,SD
3064311500749100101,2378.983154296875,17,SD
3064311500749100102,7882.09375,17,SD
3064311500749100103,5109.66015625,17,SD
3064311500749100104,3939.31689453125,17,SD
3064311500749100105,7184.42236328125,17,SD
3064311500749100106,1558.64794921875,17,SD
3064311500749100107,4235.4736328125,17,SD
3064311500749100108,7601.94384765625,17,SD
3064311500749100111,3192.144775390625,17,SD
3064311500749100112,9552.2822265625,17,SD
3064311500749100113,3586.008056640625,17,SD
3064311500749100114,4507.54345703125,17,SD
3064311500749100115,9846.404296875,17,SD
3064311500749100116,6332.310546875,17,SD
3064311500749100117,2355.011962890625,17,SD
3064311500749100118,6013.564453125,17,SD
3064311500749100119,4924.72265625,17,SD
3064311500749100120,1825.60107421875,17,SD
3064311500749100122,4334.2685546875,17,SD
3064311500749100123,3795.828857421875,17,SD
3064311500749100124,4156.12109375,17,SD
3064311500749100125,6623.24951171875,17,SD
3064311500749100126,5305.55419921875,17,SD
3064311500749100128,6134.197265625,17,SD
3064311500749100129,4784.1748046875,17,SD
3064311500749100130,9404.0732421875,17,SD
3064311500749100131,5622.349609375,17,SD
3064311500749100133,2258.259765625,17,SD
3064311500749100134,3657.610595703125,17,SD
3064311500749100135,2231.70947265625,17,SD
3064311500749100136,5902.17236328125,17,SD
3064311500749100137,5468.28173828125,17,SD
3064311500749100138,8952.81640625,17,SD
3064311500749100139,2153.460693359375,17,SD
3064311500749100140,5239.13427734375,17,SD
3064311500749100141,10038.69140625,17,SD
3064311500749100142,9921.16796875,17,SD
3064311500749100144,5941.3359375,17,SD
3064311500749100145,6382.63671875,17,SD
3064311500749100147,5346.61181640625,17,SD
3064311500749100148,7378.24951171875,17,SD
3064311500749100150,3468.92919921875,17,SD
3064311500749100154,4705.26171875,17,SD
3064311500749100155,4859.60400390625,17,SD
3064311500749100156,5256.77978515625,17,SD
3064311500749100157,5059.40771484375,17,SD
3064311500749100159,6668.205078125,17,SD
3064311500749100161,9063.4033203125,17,SD
3064311500749100162,8671.95703125,17,SD
3064311500749100163,9283.0068359375,17,SD
3064311500749100164,5409.63916015625,17,SD
3064311500749100165,5379.8671875,17,SD
3064311500749100166,5429.96923828125,17,SD
3064311500749100167,8904.2919921875,17,SD
3064311500749100172,5068.13623046875,17,SD
3064311500749100173,5773.59228515625,17,SD
3064311500749100174,3763.243408203125,17,SD
3064311500749100175,8278.853515625,17,SD
3064311500749100176,6057.97314453125,17,SD
3064311500749100177,6073.30859375,17,SD
3064311500749100178,6199.92529296875,17,SD
3064311500749100180,4978.0673828125,17,SD
3064311500749100181,3845.267333984375,17,SD
3064311500749100182,9778.8642578125,17,SD
3064311500749100183,4367.9599609375,17,SD
3064311500749100184,4851.2314453125,17,SD
3064311500749100185,5239.27001953125,17,SD
3064311500749100186,5458.71533203125,17,SD
3064311500749100188,3265.88720703125,17,SD
3064311500749100190,6284.32080078125,17,SD
3064311500749100191,998.9052124023438,17,SD
3064311500749100192,8739.748046875,17,SD
3064311500749100193,9637.9599609375,17,SD
3064311500749100194,3639.1806640625,17,SD
3064311500749100195,8592.33203125,17,SD
3064311500749100196,3075.9150390625,17,SD
3064311500749100197,4679.11279296875,17,SD
3064311500749100198,3898.467529296875,17,SD
3064311500749100200,3898.426513671875,17,SD
3064311500749100202,4317.45263671875,17,SD
3064311500749100203,2194.66748046875,17,SD
3064311500749100204,2648.9345703125,17,SD
3064311500749100206,5721.24365234375,17,SD
3064311500749100207,4042.34130859375,17,SD
3064311500749100209,6123.09326171875,17,SD
3064311500749100210,5604.52294921875,17,SD
3064311500749100211,5115.298828125,17,SD
3064311500749100213,6943.0390625,17,SD
3064311500749100216,4154.767578125,17,SD
3064311500749100220,10125.1728515625,17,SD
3064311500749100222,4754.65185546875,17,SD
3064311500749100224,6083.05615234375,17,SD
3064311500749100226,9052.880859375,17,SD
3064311500749100232,6104.28564453125,17,SD
3064311500749100233,4461.4384765625,17,SD
3064311500749100234,2718.36083984375,17,SD
3064311500749100236,5970.82080078125,17,SD
3064311500749100237,4046.347412109375,17,SD
3064311500750100016,7984.384765625,17,SD
3064311500750100024,10898.7060546875,17,SD
3064311500750100026,2365.2900390625,17,SD
3064311500750100027,3997.0205078125,17,SD
3064311500750100028,12017.255859375,17,SD
3064311500750100029,6341.42919921875,17,SD
3064311500750100030,3051.630126953125,17,SD
3064311500750100031,6770.1953125,17,SD
3064311500750100032,4732.90283203125,17,SD
3064311500750100033,7056.58349609375,17,SD
3064311500750100036,3564.19775390625,17,SD
3064311500750100037,11025.2578125,17,SD
3064311500750100038,10147.203125,17,SD
3064311500750100039,5758.85400390625,17,SD
3064311500750100041,6917.52392578125,17,SD
3064311500750100042,1959.28857421875,17,SD
3064311500750100043,2759.103271484375,17,SD
3064311500750100044,2174.508544921875,17,SD
3064311500750100046,2679.10498046875,17,SD
3064311500750100047,11161.064453125,17,SD
3064311500750100048,16994.189453125,17,SD
3064311500750100049,1448.01708984375,17,SD
3064311500750100052,6091.0966796875,17,SD
3064311500750100053,1677.1632080078125,17,SD
3064311500750100054,911.4119873046875,17,SD
3064311500750100056,5330.828125,17,SD
3064311500750100057,4065.4560546875,17,SD
3064311500750100058,4243.21630859375,17,SD
3064311500750100060,6542.697265625,17,SD
3064311500750100061,5647.42919921875,17,SD
3064311500750100062,8134.85595703125,17,SD
3064311500750100064,931.3154907226562,17,SD
3064311500750100065,4848.11083984375,17,SD
3064311500750100066,7865.5263671875,17,SD
3064311500750100067,1758.55712890625,17,SD
3064311500750100068,5055.39990234375,17,SD
3064311500750100069,656.5696411132812,17,SD
3064311500750100071,5029.97412109375,17,SD
3064311500750100072,1835.656005859375,17,SD
3064311500750100073,4628.19775390625,17,SD
3064311500750100076,2414.919677734375,17,SD
3064311500750100077,5761.763671875,17,SD
3064311500750100078,4850.2900390625,17,SD
3064311500750100080,6535.6796875,17,SD
3064311500750100081,4256.42333984375,17,SD
3064311500750100082,2653.594482421875,17,SD
3064311500750100083,5321.34521484375,17,SD
3064311500750100084,3692.95556640625,17,SD
3064311500750100086,2265.85009765625,17,SD
3064311500750100087,2152.441650390625,17,SD
3064311500750100088,4803.9443359375,17,SD
3064311500750100089,5176.75341796875,17,SD
3064311500750100090,5624.0400390625,17,SD
3064311500750100091,2276.114501953125,17,SD
3064311500750100092,1938.0263671875,17,SD
3064311500750100093,2584.44091796875,17,SD
3064311500750100094,1624.185302734375,17,SD
3064311500750100096,7421.85205078125,17,SD
3064311500750100097,9795.9169921875,17,SD
3064311500750100098,4108.90625,17,SD
3064311500750100099,6132.4111328125,17,SD
3064311500750100100,5099.197265625,17,SD
3064311500750100101,1608.4356689453125,17,SD
3064311500750100102,8502.8798828125,17,SD
3064311500750100103,7562.42529296875,17,SD
3064311500750100106,3161.70068359375,17,SD
3064311500750100107,3662.66455078125,17,SD
3064311500750100110,6788.10693359375,17,SD
3064311500750100111,3789.740478515625,17,SD
3064311500750100112,4385.4072265625,17,SD
3064311500750100113,2889.54296875,17,SD
3064311500750100114,7364.65234375,17,SD
3064311500750100116,4149.01611328125,17,SD
3064311500750100117,3996.81982421875,17,SD
3064311500750100118,2921.654296875,17,SD
3064311500750100119,2690.063232421875,17,SD
3064311500750100120,4060.52392578125,17,SD
3064311500750100121,7977.072265625,17,SD
3064311500750100123,6500.38720703125,17,SD
3064311500750100124,5025.33251953125,17,SD
3064311500750100125,3956.8134765625,17,SD
3064311500750100128,3759.786376953125,17,SD
3064311500750100129,6391.58642578125,17,SD
3064311500750100130,6053.16015625,17,SD
3064311500750100132,6019.1201171875,17,SD
3064311500750100133,2688.094970703125,17,SD
3064311500750100136,3589.97802734375,17,SD
3064311500752100010,13958.7529296875,18,SD
3064311500752100012,2032.2254638671875,18,SD
3064311500752100014,7841.1328125,18,SD
3064311500752100016,3133.144287109375,18,SD
3064311500752100018,11191.2109375,18,SD
3064311500752100019,3325.52001953125,18,SD
3064311500752100022,10170.44921875,18,SD
3064311500752100023,8812.7001953125,18,SD
3064311500752100025,5801.29248046875,18,SD
3064311500752100027,5532.8759765625,18,SD
3064311500752100028,10669.9072265625,18,SD
3064311500752100029,17320.345703125,18,SD
3064311500752100031,4105.91552734375,18,SD
3064311500752100034,4501.0,18,SD
3064311500752100035,13524.2802734375,18,SD
3064311500752100036,9949.96875,18,SD
3064311500752100037,11147.8515625,18,SD
3064311500752100038,1938.3975830078125,18,SD
3064311500752100039,4346.029296875,18,SD
3064311500752100040,1432.14990234375,18,SD
3064311500752100041,8928.3349609375,18,SD
3064311500752100042,1825.2762451171875,18,SD
3064311500752100044,1072.289306640625,18,SD
3064311500752100046,5361.49560546875,18,SD
3064311500752100047,3453.791748046875,18,SD
3064311500752100048,5757.74658203125,18,SD
3064311500752100051,8712.9189453125,18,SD
3064311500752100052,8319.5498046875,18,SD
3064311500752100053,1500.626953125,18,SD
3064311500752100054,5215.24755859375,18,SD
3064311500752100055,5269.51123046875,18,SD
3064311500752100056,4995.84716796875,18,SD
3064311500752100057,12171.4375,18,SD
3064311500752100058,7809.92724609375,18,SD
3064311500752100059,15906.09375,18,SD
3064311500752100060,14603.6103515625,18,SD
3064311500752100062,4120.25537109375,18,SD
3064311500752100064,9287.318359375,18,SD
3064311500752100065,6175.7353515625,18,SD
3064311500752100066,17568.0,18,SD
3064311500752100067,4958.224609375,18,SD
3064311500752100068,9628.90234375,18,SD
3064311500752100069,9947.0546875,18,SD
3064311500752100070,6054.1201171875,18,SD
3064311500752100071,9351.19921875,18,SD
3064311500752100072,12501.2529296875,18,SD
3064311500752100074,13479.732421875,18,SD
3064311500752100075,4440.25244140625,18,SD
3064311500752100076,6036.60302734375,18,SD
3064311500752100077,5019.9404296875,18,SD
3064311500752100078,12010.1220703125,18,SD
3064311500752100080,4787.3681640625,18,SD
3064311500752100081,4665.9658203125,18,SD
3064311500752100082,5952.46826171875,18,SD
3064311500752100083,8178.1240234375,18,SD
3064311500752100084,3972.828125,18,SD
3064311500752100085,8045.876953125,18,SD
3064311500752100086,9100.2080078125,18,SD
3064311500752100087,10677.1572265625,18,SD
3064311500752100088,8314.9853515625,18,SD
3064311500752100089,6060.873046875,18,SD
3064311500752100090,16816.544921875,18,SD
3064311500752100091,12654.9541015625,18,SD
3064311500752100093,3646.279296875,18,SD
3064311500752100095,7957.00927734375,18,SD
3064311500752100096,10185.8212890625,18,SD
3064311500752100097,7551.9912109375,18,SD
3064311500752100098,5831.32763671875,18,SD
3064311500752100099,5579.23486328125,18,SD
3064311500752100100,6873.16796875,18,SD
3064311500752100102,513.94921875,18,SD
3064311500752100103,7211.88037109375,18,SD
3064311500752100104,1611.26708984375,18,SD
3064311500752100105,6102.6083984375,18,SD
3064311500752100106,7941.19677734375,18,SD
3064311500752100108,4443.79052734375,18,SD
3064311500752100109,7952.31591796875,18,SD
3064311500752100111,4977.35546875,18,SD
3064311500752100112,8337.4228515625,18,SD
3064311500752100113,5948.8837890625,18,SD
3064311500752100114,5964.22900390625,18,SD
3064311500752100115,7445.66552734375,18,SD
3064311500752100116,15089.541015625,18,SD
3064311500752100117,3601.9677734375,18,SD
3064311500752100118,2101.154296875,18,SD
3064311500752100119,9260.1279296875,18,SD
3064311500752100120,7156.67529296875,18,SD
3064311500752100121,5183.16650390625,18,SD
3064311500752100122,7469.23583984375,18,SD
3064311500752100124,5012.0869140625,18,SD
3064311500752100126,6393.30029296875,18,SD
3064311500752100127,4578.72900390625,18,SD
3064311500752100128,7962.115234375,18,SD
3064311500752100129,13560.259765625,18,SD
3064311500752100134,4737.8076171875,18,SD
3064311500753100006,5900.673828125,18,SD
3064311500753100007,14073.4736328125,18,SD
3064311500753100008,5004.7685546875,18,SD
3064311500753100015,909.0775146484375,18,SD
3064311500753100018,3889.851806640625,18,SD
3064311500753100019,6459.4873046875,18,SD
3064311500753100021,1829.7659912109375,18,SD
3064311500753100023,13226.857421875,18,SD
3064311500753100026,5075.509765625,18,SD
3064311500753100027,8148.18603515625,18,SD
3064311500753100029,6704.193359375,18,SD
3064311500753100031,3648.17822265625,18,SD
3064311500753100032,2773.945068359375,18,SD
3064311500753100035,5489.50439453125,18,SD
3064311500753100036,14510.2724609375,18,SD
3064311500753100037,11336.3427734375,18,SD
3064311500753100040,3524.11328125,18,SD
3064311500753100041,10413.376953125,18,SD
3064311500753100042,3430.731201171875,18,SD
3064311500753100043,5291.04296875,18,SD
3064311500753100044,150.3054656982422,18,SD
3064311500753100046,5949.05224609375,18,SD
3064311500753100049,9097.40625,18,SD
3064311500753100050,12125.6953125,18,SD
3064311500753100051,8407.046875,18,SD
3064311500753100053,7207.59521484375,18,SD
3064311500753100055,6934.21484375,18,SD
3064311500753100058,7608.13037109375,18,SD
3064311500753100062,18459.9453125,18,SD
3064311500753100064,2486.458740234375,18,SD
3064311500753100066,5889.47216796875,18,SD
3064311500753100068,10439.3359375,18,SD
3064311500753100069,8611.7109375,18,SD
3064311500753100070,2235.9892578125,18,SD
3064311500753100071,1253.464599609375,18,SD
3064311500753100072,5990.0234375,18,SD
3064311500753100073,5824.61767578125,18,SD
3064311500753100074,8643.30859375,18,SD
3064311500753100076,12382.0673828125,18,SD
3064311500753100078,4328.91357421875,18,SD
3064311500753100079,12372.1904296875,18,SD
3064311500753100080,3210.08984375,18,SD
3064311500753100082,8155.63232421875,18,SD
3064311500753100083,12705.4873046875,18,SD
3064311500753100086,1190.145263671875,18,SD
3064311500753100088,8704.1376953125,18,SD
3064311500753100089,1430.8148193359375,18,SD
3064311500753100092,5440.49169921875,18,SD
3064311500753100094,9653.0791015625,18,SD
3064311500753100095,7181.1552734375,18,SD
3064311500753100098,5761.95849609375,18,SD
3064311500753100099,7458.02587890625,18,SD
3064311500753100100,8096.08837890625,18,SD
3064311500753100101,6023.4775390625,18,SD
3064311500753100104,10386.7080078125,18,SD
3064311500753100105,10695.298828125,18,SD
3064311500753100106,17631.705078125,18,SD
3064311500753100107,5748.45654296875,18,SD
3064311500753100109,9878.0693359375,18,SD
3064311500753100110,3474.76416015625,18,SD
3064311500753100111,20164.984375,18,SD
3064311500753100112,4261.1923828125,18,SD
3064311500753100114,5613.89697265625,18,SD
3064311500753100115,5669.46044921875,18,SD
3064311500753100116,7097.27099609375,18,SD
3064311500753100118,12426.640625,18,SD
3064311500753100119,9504.7900390625,18,SD
3064311500753100120,9687.63671875,18,SD
3064311500753100121,2857.632568359375,18,SD
3064311500753100122,302.5436096191406,18,SD
3064311500753100123,7325.81787109375,18,SD
3064311500753100124,8554.29296875,18,SD
3064311500753100125,5720.5810546875,18,SD
3064311500753100126,10270.4970703125,18,SD
3064311500753100127,7431.41259765625,18,SD
3064311500753100128,6692.6923828125,18,SD
3064311500753100131,11193.0068359375,18,SD
3064311500753100132,12326.1357421875,18,SD
3064311500753100133,3807.14892578125,18,SD
3064311500753100135,11644.7470703125,18,SD
3064311500753100137,3030.86083984375,18,SD
3064311500753100138,6283.66552734375,18,SD
3064311500753100139,15422.3134765625,18,SD
3064311500753100140,9873.53515625,18,SD
3064311500753100141,7441.4541015625,18,SD
3064311500753100142,8087.12158203125,18,SD
3064311500753100143,7896.138671875,18,SD
3064311500753100144,7736.48388671875,18,SD
3064311500753100145,9470.6005859375,18,SD
3064311500753100147,8060.6064453125,18,SD
3064311500753100148,8814.1611328125,18,SD
3064311500753100150,5173.1884765625,18,SD
3064311500753100151,12838.0673828125,18,SD
3064311500753100152,17077.568359375,18,SD
3064311500753100155,7515.1044921875,18,SD
3064311500753100157,9114.55078125,18,SD
3064311500753100158,12253.484375,18,SD
3064311500753100159,6170.873046875,18,SD
3064311500753100160,3666.9951171875,18,SD
3064311500753100161,9614.9814453125,18,SD
3064311500753100162,2753.244873046875,18,SD
3064311500753100163,9277.228515625,18,SD
3064311500753100165,15192.625,18,SD
3064311500753100166,6467.18896484375,18,SD
3064311500753100170,8853.9521484375,18,SD
3064311500753100181,1602.5391845703125,18,SD
3064311500754100011,19200.08984375,18,SD
3064311500754100013,8560.6083984375,18,SD
3064311500754100016,5104.8212890625,18,SD
3064311500754100018,4465.99658203125,18,SD
3064311500754100019,3178.63037109375,18,SD
3064311500754100021,9312.2392578125,18,SD
3064311500754100023,5589.111328125,18,SD
3064311500754100024,7847.75,18,SD
3064311500754100025,4564.12841796875,18,SD
3064311500754100026,12640.0693359375,18,SD
3064311500754100027,8788.9501953125,18,SD
3064311500754100028,5798.6416015625,18,SD
3064311500754100029,8841.904296875,18,SD
3064311500754100030,16666.728515625,18,SD
3064311500754100031,1974.24267578125,18,SD
3064311500754100033,8095.466796875,18,SD
3064311500754100034,6655.17724609375,18,SD
3064311500754100035,1093.349853515625,18,SD
3064311500754100036,1687.5635986328125,18,SD
3064311500754100037,1797.392578125,18,SD
3064311500754100038,5891.185546875,18,SD
3064311500754100039,10502.58203125,18,SD
3064311500754100040,9663.59765625,18,SD
3064311500754100041,6689.337890625,18,SD
3064311500754100042,9887.794921875,18,SD
3064311500754100043,5028.3408203125,18,SD
3064311500754100044,4937.87548828125,18,SD
3064311500754100045,3237.444580078125,18,SD
3064311500754100046,6278.5146484375,18,SD
3064311500754100048,9857.509765625,18,SD
3064311500754100050,3117.450927734375,18,SD
3064311500754100051,5906.3984375,18,SD
3064311500754100052,7661.513671875,18,SD
3064311500754100053,4082.80126953125,18,SD
3064311500754100054,5460.21533203125,18,SD
3064311500754100055,9199.775390625,18,SD
3064311500754100056,3321.765625,18,SD
3064311500754100057,3987.69970703125,18,SD
3064311500754100058,3265.3154296875,18,SD
3064311500754100059,6171.38720703125,18,SD
3064311500754100060,4949.1474609375,18,SD
3064311500754100061,4647.0966796875,18,SD
3064311500754100062,4597.9375,18,SD
3064311500754100064,6733.89990234375,18,SD
3064311500754100065,4784.95166015625,18,SD
3064311500754100066,4320.80615234375,18,SD
3064311500754100067,3511.995361328125,18,SD
3064311500754100068,6707.44482421875,18,SD
3064311500754100069,9646.61328125,18,SD
3064311500754100070,8877.9150390625,18,SD
3064311500754100071,12471.8291015625,18,SD
3064311500754100073,5080.1337890625,18,SD
3064311500754100074,6946.2294921875,18,SD
3064311500754100075,3326.89990234375,18,SD
3064311500754100076,6865.0625,18,SD
3064311500754100077,4425.841796875,18,SD
3064311500754100078,4182.12451171875,18,SD
3064311500754100080,4639.85791015625,18,SD
3064311500754100081,6477.33203125,18,SD
3064311500754100082,5230.296875,18,SD
3064311500754100083,9181.03125,18,SD
3064311500754100084,6290.22216796875,18,SD
3064311500754100085,2710.84228515625,18,SD
3064311500754100086,7452.7021484375,18,SD
3064311500754100088,7861.56298828125,18,SD
3064311500754100089,1683.8388671875,18,SD
3064311500754100090,5943.01611328125,18,SD
3064311500754100092,2718.88818359375,18,SD
3064311500754100093,1794.8548583984375,18,SD
3064311500754100094,8037.93408203125,18,SD
3064311500754100095,8609.4365234375,18,SD
3064311500754100096,7351.3388671875,18,SD
3064311500754100097,7562.49609375,18,SD
3064311500754100098,5802.26123046875,18,SD
3064311500754100099,2768.445068359375,18,SD
3064311500754100100,5769.66552734375,18,SD
3064311500754100101,2080.39697265625,18,SD
3064311500754100104,6065.1689453125,18,SD
3064311500754100108,3442.847900390625,18,SD
3064311500756100003,9262.400390625,19,SD
3064311500756100010,8253.8466796875,19,SD
3064311500756100015,9391.068359375,19,SD
3064311500756100016,4611.3115234375,19,SD
3064311500756100017,8602.658203125,19,SD
3064311500756100018,2643.738037109375,19,SD
3064311500756100019,7204.376953125,19,SD
3064311500756100020,5839.62841796875,19,SD
3064311500756100023,3283.21875,19,SD
3064311500756100024,8339.634765625,19,SD
3064311500756100025,2423.67431640625,19,SD
3064311500756100026,3672.14111328125,19,SD
3064311500756100027,3598.818359375,19,SD
3064311500756100029,5507.3876953125,19,SD
3064311500756100030,16271.3486328125,19,SD
3064311500756100031,4049.2998046875,19,SD
3064311500756100032,4242.3486328125,19,SD
3064311500756100033,2641.492431640625,19,SD
3064311500756100034,4023.310791015625,19,SD
3064311500756100036,3732.09521484375,19,SD
3064311500756100037,4243.30517578125,19,SD
3064311500756100038,11714.5693359375,19,SD
3064311500756100039,4789.615234375,19,SD
3064311500756100040,3480.358642578125,19,SD
3064311500756100041,4497.1796875,19,SD
3064311500756100042,3393.951416015625,19,SD
3064311500756100043,15229.2646484375,19,SD
3064311500756100044,4556.8095703125,19,SD
3064311500756100045,2330.17529296875,19,SD
3064311500756100049,4460.11572265625,19,SD
3064311500756100051,4745.0283203125,19,SD
3064311500756100052,9927.7265625,19,SD
3064311500756100053,4672.48046875,19,SD
3064311500756100055,4858.92529296875,19,SD
3064311500756100059,6472.560546875,19,SD
3064311500756100061,6087.7177734375,19,SD
3064311500756100062,6802.06396484375,19,SD
3064311500756100063,3118.593017578125,19,SD
3064311500756100064,1193.4752197265625,19,SD
3064311500756100066,8843.244140625,19,SD
3064311500756100068,5443.34228515625,19,SD
3064311500756100070,14250.3662109375,19,SD
3064311500756100071,1762.7586669921875,19,SD
3064311500756100073,3271.88525390625,19,SD
3064311500756100077,2692.105224609375,19,SD
3064311500756100081,6081.9541015625,19,SD
3064311500756100082,7987.05908203125,19,SD
3064311500756100086,6720.3251953125,19,SD
3064311500756100089,6538.31396484375,19,SD
3064311500756100091,7594.1201171875,19,SD
3064311500756100092,3866.213623046875,19,SD
3064311500756100094,6542.279296875,19,SD
3064311500756100095,664.3433227539062,19,SD
3064311500757100018,15939.341796875,19,SD
3064311500757100032,7373.484375,19,SD
3064311500757100034,1750.3380126953125,19,SD
3064311500757100035,3666.6904296875,19,SD
3064311500757100036,4981.08056640625,19,SD
3064311500757100037,9418.669921875,19,SD
3064311500757100038,2992.242431640625,19,SD
3064311500757100039,3612.921875,19,SD
3064311500757100040,643.8048095703125,19,SD
3064311500757100043,3213.068603515625,19,SD
3064311500757100045,7011.65380859375,19,SD
3064311500757100046,3991.869384765625,19,SD
3064311500757100047,3139.08349609375,19,SD
3064311500757100049,5595.68212890625,19,SD
3064311500757100050,1963.5413818359375,19,SD
3064311500757100052,9796.2080078125,19,SD
3064311500757100054,5357.17041015625,19,SD
3064311500757100055,6084.404296875,19,SD
3064311500757100056,3711.052734375,19,SD
3064311500757100059,5483.7265625,19,SD
3064311500757100060,6026.6845703125,19,SD
3064311500757100062,8386.82421875,19,SD
3064311500757100063,6781.52587890625,19,SD
3064311500757100064,7220.27880859375,19,SD
3064311500757100065,5446.71484375,19,SD
3064311500757100066,2730.2314453125,19,SD
3064311500757100067,1097.3577880859375,19,SD
3064311500757100068,3893.4970703125,19,SD
3064311500757100069,2956.132568359375,19,SD
3064311500757100070,3851.400146484375,19,SD
3064311500757100071,8192.2314453125,19,SD
3064311500757100073,3497.08837890625,19,SD
3064311500757100074,9003.86328125,19,SD
3064311500757100076,4736.3134765625,19,SD
3064311500757100077,4155.755859375,19,SD
3064311500757100079,3791.722900390625,19,SD
3064311500757100080,14730.7255859375,19,SD
3064311500757100082,17075.955078125,19,SD
3064311500757100084,8086.8974609375,19,SD
3064311500757100085,4198.9951171875,19,SD
3064311500757100086,8021.763671875,19,SD
3064311500757100087,5057.349609375,19,SD
3064311500757100088,4463.951171875,19,SD
3064311500757100089,4708.72998046875,19,SD
3064311500757100090,11731.14453125,19,SD
3064311500757100092,5800.4873046875,19,SD
3064311500757100094,17487.32421875,19,SD
3064311500757100095,8052.5830078125,19,SD
3064311500757100096,6203.68798828125,19,SD
3064311500757100097,3684.076416015625,19,SD
3064311500757100098,5437.35302734375,19,SD
3064311500757100099,6397.7421875,19,SD
3064311500757100100,6615.322265625,19,SD
3064311500757100110,12966.962890625,19,SD
3064311500757100113,5778.3642578125,19,SD
3064311500757100114,696.407958984375,19,SD
3064311500757100115,4448.46435546875,19,SD
3064311500757100116,1047.905517578125,19,SD
3064311500757100117,8235.794921875,19,SD
3064311500757100120,895.9686279296875,19,SD
3064311500758100010,6764.20068359375,19,SD
3064311500758100016,6358.857421875,19,SD
3064311500758100020,11448.48046875,19,SD
3064311500758100021,5719.25537109375,19,SD
3064311500758100024,25038.951171875,19,SD
3064311500758100026,3957.400390625,19,SD
3064311500758100027,20470.48046875,19,SD
3064311500758100030,15465.4501953125,19,SD
3064311500758100037,6257.91015625,19,SD
3064311500758100038,25639.060546875,19,SD
3064311500758100039,6441.23046875,19,SD
3064311500758100040,13137.3701171875,19,SD
3064311500758100045,14827.548828125,19,SD
3064311500758100050,4785.1494140625,19,SD
3064311500758100053,5012.08642578125,19,SD
3064311500758100054,9744.1220703125,19,SD
3064311500758100059,20185.8515625,19,SD
3064311500758100063,3715.541259765625,19,SD
3064311500758100069,7241.2900390625,19,SD
3064311500758100076,7005.1171875,19,SD
3064311500758100083,6831.0673828125,19,SD
3064311500758100086,5343.71826171875,19,SD
3064311500758100087,5930.51416015625,19,SD
3064311500758100088,11873.3017578125,19,SD
3064311500758100093,7747.16064453125,19,SD
3064311500758100095,8540.2880859375,19,SD
3064311500758100097,11863.3369140625,19,SD
3064311500758100098,18159.65234375,19,SD
3064311500758100100,5990.61279296875,19,SD
3064311500758100106,9160.3583984375,19,SD
3064311500758100107,836.2267456054688,19,SD
3064311500758100108,5154.2998046875,19,SD
3064311500758100109,4105.65234375,19,SD
3064311500758100112,7034.60107421875,19,SD
3064311500758100113,10545.4150390625,19,SD
3064311500758100114,2837.862060546875,19,SD
3064311500758100116,4299.2177734375,19,SD
3064311500758100117,6035.345703125,19,SD
3064311500758100118,5639.02392578125,19,SD
3064311500758100119,8016.529296875,19,SD
3064311500758100121,5443.7490234375,19,SD
3064311500758100124,5274.1689453125,19,SD
3064311500758100125,8329.9287109375,19,SD
3064311500758100127,3354.841064453125,19,SD
3064311500758100128,8882.4443359375,19,SD
3064311500758100129,4076.493408203125,19,SD
3064311500758100131,4615.68505859375,19,SD
3064311500758100133,14083.0390625,19,SD
3064311500758100137,7120.2900390625,19,SD
3064311500758100139,7324.87548828125,19,SD
3064311500758100141,4319.9853515625,19,SD
3064311500758100143,5613.2724609375,19,SD
3064311500758100145,6272.8076171875,19,SD
3064311500763100011,6745.53515625,7,SD
3064311500763100012,7587.205078125,7,SD
3064311500763100015,4560.8642578125,7,SD
3064311500763100016,8137.56298828125,7,SD
3064311500763100018,8322.455078125,7,SD
3064311500763100021,7486.330078125,7,SD
3064311500763100022,13092.7431640625,7,SD
3064311500763100023,9128.6083984375,7,SD
3064311500763100026,17386.72265625,7,SD
3064311500763100027,6923.51171875,7,SD
3064311500763100029,11986.7646484375,7,SD
3064311500763100030,6776.43505859375,7,SD
3064311500763100032,10237.171875,7,SD
3064311500763100033,12972.7763671875,7,SD
3064311500763100034,6546.6494140625,7,SD
3064311500763100035,6704.81982421875,7,SD
3064311500763100036,9608.189453125,7,SD
3064311500763100037,6723.06689453125,7,SD
3064311500763100038,8061.1337890625,7,SD
3064311500763100040,9216.9384765625,7,SD
3064311500763100041,8027.81201171875,7,SD
3064311500763100042,9185.68359375,7,SD
3064311500763100043,8568.2001953125,7,SD
3064311500763100044,13921.7900390625,7,SD
3064311500763100045,11078.8505859375,7,SD
3064311500763100046,4645.013671875,7,SD
3064311500763100049,7525.70654296875,7,SD
3064311500763100050,4807.6123046875,7,SD
3064311500763100051,15061.568359375,7,SD
3064311500763100052,15148.8525390625,7,SD
3064311500763100053,10794.732421875,7,SD
3064311500763100054,12632.9130859375,7,SD
3064311500763100055,12672.24609375,7,SD
3064311500763100057,5021.451171875,7,SD
3064311500763100058,5433.59130859375,7,SD
3064311500763100059,10658.6904296875,7,SD
3064311500763100060,9602.322265625,7,SD
3064311500763100061,20149.658203125,7,SD
3064311500763100062,7403.5537109375,7,SD
3064311500763100063,4842.2001953125,7,SD
3064311500763100065,5138.99658203125,7,SD
3064311500763100066,7277.06640625,7,SD
3064311500763100067,18202.46875,7,SD
3064311500763100068,5199.38037109375,7,SD
3064311500763100069,1651.3668212890625,7,SD
3064311500763100072,12403.0673828125,7,SD
3064311500763100073,5020.3759765625,7,SD
3064311500763100074,16719.640625,7,SD
3064311500763100077,2885.517333984375,7,SD
3064311500763100078,3575.22412109375,7,SD
3064311500763100081,4591.267578125,7,SD
3064311500763100082,6375.43115234375,7,SD
3064311500763100083,1338.951904296875,7,SD
3064311500763100084,6874.60791015625,7,SD
3064311500763100086,9152.3310546875,7,SD
3064311500763100089,7459.5458984375,7,SD
3064311500764100015,17107.201171875,7,SD
3064311500764100019,7399.6171875,7,SD
3064311500764100028,8166.056640625,7,SD
3064311500764100029,3271.18212890625,7,SD
3064311500764100031,9147.1416015625,7,SD
3064311500764100033,12189.220703125,7,SD
3064311500764100036,7137.021484375,7,SD
3064311500764100037,8240.0537109375,7,SD
3064311500764100038,7719.79345703125,7,SD
3064311500764100039,2361.229248046875,7,SD
3064311500764100040,9306.5849609375,7,SD
3064311500764100042,9809.1650390625,7,SD
3064311500764100043,6779.36376953125,7,SD
3064311500764100044,14008.626953125,7,SD
3064311500764100045,4078.507568359375,7,SD
3064311500764100046,3327.41259765625,7,SD
3064311500764100047,4363.77001953125,7,SD
3064311500764100048,11300.1904296875,7,SD
3064311500764100049,8545.79296875,7,SD
3064311500764100050,7900.916015625,7,SD
3064311500764100051,15660.0361328125,7,SD
3064311500764100052,5580.2119140625,7,SD
3064311500764100053,13061.2490234375,7,SD
3064311500764100055,12938.923828125,7,SD
3064311500764100056,5348.52197265625,7,SD
3064311500764100057,6020.34912109375,7,SD
3064311500764100058,1399.85302734375,7,SD
3064311500764100059,13432.6826171875,7,SD
3064311500764100060,7092.97900390625,7,SD
3064311500764100061,5884.04541015625,7,SD
3064311500764100062,5174.36962890625,7,SD
3064311500764100063,5910.38134765625,7,SD
3064311500764100064,3187.490478515625,7,SD
3064311500764100065,6358.3525390625,7,SD
3064311500764100067,9888.6220703125,7,SD
3064311500764100068,1166.637939453125,7,SD
3064311500764100069,9056.298828125,7,SD
3064311500764100070,7064.7548828125,7,SD
3064311500764100072,7906.1787109375,7,SD
3064311500764100073,14666.5859375,7,SD
3064311500764100074,4976.396484375,7,SD
3064311500764100075,6961.30078125,7,SD
3064311500764100076,12513.12109375,7,SD
3064311500764100077,5091.279296875,7,SD
3064311500764100078,1975.84326171875,7,SD
3064311500764100079,22972.560546875,7,SD
3064311500764100080,6642.1025390625,7,SD
3064311500764100081,4910.0537109375,7,SD
3064311500764100083,6987.9521484375,7,SD
3064311500764100084,3686.19189453125,7,SD
3064311500764100085,9271.505859375,7,SD
3064311500764100086,15796.6826171875,7,SD
3064311500764100087,9459.29296875,7,SD
3064311500764100088,10668.9716796875,7,SD
3064311500764100089,8057.5830078125,7,SD
3064311500764100090,3656.608154296875,7,SD
3064311500764100091,5853.44775390625,7,SD
3064311500764100093,8700.97265625,7,SD
3064311500764100094,10154.724609375,7,SD
3064311500764100095,15143.56640625,7,SD
3064311500764100096,12300.3583984375,7,SD
3064311500764100098,7095.5078125,7,SD
3064311500764100099,7159.52099609375,7,SD
3064311500764100101,5973.46630859375,7,SD
3064311500764100102,11532.154296875,7,SD
3064311500764100104,18791.4609375,7,SD
3064311500764100105,9895.2705078125,7,SD
3064311500764100106,16881.005859375,7,SD
3064311500764100107,12244.3603515625,7,SD
3064311500764100108,3409.787841796875,7,SD
3064311500764100109,3036.311767578125,7,SD
3064311500764100112,12855.857421875,7,SD
3064311500764100113,3728.43798828125,7,SD
3064311500764100114,9076.3330078125,7,SD
3064311500764100115,4314.30859375,7,SD
3064311500764100116,11883.552734375,7,SD
3064311500764100117,8355.9677734375,7,SD
3064311500764100118,3600.648193359375,7,SD
3064311500764100119,9837.96875,7,SD
3064311500764100120,10862.4931640625,7,SD
3064311500764100121,12226.728515625,7,SD
3064311500764100122,24898.158203125,7,SD
3064311500764100123,8745.78515625,7,SD
3064311500764100124,4523.17333984375,7,SD
3064311500764100125,6155.28857421875,7,SD
3064311500764100126,3729.1962890625,7,SD
3064311500765100011,3074.3642578125,7,SD
3064311500765100014,8880.1748046875,7,SD
3064311500765100015,9089.201171875,7,SD
3064311500765100018,4179.20458984375,7,SD
3064311500767100016,2321.296630859375,11,SD
3064311500767100017,1855.6767578125,11,SD
3064311500767100019,4834.72265625,11,SD
3064311500767100026,5106.3916015625,11,SD
3064311500767100029,2713.312255859375,11,SD
3064311500767100034,10713.5078125,11,SD
3064311500767100038,6381.88671875,11,SD
3064311500767100039,11047.9365234375,11,SD
3064311500767100040,7574.41845703125,11,SD
3064311500767100041,3803.94189453125,11,SD
3064311500767100044,3829.644287109375,11,SD
3064311500767100045,14287.9892578125,11,SD
3064311500767100046,5406.43310546875,11,SD
3064311500767100048,5462.4169921875,11,SD
3064311500767100049,13898.140625,11,SD
3064311500767100050,9722.2900390625,11,SD
3064311500767100051,2704.8544921875,11,SD
3064311500767100052,5828.75439453125,11,SD
3064311500767100053,4567.212890625,11,SD
3064311500767100054,2878.698486328125,11,SD
3064311500767100055,4843.6953125,11,SD
3064311500767100056,2728.2373046875,11,SD
3064311500767100058,7032.05517578125,11,SD
3064311500767100059,3472.0927734375,11,SD
3064311500767100060,6158.0283203125,11,SD
3064311500767100061,5993.630859375,11,SD
3064311500767100062,3038.4873046875,11,SD
3064311500767100063,4361.9228515625,11,SD
3064311500767100064,2916.757080078125,11,SD
3064311500767100065,6527.8115234375,11,SD
3064311500767100066,6720.14111328125,11,SD
3064311500767100067,4806.1337890625,11,SD
3064311500767100070,1932.1810302734375,11,SD
3064311500767100071,4624.19189453125,11,SD
3064311500767100072,1207.081787109375,11,SD
3064311500767100073,10533.8544921875,11,SD
3064311500767100074,4244.6630859375,11,SD
3064311500767100075,4466.173828125,11,SD
3064311500767100076,5927.55029296875,11,SD
3064311500767100077,2494.07763671875,11,SD
3064311500767100078,4817.31298828125,11,SD
3064311500767100079,3714.738037109375,11,SD
3064311500767100080,9995.2744140625,11,SD
3064311500767100081,1988.4539794921875,11,SD
3064311500767100082,4248.72802734375,11,SD
3064311500767100085,3806.043212890625,11,SD
3064311500767100086,2814.478271484375,11,SD
3064311500767100087,2399.267822265625,11,SD
3064311500767100088,2525.695068359375,11,SD
3064311500767100089,5905.20166015625,11,SD
3064311500767100091,7734.3720703125,11,SD
3064311500767100092,5199.279296875,11,SD
3064311500767100093,12734.4365234375,11,SD
3064311500767100094,3853.3251953125,11,SD
3064311500767100095,4342.51318359375,11,SD
3064311500767100096,1733.7109375,11,SD
3064311500767100097,9228.08203125,11,SD
3064311500767100098,6921.453125,11,SD
3064311500767100099,5609.94677734375,11,SD
3064311500767100100,9324.1044921875,11,SD
3064311500767100101,4997.818359375,11,SD
3064311500767100102,2786.3056640625,11,SD
3064311500767100103,4842.55078125,11,SD
3064311500767100105,4602.583984375,11,SD
3064311500767100106,6526.17333984375,11,SD
3064311500767100107,4422.572265625,11,SD
3064311500767100108,5220.95654296875,11,SD
3064311500767100109,4130.958984375,11,SD
3064311500767100111,1089.9708251953125,11,SD
3064311500767100112,4053.68212890625,11,SD
3064311500767100116,6590.24462890625,11,SD
3064311500767100117,5770.16455078125,11,SD
3064311500767100118,5027.8330078125,11,SD
3064311500767100119,6001.54833984375,11,SD
3064311500767100120,6177.35400390625,11,SD
3064311500767100121,7318.04150390625,11,SD
3064311500767100123,5891.50146484375,11,SD
3064311500767100124,6350.9990234375,11,SD
3064311500767100125,3377.8740234375,11,SD
3064311500767100127,8082.7802734375,11,SD
3064311500768100007,11142.1845703125,11,SD
3064311500768100010,9916.12109375,11,SD
3064311500768100011,9552.220703125,11,SD
3064311500768100014,10377.291015625,11,SD
3064311500768100018,13932.5732421875,11,SD
3064311500768100020,4041.909912109375,11,SD
3064311500768100021,20772.1484375,11,SD
3064311500768100022,19617.9765625,11,SD
3064311500768100024,8513.2587890625,11,SD
3064311500768100027,14634.4208984375,11,SD
3064311500768100028,6530.65478515625,11,SD
3064311500768100029,14734.4453125,11,SD
3064311500768100030,11954.4677734375,11,SD
3064311500768100032,7213.47607421875,11,SD
3064311500768100033,11856.509765625,11,SD
3064311500768100034,9373.0146484375,11,SD
3064311500768100035,15670.310546875,11,SD
3064311500768100036,7640.7060546875,11,SD
3064311500768100037,8748.7216796875,11,SD
3064311500768100038,6351.53271484375,11,SD
3064311500768100039,6455.8173828125,11,SD
3064311500768100040,8681.638671875,11,SD
3064311500768100041,1845.77392578125,11,SD
3064311500768100042,6658.57861328125,11,SD
3064311500768100043,4731.173828125,11,SD
3064311500768100044,14281.8359375,11,SD
3064311500768100045,10684.7275390625,11,SD
3064311500768100047,6992.4912109375,11,SD
3064311500768100048,8787.4375,11,SD
3064311500768100049,15878.4833984375,11,SD
3064311500768100050,3732.730224609375,11,SD
3064311500768100051,9171.5126953125,11,SD
3064311500768100052,6330.31005859375,11,SD
3064311500768100053,13691.01953125,11,SD
3064311500768100054,6739.11279296875,11,SD
3064311500768100056,5039.71240234375,11,SD
3064311500768100057,5169.6513671875,11,SD
3064311500768100058,7501.4990234375,11,SD
3064311500768100059,12690.234375,11,SD
3064311500768100060,6329.9091796875,11,SD
3064311500768100063,8886.9453125,11,SD
3064311500768100064,7774.13916015625,11,SD
3064311500768100065,5432.38330078125,11,SD
3064311500768100066,4288.296875,11,SD
3064311500768100067,5929.75,11,SD
3064311500768100068,7520.92138671875,11,SD
3064311500768100069,899.1720581054688,11,SD
3064311500768100070,3727.776123046875,11,SD
3064311500768100071,9701.482421875,11,SD
3064311500768100072,7580.19384765625,11,SD
3064311500768100073,2955.57373046875,11,SD
3064311500768100074,12609.466796875,11,SD
3064311500768100075,9888.1123046875,11,SD
3064311500768100076,10424.4404296875,11,SD
3064311500768100078,7903.734375,11,SD
3064311500768100079,2324.703369140625,11,SD
3064311500768100082,4062.42724609375,11,SD
3064311500768100083,2102.578857421875,11,SD
3064311500768100084,3413.88671875,11,SD
3064311500768100085,2855.548828125,11,SD
3064311500768100086,10185.787109375,11,SD
3064311500768100088,9763.6962890625,11,SD
3064311500768100090,4254.0068359375,11,SD
3064311500768100091,11413.8896484375,11,SD
3064311500768100092,11824.7607421875,11,SD
3064311500768100093,5407.18798828125,11,SD
3064311500768100094,4680.8798828125,11,SD
3064311500768100095,3221.74560546875,11,SD
3064311500768100096,5358.46923828125,11,SD
3064311500768100097,5282.85498046875,11,SD
3064311500768100098,1743.7640380859375,11,SD
3064311500768100099,5509.90625,11,SD
3064311500768100100,4169.654296875,11,SD
3064311500768100101,9506.9658203125,11,SD
3064311500768100102,3683.69677734375,11,SD
3064311500768100103,10053.4140625,11,SD
3064311500768100104,6352.47900390625,11,SD
3064311500768100105,2749.779541015625,11,SD
3064311500768100106,4645.69970703125,11,SD
3064311500768100107,6058.08935546875,11,SD
3064311500768100108,6726.90966796875,11,SD
3064311500768100109,2968.62939453125,11,SD
3064311500768100111,1320.69189453125,11,SD
3064311500768100112,10985.7958984375,11,SD
3064311500768100113,7127.8662109375,11,SD
3064311500768100114,6520.35302734375,11,SD
3064311500768100115,5586.45458984375,11,SD
3064311500768100116,2595.93798828125,11,SD
3064311500768100118,6674.310546875,11,SD
3064311500768100119,7915.72900390625,11,SD
3064311500768100120,2922.118896484375,11,SD
3064311500768100121,8578.1767578125,11,SD
3064311500768100122,5098.9443359375,11,SD
3064311500768100123,4291.23828125,11,SD
3064311500768100124,8148.1865234375,11,SD
3064311500768100125,7067.43701171875,11,SD
3064311500768100126,5083.412109375,11,SD
3064311500768100128,6893.64208984375,11,SD
3064311500768100129,2686.55126953125,11,SD
3064311500768100130,5435.34814453125,11,SD
3064311500768100132,11202.306640625,11,SD
3064311500768100133,7577.06640625,11,SD
3064311500768100134,10498.4619140625,11,SD
3064311500768100135,2635.40869140625,11,SD
3064311500768100136,4009.005126953125,11,SD
3064311500768100137,5371.73779296875,11,SD
3064311500769100004,9969.0654296875,11,SD
3064311500769100005,5796.908203125,11,SD
3064311500769100012,8221.884765625,11,SD
3064311500769100013,14831.0703125,11,SD
3064311500769100016,23660.302734375,11,SD
3064311500769100019,15211.3740234375,11,SD
3064311500769100023,11114.248046875,11,SD
3064311500771100014,4495.828125,17,SD
3064311500771100016,1897.170654296875,17,SD
3064311500771100019,4075.089599609375,17,SD
3064311500771100022,5686.09423828125,17,SD
3064311500771100024,7158.4658203125,17,SD
3064311500771100028,1809.742919921875,17,SD
3064311500771100029,6413.7236328125,17,SD
3064311500771100030,5402.36181640625,17,SD
3064311500771100031,6487.2421875,17,SD
3064311500771100032,3389.49951171875,17,SD
3064311500771100034,2275.447509765625,17,SD
3064311500771100035,3846.81494140625,17,SD
3064311500771100038,4760.80078125,17,SD
3064311500771100039,4651.806640625,17,SD
3064311500771100040,2318.226318359375,17,SD
3064311500771100042,3616.78515625,17,SD
3064311500771100043,4750.64453125,17,SD
3064311500771100044,6162.28369140625,17,SD
3064311500771100045,4048.3056640625,17,SD
3064311500771100047,3207.968505859375,17,SD
3064311500771100049,7200.763671875,17,SD
3064311500771100050,2612.046142578125,17,SD
3064311500771100051,3962.47607421875,17,SD
3064311500771100052,3515.683837890625,17,SD
3064311500771100054,5262.22509765625,17,SD
3064311500771100056,3502.294677734375,17,SD
3064311500771100057,1313.9254150390625,17,SD
3064311500771100058,5618.2392578125,17,SD
3064311500771100060,3028.781982421875,17,SD
3064311500772100026,6248.01611328125,17,SD
3064311500772100028,4410.96875,17,SD
3064311500772100031,6463.6806640625,17,SD
3064311500772100032,3728.68896484375,17,SD
3064311500772100033,5873.76171875,17,SD
3064311500772100040,2689.396484375,17,SD
3064311500772100042,6623.1572265625,17,SD
3064311500772100044,3150.73876953125,17,SD
3064311500772100045,3658.816162109375,17,SD
3064311500772100047,3323.297119140625,17,SD
3064311500772100054,4256.439453125,17,SD
3064311500772100055,1857.1878662109375,17,SD
3064311500772100057,6653.42919921875,17,SD
3064311500772100059,3578.287109375,17,SD
3064311500772100060,4009.08740234375,17,SD
3064311500772100061,5078.3994140625,17,SD
3064311500772100062,7391.47509765625,17,SD
3064311500772100063,1201.3919677734375,17,SD
3064311500772100064,3841.4912109375,17,SD
3064311500772100067,3765.86572265625,17,SD
3064311500772100068,4017.48681640625,17,SD
3064311500772100069,3276.56640625,17,SD
3064311500772100070,4090.941650390625,17,SD
3064311500772100072,4510.576171875,17,SD
3064311500772100073,7390.6533203125,17,SD
3064311500772100074,3538.321044921875,17,SD
3064311500772100075,2225.11279296875,17,SD
3064311500772100077,3813.830078125,17,SD
3064311500772100078,3049.03125,17,SD
3064311500772100079,2858.78125,17,SD
3064311500772100080,6533.38916015625,17,SD
3064311500772100081,4735.9609375,17,SD
3064311500772100082,4038.655517578125,17,SD
3064311500772100083,4561.06103515625,17,SD
3064311500772100085,4768.671875,17,SD
3064311500772100086,4285.673828125,17,SD
3064311500772100087,2947.70361328125,17,SD
3064311500772100088,7041.572265625,17,SD
3064311500772100089,1740.296875,17,SD
3064311500772100090,7017.81591796875,17,SD
3064311500772100092,4766.97802734375,17,SD
3064311500772100093,3339.345458984375,17,SD
3064311500772100094,1101.320556640625,17,SD
3064311500772100095,5972.67822265625,17,SD
3064311500772100097,1497.152099609375,17,SD
3064311500772100098,5518.23193359375,17,SD
3064311500772100099,3575.4111328125,17,SD
3064311500772100100,2650.28515625,17,SD
3064311500772100101,5926.12939453125,17,SD
3064311500772100102,6946.5078125,17,SD
3064311500772100103,2645.052978515625,17,SD
3064311500772100107,4091.90185546875,17,SD
3064311500772100109,4625.9912109375,17,SD
3064311500772100110,6726.05908203125,17,SD
3064311500772100111,6757.732421875,17,SD
3064311500772100112,9116.892578125,17,SD
3064311500772100114,3376.439697265625,17,SD
3064311500772100117,3259.966796875,17,SD
3064311500772100121,2598.369384765625,17,SD
3064311500772100123,6092.47021484375,17,SD
3064311500772100129,5908.46337890625,17,SD
3064311500772100130,5766.89892578125,17,SD
3064311500775100011,3170.73974609375,18,SD
3064311500775100014,3167.0908203125,18,SD
3064311500775100015,5798.7265625,18,SD
3064311500775100019,6395.31884765625,18,SD
3064311500775100020,8093.71533203125,18,SD
3064311500775100021,14319.6328125,18,SD
3064311500775100022,5233.3671875,18,SD
3064311500775100028,14023.1416015625,18,SD
3064311500775100029,7372.49462890625,18,SD
3064311500775100034,3001.5478515625,18,SD
3064311500775100035,5768.8935546875,18,SD
3064311500775100041,6395.869140625,18,SD
3064311500775100046,6381.349609375,18,SD
3064311500775100052,4184.7412109375,18,SD
3064311500775100055,4748.7587890625,18,SD
3064311500775100056,4437.91259765625,18,SD
3064311500775100059,4187.14013671875,18,SD
3064311500776100028,8411.255859375,18,SD
3064311500776100029,13074.375,18,SD
3064311500776100032,3579.998046875,18,SD
3064311500776100034,16953.63671875,18,SD
3064311500776100037,8949.462890625,18,SD
3064311500776100039,862.5049438476562,18,SD
3064311500776100040,6031.91552734375,18,SD
3064311500776100041,14887.1181640625,18,SD
3064311500776100043,3416.6806640625,18,SD
3064311500776100044,5803.17431640625,18,SD
3064311500776100045,11733.7744140625,18,SD
3064311500776100046,7456.09130859375,18,SD
3064311500776100048,2124.351318359375,18,SD
3064311500776100050,3418.13330078125,18,SD
3064311500776100051,4735.58251953125,18,SD
3064311500776100053,6400.80517578125,18,SD
3064311500776100054,9564.47265625,18,SD
3064311500776100056,2693.166259765625,18,SD
3064311500776100058,4147.67138671875,18,SD
3064311500776100059,3248.8935546875,18,SD
3064311500776100062,5453.1806640625,18,SD
3064311500776100063,3866.974853515625,18,SD
3064311500776100064,6923.21044921875,18,SD
3064311500776100066,7736.30908203125,18,SD
3064311500776100067,5951.97509765625,18,SD
3064311500776100068,4862.8486328125,18,SD
3064311500776100069,9544.728515625,18,SD
3064311500776100070,4835.2734375,18,SD
3064311500776100071,3403.68310546875,18,SD
3064311500776100072,5781.28125,18,SD
3064311500776100073,10387.77734375,18,SD
3064311500776100074,4854.08447265625,18,SD
3064311500776100075,13761.759765625,18,SD
3064311500776100076,5792.25244140625,18,SD
3064311500776100078,2784.029296875,18,SD
3064311500776100079,6025.31982421875,18,SD
3064311500776100080,3609.824951171875,18,SD
3064311500776100081,8008.20166015625,18,SD
3064311500776100082,3691.6396484375,18,SD
3064311500776100084,4581.46826171875,18,SD
3064311500776100085,474.7765197753906,18,SD
3064311500776100086,4779.5498046875,18,SD
3064311500776100087,6175.03759765625,18,SD
3064311500776100091,3781.04541015625,18,SD
3064311500776100092,5046.51953125,18,SD
3064311500776100093,8135.236328125,18,SD
3064311500776100094,6755.2177734375,18,SD
3064311500776100095,8477.220703125,18,SD
3064311500776100097,5574.62451171875,18,SD
3064311500776100099,27128.515625,18,SD
3064311500776100100,9110.8193359375,18,SD
3064311500776100101,7038.58251953125,18,SD
3064311500776100102,5010.29443359375,18,SD
3064311500776100103,20988.62109375,18,SD
3064311500776100105,8215.29296875,18,SD
3064311500776100106,6516.26513671875,18,SD
3064311500776100107,10246.2080078125,18,SD
3064311500776100108,11656.0751953125,18,SD
3064311500776100109,9810.2236328125,18,SD
3064311500776100110,4865.12353515625,18,SD
3064311500776100112,7988.72607421875,18,SD
3064311500777100002,5602.52783203125,18,SD
3064311500777100011,8208.62890625,18,SD
3064311500777100014,10708.34375,18,SD
3064311500777100015,4467.02880859375,18,SD
3064311500777100016,5808.78515625,18,SD
3064311500777100017,5259.890625,18,SD
3064311500777100019,3950.160400390625,18,SD
3064311500777100020,3840.510986328125,18,SD
3064311500777100022,419.7113037109375,18,SD
3064311500777100023,1910.03466796875,18,SD
3064311500777100024,5308.0146484375,18,SD
3064311500777100025,4230.69384765625,18,SD
3064311500777100026,4303.4541015625,18,SD
3064311500777100028,11827.7783203125,18,SD
3064311500777100029,3431.353759765625,18,SD
3064311500777100030,13017.3330078125,18,SD
3064311500777100035,7907.42431640625,18,SD
3064311500777100038,8379.1025390625,18,SD
3064311500777100040,4798.43359375,18,SD
3064311500777100043,6877.6904296875,18,SD
3064311500777100047,5695.783203125,18,SD
3064311500779100004,2605.35498046875,19,SD
3064311500779100005,3627.097412109375,19,SD
3064311500779100011,8364.8935546875,19,SD
3064311500779100012,5400.78515625,19,SD
3064311500779100016,4761.0673828125,19,SD
3064311500779100019,2516.125,19,SD
3064311500779100024,4257.63916015625,19,SD
3064311500780100006,8236.7197265625,19,SD
3064311500780100014,7246.5908203125,19,SD
3064311500780100016,6294.44580078125,19,SD
3064311500780100017,4129.76611328125,19,SD
3064311500780100024,4233.67333984375,19,SD
3064311500780100027,7067.65380859375,19,SD
3064311500780100028,4127.80712890625,19,SD
3064311500780100029,3205.63427734375,19,SD
3064311500780100030,4414.1240234375,19,SD
3064311500780100031,3399.4306640625,19,SD
3064311500780100032,3263.8828125,19,SD
3064311500780100033,5793.32568359375,19,SD
3064311500781100011,3658.216796875,19,SD
3064311500781100014,5100.982421875,19,SD
3064311500781100017,1993.73681640625,19,SD
3064311500781100018,5317.1376953125,19,SD
3064311500781100019,1608.0615234375,19,SD
3064311500781100020,3933.501708984375,19,SD
3064311500781100021,6409.10888671875,19,SD
